param_clf__max_features,param_clf__min_samples_leaf,param_selector__C,param_selector__l1_ratio,param_selector__top_k,mean_test_score,std_test_score,rank_test_score,split0_test_score,split1_test_score,split2_test_score,split3_test_score,split4_test_score,mean_fit_time,mean_score_time
sqrt,1,0.001,0.1,5,0.5966666666666667,0.11175369742826807,490,0.5166666666666667,0.8,0.5333333333333333,0.6333333333333333,0.5,0.4870139122009277,0.02093033790588379
sqrt,1,0.001,0.1,10,0.6366666666666667,0.08844332774281069,245,0.6166666666666667,0.8,0.5333333333333333,0.6333333333333333,0.6,0.4904839038848877,0.02132444381713867
sqrt,1,0.001,0.1,20,0.6033333333333333,0.1596524001977073,457,0.8166666666666667,0.6166666666666667,0.45,0.7333333333333334,0.4,0.4978472709655762,0.021181726455688478
sqrt,1,0.001,0.1,50,0.5133333333333334,0.16103829772241554,780,0.25,0.5333333333333333,0.45,0.7333333333333334,0.6000000000000001,0.5020748138427734,0.021131229400634766
sqrt,1,0.001,0.3,5,0.5966666666666667,0.11175369742826807,490,0.5166666666666667,0.8,0.5333333333333333,0.6333333333333333,0.5,0.48747787475585935,0.02075848579406738
sqrt,1,0.001,0.3,10,0.6366666666666667,0.08844332774281069,245,0.6166666666666667,0.8,0.5333333333333333,0.6333333333333333,0.6,0.49255809783935545,0.021220874786376954
sqrt,1,0.001,0.3,20,0.6033333333333333,0.1596524001977073,457,0.8166666666666667,0.6166666666666667,0.45,0.7333333333333334,0.4,0.5029522895812988,0.02127237319946289
sqrt,1,0.001,0.3,50,0.5133333333333334,0.16103829772241554,780,0.25,0.5333333333333333,0.45,0.7333333333333334,0.6000000000000001,0.505088996887207,0.020958471298217773
sqrt,1,0.001,0.5,5,0.5966666666666667,0.11175369742826807,490,0.5166666666666667,0.8,0.5333333333333333,0.6333333333333333,0.5,0.4915909767150879,0.021046781539916994
sqrt,1,0.001,0.5,10,0.6366666666666667,0.08844332774281069,245,0.6166666666666667,0.8,0.5333333333333333,0.6333333333333333,0.6,0.4943978309631348,0.02106013298034668
sqrt,1,0.001,0.5,20,0.6033333333333333,0.1596524001977073,457,0.8166666666666667,0.6166666666666667,0.45,0.7333333333333334,0.4,0.4964782238006592,0.021128463745117187
sqrt,1,0.001,0.5,50,0.5133333333333334,0.16103829772241554,780,0.25,0.5333333333333333,0.45,0.7333333333333334,0.6000000000000001,0.5034850597381592,0.021051788330078126
sqrt,1,0.001,0.7,5,0.5966666666666667,0.11175369742826807,490,0.5166666666666667,0.8,0.5333333333333333,0.6333333333333333,0.5,0.4899448394775391,0.02100262641906738
sqrt,1,0.001,0.7,10,0.6366666666666667,0.08844332774281069,245,0.6166666666666667,0.8,0.5333333333333333,0.6333333333333333,0.6,0.4908123970031738,0.020924901962280272
sqrt,1,0.001,0.7,20,0.6033333333333333,0.1596524001977073,457,0.8166666666666667,0.6166666666666667,0.45,0.7333333333333334,0.4,0.49930520057678224,0.020998382568359376
sqrt,1,0.001,0.7,50,0.5133333333333334,0.16103829772241554,780,0.25,0.5333333333333333,0.45,0.7333333333333334,0.6000000000000001,0.5016896724700928,0.021108722686767577
sqrt,1,0.001,0.9,5,0.5966666666666667,0.11175369742826807,490,0.5166666666666667,0.8,0.5333333333333333,0.6333333333333333,0.5,0.48704729080200193,0.020931386947631837
sqrt,1,0.001,0.9,10,0.6366666666666667,0.08844332774281069,245,0.6166666666666667,0.8,0.5333333333333333,0.6333333333333333,0.6,0.49210500717163086,0.021030569076538087
sqrt,1,0.001,0.9,20,0.6033333333333333,0.1596524001977073,457,0.8166666666666667,0.6166666666666667,0.45,0.7333333333333334,0.4,0.49782557487487794,0.021286392211914064
sqrt,1,0.001,0.9,50,0.5133333333333334,0.16103829772241554,780,0.25,0.5333333333333333,0.45,0.7333333333333334,0.6000000000000001,0.5028615951538086,0.021016931533813475
sqrt,1,0.00359381,0.1,5,0.5966666666666667,0.11175369742826807,490,0.5166666666666667,0.8,0.5333333333333333,0.6333333333333333,0.5,0.48951163291931155,0.021076440811157227
sqrt,1,0.00359381,0.1,10,0.6366666666666667,0.08844332774281069,245,0.6166666666666667,0.8,0.5333333333333333,0.6333333333333333,0.6,0.49506363868713377,0.021061801910400392
sqrt,1,0.00359381,0.1,20,0.6033333333333333,0.1596524001977073,457,0.8166666666666667,0.6166666666666667,0.45,0.7333333333333334,0.4,0.4974856376647949,0.0210665225982666
sqrt,1,0.00359381,0.1,50,0.5133333333333334,0.16103829772241554,780,0.25,0.5333333333333333,0.45,0.7333333333333334,0.6000000000000001,0.5030146598815918,0.021137714385986328
sqrt,1,0.00359381,0.3,5,0.5966666666666667,0.11175369742826807,490,0.5166666666666667,0.8,0.5333333333333333,0.6333333333333333,0.5,0.489152717590332,0.021402883529663085
sqrt,1,0.00359381,0.3,10,0.6366666666666667,0.08844332774281069,245,0.6166666666666667,0.8,0.5333333333333333,0.6333333333333333,0.6,0.4919905185699463,0.0211275577545166
sqrt,1,0.00359381,0.3,20,0.6033333333333333,0.1596524001977073,457,0.8166666666666667,0.6166666666666667,0.45,0.7333333333333334,0.4,0.4965754508972168,0.02111053466796875
sqrt,1,0.00359381,0.3,50,0.5133333333333334,0.16103829772241554,780,0.25,0.5333333333333333,0.45,0.7333333333333334,0.6000000000000001,0.5026450634002686,0.021058368682861327
sqrt,1,0.00359381,0.5,5,0.5966666666666667,0.11175369742826807,490,0.5166666666666667,0.8,0.5333333333333333,0.6333333333333333,0.5,0.4912273406982422,0.02155280113220215
sqrt,1,0.00359381,0.5,10,0.6366666666666667,0.08844332774281069,245,0.6166666666666667,0.8,0.5333333333333333,0.6333333333333333,0.6,0.49084978103637694,0.020901584625244142
sqrt,1,0.00359381,0.5,20,0.6033333333333333,0.1596524001977073,457,0.8166666666666667,0.6166666666666667,0.45,0.7333333333333334,0.4,0.4958531379699707,0.021347427368164064
sqrt,1,0.00359381,0.5,50,0.5133333333333334,0.16103829772241554,780,0.25,0.5333333333333333,0.45,0.7333333333333334,0.6000000000000001,0.5033577919006348,0.021083307266235352
sqrt,1,0.00359381,0.7,5,0.5966666666666667,0.11175369742826807,490,0.5166666666666667,0.8,0.5333333333333333,0.6333333333333333,0.5,0.4860495090484619,0.020937204360961914
sqrt,1,0.00359381,0.7,10,0.6366666666666667,0.08844332774281069,245,0.6166666666666667,0.8,0.5333333333333333,0.6333333333333333,0.6,0.48958449363708495,0.021480560302734375
sqrt,1,0.00359381,0.7,20,0.6033333333333333,0.1596524001977073,457,0.8166666666666667,0.6166666666666667,0.45,0.7333333333333334,0.4,0.49606075286865237,0.02121434211730957
sqrt,1,0.00359381,0.7,50,0.5133333333333334,0.16103829772241554,780,0.25,0.5333333333333333,0.45,0.7333333333333334,0.6000000000000001,0.5020307064056396,0.021179389953613282
sqrt,1,0.00359381,0.9,5,0.5966666666666667,0.11175369742826807,490,0.5166666666666667,0.8,0.5333333333333333,0.6333333333333333,0.5,0.48645620346069335,0.020949935913085936
sqrt,1,0.00359381,0.9,10,0.6366666666666667,0.08844332774281069,245,0.6166666666666667,0.8,0.5333333333333333,0.6333333333333333,0.6,0.4895348072052002,0.021042728424072267
sqrt,1,0.00359381,0.9,20,0.6033333333333333,0.1596524001977073,457,0.8166666666666667,0.6166666666666667,0.45,0.7333333333333334,0.4,0.4954719543457031,0.021266984939575195
sqrt,1,0.00359381,0.9,50,0.5133333333333334,0.16103829772241554,780,0.25,0.5333333333333333,0.45,0.7333333333333334,0.6000000000000001,0.5017517566680908,0.021205806732177736
sqrt,1,0.0129155,0.1,5,0.5433333333333333,0.09752492558885195,755,0.4166666666666667,0.6333333333333333,0.6333333333333333,0.43333333333333335,0.6000000000000001,0.4989768981933594,0.021225357055664064
sqrt,1,0.0129155,0.1,10,0.62,0.12174654911833117,319,0.7333333333333334,0.6166666666666667,0.7333333333333334,0.6166666666666667,0.4,0.4994694709777832,0.02102651596069336
sqrt,1,0.0129155,0.1,20,0.6766666666666667,0.10883218478209672,132,0.6166666666666667,0.7166666666666667,0.8166666666666667,0.7333333333333334,0.5,0.5018116950988769,0.021082544326782228
sqrt,1,0.0129155,0.1,50,0.7,0.07226494462892934,66,0.6333333333333333,0.6166666666666667,0.8166666666666667,0.7333333333333334,0.7,0.511188554763794,0.02111787796020508
sqrt,1,0.0129155,0.3,5,0.5966666666666667,0.11175369742826807,490,0.5166666666666667,0.8,0.5333333333333333,0.6333333333333333,0.5,0.49097590446472167,0.021004104614257814
sqrt,1,0.0129155,0.3,10,0.6366666666666667,0.08844332774281069,245,0.6166666666666667,0.8,0.5333333333333333,0.6333333333333333,0.6,0.4896997928619385,0.021055984497070312
sqrt,1,0.0129155,0.3,20,0.6033333333333333,0.1596524001977073,457,0.8166666666666667,0.6166666666666667,0.45,0.7333333333333334,0.4,0.498718786239624,0.021290683746337892
sqrt,1,0.0129155,0.3,50,0.5133333333333334,0.16103829772241554,780,0.25,0.5333333333333333,0.45,0.7333333333333334,0.6000000000000001,0.5023843765258789,0.021247339248657227
sqrt,1,0.0129155,0.5,5,0.5966666666666667,0.11175369742826807,490,0.5166666666666667,0.8,0.5333333333333333,0.6333333333333333,0.5,0.487583589553833,0.0210665225982666
sqrt,1,0.0129155,0.5,10,0.6366666666666667,0.08844332774281069,245,0.6166666666666667,0.8,0.5333333333333333,0.6333333333333333,0.6,0.49075984954833984,0.021095418930053712
sqrt,1,0.0129155,0.5,20,0.6033333333333333,0.1596524001977073,457,0.8166666666666667,0.6166666666666667,0.45,0.7333333333333334,0.4,0.4978736400604248,0.021057844161987305
sqrt,1,0.0129155,0.5,50,0.5133333333333334,0.16103829772241554,780,0.25,0.5333333333333333,0.45,0.7333333333333334,0.6000000000000001,0.5027113914489746,0.021129369735717773
sqrt,1,0.0129155,0.7,5,0.5966666666666667,0.11175369742826807,490,0.5166666666666667,0.8,0.5333333333333333,0.6333333333333333,0.5,0.48659491539001465,0.021004772186279295
sqrt,1,0.0129155,0.7,10,0.6366666666666667,0.08844332774281069,245,0.6166666666666667,0.8,0.5333333333333333,0.6333333333333333,0.6,0.489714241027832,0.02109246253967285
sqrt,1,0.0129155,0.7,20,0.6033333333333333,0.1596524001977073,457,0.8166666666666667,0.6166666666666667,0.45,0.7333333333333334,0.4,0.4988563537597656,0.02122955322265625
sqrt,1,0.0129155,0.7,50,0.5133333333333334,0.16103829772241554,780,0.25,0.5333333333333333,0.45,0.7333333333333334,0.6000000000000001,0.50367751121521,0.021039867401123048
sqrt,1,0.0129155,0.9,5,0.5966666666666667,0.11175369742826807,490,0.5166666666666667,0.8,0.5333333333333333,0.6333333333333333,0.5,0.487530517578125,0.021364688873291016
sqrt,1,0.0129155,0.9,10,0.6366666666666667,0.08844332774281069,245,0.6166666666666667,0.8,0.5333333333333333,0.6333333333333333,0.6,0.4927394390106201,0.021095895767211915
sqrt,1,0.0129155,0.9,20,0.6033333333333333,0.1596524001977073,457,0.8166666666666667,0.6166666666666667,0.45,0.7333333333333334,0.4,0.4958599090576172,0.020981836318969726
sqrt,1,0.0129155,0.9,50,0.5133333333333334,0.16103829772241554,780,0.25,0.5333333333333333,0.45,0.7333333333333334,0.6000000000000001,0.5048264026641845,0.021091222763061523
sqrt,1,0.0464159,0.1,5,0.5900000000000001,0.0679869268479038,538,0.5333333333333333,0.7166666666666667,0.5666666666666667,0.5333333333333333,0.6000000000000001,0.5067446231842041,0.021130895614624022
sqrt,1,0.0464159,0.1,10,0.6466666666666667,0.11025223605694151,200,0.5333333333333333,0.8166666666666667,0.7333333333333334,0.55,0.6000000000000001,0.5094490051269531,0.021359920501708984
sqrt,1,0.0464159,0.1,20,0.6833333333333333,0.05577733510227174,103,0.6333333333333333,0.7166666666666667,0.7333333333333334,0.7333333333333334,0.6,0.5127554416656495,0.021077394485473633
sqrt,1,0.0464159,0.1,50,0.7033333333333334,0.03711842908553351,57,0.6333333333333333,0.7166666666666667,0.7333333333333334,0.7333333333333334,0.7,0.5207446098327637,0.02102179527282715
sqrt,1,0.0464159,0.3,5,0.5533333333333333,0.11125546178852423,690,0.5166666666666667,0.6166666666666667,0.5666666666666667,0.3666666666666667,0.7,0.5098167419433594,0.021013259887695312
sqrt,1,0.0464159,0.3,10,0.6233333333333334,0.13767917618708922,301,0.8166666666666667,0.6166666666666667,0.7333333333333334,0.45,0.5,0.5127700805664063,0.02094569206237793
sqrt,1,0.0464159,0.3,20,0.6766666666666666,0.08069145624606801,136,0.6333333333333333,0.6166666666666667,0.8166666666666667,0.7166666666666667,0.6000000000000001,0.5144534587860108,0.021088790893554688
sqrt,1,0.0464159,0.3,50,0.6599999999999999,0.10780641085864154,173,0.6333333333333333,0.6166666666666667,0.8166666666666667,0.7333333333333334,0.5,0.5240842819213867,0.021278190612792968
sqrt,1,0.0464159,0.5,5,0.6766666666666666,0.11813363431112897,136,0.5333333333333333,0.8,0.6166666666666667,0.8333333333333333,0.6000000000000001,0.5027327060699462,0.02110118865966797
sqrt,1,0.0464159,0.5,10,0.6533333333333333,0.07408703590297623,198,0.6333333333333333,0.8,0.6166666666666667,0.6166666666666667,0.6000000000000001,0.5106309413909912,0.02198929786682129
sqrt,1,0.0464159,0.5,20,0.68,0.05312459150169743,121,0.7333333333333334,0.6166666666666667,0.6166666666666667,0.7333333333333334,0.7,0.5093410015106201,0.021135902404785155
sqrt,1,0.0464159,0.5,50,0.63,0.06091888960832355,282,0.7166666666666667,0.5333333333333333,0.65,0.65,0.6000000000000001,0.5149060249328613,0.02111783027648926
sqrt,1,0.0464159,0.7,5,0.5966666666666667,0.11175369742826807,490,0.5166666666666667,0.8,0.5333333333333333,0.6333333333333333,0.5,0.4886799335479736,0.021387815475463867
sqrt,1,0.0464159,0.7,10,0.6366666666666667,0.08844332774281069,245,0.6166666666666667,0.8,0.5333333333333333,0.6333333333333333,0.6,0.49227418899536135,0.021009159088134766
sqrt,1,0.0464159,0.7,20,0.6033333333333333,0.1596524001977073,457,0.8166666666666667,0.6166666666666667,0.45,0.7333333333333334,0.4,0.4992311954498291,0.02139277458190918
sqrt,1,0.0464159,0.7,50,0.5133333333333334,0.16103829772241554,780,0.25,0.5333333333333333,0.45,0.7333333333333334,0.6000000000000001,0.5044535160064697,0.02118844985961914
sqrt,1,0.0464159,0.9,5,0.5966666666666667,0.11175369742826807,490,0.5166666666666667,0.8,0.5333333333333333,0.6333333333333333,0.5,0.4893789768218994,0.021410036087036132
sqrt,1,0.0464159,0.9,10,0.6366666666666667,0.08844332774281069,245,0.6166666666666667,0.8,0.5333333333333333,0.6333333333333333,0.6,0.4926637649536133,0.020934057235717774
sqrt,1,0.0464159,0.9,20,0.6033333333333333,0.1596524001977073,457,0.8166666666666667,0.6166666666666667,0.45,0.7333333333333334,0.4,0.498399543762207,0.021206760406494142
sqrt,1,0.0464159,0.9,50,0.5133333333333334,0.16103829772241554,780,0.25,0.5333333333333333,0.45,0.7333333333333334,0.6000000000000001,0.5051696300506592,0.021224069595336913
sqrt,1,0.16681,0.1,5,0.6066666666666667,0.12498888839501784,435,0.5333333333333333,0.7166666666666667,0.65,0.7333333333333334,0.4,0.5423734188079834,0.021010446548461913
sqrt,1,0.16681,0.1,10,0.5933333333333334,0.12762793146051096,523,0.6333333333333333,0.8166666666666667,0.5666666666666667,0.45,0.5,0.5390726566314697,0.021041393280029297
sqrt,1,0.16681,0.1,20,0.6599999999999999,0.12229290885229427,173,0.5333333333333333,0.7166666666666667,0.7333333333333334,0.8166666666666667,0.5,0.5414968013763428,0.021082496643066405
sqrt,1,0.16681,0.1,50,0.6833333333333333,0.042163702135578414,103,0.6333333333333333,0.7166666666666667,0.7333333333333334,0.6333333333333333,0.7,0.561537218093872,0.021013307571411132
sqrt,1,0.16681,0.3,5,0.6066666666666667,0.04027681991198191,435,0.5333333333333333,0.6166666666666667,0.65,0.6333333333333333,0.6000000000000001,0.5433927536010742,0.02129507064819336
sqrt,1,0.16681,0.3,10,0.68,0.1161416759345623,121,0.5333333333333333,0.8166666666666667,0.8166666666666667,0.6333333333333333,0.6000000000000001,0.5471397399902344,0.021351718902587892
sqrt,1,0.16681,0.3,20,0.6833333333333333,0.05577733510227174,103,0.6333333333333333,0.7166666666666667,0.7333333333333334,0.7333333333333334,0.6,0.5476534843444825,0.021167802810668945
sqrt,1,0.16681,0.3,50,0.6833333333333333,0.042163702135578414,103,0.6333333333333333,0.7166666666666667,0.7333333333333334,0.6333333333333333,0.7,0.553983736038208,0.02106499671936035
sqrt,1,0.16681,0.5,5,0.59,0.035901098714230036,550,0.5333333333333333,0.6166666666666667,0.5666666666666667,0.6333333333333333,0.6000000000000001,0.5484281063079834,0.021026802062988282
sqrt,1,0.16681,0.5,10,0.5866666666666667,0.12710450643291746,553,0.43333333333333335,0.7166666666666667,0.7333333333333334,0.45,0.6000000000000001,0.5506439685821534,0.021390342712402345
sqrt,1,0.16681,0.5,20,0.6866666666666668,0.03858612300930077,100,0.6333333333333333,0.7166666666666667,0.65,0.7333333333333334,0.7,0.5560440063476563,0.021062612533569336
sqrt,1,0.16681,0.5,50,0.6633333333333333,0.08192137151629673,150,0.5333333333333333,0.7166666666666667,0.7333333333333334,0.7333333333333334,0.6,0.5610376834869385,0.021184730529785156
sqrt,1,0.16681,0.7,5,0.6066666666666667,0.10780641085864154,435,0.5333333333333333,0.7166666666666667,0.7333333333333334,0.45,0.6000000000000001,0.5541005611419678,0.02114095687866211
sqrt,1,0.16681,0.7,10,0.6633333333333333,0.05206833117271103,150,0.6333333333333333,0.7166666666666667,0.7333333333333334,0.6333333333333333,0.6000000000000001,0.5562967300415039,0.02123236656188965
sqrt,1,0.16681,0.7,20,0.7166666666666666,0.14414498873626438,33,0.6333333333333333,0.7166666666666667,0.9166666666666667,0.8166666666666667,0.5,0.5587964057922363,0.02106137275695801
sqrt,1,0.16681,0.7,50,0.7,0.09660917830792957,66,0.5333333333333333,0.7,0.8333333333333333,0.7333333333333334,0.7,0.568474531173706,0.021149587631225587
sqrt,1,0.16681,0.9,5,0.6433333333333333,0.09043106644167026,212,0.5333333333333333,0.7166666666666667,0.7333333333333334,0.5333333333333333,0.7,0.547834825515747,0.021074962615966798
sqrt,1,0.16681,0.9,10,0.6233333333333333,0.11035296904831234,303,0.7333333333333334,0.6166666666666667,0.7333333333333334,0.43333333333333335,0.6000000000000001,0.5494972705841065,0.020961904525756837
sqrt,1,0.16681,0.9,20,0.6633333333333333,0.09741092797468302,150,0.8166666666666667,0.6166666666666667,0.7333333333333334,0.55,0.6000000000000001,0.5527868747711182,0.021051979064941405
sqrt,1,0.16681,0.9,50,0.6433333333333333,0.1041366623454221,212,0.7333333333333334,0.5333333333333333,0.7166666666666667,0.7333333333333334,0.5,0.5625483512878418,0.020990419387817382
sqrt,1,0.599484,0.1,5,0.5533333333333333,0.11125546178852423,690,0.5333333333333333,0.6333333333333333,0.48333333333333334,0.7166666666666667,0.4,0.6019451141357421,0.021148681640625
sqrt,1,0.599484,0.1,10,0.55,0.11352924243950932,722,0.5333333333333333,0.7166666666666667,0.3666666666666667,0.5333333333333333,0.6,0.6025733470916748,0.021054697036743165
sqrt,1,0.599484,0.1,20,0.6233333333333333,0.09404490653110592,303,0.5333333333333333,0.7166666666666667,0.7333333333333334,0.6333333333333333,0.5,0.6058680057525635,0.021100902557373048
sqrt,1,0.599484,0.1,50,0.7166666666666666,0.05868938953886337,33,0.7166666666666667,0.7166666666666667,0.8166666666666667,0.6333333333333333,0.7,0.6118608951568604,0.021035480499267577
sqrt,1,0.599484,0.3,5,0.6,0.0674948557710553,484,0.5333333333333333,0.7166666666666667,0.5333333333333333,0.6166666666666667,0.6000000000000001,0.6259912967681884,0.02093682289123535
sqrt,1,0.599484,0.3,10,0.6466666666666667,0.11125546178852425,200,0.6333333333333333,0.7166666666666667,0.5666666666666667,0.8166666666666667,0.5,0.6275249481201172,0.021260690689086915
sqrt,1,0.599484,0.3,20,0.5833333333333333,0.08027729719194864,569,0.5333333333333333,0.7166666666666667,0.6333333333333333,0.5333333333333333,0.5,0.6297850131988525,0.021347427368164064
sqrt,1,0.599484,0.3,50,0.6633333333333333,0.04521553322083513,150,0.6333333333333333,0.6166666666666667,0.7333333333333334,0.6333333333333333,0.7,0.6347854137420654,0.020968103408813478
sqrt,1,0.599484,0.5,5,0.6033333333333333,0.06863753427324668,457,0.5333333333333333,0.7166666666666667,0.5333333333333333,0.6333333333333333,0.6000000000000001,0.643931531906128,0.021191930770874022
sqrt,1,0.599484,0.5,10,0.6866666666666668,0.13556466271775172,100,0.6333333333333333,0.7166666666666667,0.6666666666666666,0.9166666666666667,0.5,0.6452995777130127,0.021326065063476562
sqrt,1,0.599484,0.5,20,0.7033333333333334,0.07774602526460403,57,0.6333333333333333,0.8166666666666667,0.7333333333333334,0.7333333333333334,0.6,0.6473917484283447,0.02121114730834961
sqrt,1,0.599484,0.5,50,0.7,0.0674948557710553,66,0.6333333333333333,0.7166666666666667,0.8166666666666667,0.6333333333333333,0.7,0.6552022933959961,0.020987272262573242
sqrt,1,0.599484,0.7,5,0.6766666666666666,0.0992191737742481,136,0.5333333333333333,0.7166666666666667,0.8166666666666667,0.7166666666666667,0.6000000000000001,0.6636353492736816,0.02104501724243164
sqrt,1,0.599484,0.7,10,0.5866666666666667,0.0784573486395988,553,0.5333333333333333,0.7166666666666667,0.6333333333333333,0.55,0.5,0.667301082611084,0.021040010452270507
sqrt,1,0.599484,0.7,20,0.6433333333333333,0.08273115763993906,212,0.6333333333333333,0.7166666666666667,0.7333333333333334,0.6333333333333333,0.5,0.6697492599487305,0.021152210235595704
sqrt,1,0.599484,0.7,50,0.7033333333333334,0.0733333333333333,57,0.6333333333333333,0.7166666666666667,0.8333333333333333,0.6333333333333333,0.7,0.6762094974517823,0.020814228057861327
sqrt,1,0.599484,0.9,5,0.6766666666666666,0.0992191737742481,136,0.5333333333333333,0.7166666666666667,0.8166666666666667,0.7166666666666667,0.6000000000000001,0.728568696975708,0.02101306915283203
sqrt,1,0.599484,0.9,10,0.6266666666666667,0.12498888839501784,288,0.7333333333333334,0.7166666666666667,0.7333333333333334,0.45,0.5,0.7269334316253662,0.0210693359375
sqrt,1,0.599484,0.9,20,0.6466666666666667,0.0865383665716478,200,0.6333333333333333,0.7166666666666667,0.75,0.6333333333333333,0.5,0.728250789642334,0.021238279342651368
sqrt,1,0.599484,0.9,50,0.6833333333333333,0.0557773351022717,103,0.6333333333333333,0.7166666666666667,0.7333333333333334,0.7333333333333334,0.6000000000000001,0.7358636379241943,0.021172618865966795
sqrt,1,2.15443,0.1,5,0.5533333333333333,0.09153020145163988,690,0.5333333333333333,0.6166666666666667,0.3833333333333333,0.6333333333333333,0.6,0.7052672386169434,0.021295785903930664
sqrt,1,2.15443,0.1,10,0.7166666666666666,0.1299572579307862,33,0.5333333333333333,0.6333333333333333,0.9,0.8166666666666667,0.7,0.71156005859375,0.022256851196289062
sqrt,1,2.15443,0.1,20,0.7,0.08881941729649488,66,0.5333333333333333,0.7166666666666667,0.7333333333333334,0.7166666666666667,0.8,0.7154904842376709,0.021215152740478516
sqrt,1,2.15443,0.1,50,0.7333333333333334,0.07149203529842404,11,0.6166666666666667,0.7166666666666667,0.8166666666666667,0.7166666666666667,0.8,0.7190835475921631,0.021246004104614257
sqrt,1,2.15443,0.3,5,0.5533333333333333,0.20094222497468717,690,0.5333333333333333,0.9166666666666667,0.48333333333333334,0.5333333333333333,0.30000000000000004,0.781733512878418,0.021398305892944336
sqrt,1,2.15443,0.3,10,0.7400000000000001,0.11671427600007732,6,0.6333333333333333,0.8166666666666667,0.7333333333333334,0.9166666666666667,0.6000000000000001,0.7833367824554444,0.02118511199951172
sqrt,1,2.15443,0.3,20,0.6033333333333333,0.07845734863959881,457,0.6166666666666667,0.7166666666666667,0.65,0.5333333333333333,0.5,0.7847156047821044,0.021265125274658202
sqrt,1,2.15443,0.3,50,0.7,0.03496029493900508,66,0.7166666666666667,0.7166666666666667,0.7333333333333334,0.6333333333333333,0.7,0.791932487487793,0.021244335174560546
sqrt,1,2.15443,0.5,5,0.62,0.12445436468396313,319,0.5333333333333333,0.8166666666666667,0.5333333333333333,0.7166666666666667,0.5,0.8389128684997559,0.02098536491394043
sqrt,1,2.15443,0.5,10,0.6633333333333333,0.05206833117271103,150,0.6333333333333333,0.7166666666666667,0.6333333333333333,0.7333333333333334,0.6000000000000001,0.8401517868041992,0.020962285995483398
sqrt,1,2.15443,0.5,20,0.6233333333333333,0.069602043392737,303,0.6333333333333333,0.7166666666666667,0.6333333333333333,0.6333333333333333,0.5,0.8410603523254394,0.021336698532104494
sqrt,1,2.15443,0.5,50,0.7200000000000001,0.05906681715556451,21,0.6333333333333333,0.7166666666666667,0.8166666666666667,0.7333333333333334,0.7,0.8489255428314209,0.021138954162597656
sqrt,1,2.15443,0.7,5,0.6433333333333333,0.14204850501775015,212,0.5333333333333333,0.9166666666666667,0.5333333333333333,0.6333333333333333,0.6000000000000001,0.8662490844726562,0.021190071105957033
sqrt,1,2.15443,0.7,10,0.6633333333333333,0.05206833117271103,150,0.6333333333333333,0.7166666666666667,0.6333333333333333,0.7333333333333334,0.6000000000000001,0.8667770385742187,0.021341228485107423
sqrt,1,2.15443,0.7,20,0.6033333333333333,0.077746025264604,457,0.6333333333333333,0.7166666666666667,0.6333333333333333,0.5333333333333333,0.5,0.8693140029907227,0.021208667755126955
sqrt,1,2.15443,0.7,50,0.7033333333333334,0.03711842908553351,57,0.6333333333333333,0.7166666666666667,0.7333333333333334,0.7333333333333334,0.7,0.8837850570678711,0.021134567260742188
sqrt,1,2.15443,0.9,5,0.64,0.1108552609887726,234,0.5333333333333333,0.8166666666666667,0.5333333333333333,0.7166666666666667,0.6000000000000001,0.9042984962463378,0.021225595474243165
sqrt,1,2.15443,0.9,10,0.6833333333333333,0.0557773351022717,103,0.6333333333333333,0.7166666666666667,0.7333333333333334,0.7333333333333334,0.6000000000000001,0.906438159942627,0.02119302749633789
sqrt,1,2.15443,0.9,20,0.6233333333333333,0.05925462944877058,303,0.6333333333333333,0.7166666666666667,0.6333333333333333,0.5333333333333333,0.6000000000000001,0.9067205429077149,0.021056652069091797
sqrt,1,2.15443,0.9,50,0.6599999999999999,0.09809292646374773,173,0.5333333333333333,0.7166666666666667,0.8166666666666667,0.6333333333333333,0.6000000000000001,0.9144656181335449,0.02121272087097168
sqrt,1,7.74264,0.1,5,0.61,0.11813363431112897,362,0.5333333333333333,0.6166666666666667,0.5666666666666667,0.8333333333333333,0.5,0.7937042236328125,0.021219444274902344
sqrt,1,7.74264,0.1,10,0.5466666666666666,0.0784573486395988,748,0.5333333333333333,0.43333333333333335,0.65,0.6166666666666667,0.5,0.7969305515289307,0.021158456802368164
sqrt,1,7.74264,0.1,20,0.6033333333333333,0.10402991022884824,457,0.5333333333333333,0.7166666666666667,0.45,0.7166666666666667,0.6,0.7978380203247071,0.021123361587524415
sqrt,1,7.74264,0.1,50,0.7133333333333333,0.0635959467611297,41,0.7166666666666667,0.7166666666666667,0.8166666666666667,0.6166666666666667,0.7,0.810421371459961,0.022484874725341795
sqrt,1,7.74264,0.3,5,0.5700000000000001,0.13759844960366863,623,0.5333333333333333,0.8,0.48333333333333334,0.6333333333333333,0.4,0.905066967010498,0.021138858795166016
sqrt,1,7.74264,0.3,10,0.6366666666666666,0.16241236953439775,278,0.5333333333333333,0.8166666666666667,0.6166666666666667,0.8166666666666667,0.4,0.9071193695068359,0.021111583709716795
sqrt,1,7.74264,0.3,20,0.7,0.09249624617007739,66,0.5333333333333333,0.7166666666666667,0.7333333333333334,0.8166666666666667,0.7,0.910346794128418,0.021144580841064454
sqrt,1,7.74264,0.3,50,0.7333333333333334,0.04216370213557839,11,0.7166666666666667,0.7166666666666667,0.8166666666666667,0.7166666666666667,0.7,0.9194209098815918,0.021143150329589844
sqrt,1,7.74264,0.5,5,0.6133333333333334,0.10509255180289631,343,0.5333333333333333,0.8166666666666667,0.5833333333333334,0.5333333333333333,0.6000000000000001,1.0284230709075928,0.020980262756347658
sqrt,1,7.74264,0.5,10,0.66,0.16619934483090545,168,0.5333333333333333,0.8166666666666667,0.7333333333333334,0.8166666666666667,0.4,1.0318711757659913,0.021250486373901367
sqrt,1,7.74264,0.5,20,0.6066666666666667,0.07571877794400365,435,0.6166666666666667,0.7166666666666667,0.65,0.55,0.5,1.029167652130127,0.021083641052246093
sqrt,1,7.74264,0.5,50,0.6833333333333333,0.0557773351022717,103,0.6333333333333333,0.7166666666666667,0.7333333333333334,0.7333333333333334,0.6000000000000001,1.0386599540710448,0.021141481399536134
sqrt,1,7.74264,0.7,5,0.6033333333333333,0.10974718422102886,457,0.5333333333333333,0.8166666666666667,0.5333333333333333,0.5333333333333333,0.6000000000000001,1.0623332977294921,0.021204519271850585
sqrt,1,7.74264,0.7,10,0.72,0.09030811456096043,22,0.6333333333333333,0.8166666666666667,0.7333333333333334,0.8166666666666667,0.6000000000000001,1.0624202728271483,0.021219205856323243
sqrt,1,7.74264,0.7,20,0.6199999999999999,0.11025223605694151,326,0.6166666666666667,0.8166666666666667,0.6333333333333333,0.5333333333333333,0.5,1.0653212070465088,0.021132564544677733
sqrt,1,7.74264,0.7,50,0.7033333333333334,0.03711842908553351,57,0.6333333333333333,0.7166666666666667,0.7333333333333334,0.7333333333333334,0.7,1.0707933902740479,0.021139860153198242
sqrt,1,7.74264,0.9,5,0.6,0.0674948557710553,484,0.5333333333333333,0.6166666666666667,0.5333333333333333,0.7166666666666667,0.6000000000000001,1.1878310680389403,0.021163368225097658
sqrt,1,7.74264,0.9,10,0.6833333333333333,0.08027729719194864,103,0.6333333333333333,0.8166666666666667,0.7333333333333334,0.6333333333333333,0.6000000000000001,1.1964713096618653,0.02119765281677246
sqrt,1,7.74264,0.9,20,0.6033333333333333,0.11566234381931648,457,0.5333333333333333,0.8166666666666667,0.6333333333333333,0.5333333333333333,0.5,1.1911539077758788,0.021024227142333984
sqrt,1,7.74264,0.9,50,0.6966666666666667,0.04136557881996952,81,0.7166666666666667,0.6166666666666667,0.7166666666666667,0.7333333333333334,0.7,1.1994061946868897,0.02108306884765625
sqrt,1,27.8256,0.1,5,0.5633333333333332,0.08055363982396382,653,0.5333333333333333,0.5,0.5666666666666667,0.7166666666666667,0.5,0.8060989856719971,0.021181488037109376
sqrt,1,27.8256,0.1,10,0.6266666666666667,0.11382247385975916,288,0.5333333333333333,0.45,0.7333333333333334,0.7166666666666667,0.7,0.8085791587829589,0.021140050888061524
sqrt,1,27.8256,0.1,20,0.6433333333333333,0.08339997335464534,212,0.5333333333333333,0.7166666666666667,0.55,0.7166666666666667,0.7,0.8073168277740479,0.021221637725830078
sqrt,1,27.8256,0.1,50,0.6933333333333335,0.0785988408170106,92,0.6166666666666667,0.7166666666666667,0.8166666666666667,0.7166666666666667,0.6000000000000001,0.81835036277771,0.020911645889282227
sqrt,1,27.8256,0.3,5,0.61,0.11813363431112897,362,0.5333333333333333,0.6166666666666667,0.5666666666666667,0.8333333333333333,0.5,0.9339460849761962,0.021169233322143554
sqrt,1,27.8256,0.3,10,0.5633333333333334,0.10022197585581938,648,0.5333333333333333,0.43333333333333335,0.6333333333333333,0.7166666666666667,0.5,0.9379441261291503,0.021140432357788085
sqrt,1,27.8256,0.3,20,0.6033333333333334,0.06446359868604572,454,0.5333333333333333,0.7166666666666667,0.55,0.6166666666666667,0.6,0.9407786846160888,0.02198004722595215
sqrt,1,27.8256,0.3,50,0.7133333333333335,0.0635959467611297,39,0.6166666666666667,0.7166666666666667,0.8166666666666667,0.7166666666666667,0.7,0.9448891639709472,0.021698474884033203
sqrt,1,27.8256,0.5,5,0.57,0.049888765156985884,636,0.5333333333333333,0.6166666666666667,0.5666666666666667,0.6333333333333333,0.5,1.0480896472930907,0.021062326431274415
sqrt,1,27.8256,0.5,10,0.7166666666666667,0.1394433377556793,30,0.5333333333333333,0.7166666666666667,0.8166666666666667,0.9166666666666667,0.6,1.0511640071868897,0.020962953567504883
sqrt,1,27.8256,0.5,20,0.6966666666666667,0.07102425250887505,81,0.6166666666666667,0.7166666666666667,0.6333333333333333,0.8166666666666667,0.7,1.0501262664794921,0.021072864532470703
sqrt,1,27.8256,0.5,50,0.7333333333333334,0.07149203529842404,11,0.6166666666666667,0.7166666666666667,0.8166666666666667,0.7166666666666667,0.8,1.0544882774353028,0.02105107307434082
sqrt,1,27.8256,0.7,5,0.5700000000000001,0.13759844960366863,623,0.5333333333333333,0.8,0.48333333333333334,0.6333333333333333,0.4,1.0784120559692383,0.02113475799560547
sqrt,1,27.8256,0.7,10,0.6566666666666667,0.18755739862180268,194,0.5333333333333333,0.8166666666666667,0.6166666666666667,0.9166666666666667,0.4,1.0889171600341796,0.021187877655029295
sqrt,1,27.8256,0.7,20,0.6966666666666667,0.09153020145163987,81,0.5333333333333333,0.7166666666666667,0.7166666666666667,0.8166666666666667,0.7,1.0842984199523926,0.02104153633117676
sqrt,1,27.8256,0.7,50,0.75,0.04830458915396481,4,0.8,0.7166666666666667,0.8166666666666667,0.7166666666666667,0.7,1.0894052982330322,0.021021413803100585
sqrt,1,27.8256,0.9,5,0.5366666666666666,0.10974718422102886,762,0.5333333333333333,0.7333333333333334,0.48333333333333334,0.5333333333333333,0.4,1.176274013519287,0.02123870849609375
sqrt,1,27.8256,0.9,10,0.62,0.14429907214608909,319,0.5333333333333333,0.8166666666666667,0.6333333333333333,0.7166666666666667,0.4,1.1694530487060546,0.021040821075439455
sqrt,1,27.8256,0.9,20,0.6466666666666667,0.06446359868604572,200,0.5333333333333333,0.7166666666666667,0.65,0.6333333333333333,0.7,1.1737542629241944,0.021210241317749023
sqrt,1,27.8256,0.9,50,0.7533333333333333,0.046427960923947076,1,0.8,0.7166666666666667,0.8166666666666667,0.7333333333333334,0.7,1.1782422065734863,0.021053028106689454
sqrt,1,100.0,0.1,5,0.5633333333333332,0.08055363982396382,653,0.5333333333333333,0.5,0.5666666666666667,0.7166666666666667,0.5,0.8645969867706299,0.021191501617431642
sqrt,1,100.0,0.1,10,0.6066666666666667,0.10143416036468625,435,0.5333333333333333,0.45,0.6333333333333333,0.7166666666666667,0.7,0.8614286422729492,0.021113061904907228
sqrt,1,100.0,0.1,20,0.64,0.06548960901462833,234,0.5333333333333333,0.7166666666666667,0.6333333333333333,0.6166666666666667,0.7,0.8678122520446777,0.02101130485534668
sqrt,1,100.0,0.1,50,0.7133333333333335,0.0635959467611297,39,0.6166666666666667,0.7166666666666667,0.8166666666666667,0.7166666666666667,0.7,0.8677546501159668,0.021041297912597658
sqrt,1,100.0,0.3,5,0.5633333333333332,0.08055363982396382,653,0.5333333333333333,0.5,0.5666666666666667,0.7166666666666667,0.5,0.8768473625183105,0.021105384826660155
sqrt,1,100.0,0.3,10,0.6266666666666667,0.11382247385975916,288,0.5333333333333333,0.45,0.7333333333333334,0.7166666666666667,0.7,0.8741523742675781,0.02154860496520996
sqrt,1,100.0,0.3,20,0.6433333333333333,0.08339997335464534,212,0.5333333333333333,0.7166666666666667,0.55,0.7166666666666667,0.7,0.8742151737213135,0.02103910446166992
sqrt,1,100.0,0.3,50,0.75,0.04830458915396481,4,0.8,0.7166666666666667,0.8166666666666667,0.7166666666666667,0.7,0.8834182739257812,0.021245241165161133
sqrt,1,100.0,0.5,5,0.5633333333333332,0.08055363982396382,653,0.5333333333333333,0.5,0.5666666666666667,0.7166666666666667,0.5,0.8984907627105713,0.021105194091796876
sqrt,1,100.0,0.5,10,0.6233333333333333,0.1302134998974974,303,0.5333333333333333,0.45,0.8166666666666667,0.7166666666666667,0.6,0.8996198177337646,0.02110738754272461
sqrt,1,100.0,0.5,20,0.6433333333333333,0.08339997335464534,212,0.5333333333333333,0.7166666666666667,0.55,0.7166666666666667,0.7,0.9017728805541992,0.021242427825927734
sqrt,1,100.0,0.5,50,0.7533333333333333,0.04521553322083512,1,0.7166666666666667,0.7166666666666667,0.8166666666666667,0.7166666666666667,0.8,0.9087386131286621,0.021270084381103515
sqrt,1,100.0,0.7,5,0.63,0.12578641509408803,282,0.5333333333333333,0.7166666666666667,0.5666666666666667,0.8333333333333333,0.5,0.9460215091705322,0.021266889572143555
sqrt,1,100.0,0.7,10,0.5833333333333333,0.1649915822768611,569,0.5333333333333333,0.35,0.8166666666666667,0.7166666666666667,0.5,0.9483860969543457,0.02113685607910156
sqrt,1,100.0,0.7,20,0.6433333333333333,0.08339997335464534,212,0.5333333333333333,0.7166666666666667,0.55,0.7166666666666667,0.7,0.9493589401245117,0.02112603187561035
sqrt,1,100.0,0.7,50,0.7333333333333334,0.07149203529842404,11,0.6166666666666667,0.7166666666666667,0.8166666666666667,0.7166666666666667,0.8,0.9544563293457031,0.02123126983642578
sqrt,1,100.0,0.9,5,0.6266666666666667,0.12364824660660936,288,0.5333333333333333,0.7,0.5666666666666667,0.8333333333333333,0.5,1.0025506019592285,0.02128777503967285
sqrt,1,100.0,0.9,10,0.5866666666666667,0.13474255287605158,553,0.5333333333333333,0.43333333333333335,0.65,0.8166666666666667,0.5,1.0069080352783204,0.0214447021484375
sqrt,1,100.0,0.9,20,0.6233333333333333,0.06463573143221775,303,0.5333333333333333,0.6166666666666667,0.6333333333333333,0.7333333333333334,0.6,1.0033996105194092,0.021194648742675782
sqrt,1,100.0,0.9,50,0.7,0.03496029493900508,66,0.7166666666666667,0.7166666666666667,0.7333333333333334,0.6333333333333333,0.7,1.0085660934448242,0.02131805419921875
sqrt,5,0.001,0.1,5,0.61,0.10088497300281037,362,0.6,0.7,0.43333333333333335,0.7166666666666667,0.6000000000000001,0.4755969524383545,0.021016788482666016
sqrt,5,0.001,0.1,10,0.61,0.10088497300281037,362,0.6,0.7,0.43333333333333335,0.7166666666666667,0.6000000000000001,0.4757413387298584,0.020766544342041015
sqrt,5,0.001,0.1,20,0.6166666666666666,0.13038404810405296,327,0.6,0.5166666666666667,0.45,0.8166666666666667,0.7,0.4787424087524414,0.021076488494873046
sqrt,5,0.001,0.1,50,0.5566666666666666,0.22350739485653612,662,0.16666666666666666,0.5333333333333333,0.55,0.8333333333333333,0.7,0.48407230377197263,0.020902204513549804
sqrt,5,0.001,0.3,5,0.61,0.10088497300281037,362,0.6,0.7,0.43333333333333335,0.7166666666666667,0.6000000000000001,0.4748748779296875,0.020914506912231446
sqrt,5,0.001,0.3,10,0.61,0.10088497300281037,362,0.6,0.7,0.43333333333333335,0.7166666666666667,0.6000000000000001,0.4796837329864502,0.020906972885131835
sqrt,5,0.001,0.3,20,0.6166666666666666,0.13038404810405296,327,0.6,0.5166666666666667,0.45,0.8166666666666667,0.7,0.4810009002685547,0.021021699905395506
sqrt,5,0.001,0.3,50,0.5566666666666666,0.22350739485653612,662,0.16666666666666666,0.5333333333333333,0.55,0.8333333333333333,0.7,0.4907238483428955,0.02072734832763672
sqrt,5,0.001,0.5,5,0.61,0.10088497300281037,362,0.6,0.7,0.43333333333333335,0.7166666666666667,0.6000000000000001,0.4764824867248535,0.020801496505737305
sqrt,5,0.001,0.5,10,0.61,0.10088497300281037,362,0.6,0.7,0.43333333333333335,0.7166666666666667,0.6000000000000001,0.4752973556518555,0.020968294143676756
sqrt,5,0.001,0.5,20,0.6166666666666666,0.13038404810405296,327,0.6,0.5166666666666667,0.45,0.8166666666666667,0.7,0.4802117824554443,0.02179436683654785
sqrt,5,0.001,0.5,50,0.5566666666666666,0.22350739485653612,662,0.16666666666666666,0.5333333333333333,0.55,0.8333333333333333,0.7,0.4865522861480713,0.020978689193725586
sqrt,5,0.001,0.7,5,0.61,0.10088497300281037,362,0.6,0.7,0.43333333333333335,0.7166666666666667,0.6000000000000001,0.48388519287109377,0.0220461368560791
sqrt,5,0.001,0.7,10,0.61,0.10088497300281037,362,0.6,0.7,0.43333333333333335,0.7166666666666667,0.6000000000000001,0.473934268951416,0.021042680740356444
sqrt,5,0.001,0.7,20,0.6166666666666666,0.13038404810405296,327,0.6,0.5166666666666667,0.45,0.8166666666666667,0.7,0.47925553321838377,0.02100033760070801
sqrt,5,0.001,0.7,50,0.5566666666666666,0.22350739485653612,662,0.16666666666666666,0.5333333333333333,0.55,0.8333333333333333,0.7,0.4853774070739746,0.02105374336242676
sqrt,5,0.001,0.9,5,0.61,0.10088497300281037,362,0.6,0.7,0.43333333333333335,0.7166666666666667,0.6000000000000001,0.47351808547973634,0.021053791046142578
sqrt,5,0.001,0.9,10,0.61,0.10088497300281037,362,0.6,0.7,0.43333333333333335,0.7166666666666667,0.6000000000000001,0.4773284912109375,0.020736169815063477
sqrt,5,0.001,0.9,20,0.6166666666666666,0.13038404810405296,327,0.6,0.5166666666666667,0.45,0.8166666666666667,0.7,0.4784586429595947,0.021271324157714842
sqrt,5,0.001,0.9,50,0.5566666666666666,0.22350739485653612,662,0.16666666666666666,0.5333333333333333,0.55,0.8333333333333333,0.7,0.4879782676696777,0.020809745788574217
sqrt,5,0.00359381,0.1,5,0.61,0.10088497300281037,362,0.6,0.7,0.43333333333333335,0.7166666666666667,0.6000000000000001,0.4763829231262207,0.020804309844970705
sqrt,5,0.00359381,0.1,10,0.61,0.10088497300281037,362,0.6,0.7,0.43333333333333335,0.7166666666666667,0.6000000000000001,0.4761800289154053,0.02107682228088379
sqrt,5,0.00359381,0.1,20,0.6166666666666666,0.13038404810405296,327,0.6,0.5166666666666667,0.45,0.8166666666666667,0.7,0.48116073608398435,0.021007394790649413
sqrt,5,0.00359381,0.1,50,0.5566666666666666,0.22350739485653612,662,0.16666666666666666,0.5333333333333333,0.55,0.8333333333333333,0.7,0.4860673427581787,0.021146059036254883
sqrt,5,0.00359381,0.3,5,0.61,0.10088497300281037,362,0.6,0.7,0.43333333333333335,0.7166666666666667,0.6000000000000001,0.4784256935119629,0.022239828109741212
sqrt,5,0.00359381,0.3,10,0.61,0.10088497300281037,362,0.6,0.7,0.43333333333333335,0.7166666666666667,0.6000000000000001,0.475994873046875,0.020982885360717775
sqrt,5,0.00359381,0.3,20,0.6166666666666666,0.13038404810405296,327,0.6,0.5166666666666667,0.45,0.8166666666666667,0.7,0.48282155990600584,0.020934391021728515
sqrt,5,0.00359381,0.3,50,0.5566666666666666,0.22350739485653612,662,0.16666666666666666,0.5333333333333333,0.55,0.8333333333333333,0.7,0.48864011764526366,0.02090592384338379
sqrt,5,0.00359381,0.5,5,0.61,0.10088497300281037,362,0.6,0.7,0.43333333333333335,0.7166666666666667,0.6000000000000001,0.4754586696624756,0.021089935302734376
sqrt,5,0.00359381,0.5,10,0.61,0.10088497300281037,362,0.6,0.7,0.43333333333333335,0.7166666666666667,0.6000000000000001,0.4759420871734619,0.020844078063964842
sqrt,5,0.00359381,0.5,20,0.6166666666666666,0.13038404810405296,327,0.6,0.5166666666666667,0.45,0.8166666666666667,0.7,0.4799503803253174,0.021087121963500977
sqrt,5,0.00359381,0.5,50,0.5566666666666666,0.22350739485653612,662,0.16666666666666666,0.5333333333333333,0.55,0.8333333333333333,0.7,0.4841663360595703,0.021426057815551756
sqrt,5,0.00359381,0.7,5,0.61,0.10088497300281037,362,0.6,0.7,0.43333333333333335,0.7166666666666667,0.6000000000000001,0.4753417015075684,0.020859432220458985
sqrt,5,0.00359381,0.7,10,0.61,0.10088497300281037,362,0.6,0.7,0.43333333333333335,0.7166666666666667,0.6000000000000001,0.48227887153625487,0.02112712860107422
sqrt,5,0.00359381,0.7,20,0.6166666666666666,0.13038404810405296,327,0.6,0.5166666666666667,0.45,0.8166666666666667,0.7,0.47878541946411135,0.021160364151000977
sqrt,5,0.00359381,0.7,50,0.5566666666666666,0.22350739485653612,662,0.16666666666666666,0.5333333333333333,0.55,0.8333333333333333,0.7,0.48506922721862794,0.02088055610656738
sqrt,5,0.00359381,0.9,5,0.61,0.10088497300281037,362,0.6,0.7,0.43333333333333335,0.7166666666666667,0.6000000000000001,0.47672524452209475,0.020838451385498048
sqrt,5,0.00359381,0.9,10,0.61,0.10088497300281037,362,0.6,0.7,0.43333333333333335,0.7166666666666667,0.6000000000000001,0.47572917938232423,0.020957422256469727
sqrt,5,0.00359381,0.9,20,0.6166666666666666,0.13038404810405296,327,0.6,0.5166666666666667,0.45,0.8166666666666667,0.7,0.48038320541381835,0.020845937728881835
sqrt,5,0.00359381,0.9,50,0.5566666666666666,0.22350739485653612,662,0.16666666666666666,0.5333333333333333,0.55,0.8333333333333333,0.7,0.4851247787475586,0.020955324172973633
sqrt,5,0.0129155,0.1,5,0.5866666666666667,0.09030811456096044,553,0.5333333333333333,0.7166666666666667,0.6333333333333333,0.45,0.6000000000000001,0.48683924674987794,0.020925188064575197
sqrt,5,0.0129155,0.1,10,0.5666666666666667,0.09249624617007739,640,0.5333333333333333,0.6166666666666667,0.65,0.6333333333333333,0.4,0.4938394546508789,0.020831918716430663
sqrt,5,0.0129155,0.1,20,0.5866666666666667,0.10821788720498617,553,0.5333333333333333,0.7,0.65,0.65,0.4,0.4948119640350342,0.022249460220336914
sqrt,5,0.0129155,0.1,50,0.6566666666666667,0.08537498983243798,194,0.5166666666666667,0.7,0.7333333333333334,0.7333333333333334,0.6,0.49508099555969237,0.02098679542541504
sqrt,5,0.0129155,0.3,5,0.61,0.10088497300281037,362,0.6,0.7,0.43333333333333335,0.7166666666666667,0.6000000000000001,0.47651095390319825,0.020908546447753907
sqrt,5,0.0129155,0.3,10,0.61,0.10088497300281037,362,0.6,0.7,0.43333333333333335,0.7166666666666667,0.6000000000000001,0.47635769844055176,0.02104043960571289
sqrt,5,0.0129155,0.3,20,0.6166666666666666,0.13038404810405296,327,0.6,0.5166666666666667,0.45,0.8166666666666667,0.7,0.483135986328125,0.021028566360473632
sqrt,5,0.0129155,0.3,50,0.5566666666666666,0.22350739485653612,662,0.16666666666666666,0.5333333333333333,0.55,0.8333333333333333,0.7,0.4859622478485107,0.02102689743041992
sqrt,5,0.0129155,0.5,5,0.61,0.10088497300281037,362,0.6,0.7,0.43333333333333335,0.7166666666666667,0.6000000000000001,0.4759249210357666,0.021076154708862305
sqrt,5,0.0129155,0.5,10,0.61,0.10088497300281037,362,0.6,0.7,0.43333333333333335,0.7166666666666667,0.6000000000000001,0.47666144371032715,0.02088623046875
sqrt,5,0.0129155,0.5,20,0.6166666666666666,0.13038404810405296,327,0.6,0.5166666666666667,0.45,0.8166666666666667,0.7,0.4799022674560547,0.021084928512573244
sqrt,5,0.0129155,0.5,50,0.5566666666666666,0.22350739485653612,662,0.16666666666666666,0.5333333333333333,0.55,0.8333333333333333,0.7,0.4842179298400879,0.02124443054199219
sqrt,5,0.0129155,0.7,5,0.61,0.10088497300281037,362,0.6,0.7,0.43333333333333335,0.7166666666666667,0.6000000000000001,0.47572975158691405,0.020854997634887695
sqrt,5,0.0129155,0.7,10,0.61,0.10088497300281037,362,0.6,0.7,0.43333333333333335,0.7166666666666667,0.6000000000000001,0.47688827514648435,0.02109951972961426
sqrt,5,0.0129155,0.7,20,0.6166666666666666,0.13038404810405296,327,0.6,0.5166666666666667,0.45,0.8166666666666667,0.7,0.4810927867889404,0.021125316619873047
sqrt,5,0.0129155,0.7,50,0.5566666666666666,0.22350739485653612,662,0.16666666666666666,0.5333333333333333,0.55,0.8333333333333333,0.7,0.4922473430633545,0.02079482078552246
sqrt,5,0.0129155,0.9,5,0.61,0.10088497300281037,362,0.6,0.7,0.43333333333333335,0.7166666666666667,0.6000000000000001,0.47509427070617677,0.020934581756591797
sqrt,5,0.0129155,0.9,10,0.61,0.10088497300281037,362,0.6,0.7,0.43333333333333335,0.7166666666666667,0.6000000000000001,0.4746823310852051,0.020924901962280272
sqrt,5,0.0129155,0.9,20,0.6166666666666666,0.13038404810405296,327,0.6,0.5166666666666667,0.45,0.8166666666666667,0.7,0.48207573890686034,0.02098565101623535
sqrt,5,0.0129155,0.9,50,0.5566666666666666,0.22350739485653612,662,0.16666666666666666,0.5333333333333333,0.55,0.8333333333333333,0.7,0.485018253326416,0.020872974395751955
sqrt,5,0.0464159,0.1,5,0.55,0.05374838498865702,722,0.5333333333333333,0.6166666666666667,0.4666666666666667,0.5333333333333333,0.6000000000000001,0.4962048053741455,0.020699501037597656
sqrt,5,0.0464159,0.1,10,0.5733333333333334,0.14243907079480997,598,0.43333333333333335,0.8166666666666667,0.4666666666666667,0.65,0.5,0.498594856262207,0.021100521087646484
sqrt,5,0.0464159,0.1,20,0.6066666666666667,0.09225568335398697,435,0.43333333333333335,0.7,0.65,0.65,0.6000000000000001,0.49954910278320314,0.02093195915222168
sqrt,5,0.0464159,0.1,50,0.7,0.10697871023920809,66,0.5166666666666667,0.8,0.7333333333333334,0.65,0.8,0.504466199874878,0.02105822563171387
sqrt,5,0.0464159,0.3,5,0.5166666666666666,0.05374838498865702,779,0.5333333333333333,0.5333333333333333,0.4666666666666667,0.45,0.6000000000000001,0.49753727912902834,0.02094292640686035
sqrt,5,0.0464159,0.3,10,0.5833333333333333,0.13207741837439296,569,0.7166666666666667,0.7,0.65,0.45,0.4,0.5020734310150147,0.020985889434814452
sqrt,5,0.0464159,0.3,20,0.6066666666666667,0.08339997335464538,435,0.5333333333333333,0.6166666666666667,0.65,0.7333333333333334,0.5,0.5035634517669678,0.020870494842529296
sqrt,5,0.0464159,0.3,50,0.62,0.11075498483890768,319,0.43333333333333335,0.6,0.7333333333333334,0.7333333333333334,0.6000000000000001,0.5185612678527832,0.020989513397216795
sqrt,5,0.0464159,0.5,5,0.7,0.09368979548370131,66,0.5333333333333333,0.7,0.8166666666666667,0.75,0.7,0.48682599067687987,0.02074604034423828
sqrt,5,0.0464159,0.5,10,0.66,0.050110987927909675,168,0.65,0.7,0.6166666666666667,0.7333333333333334,0.6000000000000001,0.4896985054016113,0.020893144607543945
sqrt,5,0.0464159,0.5,20,0.64,0.12762793146051096,234,0.7333333333333334,0.5166666666666667,0.6166666666666667,0.8333333333333333,0.5,0.49174070358276367,0.020726108551025392
sqrt,5,0.0464159,0.5,50,0.6633333333333333,0.10022197585581938,150,0.6333333333333333,0.5333333333333333,0.8166666666666667,0.7333333333333334,0.6000000000000001,0.4965647220611572,0.021088075637817384
sqrt,5,0.0464159,0.7,5,0.61,0.10088497300281037,362,0.6,0.7,0.43333333333333335,0.7166666666666667,0.6000000000000001,0.47914876937866213,0.02110595703125
sqrt,5,0.0464159,0.7,10,0.61,0.10088497300281037,362,0.6,0.7,0.43333333333333335,0.7166666666666667,0.6000000000000001,0.47562808990478517,0.02070140838623047
sqrt,5,0.0464159,0.7,20,0.6166666666666666,0.13038404810405296,327,0.6,0.5166666666666667,0.45,0.8166666666666667,0.7,0.4794742584228516,0.021055841445922853
sqrt,5,0.0464159,0.7,50,0.5566666666666666,0.22350739485653612,662,0.16666666666666666,0.5333333333333333,0.55,0.8333333333333333,0.7,0.4844149112701416,0.020887327194213868
sqrt,5,0.0464159,0.9,5,0.61,0.10088497300281037,362,0.6,0.7,0.43333333333333335,0.7166666666666667,0.6000000000000001,0.4772795677185059,0.020797204971313477
sqrt,5,0.0464159,0.9,10,0.61,0.10088497300281037,362,0.6,0.7,0.43333333333333335,0.7166666666666667,0.6000000000000001,0.47695302963256836,0.021299409866333007
sqrt,5,0.0464159,0.9,20,0.6166666666666666,0.13038404810405296,327,0.6,0.5166666666666667,0.45,0.8166666666666667,0.7,0.4831392288208008,0.020760393142700194
sqrt,5,0.0464159,0.9,50,0.5566666666666666,0.22350739485653612,662,0.16666666666666666,0.5333333333333333,0.55,0.8333333333333333,0.7,0.4855202674865723,0.02090897560119629
sqrt,5,0.16681,0.1,5,0.5733333333333334,0.09463379711052261,598,0.5333333333333333,0.7166666666666667,0.4666666666666667,0.65,0.5,0.5281187534332276,0.021018505096435547
sqrt,5,0.16681,0.1,10,0.5533333333333333,0.07845734863959877,690,0.5333333333333333,0.5166666666666667,0.4666666666666667,0.55,0.7,0.528845739364624,0.02092885971069336
sqrt,5,0.16681,0.1,20,0.5666666666666667,0.09660917830792959,640,0.5166666666666667,0.6166666666666667,0.65,0.65,0.4,0.5302103519439697,0.020995044708251955
sqrt,5,0.16681,0.1,50,0.72,0.13055437351710758,22,0.5166666666666667,0.8,0.65,0.7333333333333334,0.9,0.5349287986755371,0.021194267272949218
sqrt,5,0.16681,0.3,5,0.5700000000000001,0.08459051693633014,623,0.5333333333333333,0.7166666666666667,0.4666666666666667,0.5333333333333333,0.6000000000000001,0.5361011981964111,0.02109661102294922
sqrt,5,0.16681,0.3,10,0.5933333333333334,0.0873053390247253,523,0.5333333333333333,0.7166666666666667,0.4666666666666667,0.65,0.6000000000000001,0.5380802631378174,0.02091670036315918
sqrt,5,0.16681,0.3,20,0.6233333333333333,0.06716480559869961,303,0.6166666666666667,0.7,0.65,0.65,0.5,0.5400866031646728,0.020993614196777345
sqrt,5,0.16681,0.3,50,0.7133333333333333,0.0653197264742181,41,0.6,0.8,0.7333333333333334,0.7333333333333334,0.7,0.5457322120666503,0.02108135223388672
sqrt,5,0.16681,0.5,5,0.55,0.11352924243950935,722,0.5333333333333333,0.7166666666666667,0.3666666666666667,0.5333333333333333,0.6000000000000001,0.5426501274108887,0.020967388153076173
sqrt,5,0.16681,0.5,10,0.5333333333333334,0.13374935098492585,763,0.5333333333333333,0.7166666666666667,0.5666666666666667,0.55,0.30000000000000004,0.5451362133026123,0.020983076095581053
sqrt,5,0.16681,0.5,20,0.5933333333333334,0.11766241729815193,523,0.3666666666666667,0.7,0.65,0.65,0.6000000000000001,0.546397066116333,0.02089972496032715
sqrt,5,0.16681,0.5,50,0.6466666666666667,0.11990737165736634,200,0.45,0.8,0.7333333333333334,0.65,0.6,0.5502391815185547,0.0210848331451416
sqrt,5,0.16681,0.7,5,0.6133333333333333,0.1343296111973992,346,0.5333333333333333,0.8333333333333333,0.4666666666666667,0.5333333333333333,0.7,0.5478864669799804,0.020865249633789062
sqrt,5,0.16681,0.7,10,0.5666666666666667,0.08944271909999159,640,0.6166666666666667,0.6166666666666667,0.65,0.55,0.4,0.553051233291626,0.0209958553314209
sqrt,5,0.16681,0.7,20,0.6666666666666667,0.07071067811865477,147,0.7166666666666667,0.7,0.5666666666666667,0.75,0.6,0.5533255577087403,0.02122840881347656
sqrt,5,0.16681,0.7,50,0.6799999999999999,0.024494897427831747,129,0.7,0.7,0.65,0.65,0.7,0.555452823638916,0.02080850601196289
sqrt,5,0.16681,0.9,5,0.5766666666666668,0.13888444437333103,593,0.5333333333333333,0.8333333333333333,0.4666666666666667,0.45,0.6000000000000001,0.5403240203857422,0.020958852767944337
sqrt,5,0.16681,0.9,10,0.5466666666666666,0.09510228411791402,748,0.5333333333333333,0.7,0.55,0.55,0.4,0.5431553840637207,0.021196365356445312
sqrt,5,0.16681,0.9,20,0.6433333333333333,0.14007934259633795,212,0.8166666666666667,0.6166666666666667,0.7333333333333334,0.65,0.4,0.5451104640960693,0.021123504638671874
sqrt,5,0.16681,0.9,50,0.6799999999999999,0.08393118874676113,129,0.8166666666666667,0.6,0.65,0.7333333333333334,0.6000000000000001,0.5504588127136231,0.021288347244262696
sqrt,5,0.599484,0.1,5,0.52,0.14352700094407325,778,0.5333333333333333,0.55,0.2833333333333333,0.7333333333333334,0.5,0.5937308311462403,0.020926570892333983
sqrt,5,0.599484,0.1,10,0.51,0.09695359714832659,796,0.6166666666666667,0.6166666666666667,0.3666666666666667,0.45,0.5,0.5944539070129394,0.020936203002929688
sqrt,5,0.599484,0.1,20,0.5533333333333333,0.0784573486395988,690,0.43333333333333335,0.6166666666666667,0.5666666666666667,0.65,0.5,0.5968726634979248,0.02122054100036621
sqrt,5,0.599484,0.1,50,0.7333333333333334,0.07302967433402217,11,0.6,0.8,0.7333333333333334,0.7333333333333334,0.8,0.5995865345001221,0.020947742462158202
sqrt,5,0.599484,0.3,5,0.5333333333333333,0.14794894014114768,767,0.5333333333333333,0.7166666666666667,0.26666666666666666,0.55,0.6000000000000001,0.6192020893096923,0.020936918258666993
sqrt,5,0.599484,0.3,10,0.5933333333333333,0.1271918935222594,536,0.5333333333333333,0.5333333333333333,0.4666666666666667,0.8333333333333333,0.6000000000000001,0.6203375339508057,0.02104954719543457
sqrt,5,0.599484,0.3,20,0.5233333333333332,0.11953614051360736,777,0.5166666666666667,0.6166666666666667,0.55,0.6333333333333333,0.30000000000000004,0.6335605621337891,0.020932102203369142
sqrt,5,0.599484,0.3,50,0.7333333333333333,0.10954451150103325,18,0.6,0.8,0.7333333333333334,0.6333333333333333,0.9,0.6249702453613282,0.020925426483154298
sqrt,5,0.599484,0.5,5,0.61,0.1948218559493661,362,0.5333333333333333,0.8166666666666667,0.26666666666666666,0.7333333333333334,0.7,0.6460009574890136,0.02126421928405762
sqrt,5,0.599484,0.5,10,0.6133333333333333,0.08259674462242578,346,0.6333333333333333,0.6166666666666667,0.5666666666666667,0.75,0.5,0.6380859375,0.02123398780822754
sqrt,5,0.599484,0.5,20,0.5700000000000001,0.055176484524156175,623,0.5333333333333333,0.6166666666666667,0.55,0.65,0.5,0.6414290428161621,0.020889711380004884
sqrt,5,0.599484,0.5,50,0.6633333333333333,0.11944315244779279,150,0.45,0.8,0.6333333333333333,0.7333333333333334,0.7,0.6447792053222656,0.021166419982910155
sqrt,5,0.599484,0.7,5,0.5866666666666667,0.09030811456096043,553,0.5333333333333333,0.7166666666666667,0.45,0.6333333333333333,0.6000000000000001,0.6587319850921631,0.020920228958129884
sqrt,5,0.599484,0.7,10,0.53,0.12265579661982733,769,0.5333333333333333,0.6166666666666667,0.55,0.65,0.30000000000000004,0.6633853912353516,0.021001386642456054
sqrt,5,0.599484,0.7,20,0.5566666666666666,0.09865765724632494,662,0.4666666666666667,0.7,0.4666666666666667,0.65,0.5,0.6590342044830322,0.02089838981628418
sqrt,5,0.599484,0.7,50,0.6433333333333334,0.10519822558706335,211,0.5333333333333333,0.8,0.55,0.7333333333333334,0.6000000000000001,0.666005277633667,0.021072196960449218
sqrt,5,0.599484,0.9,5,0.6233333333333333,0.09521904571390467,303,0.5333333333333333,0.8,0.55,0.6333333333333333,0.6000000000000001,0.7215648651123047,0.02187795639038086
sqrt,5,0.599484,0.9,10,0.5266666666666667,0.17467430008765203,772,0.5333333333333333,0.7,0.65,0.55,0.2,0.7201440811157227,0.021485519409179688
sqrt,5,0.599484,0.9,20,0.5666666666666667,0.13784048752090222,640,0.6166666666666667,0.8,0.4666666666666667,0.55,0.4,0.7197246551513672,0.020985984802246095
sqrt,5,0.599484,0.9,50,0.6433333333333333,0.08472176684759222,212,0.6166666666666667,0.8,0.55,0.65,0.6000000000000001,0.7270650386810302,0.020985937118530272
sqrt,5,2.15443,0.1,5,0.5566666666666668,0.053333333333333344,660,0.5333333333333333,0.5333333333333333,0.48333333333333334,0.6333333333333333,0.6000000000000001,0.7009719371795654,0.020874214172363282
sqrt,5,2.15443,0.1,10,0.6100000000000001,0.14817407180595243,351,0.6166666666666667,0.6333333333333333,0.3666666666666667,0.8333333333333333,0.6000000000000001,0.7093940258026123,0.020930671691894533
sqrt,5,2.15443,0.1,20,0.61,0.059254629448770586,362,0.5333333333333333,0.6,0.5666666666666667,0.65,0.7,0.7038134574890137,0.021009397506713868
sqrt,5,2.15443,0.1,50,0.7133333333333333,0.08326663997864533,41,0.6,0.8,0.7333333333333334,0.6333333333333333,0.8,0.7056035995483398,0.021172142028808592
sqrt,5,2.15443,0.3,5,0.5533333333333333,0.14734690736866896,690,0.5333333333333333,0.7166666666666667,0.2833333333333333,0.6333333333333333,0.6000000000000001,0.772554874420166,0.0210054874420166
sqrt,5,2.15443,0.3,10,0.6066666666666667,0.1878533707147383,435,0.5333333333333333,0.9,0.3666666666666667,0.7333333333333334,0.5,0.7752386093139648,0.021007585525512695
sqrt,5,2.15443,0.3,20,0.55,0.0408248290463863,722,0.5166666666666667,0.6166666666666667,0.5666666666666667,0.55,0.5,0.7762591361999511,0.020994901657104492
sqrt,5,2.15443,0.3,50,0.6966666666666667,0.042687494916218996,81,0.6166666666666667,0.7,0.7333333333333334,0.7333333333333334,0.7,0.7795347690582275,0.020924854278564452
sqrt,5,2.15443,0.5,5,0.5266666666666666,0.17657230184198702,774,0.5333333333333333,0.7166666666666667,0.26666666666666666,0.7166666666666667,0.4,0.8301957130432129,0.02076725959777832
sqrt,5,2.15443,0.5,10,0.63,0.22120880030716075,282,0.5333333333333333,0.9,0.2833333333333333,0.8333333333333333,0.6000000000000001,0.8359455108642578,0.02106480598449707
sqrt,5,2.15443,0.5,20,0.5266666666666666,0.07118052168020875,774,0.5166666666666667,0.6166666666666667,0.55,0.55,0.4,0.838883924484253,0.02095952033996582
sqrt,5,2.15443,0.5,50,0.71,0.06463573143221775,52,0.6,0.7,0.7166666666666667,0.7333333333333334,0.8,0.8376459598541259,0.020928049087524415
sqrt,5,2.15443,0.7,5,0.5700000000000001,0.16878651868229552,623,0.5333333333333333,0.7166666666666667,0.26666666666666666,0.7333333333333334,0.6000000000000001,0.8588854312896729,0.02107658386230469
sqrt,5,2.15443,0.7,10,0.5533333333333333,0.15289793254906284,690,0.5333333333333333,0.5333333333333333,0.3666666666666667,0.8333333333333333,0.5,0.859680461883545,0.021113014221191405
sqrt,5,2.15443,0.7,20,0.5666666666666667,0.11879019787470309,640,0.6166666666666667,0.6166666666666667,0.4666666666666667,0.7333333333333334,0.4,0.862608814239502,0.02102065086364746
sqrt,5,2.15443,0.7,50,0.71,0.06463573143221775,52,0.6,0.8,0.7166666666666667,0.7333333333333334,0.7,0.8676296234130859,0.02131805419921875
sqrt,5,2.15443,0.9,5,0.61,0.1948218559493661,362,0.5333333333333333,0.8166666666666667,0.26666666666666666,0.7333333333333334,0.7,0.9018589973449707,0.021004533767700194
sqrt,5,2.15443,0.9,10,0.5733333333333334,0.09043106644167026,598,0.5333333333333333,0.5333333333333333,0.4666666666666667,0.7333333333333334,0.6000000000000001,0.9045080184936524,0.02099132537841797
sqrt,5,2.15443,0.9,20,0.5633333333333334,0.10349449797506684,648,0.43333333333333335,0.6166666666666667,0.5333333333333333,0.7333333333333334,0.5,0.8998600006103515,0.02097740173339844
sqrt,5,2.15443,0.9,50,0.6366666666666667,0.11175369742826809,245,0.5333333333333333,0.8,0.7166666666666667,0.6333333333333333,0.5,0.9019900321960449,0.021100854873657225
sqrt,5,7.74264,0.1,5,0.5733333333333334,0.09043106644167026,598,0.5333333333333333,0.5333333333333333,0.4666666666666667,0.7333333333333334,0.6,0.7905257225036622,0.020892524719238283
sqrt,5,7.74264,0.1,10,0.5733333333333333,0.20237478982214055,615,0.5333333333333333,0.35,0.3666666666666667,0.8166666666666667,0.8,0.7903468608856201,0.02085080146789551
sqrt,5,7.74264,0.1,20,0.5733333333333333,0.08730533902472529,615,0.5333333333333333,0.5166666666666667,0.4666666666666667,0.65,0.7,0.791165542602539,0.02086181640625
sqrt,5,7.74264,0.1,50,0.6933333333333334,0.07118052168020877,93,0.6,0.8,0.7333333333333334,0.6333333333333333,0.7,0.7968421459197998,0.021191740036010744
sqrt,5,7.74264,0.3,5,0.5566666666666666,0.09404490653110592,662,0.5333333333333333,0.6333333333333333,0.3833333333333333,0.6333333333333333,0.6000000000000001,0.8994858264923096,0.02084379196166992
sqrt,5,7.74264,0.3,10,0.6433333333333333,0.19988885800753264,212,0.6166666666666667,0.9,0.3666666666666667,0.8333333333333333,0.5,0.8986085891723633,0.021121835708618163
sqrt,5,7.74264,0.3,20,0.5933333333333334,0.04027681991198192,523,0.5333333333333333,0.6166666666666667,0.5666666666666667,0.65,0.6000000000000001,0.9025276660919189,0.02113828659057617
sqrt,5,7.74264,0.3,50,0.6966666666666665,0.1318247995552346,91,0.6,0.8,0.6333333333333333,0.55,0.9,0.9047106266021728,0.02098259925842285
sqrt,5,7.74264,0.5,5,0.5733333333333334,0.11185307823708347,598,0.5333333333333333,0.7166666666666667,0.3833333333333333,0.6333333333333333,0.6000000000000001,1.0166573524475098,0.021011495590209962
sqrt,5,7.74264,0.5,10,0.6066666666666667,0.1878533707147383,435,0.5333333333333333,0.9,0.3666666666666667,0.7333333333333334,0.5,1.0197529792785645,0.02101025581359863
sqrt,5,7.74264,0.5,20,0.6033333333333333,0.07986099033807291,457,0.5166666666666667,0.7,0.65,0.65,0.5,1.0187850952148438,0.021216630935668945
sqrt,5,7.74264,0.5,50,0.7166666666666668,0.059628479399994404,25,0.6166666666666667,0.8,0.7333333333333334,0.7333333333333334,0.7,1.0248663902282715,0.02106962203979492
sqrt,5,7.74264,0.7,5,0.55,0.1534781924429512,722,0.5333333333333333,0.7166666666666667,0.26666666666666666,0.6333333333333333,0.6000000000000001,1.0517657279968262,0.02108011245727539
sqrt,5,7.74264,0.7,10,0.5900000000000001,0.2107130750570548,538,0.5333333333333333,0.9,0.2833333333333333,0.7333333333333334,0.5,1.055323839187622,0.02082371711730957
sqrt,5,7.74264,0.7,20,0.6,0.10488088481701517,484,0.6,0.8,0.55,0.55,0.5,1.0540984630584718,0.02123417854309082
sqrt,5,7.74264,0.7,50,0.7299999999999999,0.07774602526460402,20,0.6,0.7,0.8166666666666667,0.7333333333333334,0.8,1.059261178970337,0.02086801528930664
sqrt,5,7.74264,0.9,5,0.53,0.14772346537440226,769,0.5333333333333333,0.5333333333333333,0.26666666666666666,0.7166666666666667,0.6000000000000001,1.1876090049743653,0.020948362350463868
sqrt,5,7.74264,0.9,10,0.6100000000000001,0.20591260281974,351,0.5333333333333333,0.9,0.2833333333333333,0.7333333333333334,0.6000000000000001,1.1849722385406494,0.021088695526123045
sqrt,5,7.74264,0.9,20,0.5633333333333334,0.07557189365836424,648,0.6,0.6166666666666667,0.45,0.65,0.5,1.183591365814209,0.021086645126342774
sqrt,5,7.74264,0.9,50,0.71,0.07423685817106694,52,0.6,0.7,0.7166666666666667,0.8333333333333333,0.7,1.1903032779693603,0.021070575714111327
sqrt,5,27.8256,0.1,5,0.6100000000000001,0.118133634311129,351,0.5333333333333333,0.8166666666666667,0.4666666666666667,0.6333333333333333,0.6,0.7964386463165283,0.020961856842041014
sqrt,5,27.8256,0.1,10,0.5733333333333335,0.16418147141366332,594,0.5333333333333333,0.45,0.3666666666666667,0.8166666666666667,0.7,0.7971602439880371,0.021087503433227538
sqrt,5,27.8256,0.1,20,0.5933333333333334,0.07039570693980957,523,0.5333333333333333,0.5166666666666667,0.5666666666666667,0.65,0.7,0.7961807250976562,0.021056699752807616
sqrt,5,27.8256,0.1,50,0.7133333333333333,0.08326663997864533,41,0.6,0.8,0.7333333333333334,0.6333333333333333,0.8,0.8050161838531494,0.021094465255737306
sqrt,5,27.8256,0.3,5,0.5733333333333334,0.09043106644167026,598,0.5333333333333333,0.5333333333333333,0.4666666666666667,0.7333333333333334,0.6,0.9230024337768554,0.021167850494384764
sqrt,5,27.8256,0.3,10,0.5733333333333333,0.20237478982214055,615,0.5333333333333333,0.35,0.3666666666666667,0.8166666666666667,0.8,0.9270671367645263,0.02117013931274414
sqrt,5,27.8256,0.3,20,0.5733333333333333,0.08730533902472529,615,0.5333333333333333,0.5166666666666667,0.4666666666666667,0.65,0.7,0.9277710914611816,0.021158838272094728
sqrt,5,27.8256,0.3,50,0.6933333333333334,0.07118052168020877,93,0.6,0.8,0.7333333333333334,0.6333333333333333,0.7,0.9319717407226562,0.021175622940063477
sqrt,5,27.8256,0.5,5,0.5533333333333333,0.0581186525805423,690,0.5333333333333333,0.5333333333333333,0.4666666666666667,0.6333333333333333,0.6,1.0370276927948,0.020934677124023436
sqrt,5,27.8256,0.5,10,0.5866666666666667,0.15180396715647596,553,0.6166666666666667,0.5166666666666667,0.3666666666666667,0.8333333333333333,0.6000000000000001,1.0383928298950196,0.021293020248413085
sqrt,5,27.8256,0.5,20,0.63,0.0819213715162967,282,0.5333333333333333,0.7,0.5666666666666667,0.75,0.6000000000000001,1.0403637886047363,0.021113824844360352
sqrt,5,27.8256,0.5,50,0.7133333333333333,0.08326663997864533,41,0.6,0.8,0.7333333333333334,0.6333333333333333,0.8,1.0444311141967773,0.020882606506347656
sqrt,5,27.8256,0.7,5,0.5566666666666666,0.09404490653110592,662,0.5333333333333333,0.6333333333333333,0.3833333333333333,0.6333333333333333,0.6000000000000001,1.0678133487701416,0.021108293533325197
sqrt,5,27.8256,0.7,10,0.6266666666666667,0.20483055327649619,288,0.5333333333333333,0.9,0.3666666666666667,0.8333333333333333,0.5,1.0726014614105224,0.021149063110351564
sqrt,5,27.8256,0.7,20,0.5933333333333334,0.04027681991198192,523,0.5333333333333333,0.6166666666666667,0.5666666666666667,0.65,0.6000000000000001,1.0755273818969726,0.021153640747070313
sqrt,5,27.8256,0.7,50,0.6933333333333334,0.07118052168020877,93,0.6,0.8,0.7333333333333334,0.6333333333333333,0.7,1.0753130912780762,0.02104010581970215
sqrt,5,27.8256,0.9,5,0.5733333333333334,0.08856886837057615,598,0.5333333333333333,0.7166666666666667,0.48333333333333334,0.6333333333333333,0.5,1.1588733673095704,0.021102190017700195
sqrt,5,27.8256,0.9,10,0.6233333333333333,0.18427033281447006,303,0.6166666666666667,0.9,0.3666666666666667,0.7333333333333334,0.5,1.1608346939086913,0.021258544921875
sqrt,5,27.8256,0.9,20,0.6133333333333334,0.06446359868604573,343,0.5333333333333333,0.7166666666666667,0.5666666666666667,0.65,0.6000000000000001,1.1666984558105469,0.021214008331298828
sqrt,5,27.8256,0.9,50,0.6966666666666667,0.06863753427324669,81,0.6,0.8,0.7333333333333334,0.65,0.7,1.1691450119018554,0.02111339569091797
sqrt,5,100.0,0.1,5,0.6100000000000001,0.118133634311129,351,0.5333333333333333,0.8166666666666667,0.4666666666666667,0.6333333333333333,0.6,0.8482922077178955,0.021149969100952147
sqrt,5,100.0,0.1,10,0.61,0.13106402167558331,362,0.5333333333333333,0.45,0.55,0.8166666666666667,0.7,0.8519969940185547,0.021136760711669922
sqrt,5,100.0,0.1,20,0.6666666666666666,0.0924962461700774,148,0.5333333333333333,0.6166666666666667,0.65,0.7333333333333334,0.8,0.8516048431396485,0.021360301971435548
sqrt,5,100.0,0.1,50,0.6966666666666667,0.08589399151150087,81,0.6,0.8,0.6333333333333333,0.65,0.8,0.8560637474060059,0.02103452682495117
sqrt,5,100.0,0.3,5,0.6100000000000001,0.118133634311129,351,0.5333333333333333,0.8166666666666667,0.4666666666666667,0.6333333333333333,0.6,0.8575886726379395,0.021102476119995116
sqrt,5,100.0,0.3,10,0.5733333333333335,0.16418147141366332,594,0.5333333333333333,0.45,0.3666666666666667,0.8166666666666667,0.7,0.8640814304351807,0.021237754821777345
sqrt,5,100.0,0.3,20,0.6300000000000001,0.07630348761506399,281,0.5333333333333333,0.6166666666666667,0.5666666666666667,0.7333333333333334,0.7,0.862431001663208,0.020966243743896485
sqrt,5,100.0,0.3,50,0.7133333333333333,0.08326663997864533,41,0.6,0.8,0.7333333333333334,0.6333333333333333,0.8,0.8670695304870606,0.021120691299438478
sqrt,5,100.0,0.5,5,0.6100000000000001,0.118133634311129,351,0.5333333333333333,0.8166666666666667,0.4666666666666667,0.6333333333333333,0.6,0.8921112537384033,0.020933818817138673
sqrt,5,100.0,0.5,10,0.5533333333333335,0.153260852434302,688,0.5333333333333333,0.45,0.3666666666666667,0.8166666666666667,0.6,0.8915209293365478,0.021018362045288085
sqrt,5,100.0,0.5,20,0.6133333333333333,0.0590668171555645,346,0.5333333333333333,0.6166666666666667,0.5666666666666667,0.65,0.7,0.8886749744415283,0.021128225326538085
sqrt,5,100.0,0.5,50,0.7333333333333334,0.07302967433402217,11,0.6,0.8,0.7333333333333334,0.7333333333333334,0.8,0.8953104496002198,0.02108321189880371
sqrt,5,100.0,0.7,5,0.5900000000000001,0.0891939210683977,538,0.5333333333333333,0.6166666666666667,0.4666666666666667,0.7333333333333334,0.6,0.9376482963562012,0.02117767333984375
sqrt,5,100.0,0.7,10,0.5366666666666667,0.20341528403189807,760,0.5333333333333333,0.26666666666666666,0.3666666666666667,0.8166666666666667,0.7,0.9493175029754639,0.02096085548400879
sqrt,5,100.0,0.7,20,0.6333333333333334,0.0924962461700774,280,0.5333333333333333,0.6166666666666667,0.5666666666666667,0.65,0.8,0.9400228500366211,0.021261930465698242
sqrt,5,100.0,0.7,50,0.6933333333333334,0.07118052168020877,93,0.6,0.8,0.7333333333333334,0.6333333333333333,0.7,0.9439494132995605,0.021123743057250975
sqrt,5,100.0,0.9,5,0.6133333333333334,0.10666666666666669,343,0.5333333333333333,0.7333333333333334,0.4666666666666667,0.7333333333333334,0.6,0.9911458969116211,0.021080970764160156
sqrt,5,100.0,0.9,10,0.5566666666666666,0.23276120333461456,662,0.5333333333333333,0.26666666666666666,0.3666666666666667,0.9166666666666667,0.7,0.9949233531951904,0.020850610733032227
sqrt,5,100.0,0.9,20,0.5733333333333333,0.08730533902472529,615,0.5333333333333333,0.5166666666666667,0.4666666666666667,0.65,0.7,0.9937045574188232,0.021224117279052733
sqrt,5,100.0,0.9,50,0.71,0.0866666666666667,52,0.6,0.8,0.8166666666666667,0.6333333333333333,0.7,0.9976315021514892,0.021282291412353514
0.3,1,0.001,0.1,5,0.5966666666666667,0.11175369742826807,490,0.5166666666666667,0.8,0.5333333333333333,0.6333333333333333,0.5,0.4826782703399658,0.021303129196166993
0.3,1,0.001,0.1,10,0.6366666666666667,0.08844332774281069,245,0.6166666666666667,0.8,0.5333333333333333,0.6333333333333333,0.6,0.4868166446685791,0.021367502212524415
0.3,1,0.001,0.1,20,0.5833333333333333,0.136218778278017,569,0.7166666666666667,0.6166666666666667,0.45,0.7333333333333334,0.4,0.49740185737609866,0.021320104598999023
0.3,1,0.001,0.1,50,0.55,0.10954451150103325,722,0.5333333333333333,0.43333333333333335,0.45,0.7333333333333334,0.6000000000000001,0.5176131248474121,0.021375703811645507
0.3,1,0.001,0.3,5,0.5966666666666667,0.11175369742826807,490,0.5166666666666667,0.8,0.5333333333333333,0.6333333333333333,0.5,0.4816761016845703,0.02118968963623047
0.3,1,0.001,0.3,10,0.6366666666666667,0.08844332774281069,245,0.6166666666666667,0.8,0.5333333333333333,0.6333333333333333,0.6,0.4877161979675293,0.02106013298034668
0.3,1,0.001,0.3,20,0.5833333333333333,0.136218778278017,569,0.7166666666666667,0.6166666666666667,0.45,0.7333333333333334,0.4,0.5042769432067871,0.021383953094482423
0.3,1,0.001,0.3,50,0.55,0.10954451150103325,722,0.5333333333333333,0.43333333333333335,0.45,0.7333333333333334,0.6000000000000001,0.5137664794921875,0.021172189712524415
0.3,1,0.001,0.5,5,0.5966666666666667,0.11175369742826807,490,0.5166666666666667,0.8,0.5333333333333333,0.6333333333333333,0.5,0.4826815128326416,0.021017074584960938
0.3,1,0.001,0.5,10,0.6366666666666667,0.08844332774281069,245,0.6166666666666667,0.8,0.5333333333333333,0.6333333333333333,0.6,0.4885188102722168,0.021210670471191406
0.3,1,0.001,0.5,20,0.5833333333333333,0.136218778278017,569,0.7166666666666667,0.6166666666666667,0.45,0.7333333333333334,0.4,0.4967778205871582,0.02115015983581543
0.3,1,0.001,0.5,50,0.55,0.10954451150103325,722,0.5333333333333333,0.43333333333333335,0.45,0.7333333333333334,0.6000000000000001,0.5141621112823487,0.02134561538696289
0.3,1,0.001,0.7,5,0.5966666666666667,0.11175369742826807,490,0.5166666666666667,0.8,0.5333333333333333,0.6333333333333333,0.5,0.48256855010986327,0.021345853805541992
0.3,1,0.001,0.7,10,0.6366666666666667,0.08844332774281069,245,0.6166666666666667,0.8,0.5333333333333333,0.6333333333333333,0.6,0.48671541213989256,0.021478748321533202
0.3,1,0.001,0.7,20,0.5833333333333333,0.136218778278017,569,0.7166666666666667,0.6166666666666667,0.45,0.7333333333333334,0.4,0.4974964618682861,0.02135944366455078
0.3,1,0.001,0.7,50,0.55,0.10954451150103325,722,0.5333333333333333,0.43333333333333335,0.45,0.7333333333333334,0.6000000000000001,0.5131430625915527,0.021262264251708983
0.3,1,0.001,0.9,5,0.5966666666666667,0.11175369742826807,490,0.5166666666666667,0.8,0.5333333333333333,0.6333333333333333,0.5,0.48113670349121096,0.02131624221801758
0.3,1,0.001,0.9,10,0.6366666666666667,0.08844332774281069,245,0.6166666666666667,0.8,0.5333333333333333,0.6333333333333333,0.6,0.4869699478149414,0.021272611618041993
0.3,1,0.001,0.9,20,0.5833333333333333,0.136218778278017,569,0.7166666666666667,0.6166666666666667,0.45,0.7333333333333334,0.4,0.49567298889160155,0.021186971664428712
0.3,1,0.001,0.9,50,0.55,0.10954451150103325,722,0.5333333333333333,0.43333333333333335,0.45,0.7333333333333334,0.6000000000000001,0.5138319492340088,0.02121734619140625
0.3,1,0.00359381,0.1,5,0.5966666666666667,0.11175369742826807,490,0.5166666666666667,0.8,0.5333333333333333,0.6333333333333333,0.5,0.48159332275390626,0.0211000919342041
0.3,1,0.00359381,0.1,10,0.6366666666666667,0.08844332774281069,245,0.6166666666666667,0.8,0.5333333333333333,0.6333333333333333,0.6,0.48760433197021485,0.021149921417236327
0.3,1,0.00359381,0.1,20,0.5833333333333333,0.136218778278017,569,0.7166666666666667,0.6166666666666667,0.45,0.7333333333333334,0.4,0.4989283561706543,0.021404361724853514
0.3,1,0.00359381,0.1,50,0.55,0.10954451150103325,722,0.5333333333333333,0.43333333333333335,0.45,0.7333333333333334,0.6000000000000001,0.5155446529388428,0.021356916427612303
0.3,1,0.00359381,0.3,5,0.5966666666666667,0.11175369742826807,490,0.5166666666666667,0.8,0.5333333333333333,0.6333333333333333,0.5,0.48288636207580565,0.02123408317565918
0.3,1,0.00359381,0.3,10,0.6366666666666667,0.08844332774281069,245,0.6166666666666667,0.8,0.5333333333333333,0.6333333333333333,0.6,0.48970465660095214,0.021273422241210937
0.3,1,0.00359381,0.3,20,0.5833333333333333,0.136218778278017,569,0.7166666666666667,0.6166666666666667,0.45,0.7333333333333334,0.4,0.5018058300018311,0.021298789978027345
0.3,1,0.00359381,0.3,50,0.55,0.10954451150103325,722,0.5333333333333333,0.43333333333333335,0.45,0.7333333333333334,0.6000000000000001,0.5148321628570557,0.021217536926269532
0.3,1,0.00359381,0.5,5,0.5966666666666667,0.11175369742826807,490,0.5166666666666667,0.8,0.5333333333333333,0.6333333333333333,0.5,0.48400282859802246,0.02122645378112793
0.3,1,0.00359381,0.5,10,0.6366666666666667,0.08844332774281069,245,0.6166666666666667,0.8,0.5333333333333333,0.6333333333333333,0.6,0.49424233436584475,0.021242952346801756
0.3,1,0.00359381,0.5,20,0.5833333333333333,0.136218778278017,569,0.7166666666666667,0.6166666666666667,0.45,0.7333333333333334,0.4,0.49669795036315917,0.021428346633911133
0.3,1,0.00359381,0.5,50,0.55,0.10954451150103325,722,0.5333333333333333,0.43333333333333335,0.45,0.7333333333333334,0.6000000000000001,0.5144240379333496,0.02121124267578125
0.3,1,0.00359381,0.7,5,0.5966666666666667,0.11175369742826807,490,0.5166666666666667,0.8,0.5333333333333333,0.6333333333333333,0.5,0.4835341930389404,0.02122020721435547
0.3,1,0.00359381,0.7,10,0.6366666666666667,0.08844332774281069,245,0.6166666666666667,0.8,0.5333333333333333,0.6333333333333333,0.6,0.49149293899536134,0.02117290496826172
0.3,1,0.00359381,0.7,20,0.5833333333333333,0.136218778278017,569,0.7166666666666667,0.6166666666666667,0.45,0.7333333333333334,0.4,0.4981369972229004,0.021463680267333984
0.3,1,0.00359381,0.7,50,0.55,0.10954451150103325,722,0.5333333333333333,0.43333333333333335,0.45,0.7333333333333334,0.6000000000000001,0.5164693832397461,0.021225595474243165
0.3,1,0.00359381,0.9,5,0.5966666666666667,0.11175369742826807,490,0.5166666666666667,0.8,0.5333333333333333,0.6333333333333333,0.5,0.48186306953430175,0.02114076614379883
0.3,1,0.00359381,0.9,10,0.6366666666666667,0.08844332774281069,245,0.6166666666666667,0.8,0.5333333333333333,0.6333333333333333,0.6,0.4877164840698242,0.021147966384887695
0.3,1,0.00359381,0.9,20,0.5833333333333333,0.136218778278017,569,0.7166666666666667,0.6166666666666667,0.45,0.7333333333333334,0.4,0.4984851837158203,0.0213681697845459
0.3,1,0.00359381,0.9,50,0.55,0.10954451150103325,722,0.5333333333333333,0.43333333333333335,0.45,0.7333333333333334,0.6000000000000001,0.5214167594909668,0.021856975555419923
0.3,1,0.0129155,0.1,5,0.5633333333333332,0.11566234381931645,653,0.4166666666666667,0.6333333333333333,0.6333333333333333,0.43333333333333335,0.7,0.4913034439086914,0.021439456939697267
0.3,1,0.0129155,0.1,10,0.62,0.12174654911833117,319,0.7333333333333334,0.6166666666666667,0.7333333333333334,0.6166666666666667,0.4,0.5001464366912842,0.02099165916442871
0.3,1,0.0129155,0.1,20,0.6766666666666667,0.10883218478209672,132,0.6166666666666667,0.7166666666666667,0.8166666666666667,0.7333333333333334,0.5,0.5031577587127686,0.021233463287353517
0.3,1,0.0129155,0.1,50,0.6433333333333333,0.0866666666666667,212,0.6333333333333333,0.6166666666666667,0.7333333333333334,0.7333333333333334,0.5,0.522700309753418,0.021182537078857422
0.3,1,0.0129155,0.3,5,0.5966666666666667,0.11175369742826807,490,0.5166666666666667,0.8,0.5333333333333333,0.6333333333333333,0.5,0.4826492786407471,0.021200275421142577
0.3,1,0.0129155,0.3,10,0.6366666666666667,0.08844332774281069,245,0.6166666666666667,0.8,0.5333333333333333,0.6333333333333333,0.6,0.4880525588989258,0.021184921264648438
0.3,1,0.0129155,0.3,20,0.5833333333333333,0.136218778278017,569,0.7166666666666667,0.6166666666666667,0.45,0.7333333333333334,0.4,0.4986450672149658,0.021253156661987304
0.3,1,0.0129155,0.3,50,0.55,0.10954451150103325,722,0.5333333333333333,0.43333333333333335,0.45,0.7333333333333334,0.6000000000000001,0.5140488147735596,0.0212066650390625
0.3,1,0.0129155,0.5,5,0.5966666666666667,0.11175369742826807,490,0.5166666666666667,0.8,0.5333333333333333,0.6333333333333333,0.5,0.4823042392730713,0.021519565582275392
0.3,1,0.0129155,0.5,10,0.6366666666666667,0.08844332774281069,245,0.6166666666666667,0.8,0.5333333333333333,0.6333333333333333,0.6,0.48633499145507814,0.021765708923339844
0.3,1,0.0129155,0.5,20,0.5833333333333333,0.136218778278017,569,0.7166666666666667,0.6166666666666667,0.45,0.7333333333333334,0.4,0.4977109432220459,0.021199464797973633
0.3,1,0.0129155,0.5,50,0.55,0.10954451150103325,722,0.5333333333333333,0.43333333333333335,0.45,0.7333333333333334,0.6000000000000001,0.5146060943603515,0.021259164810180663
0.3,1,0.0129155,0.7,5,0.5966666666666667,0.11175369742826807,490,0.5166666666666667,0.8,0.5333333333333333,0.6333333333333333,0.5,0.4835315704345703,0.02161269187927246
0.3,1,0.0129155,0.7,10,0.6366666666666667,0.08844332774281069,245,0.6166666666666667,0.8,0.5333333333333333,0.6333333333333333,0.6,0.48526225090026853,0.021418952941894533
0.3,1,0.0129155,0.7,20,0.5833333333333333,0.136218778278017,569,0.7166666666666667,0.6166666666666667,0.45,0.7333333333333334,0.4,0.4958972454071045,0.021533775329589843
0.3,1,0.0129155,0.7,50,0.55,0.10954451150103325,722,0.5333333333333333,0.43333333333333335,0.45,0.7333333333333334,0.6000000000000001,0.514763593673706,0.021141672134399415
0.3,1,0.0129155,0.9,5,0.5966666666666667,0.11175369742826807,490,0.5166666666666667,0.8,0.5333333333333333,0.6333333333333333,0.5,0.48371295928955077,0.021272897720336914
0.3,1,0.0129155,0.9,10,0.6366666666666667,0.08844332774281069,245,0.6166666666666667,0.8,0.5333333333333333,0.6333333333333333,0.6,0.4873034954071045,0.021163034439086913
0.3,1,0.0129155,0.9,20,0.5833333333333333,0.136218778278017,569,0.7166666666666667,0.6166666666666667,0.45,0.7333333333333334,0.4,0.49830093383789065,0.02153439521789551
0.3,1,0.0129155,0.9,50,0.55,0.10954451150103325,722,0.5333333333333333,0.43333333333333335,0.45,0.7333333333333334,0.6000000000000001,0.5141337394714356,0.021100807189941406
0.3,1,0.0464159,0.1,5,0.6066666666666667,0.0703957069398096,435,0.5333333333333333,0.7166666666666667,0.65,0.5333333333333333,0.6000000000000001,0.5058799266815186,0.02128424644470215
0.3,1,0.0464159,0.1,10,0.6466666666666667,0.11025223605694151,200,0.5333333333333333,0.8166666666666667,0.7333333333333334,0.55,0.6000000000000001,0.5067154884338378,0.021207284927368165
0.3,1,0.0464159,0.1,20,0.6833333333333333,0.05577733510227174,103,0.6333333333333333,0.7166666666666667,0.7333333333333334,0.7333333333333334,0.6,0.5140580177307129,0.021059465408325196
0.3,1,0.0464159,0.1,50,0.6833333333333333,0.042163702135578414,103,0.6333333333333333,0.7166666666666667,0.7333333333333334,0.6333333333333333,0.7,0.5306619167327881,0.021107959747314452
0.3,1,0.0464159,0.3,5,0.5533333333333333,0.11125546178852423,690,0.5166666666666667,0.6166666666666667,0.5666666666666667,0.3666666666666667,0.7,0.5064474105834961,0.021162891387939455
0.3,1,0.0464159,0.3,10,0.6233333333333334,0.13767917618708922,301,0.8166666666666667,0.6166666666666667,0.7333333333333334,0.45,0.5,0.5091970443725586,0.021336793899536133
0.3,1,0.0464159,0.3,20,0.6033333333333333,0.08192137151629673,457,0.6333333333333333,0.6166666666666667,0.7333333333333334,0.5333333333333333,0.5,0.5169303894042969,0.02127084732055664
0.3,1,0.0464159,0.3,50,0.64,0.08339997335464537,234,0.6333333333333333,0.6166666666666667,0.7333333333333334,0.7166666666666667,0.5,0.5329590797424316,0.02125105857849121
0.3,1,0.0464159,0.5,5,0.6966666666666667,0.11175369742826806,81,0.5333333333333333,0.8,0.6166666666666667,0.8333333333333333,0.7,0.49309449195861815,0.021453332901000977
0.3,1,0.0464159,0.5,10,0.6533333333333333,0.07408703590297623,198,0.6333333333333333,0.8,0.6166666666666667,0.6166666666666667,0.6000000000000001,0.503588342666626,0.021201562881469727
0.3,1,0.0464159,0.5,20,0.6833333333333333,0.04346134936801766,103,0.7333333333333334,0.6166666666666667,0.7166666666666667,0.65,0.7,0.5082908153533936,0.021190357208251954
0.3,1,0.0464159,0.5,50,0.6299999999999999,0.10187137859957415,287,0.7166666666666667,0.43333333333333335,0.65,0.65,0.7,0.5270031452178955,0.02108449935913086
0.3,1,0.0464159,0.7,5,0.5966666666666667,0.11175369742826807,490,0.5166666666666667,0.8,0.5333333333333333,0.6333333333333333,0.5,0.48383378982543945,0.021340274810791017
0.3,1,0.0464159,0.7,10,0.6366666666666667,0.08844332774281069,245,0.6166666666666667,0.8,0.5333333333333333,0.6333333333333333,0.6,0.48915843963623046,0.021203899383544923
0.3,1,0.0464159,0.7,20,0.5833333333333333,0.136218778278017,569,0.7166666666666667,0.6166666666666667,0.45,0.7333333333333334,0.4,0.4989025592803955,0.021117544174194335
0.3,1,0.0464159,0.7,50,0.55,0.10954451150103325,722,0.5333333333333333,0.43333333333333335,0.45,0.7333333333333334,0.6000000000000001,0.5158774852752686,0.021367216110229494
0.3,1,0.0464159,0.9,5,0.5966666666666667,0.11175369742826807,490,0.5166666666666667,0.8,0.5333333333333333,0.6333333333333333,0.5,0.48242573738098143,0.021204376220703126
0.3,1,0.0464159,0.9,10,0.6366666666666667,0.08844332774281069,245,0.6166666666666667,0.8,0.5333333333333333,0.6333333333333333,0.6,0.4876711845397949,0.02124652862548828
0.3,1,0.0464159,0.9,20,0.5833333333333333,0.136218778278017,569,0.7166666666666667,0.6166666666666667,0.45,0.7333333333333334,0.4,0.4985199451446533,0.02118854522705078
0.3,1,0.0464159,0.9,50,0.55,0.10954451150103325,722,0.5333333333333333,0.43333333333333335,0.45,0.7333333333333334,0.6000000000000001,0.51917724609375,0.02125868797302246
0.3,1,0.16681,0.1,5,0.6066666666666667,0.12498888839501784,435,0.5333333333333333,0.7166666666666667,0.65,0.7333333333333334,0.4,0.5328634738922119,0.021300268173217774
0.3,1,0.16681,0.1,10,0.5933333333333334,0.12762793146051096,523,0.6333333333333333,0.8166666666666667,0.5666666666666667,0.45,0.5,0.5367446899414062,0.02145066261291504
0.3,1,0.16681,0.1,20,0.64,0.10143416036468628,234,0.5333333333333333,0.7166666666666667,0.7333333333333334,0.7166666666666667,0.5,0.5427723407745362,0.021194028854370116
0.3,1,0.16681,0.1,50,0.6833333333333333,0.042163702135578414,103,0.6333333333333333,0.7166666666666667,0.7333333333333334,0.6333333333333333,0.7,0.5576233863830566,0.021323728561401366
0.3,1,0.16681,0.3,5,0.6266666666666667,0.07039570693980958,288,0.5333333333333333,0.6166666666666667,0.75,0.6333333333333333,0.6000000000000001,0.5416399002075195,0.0212677001953125
0.3,1,0.16681,0.3,10,0.68,0.1161416759345623,121,0.5333333333333333,0.8166666666666667,0.8166666666666667,0.6333333333333333,0.6000000000000001,0.5468409061431885,0.021160125732421875
0.3,1,0.16681,0.3,20,0.6466666666666667,0.08259674462242579,200,0.6333333333333333,0.7166666666666667,0.7333333333333334,0.65,0.5,0.550310754776001,0.02222585678100586
0.3,1,0.16681,0.3,50,0.7,0.0674948557710553,66,0.6333333333333333,0.7166666666666667,0.8166666666666667,0.6333333333333333,0.7,0.5669023990631104,0.021068668365478514
0.3,1,0.16681,0.5,5,0.6100000000000001,0.02494438257849293,351,0.6333333333333333,0.6166666666666667,0.5666666666666667,0.6333333333333333,0.6000000000000001,0.54794921875,0.021369457244873047
0.3,1,0.16681,0.5,10,0.5866666666666667,0.12710450643291746,553,0.43333333333333335,0.7166666666666667,0.7333333333333334,0.45,0.6000000000000001,0.5506382942199707,0.02128424644470215
0.3,1,0.16681,0.5,20,0.7000000000000001,0.0767390962214756,65,0.6333333333333333,0.7166666666666667,0.8166666666666667,0.7333333333333334,0.6,0.5568799018859864,0.021268749237060548
0.3,1,0.16681,0.5,50,0.6833333333333333,0.05577733510227174,103,0.6333333333333333,0.7166666666666667,0.7333333333333334,0.7333333333333334,0.6,0.5748125553131104,0.02139129638671875
0.3,1,0.16681,0.7,5,0.6466666666666667,0.06944222218666553,200,0.6333333333333333,0.7166666666666667,0.7333333333333334,0.55,0.6000000000000001,0.5519719123840332,0.021303749084472655
0.3,1,0.16681,0.7,10,0.6633333333333333,0.05206833117271103,150,0.6333333333333333,0.7166666666666667,0.7333333333333334,0.6333333333333333,0.6000000000000001,0.5595486164093018,0.021245765686035156
0.3,1,0.16681,0.7,20,0.7,0.1233783701554783,66,0.6333333333333333,0.7166666666666667,0.8333333333333333,0.8166666666666667,0.5,0.5646082401275635,0.021288299560546876
0.3,1,0.16681,0.7,50,0.7033333333333334,0.07774602526460399,57,0.6333333333333333,0.6166666666666667,0.8333333333333333,0.7333333333333334,0.7,0.5791835308074951,0.021130180358886717
0.3,1,0.16681,0.9,5,0.6633333333333333,0.07333333333333335,150,0.6333333333333333,0.7166666666666667,0.7333333333333334,0.5333333333333333,0.7,0.5452088832855224,0.02132887840270996
0.3,1,0.16681,0.9,10,0.6233333333333333,0.11035296904831234,303,0.7333333333333334,0.6166666666666667,0.7333333333333334,0.43333333333333335,0.6000000000000001,0.5521690368652343,0.021212053298950196
0.3,1,0.16681,0.9,20,0.6433333333333333,0.07859884081701067,212,0.7333333333333334,0.6166666666666667,0.7333333333333334,0.5333333333333333,0.6000000000000001,0.5580838203430176,0.021318817138671876
0.3,1,0.16681,0.9,50,0.6466666666666667,0.1185092588975412,200,0.7333333333333334,0.43333333333333335,0.7333333333333334,0.7333333333333334,0.6000000000000001,0.5767126083374023,0.021029281616210937
0.3,1,0.599484,0.1,5,0.59,0.11234866364235144,550,0.5333333333333333,0.6333333333333333,0.6666666666666666,0.7166666666666667,0.4,0.5999223232269287,0.0212125301361084
0.3,1,0.599484,0.1,10,0.55,0.11352924243950932,722,0.5333333333333333,0.7166666666666667,0.3666666666666667,0.5333333333333333,0.6,0.6036156177520752,0.021459531784057618
0.3,1,0.599484,0.1,20,0.5866666666666667,0.0784573486395988,553,0.5333333333333333,0.7166666666666667,0.6333333333333333,0.55,0.5,0.6089432716369629,0.021259117126464843
0.3,1,0.599484,0.1,50,0.7166666666666666,0.05868938953886337,33,0.7166666666666667,0.7166666666666667,0.8166666666666667,0.6333333333333333,0.7,0.6233887195587158,0.02115740776062012
0.3,1,0.599484,0.3,5,0.6,0.0674948557710553,484,0.5333333333333333,0.7166666666666667,0.5333333333333333,0.6166666666666667,0.6000000000000001,0.6245596408843994,0.02142224311828613
0.3,1,0.599484,0.3,10,0.6466666666666667,0.11125546178852425,200,0.6333333333333333,0.7166666666666667,0.5666666666666667,0.8166666666666667,0.5,0.6276218891143799,0.0212918758392334
0.3,1,0.599484,0.3,20,0.5833333333333333,0.08027729719194864,569,0.5333333333333333,0.7166666666666667,0.6333333333333333,0.5333333333333333,0.5,0.6335082530975342,0.021294260025024415
0.3,1,0.599484,0.3,50,0.6633333333333333,0.04521553322083513,150,0.6333333333333333,0.6166666666666667,0.7333333333333334,0.6333333333333333,0.7,0.6510510921478272,0.021196460723876952
0.3,1,0.599484,0.5,5,0.6433333333333333,0.07423685817106697,212,0.5333333333333333,0.7166666666666667,0.6333333333333333,0.7333333333333334,0.6000000000000001,0.6417739868164063,0.021206474304199217
0.3,1,0.599484,0.5,10,0.6866666666666668,0.13556466271775172,100,0.6333333333333333,0.7166666666666667,0.6666666666666666,0.9166666666666667,0.5,0.6453259468078614,0.02133798599243164
0.3,1,0.599484,0.5,20,0.6833333333333333,0.08027729719194865,103,0.6333333333333333,0.8166666666666667,0.7333333333333334,0.6333333333333333,0.6,0.6515601634979248,0.021248769760131837
0.3,1,0.599484,0.5,50,0.7,0.0674948557710553,66,0.6333333333333333,0.7166666666666667,0.8166666666666667,0.6333333333333333,0.7,0.6696844577789307,0.021173477172851562
0.3,1,0.599484,0.7,5,0.6766666666666666,0.0992191737742481,136,0.5333333333333333,0.7166666666666667,0.8166666666666667,0.7166666666666667,0.6000000000000001,0.6620922088623047,0.02136063575744629
0.3,1,0.599484,0.7,10,0.5866666666666667,0.0784573486395988,553,0.5333333333333333,0.7166666666666667,0.6333333333333333,0.55,0.5,0.6683742523193359,0.021248531341552735
0.3,1,0.599484,0.7,20,0.6433333333333333,0.08273115763993906,212,0.6333333333333333,0.7166666666666667,0.7333333333333334,0.6333333333333333,0.5,0.6708576202392578,0.021401071548461915
0.3,1,0.599484,0.7,50,0.7,0.03496029493900508,66,0.6333333333333333,0.7166666666666667,0.7333333333333334,0.7166666666666667,0.7,0.6893543720245361,0.021105241775512696
0.3,1,0.599484,0.9,5,0.6566666666666666,0.0992191737742481,197,0.5333333333333333,0.6166666666666667,0.8166666666666667,0.7166666666666667,0.6000000000000001,0.721013355255127,0.021346282958984376
0.3,1,0.599484,0.9,10,0.6266666666666667,0.12498888839501784,288,0.7333333333333334,0.7166666666666667,0.7333333333333334,0.45,0.5,0.7253110408782959,0.021093368530273438
0.3,1,0.599484,0.9,20,0.6433333333333333,0.08273115763993906,212,0.6333333333333333,0.7166666666666667,0.7333333333333334,0.6333333333333333,0.5,0.7319376945495606,0.02121248245239258
0.3,1,0.599484,0.9,50,0.6633333333333333,0.05811865258054232,150,0.6333333333333333,0.6166666666666667,0.7333333333333334,0.7333333333333334,0.6000000000000001,0.7507737159729004,0.021054506301879883
0.3,1,2.15443,0.1,5,0.5733333333333334,0.05637178175095921,598,0.5333333333333333,0.6166666666666667,0.48333333333333334,0.6333333333333333,0.6,0.7045666217803955,0.021172428131103517
0.3,1,2.15443,0.1,10,0.7166666666666666,0.1299572579307862,33,0.5333333333333333,0.6333333333333333,0.9,0.8166666666666667,0.7,0.7084999561309815,0.02084832191467285
0.3,1,2.15443,0.1,20,0.6599999999999999,0.07498147919467996,173,0.5333333333333333,0.7166666666666667,0.7333333333333334,0.6166666666666667,0.7,0.7145823478698731,0.02123723030090332
0.3,1,2.15443,0.1,50,0.7366666666666667,0.032317865716108875,8,0.7166666666666667,0.7166666666666667,0.7333333333333334,0.7166666666666667,0.8,0.7306124687194824,0.021093273162841798
0.3,1,2.15443,0.3,5,0.5900000000000001,0.17113996870657913,538,0.5333333333333333,0.8166666666666667,0.6666666666666666,0.6333333333333333,0.30000000000000004,0.7766124725341796,0.021358299255371093
0.3,1,2.15443,0.3,10,0.7400000000000001,0.11671427600007732,6,0.6333333333333333,0.8166666666666667,0.7333333333333334,0.9166666666666667,0.6000000000000001,0.7850044727325439,0.021016836166381836
0.3,1,2.15443,0.3,20,0.5866666666666667,0.08259674462242579,553,0.5333333333333333,0.7166666666666667,0.65,0.5333333333333333,0.5,0.7885047435760498,0.02118401527404785
0.3,1,2.15443,0.3,50,0.6633333333333333,0.04521553322083513,150,0.6333333333333333,0.6166666666666667,0.7333333333333334,0.6333333333333333,0.7,0.805241870880127,0.021205711364746093
0.3,1,2.15443,0.5,5,0.62,0.12445436468396313,319,0.5333333333333333,0.8166666666666667,0.5333333333333333,0.7166666666666667,0.5,0.8345574855804443,0.021424388885498045
0.3,1,2.15443,0.5,10,0.6633333333333333,0.05206833117271103,150,0.6333333333333333,0.7166666666666667,0.6333333333333333,0.7333333333333334,0.6000000000000001,0.8510350227355957,0.02137618064880371
0.3,1,2.15443,0.5,20,0.5833333333333333,0.1085254706406647,569,0.5333333333333333,0.7166666666666667,0.6333333333333333,0.6333333333333333,0.4,0.8492926597595215,0.021123504638671874
0.3,1,2.15443,0.5,50,0.68,0.04642796092394707,121,0.6333333333333333,0.6166666666666667,0.7166666666666667,0.7333333333333334,0.7,0.8664494037628174,0.02110881805419922
0.3,1,2.15443,0.7,5,0.6633333333333333,0.1462114146630754,150,0.5333333333333333,0.9166666666666667,0.5333333333333333,0.7333333333333334,0.6000000000000001,0.8663856029510498,0.02120213508605957
0.3,1,2.15443,0.7,10,0.6633333333333333,0.05206833117271103,150,0.6333333333333333,0.7166666666666667,0.6333333333333333,0.7333333333333334,0.6000000000000001,0.8667514801025391,0.021445274353027344
0.3,1,2.15443,0.7,20,0.6033333333333333,0.077746025264604,457,0.6333333333333333,0.7166666666666667,0.6333333333333333,0.5333333333333333,0.5,0.8766904830932617,0.021412181854248046
0.3,1,2.15443,0.7,50,0.7033333333333334,0.03711842908553351,57,0.6333333333333333,0.7166666666666667,0.7333333333333334,0.7333333333333334,0.7,0.8918284416198731,0.021248865127563476
0.3,1,2.15443,0.9,5,0.64,0.1108552609887726,234,0.5333333333333333,0.8166666666666667,0.5333333333333333,0.7166666666666667,0.6000000000000001,0.9023042678833008,0.021234941482543946
0.3,1,2.15443,0.9,10,0.6833333333333333,0.0557773351022717,103,0.6333333333333333,0.7166666666666667,0.7333333333333334,0.7333333333333334,0.6000000000000001,0.9046830654144287,0.021170425415039062
0.3,1,2.15443,0.9,20,0.6233333333333333,0.05925462944877059,303,0.6333333333333333,0.7166666666666667,0.6333333333333333,0.5333333333333333,0.6,0.9110982418060303,0.02130613327026367
0.3,1,2.15443,0.9,50,0.7033333333333334,0.03711842908553351,57,0.6333333333333333,0.7166666666666667,0.7333333333333334,0.7333333333333334,0.7,0.9326298236846924,0.021240234375
0.3,1,7.74264,0.1,5,0.57,0.17074997966487593,636,0.5333333333333333,0.6166666666666667,0.5666666666666667,0.8333333333333333,0.30000000000000004,0.7921126842498779,0.021431446075439453
0.3,1,7.74264,0.1,10,0.5466666666666666,0.0784573486395988,748,0.5333333333333333,0.43333333333333335,0.65,0.6166666666666667,0.5,0.7972923755645752,0.021154403686523438
0.3,1,7.74264,0.1,20,0.5866666666666667,0.03858612300930074,553,0.5333333333333333,0.6166666666666667,0.55,0.6333333333333333,0.6,0.8013350009918213,0.021236610412597657
0.3,1,7.74264,0.1,50,0.7133333333333333,0.05906681715556451,41,0.8,0.7166666666666667,0.7333333333333334,0.6166666666666667,0.7,0.8204296112060547,0.02105875015258789
0.3,1,7.74264,0.3,5,0.5700000000000001,0.13759844960366863,623,0.5333333333333333,0.8,0.48333333333333334,0.6333333333333333,0.4,0.9027403831481934,0.021218585968017577
0.3,1,7.74264,0.3,10,0.6366666666666666,0.16241236953439775,278,0.5333333333333333,0.8166666666666667,0.6166666666666667,0.8166666666666667,0.4,0.9073309898376465,0.021040868759155274
0.3,1,7.74264,0.3,20,0.68,0.07408703590297623,121,0.5333333333333333,0.7166666666666667,0.7333333333333334,0.7166666666666667,0.7,0.9124742984771729,0.02111506462097168
0.3,1,7.74264,0.3,50,0.7,0.0674948557710553,66,0.6333333333333333,0.7166666666666667,0.8166666666666667,0.6333333333333333,0.7,0.9316926956176758,0.021330499649047853
0.3,1,7.74264,0.5,5,0.67,0.1309792180292567,146,0.5333333333333333,0.9166666666666667,0.6666666666666666,0.6333333333333333,0.6000000000000001,1.0213796138763427,0.021093034744262697
0.3,1,7.74264,0.5,10,0.66,0.16619934483090545,168,0.5333333333333333,0.8166666666666667,0.7333333333333334,0.8166666666666667,0.4,1.0263736248016357,0.021237754821777345
0.3,1,7.74264,0.5,20,0.5900000000000001,0.08069145624606804,538,0.5333333333333333,0.7166666666666667,0.65,0.55,0.5,1.033021831512451,0.021255064010620116
0.3,1,7.74264,0.5,50,0.6633333333333333,0.04521553322083513,150,0.6333333333333333,0.6166666666666667,0.7333333333333334,0.6333333333333333,0.7,1.0528742790222168,0.02125372886657715
0.3,1,7.74264,0.7,5,0.6433333333333333,0.14204850501775015,212,0.5333333333333333,0.9166666666666667,0.5333333333333333,0.6333333333333333,0.6000000000000001,1.0612843036651611,0.021379709243774414
0.3,1,7.74264,0.7,10,0.72,0.09030811456096043,22,0.6333333333333333,0.8166666666666667,0.7333333333333334,0.8166666666666667,0.6000000000000001,1.0654461860656739,0.021192264556884766
0.3,1,7.74264,0.7,20,0.6233333333333333,0.11035296904831232,303,0.5333333333333333,0.8166666666666667,0.6333333333333333,0.6333333333333333,0.5,1.0686524391174317,0.02119765281677246
0.3,1,7.74264,0.7,50,0.6633333333333333,0.04521553322083513,150,0.6333333333333333,0.6166666666666667,0.7333333333333334,0.6333333333333333,0.7,1.0896085739135741,0.02131361961364746
0.3,1,7.74264,0.9,5,0.6,0.0674948557710553,484,0.5333333333333333,0.6166666666666667,0.5333333333333333,0.7166666666666667,0.6000000000000001,1.1847623825073241,0.021302223205566406
0.3,1,7.74264,0.9,10,0.6833333333333333,0.08027729719194864,103,0.6333333333333333,0.8166666666666667,0.7333333333333334,0.6333333333333333,0.6000000000000001,1.1907166481018066,0.02103848457336426
0.3,1,7.74264,0.9,20,0.6033333333333333,0.1367885635245546,457,0.6333333333333333,0.8166666666666667,0.6333333333333333,0.5333333333333333,0.4,1.1998418331146241,0.02122159004211426
0.3,1,7.74264,0.9,50,0.6833333333333333,0.049441323247304436,103,0.6333333333333333,0.6166666666666667,0.7333333333333334,0.7333333333333334,0.7,1.214101457595825,0.021082162857055664
0.3,1,27.8256,0.1,5,0.5433333333333333,0.13646326326972477,755,0.5333333333333333,0.6,0.5666666666666667,0.7166666666666667,0.30000000000000004,0.8037933349609375,0.021377706527709962
0.3,1,27.8256,0.1,10,0.6266666666666667,0.11382247385975916,288,0.5333333333333333,0.45,0.7333333333333334,0.7166666666666667,0.7,0.8071377754211426,0.021081066131591795
0.3,1,27.8256,0.1,20,0.6233333333333333,0.0793025150224688,303,0.5333333333333333,0.7166666666666667,0.55,0.7166666666666667,0.6,0.8125804901123047,0.02120833396911621
0.3,1,27.8256,0.1,50,0.7166666666666668,0.010540925533894631,25,0.7166666666666667,0.7166666666666667,0.7333333333333334,0.7166666666666667,0.7,0.8287275791168213,0.021179056167602538
0.3,1,27.8256,0.3,5,0.57,0.17074997966487593,636,0.5333333333333333,0.6166666666666667,0.5666666666666667,0.8333333333333333,0.30000000000000004,0.9347252368927002,0.021426582336425783
0.3,1,27.8256,0.3,10,0.5633333333333334,0.10022197585581938,648,0.5333333333333333,0.43333333333333335,0.6333333333333333,0.7166666666666667,0.5,0.9372752666473388,0.02132077217102051
0.3,1,27.8256,0.3,20,0.6266666666666667,0.07498147919467994,288,0.5333333333333333,0.7166666666666667,0.55,0.6333333333333333,0.7,0.9436633110046386,0.02138838768005371
0.3,1,27.8256,0.3,50,0.7166666666666666,0.05868938953886337,33,0.7166666666666667,0.7166666666666667,0.8166666666666667,0.6333333333333333,0.7,0.9594999790191651,0.021153020858764648
0.3,1,27.8256,0.5,5,0.5499999999999999,0.08299933065325821,747,0.5333333333333333,0.6166666666666667,0.5666666666666667,0.6333333333333333,0.4,1.0448385238647462,0.021219730377197266
0.3,1,27.8256,0.5,10,0.7166666666666667,0.1394433377556793,30,0.5333333333333333,0.7166666666666667,0.8166666666666667,0.9166666666666667,0.6,1.0537596225738526,0.02126002311706543
0.3,1,27.8256,0.5,20,0.64,0.0703957069398096,234,0.5333333333333333,0.7166666666666667,0.6333333333333333,0.7166666666666667,0.6,1.0540539741516113,0.02141251564025879
0.3,1,27.8256,0.5,50,0.7166666666666668,0.010540925533894631,25,0.7166666666666667,0.7166666666666667,0.7333333333333334,0.7166666666666667,0.7,1.0719903469085694,0.021790599822998045
0.3,1,27.8256,0.7,5,0.5700000000000001,0.13759844960366863,623,0.5333333333333333,0.8,0.48333333333333334,0.6333333333333333,0.4,1.0779017448425292,0.021288537979125978
0.3,1,27.8256,0.7,10,0.6566666666666667,0.18755739862180268,194,0.5333333333333333,0.8166666666666667,0.6166666666666667,0.9166666666666667,0.4,1.0796821117401123,0.021618413925170898
0.3,1,27.8256,0.7,20,0.68,0.07408703590297623,121,0.5333333333333333,0.7166666666666667,0.7333333333333334,0.7166666666666667,0.7,1.0854763031005858,0.021074771881103516
0.3,1,27.8256,0.7,50,0.7366666666666667,0.032317865716108875,8,0.7166666666666667,0.7166666666666667,0.7333333333333334,0.7166666666666667,0.8,1.101555347442627,0.021166086196899414
0.3,1,27.8256,0.9,5,0.5566666666666666,0.11623730516108463,662,0.5333333333333333,0.7333333333333334,0.48333333333333334,0.6333333333333333,0.4,1.1656073093414308,0.021139907836914062
0.3,1,27.8256,0.9,10,0.62,0.14429907214608909,319,0.5333333333333333,0.8166666666666667,0.6333333333333333,0.7166666666666667,0.4,1.175855779647827,0.021087169647216797
0.3,1,27.8256,0.9,20,0.6466666666666667,0.06446359868604572,200,0.5333333333333333,0.7166666666666667,0.65,0.6333333333333333,0.7,1.1822309970855713,0.02106313705444336
0.3,1,27.8256,0.9,50,0.6833333333333333,0.049441323247304436,103,0.6333333333333333,0.6166666666666667,0.7333333333333334,0.7333333333333334,0.7,1.1972604751586915,0.021133232116699218
0.3,1,100.0,0.1,5,0.5433333333333333,0.13646326326972477,755,0.5333333333333333,0.6,0.5666666666666667,0.7166666666666667,0.30000000000000004,0.8621029853820801,0.021238994598388673
0.3,1,100.0,0.1,10,0.6066666666666667,0.10143416036468625,435,0.5333333333333333,0.45,0.6333333333333333,0.7166666666666667,0.7,0.8623284339904785,0.02143125534057617
0.3,1,100.0,0.1,20,0.6599999999999999,0.09104333522498444,173,0.5333333333333333,0.7166666666666667,0.6333333333333333,0.6166666666666667,0.8,0.8668529987335205,0.021074438095092775
0.3,1,100.0,0.1,50,0.7533333333333333,0.04521553322083512,1,0.7166666666666667,0.7166666666666667,0.8166666666666667,0.7166666666666667,0.8,0.8849909782409668,0.021161603927612304
0.3,1,100.0,0.3,5,0.5433333333333333,0.13646326326972477,755,0.5333333333333333,0.6,0.5666666666666667,0.7166666666666667,0.30000000000000004,0.8669552803039551,0.021511936187744142
0.3,1,100.0,0.3,10,0.6266666666666667,0.11382247385975916,288,0.5333333333333333,0.45,0.7333333333333334,0.7166666666666667,0.7,0.8731790542602539,0.021243906021118163
0.3,1,100.0,0.3,20,0.64,0.0703957069398096,234,0.5333333333333333,0.7166666666666667,0.6333333333333333,0.7166666666666667,0.6,0.8791731357574463,0.021190738677978514
0.3,1,100.0,0.3,50,0.7366666666666667,0.032317865716108875,8,0.7166666666666667,0.7166666666666667,0.7333333333333334,0.7166666666666667,0.8,0.8921199798583984,0.021314573287963868
0.3,1,100.0,0.5,5,0.5433333333333333,0.13646326326972477,755,0.5333333333333333,0.6,0.5666666666666667,0.7166666666666667,0.30000000000000004,0.89688138961792,0.02131786346435547
0.3,1,100.0,0.5,10,0.6233333333333333,0.1302134998974974,303,0.5333333333333333,0.45,0.8166666666666667,0.7166666666666667,0.6,0.9012151718139648,0.021290349960327148
0.3,1,100.0,0.5,20,0.64,0.0873053390247253,234,0.5333333333333333,0.7166666666666667,0.5333333333333333,0.7166666666666667,0.7,0.9065763473510742,0.021099328994750977
0.3,1,100.0,0.5,50,0.7166666666666668,0.010540925533894631,25,0.7166666666666667,0.7166666666666667,0.7333333333333334,0.7166666666666667,0.7,0.9196240425109863,0.02121148109436035
0.3,1,100.0,0.7,5,0.5900000000000001,0.18061622912192085,538,0.5333333333333333,0.7166666666666667,0.5666666666666667,0.8333333333333333,0.30000000000000004,0.9434994697570801,0.021203136444091795
0.3,1,100.0,0.7,10,0.5833333333333333,0.1649915822768611,569,0.5333333333333333,0.35,0.8166666666666667,0.7166666666666667,0.5,0.9528845310211181,0.022300243377685547
0.3,1,100.0,0.7,20,0.6066666666666667,0.08339997335464534,435,0.5333333333333333,0.7166666666666667,0.55,0.5333333333333333,0.7,0.9554798603057861,0.021402359008789062
0.3,1,100.0,0.7,50,0.7166666666666668,0.010540925533894631,25,0.7166666666666667,0.7166666666666667,0.7333333333333334,0.7166666666666667,0.7,0.9701537132263184,0.02110114097595215
0.3,1,100.0,0.9,5,0.5666666666666667,0.16996731711975946,640,0.5333333333333333,0.6,0.5666666666666667,0.8333333333333333,0.30000000000000004,1.0067825317382812,0.021331119537353515
0.3,1,100.0,0.9,10,0.5866666666666667,0.13474255287605158,553,0.5333333333333333,0.43333333333333335,0.65,0.8166666666666667,0.5,1.0042308807373046,0.021456527709960937
0.3,1,100.0,0.9,20,0.5866666666666667,0.06944222218666553,553,0.5333333333333333,0.7166666666666667,0.55,0.5333333333333333,0.6,1.0102596282958984,0.021290397644042967
0.3,1,100.0,0.9,50,0.7,0.03496029493900508,66,0.7166666666666667,0.7166666666666667,0.7333333333333334,0.6333333333333333,0.7,1.0280113220214844,0.0210968017578125
0.3,5,0.001,0.1,5,0.61,0.10088497300281037,362,0.6,0.7,0.43333333333333335,0.7166666666666667,0.6000000000000001,0.4712361335754395,0.02103590965270996
0.3,5,0.001,0.1,10,0.61,0.10088497300281037,362,0.6,0.7,0.43333333333333335,0.7166666666666667,0.6000000000000001,0.47556772232055666,0.021013975143432617
0.3,5,0.001,0.1,20,0.6599999999999999,0.17243356208503416,173,0.6166666666666667,0.5166666666666667,0.45,0.8166666666666667,0.9,0.4808155059814453,0.021201419830322265
0.3,5,0.001,0.1,50,0.5533333333333333,0.2519700158528568,690,0.16666666666666666,0.43333333333333335,0.55,0.9166666666666667,0.7,0.49299869537353513,0.020830392837524414
0.3,5,0.001,0.3,5,0.61,0.10088497300281037,362,0.6,0.7,0.43333333333333335,0.7166666666666667,0.6000000000000001,0.47205352783203125,0.020670413970947266
0.3,5,0.001,0.3,10,0.61,0.10088497300281037,362,0.6,0.7,0.43333333333333335,0.7166666666666667,0.6000000000000001,0.4736335277557373,0.020966386795043944
0.3,5,0.001,0.3,20,0.6599999999999999,0.17243356208503416,173,0.6166666666666667,0.5166666666666667,0.45,0.8166666666666667,0.9,0.4802712440490723,0.020940399169921874
0.3,5,0.001,0.3,50,0.5533333333333333,0.2519700158528568,690,0.16666666666666666,0.43333333333333335,0.55,0.9166666666666667,0.7,0.49167208671569823,0.02111477851867676
0.3,5,0.001,0.5,5,0.61,0.10088497300281037,362,0.6,0.7,0.43333333333333335,0.7166666666666667,0.6000000000000001,0.47255358695983884,0.021196269989013673
0.3,5,0.001,0.5,10,0.61,0.10088497300281037,362,0.6,0.7,0.43333333333333335,0.7166666666666667,0.6000000000000001,0.479368782043457,0.021060466766357422
0.3,5,0.001,0.5,20,0.6599999999999999,0.17243356208503416,173,0.6166666666666667,0.5166666666666667,0.45,0.8166666666666667,0.9,0.48150320053100587,0.021043968200683594
0.3,5,0.001,0.5,50,0.5533333333333333,0.2519700158528568,690,0.16666666666666666,0.43333333333333335,0.55,0.9166666666666667,0.7,0.4917474269866943,0.02102947235107422
0.3,5,0.001,0.7,5,0.61,0.10088497300281037,362,0.6,0.7,0.43333333333333335,0.7166666666666667,0.6000000000000001,0.4733908653259277,0.021089887619018553
0.3,5,0.001,0.7,10,0.61,0.10088497300281037,362,0.6,0.7,0.43333333333333335,0.7166666666666667,0.6000000000000001,0.4747304916381836,0.02089347839355469
0.3,5,0.001,0.7,20,0.6599999999999999,0.17243356208503416,173,0.6166666666666667,0.5166666666666667,0.45,0.8166666666666667,0.9,0.4798919200897217,0.021348094940185545
0.3,5,0.001,0.7,50,0.5533333333333333,0.2519700158528568,690,0.16666666666666666,0.43333333333333335,0.55,0.9166666666666667,0.7,0.4898866653442383,0.021285295486450195
0.3,5,0.001,0.9,5,0.61,0.10088497300281037,362,0.6,0.7,0.43333333333333335,0.7166666666666667,0.6000000000000001,0.47182431221008303,0.020955705642700197
0.3,5,0.001,0.9,10,0.61,0.10088497300281037,362,0.6,0.7,0.43333333333333335,0.7166666666666667,0.6000000000000001,0.47539386749267576,0.021016454696655272
0.3,5,0.001,0.9,20,0.6599999999999999,0.17243356208503416,173,0.6166666666666667,0.5166666666666667,0.45,0.8166666666666667,0.9,0.4802873134613037,0.02092571258544922
0.3,5,0.001,0.9,50,0.5533333333333333,0.2519700158528568,690,0.16666666666666666,0.43333333333333335,0.55,0.9166666666666667,0.7,0.49286413192749023,0.02089557647705078
0.3,5,0.00359381,0.1,5,0.61,0.10088497300281037,362,0.6,0.7,0.43333333333333335,0.7166666666666667,0.6000000000000001,0.4794130325317383,0.02088141441345215
0.3,5,0.00359381,0.1,10,0.61,0.10088497300281037,362,0.6,0.7,0.43333333333333335,0.7166666666666667,0.6000000000000001,0.4748161792755127,0.02102670669555664
0.3,5,0.00359381,0.1,20,0.6599999999999999,0.17243356208503416,173,0.6166666666666667,0.5166666666666667,0.45,0.8166666666666667,0.9,0.48217153549194336,0.020970916748046874
0.3,5,0.00359381,0.1,50,0.5533333333333333,0.2519700158528568,690,0.16666666666666666,0.43333333333333335,0.55,0.9166666666666667,0.7,0.49225525856018065,0.02105703353881836
0.3,5,0.00359381,0.3,5,0.61,0.10088497300281037,362,0.6,0.7,0.43333333333333335,0.7166666666666667,0.6000000000000001,0.47322897911071776,0.021036195755004882
0.3,5,0.00359381,0.3,10,0.61,0.10088497300281037,362,0.6,0.7,0.43333333333333335,0.7166666666666667,0.6000000000000001,0.4731123924255371,0.021036052703857423
0.3,5,0.00359381,0.3,20,0.6599999999999999,0.17243356208503416,173,0.6166666666666667,0.5166666666666667,0.45,0.8166666666666667,0.9,0.4822375774383545,0.022094583511352538
0.3,5,0.00359381,0.3,50,0.5533333333333333,0.2519700158528568,690,0.16666666666666666,0.43333333333333335,0.55,0.9166666666666667,0.7,0.49126853942871096,0.0211972713470459
0.3,5,0.00359381,0.5,5,0.61,0.10088497300281037,362,0.6,0.7,0.43333333333333335,0.7166666666666667,0.6000000000000001,0.4703610897064209,0.021045637130737305
0.3,5,0.00359381,0.5,10,0.61,0.10088497300281037,362,0.6,0.7,0.43333333333333335,0.7166666666666667,0.6000000000000001,0.4735572338104248,0.021046018600463866
0.3,5,0.00359381,0.5,20,0.6599999999999999,0.17243356208503416,173,0.6166666666666667,0.5166666666666667,0.45,0.8166666666666667,0.9,0.479679012298584,0.021219682693481446
0.3,5,0.00359381,0.5,50,0.5533333333333333,0.2519700158528568,690,0.16666666666666666,0.43333333333333335,0.55,0.9166666666666667,0.7,0.4910836696624756,0.02111539840698242
0.3,5,0.00359381,0.7,5,0.61,0.10088497300281037,362,0.6,0.7,0.43333333333333335,0.7166666666666667,0.6000000000000001,0.4859224796295166,0.020829153060913087
0.3,5,0.00359381,0.7,10,0.61,0.10088497300281037,362,0.6,0.7,0.43333333333333335,0.7166666666666667,0.6000000000000001,0.4788661003112793,0.02087721824645996
0.3,5,0.00359381,0.7,20,0.6599999999999999,0.17243356208503416,173,0.6166666666666667,0.5166666666666667,0.45,0.8166666666666667,0.9,0.48022947311401365,0.021127700805664062
0.3,5,0.00359381,0.7,50,0.5533333333333333,0.2519700158528568,690,0.16666666666666666,0.43333333333333335,0.55,0.9166666666666667,0.7,0.49036269187927245,0.02118263244628906
0.3,5,0.00359381,0.9,5,0.61,0.10088497300281037,362,0.6,0.7,0.43333333333333335,0.7166666666666667,0.6000000000000001,0.4719715595245361,0.021324968338012694
0.3,5,0.00359381,0.9,10,0.61,0.10088497300281037,362,0.6,0.7,0.43333333333333335,0.7166666666666667,0.6000000000000001,0.4748562812805176,0.02079944610595703
0.3,5,0.00359381,0.9,20,0.6599999999999999,0.17243356208503416,173,0.6166666666666667,0.5166666666666667,0.45,0.8166666666666667,0.9,0.48138036727905276,0.020841121673583984
0.3,5,0.00359381,0.9,50,0.5533333333333333,0.2519700158528568,690,0.16666666666666666,0.43333333333333335,0.55,0.9166666666666667,0.7,0.49148125648498536,0.020851516723632814
0.3,5,0.0129155,0.1,5,0.6433333333333333,0.07039570693980958,212,0.5333333333333333,0.7166666666666667,0.7166666666666667,0.65,0.6000000000000001,0.484647798538208,0.02085719108581543
0.3,5,0.0129155,0.1,10,0.5666666666666667,0.09249624617007739,640,0.5333333333333333,0.6166666666666667,0.65,0.6333333333333333,0.4,0.4904879093170166,0.021104049682617188
0.3,5,0.0129155,0.1,20,0.6066666666666667,0.1335830993967592,435,0.5333333333333333,0.8,0.65,0.65,0.4,0.4935863971710205,0.0210052490234375
0.3,5,0.0129155,0.1,50,0.6,0.12427567921538166,484,0.5166666666666667,0.7,0.65,0.7333333333333334,0.4,0.502815055847168,0.021040582656860353
0.3,5,0.0129155,0.3,5,0.61,0.10088497300281037,362,0.6,0.7,0.43333333333333335,0.7166666666666667,0.6000000000000001,0.4802436828613281,0.021094512939453126
0.3,5,0.0129155,0.3,10,0.61,0.10088497300281037,362,0.6,0.7,0.43333333333333335,0.7166666666666667,0.6000000000000001,0.4850313663482666,0.020777320861816405
0.3,5,0.0129155,0.3,20,0.6599999999999999,0.17243356208503416,173,0.6166666666666667,0.5166666666666667,0.45,0.8166666666666667,0.9,0.48339381217956545,0.020932865142822266
0.3,5,0.0129155,0.3,50,0.5533333333333333,0.2519700158528568,690,0.16666666666666666,0.43333333333333335,0.55,0.9166666666666667,0.7,0.49345693588256834,0.020969915390014648
0.3,5,0.0129155,0.5,5,0.61,0.10088497300281037,362,0.6,0.7,0.43333333333333335,0.7166666666666667,0.6000000000000001,0.47461609840393065,0.021071863174438477
0.3,5,0.0129155,0.5,10,0.61,0.10088497300281037,362,0.6,0.7,0.43333333333333335,0.7166666666666667,0.6000000000000001,0.47501707077026367,0.020697498321533205
0.3,5,0.0129155,0.5,20,0.6599999999999999,0.17243356208503416,173,0.6166666666666667,0.5166666666666667,0.45,0.8166666666666667,0.9,0.4826486587524414,0.020873260498046876
0.3,5,0.0129155,0.5,50,0.5533333333333333,0.2519700158528568,690,0.16666666666666666,0.43333333333333335,0.55,0.9166666666666667,0.7,0.49433135986328125,0.020931386947631837
0.3,5,0.0129155,0.7,5,0.61,0.10088497300281037,362,0.6,0.7,0.43333333333333335,0.7166666666666667,0.6000000000000001,0.47339258193969724,0.021090984344482422
0.3,5,0.0129155,0.7,10,0.61,0.10088497300281037,362,0.6,0.7,0.43333333333333335,0.7166666666666667,0.6000000000000001,0.47416033744812014,0.020807218551635743
0.3,5,0.0129155,0.7,20,0.6599999999999999,0.17243356208503416,173,0.6166666666666667,0.5166666666666667,0.45,0.8166666666666667,0.9,0.48589382171630857,0.020897579193115235
0.3,5,0.0129155,0.7,50,0.5533333333333333,0.2519700158528568,690,0.16666666666666666,0.43333333333333335,0.55,0.9166666666666667,0.7,0.49317617416381837,0.021065664291381837
0.3,5,0.0129155,0.9,5,0.61,0.10088497300281037,362,0.6,0.7,0.43333333333333335,0.7166666666666667,0.6000000000000001,0.47641844749450685,0.020874738693237305
0.3,5,0.0129155,0.9,10,0.61,0.10088497300281037,362,0.6,0.7,0.43333333333333335,0.7166666666666667,0.6000000000000001,0.4763514518737793,0.020919609069824218
0.3,5,0.0129155,0.9,20,0.6599999999999999,0.17243356208503416,173,0.6166666666666667,0.5166666666666667,0.45,0.8166666666666667,0.9,0.4840970516204834,0.020985794067382813
0.3,5,0.0129155,0.9,50,0.5533333333333333,0.2519700158528568,690,0.16666666666666666,0.43333333333333335,0.55,0.9166666666666667,0.7,0.4909998416900635,0.02097930908203125
0.3,5,0.0464159,0.1,5,0.55,0.05374838498865702,722,0.5333333333333333,0.6166666666666667,0.4666666666666667,0.5333333333333333,0.6000000000000001,0.49251689910888674,0.021266603469848634
0.3,5,0.0464159,0.1,10,0.5733333333333334,0.14243907079480997,598,0.43333333333333335,0.8166666666666667,0.4666666666666667,0.65,0.5,0.49881854057312014,0.020902156829833984
0.3,5,0.0464159,0.1,20,0.6066666666666667,0.09225568335398697,435,0.43333333333333335,0.7,0.65,0.65,0.6000000000000001,0.5011057376861572,0.021112585067749025
0.3,5,0.0464159,0.1,50,0.6433333333333333,0.08273115763993907,212,0.6,0.8,0.5666666666666667,0.65,0.6,0.5118227958679199,0.021102094650268556
0.3,5,0.0464159,0.3,5,0.5,0.07888106377466156,799,0.5333333333333333,0.5333333333333333,0.4666666666666667,0.3666666666666667,0.6000000000000001,0.49384379386901855,0.020786333084106445
0.3,5,0.0464159,0.3,10,0.5833333333333333,0.13207741837439296,569,0.7166666666666667,0.7,0.65,0.45,0.4,0.5018084049224854,0.020987224578857423
0.3,5,0.0464159,0.3,20,0.57,0.09510228411791403,636,0.5333333333333333,0.6166666666666667,0.65,0.65,0.4,0.5033153057098388,0.021136951446533204
0.3,5,0.0464159,0.3,50,0.6033333333333333,0.08326663997864533,457,0.5333333333333333,0.6,0.65,0.7333333333333334,0.5,0.5137420177459717,0.020955896377563475
0.3,5,0.0464159,0.5,5,0.7066666666666667,0.08205689083394113,56,0.5666666666666667,0.7,0.8166666666666667,0.75,0.7,0.48334755897521975,0.020865249633789062
0.3,5,0.0464159,0.5,10,0.66,0.050110987927909675,168,0.65,0.7,0.6166666666666667,0.7333333333333334,0.6000000000000001,0.4891629695892334,0.02085404396057129
0.3,5,0.0464159,0.5,20,0.68,0.08259674462242578,121,0.7333333333333334,0.5166666666666667,0.7166666666666667,0.7333333333333334,0.7,0.49417715072631835,0.02097907066345215
0.3,5,0.0464159,0.5,50,0.6433333333333333,0.12978614889287857,212,0.6333333333333333,0.43333333333333335,0.8166666666666667,0.7333333333333334,0.6000000000000001,0.5061450481414795,0.021036863327026367
0.3,5,0.0464159,0.7,5,0.61,0.10088497300281037,362,0.6,0.7,0.43333333333333335,0.7166666666666667,0.6000000000000001,0.4728426933288574,0.020971345901489257
0.3,5,0.0464159,0.7,10,0.61,0.10088497300281037,362,0.6,0.7,0.43333333333333335,0.7166666666666667,0.6000000000000001,0.4744781494140625,0.020984649658203125
0.3,5,0.0464159,0.7,20,0.6599999999999999,0.17243356208503416,173,0.6166666666666667,0.5166666666666667,0.45,0.8166666666666667,0.9,0.48010854721069335,0.020842838287353515
0.3,5,0.0464159,0.7,50,0.5533333333333333,0.2519700158528568,690,0.16666666666666666,0.43333333333333335,0.55,0.9166666666666667,0.7,0.4970057964324951,0.021089601516723632
0.3,5,0.0464159,0.9,5,0.61,0.10088497300281037,362,0.6,0.7,0.43333333333333335,0.7166666666666667,0.6000000000000001,0.4767955780029297,0.020909786224365234
0.3,5,0.0464159,0.9,10,0.61,0.10088497300281037,362,0.6,0.7,0.43333333333333335,0.7166666666666667,0.6000000000000001,0.47207369804382326,0.021152544021606445
0.3,5,0.0464159,0.9,20,0.6599999999999999,0.17243356208503416,173,0.6166666666666667,0.5166666666666667,0.45,0.8166666666666667,0.9,0.4817936420440674,0.02101435661315918
0.3,5,0.0464159,0.9,50,0.5533333333333333,0.2519700158528568,690,0.16666666666666666,0.43333333333333335,0.55,0.9166666666666667,0.7,0.4933133125305176,0.020941495895385742
0.3,5,0.16681,0.1,5,0.6100000000000001,0.06716480559869961,351,0.5333333333333333,0.7166666666666667,0.55,0.65,0.6000000000000001,0.5240936279296875,0.02119135856628418
0.3,5,0.16681,0.1,10,0.5533333333333333,0.07845734863959877,690,0.5333333333333333,0.5166666666666667,0.4666666666666667,0.55,0.7,0.5276595115661621,0.0209597110748291
0.3,5,0.16681,0.1,20,0.55,0.07817359599705717,722,0.43333333333333335,0.6166666666666667,0.65,0.55,0.5,0.5303576469421387,0.021060371398925783
0.3,5,0.16681,0.1,50,0.7333333333333334,0.07302967433402217,11,0.6,0.8,0.7333333333333334,0.7333333333333334,0.8,0.5469224452972412,0.021245479583740234
0.3,5,0.16681,0.3,5,0.5900000000000001,0.08537498983243798,538,0.5333333333333333,0.7166666666666667,0.4666666666666667,0.6333333333333333,0.6000000000000001,0.5331222534179687,0.02114591598510742
0.3,5,0.16681,0.3,10,0.5933333333333334,0.0873053390247253,523,0.5333333333333333,0.7166666666666667,0.4666666666666667,0.65,0.6000000000000001,0.5375182628631592,0.021129798889160157
0.3,5,0.16681,0.3,20,0.5866666666666667,0.10187137859957415,553,0.43333333333333335,0.7,0.65,0.65,0.5,0.5417759418487549,0.021053409576416014
0.3,5,0.16681,0.3,50,0.7133333333333333,0.0653197264742181,41,0.6,0.8,0.7333333333333334,0.7333333333333334,0.7,0.5510638236999512,0.021069955825805665
0.3,5,0.16681,0.5,5,0.5900000000000001,0.08537498983243798,538,0.5333333333333333,0.7166666666666667,0.4666666666666667,0.6333333333333333,0.6000000000000001,0.5384008884429932,0.02107715606689453
0.3,5,0.16681,0.5,10,0.5333333333333334,0.13374935098492585,763,0.5333333333333333,0.7166666666666667,0.5666666666666667,0.55,0.30000000000000004,0.5432031154632568,0.021043682098388673
0.3,5,0.16681,0.5,20,0.6266666666666667,0.0563717817509592,288,0.5333333333333333,0.7,0.65,0.65,0.6,0.5475256443023682,0.0210416316986084
0.3,5,0.16681,0.5,50,0.6433333333333333,0.07118052168020876,212,0.5333333333333333,0.7,0.7333333333333334,0.65,0.6,0.5574830532073974,0.02101888656616211
0.3,5,0.16681,0.7,5,0.5700000000000001,0.0618241233033047,623,0.5333333333333333,0.6166666666666667,0.4666666666666667,0.6333333333333333,0.6000000000000001,0.5423031330108643,0.02097172737121582
0.3,5,0.16681,0.7,10,0.5666666666666667,0.08944271909999159,640,0.6166666666666667,0.6166666666666667,0.65,0.55,0.4,0.5483564853668212,0.021070003509521484
0.3,5,0.16681,0.7,20,0.6066666666666667,0.0687992248018343,435,0.6166666666666667,0.7,0.5666666666666667,0.65,0.5,0.5541170597076416,0.02123284339904785
0.3,5,0.16681,0.7,50,0.66,0.0501109879279097,168,0.6166666666666667,0.7,0.65,0.7333333333333334,0.6,0.5636446952819825,0.021123981475830077
0.3,5,0.16681,0.9,5,0.5333333333333334,0.06749485577105531,763,0.5333333333333333,0.6166666666666667,0.4666666666666667,0.45,0.6000000000000001,0.5375655651092529,0.021249675750732423
0.3,5,0.16681,0.9,10,0.5466666666666666,0.09510228411791402,748,0.5333333333333333,0.7,0.55,0.55,0.4,0.541176700592041,0.02103724479675293
0.3,5,0.16681,0.9,20,0.6399999999999999,0.1231981240838422,244,0.7166666666666667,0.7,0.7333333333333334,0.65,0.4,0.5467023849487305,0.02097005844116211
0.3,5,0.16681,0.9,50,0.5633333333333334,0.08781293248212993,648,0.6166666666666667,0.6,0.55,0.65,0.4,0.5577303886413574,0.021105575561523437
0.3,5,0.599484,0.1,5,0.56,0.11284207253207175,659,0.5333333333333333,0.55,0.3833333333333333,0.7333333333333334,0.6000000000000001,0.5880036354064941,0.021099090576171875
0.3,5,0.599484,0.1,10,0.51,0.09695359714832659,796,0.6166666666666667,0.6166666666666667,0.3666666666666667,0.45,0.5,0.5936769962310791,0.021014928817749023
0.3,5,0.599484,0.1,20,0.55,0.0408248290463863,722,0.5166666666666667,0.6166666666666667,0.5666666666666667,0.55,0.5,0.5979378700256348,0.021291255950927734
0.3,5,0.599484,0.1,50,0.6933333333333334,0.07118052168020877,93,0.6,0.8,0.7333333333333334,0.6333333333333333,0.7,0.6061461448669434,0.02099289894104004
0.3,5,0.599484,0.3,5,0.5933333333333334,0.1302134998974974,523,0.5333333333333333,0.7166666666666667,0.3666666666666667,0.65,0.7,0.6151410579681397,0.021042776107788087
0.3,5,0.599484,0.3,10,0.5933333333333333,0.1271918935222594,536,0.5333333333333333,0.5333333333333333,0.4666666666666667,0.8333333333333333,0.6000000000000001,0.6179766178131103,0.02116551399230957
0.3,5,0.599484,0.3,20,0.48999999999999994,0.09345230512584124,800,0.5166666666666667,0.6166666666666667,0.3666666666666667,0.55,0.4,0.6217418193817139,0.020875024795532226
0.3,5,0.599484,0.3,50,0.6766666666666665,0.09043106644167026,141,0.6,0.7,0.7333333333333334,0.55,0.8,0.6321187973022461,0.021245765686035156
0.3,5,0.599484,0.5,5,0.61,0.1412641340027806,362,0.5333333333333333,0.7166666666666667,0.3666666666666667,0.7333333333333334,0.7,0.6314908504486084,0.021028566360473632
0.3,5,0.599484,0.5,10,0.6133333333333333,0.08259674462242578,346,0.6333333333333333,0.6166666666666667,0.5666666666666667,0.75,0.5,0.6347854614257813,0.021110963821411134
0.3,5,0.599484,0.5,20,0.5466666666666666,0.08124038404635958,748,0.5166666666666667,0.7,0.4666666666666667,0.55,0.5,0.6398654460906983,0.02110767364501953
0.3,5,0.599484,0.5,50,0.6666666666666666,0.1676636845327906,148,0.35,0.8,0.7333333333333334,0.65,0.8,0.6515939712524415,0.021118736267089842
0.3,5,0.599484,0.7,5,0.6066666666666667,0.06548960901462833,435,0.5333333333333333,0.7166666666666667,0.55,0.6333333333333333,0.6000000000000001,0.6535091400146484,0.021006011962890626
0.3,5,0.599484,0.7,10,0.53,0.12265579661982733,769,0.5333333333333333,0.6166666666666667,0.55,0.65,0.30000000000000004,0.6569428443908691,0.021186447143554686
0.3,5,0.599484,0.7,20,0.5333333333333334,0.05055250296034368,763,0.5333333333333333,0.6166666666666667,0.4666666666666667,0.55,0.5,0.6601809024810791,0.021110057830810547
0.3,5,0.599484,0.7,50,0.6200000000000001,0.12265579661982734,318,0.5166666666666667,0.8,0.55,0.7333333333333334,0.5,0.6707552433013916,0.02115602493286133
0.3,5,0.599484,0.9,5,0.6033333333333334,0.05999999999999998,454,0.5333333333333333,0.7,0.55,0.6333333333333333,0.6000000000000001,0.7122846603393554,0.020998620986938478
0.3,5,0.599484,0.9,10,0.5266666666666667,0.17467430008765203,772,0.5333333333333333,0.7,0.65,0.55,0.2,0.7146570682525635,0.021175241470336913
0.3,5,0.599484,0.9,20,0.5700000000000001,0.08906926143924924,623,0.6166666666666667,0.7166666666666667,0.4666666666666667,0.55,0.5,0.7226381301879883,0.020873594284057616
0.3,5,0.599484,0.9,50,0.6033333333333334,0.11125546178852425,454,0.5166666666666667,0.8,0.55,0.65,0.5,0.7306478023529053,0.02107248306274414
0.3,5,2.15443,0.1,5,0.5566666666666668,0.053333333333333344,660,0.5333333333333333,0.5333333333333333,0.48333333333333334,0.6333333333333333,0.6000000000000001,0.6924204349517822,0.02122020721435547
0.3,5,2.15443,0.1,10,0.6100000000000001,0.14817407180595243,351,0.6166666666666667,0.6333333333333333,0.3666666666666667,0.8333333333333333,0.6000000000000001,0.6984024047851562,0.021210575103759767
0.3,5,2.15443,0.1,20,0.5900000000000001,0.09404490653110587,538,0.5333333333333333,0.7,0.4666666666666667,0.55,0.7,0.7038449764251709,0.021221923828125
0.3,5,2.15443,0.1,50,0.6766666666666667,0.09043106644167026,132,0.6,0.8,0.7333333333333334,0.55,0.7,0.7122963428497314,0.021148872375488282
0.3,5,2.15443,0.3,5,0.5533333333333333,0.1142122779934121,690,0.5333333333333333,0.7166666666666667,0.3833333333333333,0.6333333333333333,0.5,0.767418384552002,0.020974254608154295
0.3,5,2.15443,0.3,10,0.6066666666666667,0.1878533707147383,435,0.5333333333333333,0.9,0.3666666666666667,0.7333333333333334,0.5,0.7791113376617431,0.021182537078857422
0.3,5,2.15443,0.3,20,0.5533333333333333,0.03858612300930076,690,0.5333333333333333,0.6166666666666667,0.5666666666666667,0.55,0.5,0.7768257617950439,0.021245622634887697
0.3,5,2.15443,0.3,50,0.7133333333333333,0.0653197264742181,41,0.6,0.8,0.7333333333333334,0.7333333333333334,0.7,0.7893259525299072,0.02084822654724121
0.3,5,2.15443,0.5,5,0.5466666666666666,0.14959203781544583,748,0.5333333333333333,0.7166666666666667,0.3666666666666667,0.7166666666666667,0.4,0.8362846374511719,0.021508550643920897
0.3,5,2.15443,0.5,10,0.63,0.22120880030716075,282,0.5333333333333333,0.9,0.2833333333333333,0.8333333333333333,0.6000000000000001,0.8326983451843262,0.021095991134643555
0.3,5,2.15443,0.5,20,0.5066666666666667,0.10360180178613368,798,0.6,0.6166666666666667,0.3666666666666667,0.55,0.4,0.8359076499938964,0.02113194465637207
0.3,5,2.15443,0.5,50,0.6766666666666667,0.09637888196533974,132,0.5166666666666667,0.7,0.6333333333333333,0.7333333333333334,0.8,0.8509033679962158,0.021083688735961913
0.3,5,2.15443,0.7,5,0.6100000000000001,0.1569146972791976,351,0.5333333333333333,0.8166666666666667,0.3666666666666667,0.7333333333333334,0.6000000000000001,0.8582789421081543,0.020882081985473634
0.3,5,2.15443,0.7,10,0.5533333333333333,0.15289793254906284,690,0.5333333333333333,0.5333333333333333,0.3666666666666667,0.8333333333333333,0.5,0.8575900077819825,0.02107548713684082
0.3,5,2.15443,0.7,20,0.5266666666666666,0.0879393730551528,774,0.6166666666666667,0.6166666666666667,0.45,0.55,0.4,0.8624628067016602,0.02105083465576172
0.3,5,2.15443,0.7,50,0.6766666666666665,0.06960204339273703,141,0.6,0.8,0.6333333333333333,0.65,0.7,0.8717833995819092,0.02122526168823242
0.3,5,2.15443,0.9,5,0.61,0.15260697523012795,362,0.5333333333333333,0.8166666666666667,0.3666666666666667,0.6333333333333333,0.7,0.892371940612793,0.021100854873657225
0.3,5,2.15443,0.9,10,0.5733333333333334,0.09043106644167026,598,0.5333333333333333,0.5333333333333333,0.4666666666666667,0.7333333333333334,0.6000000000000001,0.8978061676025391,0.0211000919342041
0.3,5,2.15443,0.9,20,0.5633333333333332,0.05206833117271103,653,0.5333333333333333,0.6166666666666667,0.5333333333333333,0.6333333333333333,0.5,0.9048209667205811,0.021210145950317384
0.3,5,2.15443,0.9,50,0.5800000000000001,0.12534397117975446,592,0.43333333333333335,0.8,0.6166666666666667,0.55,0.5,0.915548849105835,0.021065235137939453
0.3,5,7.74264,0.1,5,0.5533333333333333,0.09333333333333335,690,0.5333333333333333,0.5333333333333333,0.4666666666666667,0.7333333333333334,0.5,0.7812744140625,0.020963048934936522
0.3,5,7.74264,0.1,10,0.5733333333333333,0.20237478982214055,615,0.5333333333333333,0.35,0.3666666666666667,0.8166666666666667,0.8,0.7873986244201661,0.020888376235961913
0.3,5,7.74264,0.1,20,0.5900000000000001,0.07195677714974298,538,0.5333333333333333,0.5166666666666667,0.55,0.65,0.7,0.790483045578003,0.020992136001586913
0.3,5,7.74264,0.1,50,0.6733333333333332,0.0793025150224688,144,0.6,0.6166666666666667,0.8166666666666667,0.6333333333333333,0.7,0.8009419918060303,0.0213287353515625
0.3,5,7.74264,0.3,5,0.5733333333333334,0.08856886837057615,598,0.5333333333333333,0.7166666666666667,0.48333333333333334,0.6333333333333333,0.5,0.899184274673462,0.020904159545898436
0.3,5,7.74264,0.3,10,0.6433333333333333,0.19988885800753264,212,0.6166666666666667,0.9,0.3666666666666667,0.8333333333333333,0.5,0.8976039886474609,0.021210718154907226
0.3,5,7.74264,0.3,20,0.5733333333333334,0.06548960901462834,598,0.5333333333333333,0.6166666666666667,0.4666666666666667,0.65,0.6000000000000001,0.9059079170227051,0.021348190307617188
0.3,5,7.74264,0.3,50,0.6799999999999999,0.09153020145163988,129,0.6,0.7166666666666667,0.7333333333333334,0.55,0.8,0.913046932220459,0.02128748893737793
0.3,5,7.74264,0.5,5,0.5733333333333334,0.11185307823708347,598,0.5333333333333333,0.7166666666666667,0.3833333333333333,0.6333333333333333,0.6000000000000001,1.0142305850982667,0.021140003204345705
0.3,5,7.74264,0.5,10,0.6066666666666667,0.1878533707147383,435,0.5333333333333333,0.9,0.3666666666666667,0.7333333333333334,0.5,1.0198214530944825,0.021297407150268555
0.3,5,7.74264,0.5,20,0.5700000000000001,0.08781293248212994,623,0.43333333333333335,0.6166666666666667,0.65,0.65,0.5,1.022322654724121,0.02120833396911621
0.3,5,7.74264,0.5,50,0.68,0.07557189365836423,121,0.6166666666666667,0.8,0.7333333333333334,0.65,0.6000000000000001,1.0331530570983887,0.021022701263427736
0.3,5,7.74264,0.7,5,0.5700000000000001,0.11756794725698931,623,0.5333333333333333,0.7166666666666667,0.3666666666666667,0.6333333333333333,0.6000000000000001,1.0493826389312744,0.020945262908935548
0.3,5,7.74264,0.7,10,0.5900000000000001,0.2107130750570548,538,0.5333333333333333,0.9,0.2833333333333333,0.7333333333333334,0.5,1.0519057273864747,0.021164369583129884
0.3,5,7.74264,0.7,20,0.5466666666666666,0.1411854572303158,748,0.5166666666666667,0.8,0.3666666666666667,0.55,0.5,1.0706759929656982,0.021044826507568358
0.3,5,7.74264,0.7,50,0.6966666666666667,0.06863753427324669,81,0.6,0.8,0.7333333333333334,0.65,0.7,1.065914249420166,0.021063470840454103
0.3,5,7.74264,0.9,5,0.5700000000000001,0.1175679472569893,623,0.5333333333333333,0.6333333333333333,0.3666666666666667,0.7166666666666667,0.6000000000000001,1.1765915393829345,0.021105289459228516
0.3,5,7.74264,0.9,10,0.6100000000000001,0.20591260281974,351,0.5333333333333333,0.9,0.2833333333333333,0.7333333333333334,0.6000000000000001,1.1794175148010253,0.02105369567871094
0.3,5,7.74264,0.9,20,0.5966666666666667,0.08055363982396384,490,0.6,0.6166666666666667,0.5333333333333333,0.7333333333333334,0.5,1.1852118492126464,0.021085691452026368
0.3,5,7.74264,0.9,50,0.7133333333333333,0.0653197264742181,41,0.6,0.7,0.7333333333333334,0.7333333333333334,0.8,1.1955082416534424,0.021189403533935548
0.3,5,27.8256,0.1,5,0.5566666666666666,0.07272474743090476,662,0.5333333333333333,0.65,0.4666666666666667,0.6333333333333333,0.5,0.793853759765625,0.021229267120361328
0.3,5,27.8256,0.1,10,0.5733333333333335,0.16418147141366332,594,0.5333333333333333,0.45,0.3666666666666667,0.8166666666666667,0.7,0.7962374687194824,0.02104506492614746
0.3,5,27.8256,0.1,20,0.5733333333333334,0.030912061651652348,598,0.5333333333333333,0.6166666666666667,0.5666666666666667,0.55,0.6,0.80108642578125,0.021073293685913087
0.3,5,27.8256,0.1,50,0.6766666666666665,0.06960204339273703,141,0.6,0.8,0.65,0.6333333333333333,0.7,0.8142927169799805,0.0211395263671875
0.3,5,27.8256,0.3,5,0.5533333333333333,0.09333333333333335,690,0.5333333333333333,0.5333333333333333,0.4666666666666667,0.7333333333333334,0.5,0.9200632095336914,0.021025466918945312
0.3,5,27.8256,0.3,10,0.5733333333333333,0.20237478982214055,615,0.5333333333333333,0.35,0.3666666666666667,0.8166666666666667,0.8,0.9249235153198242,0.021141719818115235
0.3,5,27.8256,0.3,20,0.5733333333333333,0.08730533902472529,615,0.5333333333333333,0.5166666666666667,0.4666666666666667,0.65,0.7,0.9315339088439941,0.021131420135498048
0.3,5,27.8256,0.3,50,0.6733333333333332,0.04898979485566358,144,0.6,0.7,0.7333333333333334,0.6333333333333333,0.7,0.9430059432983399,0.02118239402770996
0.3,5,27.8256,0.5,5,0.5333333333333333,0.05577733510227169,767,0.5333333333333333,0.5333333333333333,0.4666666666666667,0.6333333333333333,0.5,1.0315281867980957,0.02108287811279297
0.3,5,27.8256,0.5,10,0.5866666666666667,0.15180396715647596,553,0.6166666666666667,0.5166666666666667,0.3666666666666667,0.8333333333333333,0.6000000000000001,1.0353688240051269,0.020978832244873048
0.3,5,27.8256,0.5,20,0.5733333333333334,0.06548960901462834,598,0.5333333333333333,0.6166666666666667,0.4666666666666667,0.65,0.6000000000000001,1.0411879539489746,0.02111506462097168
0.3,5,27.8256,0.5,50,0.64,0.06716480559869961,234,0.6,0.6166666666666667,0.7333333333333334,0.55,0.7,1.0544111251831054,0.021166610717773437
0.3,5,27.8256,0.7,5,0.5733333333333334,0.08856886837057615,598,0.5333333333333333,0.7166666666666667,0.48333333333333334,0.6333333333333333,0.5,1.0672794342041017,0.021049976348876953
0.3,5,27.8256,0.7,10,0.6266666666666667,0.20483055327649619,288,0.5333333333333333,0.9,0.3666666666666667,0.8333333333333333,0.5,1.0698234558105468,0.021050548553466795
0.3,5,27.8256,0.7,20,0.6133333333333333,0.0590668171555645,346,0.5333333333333333,0.6166666666666667,0.5666666666666667,0.65,0.7,1.0758225440979003,0.02106056213378906
0.3,5,27.8256,0.7,50,0.6966666666666667,0.07180219742846009,81,0.6,0.7166666666666667,0.7333333333333334,0.6333333333333333,0.8,1.0830836772918702,0.021068811416625977
0.3,5,27.8256,0.9,5,0.5733333333333334,0.13358309939675922,598,0.5333333333333333,0.7166666666666667,0.3833333333333333,0.7333333333333334,0.5,1.1543299198150634,0.021060609817504884
0.3,5,27.8256,0.9,10,0.6233333333333333,0.18427033281447006,303,0.6166666666666667,0.9,0.3666666666666667,0.7333333333333334,0.5,1.1582375049591065,0.02123284339904785
0.3,5,27.8256,0.9,20,0.5933333333333334,0.06548960901462833,523,0.5333333333333333,0.7166666666666667,0.5666666666666667,0.55,0.6000000000000001,1.1635472297668457,0.020962953567504883
0.3,5,27.8256,0.9,50,0.6966666666666667,0.06863753427324669,81,0.6,0.8,0.7333333333333334,0.65,0.7,1.1719702243804933,0.021168041229248046
0.3,5,100.0,0.1,5,0.5566666666666666,0.07272474743090476,662,0.5333333333333333,0.65,0.4666666666666667,0.6333333333333333,0.5,0.8444340229034424,0.021028947830200196
0.3,5,100.0,0.1,10,0.61,0.13106402167558331,362,0.5333333333333333,0.45,0.55,0.8166666666666667,0.7,0.850201940536499,0.021080923080444337
0.3,5,100.0,0.1,20,0.6266666666666666,0.054365021434333624,300,0.5333333333333333,0.6166666666666667,0.65,0.6333333333333333,0.7,0.8595930099487304,0.022206544876098633
0.3,5,100.0,0.1,50,0.6933333333333334,0.07118052168020877,93,0.6,0.7,0.7333333333333334,0.6333333333333333,0.8,0.863972520828247,0.021144390106201172
0.3,5,100.0,0.3,5,0.5566666666666666,0.07272474743090476,662,0.5333333333333333,0.65,0.4666666666666667,0.6333333333333333,0.5,0.8533300876617431,0.02123236656188965
0.3,5,100.0,0.3,10,0.5733333333333335,0.16418147141366332,594,0.5333333333333333,0.45,0.3666666666666667,0.8166666666666667,0.7,0.8601024627685547,0.02122325897216797
0.3,5,100.0,0.3,20,0.59,0.03590109871423003,550,0.5333333333333333,0.6166666666666667,0.5666666666666667,0.6333333333333333,0.6,0.8676243782043457,0.021088600158691406
0.3,5,100.0,0.3,50,0.7133333333333333,0.08326663997864533,41,0.6,0.8,0.7333333333333334,0.6333333333333333,0.8,0.8738445281982422,0.02104029655456543
0.3,5,100.0,0.5,5,0.5566666666666666,0.07272474743090476,662,0.5333333333333333,0.65,0.4666666666666667,0.6333333333333333,0.5,0.882138729095459,0.020982980728149414
0.3,5,100.0,0.5,10,0.5533333333333335,0.153260852434302,688,0.5333333333333333,0.45,0.3666666666666667,0.8166666666666667,0.6,0.8887171268463134,0.021096038818359374
0.3,5,100.0,0.5,20,0.5933333333333334,0.04027681991198192,523,0.5333333333333333,0.6166666666666667,0.5666666666666667,0.65,0.6,0.8917295455932617,0.021190404891967773
0.3,5,100.0,0.5,50,0.7166666666666667,0.12823589374447564,30,0.6,0.8,0.7333333333333334,0.55,0.9,0.9014076232910156,0.021052455902099608
0.3,5,100.0,0.7,5,0.5700000000000001,0.09568466729604884,623,0.5333333333333333,0.6166666666666667,0.4666666666666667,0.7333333333333334,0.5,0.9321408271789551,0.02125229835510254
0.3,5,100.0,0.7,10,0.5366666666666667,0.20341528403189807,760,0.5333333333333333,0.26666666666666666,0.3666666666666667,0.8166666666666667,0.7,0.9436005115509033,0.021222543716430665
0.3,5,100.0,0.7,20,0.5933333333333334,0.08339997335464536,523,0.5333333333333333,0.6166666666666667,0.4666666666666667,0.65,0.7,0.9433985233306885,0.021008634567260744
0.3,5,100.0,0.7,50,0.7333333333333333,0.0960324019392529,18,0.6,0.7166666666666667,0.7333333333333334,0.7166666666666667,0.9,0.9538291931152344,0.02200603485107422
0.3,5,100.0,0.9,5,0.5933333333333334,0.11623730516108464,523,0.5333333333333333,0.7333333333333334,0.4666666666666667,0.7333333333333334,0.5,0.9899094581604004,0.02099447250366211
0.3,5,100.0,0.9,10,0.5566666666666666,0.23276120333461456,662,0.5333333333333333,0.26666666666666666,0.3666666666666667,0.9166666666666667,0.7,0.992344331741333,0.0213134765625
0.3,5,100.0,0.9,20,0.5900000000000001,0.07195677714974298,538,0.5333333333333333,0.5166666666666667,0.55,0.65,0.7,0.9961460590362549,0.021425628662109376
0.3,5,100.0,0.9,50,0.6899999999999998,0.07423685817106697,99,0.6,0.7,0.8166666666666667,0.6333333333333333,0.7,1.010888671875,0.0212308406829834
