param_clf__max_features,param_clf__min_samples_leaf,param_selector__C,param_selector__l1_ratio,param_selector__top_k,mean_test_score,std_test_score,rank_test_score,split0_test_score,split1_test_score,split2_test_score,split3_test_score,split4_test_score,mean_fit_time,mean_score_time
sqrt,1,0.001,0.1,5,0.61,0.10519822558706333,502,0.45,0.5333333333333333,0.6333333333333333,0.7333333333333334,0.7,0.4913330554962158,0.02135162353515625
sqrt,1,0.001,0.1,10,0.5266666666666666,0.0646357314322177,737,0.5333333333333333,0.43333333333333335,0.5333333333333333,0.6333333333333333,0.5,0.4792302131652832,0.02144899368286133
sqrt,1,0.001,0.1,20,0.5533333333333333,0.12927146286443544,608,0.5333333333333333,0.5333333333333333,0.43333333333333335,0.4666666666666667,0.8,0.4881490707397461,0.02136569023132324
sqrt,1,0.001,0.1,50,0.5799999999999998,0.1151810169544733,569,0.55,0.4666666666666667,0.5166666666666667,0.5666666666666667,0.8,0.49295496940612793,0.021423768997192384
sqrt,1,0.001,0.3,5,0.61,0.10519822558706333,502,0.45,0.5333333333333333,0.6333333333333333,0.7333333333333334,0.7,0.4772996425628662,0.02194056510925293
sqrt,1,0.001,0.3,10,0.5266666666666666,0.0646357314322177,737,0.5333333333333333,0.43333333333333335,0.5333333333333333,0.6333333333333333,0.5,0.4809180736541748,0.02135629653930664
sqrt,1,0.001,0.3,20,0.5533333333333333,0.12927146286443544,608,0.5333333333333333,0.5333333333333333,0.43333333333333335,0.4666666666666667,0.8,0.487534236907959,0.02134737968444824
sqrt,1,0.001,0.3,50,0.5799999999999998,0.1151810169544733,569,0.55,0.4666666666666667,0.5166666666666667,0.5666666666666667,0.8,0.49475851058959963,0.021181583404541016
sqrt,1,0.001,0.5,5,0.61,0.10519822558706333,502,0.45,0.5333333333333333,0.6333333333333333,0.7333333333333334,0.7,0.47595725059509275,0.02149229049682617
sqrt,1,0.001,0.5,10,0.5266666666666666,0.0646357314322177,737,0.5333333333333333,0.43333333333333335,0.5333333333333333,0.6333333333333333,0.5,0.4811854362487793,0.02148404121398926
sqrt,1,0.001,0.5,20,0.5533333333333333,0.12927146286443544,608,0.5333333333333333,0.5333333333333333,0.43333333333333335,0.4666666666666667,0.8,0.48954133987426757,0.02150616645812988
sqrt,1,0.001,0.5,50,0.5799999999999998,0.1151810169544733,569,0.55,0.4666666666666667,0.5166666666666667,0.5666666666666667,0.8,0.4944008350372314,0.021047401428222656
sqrt,1,0.001,0.7,5,0.61,0.10519822558706333,502,0.45,0.5333333333333333,0.6333333333333333,0.7333333333333334,0.7,0.47644877433776855,0.02122359275817871
sqrt,1,0.001,0.7,10,0.5266666666666666,0.0646357314322177,737,0.5333333333333333,0.43333333333333335,0.5333333333333333,0.6333333333333333,0.5,0.481874418258667,0.02144904136657715
sqrt,1,0.001,0.7,20,0.5533333333333333,0.12927146286443544,608,0.5333333333333333,0.5333333333333333,0.43333333333333335,0.4666666666666667,0.8,0.48832039833068847,0.02170286178588867
sqrt,1,0.001,0.7,50,0.5799999999999998,0.1151810169544733,569,0.55,0.4666666666666667,0.5166666666666667,0.5666666666666667,0.8,0.4960479736328125,0.021143627166748048
sqrt,1,0.001,0.9,5,0.61,0.10519822558706333,502,0.45,0.5333333333333333,0.6333333333333333,0.7333333333333334,0.7,0.47663002014160155,0.021286487579345703
sqrt,1,0.001,0.9,10,0.5266666666666666,0.0646357314322177,737,0.5333333333333333,0.43333333333333335,0.5333333333333333,0.6333333333333333,0.5,0.48044915199279786,0.021631288528442382
sqrt,1,0.001,0.9,20,0.5533333333333333,0.12927146286443544,608,0.5333333333333333,0.5333333333333333,0.43333333333333335,0.4666666666666667,0.8,0.49259796142578127,0.021379899978637696
sqrt,1,0.001,0.9,50,0.5799999999999998,0.1151810169544733,569,0.55,0.4666666666666667,0.5166666666666667,0.5666666666666667,0.8,0.4931783199310303,0.021109580993652344
sqrt,1,0.00359381,0.1,5,0.61,0.10519822558706333,502,0.45,0.5333333333333333,0.6333333333333333,0.7333333333333334,0.7,0.47708306312561033,0.021059846878051756
sqrt,1,0.00359381,0.1,10,0.5266666666666666,0.0646357314322177,737,0.5333333333333333,0.43333333333333335,0.5333333333333333,0.6333333333333333,0.5,0.4809552192687988,0.021523380279541017
sqrt,1,0.00359381,0.1,20,0.5533333333333333,0.12927146286443544,608,0.5333333333333333,0.5333333333333333,0.43333333333333335,0.4666666666666667,0.8,0.4890149116516113,0.021446943283081055
sqrt,1,0.00359381,0.1,50,0.5799999999999998,0.1151810169544733,569,0.55,0.4666666666666667,0.5166666666666667,0.5666666666666667,0.8,0.49392104148864746,0.021117782592773436
sqrt,1,0.00359381,0.3,5,0.61,0.10519822558706333,502,0.45,0.5333333333333333,0.6333333333333333,0.7333333333333334,0.7,0.4766427993774414,0.02114896774291992
sqrt,1,0.00359381,0.3,10,0.5266666666666666,0.0646357314322177,737,0.5333333333333333,0.43333333333333335,0.5333333333333333,0.6333333333333333,0.5,0.48067312240600585,0.021772336959838868
sqrt,1,0.00359381,0.3,20,0.5533333333333333,0.12927146286443544,608,0.5333333333333333,0.5333333333333333,0.43333333333333335,0.4666666666666667,0.8,0.48836612701416016,0.021719980239868163
sqrt,1,0.00359381,0.3,50,0.5799999999999998,0.1151810169544733,569,0.55,0.4666666666666667,0.5166666666666667,0.5666666666666667,0.8,0.4931319713592529,0.02123370170593262
sqrt,1,0.00359381,0.5,5,0.61,0.10519822558706333,502,0.45,0.5333333333333333,0.6333333333333333,0.7333333333333334,0.7,0.4757370948791504,0.02128915786743164
sqrt,1,0.00359381,0.5,10,0.5266666666666666,0.0646357314322177,737,0.5333333333333333,0.43333333333333335,0.5333333333333333,0.6333333333333333,0.5,0.4807734489440918,0.021324825286865235
sqrt,1,0.00359381,0.5,20,0.5533333333333333,0.12927146286443544,608,0.5333333333333333,0.5333333333333333,0.43333333333333335,0.4666666666666667,0.8,0.48938279151916503,0.021205902099609375
sqrt,1,0.00359381,0.5,50,0.5799999999999998,0.1151810169544733,569,0.55,0.4666666666666667,0.5166666666666667,0.5666666666666667,0.8,0.4939262866973877,0.021069765090942383
sqrt,1,0.00359381,0.7,5,0.61,0.10519822558706333,502,0.45,0.5333333333333333,0.6333333333333333,0.7333333333333334,0.7,0.4776624202728271,0.021331071853637695
sqrt,1,0.00359381,0.7,10,0.5266666666666666,0.0646357314322177,737,0.5333333333333333,0.43333333333333335,0.5333333333333333,0.6333333333333333,0.5,0.48181767463684083,0.021312570571899413
sqrt,1,0.00359381,0.7,20,0.5533333333333333,0.12927146286443544,608,0.5333333333333333,0.5333333333333333,0.43333333333333335,0.4666666666666667,0.8,0.48928074836730956,0.021193885803222658
sqrt,1,0.00359381,0.7,50,0.5799999999999998,0.1151810169544733,569,0.55,0.4666666666666667,0.5166666666666667,0.5666666666666667,0.8,0.49814453125,0.021073007583618165
sqrt,1,0.00359381,0.9,5,0.61,0.10519822558706333,502,0.45,0.5333333333333333,0.6333333333333333,0.7333333333333334,0.7,0.47642202377319337,0.021018552780151366
sqrt,1,0.00359381,0.9,10,0.5266666666666666,0.0646357314322177,737,0.5333333333333333,0.43333333333333335,0.5333333333333333,0.6333333333333333,0.5,0.4831866264343262,0.02128605842590332
sqrt,1,0.00359381,0.9,20,0.5533333333333333,0.12927146286443544,608,0.5333333333333333,0.5333333333333333,0.43333333333333335,0.4666666666666667,0.8,0.48940472602844237,0.021375656127929688
sqrt,1,0.00359381,0.9,50,0.5799999999999998,0.1151810169544733,569,0.55,0.4666666666666667,0.5166666666666667,0.5666666666666667,0.8,0.49670982360839844,0.02115206718444824
sqrt,1,0.0129155,0.1,5,0.5799999999999998,0.07774602526460399,569,0.6,0.4666666666666667,0.6,0.5333333333333333,0.7,0.4836859226226807,0.02118263244628906
sqrt,1,0.0129155,0.1,10,0.67,0.19646882704388502,251,0.9166666666666667,0.4666666666666667,0.5166666666666667,0.55,0.9,0.48806042671203614,0.021293020248413085
sqrt,1,0.0129155,0.1,20,0.7466666666666667,0.187794213613377,17,1.0,0.4666666666666667,0.7166666666666667,0.65,0.9,0.4922208786010742,0.021227550506591798
sqrt,1,0.0129155,0.1,50,0.6866666666666666,0.16779617264870958,176,0.7333333333333334,0.3833333333333333,0.7,0.7166666666666667,0.9,0.49994773864746095,0.021181488037109376
sqrt,1,0.0129155,0.3,5,0.61,0.10519822558706333,502,0.45,0.5333333333333333,0.6333333333333333,0.7333333333333334,0.7,0.4765296459197998,0.021169090270996095
sqrt,1,0.0129155,0.3,10,0.5266666666666666,0.0646357314322177,737,0.5333333333333333,0.43333333333333335,0.5333333333333333,0.6333333333333333,0.5,0.48218908309936526,0.02121725082397461
sqrt,1,0.0129155,0.3,20,0.5533333333333333,0.12927146286443544,608,0.5333333333333333,0.5333333333333333,0.43333333333333335,0.4666666666666667,0.8,0.4905865669250488,0.021315813064575195
sqrt,1,0.0129155,0.3,50,0.5799999999999998,0.1151810169544733,569,0.55,0.4666666666666667,0.5166666666666667,0.5666666666666667,0.8,0.4980344295501709,0.021170616149902344
sqrt,1,0.0129155,0.5,5,0.61,0.10519822558706333,502,0.45,0.5333333333333333,0.6333333333333333,0.7333333333333334,0.7,0.4763702392578125,0.02135152816772461
sqrt,1,0.0129155,0.5,10,0.5266666666666666,0.0646357314322177,737,0.5333333333333333,0.43333333333333335,0.5333333333333333,0.6333333333333333,0.5,0.48124680519104,0.021225690841674805
sqrt,1,0.0129155,0.5,20,0.5533333333333333,0.12927146286443544,608,0.5333333333333333,0.5333333333333333,0.43333333333333335,0.4666666666666667,0.8,0.48915529251098633,0.02128257751464844
sqrt,1,0.0129155,0.5,50,0.5799999999999998,0.1151810169544733,569,0.55,0.4666666666666667,0.5166666666666667,0.5666666666666667,0.8,0.49371728897094724,0.021093225479125975
sqrt,1,0.0129155,0.7,5,0.61,0.10519822558706333,502,0.45,0.5333333333333333,0.6333333333333333,0.7333333333333334,0.7,0.47693467140197754,0.021273088455200196
sqrt,1,0.0129155,0.7,10,0.5266666666666666,0.0646357314322177,737,0.5333333333333333,0.43333333333333335,0.5333333333333333,0.6333333333333333,0.5,0.4828811168670654,0.02122325897216797
sqrt,1,0.0129155,0.7,20,0.5533333333333333,0.12927146286443544,608,0.5333333333333333,0.5333333333333333,0.43333333333333335,0.4666666666666667,0.8,0.49280552864074706,0.021428489685058595
sqrt,1,0.0129155,0.7,50,0.5799999999999998,0.1151810169544733,569,0.55,0.4666666666666667,0.5166666666666667,0.5666666666666667,0.8,0.4938056945800781,0.02119917869567871
sqrt,1,0.0129155,0.9,5,0.61,0.10519822558706333,502,0.45,0.5333333333333333,0.6333333333333333,0.7333333333333334,0.7,0.47727055549621583,0.02141861915588379
sqrt,1,0.0129155,0.9,10,0.5266666666666666,0.0646357314322177,737,0.5333333333333333,0.43333333333333335,0.5333333333333333,0.6333333333333333,0.5,0.4824925422668457,0.021332502365112305
sqrt,1,0.0129155,0.9,20,0.5533333333333333,0.12927146286443544,608,0.5333333333333333,0.5333333333333333,0.43333333333333335,0.4666666666666667,0.8,0.4900529384613037,0.02135443687438965
sqrt,1,0.0129155,0.9,50,0.5799999999999998,0.1151810169544733,569,0.55,0.4666666666666667,0.5166666666666667,0.5666666666666667,0.8,0.49465789794921877,0.02127361297607422
sqrt,1,0.0464159,0.1,5,0.68,0.12534397117975446,219,0.8,0.48333333333333334,0.6,0.8166666666666667,0.7,0.49872603416442873,0.021402454376220702
sqrt,1,0.0464159,0.1,10,0.68,0.1528979325490629,219,0.9,0.4666666666666667,0.6,0.6333333333333333,0.8,0.49811949729919436,0.02123150825500488
sqrt,1,0.0464159,0.1,20,0.6666666666666667,0.15740958604156793,256,0.7166666666666667,0.4666666666666667,0.5166666666666667,0.7333333333333334,0.9,0.5014523506164551,0.021180248260498045
sqrt,1,0.0464159,0.1,50,0.7033333333333334,0.1872016144279863,100,0.9166666666666667,0.4666666666666667,0.5166666666666667,0.7166666666666667,0.9,0.5075918674468994,0.0211972713470459
sqrt,1,0.0464159,0.3,5,0.55,0.10381607668264958,672,0.6,0.3833333333333333,0.5166666666666667,0.55,0.7,0.49526009559631345,0.021170854568481445
sqrt,1,0.0464159,0.3,10,0.7033333333333334,0.18208667044996887,100,1.0,0.4666666666666667,0.6166666666666667,0.6333333333333333,0.8,0.4989339351654053,0.021123552322387697
sqrt,1,0.0464159,0.3,20,0.7433333333333334,0.15040685563571307,19,1.0,0.5666666666666667,0.7166666666666667,0.6333333333333333,0.8,0.5036865711212158,0.021310186386108397
sqrt,1,0.0464159,0.3,50,0.7366666666666667,0.19390719429665318,42,1.0,0.4666666666666667,0.6,0.7166666666666667,0.9,0.5123749256134034,0.021691417694091795
sqrt,1,0.0464159,0.5,5,0.6533333333333333,0.10614455552060438,354,0.45,0.65,0.7333333333333334,0.7333333333333334,0.7,0.4858001708984375,0.021058130264282226
sqrt,1,0.0464159,0.5,10,0.69,0.12274635093014648,168,0.5333333333333333,0.65,0.7333333333333334,0.6333333333333333,0.9,0.49090728759765623,0.021456003189086914
sqrt,1,0.0464159,0.5,20,0.5633333333333332,0.14391355429948605,607,0.5333333333333333,0.3833333333333333,0.6333333333333333,0.4666666666666667,0.8,0.49800734519958495,0.021180391311645508
sqrt,1,0.0464159,0.5,50,0.6399999999999999,0.14779866184930243,428,0.55,0.48333333333333334,0.7,0.5666666666666667,0.9,0.5023977279663085,0.021294069290161134
sqrt,1,0.0464159,0.7,5,0.61,0.10519822558706333,502,0.45,0.5333333333333333,0.6333333333333333,0.7333333333333334,0.7,0.4772337436676025,0.021386146545410156
sqrt,1,0.0464159,0.7,10,0.5266666666666666,0.0646357314322177,737,0.5333333333333333,0.43333333333333335,0.5333333333333333,0.6333333333333333,0.5,0.48074631690979003,0.021512699127197266
sqrt,1,0.0464159,0.7,20,0.5533333333333333,0.12927146286443544,608,0.5333333333333333,0.5333333333333333,0.43333333333333335,0.4666666666666667,0.8,0.4890458106994629,0.021749067306518554
sqrt,1,0.0464159,0.7,50,0.5799999999999998,0.1151810169544733,569,0.55,0.4666666666666667,0.5166666666666667,0.5666666666666667,0.8,0.4938774108886719,0.021228933334350587
sqrt,1,0.0464159,0.9,5,0.61,0.10519822558706333,502,0.45,0.5333333333333333,0.6333333333333333,0.7333333333333334,0.7,0.47638401985168455,0.021300125122070312
sqrt,1,0.0464159,0.9,10,0.5266666666666666,0.0646357314322177,737,0.5333333333333333,0.43333333333333335,0.5333333333333333,0.6333333333333333,0.5,0.4817024230957031,0.021228647232055663
sqrt,1,0.0464159,0.9,20,0.5533333333333333,0.12927146286443544,608,0.5333333333333333,0.5333333333333333,0.43333333333333335,0.4666666666666667,0.8,0.488851261138916,0.021310853958129882
sqrt,1,0.0464159,0.9,50,0.5799999999999998,0.1151810169544733,569,0.55,0.4666666666666667,0.5166666666666667,0.5666666666666667,0.8,0.4958635330200195,0.0214871883392334
sqrt,1,0.16681,0.1,5,0.7233333333333333,0.15151090903151349,65,0.9,0.48333333333333334,0.6166666666666667,0.8166666666666667,0.8,0.5253594875335693,0.021266937255859375
sqrt,1,0.16681,0.1,10,0.5966666666666667,0.16343534229508352,550,0.7333333333333334,0.3833333333333333,0.43333333333333335,0.6333333333333333,0.8,0.5296842575073242,0.021065568923950194
sqrt,1,0.16681,0.1,20,0.7033333333333333,0.17619433715203348,125,0.8166666666666667,0.4666666666666667,0.5166666666666667,0.8166666666666667,0.9,0.5314594745635987,0.021233558654785156
sqrt,1,0.16681,0.1,50,0.6666666666666667,0.19090428084368471,256,0.8166666666666667,0.3833333333333333,0.5166666666666667,0.7166666666666667,0.9,0.5382685661315918,0.021181535720825196
sqrt,1,0.16681,0.3,5,0.7066666666666667,0.14476033833738977,90,0.9,0.48333333333333334,0.6166666666666667,0.7333333333333334,0.8,0.5274986743927002,0.02119579315185547
sqrt,1,0.16681,0.3,10,0.6833333333333333,0.15129074290546957,187,0.8,0.4666666666666667,0.6166666666666667,0.6333333333333333,0.9,0.5306125164031983,0.021292734146118163
sqrt,1,0.16681,0.3,20,0.6799999999999999,0.12884098726725124,227,0.7,0.4666666666666667,0.6166666666666667,0.8166666666666667,0.8,0.5340434551239014,0.02141566276550293
sqrt,1,0.16681,0.3,50,0.6833333333333333,0.18226964152656422,187,0.9,0.48333333333333334,0.5166666666666667,0.6166666666666667,0.9,0.5411530017852784,0.021239519119262695
sqrt,1,0.16681,0.5,5,0.6466666666666667,0.12445436468396313,368,0.8,0.48333333333333334,0.5166666666666667,0.7333333333333334,0.7,0.5338257789611817,0.021227550506591798
sqrt,1,0.16681,0.5,10,0.7433333333333334,0.19136933459209762,19,1.0,0.4666666666666667,0.6166666666666667,0.7333333333333334,0.9,0.5372382164001465,0.021331930160522462
sqrt,1,0.16681,0.5,20,0.7433333333333333,0.1284955684493092,26,0.8166666666666667,0.5666666666666667,0.6166666666666667,0.8166666666666667,0.9,0.5393654823303222,0.021175479888916014
sqrt,1,0.16681,0.5,50,0.7233333333333334,0.16213848676020412,54,0.9,0.48333333333333334,0.6166666666666667,0.7166666666666667,0.9,0.546760082244873,0.021423530578613282
sqrt,1,0.16681,0.7,5,0.7,0.14259499757471625,132,0.8,0.5666666666666667,0.5166666666666667,0.7166666666666667,0.9,0.5296896934509278,0.021234703063964844
sqrt,1,0.16681,0.7,10,0.7266666666666667,0.19510680835549196,50,1.0,0.4666666666666667,0.6166666666666667,0.65,0.9,0.5329689502716064,0.021417856216430664
sqrt,1,0.16681,0.7,20,0.78,0.18239152027072603,2,1.0,0.4666666666666667,0.7166666666666667,0.8166666666666667,0.9,0.5365905284881591,0.021307659149169923
sqrt,1,0.16681,0.7,50,0.7,0.14944341180973264,132,0.9,0.4666666666666667,0.7166666666666667,0.6166666666666667,0.8,0.544860553741455,0.021196413040161132
sqrt,1,0.16681,0.9,5,0.6599999999999999,0.16885233522551918,340,0.8,0.45,0.5166666666666667,0.6333333333333333,0.9,0.5269635200500489,0.021157312393188476
sqrt,1,0.16681,0.9,10,0.7266666666666667,0.19510680835549196,50,1.0,0.4666666666666667,0.6166666666666667,0.65,0.9,0.5296236038208008,0.021387338638305664
sqrt,1,0.16681,0.9,20,0.76,0.19339079605813717,7,1.0,0.4666666666666667,0.6166666666666667,0.8166666666666667,0.9,0.5332938194274902,0.021385622024536134
sqrt,1,0.16681,0.9,50,0.7233333333333334,0.16213848676020412,54,0.9,0.48333333333333334,0.6166666666666667,0.7166666666666667,0.9,0.5402492046356201,0.021102714538574218
sqrt,1,0.599484,0.1,5,0.7233333333333333,0.12498888839501784,65,0.8,0.48333333333333334,0.7166666666666667,0.8166666666666667,0.8,0.5984306335449219,0.021314239501953124
sqrt,1,0.599484,0.1,10,0.6266666666666667,0.14779866184930243,456,0.7166666666666667,0.4666666666666667,0.43333333333333335,0.7166666666666667,0.8,0.5985770702362061,0.02140040397644043
sqrt,1,0.599484,0.1,20,0.6666666666666666,0.1894436298451043,275,0.9,0.3833333333333333,0.5166666666666667,0.7333333333333334,0.8,0.6016866207122803,0.021227216720581053
sqrt,1,0.599484,0.1,50,0.6666666666666667,0.19090428084368471,256,0.8166666666666667,0.3833333333333333,0.5166666666666667,0.7166666666666667,0.9,0.6056504249572754,0.02128610610961914
sqrt,1,0.599484,0.3,5,0.7433333333333333,0.16619934483090548,26,0.9,0.48333333333333334,0.6166666666666667,0.8166666666666667,0.9,0.6087705135345459,0.021178770065307616
sqrt,1,0.599484,0.3,10,0.7066666666666667,0.18336363385966759,90,0.8,0.3833333333333333,0.8166666666666667,0.6333333333333333,0.9,0.6105279445648193,0.02120490074157715
sqrt,1,0.599484,0.3,20,0.6433333333333333,0.1730767331432956,400,0.9,0.4666666666666667,0.5166666666666667,0.5333333333333333,0.8,0.6136484622955323,0.021294546127319337
sqrt,1,0.599484,0.3,50,0.7033333333333334,0.19590247006553485,100,0.8166666666666667,0.4666666666666667,0.5166666666666667,0.7166666666666667,1.0,0.6206115245819092,0.021175575256347657
sqrt,1,0.599484,0.5,5,0.6633333333333333,0.1557776192739723,307,0.9,0.48333333333333334,0.5,0.7333333333333334,0.7,0.6232878208160401,0.021186017990112306
sqrt,1,0.599484,0.5,10,0.6233333333333334,0.16719914938645936,480,0.8,0.3666666666666667,0.5166666666666667,0.6333333333333333,0.8,0.6259572505950928,0.02135767936706543
sqrt,1,0.599484,0.5,20,0.6266666666666666,0.19223827807061622,473,0.9,0.3833333333333333,0.5166666666666667,0.5333333333333333,0.8,0.6280635833740235,0.021080923080444337
sqrt,1,0.599484,0.5,50,0.7033333333333334,0.19362047641943478,100,0.9,0.3833333333333333,0.6166666666666667,0.7166666666666667,0.9,0.6358613491058349,0.02119588851928711
sqrt,1,0.599484,0.7,5,0.7533333333333333,0.09741092797468305,16,0.9,0.7333333333333334,0.6166666666666667,0.8166666666666667,0.7,0.6356539249420166,0.02110595703125
sqrt,1,0.599484,0.7,10,0.6233333333333334,0.16719914938645936,480,0.8,0.3666666666666667,0.5166666666666667,0.6333333333333333,0.8,0.6422533512115478,0.02127532958984375
sqrt,1,0.599484,0.7,20,0.6633333333333333,0.18838494867926392,307,0.9,0.3833333333333333,0.5166666666666667,0.7166666666666667,0.8,0.6403558254241943,0.021363210678100587
sqrt,1,0.599484,0.7,50,0.7033333333333334,0.19362047641943478,100,0.9,0.3833333333333333,0.6166666666666667,0.7166666666666667,0.9,0.6467763423919678,0.021531391143798827
sqrt,1,0.599484,0.9,5,0.7366666666666667,0.12578641509408806,42,0.8,0.7333333333333334,0.5166666666666667,0.7333333333333334,0.9,0.6563254356384277,0.02124500274658203
sqrt,1,0.599484,0.9,10,0.6433333333333333,0.15902480589168752,400,0.8,0.3666666666666667,0.6166666666666667,0.6333333333333333,0.8,0.6582655429840087,0.021249771118164062
sqrt,1,0.599484,0.9,20,0.68,0.16512621435334449,219,0.9,0.4666666666666667,0.5166666666666667,0.7166666666666667,0.8,0.6614845275878907,0.02112441062927246
sqrt,1,0.599484,0.9,50,0.6833333333333333,0.18226964152656422,187,0.9,0.48333333333333334,0.5166666666666667,0.6166666666666667,0.9,0.6705078125,0.021495819091796875
sqrt,1,2.15443,0.1,5,0.7733333333333332,0.0402768199119819,5,0.8,0.7333333333333334,0.7166666666666667,0.8166666666666667,0.8,0.713115119934082,0.021355056762695314
sqrt,1,2.15443,0.1,10,0.6499999999999999,0.18499249234015477,363,0.8166666666666667,0.4666666666666667,0.43333333333333335,0.6333333333333333,0.9,0.7114366054534912,0.021331167221069335
sqrt,1,2.15443,0.1,20,0.6300000000000001,0.14039626459101792,436,0.8,0.48333333333333334,0.5166666666666667,0.55,0.8,0.7186545848846435,0.021322298049926757
sqrt,1,2.15443,0.1,50,0.6866666666666666,0.20011108026404845,176,0.8166666666666667,0.3833333333333333,0.5166666666666667,0.8166666666666667,0.9,0.7168118953704834,0.021164464950561523
sqrt,1,2.15443,0.3,5,0.7366666666666666,0.15470401847829726,48,0.8,0.45,0.7166666666666667,0.8166666666666667,0.9,0.7691929817199707,0.02122983932495117
sqrt,1,2.15443,0.3,10,0.7233333333333334,0.14552586635295384,54,0.8166666666666667,0.4666666666666667,0.7166666666666667,0.7166666666666667,0.9,0.7715303897857666,0.021053504943847657
sqrt,1,2.15443,0.3,20,0.6266666666666666,0.12587471725666136,473,0.8166666666666667,0.4666666666666667,0.5166666666666667,0.6333333333333333,0.7,0.7701234340667724,0.021332693099975587
sqrt,1,2.15443,0.3,50,0.7033333333333334,0.1839081896551163,100,0.9,0.4666666666666667,0.5166666666666667,0.7333333333333334,0.9,0.7797009468078613,0.021115779876708984
sqrt,1,2.15443,0.5,5,0.6700000000000002,0.11323525167642018,250,0.7333333333333334,0.48333333333333334,0.6166666666666667,0.8166666666666667,0.7,0.8173716545104981,0.02132573127746582
sqrt,1,2.15443,0.5,10,0.74,0.14854853303438129,28,0.9,0.4666666666666667,0.8166666666666667,0.7166666666666667,0.8,0.8165669441223145,0.021338129043579103
sqrt,1,2.15443,0.5,20,0.7,0.1520233900132184,132,0.9,0.4666666666666667,0.6,0.7333333333333334,0.8,0.8254491806030273,0.02112436294555664
sqrt,1,2.15443,0.5,50,0.74,0.17146428199482247,28,0.9,0.4666666666666667,0.6166666666666667,0.8166666666666667,0.9,0.8235321998596191,0.02132759094238281
sqrt,1,2.15443,0.7,5,0.7033333333333334,0.1465908895153068,100,0.9,0.48333333333333334,0.6166666666666667,0.8166666666666667,0.7,0.812291955947876,0.021057987213134767
sqrt,1,2.15443,0.7,10,0.6833333333333333,0.16699966733167135,187,0.9,0.3833333333333333,0.7166666666666667,0.7166666666666667,0.7,0.8150311946868897,0.021251535415649413
sqrt,1,2.15443,0.7,20,0.6666666666666667,0.2092313976863362,256,0.7166666666666667,0.3833333333333333,0.5166666666666667,0.7166666666666667,1.0,0.8191927909851074,0.021440792083740234
sqrt,1,2.15443,0.7,50,0.7066666666666667,0.19396448701301544,90,0.9,0.3833333333333333,0.6166666666666667,0.7333333333333334,0.9,0.8243188381195068,0.02138833999633789
sqrt,1,2.15443,0.9,5,0.6566666666666666,0.1711399687065792,343,0.9,0.48333333333333334,0.6333333333333333,0.4666666666666667,0.8,0.8577021598815918,0.02134842872619629
sqrt,1,2.15443,0.9,10,0.7433333333333334,0.15902480589168752,19,0.9,0.4666666666666667,0.7166666666666667,0.7333333333333334,0.9,0.8588332653045654,0.02130098342895508
sqrt,1,2.15443,0.9,20,0.6266666666666667,0.1756258649642599,456,0.7166666666666667,0.3833333333333333,0.5166666666666667,0.6166666666666667,0.9,0.8606810569763184,0.02117576599121094
sqrt,1,2.15443,0.9,50,0.72,0.1889738371074449,69,0.9,0.3833333333333333,0.7,0.7166666666666667,0.9,0.868049955368042,0.021105575561523437
sqrt,1,7.74264,0.1,5,0.6966666666666667,0.10821788720498618,153,0.7166666666666667,0.5333333333333333,0.6166666666666667,0.8166666666666667,0.8,0.7772665977478027,0.021222543716430665
sqrt,1,7.74264,0.1,10,0.6499999999999999,0.18499249234015477,363,0.8166666666666667,0.4666666666666667,0.43333333333333335,0.6333333333333333,0.9,0.7804255962371827,0.0213773250579834
sqrt,1,7.74264,0.1,20,0.6833333333333333,0.07888106377466157,187,0.8,0.5666666666666667,0.7166666666666667,0.6333333333333333,0.7,0.7827548980712891,0.02123403549194336
sqrt,1,7.74264,0.1,50,0.6266666666666667,0.15333333333333335,456,0.7166666666666667,0.3833333333333333,0.5166666666666667,0.7166666666666667,0.8,0.7893578052520752,0.021204185485839844
sqrt,1,7.74264,0.3,5,0.74,0.06548960901462834,28,0.6333333333333333,0.7333333333333334,0.7166666666666667,0.8166666666666667,0.8,0.9344018459320068,0.021385765075683592
sqrt,1,7.74264,0.3,10,0.7033333333333334,0.151803967156476,100,0.8166666666666667,0.4666666666666667,0.6166666666666667,0.7166666666666667,0.9,0.9375519752502441,0.021352481842041016
sqrt,1,7.74264,0.3,20,0.6433333333333333,0.12892719737209146,400,0.8,0.4666666666666667,0.5166666666666667,0.7333333333333334,0.7,0.9455983161926269,0.021102523803710936
sqrt,1,7.74264,0.3,50,0.7033333333333333,0.21328124364061854,125,0.9,0.3833333333333333,0.5166666666666667,0.8166666666666667,0.9,0.9479935169219971,0.021210432052612305
sqrt,1,7.74264,0.5,5,0.7166666666666666,0.13784048752090225,83,0.8,0.45,0.7166666666666667,0.8166666666666667,0.8,0.9904142379760742,0.0225496768951416
sqrt,1,7.74264,0.5,10,0.7233333333333334,0.16519348924485155,54,0.9,0.4666666666666667,0.7166666666666667,0.6333333333333333,0.9,0.9965905666351318,0.02131800651550293
sqrt,1,7.74264,0.5,20,0.6633333333333333,0.1564892612574067,307,0.9,0.4666666666666667,0.5166666666666667,0.7333333333333334,0.7,0.9967016696929931,0.020993709564208984
sqrt,1,7.74264,0.5,50,0.72,0.1895608961081724,69,0.9,0.4666666666666667,0.5166666666666667,0.8166666666666667,0.9,1.000109815597534,0.021130132675170898
sqrt,1,7.74264,0.7,5,0.7033333333333334,0.13224556283251582,100,0.7333333333333334,0.45,0.7166666666666667,0.8166666666666667,0.8,1.1060361862182617,0.021404170989990236
sqrt,1,7.74264,0.7,10,0.76,0.15077577170531523,7,0.9,0.4666666666666667,0.8166666666666667,0.8166666666666667,0.8,1.1081721782684326,0.02111949920654297
sqrt,1,7.74264,0.7,20,0.6466666666666667,0.1866071333637121,368,0.9,0.3833333333333333,0.5166666666666667,0.6333333333333333,0.8,1.1113247394561767,0.021099376678466796
sqrt,1,7.74264,0.7,50,0.7033333333333333,0.21328124364061854,125,0.9,0.3833333333333333,0.5166666666666667,0.8166666666666667,0.9,1.1182938098907471,0.021045827865600587
sqrt,1,7.74264,0.9,5,0.6900000000000001,0.1108552609887726,166,0.7333333333333334,0.48333333333333334,0.7166666666666667,0.8166666666666667,0.7,1.1354284286499023,0.021341371536254882
sqrt,1,7.74264,0.9,10,0.76,0.11284207253207172,7,0.9,0.5666666666666667,0.8166666666666667,0.7166666666666667,0.8,1.139806365966797,0.021288347244262696
sqrt,1,7.74264,0.9,20,0.63,0.1755625877635159,440,0.7166666666666667,0.3833333333333333,0.5166666666666667,0.6333333333333333,0.9,1.1461394786834718,0.02127671241760254
sqrt,1,7.74264,0.9,50,0.6866666666666666,0.17745108872274887,176,0.8,0.3833333333333333,0.6166666666666667,0.7333333333333334,0.9,1.1499276161193848,0.0212801456451416
sqrt,1,27.8256,0.1,5,0.6433333333333333,0.06960204339273701,400,0.5333333333333333,0.6333333333333333,0.6166666666666667,0.7333333333333334,0.7,0.7809420585632324,0.021335887908935546
sqrt,1,27.8256,0.1,10,0.6133333333333333,0.17993826101687707,496,0.8166666666666667,0.3833333333333333,0.43333333333333335,0.6333333333333333,0.8,0.7829173564910888,0.02117314338684082
sqrt,1,27.8256,0.1,20,0.6833333333333333,0.12605113600792692,187,0.8,0.48333333333333334,0.7166666666666667,0.8166666666666667,0.6000000000000001,0.785202169418335,0.021337270736694336
sqrt,1,27.8256,0.1,50,0.6866666666666666,0.18116904322268257,176,0.8166666666666667,0.3833333333333333,0.6,0.7333333333333334,0.9,0.7912181377410888,0.021181726455688478
sqrt,1,27.8256,0.3,5,0.6566666666666666,0.13646326326972483,343,0.5333333333333333,0.5333333333333333,0.6166666666666667,0.9,0.7,0.9098628520965576,0.021073150634765624
sqrt,1,27.8256,0.3,10,0.6299999999999999,0.16069294390925268,446,0.8166666666666667,0.4666666666666667,0.43333333333333335,0.6333333333333333,0.8,0.9128964900970459,0.021138572692871095
sqrt,1,27.8256,0.3,20,0.6833333333333333,0.07888106377466157,187,0.8,0.5666666666666667,0.7166666666666667,0.6333333333333333,0.7,0.9163015365600586,0.02133183479309082
sqrt,1,27.8256,0.3,50,0.6666666666666667,0.19090428084368471,256,0.8166666666666667,0.3833333333333333,0.5166666666666667,0.7166666666666667,0.9,0.9235764503479004,0.02109384536743164
sqrt,1,27.8256,0.5,5,0.7366666666666667,0.04136557881996952,42,0.7166666666666667,0.7333333333333334,0.7166666666666667,0.8166666666666667,0.7,1.0422610282897948,0.021210575103759767
sqrt,1,27.8256,0.5,10,0.7066666666666667,0.150037032465692,90,0.8166666666666667,0.4666666666666667,0.7166666666666667,0.6333333333333333,0.9,1.0452300548553466,0.021238374710083007
sqrt,1,27.8256,0.5,20,0.7066666666666667,0.12409673645990857,90,0.9,0.5666666666666667,0.6166666666666667,0.65,0.8,1.0475968360900878,0.0213137149810791
sqrt,1,27.8256,0.5,50,0.6466666666666667,0.16944353369518445,368,0.8166666666666667,0.3833333333333333,0.5166666666666667,0.7166666666666667,0.8,1.0559174060821532,0.02136063575744629
sqrt,1,27.8256,0.7,5,0.74,0.06548960901462834,28,0.6333333333333333,0.7333333333333334,0.7166666666666667,0.8166666666666667,0.8,1.1327643394470215,0.02143969535827637
sqrt,1,27.8256,0.7,10,0.74,0.15937377450509227,28,0.9,0.4666666666666667,0.7166666666666667,0.7166666666666667,0.9,1.1363990783691407,0.021250200271606446
sqrt,1,27.8256,0.7,20,0.6300000000000001,0.10718623460542351,436,0.7166666666666667,0.48333333333333334,0.5166666666666667,0.7333333333333334,0.7,1.1392950534820556,0.02113828659057617
sqrt,1,27.8256,0.7,50,0.7033333333333333,0.21328124364061854,125,0.9,0.3833333333333333,0.5166666666666667,0.8166666666666667,0.9,1.143600082397461,0.021184968948364257
sqrt,1,27.8256,0.9,5,0.74,0.06548960901462834,28,0.6333333333333333,0.7333333333333334,0.7166666666666667,0.8166666666666667,0.8,1.178063154220581,0.02114524841308594
sqrt,1,27.8256,0.9,10,0.7233333333333334,0.16519348924485155,54,0.9,0.4666666666666667,0.7166666666666667,0.6333333333333333,0.9,1.1828184127807617,0.021116065979003906
sqrt,1,27.8256,0.9,20,0.5933333333333334,0.09921917377424809,552,0.7166666666666667,0.5666666666666667,0.5166666666666667,0.4666666666666667,0.7,1.181975507736206,0.02148861885070801
sqrt,1,27.8256,0.9,50,0.7033333333333334,0.1839081896551163,100,0.9,0.4666666666666667,0.5166666666666667,0.7333333333333334,0.9,1.1870187759399413,0.02123103141784668
sqrt,1,100.0,0.1,5,0.6433333333333333,0.06960204339273701,400,0.5333333333333333,0.6333333333333333,0.6166666666666667,0.7333333333333334,0.7,0.8317229270935058,0.02141880989074707
sqrt,1,100.0,0.1,10,0.6266666666666666,0.16485684025170985,473,0.8166666666666667,0.4666666666666667,0.4166666666666667,0.6333333333333333,0.8,0.8346525192260742,0.021212339401245117
sqrt,1,100.0,0.1,20,0.6833333333333333,0.18226964152656422,187,0.8,0.3833333333333333,0.7166666666666667,0.9166666666666667,0.6000000000000001,0.838187313079834,0.021402263641357423
sqrt,1,100.0,0.1,50,0.6666666666666667,0.19090428084368471,256,0.7166666666666667,0.3833333333333333,0.5166666666666667,0.8166666666666667,0.9,0.8437805652618409,0.02129950523376465
sqrt,1,100.0,0.3,5,0.6433333333333333,0.06960204339273701,400,0.5333333333333333,0.6333333333333333,0.6166666666666667,0.7333333333333334,0.7,0.8387720108032226,0.021166086196899414
sqrt,1,100.0,0.3,10,0.6299999999999999,0.16069294390925268,446,0.8166666666666667,0.4666666666666667,0.43333333333333335,0.6333333333333333,0.8,0.8424727439880371,0.021355724334716795
sqrt,1,100.0,0.3,20,0.6633333333333333,0.1596524001977073,307,0.8,0.3833333333333333,0.7166666666666667,0.8166666666666667,0.6000000000000001,0.8451543331146241,0.021230316162109374
sqrt,1,100.0,0.3,50,0.6866666666666666,0.20011108026404845,176,0.8166666666666667,0.3833333333333333,0.5166666666666667,0.8166666666666667,0.9,0.8503453731536865,0.021436738967895507
sqrt,1,100.0,0.5,5,0.6233333333333334,0.08273115763993906,480,0.5333333333333333,0.5333333333333333,0.6166666666666667,0.7333333333333334,0.7,0.8684402465820312,0.02132549285888672
sqrt,1,100.0,0.5,10,0.6299999999999999,0.16069294390925268,446,0.8166666666666667,0.4666666666666667,0.43333333333333335,0.6333333333333333,0.8,0.870423412322998,0.021334218978881835
sqrt,1,100.0,0.5,20,0.6666666666666666,0.10593499054713804,275,0.8,0.48333333333333334,0.7166666666666667,0.6333333333333333,0.7,0.8718725681304932,0.021200942993164062
sqrt,1,100.0,0.5,50,0.6666666666666667,0.19090428084368471,256,0.8166666666666667,0.3833333333333333,0.5166666666666667,0.7166666666666667,0.9,0.8794683456420899,0.0213470458984375
sqrt,1,100.0,0.7,5,0.6233333333333334,0.08273115763993906,480,0.5333333333333333,0.5333333333333333,0.6166666666666667,0.7333333333333334,0.7,0.9104054927825928,0.02128157615661621
sqrt,1,100.0,0.7,10,0.6299999999999999,0.16069294390925268,446,0.8166666666666667,0.4666666666666667,0.43333333333333335,0.6333333333333333,0.8,0.91570143699646,0.02111339569091797
sqrt,1,100.0,0.7,20,0.6433333333333333,0.10934146311237818,400,0.8,0.4666666666666667,0.6166666666666667,0.6333333333333333,0.7,0.914871072769165,0.02144589424133301
sqrt,1,100.0,0.7,50,0.6666666666666667,0.14063348739819323,256,0.8166666666666667,0.48333333333333334,0.5166666666666667,0.7166666666666667,0.8,0.9220044612884521,0.02117609977722168
sqrt,1,100.0,0.9,5,0.6566666666666666,0.13646326326972483,343,0.5333333333333333,0.5333333333333333,0.6166666666666667,0.9,0.7,0.970525598526001,0.021483135223388673
sqrt,1,100.0,0.9,10,0.6299999999999999,0.16069294390925268,446,0.8166666666666667,0.4666666666666667,0.43333333333333335,0.6333333333333333,0.8,0.9716305732727051,0.02135334014892578
sqrt,1,100.0,0.9,20,0.6666666666666666,0.10593499054713804,275,0.8,0.48333333333333334,0.7166666666666667,0.6333333333333333,0.7,0.9765069961547852,0.02143545150756836
sqrt,1,100.0,0.9,50,0.6466666666666667,0.16944353369518445,368,0.7166666666666667,0.3833333333333333,0.5166666666666667,0.8166666666666667,0.8,0.980903959274292,0.021367835998535156
sqrt,5,0.001,0.1,5,0.5533333333333333,0.05517648452415614,608,0.6333333333333333,0.5333333333333333,0.5166666666666667,0.48333333333333334,0.6,0.4647077083587646,0.02096424102783203
sqrt,5,0.001,0.1,10,0.5333333333333334,0.07378647873726216,689,0.6333333333333333,0.43333333333333335,0.5166666666666667,0.48333333333333334,0.6,0.4761173248291016,0.021128416061401367
sqrt,5,0.001,0.1,20,0.5299999999999999,0.14772346537440223,721,0.6333333333333333,0.5333333333333333,0.5166666666666667,0.26666666666666666,0.7,0.4720351219177246,0.021036243438720702
sqrt,5,0.001,0.1,50,0.5366666666666667,0.06863753427324665,673,0.6333333333333333,0.4666666666666667,0.5166666666666667,0.4666666666666667,0.6,0.4738210678100586,0.02091531753540039
sqrt,5,0.001,0.3,5,0.5533333333333333,0.05517648452415614,608,0.6333333333333333,0.5333333333333333,0.5166666666666667,0.48333333333333334,0.6,0.46803956031799315,0.021099948883056642
sqrt,5,0.001,0.3,10,0.5333333333333334,0.07378647873726216,689,0.6333333333333333,0.43333333333333335,0.5166666666666667,0.48333333333333334,0.6,0.4653649806976318,0.020868968963623048
sqrt,5,0.001,0.3,20,0.5299999999999999,0.14772346537440223,721,0.6333333333333333,0.5333333333333333,0.5166666666666667,0.26666666666666666,0.7,0.4696690559387207,0.0209867000579834
sqrt,5,0.001,0.3,50,0.5366666666666667,0.06863753427324665,673,0.6333333333333333,0.4666666666666667,0.5166666666666667,0.4666666666666667,0.6,0.4766541957855225,0.023654747009277343
sqrt,5,0.001,0.5,5,0.5533333333333333,0.05517648452415614,608,0.6333333333333333,0.5333333333333333,0.5166666666666667,0.48333333333333334,0.6,0.46510906219482423,0.021115589141845702
sqrt,5,0.001,0.5,10,0.5333333333333334,0.07378647873726216,689,0.6333333333333333,0.43333333333333335,0.5166666666666667,0.48333333333333334,0.6,0.4657876014709473,0.020996570587158203
sqrt,5,0.001,0.5,20,0.5299999999999999,0.14772346537440223,721,0.6333333333333333,0.5333333333333333,0.5166666666666667,0.26666666666666666,0.7,0.4685783863067627,0.020891618728637696
sqrt,5,0.001,0.5,50,0.5366666666666667,0.06863753427324665,673,0.6333333333333333,0.4666666666666667,0.5166666666666667,0.4666666666666667,0.6,0.47473554611206054,0.021143341064453126
sqrt,5,0.001,0.7,5,0.5533333333333333,0.05517648452415614,608,0.6333333333333333,0.5333333333333333,0.5166666666666667,0.48333333333333334,0.6,0.4652341365814209,0.020893955230712892
sqrt,5,0.001,0.7,10,0.5333333333333334,0.07378647873726216,689,0.6333333333333333,0.43333333333333335,0.5166666666666667,0.48333333333333334,0.6,0.46604104042053224,0.021005964279174803
sqrt,5,0.001,0.7,20,0.5299999999999999,0.14772346537440223,721,0.6333333333333333,0.5333333333333333,0.5166666666666667,0.26666666666666666,0.7,0.4689917087554932,0.02109661102294922
sqrt,5,0.001,0.7,50,0.5366666666666667,0.06863753427324665,673,0.6333333333333333,0.4666666666666667,0.5166666666666667,0.4666666666666667,0.6,0.47592525482177733,0.02119441032409668
sqrt,5,0.001,0.9,5,0.5533333333333333,0.05517648452415614,608,0.6333333333333333,0.5333333333333333,0.5166666666666667,0.48333333333333334,0.6,0.46959547996520995,0.021171760559082032
sqrt,5,0.001,0.9,10,0.5333333333333334,0.07378647873726216,689,0.6333333333333333,0.43333333333333335,0.5166666666666667,0.48333333333333334,0.6,0.4706977367401123,0.021122074127197264
sqrt,5,0.001,0.9,20,0.5299999999999999,0.14772346537440223,721,0.6333333333333333,0.5333333333333333,0.5166666666666667,0.26666666666666666,0.7,0.47109055519104004,0.021204280853271484
sqrt,5,0.001,0.9,50,0.5366666666666667,0.06863753427324665,673,0.6333333333333333,0.4666666666666667,0.5166666666666667,0.4666666666666667,0.6,0.47536659240722656,0.021063232421875
sqrt,5,0.00359381,0.1,5,0.5533333333333333,0.05517648452415614,608,0.6333333333333333,0.5333333333333333,0.5166666666666667,0.48333333333333334,0.6,0.46520581245422366,0.021110677719116212
sqrt,5,0.00359381,0.1,10,0.5333333333333334,0.07378647873726216,689,0.6333333333333333,0.43333333333333335,0.5166666666666667,0.48333333333333334,0.6,0.46664953231811523,0.020897483825683592
sqrt,5,0.00359381,0.1,20,0.5299999999999999,0.14772346537440223,721,0.6333333333333333,0.5333333333333333,0.5166666666666667,0.26666666666666666,0.7,0.46956629753112794,0.021106529235839843
sqrt,5,0.00359381,0.1,50,0.5366666666666667,0.06863753427324665,673,0.6333333333333333,0.4666666666666667,0.5166666666666667,0.4666666666666667,0.6,0.48753156661987307,0.021031713485717772
sqrt,5,0.00359381,0.3,5,0.5533333333333333,0.05517648452415614,608,0.6333333333333333,0.5333333333333333,0.5166666666666667,0.48333333333333334,0.6,0.46477251052856444,0.02106184959411621
sqrt,5,0.00359381,0.3,10,0.5333333333333334,0.07378647873726216,689,0.6333333333333333,0.43333333333333335,0.5166666666666667,0.48333333333333334,0.6,0.4662987232208252,0.02104673385620117
sqrt,5,0.00359381,0.3,20,0.5299999999999999,0.14772346537440223,721,0.6333333333333333,0.5333333333333333,0.5166666666666667,0.26666666666666666,0.7,0.4689191341400146,0.021130943298339845
sqrt,5,0.00359381,0.3,50,0.5366666666666667,0.06863753427324665,673,0.6333333333333333,0.4666666666666667,0.5166666666666667,0.4666666666666667,0.6,0.4751720428466797,0.020949172973632812
sqrt,5,0.00359381,0.5,5,0.5533333333333333,0.05517648452415614,608,0.6333333333333333,0.5333333333333333,0.5166666666666667,0.48333333333333334,0.6,0.4642954349517822,0.0210848331451416
sqrt,5,0.00359381,0.5,10,0.5333333333333334,0.07378647873726216,689,0.6333333333333333,0.43333333333333335,0.5166666666666667,0.48333333333333334,0.6,0.46531176567077637,0.021051740646362303
sqrt,5,0.00359381,0.5,20,0.5299999999999999,0.14772346537440223,721,0.6333333333333333,0.5333333333333333,0.5166666666666667,0.26666666666666666,0.7,0.46824169158935547,0.02092766761779785
sqrt,5,0.00359381,0.5,50,0.5366666666666667,0.06863753427324665,673,0.6333333333333333,0.4666666666666667,0.5166666666666667,0.4666666666666667,0.6,0.47754430770874023,0.0210357666015625
sqrt,5,0.00359381,0.7,5,0.5533333333333333,0.05517648452415614,608,0.6333333333333333,0.5333333333333333,0.5166666666666667,0.48333333333333334,0.6,0.47122879028320314,0.022832584381103516
sqrt,5,0.00359381,0.7,10,0.5333333333333334,0.07378647873726216,689,0.6333333333333333,0.43333333333333335,0.5166666666666667,0.48333333333333334,0.6,0.4647063255310059,0.020941448211669923
sqrt,5,0.00359381,0.7,20,0.5299999999999999,0.14772346537440223,721,0.6333333333333333,0.5333333333333333,0.5166666666666667,0.26666666666666666,0.7,0.4690581798553467,0.021030426025390625
sqrt,5,0.00359381,0.7,50,0.5366666666666667,0.06863753427324665,673,0.6333333333333333,0.4666666666666667,0.5166666666666667,0.4666666666666667,0.6,0.4744851112365723,0.02084827423095703
sqrt,5,0.00359381,0.9,5,0.5533333333333333,0.05517648452415614,608,0.6333333333333333,0.5333333333333333,0.5166666666666667,0.48333333333333334,0.6,0.46376605033874513,0.02103705406188965
sqrt,5,0.00359381,0.9,10,0.5333333333333334,0.07378647873726216,689,0.6333333333333333,0.43333333333333335,0.5166666666666667,0.48333333333333334,0.6,0.46493945121765134,0.020975065231323243
sqrt,5,0.00359381,0.9,20,0.5299999999999999,0.14772346537440223,721,0.6333333333333333,0.5333333333333333,0.5166666666666667,0.26666666666666666,0.7,0.46875624656677245,0.02089548110961914
sqrt,5,0.00359381,0.9,50,0.5366666666666667,0.06863753427324665,673,0.6333333333333333,0.4666666666666667,0.5166666666666667,0.4666666666666667,0.6,0.4733245372772217,0.021046209335327148
sqrt,5,0.0129155,0.1,5,0.6033333333333333,0.092135166407235,548,0.6166666666666667,0.4666666666666667,0.7,0.5333333333333333,0.7,0.4756474494934082,0.021439075469970703
sqrt,5,0.0129155,0.1,10,0.6266666666666667,0.16552945357246848,456,0.6166666666666667,0.4666666666666667,0.7,0.45,0.9,0.4788819313049316,0.020972156524658205
sqrt,5,0.0129155,0.1,20,0.6633333333333333,0.1484737163421339,307,0.7,0.4666666666666667,0.7,0.55,0.9,0.478989315032959,0.020991706848144533
sqrt,5,0.0129155,0.1,50,0.7,0.17352553446427163,132,0.8,0.3833333333333333,0.7,0.7166666666666667,0.9,0.4831292152404785,0.02133016586303711
sqrt,5,0.0129155,0.3,5,0.5533333333333333,0.05517648452415614,608,0.6333333333333333,0.5333333333333333,0.5166666666666667,0.48333333333333334,0.6,0.4663544178009033,0.020920848846435545
sqrt,5,0.0129155,0.3,10,0.5333333333333334,0.07378647873726216,689,0.6333333333333333,0.43333333333333335,0.5166666666666667,0.48333333333333334,0.6,0.4678053379058838,0.020978546142578124
sqrt,5,0.0129155,0.3,20,0.5299999999999999,0.14772346537440223,721,0.6333333333333333,0.5333333333333333,0.5166666666666667,0.26666666666666666,0.7,0.4681529998779297,0.021160078048706055
sqrt,5,0.0129155,0.3,50,0.5366666666666667,0.06863753427324665,673,0.6333333333333333,0.4666666666666667,0.5166666666666667,0.4666666666666667,0.6,0.4728535175323486,0.02114114761352539
sqrt,5,0.0129155,0.5,5,0.5533333333333333,0.05517648452415614,608,0.6333333333333333,0.5333333333333333,0.5166666666666667,0.48333333333333334,0.6,0.4643997669219971,0.02102952003479004
sqrt,5,0.0129155,0.5,10,0.5333333333333334,0.07378647873726216,689,0.6333333333333333,0.43333333333333335,0.5166666666666667,0.48333333333333334,0.6,0.4652714729309082,0.02101278305053711
sqrt,5,0.0129155,0.5,20,0.5299999999999999,0.14772346537440223,721,0.6333333333333333,0.5333333333333333,0.5166666666666667,0.26666666666666666,0.7,0.46819028854370115,0.021196413040161132
sqrt,5,0.0129155,0.5,50,0.5366666666666667,0.06863753427324665,673,0.6333333333333333,0.4666666666666667,0.5166666666666667,0.4666666666666667,0.6,0.4734673976898193,0.021018314361572265
sqrt,5,0.0129155,0.7,5,0.5533333333333333,0.05517648452415614,608,0.6333333333333333,0.5333333333333333,0.5166666666666667,0.48333333333333334,0.6,0.46384272575378416,0.021107292175292967
sqrt,5,0.0129155,0.7,10,0.5333333333333334,0.07378647873726216,689,0.6333333333333333,0.43333333333333335,0.5166666666666667,0.48333333333333334,0.6,0.4652565956115723,0.02109360694885254
sqrt,5,0.0129155,0.7,20,0.5299999999999999,0.14772346537440223,721,0.6333333333333333,0.5333333333333333,0.5166666666666667,0.26666666666666666,0.7,0.46796374320983886,0.021138572692871095
sqrt,5,0.0129155,0.7,50,0.5366666666666667,0.06863753427324665,673,0.6333333333333333,0.4666666666666667,0.5166666666666667,0.4666666666666667,0.6,0.47656707763671874,0.02209048271179199
sqrt,5,0.0129155,0.9,5,0.5533333333333333,0.05517648452415614,608,0.6333333333333333,0.5333333333333333,0.5166666666666667,0.48333333333333334,0.6,0.4669527053833008,0.021094751358032227
sqrt,5,0.0129155,0.9,10,0.5333333333333334,0.07378647873726216,689,0.6333333333333333,0.43333333333333335,0.5166666666666667,0.48333333333333334,0.6,0.46536736488342284,0.02111163139343262
sqrt,5,0.0129155,0.9,20,0.5299999999999999,0.14772346537440223,721,0.6333333333333333,0.5333333333333333,0.5166666666666667,0.26666666666666666,0.7,0.4686018466949463,0.021040916442871094
sqrt,5,0.0129155,0.9,50,0.5366666666666667,0.06863753427324665,673,0.6333333333333333,0.4666666666666667,0.5166666666666667,0.4666666666666667,0.6,0.4727768421173096,0.021166896820068358
sqrt,5,0.0464159,0.1,5,0.6633333333333333,0.05617433182117572,307,0.7,0.5666666666666667,0.7166666666666667,0.6333333333333333,0.7,0.4849384784698486,0.020979547500610353
sqrt,5,0.0464159,0.1,10,0.6799999999999999,0.11274356350191844,227,0.8,0.5666666666666667,0.7,0.5333333333333333,0.8,0.4897428035736084,0.02102980613708496
sqrt,5,0.0464159,0.1,20,0.6399999999999999,0.15114378731672845,428,0.7,0.4666666666666667,0.6,0.5333333333333333,0.9,0.4904943943023682,0.020902299880981447
sqrt,5,0.0464159,0.1,50,0.7,0.1715938356831167,132,0.9166666666666667,0.55,0.6,0.5333333333333333,0.9,0.4924668788909912,0.020912599563598634
sqrt,5,0.0464159,0.3,5,0.61,0.1108552609887726,502,0.6166666666666667,0.48333333333333334,0.5166666666666667,0.6333333333333333,0.8,0.48584823608398436,0.02094879150390625
sqrt,5,0.0464159,0.3,10,0.72,0.1185092588975412,69,0.8,0.5666666666666667,0.7,0.6333333333333333,0.9,0.48943486213684084,0.021334457397460937
sqrt,5,0.0464159,0.3,20,0.76,0.16384274303259344,7,1.0,0.5666666666666667,0.7,0.6333333333333333,0.9,0.48983173370361327,0.021079874038696288
sqrt,5,0.0464159,0.3,50,0.72,0.19927646903513502,69,0.8,0.3833333333333333,0.7,0.7166666666666667,1.0,0.4938488483428955,0.021048307418823242
sqrt,5,0.0464159,0.5,5,0.5900000000000001,0.13808210118138653,557,0.6333333333333333,0.4,0.6333333333333333,0.48333333333333334,0.8,0.4759124755859375,0.020988035202026366
sqrt,5,0.0464159,0.5,10,0.6799999999999999,0.13638181696985857,227,0.6333333333333333,0.65,0.7333333333333334,0.48333333333333334,0.9,0.4764519214630127,0.02125859260559082
sqrt,5,0.0464159,0.5,20,0.5833333333333333,0.23045848023258142,566,0.6333333333333333,0.3833333333333333,0.7333333333333334,0.26666666666666666,0.9,0.4806393623352051,0.020874166488647462
sqrt,5,0.0464159,0.5,50,0.6566666666666666,0.22350739485653615,343,0.6333333333333333,0.3833333333333333,0.8,0.4666666666666667,1.0,0.48617234230041506,0.021026182174682616
sqrt,5,0.0464159,0.7,5,0.5533333333333333,0.05517648452415614,608,0.6333333333333333,0.5333333333333333,0.5166666666666667,0.48333333333333334,0.6,0.4673144817352295,0.02115025520324707
sqrt,5,0.0464159,0.7,10,0.5333333333333334,0.07378647873726216,689,0.6333333333333333,0.43333333333333335,0.5166666666666667,0.48333333333333334,0.6,0.4658320426940918,0.021002960205078126
sqrt,5,0.0464159,0.7,20,0.5299999999999999,0.14772346537440223,721,0.6333333333333333,0.5333333333333333,0.5166666666666667,0.26666666666666666,0.7,0.4690400123596191,0.02114386558532715
sqrt,5,0.0464159,0.7,50,0.5366666666666667,0.06863753427324665,673,0.6333333333333333,0.4666666666666667,0.5166666666666667,0.4666666666666667,0.6,0.47444615364074705,0.02122631072998047
sqrt,5,0.0464159,0.9,5,0.5533333333333333,0.05517648452415614,608,0.6333333333333333,0.5333333333333333,0.5166666666666667,0.48333333333333334,0.6,0.4648147106170654,0.020987749099731445
sqrt,5,0.0464159,0.9,10,0.5333333333333334,0.07378647873726216,689,0.6333333333333333,0.43333333333333335,0.5166666666666667,0.48333333333333334,0.6,0.46543402671813966,0.02099127769470215
sqrt,5,0.0464159,0.9,20,0.5299999999999999,0.14772346537440223,721,0.6333333333333333,0.5333333333333333,0.5166666666666667,0.26666666666666666,0.7,0.46889286041259765,0.021033811569213866
sqrt,5,0.0464159,0.9,50,0.5366666666666667,0.06863753427324665,673,0.6333333333333333,0.4666666666666667,0.5166666666666667,0.4666666666666667,0.6,0.4751708507537842,0.020886611938476563
sqrt,5,0.16681,0.1,5,0.7000000000000001,0.10165300454651273,131,0.8,0.5666666666666667,0.7166666666666667,0.8166666666666667,0.6,0.515700387954712,0.02104673385620117
sqrt,5,0.16681,0.1,10,0.6333333333333334,0.1588150566609546,432,0.8166666666666667,0.4,0.5333333333333333,0.6166666666666667,0.8,0.5166155815124511,0.021156692504882814
sqrt,5,0.16681,0.1,20,0.6066666666666667,0.12849556844930923,542,0.7166666666666667,0.4666666666666667,0.5166666666666667,0.5333333333333333,0.8,0.5190931797027588,0.02093806266784668
sqrt,5,0.16681,0.1,50,0.6833333333333333,0.19663841605003504,187,0.9,0.3833333333333333,0.6,0.6333333333333333,0.9,0.523854923248291,0.021033668518066408
sqrt,5,0.16681,0.3,5,0.6433333333333333,0.08856886837057613,400,0.8166666666666667,0.5666666666666667,0.6166666666666667,0.6166666666666667,0.6,0.5184398651123047,0.02095956802368164
sqrt,5,0.16681,0.3,10,0.6233333333333333,0.12092238098144704,488,0.7166666666666667,0.4666666666666667,0.6,0.5333333333333333,0.8,0.520316219329834,0.021118688583374023
sqrt,5,0.16681,0.3,20,0.6433333333333333,0.16786237749352229,400,0.7,0.4666666666666667,0.7,0.45,0.9,0.524851131439209,0.02099637985229492
sqrt,5,0.16681,0.3,50,0.6633333333333333,0.20558858593479035,307,0.9,0.3833333333333333,0.6,0.5333333333333333,0.9,0.5267224311828613,0.020926761627197265
sqrt,5,0.16681,0.5,5,0.6199999999999999,0.06863753427324665,494,0.7,0.5666666666666667,0.6,0.5333333333333333,0.7,0.5234596252441406,0.021633243560791014
sqrt,5,0.16681,0.5,10,0.6633333333333333,0.11469767022723502,307,0.8,0.4666666666666667,0.6166666666666667,0.7333333333333334,0.7,0.5269162654876709,0.021143007278442382
sqrt,5,0.16681,0.5,20,0.72,0.16546231527987812,69,0.9,0.4666666666666667,0.7,0.6333333333333333,0.9,0.5310563087463379,0.02114548683166504
sqrt,5,0.16681,0.5,50,0.6799999999999999,0.1761943371520335,227,0.8,0.3833333333333333,0.7,0.6166666666666667,0.9,0.5338363170623779,0.021454811096191406
sqrt,5,0.16681,0.7,5,0.6566666666666666,0.07348469228349531,343,0.7,0.65,0.5166666666666667,0.7166666666666667,0.7,0.5256194591522216,0.021083259582519533
sqrt,5,0.16681,0.7,10,0.6666666666666667,0.16020819787597224,256,0.8,0.4666666666666667,0.6166666666666667,0.55,0.9,0.523561429977417,0.020999956130981445
sqrt,5,0.16681,0.7,20,0.7,0.14757295747452437,132,0.9,0.4666666666666667,0.7,0.6333333333333333,0.8,0.5241598129272461,0.02121248245239258
sqrt,5,0.16681,0.7,50,0.6799999999999999,0.1761943371520335,227,0.8,0.3833333333333333,0.7,0.6166666666666667,0.9,0.528024435043335,0.020959758758544923
sqrt,5,0.16681,0.9,5,0.6933333333333334,0.0946337971105226,164,0.7,0.7333333333333334,0.5166666666666667,0.7166666666666667,0.8,0.516371774673462,0.021146774291992188
sqrt,5,0.16681,0.9,10,0.6799999999999999,0.1528979325490629,227,0.8,0.4666666666666667,0.6,0.6333333333333333,0.9,0.5181278228759766,0.021068000793457033
sqrt,5,0.16681,0.9,20,0.7,0.14757295747452437,132,0.9,0.4666666666666667,0.7,0.6333333333333333,0.8,0.5206100463867187,0.021013212203979493
sqrt,5,0.16681,0.9,50,0.6799999999999999,0.1761943371520335,227,0.8,0.3833333333333333,0.7,0.6166666666666667,0.9,0.5249143600463867,0.021114063262939454
sqrt,5,0.599484,0.1,5,0.72,0.08717797887081347,69,0.8166666666666667,0.65,0.7166666666666667,0.8166666666666667,0.6,0.5857875347137451,0.020891761779785155
sqrt,5,0.599484,0.1,10,0.6666666666666666,0.09249624617007741,275,0.7333333333333334,0.65,0.5333333333333333,0.6166666666666667,0.8,0.5908479690551758,0.02090911865234375
sqrt,5,0.599484,0.1,20,0.6100000000000001,0.2029230834029923,498,0.8,0.3833333333333333,0.5166666666666667,0.45,0.9,0.589357328414917,0.020963478088378906
sqrt,5,0.599484,0.1,50,0.6666666666666666,0.18043158136965812,275,0.8166666666666667,0.3833333333333333,0.6,0.6333333333333333,0.9,0.5936150074005127,0.021100521087646484
sqrt,5,0.599484,0.3,5,0.6833333333333333,0.11005049346146119,187,0.8166666666666667,0.5666666666666667,0.8166666666666667,0.6166666666666667,0.6,0.5992697715759278,0.021177291870117188
sqrt,5,0.599484,0.3,10,0.7033333333333334,0.16377491328717664,100,0.8,0.3833333333333333,0.8166666666666667,0.7166666666666667,0.8,0.6008628845214844,0.02115793228149414
sqrt,5,0.599484,0.3,20,0.6266666666666667,0.18636880997992486,456,0.9,0.4666666666666667,0.5166666666666667,0.45,0.8,0.6036795616149903,0.021051502227783202
sqrt,5,0.599484,0.3,50,0.6633333333333333,0.19447936194419763,307,0.9,0.4666666666666667,0.5166666666666667,0.5333333333333333,0.9,0.6090343475341797,0.021207857131958007
sqrt,5,0.599484,0.5,5,0.6633333333333333,0.08781293248212992,307,0.8166666666666667,0.5666666666666667,0.6166666666666667,0.6166666666666667,0.7,0.6147561073303223,0.020883607864379882
sqrt,5,0.599484,0.5,10,0.6633333333333333,0.12578641509408808,307,0.8,0.4666666666666667,0.6166666666666667,0.6333333333333333,0.8,0.6168774604797364,0.021218299865722656
sqrt,5,0.599484,0.5,20,0.6266666666666666,0.19223827807061622,473,0.9,0.3833333333333333,0.5166666666666667,0.5333333333333333,0.8,0.6172853946685791,0.021009016036987304
sqrt,5,0.599484,0.5,50,0.7033333333333333,0.19218047073866099,125,0.9,0.3833333333333333,0.7,0.6333333333333333,0.9,0.6213281154632568,0.02121701240539551
sqrt,5,0.599484,0.7,5,0.6733333333333332,0.0703957069398096,247,0.8,0.6333333333333333,0.6166666666666667,0.6166666666666667,0.7,0.6264895439147949,0.021044015884399414
sqrt,5,0.599484,0.7,10,0.6666666666666667,0.16090024514862897,256,0.8,0.48333333333333334,0.5166666666666667,0.6333333333333333,0.9,0.6282777309417724,0.02116999626159668
sqrt,5,0.599484,0.7,20,0.5900000000000001,0.17813852287849852,557,0.8,0.4666666666666667,0.5166666666666667,0.3666666666666667,0.8,0.6290925502777099,0.02104349136352539
sqrt,5,0.599484,0.7,50,0.6633333333333333,0.1851125783588643,307,0.8,0.3833333333333333,0.7,0.5333333333333333,0.9,0.6333837032318115,0.020951318740844726
sqrt,5,0.599484,0.9,5,0.6566666666666666,0.07717224601860148,343,0.7,0.6333333333333333,0.5166666666666667,0.7333333333333334,0.7,0.6546286582946778,0.0209836483001709
sqrt,5,0.599484,0.9,10,0.67,0.15613384571507158,251,0.8,0.48333333333333334,0.6166666666666667,0.55,0.9,0.6467687129974365,0.021102285385131835
sqrt,5,0.599484,0.9,20,0.59,0.2154065922853802,564,0.7166666666666667,0.4666666666666667,0.6,0.26666666666666666,0.9,0.6570546627044678,0.02103586196899414
sqrt,5,0.599484,0.9,50,0.6799999999999999,0.1761943371520335,227,0.8,0.3833333333333333,0.7,0.6166666666666667,0.9,0.6523876190185547,0.021064186096191408
sqrt,5,2.15443,0.1,5,0.6766666666666666,0.08069145624606802,246,0.8166666666666667,0.6333333333333333,0.7166666666666667,0.6166666666666667,0.6,0.6929449081420899,0.02124481201171875
sqrt,5,2.15443,0.1,10,0.6466666666666667,0.06446359868604572,368,0.7166666666666667,0.65,0.6333333333333333,0.5333333333333333,0.7,0.6974572658538818,0.021145963668823244
sqrt,5,2.15443,0.1,20,0.6100000000000001,0.2029230834029923,498,0.8,0.3833333333333333,0.5166666666666667,0.45,0.9,0.6977276802062988,0.02133598327636719
sqrt,5,2.15443,0.1,50,0.6666666666666666,0.2062899792902107,275,0.9,0.3833333333333333,0.5166666666666667,0.6333333333333333,0.9,0.7029642581939697,0.02091560363769531
sqrt,5,2.15443,0.3,5,0.6566666666666666,0.08069145624606802,343,0.8166666666666667,0.6333333333333333,0.6166666666666667,0.6166666666666667,0.6,0.7523290634155273,0.021068048477172852
sqrt,5,2.15443,0.3,10,0.6866666666666668,0.10718623460542352,170,0.8166666666666667,0.65,0.6333333333333333,0.5333333333333333,0.8,0.7537210941314697,0.0210752010345459
sqrt,5,2.15443,0.3,20,0.6066666666666667,0.1593737745050923,542,0.8,0.4666666666666667,0.5166666666666667,0.45,0.8,0.7575912475585938,0.02113499641418457
sqrt,5,2.15443,0.3,50,0.6666666666666667,0.19235384061671346,256,0.9,0.4666666666666667,0.5166666666666667,0.55,0.9,0.7600348949432373,0.021120214462280275
sqrt,5,2.15443,0.5,5,0.64,0.14165686240583852,424,0.9,0.4666666666666667,0.6166666666666667,0.6166666666666667,0.6,0.8011218547821045,0.02114706039428711
sqrt,5,2.15443,0.5,10,0.6666666666666666,0.1766981104093143,275,0.8,0.3833333333333333,0.8166666666666667,0.5333333333333333,0.8,0.8006267070770263,0.021186637878417968
sqrt,5,2.15443,0.5,20,0.64,0.13727506854649335,424,0.8,0.4666666666666667,0.6,0.5333333333333333,0.8,0.8068065643310547,0.02101731300354004
sqrt,5,2.15443,0.5,50,0.74,0.15972198067614587,28,0.9,0.4666666666666667,0.7,0.7333333333333334,0.9,0.8062896728515625,0.021035385131835938
sqrt,5,2.15443,0.7,5,0.6599999999999999,0.1319090595827292,340,0.8,0.4666666666666667,0.8166666666666667,0.6166666666666667,0.6,0.8005214214324952,0.021047210693359374
sqrt,5,2.15443,0.7,10,0.6866666666666668,0.12174654911833117,170,0.8,0.48333333333333334,0.8166666666666667,0.6333333333333333,0.7,0.8035523414611816,0.02114710807800293
sqrt,5,2.15443,0.7,20,0.5933333333333334,0.13888444437333106,552,0.7166666666666667,0.48333333333333334,0.5166666666666667,0.45,0.8,0.8046990871429444,0.021136379241943358
sqrt,5,2.15443,0.7,50,0.7233333333333334,0.18903262505010435,54,0.9,0.3833333333333333,0.7,0.7333333333333334,0.9,0.8094832420349121,0.021113872528076172
sqrt,5,2.15443,0.9,5,0.5933333333333334,0.13888444437333106,552,0.8,0.5666666666666667,0.6333333333333333,0.3666666666666667,0.6,0.8458397865295411,0.021268606185913086
sqrt,5,2.15443,0.9,10,0.7433333333333334,0.14243907079481,19,0.8,0.48333333333333334,0.8166666666666667,0.7166666666666667,0.9,0.8453594207763672,0.021158552169799803
sqrt,5,2.15443,0.9,20,0.5900000000000001,0.14929463784372463,557,0.7166666666666667,0.3833333333333333,0.5166666666666667,0.5333333333333333,0.8,0.8484091281890869,0.021189498901367187
sqrt,5,2.15443,0.9,50,0.6633333333333333,0.15362291495737218,307,0.8,0.3833333333333333,0.7,0.6333333333333333,0.8,0.8560075283050537,0.021148681640625
sqrt,5,7.74264,0.1,5,0.7166666666666667,0.10749676997731401,82,0.9,0.7333333333333334,0.7333333333333334,0.6166666666666667,0.6,0.7695069313049316,0.02081408500671387
sqrt,5,7.74264,0.1,10,0.6466666666666667,0.06446359868604572,368,0.7166666666666667,0.65,0.6333333333333333,0.5333333333333333,0.7,0.7696895122528076,0.02121758460998535
sqrt,5,7.74264,0.1,20,0.7033333333333334,0.13840359661351131,100,0.8,0.5666666666666667,0.7166666666666667,0.5333333333333333,0.9,0.7718109130859375,0.02117810249328613
sqrt,5,7.74264,0.1,50,0.63,0.19533447098644816,440,0.8166666666666667,0.3833333333333333,0.5166666666666667,0.5333333333333333,0.9,0.7758780002593995,0.02108464241027832
sqrt,5,7.74264,0.3,5,0.6566666666666666,0.08069145624606802,343,0.8166666666666667,0.6333333333333333,0.6166666666666667,0.6166666666666667,0.6,0.9232849597930908,0.021046924591064452
sqrt,5,7.74264,0.3,10,0.6466666666666667,0.06446359868604572,368,0.7166666666666667,0.65,0.6333333333333333,0.5333333333333333,0.7,0.9258208751678467,0.020944738388061525
sqrt,5,7.74264,0.3,20,0.5900000000000001,0.17813852287849852,557,0.8,0.4666666666666667,0.5166666666666667,0.3666666666666667,0.8,0.9278708457946777,0.021002674102783205
sqrt,5,7.74264,0.3,50,0.6833333333333333,0.2062899792902107,187,0.9,0.3833333333333333,0.5166666666666667,0.7166666666666667,0.9,0.9331329345703125,0.02125697135925293
sqrt,5,7.74264,0.5,5,0.6566666666666666,0.08069145624606802,343,0.8166666666666667,0.6333333333333333,0.6166666666666667,0.6166666666666667,0.6,0.986732292175293,0.02136845588684082
sqrt,5,7.74264,0.5,10,0.6633333333333333,0.09451631252505219,307,0.8,0.65,0.7333333333333334,0.5333333333333333,0.6,0.9843414306640625,0.020977497100830078
sqrt,5,7.74264,0.5,20,0.5900000000000001,0.17657230184198705,557,0.8,0.3833333333333333,0.5166666666666667,0.45,0.8,0.9828476428985595,0.02169008255004883
sqrt,5,7.74264,0.5,50,0.6866666666666666,0.18421002506197465,176,0.9,0.4666666666666667,0.5166666666666667,0.65,0.9,0.9875852108001709,0.021326351165771484
sqrt,5,7.74264,0.7,5,0.6966666666666667,0.09854496999396321,153,0.8166666666666667,0.6333333333333333,0.8166666666666667,0.6166666666666667,0.6,1.0959928989410401,0.020944738388061525
sqrt,5,7.74264,0.7,10,0.6799999999999999,0.11125546178852426,227,0.8,0.65,0.8166666666666667,0.5333333333333333,0.6,1.1034329891204835,0.021253061294555665
sqrt,5,7.74264,0.7,20,0.6266666666666667,0.14243907079481,456,0.8,0.48333333333333334,0.5166666666666667,0.5333333333333333,0.8,1.1061368942260743,0.02106895446777344
sqrt,5,7.74264,0.7,50,0.6866666666666666,0.18055470085267789,176,0.9,0.4666666666666667,0.6166666666666667,0.55,0.9,1.1049460887908935,0.0212493896484375
sqrt,5,7.74264,0.9,5,0.64,0.14165686240583852,424,0.9,0.4666666666666667,0.6166666666666667,0.6166666666666667,0.6,1.13197922706604,0.020961713790893555
sqrt,5,7.74264,0.9,10,0.68,0.08781293248212994,219,0.8,0.65,0.7166666666666667,0.5333333333333333,0.7,1.1298948764801025,0.020816278457641602
sqrt,5,7.74264,0.9,20,0.6066666666666667,0.12229290885229427,542,0.8,0.48333333333333334,0.5166666666666667,0.5333333333333333,0.7,1.1311852931976318,0.021028470993041993
sqrt,5,7.74264,0.9,50,0.72,0.14391355429948602,69,0.8,0.4666666666666667,0.7,0.7333333333333334,0.9,1.1365740776062012,0.020995616912841797
sqrt,5,27.8256,0.1,5,0.6466666666666667,0.08259674462242579,368,0.55,0.6333333333333333,0.6333333333333333,0.6166666666666667,0.8,0.7694754123687744,0.020950126647949218
sqrt,5,27.8256,0.1,10,0.6833333333333332,0.10852547064066473,215,0.8166666666666667,0.6333333333333333,0.6333333333333333,0.5333333333333333,0.8,0.7795451641082763,0.021028900146484376
sqrt,5,27.8256,0.1,20,0.6466666666666667,0.15326085243430201,368,0.8,0.3833333333333333,0.6333333333333333,0.6166666666666667,0.8,0.7779764175415039,0.021026611328125
sqrt,5,27.8256,0.1,50,0.6833333333333333,0.19663841605003504,187,0.9,0.3833333333333333,0.6,0.6333333333333333,0.9,0.781603479385376,0.02126588821411133
sqrt,5,27.8256,0.3,5,0.7,0.07226494462892934,132,0.8166666666666667,0.6333333333333333,0.7333333333333334,0.6166666666666667,0.7,0.8995139122009277,0.021152353286743163
sqrt,5,27.8256,0.3,10,0.6466666666666667,0.06446359868604572,368,0.7166666666666667,0.65,0.6333333333333333,0.5333333333333333,0.7,0.9037851810455322,0.02144136428833008
sqrt,5,27.8256,0.3,20,0.6666666666666666,0.13374935098492588,275,0.8,0.48333333333333334,0.7166666666666667,0.5333333333333333,0.8,0.9048300743103027,0.021222734451293947
sqrt,5,27.8256,0.3,50,0.6499999999999999,0.2116076033080517,363,0.9,0.3833333333333333,0.5166666666666667,0.55,0.9,0.913781213760376,0.02114424705505371
sqrt,5,27.8256,0.5,5,0.6966666666666667,0.07557189365836421,153,0.8166666666666667,0.7333333333333334,0.6166666666666667,0.6166666666666667,0.7,1.0373652458190918,0.021070528030395507
sqrt,5,27.8256,0.5,10,0.6266666666666667,0.06018490028422596,456,0.7166666666666667,0.65,0.6333333333333333,0.5333333333333333,0.6,1.0358047008514404,0.02126965522766113
sqrt,5,27.8256,0.5,20,0.61,0.16852299546352717,502,0.8,0.5666666666666667,0.5166666666666667,0.3666666666666667,0.8,1.0388832092285156,0.02120943069458008
sqrt,5,27.8256,0.5,50,0.6666666666666666,0.2062899792902107,275,0.9,0.3833333333333333,0.5166666666666667,0.6333333333333333,0.9,1.0398994922637939,0.021081304550170897
sqrt,5,27.8256,0.7,5,0.6566666666666666,0.08069145624606802,343,0.8166666666666667,0.6333333333333333,0.6166666666666667,0.6166666666666667,0.6,1.127048397064209,0.020975637435913085
sqrt,5,27.8256,0.7,10,0.6666666666666666,0.08881941729649488,275,0.7166666666666667,0.65,0.6333333333333333,0.5333333333333333,0.8,1.124761152267456,0.021138715744018554
sqrt,5,27.8256,0.7,20,0.6066666666666667,0.1593737745050923,542,0.8,0.4666666666666667,0.5166666666666667,0.45,0.8,1.1253747940063477,0.02114396095275879
sqrt,5,27.8256,0.7,50,0.6666666666666666,0.2062899792902107,275,0.9,0.3833333333333333,0.5166666666666667,0.6333333333333333,0.9,1.130499792098999,0.021605634689331056
sqrt,5,27.8256,0.9,5,0.6966666666666667,0.09854496999396321,153,0.8166666666666667,0.6333333333333333,0.8166666666666667,0.6166666666666667,0.6,1.167392873764038,0.02119312286376953
sqrt,5,27.8256,0.9,10,0.6433333333333333,0.08793937305515281,400,0.8,0.65,0.6333333333333333,0.5333333333333333,0.6,1.1738743305206298,0.02099184989929199
sqrt,5,27.8256,0.9,20,0.5900000000000001,0.14165686240583852,557,0.7166666666666667,0.4666666666666667,0.5166666666666667,0.45,0.8,1.1796773433685304,0.02103314399719238
sqrt,5,27.8256,0.9,50,0.63,0.19072959334559958,440,0.8,0.3833333333333333,0.5166666666666667,0.55,0.9,1.1749045848846436,0.021167659759521486
sqrt,5,100.0,0.1,5,0.6466666666666667,0.08259674462242579,368,0.55,0.6333333333333333,0.6333333333333333,0.6166666666666667,0.8,0.8197543621063232,0.021191930770874022
sqrt,5,100.0,0.1,10,0.65,0.1398411797560202,356,0.8166666666666667,0.4666666666666667,0.6333333333333333,0.5333333333333333,0.8,0.821353530883789,0.020984601974487305
sqrt,5,100.0,0.1,20,0.6466666666666667,0.16377491328717664,368,0.8,0.3833333333333333,0.7166666666666667,0.5333333333333333,0.8,0.8255196571350097,0.020966100692749023
sqrt,5,100.0,0.1,50,0.6666666666666667,0.2035790864613663,256,0.9,0.3833333333333333,0.6,0.55,0.9,0.8296377182006835,0.021297550201416014
sqrt,5,100.0,0.3,5,0.6466666666666667,0.08259674462242579,368,0.55,0.6333333333333333,0.6333333333333333,0.6166666666666667,0.8,0.8280141353607178,0.02118196487426758
sqrt,5,100.0,0.3,10,0.65,0.1398411797560202,356,0.8166666666666667,0.4666666666666667,0.6333333333333333,0.5333333333333333,0.8,0.8361409187316895,0.021254253387451173
sqrt,5,100.0,0.3,20,0.6633333333333333,0.15542057635833023,307,0.8,0.3833333333333333,0.7166666666666667,0.6166666666666667,0.8,0.8416919231414794,0.020985746383666994
sqrt,5,100.0,0.3,50,0.65,0.1894436298451043,356,0.8166666666666667,0.3833333333333333,0.5166666666666667,0.6333333333333333,0.9,0.841740608215332,0.020943832397460938
sqrt,5,100.0,0.5,5,0.6666666666666666,0.08881941729649485,275,0.55,0.7333333333333334,0.6333333333333333,0.6166666666666667,0.8,0.8554573059082031,0.02096705436706543
sqrt,5,100.0,0.5,10,0.6833333333333332,0.10852547064066473,215,0.8166666666666667,0.6333333333333333,0.6333333333333333,0.5333333333333333,0.8,0.8623940944671631,0.021381521224975587
sqrt,5,100.0,0.5,20,0.6266666666666666,0.14929463784372463,473,0.8,0.3833333333333333,0.7166666666666667,0.5333333333333333,0.7,0.8670931816101074,0.021003293991088866
sqrt,5,100.0,0.5,50,0.6666666666666666,0.2062899792902107,275,0.9,0.3833333333333333,0.5166666666666667,0.6333333333333333,0.9,0.8653970241546631,0.021198606491088866
sqrt,5,100.0,0.7,5,0.6666666666666666,0.07226494462892934,275,0.55,0.7333333333333334,0.7333333333333334,0.6166666666666667,0.7,0.8996703624725342,0.02109055519104004
sqrt,5,100.0,0.7,10,0.6666666666666666,0.09249624617007739,275,0.8166666666666667,0.65,0.6333333333333333,0.5333333333333333,0.7,0.9006161689758301,0.02120060920715332
sqrt,5,100.0,0.7,20,0.6633333333333333,0.13840359661351131,307,0.8,0.4666666666666667,0.7166666666666667,0.5333333333333333,0.8,0.9019445419311524,0.020962905883789063
sqrt,5,100.0,0.7,50,0.6666666666666667,0.19090428084368471,256,0.8166666666666667,0.3833333333333333,0.5166666666666667,0.7166666666666667,0.9,0.9085424423217774,0.021271228790283203
sqrt,5,100.0,0.9,5,0.6466666666666667,0.06446359868604572,368,0.55,0.6333333333333333,0.7333333333333334,0.6166666666666667,0.7,0.9638441562652588,0.021002483367919923
sqrt,5,100.0,0.9,10,0.6666666666666666,0.09249624617007739,275,0.8166666666666667,0.65,0.6333333333333333,0.5333333333333333,0.7,0.9622222900390625,0.021305418014526366
sqrt,5,100.0,0.9,20,0.6466666666666667,0.16377491328717664,368,0.8,0.3833333333333333,0.7166666666666667,0.5333333333333333,0.8,0.9640800476074218,0.02106609344482422
sqrt,5,100.0,0.9,50,0.6666666666666667,0.2035790864613663,256,0.9,0.3833333333333333,0.6,0.55,0.9,0.9681519985198974,0.021135377883911132
0.3,1,0.001,0.1,5,0.61,0.10519822558706333,502,0.45,0.5333333333333333,0.6333333333333333,0.7333333333333334,0.7,0.47717909812927245,0.02130756378173828
0.3,1,0.001,0.1,10,0.5266666666666666,0.0646357314322177,737,0.5333333333333333,0.43333333333333335,0.5333333333333333,0.6333333333333333,0.5,0.4834864616394043,0.0212677001953125
0.3,1,0.001,0.1,20,0.5533333333333333,0.17713773674115232,608,0.5333333333333333,0.43333333333333335,0.43333333333333335,0.4666666666666667,0.9,0.4941746711730957,0.021193170547485353
0.3,1,0.001,0.1,50,0.5766666666666665,0.11623730516108463,586,0.5333333333333333,0.4666666666666667,0.5166666666666667,0.5666666666666667,0.8,0.5080326557159424,0.0212646484375
0.3,1,0.001,0.3,5,0.61,0.10519822558706333,502,0.45,0.5333333333333333,0.6333333333333333,0.7333333333333334,0.7,0.47446703910827637,0.021860074996948243
0.3,1,0.001,0.3,10,0.5266666666666666,0.0646357314322177,737,0.5333333333333333,0.43333333333333335,0.5333333333333333,0.6333333333333333,0.5,0.48282461166381835,0.02133631706237793
0.3,1,0.001,0.3,20,0.5533333333333333,0.17713773674115232,608,0.5333333333333333,0.43333333333333335,0.43333333333333335,0.4666666666666667,0.9,0.49310574531555174,0.02140350341796875
0.3,1,0.001,0.3,50,0.5766666666666665,0.11623730516108463,586,0.5333333333333333,0.4666666666666667,0.5166666666666667,0.5666666666666667,0.8,0.50765962600708,0.02123260498046875
0.3,1,0.001,0.5,5,0.61,0.10519822558706333,502,0.45,0.5333333333333333,0.6333333333333333,0.7333333333333334,0.7,0.4732903003692627,0.0214693546295166
0.3,1,0.001,0.5,10,0.5266666666666666,0.0646357314322177,737,0.5333333333333333,0.43333333333333335,0.5333333333333333,0.6333333333333333,0.5,0.48141918182373045,0.02124953269958496
0.3,1,0.001,0.5,20,0.5533333333333333,0.17713773674115232,608,0.5333333333333333,0.43333333333333335,0.43333333333333335,0.4666666666666667,0.9,0.4941314697265625,0.021283435821533202
0.3,1,0.001,0.5,50,0.5766666666666665,0.11623730516108463,586,0.5333333333333333,0.4666666666666667,0.5166666666666667,0.5666666666666667,0.8,0.5086493015289306,0.021350955963134764
0.3,1,0.001,0.7,5,0.61,0.10519822558706333,502,0.45,0.5333333333333333,0.6333333333333333,0.7333333333333334,0.7,0.47368173599243163,0.02131485939025879
0.3,1,0.001,0.7,10,0.5266666666666666,0.0646357314322177,737,0.5333333333333333,0.43333333333333335,0.5333333333333333,0.6333333333333333,0.5,0.48039612770080564,0.021581411361694336
0.3,1,0.001,0.7,20,0.5533333333333333,0.17713773674115232,608,0.5333333333333333,0.43333333333333335,0.43333333333333335,0.4666666666666667,0.9,0.49358816146850587,0.021441888809204102
0.3,1,0.001,0.7,50,0.5766666666666665,0.11623730516108463,586,0.5333333333333333,0.4666666666666667,0.5166666666666667,0.5666666666666667,0.8,0.5088725566864014,0.021249675750732423
0.3,1,0.001,0.9,5,0.61,0.10519822558706333,502,0.45,0.5333333333333333,0.6333333333333333,0.7333333333333334,0.7,0.47377800941467285,0.021541547775268555
0.3,1,0.001,0.9,10,0.5266666666666666,0.0646357314322177,737,0.5333333333333333,0.43333333333333335,0.5333333333333333,0.6333333333333333,0.5,0.4815944194793701,0.02134079933166504
0.3,1,0.001,0.9,20,0.5533333333333333,0.17713773674115232,608,0.5333333333333333,0.43333333333333335,0.43333333333333335,0.4666666666666667,0.9,0.49385576248168944,0.02133941650390625
0.3,1,0.001,0.9,50,0.5766666666666665,0.11623730516108463,586,0.5333333333333333,0.4666666666666667,0.5166666666666667,0.5666666666666667,0.8,0.5108625888824463,0.02141547203063965
0.3,1,0.00359381,0.1,5,0.61,0.10519822558706333,502,0.45,0.5333333333333333,0.6333333333333333,0.7333333333333334,0.7,0.4745244026184082,0.02133650779724121
0.3,1,0.00359381,0.1,10,0.5266666666666666,0.0646357314322177,737,0.5333333333333333,0.43333333333333335,0.5333333333333333,0.6333333333333333,0.5,0.48241701126098635,0.02115483283996582
0.3,1,0.00359381,0.1,20,0.5533333333333333,0.17713773674115232,608,0.5333333333333333,0.43333333333333335,0.43333333333333335,0.4666666666666667,0.9,0.49451355934143065,0.021275711059570313
0.3,1,0.00359381,0.1,50,0.5766666666666665,0.11623730516108463,586,0.5333333333333333,0.4666666666666667,0.5166666666666667,0.5666666666666667,0.8,0.5131835460662841,0.021555995941162108
0.3,1,0.00359381,0.3,5,0.61,0.10519822558706333,502,0.45,0.5333333333333333,0.6333333333333333,0.7333333333333334,0.7,0.47453012466430666,0.021311140060424803
0.3,1,0.00359381,0.3,10,0.5266666666666666,0.0646357314322177,737,0.5333333333333333,0.43333333333333335,0.5333333333333333,0.6333333333333333,0.5,0.4840122699737549,0.021893835067749022
0.3,1,0.00359381,0.3,20,0.5533333333333333,0.17713773674115232,608,0.5333333333333333,0.43333333333333335,0.43333333333333335,0.4666666666666667,0.9,0.496458101272583,0.02148900032043457
0.3,1,0.00359381,0.3,50,0.5766666666666665,0.11623730516108463,586,0.5333333333333333,0.4666666666666667,0.5166666666666667,0.5666666666666667,0.8,0.5108539581298828,0.021364212036132812
0.3,1,0.00359381,0.5,5,0.61,0.10519822558706333,502,0.45,0.5333333333333333,0.6333333333333333,0.7333333333333334,0.7,0.4761767864227295,0.021454048156738282
0.3,1,0.00359381,0.5,10,0.5266666666666666,0.0646357314322177,737,0.5333333333333333,0.43333333333333335,0.5333333333333333,0.6333333333333333,0.5,0.48296198844909666,0.021304988861083986
0.3,1,0.00359381,0.5,20,0.5533333333333333,0.17713773674115232,608,0.5333333333333333,0.43333333333333335,0.43333333333333335,0.4666666666666667,0.9,0.49423489570617674,0.02131929397583008
0.3,1,0.00359381,0.5,50,0.5766666666666665,0.11623730516108463,586,0.5333333333333333,0.4666666666666667,0.5166666666666667,0.5666666666666667,0.8,0.5119168281555175,0.021325349807739258
0.3,1,0.00359381,0.7,5,0.61,0.10519822558706333,502,0.45,0.5333333333333333,0.6333333333333333,0.7333333333333334,0.7,0.47426977157592776,0.021120834350585937
0.3,1,0.00359381,0.7,10,0.5266666666666666,0.0646357314322177,737,0.5333333333333333,0.43333333333333335,0.5333333333333333,0.6333333333333333,0.5,0.4809603691101074,0.02137446403503418
0.3,1,0.00359381,0.7,20,0.5533333333333333,0.17713773674115232,608,0.5333333333333333,0.43333333333333335,0.43333333333333335,0.4666666666666667,0.9,0.4940014839172363,0.02147088050842285
0.3,1,0.00359381,0.7,50,0.5766666666666665,0.11623730516108463,586,0.5333333333333333,0.4666666666666667,0.5166666666666667,0.5666666666666667,0.8,0.5088831424713135,0.021477127075195314
0.3,1,0.00359381,0.9,5,0.61,0.10519822558706333,502,0.45,0.5333333333333333,0.6333333333333333,0.7333333333333334,0.7,0.4748511791229248,0.021454000473022462
0.3,1,0.00359381,0.9,10,0.5266666666666666,0.0646357314322177,737,0.5333333333333333,0.43333333333333335,0.5333333333333333,0.6333333333333333,0.5,0.4810520648956299,0.021352243423461915
0.3,1,0.00359381,0.9,20,0.5533333333333333,0.17713773674115232,608,0.5333333333333333,0.43333333333333335,0.43333333333333335,0.4666666666666667,0.9,0.4942453861236572,0.021555280685424803
0.3,1,0.00359381,0.9,50,0.5766666666666665,0.11623730516108463,586,0.5333333333333333,0.4666666666666667,0.5166666666666667,0.5666666666666667,0.8,0.5084314823150635,0.0215242862701416
0.3,1,0.0129155,0.1,5,0.6,0.09189365834726812,549,0.7,0.4666666666666667,0.6,0.5333333333333333,0.7,0.4827033519744873,0.021682119369506835
0.3,1,0.0129155,0.1,10,0.67,0.19646882704388502,251,0.9166666666666667,0.4666666666666667,0.5166666666666667,0.55,0.9,0.4870439529418945,0.021489477157592772
0.3,1,0.0129155,0.1,20,0.7466666666666667,0.21013223349965982,17,1.0,0.3833333333333333,0.7166666666666667,0.7333333333333334,0.9,0.49718360900878905,0.021473789215087892
0.3,1,0.0129155,0.1,50,0.7066666666666667,0.19567546828585564,90,0.7333333333333334,0.3833333333333333,0.7,0.7166666666666667,1.0,0.5157790660858155,0.021382999420166016
0.3,1,0.0129155,0.3,5,0.61,0.10519822558706333,502,0.45,0.5333333333333333,0.6333333333333333,0.7333333333333334,0.7,0.47471089363098146,0.021366024017333986
0.3,1,0.0129155,0.3,10,0.5266666666666666,0.0646357314322177,737,0.5333333333333333,0.43333333333333335,0.5333333333333333,0.6333333333333333,0.5,0.49504618644714354,0.021377086639404297
0.3,1,0.0129155,0.3,20,0.5533333333333333,0.17713773674115232,608,0.5333333333333333,0.43333333333333335,0.43333333333333335,0.4666666666666667,0.9,0.49352221488952636,0.021726226806640624
0.3,1,0.0129155,0.3,50,0.5766666666666665,0.11623730516108463,586,0.5333333333333333,0.4666666666666667,0.5166666666666667,0.5666666666666667,0.8,0.5091392517089843,0.021263647079467773
0.3,1,0.0129155,0.5,5,0.61,0.10519822558706333,502,0.45,0.5333333333333333,0.6333333333333333,0.7333333333333334,0.7,0.47423610687255857,0.02142481803894043
0.3,1,0.0129155,0.5,10,0.5266666666666666,0.0646357314322177,737,0.5333333333333333,0.43333333333333335,0.5333333333333333,0.6333333333333333,0.5,0.48360157012939453,0.021320247650146486
0.3,1,0.0129155,0.5,20,0.5533333333333333,0.17713773674115232,608,0.5333333333333333,0.43333333333333335,0.43333333333333335,0.4666666666666667,0.9,0.49589176177978517,0.021570158004760743
0.3,1,0.0129155,0.5,50,0.5766666666666665,0.11623730516108463,586,0.5333333333333333,0.4666666666666667,0.5166666666666667,0.5666666666666667,0.8,0.5125180244445801,0.021458816528320313
0.3,1,0.0129155,0.7,5,0.61,0.10519822558706333,502,0.45,0.5333333333333333,0.6333333333333333,0.7333333333333334,0.7,0.4753701686859131,0.02146744728088379
0.3,1,0.0129155,0.7,10,0.5266666666666666,0.0646357314322177,737,0.5333333333333333,0.43333333333333335,0.5333333333333333,0.6333333333333333,0.5,0.4827693462371826,0.021287298202514647
0.3,1,0.0129155,0.7,20,0.5533333333333333,0.17713773674115232,608,0.5333333333333333,0.43333333333333335,0.43333333333333335,0.4666666666666667,0.9,0.49428133964538573,0.02134714126586914
0.3,1,0.0129155,0.7,50,0.5766666666666665,0.11623730516108463,586,0.5333333333333333,0.4666666666666667,0.5166666666666667,0.5666666666666667,0.8,0.508981466293335,0.021274852752685546
0.3,1,0.0129155,0.9,5,0.61,0.10519822558706333,502,0.45,0.5333333333333333,0.6333333333333333,0.7333333333333334,0.7,0.4728405952453613,0.021313285827636717
0.3,1,0.0129155,0.9,10,0.5266666666666666,0.0646357314322177,737,0.5333333333333333,0.43333333333333335,0.5333333333333333,0.6333333333333333,0.5,0.48081493377685547,0.021632862091064454
0.3,1,0.0129155,0.9,20,0.5533333333333333,0.17713773674115232,608,0.5333333333333333,0.43333333333333335,0.43333333333333335,0.4666666666666667,0.9,0.4928581237792969,0.02136092185974121
0.3,1,0.0129155,0.9,50,0.5766666666666665,0.11623730516108463,586,0.5333333333333333,0.4666666666666667,0.5166666666666667,0.5666666666666667,0.8,0.5122687339782714,0.021826505661010742
0.3,1,0.0464159,0.1,5,0.68,0.12534397117975446,219,0.8,0.48333333333333334,0.6,0.8166666666666667,0.7,0.4924560546875,0.021234846115112303
0.3,1,0.0464159,0.1,10,0.68,0.1528979325490629,219,0.9,0.4666666666666667,0.6,0.6333333333333333,0.8,0.4976046085357666,0.02120823860168457
0.3,1,0.0464159,0.1,20,0.6833333333333333,0.1422048600513436,187,0.6166666666666667,0.4666666666666667,0.7,0.7333333333333334,0.9,0.5034285545349121,0.021248865127563476
0.3,1,0.0464159,0.1,50,0.6833333333333333,0.190029237516523,187,0.9166666666666667,0.4666666666666667,0.5166666666666667,0.6166666666666667,0.9,0.5203664302825928,0.021237564086914063
0.3,1,0.0464159,0.3,5,0.5666666666666667,0.07958224257542212,606,0.7,0.4666666666666667,0.5166666666666667,0.55,0.6000000000000001,0.4935284614562988,0.02126927375793457
0.3,1,0.0464159,0.3,10,0.7033333333333334,0.18208667044996887,100,1.0,0.4666666666666667,0.6166666666666667,0.6333333333333333,0.8,0.4984902381896973,0.02137436866760254
0.3,1,0.0464159,0.3,20,0.7633333333333334,0.18208667044996885,6,1.0,0.4666666666666667,0.7166666666666667,0.7333333333333334,0.9,0.5050731658935547,0.021258020401000978
0.3,1,0.0464159,0.3,50,0.74,0.18932629094883902,28,1.0,0.48333333333333334,0.6,0.7166666666666667,0.9,0.5223268985748291,0.02112417221069336
0.3,1,0.0464159,0.5,5,0.6533333333333333,0.10614455552060438,354,0.45,0.65,0.7333333333333334,0.7333333333333334,0.7,0.48261275291442873,0.021010494232177733
0.3,1,0.0464159,0.5,10,0.69,0.12274635093014648,168,0.5333333333333333,0.65,0.7333333333333334,0.6333333333333333,0.9,0.4942580223083496,0.021100473403930665
0.3,1,0.0464159,0.5,20,0.5800000000000001,0.12578641509408808,568,0.5333333333333333,0.4666666666666667,0.6333333333333333,0.4666666666666667,0.8,0.501340389251709,0.02139725685119629
0.3,1,0.0464159,0.5,50,0.6366666666666666,0.1499629583893599,431,0.5333333333333333,0.48333333333333334,0.7,0.5666666666666667,0.9,0.5167193412780762,0.02142491340637207
0.3,1,0.0464159,0.7,5,0.61,0.10519822558706333,502,0.45,0.5333333333333333,0.6333333333333333,0.7333333333333334,0.7,0.4731786251068115,0.021239042282104492
0.3,1,0.0464159,0.7,10,0.5266666666666666,0.0646357314322177,737,0.5333333333333333,0.43333333333333335,0.5333333333333333,0.6333333333333333,0.5,0.4813552379608154,0.02132096290588379
0.3,1,0.0464159,0.7,20,0.5533333333333333,0.17713773674115232,608,0.5333333333333333,0.43333333333333335,0.43333333333333335,0.4666666666666667,0.9,0.49497556686401367,0.021504545211791994
0.3,1,0.0464159,0.7,50,0.5766666666666665,0.11623730516108463,586,0.5333333333333333,0.4666666666666667,0.5166666666666667,0.5666666666666667,0.8,0.5079986095428467,0.021230077743530272
0.3,1,0.0464159,0.9,5,0.61,0.10519822558706333,502,0.45,0.5333333333333333,0.6333333333333333,0.7333333333333334,0.7,0.47500905990600584,0.0212247371673584
0.3,1,0.0464159,0.9,10,0.5266666666666666,0.0646357314322177,737,0.5333333333333333,0.43333333333333335,0.5333333333333333,0.6333333333333333,0.5,0.4813349723815918,0.021638202667236327
0.3,1,0.0464159,0.9,20,0.5533333333333333,0.17713773674115232,608,0.5333333333333333,0.43333333333333335,0.43333333333333335,0.4666666666666667,0.9,0.4936086654663086,0.021547889709472655
0.3,1,0.0464159,0.9,50,0.5766666666666665,0.11623730516108463,586,0.5333333333333333,0.4666666666666667,0.5166666666666667,0.5666666666666667,0.8,0.5097685813903808,0.021288490295410155
0.3,1,0.16681,0.1,5,0.7233333333333334,0.15151090903151349,54,0.8,0.48333333333333334,0.6166666666666667,0.8166666666666667,0.9,0.524448013305664,0.021404266357421875
0.3,1,0.16681,0.1,10,0.5966666666666667,0.16343534229508352,550,0.7333333333333334,0.3833333333333333,0.43333333333333335,0.6333333333333333,0.8,0.5290944099426269,0.021254682540893556
0.3,1,0.16681,0.1,20,0.7033333333333333,0.17619433715203348,125,0.8166666666666667,0.4666666666666667,0.5166666666666667,0.8166666666666667,0.9,0.5336730480194092,0.021436214447021484
0.3,1,0.16681,0.1,50,0.6666666666666667,0.19090428084368471,256,0.8166666666666667,0.3833333333333333,0.5166666666666667,0.7166666666666667,0.9,0.5516563415527344,0.021080589294433592
0.3,1,0.16681,0.3,5,0.7233333333333334,0.15151090903151349,54,0.8,0.48333333333333334,0.6166666666666667,0.8166666666666667,0.9,0.5258753776550293,0.021434879302978514
0.3,1,0.16681,0.3,10,0.6833333333333333,0.15129074290546957,187,0.8,0.4666666666666667,0.6166666666666667,0.6333333333333333,0.9,0.5315652847290039,0.021221303939819337
0.3,1,0.16681,0.3,20,0.6833333333333333,0.12952906151816965,187,0.7166666666666667,0.4666666666666667,0.6166666666666667,0.8166666666666667,0.8,0.5386375427246094,0.021067380905151367
0.3,1,0.16681,0.3,50,0.6433333333333333,0.18696404883173545,400,0.8,0.3833333333333333,0.5166666666666667,0.6166666666666667,0.9,0.554776382446289,0.021220636367797852
0.3,1,0.16681,0.5,5,0.6633333333333334,0.13960261060914614,306,0.8,0.48333333333333334,0.5166666666666667,0.8166666666666667,0.7,0.5312575817108154,0.021147489547729492
0.3,1,0.16681,0.5,10,0.7433333333333334,0.19136933459209762,19,1.0,0.4666666666666667,0.6166666666666667,0.7333333333333334,0.9,0.5386476993560791,0.021389198303222657
0.3,1,0.16681,0.5,20,0.7599999999999999,0.16552945357246848,15,0.9166666666666667,0.4666666666666667,0.7,0.8166666666666667,0.9,0.5466765403747559,0.021229982376098633
0.3,1,0.16681,0.5,50,0.7166666666666666,0.1673320053068151,83,0.9,0.4666666666666667,0.7,0.6166666666666667,0.9,0.5599935054779053,0.021178674697875977
0.3,1,0.16681,0.7,5,0.7033333333333334,0.1697710877099579,100,0.8,0.48333333333333334,0.5166666666666667,0.8166666666666667,0.9,0.5288821220397949,0.021290397644042967
0.3,1,0.16681,0.7,10,0.7266666666666667,0.19510680835549196,50,1.0,0.4666666666666667,0.6166666666666667,0.65,0.9,0.5339801788330079,0.02118382453918457
0.3,1,0.16681,0.7,20,0.78,0.18239152027072603,2,1.0,0.4666666666666667,0.7166666666666667,0.8166666666666667,0.9,0.542611837387085,0.021326255798339844
0.3,1,0.16681,0.7,50,0.7033333333333334,0.151803967156476,100,0.8166666666666667,0.4666666666666667,0.7166666666666667,0.6166666666666667,0.9,0.556986951828003,0.021144342422485352
0.3,1,0.16681,0.9,5,0.7133333333333334,0.15755069730795299,87,0.8,0.5333333333333333,0.5166666666666667,0.8166666666666667,0.9,0.5260149002075195,0.021590757369995116
0.3,1,0.16681,0.9,10,0.7266666666666667,0.19510680835549196,50,1.0,0.4666666666666667,0.6166666666666667,0.65,0.9,0.5300436019897461,0.021386003494262694
0.3,1,0.16681,0.9,20,0.76,0.19339079605813717,7,1.0,0.4666666666666667,0.6166666666666667,0.8166666666666667,0.9,0.5420966148376465,0.021357250213623048
0.3,1,0.16681,0.9,50,0.7200000000000001,0.12083045973594572,67,0.9,0.5666666666666667,0.7166666666666667,0.6166666666666667,0.8,0.5547421455383301,0.021127653121948243
0.3,1,0.599484,0.1,5,0.76,0.09695359714832659,7,0.8,0.5666666666666667,0.8166666666666667,0.8166666666666667,0.8,0.593489122390747,0.021596431732177734
0.3,1,0.599484,0.1,10,0.6266666666666667,0.14779866184930243,456,0.7166666666666667,0.4666666666666667,0.43333333333333335,0.7166666666666667,0.8,0.6024887084960937,0.021212434768676756
0.3,1,0.599484,0.1,20,0.6666666666666666,0.14643921757659198,275,0.8166666666666667,0.4666666666666667,0.5166666666666667,0.7333333333333334,0.8,0.6080183506011962,0.021340036392211915
0.3,1,0.599484,0.1,50,0.6666666666666667,0.19090428084368471,256,0.7166666666666667,0.3833333333333333,0.5166666666666667,0.8166666666666667,0.9,0.6184624671936035,0.021172428131103517
0.3,1,0.599484,0.3,5,0.74,0.09345230512584127,28,0.8,0.5666666666666667,0.7166666666666667,0.8166666666666667,0.8,0.6073347091674804,0.021405744552612304
0.3,1,0.599484,0.3,10,0.7066666666666667,0.18336363385966759,90,0.8,0.3833333333333333,0.8166666666666667,0.6333333333333333,0.9,0.6123615741729737,0.021142911911010743
0.3,1,0.599484,0.3,20,0.6633333333333333,0.16478942792411033,307,0.9,0.4666666666666667,0.5166666666666667,0.6333333333333333,0.8,0.6175865650177002,0.021284198760986327
0.3,1,0.599484,0.3,50,0.7,0.17416467303484176,132,0.8,0.4666666666666667,0.5166666666666667,0.8166666666666667,0.9,0.6335718631744385,0.021153020858764648
0.3,1,0.599484,0.5,5,0.7,0.09831920802501751,132,0.8,0.5666666666666667,0.6166666666666667,0.8166666666666667,0.7,0.6287466049194336,0.021519279479980467
0.3,1,0.599484,0.5,10,0.6233333333333334,0.16719914938645936,480,0.8,0.3666666666666667,0.5166666666666667,0.6333333333333333,0.8,0.6279849529266357,0.0212374210357666
0.3,1,0.599484,0.5,20,0.6433333333333333,0.18696404883173545,400,0.9,0.3833333333333333,0.5166666666666667,0.6166666666666667,0.8,0.6360212802886963,0.02143106460571289
0.3,1,0.599484,0.5,50,0.6433333333333333,0.18696404883173545,400,0.8,0.3833333333333333,0.5166666666666667,0.6166666666666667,0.9,0.6492505550384522,0.021391963958740233
0.3,1,0.599484,0.7,5,0.6900000000000001,0.11623730516108464,166,0.8,0.6333333333333333,0.5,0.8166666666666667,0.7,0.6338694095611572,0.021523094177246092
0.3,1,0.599484,0.7,10,0.6233333333333334,0.16719914938645936,480,0.8,0.3666666666666667,0.5166666666666667,0.6333333333333333,0.8,0.6394365787506103,0.02122492790222168
0.3,1,0.599484,0.7,20,0.6433333333333333,0.17782638224465522,400,0.9,0.3833333333333333,0.5166666666666667,0.7166666666666667,0.7,0.6476231098175049,0.021474456787109374
0.3,1,0.599484,0.7,50,0.6633333333333333,0.1774510887227489,307,0.8,0.3833333333333333,0.6166666666666667,0.6166666666666667,0.9,0.6605838775634766,0.021424627304077147
0.3,1,0.599484,0.9,5,0.7333333333333333,0.1386442289539028,49,0.8,0.6333333333333333,0.5166666666666667,0.8166666666666667,0.9,0.6535025119781495,0.021268653869628906
0.3,1,0.599484,0.9,10,0.6433333333333333,0.15902480589168752,400,0.8,0.3666666666666667,0.6166666666666667,0.6333333333333333,0.8,0.6589004993438721,0.021366643905639648
0.3,1,0.599484,0.9,20,0.68,0.16512621435334449,219,0.9,0.4666666666666667,0.5166666666666667,0.7166666666666667,0.8,0.6646946907043457,0.02119894027709961
0.3,1,0.599484,0.9,50,0.6433333333333333,0.15369522511198008,400,0.8,0.3833333333333333,0.6166666666666667,0.6166666666666667,0.8,0.6808736324310303,0.021306324005126952
0.3,1,2.15443,0.1,5,0.7933333333333333,0.030912061651652323,1,0.8,0.7333333333333334,0.8166666666666667,0.8166666666666667,0.8,0.7045994758605957,0.021476268768310547
0.3,1,2.15443,0.1,10,0.6499999999999999,0.18499249234015477,363,0.8166666666666667,0.4666666666666667,0.43333333333333335,0.6333333333333333,0.9,0.7117287158966065,0.021385908126831055
0.3,1,2.15443,0.1,20,0.6300000000000001,0.14039626459101792,436,0.8,0.48333333333333334,0.5166666666666667,0.55,0.8,0.716368579864502,0.021251821517944337
0.3,1,2.15443,0.1,50,0.6866666666666666,0.20011108026404845,176,0.8166666666666667,0.3833333333333333,0.5166666666666667,0.8166666666666667,0.9,0.7325293064117432,0.021137237548828125
0.3,1,2.15443,0.3,5,0.6633333333333333,0.18208667044996887,307,0.8,0.3666666666666667,0.5333333333333333,0.8166666666666667,0.8,0.7616427898406982,0.021167278289794922
0.3,1,2.15443,0.3,10,0.7233333333333334,0.14552586635295384,54,0.8166666666666667,0.4666666666666667,0.7166666666666667,0.7166666666666667,0.9,0.7708350658416748,0.021405029296875
0.3,1,2.15443,0.3,20,0.61,0.1003327796219494,502,0.7166666666666667,0.4666666666666667,0.5166666666666667,0.65,0.7,0.7701281070709228,0.02126598358154297
0.3,1,2.15443,0.3,50,0.6799999999999999,0.16512621435334449,227,0.8,0.4666666666666667,0.5166666666666667,0.7166666666666667,0.9,0.7876637935638428,0.020955371856689452
0.3,1,2.15443,0.5,5,0.71,0.11953614051360739,88,0.7333333333333334,0.48333333333333334,0.7166666666666667,0.8166666666666667,0.8,0.8088615894317627,0.021247673034667968
0.3,1,2.15443,0.5,10,0.74,0.14854853303438129,28,0.9,0.4666666666666667,0.8166666666666667,0.7166666666666667,0.8,0.8120205879211426,0.021181249618530275
0.3,1,2.15443,0.5,20,0.6233333333333333,0.08919392106839767,488,0.7166666666666667,0.4666666666666667,0.6,0.6333333333333333,0.7,0.8215794086456298,0.021107816696166994
0.3,1,2.15443,0.5,50,0.72,0.1895608961081724,69,0.9,0.4666666666666667,0.5166666666666667,0.8166666666666667,0.9,0.8356116771697998,0.021503591537475587
0.3,1,2.15443,0.7,5,0.7033333333333334,0.13224556283251582,100,0.8,0.48333333333333334,0.6166666666666667,0.8166666666666667,0.8,0.8077776432037354,0.021381235122680663
0.3,1,2.15443,0.7,10,0.6833333333333333,0.16699966733167135,187,0.9,0.3833333333333333,0.7166666666666667,0.7166666666666667,0.7,0.8119609355926514,0.021379470825195312
0.3,1,2.15443,0.7,20,0.6266666666666667,0.1756258649642599,456,0.7166666666666667,0.3833333333333333,0.5166666666666667,0.6166666666666667,0.9,0.8179388046264648,0.021270179748535158
0.3,1,2.15443,0.7,50,0.7066666666666667,0.17594190960528866,90,0.8166666666666667,0.3833333333333333,0.7,0.7333333333333334,0.9,0.8369919776916503,0.02127690315246582
0.3,1,2.15443,0.9,5,0.6366666666666667,0.14544949486180953,430,0.8,0.48333333333333334,0.6333333333333333,0.4666666666666667,0.8,0.8555280685424804,0.021251678466796875
0.3,1,2.15443,0.9,10,0.7433333333333334,0.15902480589168752,19,0.9,0.4666666666666667,0.7166666666666667,0.7333333333333334,0.9,0.8570508480072021,0.02154841423034668
0.3,1,2.15443,0.9,20,0.6633333333333333,0.1883849486792639,307,0.8,0.3833333333333333,0.5166666666666667,0.7166666666666667,0.9,0.8631911754608155,0.021099328994750977
0.3,1,2.15443,0.9,50,0.6833333333333333,0.19663841605003504,187,0.9,0.3833333333333333,0.6,0.6333333333333333,0.9,0.8801651954650879,0.02124156951904297
0.3,1,7.74264,0.1,5,0.7,0.08881941729649488,132,0.7166666666666667,0.5333333333333333,0.7166666666666667,0.7333333333333334,0.8,0.7754262924194336,0.021451139450073244
0.3,1,7.74264,0.1,10,0.6499999999999999,0.18499249234015477,363,0.8166666666666667,0.4666666666666667,0.43333333333333335,0.6333333333333333,0.9,0.7838405132293701,0.021080780029296874
0.3,1,7.74264,0.1,20,0.6666666666666666,0.10593499054713804,275,0.8,0.48333333333333334,0.7166666666666667,0.6333333333333333,0.7,0.7928394794464111,0.021152687072753907
0.3,1,7.74264,0.1,50,0.6266666666666667,0.1756258649642599,456,0.6166666666666667,0.3833333333333333,0.5166666666666667,0.7166666666666667,0.9,0.8067806243896485,0.021064615249633788
0.3,1,7.74264,0.3,5,0.7033333333333334,0.10666666666666669,100,0.6333333333333333,0.7333333333333334,0.5333333333333333,0.8166666666666667,0.8,0.9372552871704102,0.021224021911621094
0.3,1,7.74264,0.3,10,0.7033333333333334,0.151803967156476,100,0.8166666666666667,0.4666666666666667,0.6166666666666667,0.7166666666666667,0.9,0.9358421802520752,0.021492719650268555
0.3,1,7.74264,0.3,20,0.6266666666666667,0.11185307823708343,456,0.7166666666666667,0.4666666666666667,0.5166666666666667,0.7333333333333334,0.7,0.9409579277038574,0.021362495422363282
0.3,1,7.74264,0.3,50,0.6833333333333333,0.2062899792902107,187,0.9,0.3833333333333333,0.5166666666666667,0.7166666666666667,0.9,0.958799171447754,0.02113943099975586
0.3,1,7.74264,0.5,5,0.6633333333333333,0.18208667044996887,307,0.8,0.3666666666666667,0.5333333333333333,0.8166666666666667,0.8,0.9844460010528564,0.021370553970336915
0.3,1,7.74264,0.5,10,0.7233333333333334,0.16519348924485155,54,0.9,0.4666666666666667,0.7166666666666667,0.6333333333333333,0.9,0.9883708477020263,0.021330785751342774
0.3,1,7.74264,0.5,20,0.6266666666666666,0.12587471725666136,473,0.8166666666666667,0.4666666666666667,0.5166666666666667,0.6333333333333333,0.7,0.9949723720550537,0.021427154541015625
0.3,1,7.74264,0.5,50,0.6833333333333333,0.16766368453279054,187,0.8166666666666667,0.4666666666666667,0.5166666666666667,0.7166666666666667,0.9,1.0115521907806397,0.021224403381347658
0.3,1,7.74264,0.7,5,0.67,0.19447936194419763,251,0.7333333333333334,0.3666666666666667,0.5333333333333333,0.8166666666666667,0.9,1.1033116340637208,0.02137293815612793
0.3,1,7.74264,0.7,10,0.76,0.15077577170531523,7,0.9,0.4666666666666667,0.8166666666666667,0.8166666666666667,0.8,1.111158275604248,0.02113518714904785
0.3,1,7.74264,0.7,20,0.61,0.14704496666741854,502,0.7166666666666667,0.3833333333333333,0.5166666666666667,0.6333333333333333,0.8,1.1175904750823975,0.021134328842163087
0.3,1,7.74264,0.7,50,0.72,0.1895608961081724,69,0.9,0.4666666666666667,0.5166666666666667,0.8166666666666667,0.9,1.1310815334320068,0.02110905647277832
0.3,1,7.74264,0.9,5,0.6733333333333332,0.13848385385227327,247,0.7333333333333334,0.48333333333333334,0.5333333333333333,0.8166666666666667,0.8,1.1425297737121582,0.022017908096313477
0.3,1,7.74264,0.9,10,0.76,0.11284207253207172,7,0.9,0.5666666666666667,0.8166666666666667,0.7166666666666667,0.8,1.1380885601043702,0.021309661865234374
0.3,1,7.74264,0.9,20,0.61,0.14704496666741854,502,0.7166666666666667,0.3833333333333333,0.5166666666666667,0.6333333333333333,0.8,1.1444702625274659,0.02128915786743164
0.3,1,7.74264,0.9,50,0.7033333333333334,0.1839081896551163,100,0.9,0.4666666666666667,0.5166666666666667,0.7333333333333334,0.9,1.1626907348632813,0.021133852005004884
0.3,1,27.8256,0.1,5,0.6433333333333333,0.06960204339273701,400,0.5333333333333333,0.6333333333333333,0.6166666666666667,0.7333333333333334,0.7,0.7773254871368408,0.02146115303039551
0.3,1,27.8256,0.1,10,0.6133333333333333,0.17993826101687707,496,0.8166666666666667,0.3833333333333333,0.43333333333333335,0.6333333333333333,0.8,0.7826603889465332,0.02126617431640625
0.3,1,27.8256,0.1,20,0.7,0.17352553446427163,132,0.8,0.3833333333333333,0.7166666666666667,0.9,0.7,0.789177942276001,0.021318531036376952
0.3,1,27.8256,0.1,50,0.65,0.18043158136965812,356,0.7166666666666667,0.3833333333333333,0.5166666666666667,0.7333333333333334,0.9,0.8038575649261475,0.021132850646972658
0.3,1,27.8256,0.3,5,0.6733333333333332,0.12498888839501783,247,0.6166666666666667,0.5333333333333333,0.6166666666666667,0.9,0.7,0.908012580871582,0.021200227737426757
0.3,1,27.8256,0.3,10,0.6299999999999999,0.16069294390925268,446,0.8166666666666667,0.4666666666666667,0.43333333333333335,0.6333333333333333,0.8,0.9144123077392579,0.021183156967163087
0.3,1,27.8256,0.3,20,0.6466666666666667,0.14197026292697904,368,0.8,0.3833333333333333,0.7166666666666667,0.6333333333333333,0.7,0.9178841590881348,0.02129812240600586
0.3,1,27.8256,0.3,50,0.6666666666666666,0.16766368453279054,275,0.8166666666666667,0.4666666666666667,0.5166666666666667,0.6333333333333333,0.9,0.9344902515411377,0.021212959289550783
0.3,1,27.8256,0.5,5,0.7,0.09249624617007739,132,0.7166666666666667,0.7333333333333334,0.5333333333333333,0.8166666666666667,0.7,1.0471422672271729,0.02140665054321289
0.3,1,27.8256,0.5,10,0.7066666666666667,0.150037032465692,90,0.8166666666666667,0.4666666666666667,0.7166666666666667,0.6333333333333333,0.9,1.0462156772613525,0.021332645416259767
0.3,1,27.8256,0.5,20,0.6666666666666666,0.11105554165971789,275,0.8,0.5666666666666667,0.6166666666666667,0.55,0.8,1.051065492630005,0.021226119995117188
0.3,1,27.8256,0.5,50,0.6833333333333333,0.18043158136965812,187,0.8166666666666667,0.3833333333333333,0.6,0.7166666666666667,0.9,1.0655901432037354,0.021277666091918945
0.3,1,27.8256,0.7,5,0.7033333333333334,0.10666666666666669,100,0.6333333333333333,0.7333333333333334,0.5333333333333333,0.8166666666666667,0.8,1.1288928031921386,0.021218347549438476
0.3,1,27.8256,0.7,10,0.74,0.15937377450509227,28,0.9,0.4666666666666667,0.7166666666666667,0.7166666666666667,0.9,1.135498285293579,0.021114158630371093
0.3,1,27.8256,0.7,20,0.6666666666666666,0.11005049346146119,275,0.8166666666666667,0.5666666666666667,0.5166666666666667,0.7333333333333334,0.7,1.1422060489654542,0.021234560012817382
0.3,1,27.8256,0.7,50,0.7,0.15383974345619103,132,0.7166666666666667,0.4666666666666667,0.6,0.8166666666666667,0.9,1.1634886264801025,0.021412086486816407
0.3,1,27.8256,0.9,5,0.7033333333333334,0.10666666666666669,100,0.6333333333333333,0.7333333333333334,0.5333333333333333,0.8166666666666667,0.8,1.1733469486236572,0.021039390563964845
0.3,1,27.8256,0.9,10,0.7233333333333334,0.16519348924485155,54,0.9,0.4666666666666667,0.7166666666666667,0.6333333333333333,0.9,1.18092622756958,0.02135329246520996
0.3,1,27.8256,0.9,20,0.5933333333333334,0.09921917377424809,552,0.7166666666666667,0.5666666666666667,0.5166666666666667,0.4666666666666667,0.7,1.1838949203491211,0.02110776901245117
0.3,1,27.8256,0.9,50,0.6799999999999999,0.1528979325490629,227,0.8,0.4666666666666667,0.6,0.6333333333333333,0.9,1.2024732112884522,0.021226787567138673
0.3,1,100.0,0.1,5,0.6433333333333333,0.06960204339273701,400,0.5333333333333333,0.6333333333333333,0.6166666666666667,0.7333333333333334,0.7,0.8283560752868653,0.021452569961547853
0.3,1,100.0,0.1,10,0.6266666666666666,0.16485684025170985,473,0.8166666666666667,0.4666666666666667,0.4166666666666667,0.6333333333333333,0.8,0.8334861278533936,0.02123732566833496
0.3,1,100.0,0.1,20,0.65,0.13457752825457567,356,0.7,0.3833333333333333,0.7166666666666667,0.75,0.7,0.8413293361663818,0.021144962310791014
0.3,1,100.0,0.1,50,0.6466666666666667,0.17900962109463403,368,0.7166666666666667,0.3833333333333333,0.5166666666666667,0.7166666666666667,0.9,0.857041883468628,0.021009445190429688
0.3,1,100.0,0.3,5,0.6433333333333333,0.06960204339273701,400,0.5333333333333333,0.6333333333333333,0.6166666666666667,0.7333333333333334,0.7,0.8349179267883301,0.021252202987670898
0.3,1,100.0,0.3,10,0.6299999999999999,0.16069294390925268,446,0.8166666666666667,0.4666666666666667,0.43333333333333335,0.6333333333333333,0.8,0.8394093990325928,0.02131490707397461
0.3,1,100.0,0.3,20,0.7,0.17352553446427163,132,0.8,0.3833333333333333,0.7166666666666667,0.9,0.7,0.8447282791137696,0.021175241470336913
0.3,1,100.0,0.3,50,0.6466666666666667,0.17900962109463403,368,0.7166666666666667,0.3833333333333333,0.5166666666666667,0.7166666666666667,0.9,0.8615971565246582,0.02128424644470215
0.3,1,100.0,0.5,5,0.6233333333333334,0.08273115763993906,480,0.5333333333333333,0.5333333333333333,0.6166666666666667,0.7333333333333334,0.7,0.8637181282043457,0.021307086944580077
0.3,1,100.0,0.5,10,0.6299999999999999,0.16069294390925268,446,0.8166666666666667,0.4666666666666667,0.43333333333333335,0.6333333333333333,0.8,0.8682714939117432,0.02111978530883789
0.3,1,100.0,0.5,20,0.6633333333333333,0.10718623460542352,307,0.8,0.48333333333333334,0.6166666666666667,0.7166666666666667,0.7,0.8734983921051025,0.02117786407470703
0.3,1,100.0,0.5,50,0.6666666666666667,0.19090428084368471,256,0.7166666666666667,0.3833333333333333,0.5166666666666667,0.8166666666666667,0.9,0.8898004055023193,0.02131352424621582
0.3,1,100.0,0.7,5,0.6233333333333334,0.08273115763993906,480,0.5333333333333333,0.5333333333333333,0.6166666666666667,0.7333333333333334,0.7,0.9059021472930908,0.0214111328125
0.3,1,100.0,0.7,10,0.6299999999999999,0.16069294390925268,446,0.8166666666666667,0.4666666666666667,0.43333333333333335,0.6333333333333333,0.8,0.9103795528411865,0.02126345634460449
0.3,1,100.0,0.7,20,0.6633333333333333,0.08055363982396382,307,0.8,0.5666666666666667,0.6166666666666667,0.6333333333333333,0.7,0.9149384021759033,0.021273374557495117
0.3,1,100.0,0.7,50,0.6466666666666667,0.17900962109463403,368,0.7166666666666667,0.3833333333333333,0.5166666666666667,0.7166666666666667,0.9,0.9325204372406006,0.021323442459106445
0.3,1,100.0,0.9,5,0.6566666666666666,0.13646326326972483,343,0.5333333333333333,0.5333333333333333,0.6166666666666667,0.9,0.7,0.9662677764892578,0.021381092071533204
0.3,1,100.0,0.9,10,0.6299999999999999,0.16069294390925268,446,0.8166666666666667,0.4666666666666667,0.43333333333333335,0.6333333333333333,0.8,0.9708064079284668,0.02136068344116211
0.3,1,100.0,0.9,20,0.6866666666666668,0.11897712198383166,170,0.8,0.48333333333333334,0.7166666666666667,0.6333333333333333,0.8,0.9754196643829346,0.02127995491027832
0.3,1,100.0,0.9,50,0.6466666666666667,0.17900962109463403,368,0.7166666666666667,0.3833333333333333,0.5166666666666667,0.7166666666666667,0.9,0.9936722755432129,0.021329069137573244
0.3,5,0.001,0.1,5,0.5533333333333333,0.05517648452415614,608,0.6333333333333333,0.5333333333333333,0.5166666666666667,0.48333333333333334,0.6,0.4606468200683594,0.020881032943725585
0.3,5,0.001,0.1,10,0.5333333333333334,0.07378647873726216,689,0.6333333333333333,0.43333333333333335,0.5166666666666667,0.48333333333333334,0.6,0.46381707191467286,0.020920801162719726
0.3,5,0.001,0.1,20,0.51,0.15477582354991865,769,0.6333333333333333,0.5333333333333333,0.4166666666666667,0.26666666666666666,0.7,0.4697213649749756,0.02118678092956543
0.3,5,0.001,0.1,50,0.49333333333333335,0.07717224601860148,785,0.6333333333333333,0.4666666666666667,0.5,0.4666666666666667,0.4,0.48235745429992677,0.021151351928710937
0.3,5,0.001,0.3,5,0.5533333333333333,0.05517648452415614,608,0.6333333333333333,0.5333333333333333,0.5166666666666667,0.48333333333333334,0.6,0.4607734680175781,0.021115827560424804
0.3,5,0.001,0.3,10,0.5333333333333334,0.07378647873726216,689,0.6333333333333333,0.43333333333333335,0.5166666666666667,0.48333333333333334,0.6,0.4651336669921875,0.021078824996948242
0.3,5,0.001,0.3,20,0.51,0.15477582354991865,769,0.6333333333333333,0.5333333333333333,0.4166666666666667,0.26666666666666666,0.7,0.46914310455322267,0.021102237701416015
0.3,5,0.001,0.3,50,0.49333333333333335,0.07717224601860148,785,0.6333333333333333,0.4666666666666667,0.5,0.4666666666666667,0.4,0.48082594871520995,0.02133212089538574
0.3,5,0.001,0.5,5,0.5533333333333333,0.05517648452415614,608,0.6333333333333333,0.5333333333333333,0.5166666666666667,0.48333333333333334,0.6,0.4603397369384766,0.021006202697753905
0.3,5,0.001,0.5,10,0.5333333333333334,0.07378647873726216,689,0.6333333333333333,0.43333333333333335,0.5166666666666667,0.48333333333333334,0.6,0.4631378173828125,0.021033811569213866
0.3,5,0.001,0.5,20,0.51,0.15477582354991865,769,0.6333333333333333,0.5333333333333333,0.4166666666666667,0.26666666666666666,0.7,0.4700634479522705,0.021216583251953126
0.3,5,0.001,0.5,50,0.49333333333333335,0.07717224601860148,785,0.6333333333333333,0.4666666666666667,0.5,0.4666666666666667,0.4,0.48279776573181155,0.020928144454956055
0.3,5,0.001,0.7,5,0.5533333333333333,0.05517648452415614,608,0.6333333333333333,0.5333333333333333,0.5166666666666667,0.48333333333333334,0.6,0.4611652374267578,0.021149587631225587
0.3,5,0.001,0.7,10,0.5333333333333334,0.07378647873726216,689,0.6333333333333333,0.43333333333333335,0.5166666666666667,0.48333333333333334,0.6,0.46475586891174314,0.021172857284545897
0.3,5,0.001,0.7,20,0.51,0.15477582354991865,769,0.6333333333333333,0.5333333333333333,0.4166666666666667,0.26666666666666666,0.7,0.4731761932373047,0.020964908599853515
0.3,5,0.001,0.7,50,0.49333333333333335,0.07717224601860148,785,0.6333333333333333,0.4666666666666667,0.5,0.4666666666666667,0.4,0.48178920745849607,0.021150922775268553
0.3,5,0.001,0.9,5,0.5533333333333333,0.05517648452415614,608,0.6333333333333333,0.5333333333333333,0.5166666666666667,0.48333333333333334,0.6,0.4614013671875,0.021045160293579102
0.3,5,0.001,0.9,10,0.5333333333333334,0.07378647873726216,689,0.6333333333333333,0.43333333333333335,0.5166666666666667,0.48333333333333334,0.6,0.4641604423522949,0.021076059341430663
0.3,5,0.001,0.9,20,0.51,0.15477582354991865,769,0.6333333333333333,0.5333333333333333,0.4166666666666667,0.26666666666666666,0.7,0.4706052303314209,0.020998573303222655
0.3,5,0.001,0.9,50,0.49333333333333335,0.07717224601860148,785,0.6333333333333333,0.4666666666666667,0.5,0.4666666666666667,0.4,0.48175554275512694,0.020964431762695312
0.3,5,0.00359381,0.1,5,0.5533333333333333,0.05517648452415614,608,0.6333333333333333,0.5333333333333333,0.5166666666666667,0.48333333333333334,0.6,0.46204214096069335,0.021065473556518555
0.3,5,0.00359381,0.1,10,0.5333333333333334,0.07378647873726216,689,0.6333333333333333,0.43333333333333335,0.5166666666666667,0.48333333333333334,0.6,0.46549973487854,0.021128225326538085
0.3,5,0.00359381,0.1,20,0.51,0.15477582354991865,769,0.6333333333333333,0.5333333333333333,0.4166666666666667,0.26666666666666666,0.7,0.47057485580444336,0.021141958236694337
0.3,5,0.00359381,0.1,50,0.49333333333333335,0.07717224601860148,785,0.6333333333333333,0.4666666666666667,0.5,0.4666666666666667,0.4,0.4836409568786621,0.021013498306274414
0.3,5,0.00359381,0.3,5,0.5533333333333333,0.05517648452415614,608,0.6333333333333333,0.5333333333333333,0.5166666666666667,0.48333333333333334,0.6,0.46721935272216797,0.02106633186340332
0.3,5,0.00359381,0.3,10,0.5333333333333334,0.07378647873726216,689,0.6333333333333333,0.43333333333333335,0.5166666666666667,0.48333333333333334,0.6,0.46451630592346194,0.02115030288696289
0.3,5,0.00359381,0.3,20,0.51,0.15477582354991865,769,0.6333333333333333,0.5333333333333333,0.4166666666666667,0.26666666666666666,0.7,0.46965727806091306,0.021044349670410155
0.3,5,0.00359381,0.3,50,0.49333333333333335,0.07717224601860148,785,0.6333333333333333,0.4666666666666667,0.5,0.4666666666666667,0.4,0.48293108940124513,0.020998620986938478
0.3,5,0.00359381,0.5,5,0.5533333333333333,0.05517648452415614,608,0.6333333333333333,0.5333333333333333,0.5166666666666667,0.48333333333333334,0.6,0.46219215393066404,0.02113451957702637
0.3,5,0.00359381,0.5,10,0.5333333333333334,0.07378647873726216,689,0.6333333333333333,0.43333333333333335,0.5166666666666667,0.48333333333333334,0.6,0.4639268398284912,0.021007823944091796
0.3,5,0.00359381,0.5,20,0.51,0.15477582354991865,769,0.6333333333333333,0.5333333333333333,0.4166666666666667,0.26666666666666666,0.7,0.4702629566192627,0.02111372947692871
0.3,5,0.00359381,0.5,50,0.49333333333333335,0.07717224601860148,785,0.6333333333333333,0.4666666666666667,0.5,0.4666666666666667,0.4,0.4820235252380371,0.021521615982055663
0.3,5,0.00359381,0.7,5,0.5533333333333333,0.05517648452415614,608,0.6333333333333333,0.5333333333333333,0.5166666666666667,0.48333333333333334,0.6,0.4613173007965088,0.021062326431274415
0.3,5,0.00359381,0.7,10,0.5333333333333334,0.07378647873726216,689,0.6333333333333333,0.43333333333333335,0.5166666666666667,0.48333333333333334,0.6,0.46387925148010256,0.021034383773803712
0.3,5,0.00359381,0.7,20,0.51,0.15477582354991865,769,0.6333333333333333,0.5333333333333333,0.4166666666666667,0.26666666666666666,0.7,0.4696857452392578,0.021193265914916992
0.3,5,0.00359381,0.7,50,0.49333333333333335,0.07717224601860148,785,0.6333333333333333,0.4666666666666667,0.5,0.4666666666666667,0.4,0.4829235076904297,0.021283674240112304
0.3,5,0.00359381,0.9,5,0.5533333333333333,0.05517648452415614,608,0.6333333333333333,0.5333333333333333,0.5166666666666667,0.48333333333333334,0.6,0.46274242401123045,0.021026182174682616
0.3,5,0.00359381,0.9,10,0.5333333333333334,0.07378647873726216,689,0.6333333333333333,0.43333333333333335,0.5166666666666667,0.48333333333333334,0.6,0.46643667221069335,0.021030616760253907
0.3,5,0.00359381,0.9,20,0.51,0.15477582354991865,769,0.6333333333333333,0.5333333333333333,0.4166666666666667,0.26666666666666666,0.7,0.4695343017578125,0.021235322952270506
0.3,5,0.00359381,0.9,50,0.49333333333333335,0.07717224601860148,785,0.6333333333333333,0.4666666666666667,0.5,0.4666666666666667,0.4,0.48171496391296387,0.02107248306274414
0.3,5,0.0129155,0.1,5,0.5833333333333334,0.07888106377466154,565,0.6166666666666667,0.4666666666666667,0.6,0.5333333333333333,0.7,0.47100558280944826,0.021148252487182616
0.3,5,0.0129155,0.1,10,0.6266666666666667,0.16552945357246848,456,0.6166666666666667,0.4666666666666667,0.7,0.45,0.9,0.4756324291229248,0.021169137954711915
0.3,5,0.0129155,0.1,20,0.7066666666666666,0.13063945294843618,99,0.8,0.5666666666666667,0.7,0.5666666666666667,0.9,0.47943930625915526,0.021111679077148438
0.3,5,0.0129155,0.1,50,0.7,0.17352553446427163,132,0.8,0.3833333333333333,0.7,0.7166666666666667,0.9,0.4912367820739746,0.02110295295715332
0.3,5,0.0129155,0.3,5,0.5533333333333333,0.05517648452415614,608,0.6333333333333333,0.5333333333333333,0.5166666666666667,0.48333333333333334,0.6,0.4615532875061035,0.020985841751098633
0.3,5,0.0129155,0.3,10,0.5333333333333334,0.07378647873726216,689,0.6333333333333333,0.43333333333333335,0.5166666666666667,0.48333333333333334,0.6,0.465150260925293,0.020871925354003906
0.3,5,0.0129155,0.3,20,0.51,0.15477582354991865,769,0.6333333333333333,0.5333333333333333,0.4166666666666667,0.26666666666666666,0.7,0.4704288005828857,0.021146535873413086
0.3,5,0.0129155,0.3,50,0.49333333333333335,0.07717224601860148,785,0.6333333333333333,0.4666666666666667,0.5,0.4666666666666667,0.4,0.4868896961212158,0.02110452651977539
0.3,5,0.0129155,0.5,5,0.5533333333333333,0.05517648452415614,608,0.6333333333333333,0.5333333333333333,0.5166666666666667,0.48333333333333334,0.6,0.4644021511077881,0.021097850799560548
0.3,5,0.0129155,0.5,10,0.5333333333333334,0.07378647873726216,689,0.6333333333333333,0.43333333333333335,0.5166666666666667,0.48333333333333334,0.6,0.46496901512145994,0.020923948287963866
0.3,5,0.0129155,0.5,20,0.51,0.15477582354991865,769,0.6333333333333333,0.5333333333333333,0.4166666666666667,0.26666666666666666,0.7,0.473528528213501,0.02108612060546875
0.3,5,0.0129155,0.5,50,0.49333333333333335,0.07717224601860148,785,0.6333333333333333,0.4666666666666667,0.5,0.4666666666666667,0.4,0.4833122730255127,0.020952129364013673
0.3,5,0.0129155,0.7,5,0.5533333333333333,0.05517648452415614,608,0.6333333333333333,0.5333333333333333,0.5166666666666667,0.48333333333333334,0.6,0.462444543838501,0.02101454734802246
0.3,5,0.0129155,0.7,10,0.5333333333333334,0.07378647873726216,689,0.6333333333333333,0.43333333333333335,0.5166666666666667,0.48333333333333334,0.6,0.46511425971984866,0.021197795867919922
0.3,5,0.0129155,0.7,20,0.51,0.15477582354991865,769,0.6333333333333333,0.5333333333333333,0.4166666666666667,0.26666666666666666,0.7,0.4704892158508301,0.021161365509033202
0.3,5,0.0129155,0.7,50,0.49333333333333335,0.07717224601860148,785,0.6333333333333333,0.4666666666666667,0.5,0.4666666666666667,0.4,0.48305315971374513,0.020882797241210938
0.3,5,0.0129155,0.9,5,0.5533333333333333,0.05517648452415614,608,0.6333333333333333,0.5333333333333333,0.5166666666666667,0.48333333333333334,0.6,0.46149706840515137,0.021189403533935548
0.3,5,0.0129155,0.9,10,0.5333333333333334,0.07378647873726216,689,0.6333333333333333,0.43333333333333335,0.5166666666666667,0.48333333333333334,0.6,0.4648594379425049,0.020971918106079103
0.3,5,0.0129155,0.9,20,0.51,0.15477582354991865,769,0.6333333333333333,0.5333333333333333,0.4166666666666667,0.26666666666666666,0.7,0.47016086578369143,0.02099475860595703
0.3,5,0.0129155,0.9,50,0.49333333333333335,0.07717224601860148,785,0.6333333333333333,0.4666666666666667,0.5,0.4666666666666667,0.4,0.48502388000488283,0.021821880340576173
0.3,5,0.0464159,0.1,5,0.6666666666666666,0.10593499054713804,275,0.8,0.48333333333333334,0.7166666666666667,0.6333333333333333,0.7,0.4819363594055176,0.021441888809204102
0.3,5,0.0464159,0.1,10,0.6799999999999999,0.11274356350191844,227,0.8,0.5666666666666667,0.7,0.5333333333333333,0.8,0.48535919189453125,0.020987653732299806
0.3,5,0.0464159,0.1,20,0.7,0.1475729574745244,132,0.8,0.4666666666666667,0.7,0.6333333333333333,0.9,0.4970550060272217,0.02124481201171875
0.3,5,0.0464159,0.1,50,0.7,0.1837873166945363,132,1.0,0.4666666666666667,0.6,0.6333333333333333,0.8,0.501884126663208,0.021240758895874023
0.3,5,0.0464159,0.3,5,0.6233333333333333,0.044221663871405324,488,0.6166666666666667,0.5666666666666667,0.6,0.6333333333333333,0.7,0.4862020969390869,0.020981264114379884
0.3,5,0.0464159,0.3,10,0.72,0.1185092588975412,69,0.8,0.5666666666666667,0.7,0.6333333333333333,0.9,0.48551626205444337,0.02110891342163086
0.3,5,0.0464159,0.3,20,0.7200000000000001,0.17713773674115232,67,1.0,0.4666666666666667,0.7,0.6333333333333333,0.8,0.4905229091644287,0.021010971069335936
0.3,5,0.0464159,0.3,50,0.6966666666666665,0.14922019523732927,162,0.8,0.4666666666666667,0.7,0.6166666666666667,0.9,0.5012597560882568,0.021196413040161132
0.3,5,0.0464159,0.5,5,0.57,0.11075498483890762,605,0.6333333333333333,0.4,0.6333333333333333,0.48333333333333334,0.7,0.49048428535461425,0.021218395233154295
0.3,5,0.0464159,0.5,10,0.6799999999999999,0.13638181696985857,227,0.6333333333333333,0.65,0.7333333333333334,0.48333333333333334,0.9,0.48479371070861815,0.022077131271362304
0.3,5,0.0464159,0.5,20,0.5833333333333333,0.23045848023258142,566,0.6333333333333333,0.3833333333333333,0.7333333333333334,0.26666666666666666,0.9,0.4807916164398193,0.020894765853881836
0.3,5,0.0464159,0.5,50,0.6166666666666666,0.18135294011647257,495,0.6333333333333333,0.3833333333333333,0.7,0.4666666666666667,0.9,0.492549991607666,0.021016836166381836
0.3,5,0.0464159,0.7,5,0.5533333333333333,0.05517648452415614,608,0.6333333333333333,0.5333333333333333,0.5166666666666667,0.48333333333333334,0.6,0.4618847846984863,0.021175670623779296
0.3,5,0.0464159,0.7,10,0.5333333333333334,0.07378647873726216,689,0.6333333333333333,0.43333333333333335,0.5166666666666667,0.48333333333333334,0.6,0.4649177551269531,0.020945167541503905
0.3,5,0.0464159,0.7,20,0.51,0.15477582354991865,769,0.6333333333333333,0.5333333333333333,0.4166666666666667,0.26666666666666666,0.7,0.47080540657043457,0.021124267578125
0.3,5,0.0464159,0.7,50,0.49333333333333335,0.07717224601860148,785,0.6333333333333333,0.4666666666666667,0.5,0.4666666666666667,0.4,0.48203330039978026,0.021094655990600585
0.3,5,0.0464159,0.9,5,0.5533333333333333,0.05517648452415614,608,0.6333333333333333,0.5333333333333333,0.5166666666666667,0.48333333333333334,0.6,0.4623262405395508,0.0210421085357666
0.3,5,0.0464159,0.9,10,0.5333333333333334,0.07378647873726216,689,0.6333333333333333,0.43333333333333335,0.5166666666666667,0.48333333333333334,0.6,0.4650926113128662,0.02095627784729004
0.3,5,0.0464159,0.9,20,0.51,0.15477582354991865,769,0.6333333333333333,0.5333333333333333,0.4166666666666667,0.26666666666666666,0.7,0.470216703414917,0.02103285789489746
0.3,5,0.0464159,0.9,50,0.49333333333333335,0.07717224601860148,785,0.6333333333333333,0.4666666666666667,0.5,0.4666666666666667,0.4,0.4825261116027832,0.021022558212280273
0.3,5,0.16681,0.1,5,0.66,0.08602325267042628,338,0.8,0.5666666666666667,0.7166666666666667,0.6166666666666667,0.6,0.511979341506958,0.021173715591430664
0.3,5,0.16681,0.1,10,0.6333333333333334,0.1588150566609546,432,0.8166666666666667,0.4,0.5333333333333333,0.6166666666666667,0.8,0.5158369064331054,0.02118339538574219
0.3,5,0.16681,0.1,20,0.6266666666666667,0.16076207402383327,456,0.7166666666666667,0.4666666666666667,0.5166666666666667,0.5333333333333333,0.9,0.5217590808868409,0.021288490295410155
0.3,5,0.16681,0.1,50,0.7,0.21081851067789195,132,1.0,0.4666666666666667,0.6,0.5333333333333333,0.9,0.5333259582519532,0.021274375915527343
0.3,5,0.16681,0.3,5,0.66,0.08602325267042628,338,0.8,0.5666666666666667,0.7166666666666667,0.6166666666666667,0.6,0.515803337097168,0.02121868133544922
0.3,5,0.16681,0.3,10,0.6233333333333333,0.12092238098144704,488,0.7166666666666667,0.4666666666666667,0.6,0.5333333333333333,0.8,0.5193450927734375,0.021147918701171876
0.3,5,0.16681,0.3,20,0.64,0.12183777921664711,424,0.7,0.4666666666666667,0.7,0.5333333333333333,0.8,0.5231118679046631,0.021073198318481444
0.3,5,0.16681,0.3,50,0.6433333333333333,0.1854723699099141,400,0.8,0.3833333333333333,0.6,0.5333333333333333,0.9,0.5346641540527344,0.021098566055297852
0.3,5,0.16681,0.5,5,0.6433333333333333,0.13316656236958788,400,0.8,0.48333333333333334,0.6,0.5333333333333333,0.8,0.5205859184265137,0.022054386138916016
0.3,5,0.16681,0.5,10,0.6633333333333333,0.11469767022723502,307,0.8,0.4666666666666667,0.6166666666666667,0.7333333333333334,0.7,0.5298446178436279,0.020992803573608398
0.3,5,0.16681,0.5,20,0.72,0.16546231527987812,69,0.9,0.4666666666666667,0.7,0.6333333333333333,0.9,0.5282979488372803,0.02117924690246582
0.3,5,0.16681,0.5,50,0.6833333333333333,0.17511900715418266,187,0.8,0.3833333333333333,0.7,0.6333333333333333,0.9,0.5401048183441162,0.02099580764770508
0.3,5,0.16681,0.7,5,0.6966666666666667,0.09797958971132716,153,0.8,0.5666666666666667,0.6,0.7166666666666667,0.8,0.5171871662139893,0.02112436294555664
0.3,5,0.16681,0.7,10,0.6666666666666667,0.16020819787597224,256,0.8,0.4666666666666667,0.6166666666666667,0.55,0.9,0.5214187622070312,0.02118053436279297
0.3,5,0.16681,0.7,20,0.74,0.11035296904831235,28,0.9,0.5666666666666667,0.7,0.7333333333333334,0.8,0.5253793716430664,0.021041440963745116
0.3,5,0.16681,0.7,50,0.7166666666666666,0.1437590576856522,83,0.8,0.4666666666666667,0.7,0.7166666666666667,0.9,0.5369740009307862,0.021156883239746092
0.3,5,0.16681,0.9,5,0.71,0.06463573143221775,88,0.7,0.7333333333333334,0.6,0.7166666666666667,0.8,0.5118182182312012,0.021219921112060548
0.3,5,0.16681,0.9,10,0.6799999999999999,0.1528979325490629,227,0.8,0.4666666666666667,0.6,0.6333333333333333,0.9,0.5195000171661377,0.022063732147216797
0.3,5,0.16681,0.9,20,0.74,0.13727506854649335,28,0.9,0.5666666666666667,0.7,0.6333333333333333,0.9,0.520076847076416,0.021210861206054688
0.3,5,0.16681,0.9,50,0.6966666666666665,0.14922019523732927,162,0.8,0.4666666666666667,0.7,0.6166666666666667,0.9,0.5317149639129639,0.021163129806518556
0.3,5,0.599484,0.1,5,0.6633333333333333,0.09153020145163987,307,0.8166666666666667,0.5666666666666667,0.7166666666666667,0.6166666666666667,0.6,0.5857614994049072,0.02105541229248047
0.3,5,0.599484,0.1,10,0.6666666666666666,0.09249624617007741,275,0.7333333333333334,0.65,0.5333333333333333,0.6166666666666667,0.8,0.5859529972076416,0.021143531799316405
0.3,5,0.599484,0.1,20,0.6100000000000001,0.2029230834029923,498,0.8,0.3833333333333333,0.5166666666666667,0.45,0.9,0.5888227939605712,0.021123886108398438
0.3,5,0.599484,0.1,50,0.6866666666666666,0.16845705024657703,176,0.8166666666666667,0.4666666666666667,0.5166666666666667,0.7333333333333334,0.9,0.5993972778320312,0.02109560966491699
0.3,5,0.599484,0.3,5,0.7033333333333334,0.10187137859957417,100,0.8166666666666667,0.5666666666666667,0.8166666666666667,0.6166666666666667,0.7,0.5988575458526612,0.021016979217529298
0.3,5,0.599484,0.3,10,0.7033333333333334,0.16377491328717664,100,0.8,0.3833333333333333,0.8166666666666667,0.7166666666666667,0.8,0.5996860027313232,0.021311140060424803
0.3,5,0.599484,0.3,20,0.6433333333333333,0.1730767331432956,400,0.9,0.4666666666666667,0.5166666666666667,0.5333333333333333,0.8,0.6040940761566163,0.020947360992431642
0.3,5,0.599484,0.3,50,0.72,0.1984383475484962,69,1.0,0.4666666666666667,0.6,0.6333333333333333,0.9,0.6154428958892822,0.0209658145904541
0.3,5,0.599484,0.5,5,0.6599999999999999,0.08205689083394116,340,0.8,0.5666666666666667,0.6166666666666667,0.6166666666666667,0.7,0.60977783203125,0.021187210083007814
0.3,5,0.599484,0.5,10,0.6633333333333333,0.12578641509408808,307,0.8,0.4666666666666667,0.6166666666666667,0.6333333333333333,0.8,0.6152671813964844,0.021112537384033202
0.3,5,0.599484,0.5,20,0.6466666666666666,0.21328124364061857,398,0.9,0.3833333333333333,0.5166666666666667,0.5333333333333333,0.9,0.6203339576721192,0.021095418930053712
0.3,5,0.599484,0.5,50,0.7,0.1475729574745244,132,0.8,0.4666666666666667,0.7,0.6333333333333333,0.9,0.6298338890075683,0.02113995552062988
0.3,5,0.599484,0.7,5,0.6933333333333334,0.06548960901462834,164,0.8,0.6333333333333333,0.7166666666666667,0.6166666666666667,0.7,0.6219753742218017,0.021082401275634766
0.3,5,0.599484,0.7,10,0.6666666666666667,0.16090024514862897,256,0.8,0.48333333333333334,0.5166666666666667,0.6333333333333333,0.9,0.6263971328735352,0.021216392517089844
0.3,5,0.599484,0.7,20,0.61,0.1562049935181331,502,0.8,0.4666666666666667,0.5166666666666667,0.4666666666666667,0.8,0.629783296585083,0.02115321159362793
0.3,5,0.599484,0.7,50,0.6833333333333333,0.17511900715418266,187,0.8,0.3833333333333333,0.7,0.6333333333333333,0.9,0.6444461822509766,0.021079158782958983
0.3,5,0.599484,0.9,5,0.6333333333333334,0.06749485577105525,432,0.7,0.6333333333333333,0.5166666666666667,0.6166666666666667,0.7,0.641644811630249,0.02113308906555176
0.3,5,0.599484,0.9,10,0.67,0.15613384571507158,251,0.8,0.48333333333333334,0.6166666666666667,0.55,0.9,0.6470829486846924,0.02109661102294922
0.3,5,0.599484,0.9,20,0.6266666666666667,0.14966629547095767,456,0.8,0.4666666666666667,0.6,0.4666666666666667,0.8,0.6528761386871338,0.021116876602172853
0.3,5,0.599484,0.9,50,0.6799999999999999,0.16646654652245033,227,0.7,0.3833333333333333,0.7,0.7166666666666667,0.9,0.6622101306915283,0.021207857131958007
0.3,5,2.15443,0.1,5,0.6966666666666667,0.07986099033807294,153,0.8166666666666667,0.7333333333333334,0.7166666666666667,0.6166666666666667,0.6,0.6911149501800538,0.020872735977172853
0.3,5,2.15443,0.1,10,0.6466666666666667,0.06446359868604572,368,0.7166666666666667,0.65,0.6333333333333333,0.5333333333333333,0.7,0.6945940971374511,0.020959997177124025
0.3,5,2.15443,0.1,20,0.6100000000000001,0.2029230834029923,498,0.8,0.3833333333333333,0.5166666666666667,0.45,0.9,0.7021026134490966,0.0216278076171875
0.3,5,2.15443,0.1,50,0.6833333333333333,0.19663841605003504,187,0.9,0.3833333333333333,0.6,0.6333333333333333,0.9,0.7142319202423095,0.02113022804260254
0.3,5,2.15443,0.3,5,0.7166666666666666,0.1370320319406298,83,0.8166666666666667,0.5333333333333333,0.9166666666666667,0.6166666666666667,0.7,0.7629530429840088,0.0211733341217041
0.3,5,2.15443,0.3,10,0.6866666666666668,0.10718623460542352,170,0.8166666666666667,0.65,0.6333333333333333,0.5333333333333333,0.8,0.7579423427581787,0.022060871124267578
0.3,5,2.15443,0.3,20,0.6066666666666667,0.16619934483090548,542,0.8,0.3833333333333333,0.5166666666666667,0.5333333333333333,0.8,0.7557539939880371,0.021251487731933593
0.3,5,2.15443,0.3,50,0.6633333333333333,0.16478942792411033,307,0.8,0.4666666666666667,0.5166666666666667,0.6333333333333333,0.9,0.7682761192321778,0.021108388900756836
0.3,5,2.15443,0.5,5,0.6433333333333333,0.16686654681045102,400,0.8166666666666667,0.3666666666666667,0.8166666666666667,0.6166666666666667,0.6,0.7953011512756347,0.021218490600585938
0.3,5,2.15443,0.5,10,0.6666666666666666,0.1766981104093143,275,0.8,0.3833333333333333,0.8166666666666667,0.5333333333333333,0.8,0.8010731220245362,0.02098536491394043
0.3,5,2.15443,0.5,20,0.6233333333333333,0.14590712418826196,488,0.8,0.4666666666666667,0.5166666666666667,0.5333333333333333,0.8,0.8048104286193848,0.021019411087036134
0.3,5,2.15443,0.5,50,0.7033333333333334,0.1462114146630754,100,0.8,0.4666666666666667,0.7,0.65,0.9,0.8163420677185058,0.021125936508178712
0.3,5,2.15443,0.7,5,0.6799999999999999,0.17682382946499792,227,0.8,0.3666666666666667,0.8166666666666667,0.8166666666666667,0.6,0.7975215435028076,0.020871400833129883
0.3,5,2.15443,0.7,10,0.6866666666666668,0.12174654911833117,170,0.8,0.48333333333333334,0.8166666666666667,0.6333333333333333,0.7,0.8056371688842774,0.02144036293029785
0.3,5,2.15443,0.7,20,0.5933333333333334,0.13888444437333106,552,0.7166666666666667,0.48333333333333334,0.5166666666666667,0.45,0.8,0.811225175857544,0.021118640899658203
0.3,5,2.15443,0.7,50,0.6866666666666666,0.17429221949868498,176,0.8,0.3833333333333333,0.7,0.65,0.9,0.8164274215698242,0.022043848037719728
0.3,5,2.15443,0.9,5,0.6033333333333334,0.1499629583893599,547,0.8,0.5333333333333333,0.7166666666666667,0.3666666666666667,0.6,0.8480624198913574,0.021130704879760744
0.3,5,2.15443,0.9,10,0.7433333333333334,0.14243907079481,19,0.8,0.48333333333333334,0.8166666666666667,0.7166666666666667,0.9,0.8489014625549316,0.021286678314208985
0.3,5,2.15443,0.9,20,0.6266666666666667,0.14243907079481,456,0.8,0.48333333333333334,0.5166666666666667,0.5333333333333333,0.8,0.8511483669281006,0.021160221099853514
0.3,5,2.15443,0.9,50,0.6633333333333333,0.15362291495737218,307,0.8,0.3833333333333333,0.7,0.6333333333333333,0.8,0.8663956165313721,0.02129073143005371
0.3,5,7.74264,0.1,5,0.74,0.0793025150224688,28,0.8166666666666667,0.7333333333333334,0.7333333333333334,0.8166666666666667,0.6,0.7670659065246582,0.021057558059692384
0.3,5,7.74264,0.1,10,0.6466666666666667,0.06446359868604572,368,0.7166666666666667,0.65,0.6333333333333333,0.5333333333333333,0.7,0.7661673069000244,0.02110457420349121
0.3,5,7.74264,0.1,20,0.6300000000000001,0.16000000000000003,436,0.8,0.3833333333333333,0.6333333333333333,0.5333333333333333,0.8,0.7724731922149658,0.0212371826171875
0.3,5,7.74264,0.1,50,0.63,0.1755625877635159,440,0.7166666666666667,0.3833333333333333,0.5166666666666667,0.6333333333333333,0.9,0.7895478248596192,0.020920562744140624
0.3,5,7.74264,0.3,5,0.7366666666666667,0.11990737165736635,42,0.8166666666666667,0.7333333333333334,0.9166666666666667,0.6166666666666667,0.6,0.9319941997528076,0.021070528030395507
0.3,5,7.74264,0.3,10,0.6466666666666667,0.06446359868604572,368,0.7166666666666667,0.65,0.6333333333333333,0.5333333333333333,0.7,0.9327552318572998,0.02252788543701172
0.3,5,7.74264,0.3,20,0.6233333333333333,0.14590712418826196,488,0.8,0.4666666666666667,0.5166666666666667,0.5333333333333333,0.8,0.9341518402099609,0.021012639999389647
0.3,5,7.74264,0.3,50,0.6466666666666667,0.18660713336371207,368,0.8,0.3833333333333333,0.5166666666666667,0.6333333333333333,0.9,0.9397454738616944,0.021219539642333984
0.3,5,7.74264,0.5,5,0.6966666666666667,0.14506703431325965,153,0.8166666666666667,0.5333333333333333,0.9166666666666667,0.6166666666666667,0.6,0.9742087841033935,0.021080160140991212
0.3,5,7.74264,0.5,10,0.6633333333333333,0.09451631252505219,307,0.8,0.65,0.7333333333333334,0.5333333333333333,0.6,0.9784469604492188,0.021031856536865234
0.3,5,7.74264,0.5,20,0.5733333333333335,0.15902480589168752,602,0.7166666666666667,0.3833333333333333,0.5166666666666667,0.45,0.8,0.983494758605957,0.021730709075927734
0.3,5,7.74264,0.5,50,0.6833333333333333,0.16599866130651644,187,0.8,0.4666666666666667,0.5166666666666667,0.7333333333333334,0.9,0.9970585823059082,0.02122044563293457
0.3,5,7.74264,0.7,5,0.6966666666666667,0.14506703431325965,153,0.8166666666666667,0.5333333333333333,0.9166666666666667,0.6166666666666667,0.6,1.0931116104125977,0.02129502296447754
0.3,5,7.74264,0.7,10,0.6799999999999999,0.11125546178852426,227,0.8,0.65,0.8166666666666667,0.5333333333333333,0.6,1.0965959072113036,0.02100677490234375
0.3,5,7.74264,0.7,20,0.61,0.12498888839501783,502,0.7166666666666667,0.48333333333333334,0.5166666666666667,0.5333333333333333,0.8,1.1010403633117676,0.021258020401000978
0.3,5,7.74264,0.7,50,0.6833333333333333,0.15846485765339619,187,0.8,0.4666666666666667,0.7,0.55,0.9,1.1131640434265138,0.021106672286987305
0.3,5,7.74264,0.9,5,0.6633333333333333,0.19072959334559958,307,0.8166666666666667,0.3666666666666667,0.9166666666666667,0.6166666666666667,0.6,1.1224186897277832,0.02141728401184082
0.3,5,7.74264,0.9,10,0.68,0.08781293248212994,219,0.8,0.65,0.7166666666666667,0.5333333333333333,0.7,1.1266402721405029,0.021217775344848634
0.3,5,7.74264,0.9,20,0.61,0.12498888839501783,502,0.7166666666666667,0.48333333333333334,0.5166666666666667,0.5333333333333333,0.8,1.1320899963378905,0.021043920516967775
0.3,5,7.74264,0.9,50,0.72,0.14391355429948602,69,0.8,0.4666666666666667,0.7,0.7333333333333334,0.9,1.144761848449707,0.021217203140258788
0.3,5,27.8256,0.1,5,0.6666666666666666,0.08881941729649485,275,0.55,0.6333333333333333,0.7333333333333334,0.6166666666666667,0.8,0.7659050941467285,0.021127986907958984
0.3,5,27.8256,0.1,10,0.6833333333333332,0.10852547064066473,215,0.8166666666666667,0.6333333333333333,0.6333333333333333,0.5333333333333333,0.8,0.777372932434082,0.02105269432067871
0.3,5,27.8256,0.1,20,0.6833333333333333,0.17511900715418266,187,0.8,0.3833333333333333,0.6333333333333333,0.7,0.9,0.7795442104339599,0.021338129043579103
0.3,5,27.8256,0.1,50,0.63,0.1755625877635159,440,0.7166666666666667,0.3833333333333333,0.5166666666666667,0.6333333333333333,0.9,0.7842156410217285,0.02127809524536133
0.3,5,27.8256,0.3,5,0.7,0.07226494462892934,132,0.8166666666666667,0.6333333333333333,0.7333333333333334,0.6166666666666667,0.7,0.8949217796325684,0.021161556243896484
0.3,5,27.8256,0.3,10,0.6466666666666667,0.06446359868604572,368,0.7166666666666667,0.65,0.6333333333333333,0.5333333333333333,0.7,0.9005729198455811,0.021257305145263673
0.3,5,27.8256,0.3,20,0.6466666666666667,0.16377491328717664,368,0.8,0.3833333333333333,0.7166666666666667,0.5333333333333333,0.8,0.9046369075775147,0.021080589294433592
0.3,5,27.8256,0.3,50,0.63,0.1755625877635159,440,0.7166666666666667,0.3833333333333333,0.5166666666666667,0.6333333333333333,0.9,0.9163054466247559,0.02115035057067871
0.3,5,27.8256,0.5,5,0.7766666666666667,0.09921917377424812,4,0.8166666666666667,0.7333333333333334,0.9166666666666667,0.6166666666666667,0.8,1.0292783737182618,0.02116870880126953
0.3,5,27.8256,0.5,10,0.6266666666666667,0.06018490028422596,456,0.7166666666666667,0.65,0.6333333333333333,0.5333333333333333,0.6,1.036677074432373,0.021063995361328126
0.3,5,27.8256,0.5,20,0.5733333333333335,0.19223827807061622,602,0.8,0.3833333333333333,0.5166666666666667,0.3666666666666667,0.8,1.0358087539672851,0.021222686767578124
0.3,5,27.8256,0.5,50,0.6866666666666666,0.19533447098644818,176,0.9,0.3833333333333333,0.6166666666666667,0.6333333333333333,0.9,1.04586763381958,0.021083784103393555
0.3,5,27.8256,0.7,5,0.7366666666666667,0.11990737165736635,42,0.8166666666666667,0.7333333333333334,0.9166666666666667,0.6166666666666667,0.6,1.1158520221710204,0.02101907730102539
0.3,5,27.8256,0.7,10,0.6666666666666666,0.08881941729649488,275,0.7166666666666667,0.65,0.6333333333333333,0.5333333333333333,0.8,1.1204788208007812,0.02117476463317871
0.3,5,27.8256,0.7,20,0.5900000000000001,0.17657230184198705,557,0.8,0.3833333333333333,0.5166666666666667,0.45,0.8,1.1278443336486816,0.0210968017578125
0.3,5,27.8256,0.7,50,0.7033333333333334,0.1839081896551163,100,0.9,0.4666666666666667,0.5166666666666667,0.7333333333333334,0.9,1.13950777053833,0.021232032775878908
0.3,5,27.8256,0.9,5,0.7366666666666667,0.11990737165736635,42,0.8166666666666667,0.7333333333333334,0.9166666666666667,0.6166666666666667,0.6,1.1618183135986329,0.021202564239501953
0.3,5,27.8256,0.9,10,0.6433333333333333,0.08793937305515281,400,0.8,0.65,0.6333333333333333,0.5333333333333333,0.6,1.167455005645752,0.021076011657714843
0.3,5,27.8256,0.9,20,0.5733333333333335,0.19223827807061622,602,0.8,0.3833333333333333,0.5166666666666667,0.3666666666666667,0.8,1.1711605072021485,0.021241283416748045
0.3,5,27.8256,0.9,50,0.6466666666666666,0.17107503227141788,398,0.8,0.4666666666666667,0.5166666666666667,0.55,0.9,1.1852392196655273,0.020963048934936522
0.3,5,100.0,0.1,5,0.6666666666666666,0.08881941729649485,275,0.55,0.6333333333333333,0.7333333333333334,0.6166666666666667,0.8,0.8177997589111328,0.02098116874694824
0.3,5,100.0,0.1,10,0.65,0.1398411797560202,356,0.8166666666666667,0.4666666666666667,0.6333333333333333,0.5333333333333333,0.8,0.8215875148773193,0.02105545997619629
0.3,5,100.0,0.1,20,0.6333333333333333,0.1735255344642716,435,0.7166666666666667,0.3833333333333333,0.6333333333333333,0.5333333333333333,0.9,0.8277441024780273,0.02111821174621582
0.3,5,100.0,0.1,50,0.6799999999999999,0.17807613852257445,227,0.8,0.3833333333333333,0.6,0.7166666666666667,0.9,0.8377293109893799,0.021047163009643554
0.3,5,100.0,0.3,5,0.6666666666666666,0.08881941729649485,275,0.55,0.6333333333333333,0.7333333333333334,0.6166666666666667,0.8,0.8313730239868165,0.021132516860961913
0.3,5,100.0,0.3,10,0.65,0.1398411797560202,356,0.8166666666666667,0.4666666666666667,0.6333333333333333,0.5333333333333333,0.8,0.8314438343048096,0.022962427139282225
0.3,5,100.0,0.3,20,0.6799999999999999,0.1761943371520335,227,0.8,0.3833333333333333,0.6166666666666667,0.7,0.9,0.8362530708312989,0.021214723587036133
0.3,5,100.0,0.3,50,0.6833333333333333,0.1788854381999832,187,0.8,0.3833333333333333,0.6,0.7333333333333334,0.9,0.8521886348724366,0.021076059341430663
0.3,5,100.0,0.5,5,0.6866666666666668,0.09030811456096045,170,0.55,0.7333333333333334,0.7333333333333334,0.6166666666666667,0.8,0.8571460247039795,0.02213878631591797
0.3,5,100.0,0.5,10,0.6833333333333332,0.10852547064066473,215,0.8166666666666667,0.6333333333333333,0.6333333333333333,0.5333333333333333,0.8,0.85745849609375,0.021129417419433593
0.3,5,100.0,0.5,20,0.6966666666666667,0.12220201853215575,153,0.8,0.4666666666666667,0.7166666666666667,0.7,0.8,0.8647067546844482,0.021076107025146486
0.3,5,100.0,0.5,50,0.6633333333333333,0.1777638883463118,307,0.8,0.3833333333333333,0.6,0.6333333333333333,0.9,0.8787561893463135,0.020989465713500976
0.3,5,100.0,0.7,5,0.6666666666666666,0.07226494462892934,275,0.55,0.7333333333333334,0.7333333333333334,0.6166666666666667,0.7,0.899660873413086,0.02116503715515137
0.3,5,100.0,0.7,10,0.6666666666666666,0.09249624617007739,275,0.8166666666666667,0.65,0.6333333333333333,0.5333333333333333,0.7,0.9016886711120605,0.022200870513916015
0.3,5,100.0,0.7,20,0.6266666666666667,0.16006942938057295,456,0.8,0.3833333333333333,0.6166666666666667,0.5333333333333333,0.8,0.9035135269165039,0.02095804214477539
0.3,5,100.0,0.7,50,0.6466666666666667,0.18660713336371207,368,0.8,0.3833333333333333,0.5166666666666667,0.6333333333333333,0.9,0.9146710395812988,0.021240091323852538
0.3,5,100.0,0.9,5,0.6466666666666667,0.06446359868604572,368,0.55,0.6333333333333333,0.7333333333333334,0.6166666666666667,0.7,0.9551172256469727,0.020892620086669922
0.3,5,100.0,0.9,10,0.6666666666666666,0.09249624617007739,275,0.8166666666666667,0.65,0.6333333333333333,0.5333333333333333,0.7,0.9590878486633301,0.021082448959350585
0.3,5,100.0,0.9,20,0.6466666666666667,0.16377491328717664,368,0.8,0.3833333333333333,0.7166666666666667,0.5333333333333333,0.8,0.9634867668151855,0.021196985244750978
0.3,5,100.0,0.9,50,0.6466666666666667,0.15398412616601462,368,0.7166666666666667,0.4666666666666667,0.5166666666666667,0.6333333333333333,0.9,0.9776151180267334,0.021247243881225585
