param_clf__shrink_threshold,param_selector__C,param_selector__l1_ratio,param_selector__top_k,mean_test_score,std_test_score,rank_test_score,split0_test_score,split1_test_score,split2_test_score,split3_test_score,split4_test_score,mean_fit_time,mean_score_time
,0.001,0.1,5,0.3466666666666667,0.048762462794426,753,0.35,0.4,0.2833333333333333,0.3,0.4,0.003337860107421875,0.0014320850372314454
,0.001,0.1,10,0.3433333333333334,0.06110100926607787,769,0.43333333333333335,0.3,0.2833333333333333,0.3,0.4,0.003231191635131836,0.001398324966430664
,0.001,0.1,20,0.3433333333333334,0.14779866184930246,769,0.43333333333333335,0.3833333333333333,0.08333333333333333,0.5166666666666667,0.3,0.0032522201538085936,0.0013914108276367188
,0.001,0.1,50,0.4766666666666667,0.16076207402383325,542,0.43333333333333335,0.75,0.25,0.45,0.5,0.003322887420654297,0.001378011703491211
,0.001,0.3,5,0.3466666666666667,0.048762462794426,753,0.35,0.4,0.2833333333333333,0.3,0.4,0.003217172622680664,0.0013830184936523438
,0.001,0.3,10,0.3433333333333334,0.06110100926607787,769,0.43333333333333335,0.3,0.2833333333333333,0.3,0.4,0.003236675262451172,0.0013924121856689453
,0.001,0.3,20,0.3433333333333334,0.14779866184930246,769,0.43333333333333335,0.3833333333333333,0.08333333333333333,0.5166666666666667,0.3,0.0032088756561279297,0.0013766288757324219
,0.001,0.3,50,0.4766666666666667,0.16076207402383325,542,0.43333333333333335,0.75,0.25,0.45,0.5,0.003291797637939453,0.0013946056365966796
,0.001,0.5,5,0.3466666666666667,0.048762462794426,753,0.35,0.4,0.2833333333333333,0.3,0.4,0.003230381011962891,0.0013872623443603516
,0.001,0.5,10,0.3433333333333334,0.06110100926607787,769,0.43333333333333335,0.3,0.2833333333333333,0.3,0.4,0.0032044410705566405,0.001401805877685547
,0.001,0.5,20,0.3433333333333334,0.14779866184930246,769,0.43333333333333335,0.3833333333333333,0.08333333333333333,0.5166666666666667,0.3,0.003209543228149414,0.0014087200164794923
,0.001,0.5,50,0.4766666666666667,0.16076207402383325,542,0.43333333333333335,0.75,0.25,0.45,0.5,0.0037461280822753905,0.0016665935516357421
,0.001,0.7,5,0.3466666666666667,0.048762462794426,753,0.35,0.4,0.2833333333333333,0.3,0.4,0.00359959602355957,0.0015210628509521485
,0.001,0.7,10,0.3433333333333334,0.06110100926607787,769,0.43333333333333335,0.3,0.2833333333333333,0.3,0.4,0.0031752586364746094,0.0013991832733154298
,0.001,0.7,20,0.3433333333333334,0.14779866184930246,769,0.43333333333333335,0.3833333333333333,0.08333333333333333,0.5166666666666667,0.3,0.003308677673339844,0.0013844490051269532
,0.001,0.7,50,0.4766666666666667,0.16076207402383325,542,0.43333333333333335,0.75,0.25,0.45,0.5,0.003259706497192383,0.0013859272003173828
,0.001,0.9,5,0.3466666666666667,0.048762462794426,753,0.35,0.4,0.2833333333333333,0.3,0.4,0.003206491470336914,0.0013781547546386718
,0.001,0.9,10,0.3433333333333334,0.06110100926607787,769,0.43333333333333335,0.3,0.2833333333333333,0.3,0.4,0.0032146930694580077,0.0013786792755126954
,0.001,0.9,20,0.3433333333333334,0.14779866184930246,769,0.43333333333333335,0.3833333333333333,0.08333333333333333,0.5166666666666667,0.3,0.0032455921173095703,0.001465177536010742
,0.001,0.9,50,0.4766666666666667,0.16076207402383325,542,0.43333333333333335,0.75,0.25,0.45,0.5,0.00327916145324707,0.0013964176177978516
,0.00359381,0.1,5,0.3466666666666667,0.048762462794426,753,0.35,0.4,0.2833333333333333,0.3,0.4,0.0032927989959716797,0.0013951301574707032
,0.00359381,0.1,10,0.3433333333333334,0.06110100926607787,769,0.43333333333333335,0.3,0.2833333333333333,0.3,0.4,0.0033056259155273436,0.0013953685760498048
,0.00359381,0.1,20,0.3433333333333334,0.14779866184930246,769,0.43333333333333335,0.3833333333333333,0.08333333333333333,0.5166666666666667,0.3,0.003447437286376953,0.0013950347900390625
,0.00359381,0.1,50,0.4766666666666667,0.16076207402383325,542,0.43333333333333335,0.75,0.25,0.45,0.5,0.0033505916595458984,0.0013998031616210937
,0.00359381,0.3,5,0.3466666666666667,0.048762462794426,753,0.35,0.4,0.2833333333333333,0.3,0.4,0.0032417774200439453,0.0013962268829345703
,0.00359381,0.3,10,0.3433333333333334,0.06110100926607787,769,0.43333333333333335,0.3,0.2833333333333333,0.3,0.4,0.0033069133758544924,0.001374673843383789
,0.00359381,0.3,20,0.3433333333333334,0.14779866184930246,769,0.43333333333333335,0.3833333333333333,0.08333333333333333,0.5166666666666667,0.3,0.0032785892486572265,0.0013867855072021485
,0.00359381,0.3,50,0.4766666666666667,0.16076207402383325,542,0.43333333333333335,0.75,0.25,0.45,0.5,0.0032211780548095704,0.0013883590698242187
,0.00359381,0.5,5,0.3466666666666667,0.048762462794426,753,0.35,0.4,0.2833333333333333,0.3,0.4,0.003211307525634766,0.0013813972473144531
,0.00359381,0.5,10,0.3433333333333334,0.06110100926607787,769,0.43333333333333335,0.3,0.2833333333333333,0.3,0.4,0.0032230377197265624,0.0013822078704833984
,0.00359381,0.5,20,0.3433333333333334,0.14779866184930246,769,0.43333333333333335,0.3833333333333333,0.08333333333333333,0.5166666666666667,0.3,0.0032549381256103517,0.0013895511627197265
,0.00359381,0.5,50,0.4766666666666667,0.16076207402383325,542,0.43333333333333335,0.75,0.25,0.45,0.5,0.0032153606414794924,0.0013907909393310546
,0.00359381,0.7,5,0.3466666666666667,0.048762462794426,753,0.35,0.4,0.2833333333333333,0.3,0.4,0.0031972408294677736,0.0014013290405273438
,0.00359381,0.7,10,0.3433333333333334,0.06110100926607787,769,0.43333333333333335,0.3,0.2833333333333333,0.3,0.4,0.0032299518585205077,0.0014032840728759766
,0.00359381,0.7,20,0.3433333333333334,0.14779866184930246,769,0.43333333333333335,0.3833333333333333,0.08333333333333333,0.5166666666666667,0.3,0.003293609619140625,0.0013794898986816406
,0.00359381,0.7,50,0.4766666666666667,0.16076207402383325,542,0.43333333333333335,0.75,0.25,0.45,0.5,0.0032190799713134764,0.0014032840728759766
,0.00359381,0.9,5,0.3466666666666667,0.048762462794426,753,0.35,0.4,0.2833333333333333,0.3,0.4,0.0032319545745849608,0.001394510269165039
,0.00359381,0.9,10,0.3433333333333334,0.06110100926607787,769,0.43333333333333335,0.3,0.2833333333333333,0.3,0.4,0.0033463954925537108,0.0014046669006347657
,0.00359381,0.9,20,0.3433333333333334,0.14779866184930246,769,0.43333333333333335,0.3833333333333333,0.08333333333333333,0.5166666666666667,0.3,0.003200721740722656,0.0014031887054443359
,0.00359381,0.9,50,0.4766666666666667,0.16076207402383325,542,0.43333333333333335,0.75,0.25,0.45,0.5,0.0032442569732666015,0.0013900279998779296
,0.0129155,0.1,5,0.61,0.11999999999999997,503,0.55,0.8333333333333333,0.5333333333333333,0.6333333333333333,0.5,0.01158442497253418,0.0014306068420410155
,0.0129155,0.1,10,0.63,0.11661903789690597,478,0.65,0.8333333333333333,0.5333333333333333,0.6333333333333333,0.5,0.011563634872436524,0.0014262676239013671
,0.0129155,0.1,20,0.7466666666666667,0.0740870359029762,17,0.65,0.8333333333333333,0.7166666666666667,0.8333333333333333,0.7,0.011582231521606446,0.0014292240142822266
,0.0129155,0.1,50,0.69,0.08406346808612326,266,0.65,0.7333333333333334,0.6333333333333333,0.8333333333333333,0.6,0.011702013015747071,0.001478719711303711
,0.0129155,0.3,5,0.3466666666666667,0.048762462794426,753,0.35,0.4,0.2833333333333333,0.3,0.4,0.0038304805755615236,0.001409435272216797
,0.0129155,0.3,10,0.3433333333333334,0.06110100926607787,769,0.43333333333333335,0.3,0.2833333333333333,0.3,0.4,0.003807353973388672,0.001397705078125
,0.0129155,0.3,20,0.3433333333333334,0.14779866184930246,769,0.43333333333333335,0.3833333333333333,0.08333333333333333,0.5166666666666667,0.3,0.0038338661193847655,0.0013935565948486328
,0.0129155,0.3,50,0.4766666666666667,0.16076207402383325,542,0.43333333333333335,0.75,0.25,0.45,0.5,0.0037520885467529296,0.0014021873474121093
,0.0129155,0.5,5,0.3466666666666667,0.048762462794426,753,0.35,0.4,0.2833333333333333,0.3,0.4,0.003288888931274414,0.0013879776000976563
,0.0129155,0.5,10,0.3433333333333334,0.06110100926607787,769,0.43333333333333335,0.3,0.2833333333333333,0.3,0.4,0.0033417701721191405,0.0013837337493896485
,0.0129155,0.5,20,0.3433333333333334,0.14779866184930246,769,0.43333333333333335,0.3833333333333333,0.08333333333333333,0.5166666666666667,0.3,0.0033330440521240233,0.0014008045196533202
,0.0129155,0.5,50,0.4766666666666667,0.16076207402383325,542,0.43333333333333335,0.75,0.25,0.45,0.5,0.0032880306243896484,0.0013885021209716797
,0.0129155,0.7,5,0.3466666666666667,0.048762462794426,753,0.35,0.4,0.2833333333333333,0.3,0.4,0.0032064437866210936,0.0013686656951904298
,0.0129155,0.7,10,0.3433333333333334,0.06110100926607787,769,0.43333333333333335,0.3,0.2833333333333333,0.3,0.4,0.003238487243652344,0.0013914108276367188
,0.0129155,0.7,20,0.3433333333333334,0.14779866184930246,769,0.43333333333333335,0.3833333333333333,0.08333333333333333,0.5166666666666667,0.3,0.0033089637756347655,0.0013984203338623046
,0.0129155,0.7,50,0.4766666666666667,0.16076207402383325,542,0.43333333333333335,0.75,0.25,0.45,0.5,0.0032262802124023438,0.0013921260833740234
,0.0129155,0.9,5,0.3466666666666667,0.048762462794426,753,0.35,0.4,0.2833333333333333,0.3,0.4,0.0031936168670654297,0.0013971805572509765
,0.0129155,0.9,10,0.3433333333333334,0.06110100926607787,769,0.43333333333333335,0.3,0.2833333333333333,0.3,0.4,0.0032548427581787108,0.001392364501953125
,0.0129155,0.9,20,0.3433333333333334,0.14779866184930246,769,0.43333333333333335,0.3833333333333333,0.08333333333333333,0.5166666666666667,0.3,0.0032800674438476563,0.001384878158569336
,0.0129155,0.9,50,0.4766666666666667,0.16076207402383325,542,0.43333333333333335,0.75,0.25,0.45,0.5,0.003212738037109375,0.0013798236846923827
,0.0464159,0.1,5,0.6566666666666666,0.09637888196533968,399,0.55,0.6666666666666666,0.8333333333333333,0.6333333333333333,0.6000000000000001,0.022150707244873048,0.0015536785125732423
,0.0464159,0.1,10,0.6633333333333333,0.08969082698049143,385,0.6333333333333333,0.6333333333333333,0.7166666666666667,0.5333333333333333,0.8,0.02217073440551758,0.0015642642974853516
,0.0464159,0.1,20,0.7233333333333334,0.05333333333333336,95,0.7333333333333334,0.7333333333333334,0.7166666666666667,0.6333333333333333,0.8,0.02216024398803711,0.0015557765960693359
,0.0464159,0.1,50,0.7166666666666667,0.13944333775567927,164,0.7166666666666667,0.9166666666666667,0.5333333333333333,0.8166666666666667,0.6000000000000001,0.022118186950683592,0.0015554428100585938
,0.0464159,0.3,5,0.5933333333333334,0.08981462390204986,510,0.55,0.75,0.5333333333333333,0.6333333333333333,0.5,0.022647380828857422,0.0015549182891845704
,0.0464159,0.3,10,0.6666666666666667,0.13123346456686347,356,0.8166666666666667,0.8333333333333333,0.5333333333333333,0.55,0.6000000000000001,0.022667455673217773,0.0016168117523193359
,0.0464159,0.3,20,0.7666666666666666,0.0722649446289293,2,0.65,0.8333333333333333,0.7166666666666667,0.8333333333333333,0.8,0.022550296783447266,0.001501607894897461
,0.0464159,0.3,50,0.7266666666666667,0.09752492558885192,89,0.8333333333333333,0.7333333333333334,0.6333333333333333,0.8333333333333333,0.6,0.02280912399291992,0.0015522003173828124
,0.0464159,0.5,5,0.4833333333333333,0.14794894014114765,540,0.5666666666666667,0.7166666666666667,0.2833333333333333,0.45,0.4,0.015436744689941407,0.0015318870544433593
,0.0464159,0.5,10,0.4766666666666667,0.1806162291219209,542,0.3666666666666667,0.8,0.2833333333333333,0.5333333333333333,0.4,0.015426206588745116,0.0015312671661376954
,0.0464159,0.5,20,0.39666666666666667,0.26149144876606917,736,0.4666666666666667,0.6166666666666667,0.08333333333333333,0.7166666666666667,0.1,0.015483236312866211,0.001524209976196289
,0.0464159,0.5,50,0.58,0.23175657727691595,523,0.7333333333333334,0.6166666666666667,0.25,0.9,0.4,0.015432262420654297,0.001521158218383789
,0.0464159,0.7,5,0.3466666666666667,0.048762462794426,753,0.35,0.4,0.2833333333333333,0.3,0.4,0.004312896728515625,0.0014549732208251954
,0.0464159,0.7,10,0.3433333333333334,0.06110100926607787,769,0.43333333333333335,0.3,0.2833333333333333,0.3,0.4,0.0041774272918701175,0.001403665542602539
,0.0464159,0.7,20,0.3433333333333334,0.14779866184930246,769,0.43333333333333335,0.3833333333333333,0.08333333333333333,0.5166666666666667,0.3,0.0041168212890625,0.0014031887054443359
,0.0464159,0.7,50,0.4766666666666667,0.16076207402383325,542,0.43333333333333335,0.75,0.25,0.45,0.5,0.004141521453857422,0.0014173507690429688
,0.0464159,0.9,5,0.3466666666666667,0.048762462794426,753,0.35,0.4,0.2833333333333333,0.3,0.4,0.003855276107788086,0.0014650344848632813
,0.0464159,0.9,10,0.3433333333333334,0.06110100926607787,769,0.43333333333333335,0.3,0.2833333333333333,0.3,0.4,0.0038845062255859373,0.0014031410217285156
,0.0464159,0.9,20,0.3433333333333334,0.14779866184930246,769,0.43333333333333335,0.3833333333333333,0.08333333333333333,0.5166666666666667,0.3,0.0038709640502929688,0.0014004230499267579
,0.0464159,0.9,50,0.4766666666666667,0.16076207402383325,542,0.43333333333333335,0.75,0.25,0.45,0.5,0.003979015350341797,0.0014122486114501952
,0.16681,0.1,5,0.7033333333333334,0.11274356350191841,190,0.8166666666666667,0.8333333333333333,0.6333333333333333,0.5333333333333333,0.7,0.050869083404541014,0.0015773296356201172
,0.16681,0.1,10,0.7033333333333334,0.09333333333333334,190,0.7333333333333334,0.7333333333333334,0.8166666666666667,0.5333333333333333,0.7,0.05100851058959961,0.0015814781188964843
,0.16681,0.1,20,0.7266666666666668,0.016996731711975972,84,0.75,0.7333333333333334,0.7166666666666667,0.7333333333333334,0.7,0.05089058876037598,0.0015689849853515625
,0.16681,0.1,50,0.72,0.13960261060914617,143,0.8166666666666667,0.9166666666666667,0.5333333333333333,0.7333333333333334,0.6000000000000001,0.05090780258178711,0.001600790023803711
,0.16681,0.3,5,0.65,0.07302967433402216,413,0.55,0.7333333333333334,0.7333333333333334,0.6333333333333333,0.6000000000000001,0.056395864486694335,0.0016081809997558593
,0.16681,0.3,10,0.6633333333333333,0.07333333333333335,385,0.7333333333333334,0.6333333333333333,0.7166666666666667,0.5333333333333333,0.7,0.05631089210510254,0.0015776634216308593
,0.16681,0.3,20,0.7633333333333333,0.04521553322083509,3,0.7333333333333334,0.7333333333333334,0.7166666666666667,0.8333333333333333,0.8,0.05622663497924805,0.0015776634216308593
,0.16681,0.3,50,0.7433333333333333,0.14892205269125783,45,0.9166666666666667,0.8333333333333333,0.5333333333333333,0.8333333333333333,0.6000000000000001,0.056200933456420896,0.0015947818756103516
,0.16681,0.5,5,0.63,0.10132456102380444,478,0.7333333333333334,0.75,0.6333333333333333,0.5333333333333333,0.5,0.06357488632202149,0.0015866279602050782
,0.16681,0.5,10,0.6266666666666666,0.053333333333333316,491,0.6333333333333333,0.6333333333333333,0.6333333333333333,0.5333333333333333,0.7,0.06343531608581543,0.0015934944152832032
,0.16681,0.5,20,0.74,0.09809292646374776,46,0.7333333333333334,0.7333333333333334,0.6166666666666667,0.9166666666666667,0.7,0.06348090171813965,0.0015851974487304688
,0.16681,0.5,50,0.7200000000000001,0.1217465491183312,135,0.9166666666666667,0.7333333333333334,0.5333333333333333,0.7166666666666667,0.7,0.06358480453491211,0.0015909671783447266
,0.16681,0.7,5,0.65,0.10954451150103324,413,0.7333333333333334,0.75,0.7333333333333334,0.5333333333333333,0.5,0.0591799259185791,0.0015884876251220704
,0.16681,0.7,10,0.6833333333333333,0.049441323247304436,301,0.7333333333333334,0.6333333333333333,0.6166666666666667,0.7333333333333334,0.7,0.05919280052185059,0.0015863418579101563
,0.16681,0.7,20,0.76,0.0910433352249844,6,0.8333333333333333,0.8333333333333333,0.7166666666666667,0.8166666666666667,0.6,0.0591064453125,0.0015861034393310548
,0.16681,0.7,50,0.6833333333333333,0.14063348739819323,301,0.8333333333333333,0.7333333333333334,0.5333333333333333,0.8166666666666667,0.5,0.05916285514831543,0.0015819072723388672
,0.16681,0.9,5,0.65,0.10954451150103324,413,0.7333333333333334,0.75,0.7333333333333334,0.5333333333333333,0.5,0.06119799613952637,0.002075815200805664
,0.16681,0.9,10,0.7166666666666666,0.08628119403696521,167,0.8166666666666667,0.8166666666666667,0.6166666666666667,0.6333333333333333,0.7,0.06091141700744629,0.0016055583953857421
,0.16681,0.9,20,0.74,0.08339997335464533,46,0.8333333333333333,0.8333333333333333,0.7166666666666667,0.6166666666666667,0.7,0.060814428329467776,0.0016096115112304687
,0.16681,0.9,50,0.7033333333333334,0.11566234381931653,190,0.9166666666666667,0.7333333333333334,0.6333333333333333,0.6333333333333333,0.6,0.060873222351074216,0.001585531234741211
,0.599484,0.1,5,0.6466666666666666,0.16377491328717658,459,0.8166666666666667,0.8333333333333333,0.6333333333333333,0.55,0.4,0.11701359748840331,0.0016086578369140625
,0.599484,0.1,10,0.6466666666666667,0.09333333333333335,448,0.7333333333333334,0.7333333333333334,0.5333333333333333,0.5333333333333333,0.7,0.11683197021484375,0.0016222953796386718
,0.599484,0.1,20,0.7233333333333334,0.016996731711975965,95,0.75,0.7333333333333334,0.7166666666666667,0.7166666666666667,0.7,0.11685333251953126,0.0016053199768066406
,0.599484,0.1,50,0.7433333333333334,0.09404490653110593,22,0.7333333333333334,0.9166666666666667,0.6333333333333333,0.7333333333333334,0.7,0.11692681312561035,0.0016139030456542968
,0.599484,0.3,5,0.7033333333333334,0.11850925889754116,190,0.8166666666666667,0.8333333333333333,0.7333333333333334,0.5333333333333333,0.6000000000000001,0.140000057220459,0.0015949249267578126
,0.599484,0.3,10,0.6433333333333333,0.04666666666666667,463,0.7333333333333334,0.6333333333333333,0.6333333333333333,0.6166666666666667,0.6000000000000001,0.14005637168884277,0.001600503921508789
,0.599484,0.3,20,0.7433333333333334,0.046666666666666634,22,0.8333333333333333,0.7333333333333334,0.7166666666666667,0.7333333333333334,0.7,0.1402498245239258,0.001589488983154297
,0.599484,0.3,50,0.6833333333333333,0.10219806477837261,301,0.7333333333333334,0.7333333333333334,0.5333333333333333,0.8166666666666667,0.6000000000000001,0.1403054714202881,0.001598215103149414
,0.599484,0.5,5,0.6499999999999999,0.15491933384829665,438,0.7333333333333334,0.8333333333333333,0.7333333333333334,0.55,0.4,0.15466136932373048,0.0015981197357177734
,0.599484,0.5,10,0.6633333333333333,0.04521553322083513,385,0.7333333333333334,0.6333333333333333,0.6333333333333333,0.6166666666666667,0.7,0.1549373149871826,0.0016001224517822265
,0.599484,0.5,20,0.6866666666666668,0.03858612300930077,273,0.65,0.7333333333333334,0.7166666666666667,0.6333333333333333,0.7,0.15474557876586914,0.001665019989013672
,0.599484,0.5,50,0.7266666666666668,0.10780641085864151,84,0.75,0.8333333333333333,0.5333333333333333,0.8166666666666667,0.7,0.15474410057067872,0.0015817642211914062
,0.599484,0.7,5,0.6500000000000001,0.12909944487358055,407,0.6333333333333333,0.8333333333333333,0.7333333333333334,0.45,0.6000000000000001,0.16895713806152343,0.00157470703125
,0.599484,0.7,10,0.6799999999999999,0.07408703590297623,325,0.8166666666666667,0.6333333333333333,0.6333333333333333,0.6166666666666667,0.7,0.1647961139678955,0.001538228988647461
,0.599484,0.7,20,0.7433333333333334,0.09104333522498445,22,0.65,0.7333333333333334,0.7166666666666667,0.9166666666666667,0.7,0.16402268409729004,0.0015330791473388671
,0.599484,0.7,50,0.7266666666666667,0.14243907079481,89,0.75,0.8333333333333333,0.5333333333333333,0.9166666666666667,0.6,0.16323614120483398,0.001523876190185547
,0.599484,0.9,5,0.6866666666666668,0.0858939915115008,273,0.6333333333333333,0.8333333333333333,0.7333333333333334,0.6333333333333333,0.6000000000000001,0.17034311294555665,0.0015187740325927734
,0.599484,0.9,10,0.6766666666666666,0.08069145624606802,328,0.8166666666666667,0.6333333333333333,0.7166666666666667,0.6166666666666667,0.6,0.17016839981079102,0.001531362533569336
,0.599484,0.9,20,0.72,0.06944222218666554,143,0.7333333333333334,0.7333333333333334,0.7166666666666667,0.8166666666666667,0.6,0.17058639526367186,0.0015250682830810548
,0.599484,0.9,50,0.7233333333333334,0.10728984626287387,95,0.8333333333333333,0.7333333333333334,0.5333333333333333,0.8166666666666667,0.7,0.17338786125183106,0.0015343666076660157
,2.15443,0.1,5,0.6533333333333334,0.12400716825158847,403,0.6333333333333333,0.8333333333333333,0.7333333333333334,0.4666666666666667,0.6000000000000001,0.22889957427978516,0.001594209671020508
,2.15443,0.1,10,0.6666666666666667,0.11155467020454339,356,0.7333333333333334,0.8333333333333333,0.6333333333333333,0.6333333333333333,0.5,0.22904176712036134,0.0015997886657714844
,2.15443,0.1,20,0.7433333333333334,0.04784233364802439,22,0.75,0.8333333333333333,0.7166666666666667,0.7166666666666667,0.7,0.22892842292785645,0.0015956401824951173
,2.15443,0.1,50,0.7166666666666667,0.14414498873626438,164,0.8166666666666667,0.9166666666666667,0.6333333333333333,0.7166666666666667,0.5,0.22876014709472656,0.0015985965728759766
,2.15443,0.3,5,0.6100000000000001,0.1569146972791976,502,0.8166666666666667,0.6333333333333333,0.7333333333333334,0.4666666666666667,0.4,0.2955897808074951,0.0016159534454345704
,2.15443,0.3,10,0.6666666666666666,0.1382429423555181,367,0.8333333333333333,0.8333333333333333,0.5333333333333333,0.5333333333333333,0.6000000000000001,0.29562830924987793,0.0016017913818359374
,2.15443,0.3,20,0.7433333333333334,0.04784233364802439,22,0.75,0.8333333333333333,0.7166666666666667,0.7166666666666667,0.7,0.2959900379180908,0.0016040325164794922
,2.15443,0.3,50,0.7033333333333334,0.06863753427324668,190,0.7333333333333334,0.8166666666666667,0.6333333333333333,0.6333333333333333,0.7,0.29619832038879396,0.0016018867492675782
,2.15443,0.5,5,0.6466666666666667,0.16646654652245027,448,0.8166666666666667,0.6333333333333333,0.8166666666666667,0.3666666666666667,0.6000000000000001,0.3204056739807129,0.0016033649444580078
,2.15443,0.5,10,0.7266666666666666,0.11035296904831231,92,0.8333333333333333,0.8333333333333333,0.7333333333333334,0.5333333333333333,0.7,0.3212133407592773,0.0016038894653320312
,2.15443,0.5,20,0.76,0.060184900284225934,6,0.8333333333333333,0.8333333333333333,0.7166666666666667,0.7166666666666667,0.7,0.3211803913116455,0.0016081809997558593
,2.15443,0.5,50,0.7433333333333334,0.11333333333333336,22,0.8333333333333333,0.9166666666666667,0.6333333333333333,0.6333333333333333,0.7,0.3210752010345459,0.0016148090362548828
,2.15443,0.7,5,0.5900000000000001,0.17876116903722564,518,0.8166666666666667,0.6333333333333333,0.7333333333333334,0.3666666666666667,0.4,0.31836872100830077,0.001599740982055664
,2.15443,0.7,10,0.7033333333333334,0.10666666666666662,190,0.8333333333333333,0.8333333333333333,0.6333333333333333,0.6166666666666667,0.6000000000000001,0.31854991912841796,0.001609659194946289
,2.15443,0.7,20,0.7233333333333334,0.016996731711975965,95,0.75,0.7333333333333334,0.7166666666666667,0.7166666666666667,0.7,0.3187375545501709,0.0016123294830322266
,2.15443,0.7,50,0.72,0.14659088951530683,143,0.8333333333333333,0.9166666666666667,0.6333333333333333,0.7166666666666667,0.5,0.31794185638427735,0.0016256332397460937
,2.15443,0.9,5,0.6866666666666666,0.1883849486792639,285,0.7333333333333334,0.8333333333333333,0.9166666666666667,0.55,0.4,0.3473491668701172,0.0015993118286132812
,2.15443,0.9,10,0.7433333333333334,0.11035296904831225,22,0.8333333333333333,0.8333333333333333,0.8333333333333333,0.6166666666666667,0.6000000000000001,0.3465853214263916,0.0016750335693359376
,2.15443,0.9,20,0.7233333333333334,0.016996731711975965,95,0.75,0.7333333333333334,0.7166666666666667,0.7166666666666667,0.7,0.3473963737487793,0.0016146183013916015
,2.15443,0.9,50,0.76,0.16619934483090548,6,0.8333333333333333,0.9166666666666667,0.6333333333333333,0.9166666666666667,0.5,0.3467127799987793,0.0016049861907958985
,7.74264,0.1,5,0.69,0.12806248474865695,266,0.6333333333333333,0.8333333333333333,0.8333333333333333,0.65,0.5,0.31094813346862793,0.001600503921508789
,7.74264,0.1,10,0.65,0.12110601416389964,413,0.7333333333333334,0.8333333333333333,0.6333333333333333,0.55,0.5,0.31145362854003905,0.001603555679321289
,7.74264,0.1,20,0.74,0.08730533902472527,46,0.8333333333333333,0.8333333333333333,0.7166666666666667,0.7166666666666667,0.6,0.310943078994751,0.0015979766845703124
,7.74264,0.1,50,0.7366666666666667,0.11709445380166866,68,0.8166666666666667,0.9166666666666667,0.6333333333333333,0.7166666666666667,0.6,0.3107320785522461,0.0015984535217285155
,7.74264,0.3,5,0.7300000000000001,0.14079141387961913,81,0.8166666666666667,0.8333333333333333,0.8333333333333333,0.4666666666666667,0.7,0.47394595146179197,0.0015855789184570312
,7.74264,0.3,10,0.7033333333333334,0.1462114146630754,190,0.8333333333333333,0.9166666666666667,0.5333333333333333,0.6333333333333333,0.6,0.45735535621643064,0.0015161514282226562
,7.74264,0.3,20,0.7033333333333334,0.08653836657164776,190,0.75,0.8333333333333333,0.7166666666666667,0.6166666666666667,0.6,0.4579580783843994,0.001546192169189453
,7.74264,0.3,50,0.7033333333333334,0.03711842908553351,190,0.7333333333333334,0.7333333333333334,0.6333333333333333,0.7166666666666667,0.7,0.45886740684509275,0.0016561985015869141
,7.74264,0.5,5,0.63,0.11175369742826806,478,0.8166666666666667,0.6333333333333333,0.6333333333333333,0.4666666666666667,0.6000000000000001,0.5584540843963623,0.0015668869018554688
,7.74264,0.5,10,0.6833333333333333,0.16055459438389727,301,0.8333333333333333,0.9166666666666667,0.5333333333333333,0.5333333333333333,0.6000000000000001,0.5642958164215088,0.0016026496887207031
,7.74264,0.5,20,0.7433333333333334,0.04784233364802439,22,0.75,0.8333333333333333,0.7166666666666667,0.7166666666666667,0.7,0.5605463981628418,0.001616668701171875
,7.74264,0.5,50,0.7000000000000001,0.07673909622147557,244,0.7333333333333334,0.8166666666666667,0.6333333333333333,0.7166666666666667,0.6000000000000001,0.5685775279998779,0.0015901088714599609
,7.74264,0.7,5,0.5900000000000001,0.17876116903722564,518,0.8166666666666667,0.6333333333333333,0.7333333333333334,0.3666666666666667,0.4,0.628755760192871,0.001588582992553711
,7.74264,0.7,10,0.7066666666666667,0.12183777921664705,173,0.8333333333333333,0.8333333333333333,0.7333333333333334,0.5333333333333333,0.6000000000000001,0.6267449378967285,0.0016626834869384766
,7.74264,0.7,20,0.76,0.060184900284225934,6,0.8333333333333333,0.8333333333333333,0.7166666666666667,0.7166666666666667,0.7,0.6257999897003174,0.0016067981719970702
,7.74264,0.7,50,0.7066666666666667,0.0703957069398096,173,0.75,0.8166666666666667,0.6333333333333333,0.6333333333333333,0.7,0.633021879196167,0.0016202926635742188
,7.74264,0.9,5,0.6300000000000001,0.15216949614017766,473,0.8166666666666667,0.6333333333333333,0.7333333333333334,0.3666666666666667,0.6000000000000001,0.6022174835205079,0.001605653762817383
,7.74264,0.9,10,0.6866666666666666,0.143913554299486,285,0.8333333333333333,0.8333333333333333,0.7333333333333334,0.5333333333333333,0.5,0.5965778350830078,0.001597118377685547
,7.74264,0.9,20,0.76,0.060184900284225934,6,0.8333333333333333,0.8333333333333333,0.7166666666666667,0.7166666666666667,0.7,0.5994290828704834,0.0016056060791015624
,7.74264,0.9,50,0.68,0.13759844960366865,321,0.65,0.9166666666666667,0.7166666666666667,0.6166666666666667,0.5,0.6017426490783692,0.0016037940979003907
,27.8256,0.1,5,0.67,0.11075498483890764,332,0.7333333333333334,0.8333333333333333,0.6333333333333333,0.65,0.5,0.30436053276062014,0.0015982627868652345
,27.8256,0.1,10,0.6666666666666666,0.14794894014114768,367,0.7333333333333334,0.9166666666666667,0.6333333333333333,0.55,0.5,0.30422201156616213,0.001613950729370117
,27.8256,0.1,20,0.7233333333333334,0.09752492558885192,95,0.8333333333333333,0.8333333333333333,0.7166666666666667,0.6333333333333333,0.6,0.30092473030090333,0.0015765190124511718
,27.8256,0.1,50,0.7366666666666667,0.11709445380166866,68,0.8166666666666667,0.9166666666666667,0.6333333333333333,0.7166666666666667,0.6,0.29378304481506345,0.0015212059020996093
,27.8256,0.3,5,0.69,0.12806248474865695,266,0.6333333333333333,0.8333333333333333,0.8333333333333333,0.65,0.5,0.4294079303741455,0.00149078369140625
,27.8256,0.3,10,0.65,0.12110601416389964,413,0.7333333333333334,0.8333333333333333,0.6333333333333333,0.55,0.5,0.4295044422149658,0.001524066925048828
,27.8256,0.3,20,0.72,0.10077477638553979,143,0.8333333333333333,0.8333333333333333,0.6166666666666667,0.7166666666666667,0.6,0.43103485107421874,0.0015358448028564454
,27.8256,0.3,50,0.7366666666666667,0.11709445380166866,68,0.8166666666666667,0.9166666666666667,0.6333333333333333,0.7166666666666667,0.6,0.4309187412261963,0.0015593528747558593
,27.8256,0.5,5,0.63,0.18330302779823357,478,0.6333333333333333,0.8333333333333333,0.8333333333333333,0.45,0.4,0.5696536064147949,0.001616525650024414
,27.8256,0.5,10,0.6666666666666667,0.11155467020454339,356,0.7333333333333334,0.8333333333333333,0.6333333333333333,0.6333333333333333,0.5,0.5719548225402832,0.0016088485717773438
,27.8256,0.5,20,0.78,0.059066817155564486,1,0.8333333333333333,0.8333333333333333,0.7166666666666667,0.8166666666666667,0.7,0.5728713989257812,0.0017214298248291015
,27.8256,0.5,50,0.74,0.09463379711052264,46,0.7333333333333334,0.9166666666666667,0.6333333333333333,0.7166666666666667,0.7,0.5719003200531005,0.0016165733337402343
,27.8256,0.7,5,0.7300000000000001,0.14079141387961913,81,0.8166666666666667,0.8333333333333333,0.8333333333333333,0.4666666666666667,0.7,0.6818157196044922,0.0016144752502441407
,27.8256,0.7,10,0.7033333333333334,0.1462114146630754,190,0.8333333333333333,0.9166666666666667,0.5333333333333333,0.6333333333333333,0.6,0.681771183013916,0.0015930652618408204
,27.8256,0.7,20,0.7033333333333334,0.08653836657164776,190,0.75,0.8333333333333333,0.7166666666666667,0.6166666666666667,0.6,0.6817631244659423,0.0016056060791015624
,27.8256,0.7,50,0.7233333333333334,0.0646357314322177,95,0.8333333333333333,0.7333333333333334,0.6333333333333333,0.7166666666666667,0.7,0.682060956954956,0.001599884033203125
,27.8256,0.9,5,0.61,0.12364824660660938,503,0.8166666666666667,0.6333333333333333,0.6333333333333333,0.4666666666666667,0.5,0.75979642868042,0.001608133316040039
,27.8256,0.9,10,0.7,0.178574603146385,247,0.9166666666666667,0.9166666666666667,0.5333333333333333,0.5333333333333333,0.6,0.7636018753051758,0.001600503921508789
,27.8256,0.9,20,0.74,0.08339997335464533,46,0.8333333333333333,0.8333333333333333,0.7166666666666667,0.6166666666666667,0.7,0.7598330497741699,0.0016232967376708985
,27.8256,0.9,50,0.74,0.07498147919467994,46,0.8333333333333333,0.8166666666666667,0.6333333333333333,0.7166666666666667,0.7,0.7610014915466309,0.0016201019287109375
,100.0,0.1,5,0.67,0.11075498483890764,332,0.7333333333333334,0.8333333333333333,0.6333333333333333,0.65,0.5,0.36292433738708496,0.0015996456146240234
,100.0,0.1,10,0.6666666666666666,0.14794894014114768,367,0.7333333333333334,0.9166666666666667,0.6333333333333333,0.55,0.5,0.3557741641998291,0.001553964614868164
,100.0,0.1,20,0.7033333333333334,0.12666666666666665,190,0.8333333333333333,0.8333333333333333,0.7166666666666667,0.6333333333333333,0.5,0.3510324954986572,0.0015311717987060546
,100.0,0.1,50,0.7,0.12337837015547831,247,0.8166666666666667,0.8333333333333333,0.6333333333333333,0.7166666666666667,0.5,0.3519355297088623,0.0015523910522460937
,100.0,0.3,5,0.67,0.11075498483890764,332,0.7333333333333334,0.8333333333333333,0.6333333333333333,0.65,0.5,0.35815629959106443,0.0015482425689697266
,100.0,0.3,10,0.6666666666666666,0.14794894014114768,367,0.7333333333333334,0.9166666666666667,0.6333333333333333,0.55,0.5,0.3672938346862793,0.0016055583953857421
,100.0,0.3,20,0.7433333333333334,0.07859884081701062,22,0.8333333333333333,0.8333333333333333,0.7166666666666667,0.6333333333333333,0.7,0.36846632957458497,0.0016162395477294922
,100.0,0.3,50,0.7,0.12337837015547831,247,0.8166666666666667,0.8333333333333333,0.6333333333333333,0.7166666666666667,0.5,0.3679511547088623,0.001619720458984375
,100.0,0.5,5,0.67,0.11075498483890764,332,0.7333333333333334,0.8333333333333333,0.6333333333333333,0.65,0.5,0.3999886989593506,0.0015942573547363282
,100.0,0.5,10,0.6666666666666666,0.14794894014114768,367,0.7333333333333334,0.9166666666666667,0.6333333333333333,0.55,0.5,0.3992922306060791,0.0015956878662109375
,100.0,0.5,20,0.74,0.08339997335464533,46,0.8333333333333333,0.8333333333333333,0.6166666666666667,0.7166666666666667,0.7,0.401504373550415,0.0016031265258789062
,100.0,0.5,50,0.7366666666666667,0.11709445380166866,68,0.8166666666666667,0.9166666666666667,0.6333333333333333,0.7166666666666667,0.6,0.402143669128418,0.0016119956970214843
,100.0,0.7,5,0.6499999999999999,0.10645812948447539,438,0.6333333333333333,0.8333333333333333,0.6333333333333333,0.65,0.5,0.4448056221008301,0.0016222953796386718
,100.0,0.7,10,0.6666666666666666,0.14794894014114768,367,0.7333333333333334,0.9166666666666667,0.6333333333333333,0.55,0.5,0.44429192543029783,0.0017239570617675782
,100.0,0.7,20,0.74,0.08339997335464533,46,0.8333333333333333,0.8333333333333333,0.6166666666666667,0.7166666666666667,0.7,0.4447610378265381,0.0016066074371337891
,100.0,0.7,50,0.7366666666666667,0.11709445380166866,68,0.8166666666666667,0.9166666666666667,0.6333333333333333,0.7166666666666667,0.6,0.4445256233215332,0.001613950729370117
,100.0,0.9,5,0.69,0.12806248474865695,266,0.6333333333333333,0.8333333333333333,0.8333333333333333,0.65,0.5,0.5059503078460693,0.0016042232513427735
,100.0,0.9,10,0.65,0.12110601416389964,413,0.7333333333333334,0.8333333333333333,0.6333333333333333,0.55,0.5,0.5052130699157715,0.0016254425048828126
,100.0,0.9,20,0.72,0.10077477638553979,143,0.8333333333333333,0.8333333333333333,0.6166666666666667,0.7166666666666667,0.6,0.5073841094970704,0.0016206264495849609
,100.0,0.9,50,0.7366666666666667,0.11709445380166866,68,0.8166666666666667,0.9166666666666667,0.6333333333333333,0.7166666666666667,0.6,0.5100465774536133,0.001622629165649414
0.1,0.001,0.1,5,0.39,0.07195677714974302,737,0.35,0.4,0.2833333333333333,0.4166666666666667,0.5,0.0034050941467285156,0.0014275550842285157
0.1,0.001,0.1,10,0.4033333333333333,0.09451631252505217,720,0.43333333333333335,0.3,0.2833333333333333,0.5,0.5,0.0033653736114501952,0.001416015625
0.1,0.001,0.1,20,0.4366666666666667,0.05617433182117572,656,0.43333333333333335,0.3833333333333333,0.3666666666666667,0.5,0.5,0.0033112525939941405,0.0014074325561523437
0.1,0.001,0.1,50,0.45666666666666667,0.16282232989093084,623,0.43333333333333335,0.75,0.25,0.45,0.4,0.0032806396484375,0.001390361785888672
0.1,0.001,0.3,5,0.39,0.07195677714974302,737,0.35,0.4,0.2833333333333333,0.4166666666666667,0.5,0.0032680988311767577,0.0013955593109130859
0.1,0.001,0.3,10,0.4033333333333333,0.09451631252505217,720,0.43333333333333335,0.3,0.2833333333333333,0.5,0.5,0.003271150588989258,0.0014778614044189454
0.1,0.001,0.3,20,0.4366666666666667,0.05617433182117572,656,0.43333333333333335,0.3833333333333333,0.3666666666666667,0.5,0.5,0.003326892852783203,0.001405954360961914
0.1,0.001,0.3,50,0.45666666666666667,0.16282232989093084,623,0.43333333333333335,0.75,0.25,0.45,0.4,0.0032581806182861326,0.0013941287994384765
0.1,0.001,0.5,5,0.39,0.07195677714974302,737,0.35,0.4,0.2833333333333333,0.4166666666666667,0.5,0.00323638916015625,0.0013775825500488281
0.1,0.001,0.5,10,0.4033333333333333,0.09451631252505217,720,0.43333333333333335,0.3,0.2833333333333333,0.5,0.5,0.0033094406127929686,0.001389932632446289
0.1,0.001,0.5,20,0.4366666666666667,0.05617433182117572,656,0.43333333333333335,0.3833333333333333,0.3666666666666667,0.5,0.5,0.0033042430877685547,0.0013849258422851563
0.1,0.001,0.5,50,0.45666666666666667,0.16282232989093084,623,0.43333333333333335,0.75,0.25,0.45,0.4,0.003265047073364258,0.001406097412109375
0.1,0.001,0.7,5,0.39,0.07195677714974302,737,0.35,0.4,0.2833333333333333,0.4166666666666667,0.5,0.003236865997314453,0.0013911724090576172
0.1,0.001,0.7,10,0.4033333333333333,0.09451631252505217,720,0.43333333333333335,0.3,0.2833333333333333,0.5,0.5,0.003313589096069336,0.0013936996459960938
0.1,0.001,0.7,20,0.4366666666666667,0.05617433182117572,656,0.43333333333333335,0.3833333333333333,0.3666666666666667,0.5,0.5,0.0033069133758544924,0.0013927459716796876
0.1,0.001,0.7,50,0.45666666666666667,0.16282232989093084,623,0.43333333333333335,0.75,0.25,0.45,0.4,0.003259897232055664,0.0013864994049072265
0.1,0.001,0.9,5,0.39,0.07195677714974302,737,0.35,0.4,0.2833333333333333,0.4166666666666667,0.5,0.0032394886016845702,0.0014723777770996095
0.1,0.001,0.9,10,0.4033333333333333,0.09451631252505217,720,0.43333333333333335,0.3,0.2833333333333333,0.5,0.5,0.003262233734130859,0.0013839244842529298
0.1,0.001,0.9,20,0.4366666666666667,0.05617433182117572,656,0.43333333333333335,0.3833333333333333,0.3666666666666667,0.5,0.5,0.003278684616088867,0.0014053821563720704
0.1,0.001,0.9,50,0.45666666666666667,0.16282232989093084,623,0.43333333333333335,0.75,0.25,0.45,0.4,0.003278303146362305,0.0013911724090576172
0.1,0.00359381,0.1,5,0.39,0.07195677714974302,737,0.35,0.4,0.2833333333333333,0.4166666666666667,0.5,0.0034090518951416016,0.0013933181762695312
0.1,0.00359381,0.1,10,0.4033333333333333,0.09451631252505217,720,0.43333333333333335,0.3,0.2833333333333333,0.5,0.5,0.0033412933349609374,0.0013962745666503905
0.1,0.00359381,0.1,20,0.4366666666666667,0.05617433182117572,656,0.43333333333333335,0.3833333333333333,0.3666666666666667,0.5,0.5,0.00339508056640625,0.0014087200164794923
0.1,0.00359381,0.1,50,0.45666666666666667,0.16282232989093084,623,0.43333333333333335,0.75,0.25,0.45,0.4,0.0033854007720947265,0.001405954360961914
0.1,0.00359381,0.3,5,0.39,0.07195677714974302,737,0.35,0.4,0.2833333333333333,0.4166666666666667,0.5,0.003361225128173828,0.001409149169921875
0.1,0.00359381,0.3,10,0.4033333333333333,0.09451631252505217,720,0.43333333333333335,0.3,0.2833333333333333,0.5,0.5,0.0032933712005615234,0.0014097213745117188
0.1,0.00359381,0.3,20,0.4366666666666667,0.05617433182117572,656,0.43333333333333335,0.3833333333333333,0.3666666666666667,0.5,0.5,0.003325033187866211,0.0014209747314453125
0.1,0.00359381,0.3,50,0.45666666666666667,0.16282232989093084,623,0.43333333333333335,0.75,0.25,0.45,0.4,0.003296566009521484,0.0013981342315673828
0.1,0.00359381,0.5,5,0.39,0.07195677714974302,737,0.35,0.4,0.2833333333333333,0.4166666666666667,0.5,0.0033378124237060545,0.0014075279235839845
0.1,0.00359381,0.5,10,0.4033333333333333,0.09451631252505217,720,0.43333333333333335,0.3,0.2833333333333333,0.5,0.5,0.003275346755981445,0.0014156818389892579
0.1,0.00359381,0.5,20,0.4366666666666667,0.05617433182117572,656,0.43333333333333335,0.3833333333333333,0.3666666666666667,0.5,0.5,0.0033077716827392576,0.0013957023620605469
0.1,0.00359381,0.5,50,0.45666666666666667,0.16282232989093084,623,0.43333333333333335,0.75,0.25,0.45,0.4,0.0032604694366455077,0.0013956069946289063
0.1,0.00359381,0.7,5,0.39,0.07195677714974302,737,0.35,0.4,0.2833333333333333,0.4166666666666667,0.5,0.0033236980438232423,0.0013977527618408204
0.1,0.00359381,0.7,10,0.4033333333333333,0.09451631252505217,720,0.43333333333333335,0.3,0.2833333333333333,0.5,0.5,0.0032471656799316407,0.001409769058227539
0.1,0.00359381,0.7,20,0.4366666666666667,0.05617433182117572,656,0.43333333333333335,0.3833333333333333,0.3666666666666667,0.5,0.5,0.0033199310302734373,0.001402902603149414
0.1,0.00359381,0.7,50,0.45666666666666667,0.16282232989093084,623,0.43333333333333335,0.75,0.25,0.45,0.4,0.0033012866973876954,0.0014089107513427734
0.1,0.00359381,0.9,5,0.39,0.07195677714974302,737,0.35,0.4,0.2833333333333333,0.4166666666666667,0.5,0.0033362865447998046,0.0013907909393310546
0.1,0.00359381,0.9,10,0.4033333333333333,0.09451631252505217,720,0.43333333333333335,0.3,0.2833333333333333,0.5,0.5,0.003261280059814453,0.0013932228088378907
0.1,0.00359381,0.9,20,0.4366666666666667,0.05617433182117572,656,0.43333333333333335,0.3833333333333333,0.3666666666666667,0.5,0.5,0.0033014774322509765,0.0013890743255615234
0.1,0.00359381,0.9,50,0.45666666666666667,0.16282232989093084,623,0.43333333333333335,0.75,0.25,0.45,0.4,0.0033627986907958985,0.0014194965362548829
0.1,0.0129155,0.1,5,0.61,0.11999999999999997,503,0.55,0.8333333333333333,0.5333333333333333,0.6333333333333333,0.5,0.01175236701965332,0.0015002727508544923
0.1,0.0129155,0.1,10,0.6133333333333333,0.08906926143924926,500,0.65,0.75,0.5333333333333333,0.6333333333333333,0.5,0.011885643005371094,0.0015214443206787109
0.1,0.0129155,0.1,20,0.7266666666666668,0.06018490028422594,84,0.65,0.8333333333333333,0.7166666666666667,0.7333333333333334,0.7,0.011901283264160156,0.0014875411987304687
0.1,0.0129155,0.1,50,0.71,0.07118052168020873,168,0.65,0.7333333333333334,0.6333333333333333,0.8333333333333333,0.7,0.011738872528076172,0.0014784812927246093
0.1,0.0129155,0.3,5,0.39,0.07195677714974302,737,0.35,0.4,0.2833333333333333,0.4166666666666667,0.5,0.0038457393646240236,0.0014828681945800782
0.1,0.0129155,0.3,10,0.4033333333333333,0.09451631252505217,720,0.43333333333333335,0.3,0.2833333333333333,0.5,0.5,0.0038147449493408205,0.0014069557189941406
0.1,0.0129155,0.3,20,0.4366666666666667,0.05617433182117572,656,0.43333333333333335,0.3833333333333333,0.3666666666666667,0.5,0.5,0.0038747310638427733,0.0013969898223876952
0.1,0.0129155,0.3,50,0.45666666666666667,0.16282232989093084,623,0.43333333333333335,0.75,0.25,0.45,0.4,0.0038355350494384765,0.001415252685546875
0.1,0.0129155,0.5,5,0.39,0.07195677714974302,737,0.35,0.4,0.2833333333333333,0.4166666666666667,0.5,0.00341796875,0.0013965606689453126
0.1,0.0129155,0.5,10,0.4033333333333333,0.09451631252505217,720,0.43333333333333335,0.3,0.2833333333333333,0.5,0.5,0.0033463478088378907,0.00140228271484375
0.1,0.0129155,0.5,20,0.4366666666666667,0.05617433182117572,656,0.43333333333333335,0.3833333333333333,0.3666666666666667,0.5,0.5,0.003387451171875,0.0013911724090576172
0.1,0.0129155,0.5,50,0.45666666666666667,0.16282232989093084,623,0.43333333333333335,0.75,0.25,0.45,0.4,0.0033502578735351562,0.0014095306396484375
0.1,0.0129155,0.7,5,0.39,0.07195677714974302,737,0.35,0.4,0.2833333333333333,0.4166666666666667,0.5,0.003328847885131836,0.0013899803161621094
0.1,0.0129155,0.7,10,0.4033333333333333,0.09451631252505217,720,0.43333333333333335,0.3,0.2833333333333333,0.5,0.5,0.0032586574554443358,0.0013895511627197265
0.1,0.0129155,0.7,20,0.4366666666666667,0.05617433182117572,656,0.43333333333333335,0.3833333333333333,0.3666666666666667,0.5,0.5,0.0033065319061279298,0.0013874530792236327
0.1,0.0129155,0.7,50,0.45666666666666667,0.16282232989093084,623,0.43333333333333335,0.75,0.25,0.45,0.4,0.003332996368408203,0.0013855457305908202
0.1,0.0129155,0.9,5,0.39,0.07195677714974302,737,0.35,0.4,0.2833333333333333,0.4166666666666667,0.5,0.0032626628875732423,0.001407480239868164
0.1,0.0129155,0.9,10,0.4033333333333333,0.09451631252505217,720,0.43333333333333335,0.3,0.2833333333333333,0.5,0.5,0.003273487091064453,0.0013885021209716797
0.1,0.0129155,0.9,20,0.4366666666666667,0.05617433182117572,656,0.43333333333333335,0.3833333333333333,0.3666666666666667,0.5,0.5,0.0033217430114746093,0.001399660110473633
0.1,0.0129155,0.9,50,0.45666666666666667,0.16282232989093084,623,0.43333333333333335,0.75,0.25,0.45,0.4,0.0033379554748535155,0.0014060497283935546
0.1,0.0464159,0.1,5,0.6566666666666666,0.09637888196533968,399,0.55,0.6666666666666666,0.8333333333333333,0.6333333333333333,0.6000000000000001,0.022044658660888672,0.001543426513671875
0.1,0.0464159,0.1,10,0.6433333333333333,0.06463573143221772,463,0.6333333333333333,0.6333333333333333,0.7166666666666667,0.5333333333333333,0.7,0.02219524383544922,0.001563119888305664
0.1,0.0464159,0.1,20,0.7233333333333334,0.05333333333333336,95,0.7333333333333334,0.7333333333333334,0.7166666666666667,0.6333333333333333,0.8,0.022256755828857423,0.0015714645385742187
0.1,0.0464159,0.1,50,0.7166666666666667,0.13944333775567927,164,0.7166666666666667,0.9166666666666667,0.5333333333333333,0.8166666666666667,0.6000000000000001,0.02227816581726074,0.0015777111053466796
0.1,0.0464159,0.3,5,0.5933333333333334,0.08981462390204986,510,0.55,0.75,0.5333333333333333,0.6333333333333333,0.5,0.02283306121826172,0.0015861988067626953
0.1,0.0464159,0.3,10,0.6500000000000001,0.11303883305208778,407,0.8166666666666667,0.75,0.5333333333333333,0.55,0.6000000000000001,0.022748994827270507,0.0015724658966064452
0.1,0.0464159,0.3,20,0.7466666666666667,0.0740870359029762,17,0.65,0.8333333333333333,0.7166666666666667,0.8333333333333333,0.7,0.0227663516998291,0.0015674591064453124
0.1,0.0464159,0.3,50,0.7266666666666667,0.09752492558885192,89,0.8333333333333333,0.7333333333333334,0.6333333333333333,0.8333333333333333,0.6,0.022734546661376955,0.0015515327453613282
0.1,0.0464159,0.5,5,0.4833333333333333,0.14794894014114765,540,0.5666666666666667,0.7166666666666667,0.2833333333333333,0.45,0.4,0.015477800369262695,0.0015419483184814452
0.1,0.0464159,0.5,10,0.5166666666666666,0.2086996778999804,536,0.4666666666666667,0.9,0.2833333333333333,0.5333333333333333,0.4,0.015494537353515626,0.0015443801879882813
0.1,0.0464159,0.5,20,0.45,0.20976176963403032,639,0.4666666666666667,0.7,0.3666666666666667,0.6166666666666667,0.1,0.015499258041381836,0.0015308856964111328
0.1,0.0464159,0.5,50,0.6,0.21934245168482802,507,0.7333333333333334,0.6166666666666667,0.25,0.9,0.5,0.015536928176879882,0.0015192508697509765
0.1,0.0464159,0.7,5,0.39,0.07195677714974302,737,0.35,0.4,0.2833333333333333,0.4166666666666667,0.5,0.004207611083984375,0.0014077186584472655
0.1,0.0464159,0.7,10,0.4033333333333333,0.09451631252505217,720,0.43333333333333335,0.3,0.2833333333333333,0.5,0.5,0.004134464263916016,0.0014540672302246094
0.1,0.0464159,0.7,20,0.4366666666666667,0.05617433182117572,656,0.43333333333333335,0.3833333333333333,0.3666666666666667,0.5,0.5,0.004195213317871094,0.0014023303985595704
0.1,0.0464159,0.7,50,0.45666666666666667,0.16282232989093084,623,0.43333333333333335,0.75,0.25,0.45,0.4,0.004159164428710937,0.0013985633850097656
0.1,0.0464159,0.9,5,0.39,0.07195677714974302,737,0.35,0.4,0.2833333333333333,0.4166666666666667,0.5,0.003876066207885742,0.0013741016387939452
0.1,0.0464159,0.9,10,0.4033333333333333,0.09451631252505217,720,0.43333333333333335,0.3,0.2833333333333333,0.5,0.5,0.0038917064666748047,0.0013921260833740234
0.1,0.0464159,0.9,20,0.4366666666666667,0.05617433182117572,656,0.43333333333333335,0.3833333333333333,0.3666666666666667,0.5,0.5,0.00392003059387207,0.001397705078125
0.1,0.0464159,0.9,50,0.45666666666666667,0.16282232989093084,623,0.43333333333333335,0.75,0.25,0.45,0.4,0.0038809776306152344,0.0014048576354980468
0.1,0.16681,0.1,5,0.7033333333333334,0.11274356350191841,190,0.8166666666666667,0.8333333333333333,0.6333333333333333,0.5333333333333333,0.7,0.05082616806030273,0.0015759944915771484
0.1,0.16681,0.1,10,0.6866666666666668,0.07774602526460403,273,0.7333333333333334,0.7333333333333334,0.7333333333333334,0.5333333333333333,0.7,0.05131850242614746,0.0015799999237060547
0.1,0.16681,0.1,20,0.7466666666666667,0.02867441755680876,17,0.75,0.7333333333333334,0.7166666666666667,0.7333333333333334,0.8,0.05119266510009766,0.0015892505645751954
0.1,0.16681,0.1,50,0.7366666666666666,0.14506703431325962,78,0.8166666666666667,0.9166666666666667,0.5333333333333333,0.8166666666666667,0.6000000000000001,0.051035308837890626,0.0016004562377929688
0.1,0.16681,0.3,5,0.67,0.05416025603090641,332,0.65,0.7333333333333334,0.7333333333333334,0.6333333333333333,0.6000000000000001,0.05621042251586914,0.00157928466796875
0.1,0.16681,0.3,10,0.6633333333333333,0.07333333333333335,385,0.7333333333333334,0.6333333333333333,0.7166666666666667,0.5333333333333333,0.7,0.05657901763916016,0.0015784263610839843
0.1,0.16681,0.3,20,0.7633333333333333,0.04521553322083509,3,0.7333333333333334,0.7333333333333334,0.7166666666666667,0.8333333333333333,0.8,0.05712461471557617,0.0015873908996582031
0.1,0.16681,0.3,50,0.7233333333333334,0.1420485050177501,95,0.9166666666666667,0.8333333333333333,0.5333333333333333,0.7333333333333334,0.6000000000000001,0.056260538101196286,0.0015825271606445313
0.1,0.16681,0.5,5,0.63,0.10132456102380444,478,0.7333333333333334,0.75,0.6333333333333333,0.5333333333333333,0.5,0.06355609893798828,0.001579427719116211
0.1,0.16681,0.5,10,0.6266666666666666,0.053333333333333316,491,0.6333333333333333,0.6333333333333333,0.6333333333333333,0.5333333333333333,0.7,0.06375384330749512,0.0016493797302246094
0.1,0.16681,0.5,20,0.74,0.09809292646374776,46,0.7333333333333334,0.7333333333333334,0.6166666666666667,0.9166666666666667,0.7,0.06346817016601562,0.0015799522399902344
0.1,0.16681,0.5,50,0.7200000000000001,0.1217465491183312,135,0.9166666666666667,0.7333333333333334,0.5333333333333333,0.7166666666666667,0.7,0.06351633071899414,0.001589059829711914
0.1,0.16681,0.7,5,0.65,0.10954451150103324,413,0.7333333333333334,0.75,0.7333333333333334,0.5333333333333333,0.5,0.05909719467163086,0.0015813827514648438
0.1,0.16681,0.7,10,0.6833333333333333,0.049441323247304436,301,0.7333333333333334,0.6333333333333333,0.6166666666666667,0.7333333333333334,0.7,0.05904965400695801,0.0015623092651367188
0.1,0.16681,0.7,20,0.76,0.0910433352249844,6,0.8333333333333333,0.8333333333333333,0.7166666666666667,0.8166666666666667,0.6,0.05760507583618164,0.0014951229095458984
0.1,0.16681,0.7,50,0.6666666666666667,0.12823589374447564,356,0.8333333333333333,0.7333333333333334,0.5333333333333333,0.7333333333333334,0.5,0.056910228729248044,0.0014638900756835938
0.1,0.16681,0.9,5,0.65,0.10954451150103324,413,0.7333333333333334,0.75,0.7333333333333334,0.5333333333333333,0.5,0.05847973823547363,0.001441192626953125
0.1,0.16681,0.9,10,0.7,0.07226494462892932,247,0.8166666666666667,0.7333333333333334,0.6166666666666667,0.6333333333333333,0.7,0.05870165824890137,0.001344776153564453
0.1,0.16681,0.9,20,0.72,0.09741092797468301,143,0.8333333333333333,0.8333333333333333,0.6166666666666667,0.6166666666666667,0.7,0.058249282836914065,0.0013484954833984375
0.1,0.16681,0.9,50,0.7033333333333334,0.11566234381931653,190,0.9166666666666667,0.7333333333333334,0.6333333333333333,0.6333333333333333,0.6,0.05820884704589844,0.0013461589813232421
0.1,0.599484,0.1,5,0.6466666666666666,0.16377491328717658,459,0.8166666666666667,0.8333333333333333,0.6333333333333333,0.55,0.4,0.11208267211914062,0.001346921920776367
0.1,0.599484,0.1,10,0.6466666666666667,0.09333333333333335,448,0.7333333333333334,0.7333333333333334,0.5333333333333333,0.5333333333333333,0.7,0.11285905838012696,0.0013635635375976562
0.1,0.599484,0.1,20,0.7233333333333334,0.016996731711975965,95,0.75,0.7333333333333334,0.7166666666666667,0.7166666666666667,0.7,0.11266732215881348,0.0013731956481933595
0.1,0.599484,0.1,50,0.74,0.09463379711052264,46,0.7333333333333334,0.9166666666666667,0.6333333333333333,0.7166666666666667,0.7,0.11239690780639648,0.00135955810546875
0.1,0.599484,0.3,5,0.7033333333333334,0.11850925889754116,190,0.8166666666666667,0.8333333333333333,0.7333333333333334,0.5333333333333333,0.6000000000000001,0.13480935096740723,0.0013649940490722656
0.1,0.599484,0.3,10,0.6433333333333333,0.04666666666666667,463,0.7333333333333334,0.6333333333333333,0.6333333333333333,0.6166666666666667,0.6000000000000001,0.14380197525024413,0.0013759136199951172
0.1,0.599484,0.3,20,0.7266666666666668,0.016996731711975972,84,0.75,0.7333333333333334,0.7166666666666667,0.7333333333333334,0.7,0.1352689743041992,0.001503133773803711
0.1,0.599484,0.3,50,0.6633333333333333,0.08192137151629672,385,0.7333333333333334,0.7333333333333334,0.5333333333333333,0.7166666666666667,0.6000000000000001,0.1361013889312744,0.0015089035034179688
0.1,0.599484,0.5,5,0.6499999999999999,0.15491933384829665,438,0.7333333333333334,0.8333333333333333,0.7333333333333334,0.55,0.4,0.15141873359680175,0.0015398502349853516
0.1,0.599484,0.5,10,0.6633333333333333,0.04521553322083513,385,0.7333333333333334,0.6333333333333333,0.6333333333333333,0.6166666666666667,0.7,0.14950947761535643,0.0015140533447265624
0.1,0.599484,0.5,20,0.7066666666666667,0.04027681991198192,173,0.75,0.7333333333333334,0.7166666666666667,0.6333333333333333,0.7,0.1493194580078125,0.0015161991119384765
0.1,0.599484,0.5,50,0.7066666666666667,0.09809292646374773,173,0.75,0.8333333333333333,0.5333333333333333,0.7166666666666667,0.7,0.14962024688720704,0.0015132427215576172
0.1,0.599484,0.7,5,0.6500000000000001,0.12909944487358055,407,0.6333333333333333,0.8333333333333333,0.7333333333333334,0.45,0.6000000000000001,0.16604437828063964,0.0015376091003417968
0.1,0.599484,0.7,10,0.6799999999999999,0.07408703590297623,325,0.8166666666666667,0.6333333333333333,0.6333333333333333,0.6166666666666667,0.7,0.16902422904968262,0.001586580276489258
0.1,0.599484,0.7,20,0.7433333333333334,0.040276819911981905,22,0.75,0.7333333333333334,0.7166666666666667,0.8166666666666667,0.7,0.16878924369812012,0.001593160629272461
0.1,0.599484,0.7,50,0.7066666666666668,0.11953614051360738,172,0.75,0.8333333333333333,0.5333333333333333,0.8166666666666667,0.6,0.16929292678833008,0.0016029834747314452
0.1,0.599484,0.9,5,0.6866666666666668,0.0858939915115008,273,0.6333333333333333,0.8333333333333333,0.7333333333333334,0.6333333333333333,0.6000000000000001,0.17601375579833983,0.001581859588623047
0.1,0.599484,0.9,10,0.6766666666666666,0.08069145624606802,328,0.8166666666666667,0.6333333333333333,0.7166666666666667,0.6166666666666667,0.6,0.17686667442321777,0.0016070365905761718
0.1,0.599484,0.9,20,0.72,0.06944222218666554,143,0.7333333333333334,0.7333333333333334,0.7166666666666667,0.8166666666666667,0.6,0.17625160217285157,0.0016006946563720704
0.1,0.599484,0.9,50,0.74,0.127627931460511,46,0.9166666666666667,0.7333333333333334,0.5333333333333333,0.8166666666666667,0.7,0.17621660232543945,0.001599740982055664
0.1,2.15443,0.1,5,0.6333333333333334,0.1563471919941143,471,0.6333333333333333,0.8333333333333333,0.7333333333333334,0.3666666666666667,0.6000000000000001,0.22853798866271974,0.0015893936157226562
0.1,2.15443,0.1,10,0.6466666666666667,0.12400716825158847,448,0.7333333333333334,0.8333333333333333,0.6333333333333333,0.5333333333333333,0.5,0.22879700660705565,0.0015978813171386719
0.1,2.15443,0.1,20,0.7433333333333334,0.04784233364802439,22,0.75,0.8333333333333333,0.7166666666666667,0.7166666666666667,0.7,0.2285907745361328,0.0015888214111328125
0.1,2.15443,0.1,50,0.6833333333333333,0.13621877827801704,301,0.65,0.9166666666666667,0.6333333333333333,0.7166666666666667,0.5,0.22883820533752441,0.001616668701171875
0.1,2.15443,0.3,5,0.5733333333333334,0.17782638224465522,524,0.8166666666666667,0.55,0.7333333333333334,0.3666666666666667,0.4,0.29569039344787595,0.0015929222106933593
0.1,2.15443,0.3,10,0.6666666666666666,0.1382429423555181,367,0.8333333333333333,0.8333333333333333,0.5333333333333333,0.5333333333333333,0.6000000000000001,0.2958378314971924,0.0015870094299316405
0.1,2.15443,0.3,20,0.7433333333333334,0.04784233364802439,22,0.75,0.8333333333333333,0.7166666666666667,0.7166666666666667,0.7,0.2958067417144775,0.0015963077545166015
0.1,2.15443,0.3,50,0.7200000000000001,0.05906681715556451,135,0.7333333333333334,0.8166666666666667,0.6333333333333333,0.7166666666666667,0.7,0.2962020397186279,0.0016053676605224609
0.1,2.15443,0.5,5,0.6300000000000001,0.17107503227141785,473,0.8166666666666667,0.55,0.8166666666666667,0.3666666666666667,0.6000000000000001,0.32105460166931155,0.001607370376586914
0.1,2.15443,0.5,10,0.7266666666666666,0.11035296904831231,92,0.8333333333333333,0.8333333333333333,0.7333333333333334,0.5333333333333333,0.7,0.32102203369140625,0.0015896320343017577
0.1,2.15443,0.5,20,0.74,0.047842333648024385,46,0.8333333333333333,0.7333333333333334,0.7166666666666667,0.7166666666666667,0.7,0.32089767456054685,0.0015895366668701172
0.1,2.15443,0.5,50,0.7066666666666667,0.12762793146051102,173,0.75,0.9166666666666667,0.6333333333333333,0.5333333333333333,0.7,0.3209419250488281,0.001603555679321289
0.1,2.15443,0.7,5,0.5733333333333334,0.17782638224465522,524,0.8166666666666667,0.55,0.7333333333333334,0.3666666666666667,0.4,0.31877946853637695,0.0015977382659912109
0.1,2.15443,0.7,10,0.7033333333333334,0.10666666666666662,190,0.8333333333333333,0.8333333333333333,0.6333333333333333,0.6166666666666667,0.6000000000000001,0.31860976219177245,0.001599264144897461
0.1,2.15443,0.7,20,0.7033333333333334,0.04642796092394706,190,0.75,0.7333333333333334,0.7166666666666667,0.6166666666666667,0.7,0.3193511009216309,0.001728391647338867
0.1,2.15443,0.7,50,0.7033333333333334,0.1371941041817112,190,0.75,0.9166666666666667,0.6333333333333333,0.7166666666666667,0.5,0.31867246627807616,0.001627492904663086
0.1,2.15443,0.9,5,0.6866666666666666,0.1883849486792639,285,0.7333333333333334,0.8333333333333333,0.9166666666666667,0.55,0.4,0.34636788368225097,0.001604175567626953
0.1,2.15443,0.9,10,0.7433333333333334,0.11035296904831225,22,0.8333333333333333,0.8333333333333333,0.8333333333333333,0.6166666666666667,0.6000000000000001,0.3468494415283203,0.00159759521484375
0.1,2.15443,0.9,20,0.7033333333333334,0.04642796092394706,190,0.75,0.7333333333333334,0.7166666666666667,0.6166666666666667,0.7,0.347044849395752,0.001592111587524414
0.1,2.15443,0.9,50,0.72,0.14659088951530683,143,0.8333333333333333,0.9166666666666667,0.6333333333333333,0.7166666666666667,0.5,0.34697494506835935,0.0016040325164794922
0.1,7.74264,0.1,5,0.69,0.12806248474865695,266,0.6333333333333333,0.8333333333333333,0.8333333333333333,0.65,0.5,0.31110296249389646,0.0015949249267578126
0.1,7.74264,0.1,10,0.65,0.12110601416389964,413,0.7333333333333334,0.8333333333333333,0.6333333333333333,0.55,0.5,0.3108977794647217,0.0015942573547363282
0.1,7.74264,0.1,20,0.74,0.08730533902472527,46,0.8333333333333333,0.8333333333333333,0.7166666666666667,0.7166666666666667,0.6,0.3109262466430664,0.001595783233642578
0.1,7.74264,0.1,50,0.7366666666666667,0.11709445380166866,68,0.8166666666666667,0.9166666666666667,0.6333333333333333,0.7166666666666667,0.6,0.30185799598693847,0.0015274524688720704
0.1,7.74264,0.3,5,0.71,0.17876116903722558,168,0.8166666666666667,0.8333333333333333,0.8333333333333333,0.3666666666666667,0.7,0.4565606117248535,0.0015336990356445313
0.1,7.74264,0.3,10,0.6633333333333333,0.1462114146630754,385,0.7333333333333334,0.9166666666666667,0.5333333333333333,0.5333333333333333,0.6,0.45659646987915037,0.001543569564819336
0.1,7.74264,0.3,20,0.7033333333333334,0.08653836657164776,190,0.75,0.8333333333333333,0.7166666666666667,0.6166666666666667,0.6,0.4702965259552002,0.001643228530883789
0.1,7.74264,0.3,50,0.7033333333333334,0.03711842908553351,190,0.7333333333333334,0.7333333333333334,0.6333333333333333,0.7166666666666667,0.7,0.47269911766052247,0.0015990257263183594
0.1,7.74264,0.5,5,0.5933333333333334,0.14476033833738974,510,0.8166666666666667,0.55,0.6333333333333333,0.3666666666666667,0.6000000000000001,0.5610479831695556,0.0015749454498291016
0.1,7.74264,0.5,10,0.6833333333333333,0.16055459438389727,301,0.8333333333333333,0.9166666666666667,0.5333333333333333,0.5333333333333333,0.6000000000000001,0.5612013816833497,0.0016078472137451172
0.1,7.74264,0.5,20,0.7433333333333334,0.04784233364802439,22,0.75,0.8333333333333333,0.7166666666666667,0.7166666666666667,0.7,0.5608297348022461,0.0015929222106933593
0.1,7.74264,0.5,50,0.7000000000000001,0.07673909622147557,244,0.7333333333333334,0.8166666666666667,0.6333333333333333,0.7166666666666667,0.6000000000000001,0.5621504306793212,0.001599597930908203
0.1,7.74264,0.7,5,0.5733333333333334,0.17782638224465522,524,0.8166666666666667,0.55,0.7333333333333334,0.3666666666666667,0.4,0.6261077880859375,0.001593780517578125
0.1,7.74264,0.7,10,0.7066666666666667,0.12183777921664705,173,0.8333333333333333,0.8333333333333333,0.7333333333333334,0.5333333333333333,0.6000000000000001,0.6255029678344727,0.0016170501708984374
0.1,7.74264,0.7,20,0.7233333333333334,0.016996731711975965,95,0.75,0.7333333333333334,0.7166666666666667,0.7166666666666667,0.7,0.6252573966979981,0.001622486114501953
0.1,7.74264,0.7,50,0.7066666666666667,0.0703957069398096,173,0.75,0.8166666666666667,0.6333333333333333,0.6333333333333333,0.7,0.6255721092224121,0.0016049861907958985
0.1,7.74264,0.9,5,0.6133333333333334,0.1554205763583302,496,0.8166666666666667,0.55,0.7333333333333334,0.3666666666666667,0.6000000000000001,0.5979203224182129,0.001582765579223633
0.1,7.74264,0.9,10,0.6866666666666666,0.143913554299486,285,0.8333333333333333,0.8333333333333333,0.7333333333333334,0.5333333333333333,0.5,0.5974831104278564,0.0016065120697021484
0.1,7.74264,0.9,20,0.76,0.060184900284225934,6,0.8333333333333333,0.8333333333333333,0.7166666666666667,0.7166666666666667,0.7,0.5958434104919433,0.0015970706939697266
0.1,7.74264,0.9,50,0.68,0.13759844960366865,321,0.65,0.9166666666666667,0.7166666666666667,0.6166666666666667,0.5,0.5964613914489746,0.001722860336303711
0.1,27.8256,0.1,5,0.67,0.11075498483890764,332,0.7333333333333334,0.8333333333333333,0.6333333333333333,0.65,0.5,0.3041811943054199,0.001588296890258789
0.1,27.8256,0.1,10,0.65,0.12110601416389964,413,0.7333333333333334,0.8333333333333333,0.6333333333333333,0.55,0.5,0.29353747367858884,0.001485300064086914
0.1,27.8256,0.1,20,0.7066666666666667,0.08339997335464534,173,0.75,0.8333333333333333,0.7166666666666667,0.6333333333333333,0.6,0.2935506820678711,0.0015456676483154297
0.1,27.8256,0.1,50,0.72,0.09392668535736913,143,0.8166666666666667,0.8333333333333333,0.6333333333333333,0.7166666666666667,0.6,0.2934657096862793,0.0015398025512695312
0.1,27.8256,0.3,5,0.69,0.12806248474865695,266,0.6333333333333333,0.8333333333333333,0.8333333333333333,0.65,0.5,0.4321341037750244,0.0015322208404541016
0.1,27.8256,0.3,10,0.65,0.12110601416389964,413,0.7333333333333334,0.8333333333333333,0.6333333333333333,0.55,0.5,0.4448822498321533,0.0015981197357177734
0.1,27.8256,0.3,20,0.72,0.10077477638553979,143,0.8333333333333333,0.8333333333333333,0.6166666666666667,0.7166666666666667,0.6,0.4466539859771729,0.0016091823577880859
0.1,27.8256,0.3,50,0.7366666666666667,0.11709445380166866,68,0.8166666666666667,0.9166666666666667,0.6333333333333333,0.7166666666666667,0.6,0.4454981803894043,0.001608133316040039
0.1,27.8256,0.5,5,0.6699999999999999,0.13999999999999996,354,0.6333333333333333,0.8333333333333333,0.8333333333333333,0.55,0.5,0.5709453105926514,0.0016148090362548828
0.1,27.8256,0.5,10,0.6466666666666667,0.12400716825158847,448,0.7333333333333334,0.8333333333333333,0.6333333333333333,0.5333333333333333,0.5,0.5722504138946534,0.0016132354736328124
0.1,27.8256,0.5,20,0.76,0.05436502143433362,6,0.7333333333333334,0.8333333333333333,0.7166666666666667,0.8166666666666667,0.7,0.5719704627990723,0.0016104221343994141
0.1,27.8256,0.5,50,0.7200000000000001,0.05906681715556451,135,0.7333333333333334,0.8166666666666667,0.6333333333333333,0.7166666666666667,0.7,0.5723476886749268,0.0016232013702392578
0.1,27.8256,0.7,5,0.71,0.17876116903722558,168,0.8166666666666667,0.8333333333333333,0.8333333333333333,0.3666666666666667,0.7,0.6820841312408448,0.0016062259674072266
0.1,27.8256,0.7,10,0.6633333333333333,0.1462114146630754,385,0.7333333333333334,0.9166666666666667,0.5333333333333333,0.5333333333333333,0.6,0.6816318988800049,0.0016133785247802734
0.1,27.8256,0.7,20,0.7033333333333334,0.08653836657164776,190,0.75,0.8333333333333333,0.7166666666666667,0.6166666666666667,0.6,0.6811919689178467,0.0015955448150634765
0.1,27.8256,0.7,50,0.7233333333333334,0.0646357314322177,95,0.8333333333333333,0.7333333333333334,0.6333333333333333,0.7166666666666667,0.7,0.6818746089935303,0.001602935791015625
0.1,27.8256,0.9,5,0.5733333333333334,0.1492946378437246,524,0.8166666666666667,0.55,0.6333333333333333,0.3666666666666667,0.5,0.7611460208892822,0.0016033172607421875
0.1,27.8256,0.9,10,0.7,0.178574603146385,247,0.9166666666666667,0.9166666666666667,0.5333333333333333,0.5333333333333333,0.6,0.7602215766906738,0.001611185073852539
0.1,27.8256,0.9,20,0.74,0.08339997335464533,46,0.8333333333333333,0.8333333333333333,0.7166666666666667,0.6166666666666667,0.7,0.7418272972106934,0.0015543460845947265
0.1,27.8256,0.9,50,0.74,0.07498147919467994,46,0.8333333333333333,0.8166666666666667,0.6333333333333333,0.7166666666666667,0.7,0.7412808895111084,0.001577281951904297
0.1,100.0,0.1,5,0.67,0.11075498483890764,332,0.7333333333333334,0.8333333333333333,0.6333333333333333,0.65,0.5,0.36330575942993165,0.0016119956970214843
0.1,100.0,0.1,10,0.65,0.12110601416389964,413,0.7333333333333334,0.8333333333333333,0.6333333333333333,0.55,0.5,0.3628239154815674,0.0016324520111083984
0.1,100.0,0.1,20,0.6866666666666666,0.11323525167642018,285,0.75,0.8333333333333333,0.7166666666666667,0.6333333333333333,0.5,0.3635414600372314,0.0017223834991455078
0.1,100.0,0.1,50,0.7,0.12337837015547831,247,0.8166666666666667,0.8333333333333333,0.6333333333333333,0.7166666666666667,0.5,0.36331901550292967,0.0016294956207275391
0.1,100.0,0.3,5,0.67,0.11075498483890764,332,0.7333333333333334,0.8333333333333333,0.6333333333333333,0.65,0.5,0.3667001247406006,0.0016756057739257812
0.1,100.0,0.3,10,0.65,0.12110601416389964,413,0.7333333333333334,0.8333333333333333,0.6333333333333333,0.55,0.5,0.3669630527496338,0.0016037940979003907
0.1,100.0,0.3,20,0.7266666666666666,0.06548960901462832,92,0.75,0.8333333333333333,0.7166666666666667,0.6333333333333333,0.7,0.367095947265625,0.0016120433807373046
0.1,100.0,0.3,50,0.7,0.12337837015547831,247,0.8166666666666667,0.8333333333333333,0.6333333333333333,0.7166666666666667,0.5,0.367105770111084,0.0016088008880615235
0.1,100.0,0.5,5,0.67,0.11075498483890764,332,0.7333333333333334,0.8333333333333333,0.6333333333333333,0.65,0.5,0.3991101264953613,0.0016048908233642577
0.1,100.0,0.5,10,0.6666666666666666,0.14794894014114768,367,0.7333333333333334,0.9166666666666667,0.6333333333333333,0.55,0.5,0.3992492198944092,0.0016134262084960937
0.1,100.0,0.5,20,0.7233333333333334,0.07039570693980955,95,0.75,0.8333333333333333,0.6166666666666667,0.7166666666666667,0.7,0.39997224807739257,0.0016073226928710938
0.1,100.0,0.5,50,0.72,0.09392668535736913,143,0.8166666666666667,0.8333333333333333,0.6333333333333333,0.7166666666666667,0.6,0.39907031059265136,0.0016019821166992187
0.1,100.0,0.7,5,0.6499999999999999,0.10645812948447539,438,0.6333333333333333,0.8333333333333333,0.6333333333333333,0.65,0.5,0.44417009353637693,0.0016103744506835937
0.1,100.0,0.7,10,0.6666666666666666,0.14794894014114768,367,0.7333333333333334,0.9166666666666667,0.6333333333333333,0.55,0.5,0.4438560962677002,0.001597452163696289
0.1,100.0,0.7,20,0.7233333333333334,0.07039570693980955,95,0.75,0.8333333333333333,0.6166666666666667,0.7166666666666667,0.7,0.4445792675018311,0.0016089439392089843
0.1,100.0,0.7,50,0.7366666666666667,0.11709445380166866,68,0.8166666666666667,0.9166666666666667,0.6333333333333333,0.7166666666666667,0.6,0.4439877986907959,0.0016125679016113282
0.1,100.0,0.9,5,0.69,0.12806248474865695,266,0.6333333333333333,0.8333333333333333,0.8333333333333333,0.65,0.5,0.5050402164459229,0.0016036510467529296
0.1,100.0,0.9,10,0.65,0.12110601416389964,413,0.7333333333333334,0.8333333333333333,0.6333333333333333,0.55,0.5,0.505896806716919,0.0016054153442382813
0.1,100.0,0.9,20,0.7033333333333334,0.08653836657164776,190,0.75,0.8333333333333333,0.6166666666666667,0.7166666666666667,0.6,0.504972267150879,0.0016017436981201171
0.1,100.0,0.9,50,0.7366666666666667,0.11709445380166866,68,0.8166666666666667,0.9166666666666667,0.6333333333333333,0.7166666666666667,0.6,0.4934718608856201,0.001547861099243164
0.2,0.001,0.1,5,0.4666666666666667,0.08628119403696526,607,0.35,0.4,0.48333333333333334,0.5,0.6000000000000001,0.0032674312591552735,0.001396322250366211
0.2,0.001,0.1,10,0.44666666666666666,0.04521553322083511,640,0.43333333333333335,0.4,0.4,0.5,0.5,0.0032777309417724608,0.0013733863830566405
0.2,0.001,0.1,20,0.42666666666666675,0.1323295549418614,704,0.43333333333333335,0.4,0.2,0.5,0.6000000000000001,0.0032568454742431642,0.0013501644134521484
0.2,0.001,0.1,50,0.4766666666666667,0.16076207402383325,542,0.43333333333333335,0.75,0.25,0.45,0.5,0.003177309036254883,0.0013654232025146484
0.2,0.001,0.3,5,0.4666666666666667,0.08628119403696526,607,0.35,0.4,0.48333333333333334,0.5,0.6000000000000001,0.0031599998474121094,0.00136871337890625
0.2,0.001,0.3,10,0.44666666666666666,0.04521553322083511,640,0.43333333333333335,0.4,0.4,0.5,0.5,0.0032215118408203125,0.001355123519897461
0.2,0.001,0.3,20,0.42666666666666675,0.1323295549418614,704,0.43333333333333335,0.4,0.2,0.5,0.6000000000000001,0.0031794071197509765,0.0013574123382568359
0.2,0.001,0.3,50,0.4766666666666667,0.16076207402383325,542,0.43333333333333335,0.75,0.25,0.45,0.5,0.0031624317169189455,0.001351642608642578
0.2,0.001,0.5,5,0.4666666666666667,0.08628119403696526,607,0.35,0.4,0.48333333333333334,0.5,0.6000000000000001,0.0032077789306640624,0.0013666152954101562
0.2,0.001,0.5,10,0.44666666666666666,0.04521553322083511,640,0.43333333333333335,0.4,0.4,0.5,0.5,0.003229045867919922,0.0013561725616455078
0.2,0.001,0.5,20,0.42666666666666675,0.1323295549418614,704,0.43333333333333335,0.4,0.2,0.5,0.6000000000000001,0.0032104015350341796,0.0013459682464599609
0.2,0.001,0.5,50,0.4766666666666667,0.16076207402383325,542,0.43333333333333335,0.75,0.25,0.45,0.5,0.003177022933959961,0.0013549327850341797
0.2,0.001,0.7,5,0.4666666666666667,0.08628119403696526,607,0.35,0.4,0.48333333333333334,0.5,0.6000000000000001,0.0031434059143066405,0.001348114013671875
0.2,0.001,0.7,10,0.44666666666666666,0.04521553322083511,640,0.43333333333333335,0.4,0.4,0.5,0.5,0.00322113037109375,0.0013492107391357422
0.2,0.001,0.7,20,0.42666666666666675,0.1323295549418614,704,0.43333333333333335,0.4,0.2,0.5,0.6000000000000001,0.0031862735748291017,0.0013459682464599609
0.2,0.001,0.7,50,0.4766666666666667,0.16076207402383325,542,0.43333333333333335,0.75,0.25,0.45,0.5,0.0031672954559326173,0.001346588134765625
0.2,0.001,0.9,5,0.4666666666666667,0.08628119403696526,607,0.35,0.4,0.48333333333333334,0.5,0.6000000000000001,0.003169679641723633,0.0013449668884277343
0.2,0.001,0.9,10,0.44666666666666666,0.04521553322083511,640,0.43333333333333335,0.4,0.4,0.5,0.5,0.003237295150756836,0.00136566162109375
0.2,0.001,0.9,20,0.42666666666666675,0.1323295549418614,704,0.43333333333333335,0.4,0.2,0.5,0.6000000000000001,0.0031987667083740235,0.0013542652130126953
0.2,0.001,0.9,50,0.4766666666666667,0.16076207402383325,542,0.43333333333333335,0.75,0.25,0.45,0.5,0.003213977813720703,0.0013772010803222655
0.2,0.00359381,0.1,5,0.4666666666666667,0.08628119403696526,607,0.35,0.4,0.48333333333333334,0.5,0.6000000000000001,0.0032535076141357424,0.0013802051544189453
0.2,0.00359381,0.1,10,0.44666666666666666,0.04521553322083511,640,0.43333333333333335,0.4,0.4,0.5,0.5,0.0032567501068115233,0.0014338493347167969
0.2,0.00359381,0.1,20,0.42666666666666675,0.1323295549418614,704,0.43333333333333335,0.4,0.2,0.5,0.6000000000000001,0.0032911300659179688,0.0013491153717041016
0.2,0.00359381,0.1,50,0.4766666666666667,0.16076207402383325,542,0.43333333333333335,0.75,0.25,0.45,0.5,0.0032585620880126952,0.0013527393341064454
0.2,0.00359381,0.3,5,0.4666666666666667,0.08628119403696526,607,0.35,0.4,0.48333333333333334,0.5,0.6000000000000001,0.003200197219848633,0.0013734817504882813
0.2,0.00359381,0.3,10,0.44666666666666666,0.04521553322083511,640,0.43333333333333335,0.4,0.4,0.5,0.5,0.0032288551330566405,0.0013523101806640625
0.2,0.00359381,0.3,20,0.42666666666666675,0.1323295549418614,704,0.43333333333333335,0.4,0.2,0.5,0.6000000000000001,0.003181600570678711,0.0013602733612060546
0.2,0.00359381,0.3,50,0.4766666666666667,0.16076207402383325,542,0.43333333333333335,0.75,0.25,0.45,0.5,0.0031777381896972655,0.0013699531555175781
0.2,0.00359381,0.5,5,0.4666666666666667,0.08628119403696526,607,0.35,0.4,0.48333333333333334,0.5,0.6000000000000001,0.003152322769165039,0.001356363296508789
0.2,0.00359381,0.5,10,0.44666666666666666,0.04521553322083511,640,0.43333333333333335,0.4,0.4,0.5,0.5,0.0032233715057373045,0.0013509750366210937
0.2,0.00359381,0.5,20,0.42666666666666675,0.1323295549418614,704,0.43333333333333335,0.4,0.2,0.5,0.6000000000000001,0.0031664371490478516,0.001354074478149414
0.2,0.00359381,0.5,50,0.4766666666666667,0.16076207402383325,542,0.43333333333333335,0.75,0.25,0.45,0.5,0.0031501293182373048,0.001360321044921875
0.2,0.00359381,0.7,5,0.4666666666666667,0.08628119403696526,607,0.35,0.4,0.48333333333333334,0.5,0.6000000000000001,0.0031563758850097655,0.001339864730834961
0.2,0.00359381,0.7,10,0.44666666666666666,0.04521553322083511,640,0.43333333333333335,0.4,0.4,0.5,0.5,0.0032183647155761717,0.0013625144958496094
0.2,0.00359381,0.7,20,0.42666666666666675,0.1323295549418614,704,0.43333333333333335,0.4,0.2,0.5,0.6000000000000001,0.0031772613525390624,0.0013567447662353516
0.2,0.00359381,0.7,50,0.4766666666666667,0.16076207402383325,542,0.43333333333333335,0.75,0.25,0.45,0.5,0.0031670570373535157,0.0013601303100585938
0.2,0.00359381,0.9,5,0.4666666666666667,0.08628119403696526,607,0.35,0.4,0.48333333333333334,0.5,0.6000000000000001,0.003152751922607422,0.0013575553894042969
0.2,0.00359381,0.9,10,0.44666666666666666,0.04521553322083511,640,0.43333333333333335,0.4,0.4,0.5,0.5,0.0032349109649658205,0.0013649463653564453
0.2,0.00359381,0.9,20,0.42666666666666675,0.1323295549418614,704,0.43333333333333335,0.4,0.2,0.5,0.6000000000000001,0.0032037734985351563,0.0013570785522460938
0.2,0.00359381,0.9,50,0.4766666666666667,0.16076207402383325,542,0.43333333333333335,0.75,0.25,0.45,0.5,0.0031638145446777344,0.001356029510498047
0.2,0.0129155,0.1,5,0.61,0.11999999999999997,503,0.55,0.8333333333333333,0.5333333333333333,0.6333333333333333,0.5,0.011246395111083985,0.0014275074005126952
0.2,0.0129155,0.1,10,0.5966666666666667,0.0669991708074726,508,0.65,0.6666666666666666,0.5333333333333333,0.6333333333333333,0.5,0.011258888244628906,0.0014383316040039063
0.2,0.0129155,0.1,20,0.7433333333333334,0.07039570693980957,22,0.65,0.8333333333333333,0.7166666666666667,0.8166666666666667,0.7,0.011363649368286132,0.0014347553253173829
0.2,0.0129155,0.1,50,0.7300000000000001,0.08717797887081344,81,0.65,0.8333333333333333,0.6333333333333333,0.8333333333333333,0.7,0.01135873794555664,0.0014401912689208985
0.2,0.0129155,0.3,5,0.4666666666666667,0.08628119403696526,607,0.35,0.4,0.48333333333333334,0.5,0.6000000000000001,0.003744697570800781,0.00137939453125
0.2,0.0129155,0.3,10,0.44666666666666666,0.04521553322083511,640,0.43333333333333335,0.4,0.4,0.5,0.5,0.003727579116821289,0.0013700485229492187
0.2,0.0129155,0.3,20,0.42666666666666675,0.1323295549418614,704,0.43333333333333335,0.4,0.2,0.5,0.6000000000000001,0.0038109779357910155,0.0013599395751953125
0.2,0.0129155,0.3,50,0.4766666666666667,0.16076207402383325,542,0.43333333333333335,0.75,0.25,0.45,0.5,0.003690767288208008,0.0013553619384765625
0.2,0.0129155,0.5,5,0.4666666666666667,0.08628119403696526,607,0.35,0.4,0.48333333333333334,0.5,0.6000000000000001,0.0032404422760009765,0.001365804672241211
0.2,0.0129155,0.5,10,0.44666666666666666,0.04521553322083511,640,0.43333333333333335,0.4,0.4,0.5,0.5,0.003246307373046875,0.0013574123382568359
0.2,0.0129155,0.5,20,0.42666666666666675,0.1323295549418614,704,0.43333333333333335,0.4,0.2,0.5,0.6000000000000001,0.003358316421508789,0.0013597488403320312
0.2,0.0129155,0.5,50,0.4766666666666667,0.16076207402383325,542,0.43333333333333335,0.75,0.25,0.45,0.5,0.0032679557800292967,0.0013602733612060546
0.2,0.0129155,0.7,5,0.4666666666666667,0.08628119403696526,607,0.35,0.4,0.48333333333333334,0.5,0.6000000000000001,0.003202009201049805,0.0013637542724609375
0.2,0.0129155,0.7,10,0.44666666666666666,0.04521553322083511,640,0.43333333333333335,0.4,0.4,0.5,0.5,0.003153562545776367,0.001351642608642578
0.2,0.0129155,0.7,20,0.42666666666666675,0.1323295549418614,704,0.43333333333333335,0.4,0.2,0.5,0.6000000000000001,0.0032627105712890623,0.0013689041137695313
0.2,0.0129155,0.7,50,0.4766666666666667,0.16076207402383325,542,0.43333333333333335,0.75,0.25,0.45,0.5,0.0031695842742919924,0.0013499259948730469
0.2,0.0129155,0.9,5,0.4666666666666667,0.08628119403696526,607,0.35,0.4,0.48333333333333334,0.5,0.6000000000000001,0.0031934261322021486,0.001375722885131836
0.2,0.0129155,0.9,10,0.44666666666666666,0.04521553322083511,640,0.43333333333333335,0.4,0.4,0.5,0.5,0.0031470775604248045,0.001352071762084961
0.2,0.0129155,0.9,20,0.42666666666666675,0.1323295549418614,704,0.43333333333333335,0.4,0.2,0.5,0.6000000000000001,0.0032591819763183594,0.0013494491577148438
0.2,0.0129155,0.9,50,0.4766666666666667,0.16076207402383325,542,0.43333333333333335,0.75,0.25,0.45,0.5,0.0031557559967041017,0.001333904266357422
0.2,0.0464159,0.1,5,0.6566666666666666,0.09637888196533968,399,0.55,0.6666666666666666,0.8333333333333333,0.6333333333333333,0.6000000000000001,0.021176481246948244,0.00137176513671875
0.2,0.0464159,0.1,10,0.6433333333333333,0.06463573143221772,463,0.6333333333333333,0.6333333333333333,0.7166666666666667,0.5333333333333333,0.7,0.021112775802612303,0.0013567447662353516
0.2,0.0464159,0.1,20,0.7233333333333334,0.05333333333333336,95,0.7333333333333334,0.7333333333333334,0.7166666666666667,0.6333333333333333,0.8,0.021088504791259767,0.0013555049896240234
0.2,0.0464159,0.1,50,0.7366666666666666,0.14506703431325962,78,0.8166666666666667,0.9166666666666667,0.5333333333333333,0.8166666666666667,0.6000000000000001,0.02106137275695801,0.0013777732849121094
0.2,0.0464159,0.3,5,0.5933333333333334,0.08981462390204986,510,0.55,0.75,0.5333333333333333,0.6333333333333333,0.5,0.0216341495513916,0.0013614654541015624
0.2,0.0464159,0.3,10,0.6133333333333334,0.12445436468396312,496,0.8166666666666667,0.6666666666666666,0.5333333333333333,0.45,0.6000000000000001,0.0215606689453125,0.0013646602630615235
0.2,0.0464159,0.3,20,0.7433333333333334,0.07039570693980957,22,0.65,0.8333333333333333,0.7166666666666667,0.8166666666666667,0.7,0.02164182662963867,0.0013643264770507812
0.2,0.0464159,0.3,50,0.75,0.07745966692414832,16,0.75,0.8333333333333333,0.6333333333333333,0.8333333333333333,0.7,0.021692562103271484,0.0013627052307128907
0.2,0.0464159,0.5,5,0.5233333333333333,0.1108552609887726,534,0.5666666666666667,0.7166666666666667,0.48333333333333334,0.45,0.4,0.014625310897827148,0.001360464096069336
0.2,0.0464159,0.5,10,0.5233333333333333,0.15114378731672848,534,0.5666666666666667,0.8,0.4,0.45,0.4,0.014637994766235351,0.0013488292694091796
0.2,0.0464159,0.5,20,0.49333333333333335,0.25068794235950886,539,0.5666666666666667,0.8,0.2,0.7,0.2,0.014675521850585937,0.0013414859771728516
0.2,0.0464159,0.5,50,0.62,0.22444994492709902,494,0.7333333333333334,0.7166666666666667,0.25,0.9,0.5,0.01461014747619629,0.0013552665710449218
0.2,0.0464159,0.7,5,0.4666666666666667,0.08628119403696526,607,0.35,0.4,0.48333333333333334,0.5,0.6000000000000001,0.004051685333251953,0.0013355731964111329
0.2,0.0464159,0.7,10,0.44666666666666666,0.04521553322083511,640,0.43333333333333335,0.4,0.4,0.5,0.5,0.003998374938964844,0.0013392448425292968
0.2,0.0464159,0.7,20,0.42666666666666675,0.1323295549418614,704,0.43333333333333335,0.4,0.2,0.5,0.6000000000000001,0.004024124145507813,0.0013533592224121093
0.2,0.0464159,0.7,50,0.4766666666666667,0.16076207402383325,542,0.43333333333333335,0.75,0.25,0.45,0.5,0.004051876068115234,0.0013491153717041016
0.2,0.0464159,0.9,5,0.4666666666666667,0.08628119403696526,607,0.35,0.4,0.48333333333333334,0.5,0.6000000000000001,0.003728342056274414,0.0013349056243896484
0.2,0.0464159,0.9,10,0.44666666666666666,0.04521553322083511,640,0.43333333333333335,0.4,0.4,0.5,0.5,0.0037539005279541016,0.001363229751586914
0.2,0.0464159,0.9,20,0.42666666666666675,0.1323295549418614,704,0.43333333333333335,0.4,0.2,0.5,0.6000000000000001,0.0038414478302001955,0.0013713836669921875
0.2,0.0464159,0.9,50,0.4766666666666667,0.16076207402383325,542,0.43333333333333335,0.75,0.25,0.45,0.5,0.003836250305175781,0.0013674259185791015
0.2,0.16681,0.1,5,0.7033333333333334,0.11274356350191841,190,0.8166666666666667,0.8333333333333333,0.6333333333333333,0.5333333333333333,0.7,0.04880785942077637,0.0014960289001464844
0.2,0.16681,0.1,10,0.6866666666666668,0.07774602526460403,273,0.7333333333333334,0.7333333333333334,0.7333333333333334,0.5333333333333333,0.7,0.049062919616699216,0.0014980316162109375
0.2,0.16681,0.1,20,0.7466666666666667,0.02867441755680876,17,0.75,0.7333333333333334,0.7166666666666667,0.7333333333333334,0.8,0.04881300926208496,0.0014413356781005859
0.2,0.16681,0.1,50,0.7366666666666666,0.14506703431325962,78,0.8166666666666667,0.9166666666666667,0.5333333333333333,0.8166666666666667,0.6000000000000001,0.049016809463500975,0.0014831066131591798
0.2,0.16681,0.3,5,0.67,0.05416025603090641,332,0.65,0.7333333333333334,0.7333333333333334,0.6333333333333333,0.6000000000000001,0.054216527938842775,0.0014516830444335938
0.2,0.16681,0.3,10,0.6633333333333333,0.07333333333333335,385,0.7333333333333334,0.6333333333333333,0.7166666666666667,0.5333333333333333,0.7,0.05596671104431152,0.001487874984741211
0.2,0.16681,0.3,20,0.7633333333333333,0.09030811456096045,3,0.65,0.7333333333333334,0.7166666666666667,0.9166666666666667,0.8,0.056199169158935545,0.001573801040649414
0.2,0.16681,0.3,50,0.74,0.1470449666674185,46,0.9166666666666667,0.8333333333333333,0.5333333333333333,0.8166666666666667,0.6000000000000001,0.056174612045288085,0.001596832275390625
0.2,0.16681,0.5,5,0.63,0.10132456102380444,478,0.7333333333333334,0.75,0.6333333333333333,0.5333333333333333,0.5,0.06341090202331542,0.0015897750854492188
0.2,0.16681,0.5,10,0.6266666666666666,0.053333333333333316,491,0.6333333333333333,0.6333333333333333,0.6333333333333333,0.5333333333333333,0.7,0.06352906227111817,0.0016057014465332032
0.2,0.16681,0.5,20,0.74,0.09809292646374776,46,0.7333333333333334,0.7333333333333334,0.6166666666666667,0.9166666666666667,0.7,0.0635301113128662,0.001595306396484375
0.2,0.16681,0.5,50,0.7200000000000001,0.1217465491183312,135,0.9166666666666667,0.7333333333333334,0.5333333333333333,0.7166666666666667,0.7,0.06365242004394531,0.0016093730926513671
0.2,0.16681,0.7,5,0.65,0.10954451150103324,413,0.7333333333333334,0.75,0.7333333333333334,0.5333333333333333,0.5,0.059330081939697264,0.0015894412994384766
0.2,0.16681,0.7,10,0.6666666666666666,0.04346134936801767,367,0.65,0.6333333333333333,0.6166666666666667,0.7333333333333334,0.7,0.059175729751586914,0.001589345932006836
0.2,0.16681,0.7,20,0.74,0.10780641085864151,46,0.8333333333333333,0.8333333333333333,0.6166666666666667,0.8166666666666667,0.6,0.05924534797668457,0.0015901088714599609
0.2,0.16681,0.7,50,0.6466666666666667,0.12400716825158847,448,0.8333333333333333,0.7333333333333334,0.5333333333333333,0.6333333333333333,0.5,0.05911345481872558,0.001596355438232422
0.2,0.16681,0.9,5,0.65,0.10954451150103324,413,0.7333333333333334,0.75,0.7333333333333334,0.5333333333333333,0.5,0.06072115898132324,0.001589202880859375
0.2,0.16681,0.9,10,0.6833333333333333,0.07226494462892932,301,0.8166666666666667,0.65,0.6166666666666667,0.6333333333333333,0.7,0.06076116561889648,0.0016064167022705079
0.2,0.16681,0.9,20,0.7,0.10903618155864081,247,0.8333333333333333,0.8333333333333333,0.6166666666666667,0.6166666666666667,0.6,0.0609438419342041,0.0015909671783447266
0.2,0.16681,0.9,50,0.6833333333333333,0.13824294235551815,301,0.9166666666666667,0.7333333333333334,0.6333333333333333,0.6333333333333333,0.5,0.06085734367370606,0.001603841781616211
0.2,0.599484,0.1,5,0.6466666666666666,0.16377491328717658,459,0.8166666666666667,0.8333333333333333,0.6333333333333333,0.55,0.4,0.11694722175598145,0.0016049385070800782
0.2,0.599484,0.1,10,0.6266666666666667,0.09043106644167026,487,0.7333333333333334,0.7333333333333334,0.5333333333333333,0.5333333333333333,0.6000000000000001,0.11672544479370117,0.0015842914581298828
0.2,0.599484,0.1,20,0.7233333333333334,0.016996731711975965,95,0.75,0.7333333333333334,0.7166666666666667,0.7166666666666667,0.7,0.11689720153808594,0.0015985965728759766
0.2,0.599484,0.1,50,0.72,0.11025223605694154,143,0.7333333333333334,0.9166666666666667,0.6333333333333333,0.7166666666666667,0.6000000000000001,0.11691994667053222,0.001613759994506836
0.2,0.599484,0.3,5,0.7033333333333334,0.11850925889754116,190,0.8166666666666667,0.8333333333333333,0.7333333333333334,0.5333333333333333,0.6000000000000001,0.14006962776184081,0.0015981674194335937
0.2,0.599484,0.3,10,0.6433333333333333,0.04666666666666667,463,0.7333333333333334,0.6333333333333333,0.6333333333333333,0.6166666666666667,0.6000000000000001,0.14011764526367188,0.0016023635864257813
0.2,0.599484,0.3,20,0.7266666666666668,0.016996731711975972,84,0.75,0.7333333333333334,0.7166666666666667,0.7333333333333334,0.7,0.1402271270751953,0.0016146183013916015
0.2,0.599484,0.3,50,0.6633333333333333,0.08192137151629672,385,0.7333333333333334,0.7333333333333334,0.5333333333333333,0.7166666666666667,0.6000000000000001,0.14010376930236818,0.0016158103942871093
0.2,0.599484,0.5,5,0.6499999999999999,0.15491933384829665,438,0.7333333333333334,0.8333333333333333,0.7333333333333334,0.55,0.4,0.15488572120666505,0.001611042022705078
0.2,0.599484,0.5,10,0.6633333333333333,0.04521553322083513,385,0.7333333333333334,0.6333333333333333,0.6333333333333333,0.6166666666666667,0.7,0.15484447479248048,0.0015813827514648438
0.2,0.599484,0.5,20,0.7066666666666667,0.04027681991198192,173,0.75,0.7333333333333334,0.7166666666666667,0.6333333333333333,0.7,0.15452699661254882,0.0015944957733154297
0.2,0.599484,0.5,50,0.7033333333333334,0.11850925889754114,190,0.8333333333333333,0.8333333333333333,0.5333333333333333,0.6166666666666667,0.7,0.1547574520111084,0.0016119003295898438
0.2,0.599484,0.7,5,0.6500000000000001,0.12909944487358055,407,0.6333333333333333,0.8333333333333333,0.7333333333333334,0.45,0.6000000000000001,0.1689690113067627,0.0016061782836914063
0.2,0.599484,0.7,10,0.6799999999999999,0.07408703590297623,325,0.8166666666666667,0.6333333333333333,0.6333333333333333,0.6166666666666667,0.7,0.16879830360412598,0.0016337394714355468
0.2,0.599484,0.7,20,0.7433333333333334,0.040276819911981905,22,0.75,0.7333333333333334,0.7166666666666667,0.8166666666666667,0.7,0.16930932998657228,0.0015989780426025391
0.2,0.599484,0.7,50,0.6866666666666668,0.1071862346054235,273,0.75,0.8333333333333333,0.5333333333333333,0.7166666666666667,0.6,0.16912012100219725,0.0016106605529785157
0.2,0.599484,0.9,5,0.6866666666666668,0.0858939915115008,273,0.6333333333333333,0.8333333333333333,0.7333333333333334,0.6333333333333333,0.6000000000000001,0.17599854469299317,0.0016097068786621095
0.2,0.599484,0.9,10,0.6766666666666666,0.08069145624606802,328,0.8166666666666667,0.6333333333333333,0.7166666666666667,0.6166666666666667,0.6,0.17662806510925294,0.0017317771911621095
0.2,0.599484,0.9,20,0.72,0.06944222218666554,143,0.7333333333333334,0.7333333333333334,0.7166666666666667,0.8166666666666667,0.6,0.17646822929382325,0.0016219615936279297
0.2,0.599484,0.9,50,0.7200000000000001,0.1217465491183312,135,0.9166666666666667,0.7333333333333334,0.5333333333333333,0.7166666666666667,0.7,0.17648391723632811,0.0016162395477294922
0.2,2.15443,0.1,5,0.6333333333333334,0.1563471919941143,471,0.6333333333333333,0.8333333333333333,0.7333333333333334,0.3666666666666667,0.6000000000000001,0.22846522331237792,0.0016108036041259765
0.2,2.15443,0.1,10,0.6466666666666667,0.12400716825158847,448,0.7333333333333334,0.8333333333333333,0.6333333333333333,0.5333333333333333,0.5,0.22845869064331054,0.001611328125
0.2,2.15443,0.1,20,0.7433333333333334,0.04784233364802439,22,0.75,0.8333333333333333,0.7166666666666667,0.7166666666666667,0.7,0.22932610511779786,0.0016133785247802734
0.2,2.15443,0.1,50,0.6833333333333333,0.13621877827801704,301,0.65,0.9166666666666667,0.6333333333333333,0.7166666666666667,0.5,0.2284853458404541,0.0016099929809570313
0.2,2.15443,0.3,5,0.5733333333333334,0.17782638224465522,524,0.8166666666666667,0.55,0.7333333333333334,0.3666666666666667,0.4,0.29561715126037597,0.0016109466552734375
0.2,2.15443,0.3,10,0.6866666666666666,0.12400716825158846,285,0.8333333333333333,0.8333333333333333,0.6333333333333333,0.5333333333333333,0.6000000000000001,0.29610776901245117,0.0015943050384521484
0.2,2.15443,0.3,20,0.7433333333333334,0.04784233364802439,22,0.75,0.8333333333333333,0.7166666666666667,0.7166666666666667,0.7,0.2965839862823486,0.0016108036041259765
0.2,2.15443,0.3,50,0.7200000000000001,0.05906681715556451,135,0.7333333333333334,0.8166666666666667,0.6333333333333333,0.7166666666666667,0.7,0.2956209659576416,0.0016077041625976562
0.2,2.15443,0.5,5,0.6300000000000001,0.17107503227141785,473,0.8166666666666667,0.55,0.8166666666666667,0.3666666666666667,0.6000000000000001,0.3204457759857178,0.001612234115600586
0.2,2.15443,0.5,10,0.7066666666666667,0.12183777921664705,173,0.8333333333333333,0.8333333333333333,0.7333333333333334,0.5333333333333333,0.6000000000000001,0.32099180221557616,0.001603984832763672
0.2,2.15443,0.5,20,0.74,0.047842333648024385,46,0.8333333333333333,0.7333333333333334,0.7166666666666667,0.7166666666666667,0.7,0.32086944580078125,0.001615142822265625
0.2,2.15443,0.5,50,0.7066666666666667,0.07930251502246877,173,0.75,0.8333333333333333,0.6333333333333333,0.6166666666666667,0.7,0.3204957008361816,0.001607370376586914
0.2,2.15443,0.7,5,0.5733333333333334,0.17782638224465522,524,0.8166666666666667,0.55,0.7333333333333334,0.3666666666666667,0.4,0.3180403709411621,0.001607656478881836
0.2,2.15443,0.7,10,0.7033333333333334,0.10666666666666662,190,0.8333333333333333,0.8333333333333333,0.6333333333333333,0.6166666666666667,0.6000000000000001,0.3089459896087646,0.0015439510345458985
0.2,2.15443,0.7,20,0.7033333333333334,0.04642796092394706,190,0.75,0.7333333333333334,0.7166666666666667,0.6166666666666667,0.7,0.3074465274810791,0.0015454292297363281
0.2,2.15443,0.7,50,0.6866666666666668,0.11323525167642018,273,0.75,0.8333333333333333,0.6333333333333333,0.7166666666666667,0.5,0.3099975109100342,0.001589488983154297
0.2,2.15443,0.9,5,0.6866666666666666,0.1883849486792639,285,0.7333333333333334,0.8333333333333333,0.9166666666666667,0.55,0.4,0.33405537605285646,0.0015459537506103515
0.2,2.15443,0.9,10,0.7433333333333334,0.11035296904831225,22,0.8333333333333333,0.8333333333333333,0.8333333333333333,0.6166666666666667,0.6000000000000001,0.3354978561401367,0.0015923023223876954
0.2,2.15443,0.9,20,0.7033333333333334,0.04642796092394706,190,0.75,0.7333333333333334,0.7166666666666667,0.6166666666666667,0.7,0.34252495765686036,0.0015758991241455079
0.2,2.15443,0.9,50,0.72,0.14659088951530683,143,0.8333333333333333,0.9166666666666667,0.6333333333333333,0.7166666666666667,0.5,0.3467658042907715,0.0016116619110107422
0.2,7.74264,0.1,5,0.6900000000000001,0.08406346808612325,257,0.6333333333333333,0.8333333333333333,0.7333333333333334,0.65,0.6000000000000001,0.31123790740966795,0.0016037464141845704
0.2,7.74264,0.1,10,0.65,0.12110601416389964,413,0.7333333333333334,0.8333333333333333,0.6333333333333333,0.55,0.5,0.3107398509979248,0.001622152328491211
0.2,7.74264,0.1,20,0.72,0.07408703590297622,143,0.7333333333333334,0.8333333333333333,0.7166666666666667,0.7166666666666667,0.6,0.31042819023132323,0.0016164779663085938
0.2,7.74264,0.1,50,0.72,0.11025223605694155,143,0.7333333333333334,0.9166666666666667,0.6333333333333333,0.7166666666666667,0.6,0.31072611808776857,0.001600790023803711
0.2,7.74264,0.3,5,0.6900000000000001,0.16918103387266026,257,0.8166666666666667,0.8333333333333333,0.7333333333333334,0.3666666666666667,0.7,0.47223706245422364,0.0016016006469726563
0.2,7.74264,0.3,10,0.6666666666666667,0.10540925533894598,356,0.7333333333333334,0.8333333333333333,0.6333333333333333,0.5333333333333333,0.6,0.4720245361328125,0.0016732215881347656
0.2,7.74264,0.3,20,0.7033333333333334,0.08653836657164776,190,0.75,0.8333333333333333,0.7166666666666667,0.6166666666666667,0.6,0.47210330963134767,0.001612091064453125
0.2,7.74264,0.3,50,0.6866666666666668,0.03858612300930077,273,0.65,0.7333333333333334,0.6333333333333333,0.7166666666666667,0.7,0.4729400634765625,0.0016133785247802734
0.2,7.74264,0.5,5,0.5933333333333334,0.14476033833738974,510,0.8166666666666667,0.55,0.6333333333333333,0.3666666666666667,0.6000000000000001,0.5599187850952149,0.0016108036041259765
0.2,7.74264,0.5,10,0.6866666666666666,0.12400716825158846,285,0.8333333333333333,0.8333333333333333,0.6333333333333333,0.5333333333333333,0.6000000000000001,0.5600061893463135,0.0016855716705322266
0.2,7.74264,0.5,20,0.7433333333333334,0.04784233364802439,22,0.75,0.8333333333333333,0.7166666666666667,0.7166666666666667,0.7,0.5603598117828369,0.0016126632690429688
0.2,7.74264,0.5,50,0.6833333333333333,0.0557773351022717,301,0.7333333333333334,0.7333333333333334,0.6333333333333333,0.7166666666666667,0.6000000000000001,0.5607575893402099,0.0016049385070800782
0.2,7.74264,0.7,5,0.5733333333333334,0.17782638224465522,524,0.8166666666666667,0.55,0.7333333333333334,0.3666666666666667,0.4,0.6262019634246826,0.0017197608947753906
0.2,7.74264,0.7,10,0.6866666666666666,0.12400716825158846,285,0.8333333333333333,0.8333333333333333,0.6333333333333333,0.5333333333333333,0.6000000000000001,0.6256436824798584,0.0015903472900390624
0.2,7.74264,0.7,20,0.7233333333333334,0.016996731711975965,95,0.75,0.7333333333333334,0.7166666666666667,0.7166666666666667,0.7,0.6211095809936523,0.001571798324584961
0.2,7.74264,0.7,50,0.6900000000000001,0.048989794855663585,257,0.75,0.7333333333333334,0.6333333333333333,0.6333333333333333,0.7,0.6040126323699951,0.0015039443969726562
0.2,7.74264,0.9,5,0.6133333333333334,0.1554205763583302,496,0.8166666666666667,0.55,0.7333333333333334,0.3666666666666667,0.6000000000000001,0.5747730731964111,0.001504659652709961
0.2,7.74264,0.9,10,0.6866666666666666,0.143913554299486,285,0.8333333333333333,0.8333333333333333,0.7333333333333334,0.5333333333333333,0.5,0.5750720500946045,0.0015456199645996094
0.2,7.74264,0.9,20,0.76,0.060184900284225934,6,0.8333333333333333,0.8333333333333333,0.7166666666666667,0.7166666666666667,0.7,0.5778913021087646,0.0015526771545410155
0.2,7.74264,0.9,50,0.6633333333333333,0.1371941041817112,385,0.65,0.9166666666666667,0.6333333333333333,0.6166666666666667,0.5,0.5967619895935059,0.001612091064453125
0.2,27.8256,0.1,5,0.67,0.11075498483890764,332,0.7333333333333334,0.8333333333333333,0.6333333333333333,0.65,0.5,0.3030341625213623,0.0015857696533203125
0.2,27.8256,0.1,10,0.65,0.12110601416389964,413,0.7333333333333334,0.8333333333333333,0.6333333333333333,0.55,0.5,0.30358033180236815,0.0016717910766601562
0.2,27.8256,0.1,20,0.6866666666666668,0.08259674462242576,273,0.65,0.8333333333333333,0.7166666666666667,0.6333333333333333,0.6,0.3037440776824951,0.0016180992126464844
0.2,27.8256,0.1,50,0.7033333333333334,0.0819213715162967,190,0.7333333333333334,0.8333333333333333,0.6333333333333333,0.7166666666666667,0.6,0.3034192085266113,0.001601839065551758
0.2,27.8256,0.3,5,0.6900000000000001,0.08406346808612325,257,0.6333333333333333,0.8333333333333333,0.7333333333333334,0.65,0.6000000000000001,0.4451889991760254,0.001591634750366211
0.2,27.8256,0.3,10,0.65,0.12110601416389964,413,0.7333333333333334,0.8333333333333333,0.6333333333333333,0.55,0.5,0.4449944972991943,0.0016192913055419922
0.2,27.8256,0.3,20,0.74,0.047842333648024385,46,0.7333333333333334,0.8333333333333333,0.7166666666666667,0.7166666666666667,0.7,0.4457953453063965,0.0016082763671875
0.2,27.8256,0.3,50,0.72,0.11025223605694155,143,0.7333333333333334,0.9166666666666667,0.6333333333333333,0.7166666666666667,0.6,0.44583683013916015,0.0016032695770263673
0.2,27.8256,0.5,5,0.65,0.12110601416389964,413,0.6333333333333333,0.8333333333333333,0.7333333333333334,0.55,0.5,0.57160964012146,0.0016092300415039063
0.2,27.8256,0.5,10,0.6466666666666667,0.12400716825158847,448,0.7333333333333334,0.8333333333333333,0.6333333333333333,0.5333333333333333,0.5,0.5721234321594239,0.0016974449157714845
0.2,27.8256,0.5,20,0.74,0.047842333648024385,46,0.7333333333333334,0.8333333333333333,0.7166666666666667,0.7166666666666667,0.7,0.5717404842376709,0.001636648178100586
0.2,27.8256,0.5,50,0.7033333333333334,0.06446359868604572,190,0.65,0.8166666666666667,0.6333333333333333,0.7166666666666667,0.7,0.5720688343048096,0.0016233444213867188
0.2,27.8256,0.7,5,0.6900000000000001,0.16918103387266026,257,0.8166666666666667,0.8333333333333333,0.7333333333333334,0.3666666666666667,0.7,0.682174825668335,0.0016001224517822265
0.2,27.8256,0.7,10,0.6666666666666667,0.10540925533894598,356,0.7333333333333334,0.8333333333333333,0.6333333333333333,0.5333333333333333,0.6,0.683729887008667,0.0016143321990966797
0.2,27.8256,0.7,20,0.7033333333333334,0.08653836657164776,190,0.75,0.8333333333333333,0.7166666666666667,0.6166666666666667,0.6,0.685235595703125,0.0017275333404541016
0.2,27.8256,0.7,50,0.7233333333333334,0.0646357314322177,95,0.8333333333333333,0.7333333333333334,0.6333333333333333,0.7166666666666667,0.7,0.6792086601257324,0.001607990264892578
0.2,27.8256,0.9,5,0.5933333333333334,0.14476033833738974,510,0.8166666666666667,0.55,0.6333333333333333,0.3666666666666667,0.6000000000000001,0.7379963874816895,0.0015590667724609375
0.2,27.8256,0.9,10,0.7033333333333334,0.1462114146630754,190,0.9166666666666667,0.8333333333333333,0.6333333333333333,0.5333333333333333,0.6,0.7521489143371582,0.0015891551971435546
0.2,27.8256,0.9,20,0.7233333333333333,0.07039570693980955,133,0.75,0.8333333333333333,0.7166666666666667,0.6166666666666667,0.7,0.7615106105804443,0.001626873016357422
0.2,27.8256,0.9,50,0.7233333333333334,0.0646357314322177,95,0.8333333333333333,0.7333333333333334,0.6333333333333333,0.7166666666666667,0.7,0.7616075038909912,0.001602029800415039
0.2,100.0,0.1,5,0.67,0.11075498483890764,332,0.7333333333333334,0.8333333333333333,0.6333333333333333,0.65,0.5,0.36374807357788086,0.001619577407836914
0.2,100.0,0.1,10,0.65,0.12110601416389964,413,0.7333333333333334,0.8333333333333333,0.6333333333333333,0.55,0.5,0.3632801055908203,0.0016024112701416016
0.2,100.0,0.1,20,0.6666666666666667,0.10903618155864082,356,0.65,0.8333333333333333,0.7166666666666667,0.6333333333333333,0.5,0.3638621807098389,0.0016063690185546876
0.2,100.0,0.1,50,0.6833333333333333,0.1115546702045434,301,0.7333333333333334,0.8333333333333333,0.6333333333333333,0.7166666666666667,0.5,0.3635378837585449,0.0016299247741699218
0.2,100.0,0.3,5,0.67,0.11075498483890764,332,0.7333333333333334,0.8333333333333333,0.6333333333333333,0.65,0.5,0.36753334999084475,0.0015999317169189454
0.2,100.0,0.3,10,0.65,0.12110601416389964,413,0.7333333333333334,0.8333333333333333,0.6333333333333333,0.55,0.5,0.3664560317993164,0.001599597930908203
0.2,100.0,0.3,20,0.7066666666666667,0.07039570693980955,173,0.65,0.8333333333333333,0.7166666666666667,0.6333333333333333,0.7,0.36690587997436525,0.0016138553619384766
0.2,100.0,0.3,50,0.7033333333333334,0.0819213715162967,190,0.7333333333333334,0.8333333333333333,0.6333333333333333,0.7166666666666667,0.6,0.3675852298736572,0.001608419418334961
0.2,100.0,0.5,5,0.6900000000000001,0.08406346808612325,257,0.7333333333333334,0.8333333333333333,0.6333333333333333,0.65,0.6000000000000001,0.398998498916626,0.001602935791015625
0.2,100.0,0.5,10,0.6666666666666666,0.14794894014114768,367,0.7333333333333334,0.9166666666666667,0.6333333333333333,0.55,0.5,0.39855480194091797,0.001604175567626953
0.2,100.0,0.5,20,0.7233333333333334,0.06018490028422592,95,0.65,0.8333333333333333,0.7166666666666667,0.7166666666666667,0.7,0.3990493297576904,0.0016169548034667969
0.2,100.0,0.5,50,0.7033333333333334,0.0819213715162967,190,0.7333333333333334,0.8333333333333333,0.6333333333333333,0.7166666666666667,0.6,0.3994809627532959,0.0016071796417236328
0.2,100.0,0.7,5,0.6699999999999999,0.08326663997864527,354,0.6333333333333333,0.8333333333333333,0.6333333333333333,0.65,0.6000000000000001,0.44349470138549807,0.0015939712524414063
0.2,100.0,0.7,10,0.6666666666666666,0.14794894014114768,367,0.7333333333333334,0.9166666666666667,0.6333333333333333,0.55,0.5,0.4434367179870605,0.0015852928161621093
0.2,100.0,0.7,20,0.7233333333333334,0.06018490028422592,95,0.65,0.8333333333333333,0.7166666666666667,0.7166666666666667,0.7,0.44550280570983886,0.001604461669921875
0.2,100.0,0.7,50,0.7033333333333334,0.0819213715162967,190,0.7333333333333334,0.8333333333333333,0.6333333333333333,0.7166666666666667,0.6,0.4302518367767334,0.0014883041381835937
0.2,100.0,0.9,5,0.6900000000000001,0.08406346808612325,257,0.6333333333333333,0.8333333333333333,0.7333333333333334,0.65,0.6000000000000001,0.48619537353515624,0.0014626026153564454
0.2,100.0,0.9,10,0.65,0.12110601416389964,413,0.7333333333333334,0.8333333333333333,0.6333333333333333,0.55,0.5,0.4866014957427979,0.0014998912811279297
0.2,100.0,0.9,20,0.7233333333333334,0.06018490028422592,95,0.65,0.8333333333333333,0.7166666666666667,0.7166666666666667,0.7,0.48870096206665037,0.0015458106994628907
0.2,100.0,0.9,50,0.72,0.11025223605694155,143,0.7333333333333334,0.9166666666666667,0.6333333333333333,0.7166666666666667,0.6,0.4952298641204834,0.0016964912414550782
0.5,0.001,0.1,5,0.47000000000000003,0.06000000000000001,575,0.35,0.5,0.5,0.5,0.5,0.0034789562225341795,0.0014310359954833984
0.5,0.001,0.1,10,0.47000000000000003,0.06000000000000001,575,0.35,0.5,0.5,0.5,0.5,0.003255939483642578,0.0013953685760498048
0.5,0.001,0.1,20,0.43,0.13999999999999999,672,0.35,0.5,0.2,0.5,0.6,0.0033972740173339845,0.0014047622680664062
0.5,0.001,0.1,50,0.43,0.050990195135927854,672,0.45,0.5,0.35,0.45,0.4,0.003242635726928711,0.0013852596282958984
0.5,0.001,0.3,5,0.47000000000000003,0.06000000000000001,575,0.35,0.5,0.5,0.5,0.5,0.003221273422241211,0.0013860702514648438
0.5,0.001,0.3,10,0.47000000000000003,0.06000000000000001,575,0.35,0.5,0.5,0.5,0.5,0.0032567501068115233,0.0014009475708007812
0.5,0.001,0.3,20,0.43,0.13999999999999999,672,0.35,0.5,0.2,0.5,0.6,0.0034103870391845705,0.0014226436614990234
0.5,0.001,0.3,50,0.43,0.050990195135927854,672,0.45,0.5,0.35,0.45,0.4,0.0032871723175048827,0.0014040946960449218
0.5,0.001,0.5,5,0.47000000000000003,0.06000000000000001,575,0.35,0.5,0.5,0.5,0.5,0.003235626220703125,0.0014041900634765626
0.5,0.001,0.5,10,0.47000000000000003,0.06000000000000001,575,0.35,0.5,0.5,0.5,0.5,0.0032495498657226563,0.0013917446136474609
0.5,0.001,0.5,20,0.43,0.13999999999999999,672,0.35,0.5,0.2,0.5,0.6,0.003320598602294922,0.0014869213104248048
0.5,0.001,0.5,50,0.43,0.050990195135927854,672,0.45,0.5,0.35,0.45,0.4,0.003241109848022461,0.001392364501953125
0.5,0.001,0.7,5,0.47000000000000003,0.06000000000000001,575,0.35,0.5,0.5,0.5,0.5,0.003229379653930664,0.0013914108276367188
0.5,0.001,0.7,10,0.47000000000000003,0.06000000000000001,575,0.35,0.5,0.5,0.5,0.5,0.0032648563385009764,0.0013904571533203125
0.5,0.001,0.7,20,0.43,0.13999999999999999,672,0.35,0.5,0.2,0.5,0.6,0.003370332717895508,0.001397418975830078
0.5,0.001,0.7,50,0.43,0.050990195135927854,672,0.45,0.5,0.35,0.45,0.4,0.003259754180908203,0.001403045654296875
0.5,0.001,0.9,5,0.47000000000000003,0.06000000000000001,575,0.35,0.5,0.5,0.5,0.5,0.0032382488250732424,0.001394176483154297
0.5,0.001,0.9,10,0.47000000000000003,0.06000000000000001,575,0.35,0.5,0.5,0.5,0.5,0.0032831668853759766,0.0013918399810791016
0.5,0.001,0.9,20,0.43,0.13999999999999999,672,0.35,0.5,0.2,0.5,0.6,0.003333854675292969,0.0014305591583251953
0.5,0.001,0.9,50,0.43,0.050990195135927854,672,0.45,0.5,0.35,0.45,0.4,0.003277873992919922,0.0014124393463134765
0.5,0.00359381,0.1,5,0.47000000000000003,0.06000000000000001,575,0.35,0.5,0.5,0.5,0.5,0.0033498287200927736,0.001394367218017578
0.5,0.00359381,0.1,10,0.47000000000000003,0.06000000000000001,575,0.35,0.5,0.5,0.5,0.5,0.003391456604003906,0.00140838623046875
0.5,0.00359381,0.1,20,0.43,0.13999999999999999,672,0.35,0.5,0.2,0.5,0.6,0.0034343719482421873,0.001414346694946289
0.5,0.00359381,0.1,50,0.43,0.050990195135927854,672,0.45,0.5,0.35,0.45,0.4,0.003388500213623047,0.001411771774291992
0.5,0.00359381,0.3,5,0.47000000000000003,0.06000000000000001,575,0.35,0.5,0.5,0.5,0.5,0.003294229507446289,0.0014112472534179687
0.5,0.00359381,0.3,10,0.47000000000000003,0.06000000000000001,575,0.35,0.5,0.5,0.5,0.5,0.003350687026977539,0.001410531997680664
0.5,0.00359381,0.3,20,0.43,0.13999999999999999,672,0.35,0.5,0.2,0.5,0.6,0.0033200263977050783,0.001426839828491211
0.5,0.00359381,0.3,50,0.43,0.050990195135927854,672,0.45,0.5,0.35,0.45,0.4,0.0032857418060302734,0.0014150619506835937
0.5,0.00359381,0.5,5,0.47000000000000003,0.06000000000000001,575,0.35,0.5,0.5,0.5,0.5,0.003252887725830078,0.0013967514038085937
0.5,0.00359381,0.5,10,0.47000000000000003,0.06000000000000001,575,0.35,0.5,0.5,0.5,0.5,0.0033646583557128905,0.0014015674591064454
0.5,0.00359381,0.5,20,0.43,0.13999999999999999,672,0.35,0.5,0.2,0.5,0.6,0.0033407211303710938,0.0014113426208496095
0.5,0.00359381,0.5,50,0.43,0.050990195135927854,672,0.45,0.5,0.35,0.45,0.4,0.003307628631591797,0.0014118671417236329
0.5,0.00359381,0.7,5,0.47000000000000003,0.06000000000000001,575,0.35,0.5,0.5,0.5,0.5,0.0032729148864746095,0.0014069557189941406
0.5,0.00359381,0.7,10,0.47000000000000003,0.06000000000000001,575,0.35,0.5,0.5,0.5,0.5,0.0033251762390136717,0.001407623291015625
0.5,0.00359381,0.7,20,0.43,0.13999999999999999,672,0.35,0.5,0.2,0.5,0.6,0.003306674957275391,0.0013997077941894532
0.5,0.00359381,0.7,50,0.43,0.050990195135927854,672,0.45,0.5,0.35,0.45,0.4,0.003294038772583008,0.0014060497283935546
0.5,0.00359381,0.9,5,0.47000000000000003,0.06000000000000001,575,0.35,0.5,0.5,0.5,0.5,0.003240346908569336,0.0014624595642089844
0.5,0.00359381,0.9,10,0.47000000000000003,0.06000000000000001,575,0.35,0.5,0.5,0.5,0.5,0.003265047073364258,0.001416635513305664
0.5,0.00359381,0.9,20,0.43,0.13999999999999999,672,0.35,0.5,0.2,0.5,0.6,0.003322744369506836,0.0013965606689453126
0.5,0.00359381,0.9,50,0.43,0.050990195135927854,672,0.45,0.5,0.35,0.45,0.4,0.0033012866973876954,0.0014148712158203124
0.5,0.0129155,0.1,5,0.5900000000000001,0.08406346808612329,518,0.55,0.7333333333333334,0.5333333333333333,0.6333333333333333,0.5,0.011678791046142578,0.0014667987823486328
0.5,0.0129155,0.1,10,0.5966666666666667,0.0669991708074726,508,0.65,0.6666666666666666,0.5333333333333333,0.6333333333333333,0.5,0.011658334732055664,0.0015465736389160157
0.5,0.0129155,0.1,20,0.6700000000000002,0.08781293248212994,331,0.65,0.65,0.5333333333333333,0.7166666666666667,0.8,0.011670446395874024,0.001464986801147461
0.5,0.0129155,0.1,50,0.7200000000000001,0.0694422221866655,135,0.7333333333333334,0.8333333333333333,0.6166666666666667,0.7166666666666667,0.7,0.011798858642578125,0.0015040397644042968
0.5,0.0129155,0.3,5,0.47000000000000003,0.06000000000000001,575,0.35,0.5,0.5,0.5,0.5,0.003892374038696289,0.0014368057250976562
0.5,0.0129155,0.3,10,0.47000000000000003,0.06000000000000001,575,0.35,0.5,0.5,0.5,0.5,0.00392308235168457,0.0014109611511230469
0.5,0.0129155,0.3,20,0.43,0.13999999999999999,672,0.35,0.5,0.2,0.5,0.6,0.0038608551025390626,0.0014228343963623047
0.5,0.0129155,0.3,50,0.43,0.050990195135927854,672,0.45,0.5,0.35,0.45,0.4,0.0038396358489990235,0.0014191627502441405
0.5,0.0129155,0.5,5,0.47000000000000003,0.06000000000000001,575,0.35,0.5,0.5,0.5,0.5,0.0033545494079589844,0.001407623291015625
0.5,0.0129155,0.5,10,0.47000000000000003,0.06000000000000001,575,0.35,0.5,0.5,0.5,0.5,0.0034666538238525392,0.001438283920288086
0.5,0.0129155,0.5,20,0.43,0.13999999999999999,672,0.35,0.5,0.2,0.5,0.6,0.003434610366821289,0.0014223098754882813
0.5,0.0129155,0.5,50,0.43,0.050990195135927854,672,0.45,0.5,0.35,0.45,0.4,0.0033901214599609377,0.0014023303985595704
0.5,0.0129155,0.7,5,0.47000000000000003,0.06000000000000001,575,0.35,0.5,0.5,0.5,0.5,0.0032316207885742187,0.001390361785888672
0.5,0.0129155,0.7,10,0.47000000000000003,0.06000000000000001,575,0.35,0.5,0.5,0.5,0.5,0.0033316612243652344,0.001403951644897461
0.5,0.0129155,0.7,20,0.43,0.13999999999999999,672,0.35,0.5,0.2,0.5,0.6,0.0033056259155273436,0.0013983726501464843
0.5,0.0129155,0.7,50,0.43,0.050990195135927854,672,0.45,0.5,0.35,0.45,0.4,0.003270387649536133,0.0014060497283935546
0.5,0.0129155,0.9,5,0.47000000000000003,0.06000000000000001,575,0.35,0.5,0.5,0.5,0.5,0.003323078155517578,0.0014164447784423828
0.5,0.0129155,0.9,10,0.47000000000000003,0.06000000000000001,575,0.35,0.5,0.5,0.5,0.5,0.0032687664031982424,0.0013953685760498048
0.5,0.0129155,0.9,20,0.43,0.13999999999999999,672,0.35,0.5,0.2,0.5,0.6,0.003305530548095703,0.0014026165008544922
0.5,0.0129155,0.9,50,0.43,0.050990195135927854,672,0.45,0.5,0.35,0.45,0.4,0.00327448844909668,0.001398468017578125
0.5,0.0464159,0.1,5,0.6566666666666666,0.09637888196533968,399,0.55,0.6666666666666666,0.8333333333333333,0.6333333333333333,0.6000000000000001,0.022115516662597656,0.0015779495239257812
0.5,0.0464159,0.1,10,0.6433333333333333,0.06463573143221772,463,0.6333333333333333,0.6333333333333333,0.7166666666666667,0.5333333333333333,0.7,0.021994304656982423,0.0014887809753417968
0.5,0.0464159,0.1,20,0.74,0.07498147919467993,46,0.8333333333333333,0.7333333333333334,0.7166666666666667,0.6166666666666667,0.8,0.022174549102783204,0.001563692092895508
0.5,0.0464159,0.1,50,0.6833333333333333,0.10540925533894596,301,0.7333333333333334,0.8333333333333333,0.5333333333333333,0.7166666666666667,0.6000000000000001,0.022330284118652344,0.0015809059143066407
0.5,0.0464159,0.3,5,0.5933333333333334,0.08981462390204986,510,0.55,0.75,0.5333333333333333,0.6333333333333333,0.5,0.022678899765014648,0.0015564441680908203
0.5,0.0464159,0.3,10,0.63,0.06699917080747261,478,0.7333333333333334,0.6666666666666666,0.5333333333333333,0.6166666666666667,0.6000000000000001,0.022593021392822266,0.0014973163604736328
0.5,0.0464159,0.3,20,0.6666666666666666,0.03651483716701106,367,0.65,0.65,0.6166666666666667,0.7166666666666667,0.7,0.022719717025756835,0.0015503406524658204
0.5,0.0464159,0.3,50,0.71,0.07571877794400364,168,0.75,0.8333333333333333,0.6333333333333333,0.6333333333333333,0.7,0.022722291946411132,0.0015853404998779296
0.5,0.0464159,0.5,5,0.5066666666666666,0.13686976778431872,538,0.5666666666666667,0.7166666666666667,0.5,0.45,0.3,0.015473747253417968,0.0015317440032958985
0.5,0.0464159,0.5,10,0.5266666666666666,0.1098483803552272,533,0.5666666666666667,0.7166666666666667,0.5,0.45,0.4,0.01540999412536621,0.001517915725708008
0.5,0.0464159,0.5,20,0.5166666666666666,0.19493588689617924,536,0.5666666666666667,0.7166666666666667,0.2,0.7,0.4,0.01570887565612793,0.0016033649444580078
0.5,0.0464159,0.5,50,0.5866666666666667,0.15895492023421823,522,0.5666666666666667,0.7166666666666667,0.35,0.8,0.5,0.01634387969970703,0.0015252590179443359
0.5,0.0464159,0.7,5,0.47000000000000003,0.06000000000000001,575,0.35,0.5,0.5,0.5,0.5,0.0042473793029785155,0.0014388561248779297
0.5,0.0464159,0.7,10,0.47000000000000003,0.06000000000000001,575,0.35,0.5,0.5,0.5,0.5,0.004189920425415039,0.001422882080078125
0.5,0.0464159,0.7,20,0.43,0.13999999999999999,672,0.35,0.5,0.2,0.5,0.6,0.004259824752807617,0.001409435272216797
0.5,0.0464159,0.7,50,0.43,0.050990195135927854,672,0.45,0.5,0.35,0.45,0.4,0.00468287467956543,0.0015634536743164063
0.5,0.0464159,0.9,5,0.47000000000000003,0.06000000000000001,575,0.35,0.5,0.5,0.5,0.5,0.003883695602416992,0.001408529281616211
0.5,0.0464159,0.9,10,0.47000000000000003,0.06000000000000001,575,0.35,0.5,0.5,0.5,0.5,0.0038838863372802736,0.00139923095703125
0.5,0.0464159,0.9,20,0.43,0.13999999999999999,672,0.35,0.5,0.2,0.5,0.6,0.004019260406494141,0.0013956069946289063
0.5,0.0464159,0.9,50,0.43,0.050990195135927854,672,0.45,0.5,0.35,0.45,0.4,0.0038675308227539063,0.0013919830322265624
0.5,0.16681,0.1,5,0.7033333333333334,0.11274356350191841,190,0.8166666666666667,0.8333333333333333,0.6333333333333333,0.5333333333333333,0.7,0.05078973770141602,0.0015980720520019532
0.5,0.16681,0.1,10,0.6666666666666666,0.07601169500660923,367,0.6333333333333333,0.7333333333333334,0.7333333333333334,0.5333333333333333,0.7,0.05084009170532226,0.0015940666198730469
0.5,0.16681,0.1,20,0.7466666666666667,0.02867441755680876,17,0.75,0.7333333333333334,0.7166666666666667,0.7333333333333334,0.8,0.05092530250549317,0.0015849590301513672
0.5,0.16681,0.1,50,0.6633333333333333,0.07774602526460402,385,0.7333333333333334,0.7333333333333334,0.5333333333333333,0.6166666666666667,0.7,0.05094099044799805,0.0015987396240234376
0.5,0.16681,0.3,5,0.67,0.05416025603090641,332,0.65,0.7333333333333334,0.7333333333333334,0.6333333333333333,0.6000000000000001,0.056187915802001956,0.0015887737274169922
0.5,0.16681,0.3,10,0.6633333333333333,0.09333333333333332,385,0.6333333333333333,0.6333333333333333,0.8166666666666667,0.5333333333333333,0.7,0.05615973472595215,0.0015876293182373047
0.5,0.16681,0.3,20,0.7233333333333334,0.054365021434333624,95,0.65,0.7333333333333334,0.7166666666666667,0.8166666666666667,0.7,0.05619592666625976,0.0015894412994384766
0.5,0.16681,0.3,50,0.7033333333333334,0.09683892697555965,190,0.8333333333333333,0.7333333333333334,0.5333333333333333,0.7166666666666667,0.7,0.05622682571411133,0.0015952587127685547
0.5,0.16681,0.5,5,0.63,0.10132456102380444,478,0.7333333333333334,0.75,0.6333333333333333,0.5333333333333333,0.5,0.0636146068572998,0.0016159534454345704
0.5,0.16681,0.5,10,0.6433333333333333,0.02905932629027114,463,0.6333333333333333,0.6333333333333333,0.6333333333333333,0.6166666666666667,0.7,0.06360621452331543,0.001585245132446289
0.5,0.16681,0.5,20,0.7,0.04346134936801767,247,0.7333333333333334,0.7333333333333334,0.6166666666666667,0.7166666666666667,0.7,0.06360726356506348,0.0015929222106933593
0.5,0.16681,0.5,50,0.7033333333333334,0.04642796092394706,190,0.75,0.7333333333333334,0.6166666666666667,0.7166666666666667,0.7,0.06346535682678223,0.0015875339508056641
0.5,0.16681,0.7,5,0.65,0.10954451150103324,413,0.7333333333333334,0.75,0.7333333333333334,0.5333333333333333,0.5,0.059062957763671875,0.0015968799591064454
0.5,0.16681,0.7,10,0.6833333333333333,0.10593499054713801,301,0.55,0.6333333333333333,0.6166666666666667,0.8166666666666667,0.8,0.05916972160339355,0.001573657989501953
0.5,0.16681,0.7,20,0.68,0.09030811456096043,321,0.8333333333333333,0.7333333333333334,0.6166666666666667,0.6166666666666667,0.6,0.05912594795227051,0.0015772342681884765
0.5,0.16681,0.7,50,0.6266666666666667,0.13232955494186138,487,0.8333333333333333,0.7333333333333334,0.5333333333333333,0.5333333333333333,0.5,0.05921015739440918,0.0016010284423828125
0.5,0.16681,0.9,5,0.65,0.10954451150103324,413,0.7333333333333334,0.75,0.7333333333333334,0.5333333333333333,0.5,0.060853433609008786,0.0016057968139648437
0.5,0.16681,0.9,10,0.6833333333333333,0.09249624617007739,301,0.8166666666666667,0.65,0.5333333333333333,0.7166666666666667,0.7,0.06088156700134277,0.0016579151153564454
0.5,0.16681,0.9,20,0.68,0.09030811456096043,321,0.8333333333333333,0.7333333333333334,0.6166666666666667,0.6166666666666667,0.6,0.06086287498474121,0.0015909671783447266
0.5,0.16681,0.9,50,0.6666666666666666,0.1429840705968481,367,0.8333333333333333,0.8333333333333333,0.5333333333333333,0.6333333333333333,0.5,0.06086230278015137,0.001586580276489258
0.5,0.599484,0.1,5,0.6466666666666666,0.16377491328717658,459,0.8166666666666667,0.8333333333333333,0.6333333333333333,0.55,0.4,0.11694021224975586,0.0015891075134277343
0.5,0.599484,0.1,10,0.6466666666666667,0.07774602526460403,448,0.7333333333333334,0.7333333333333334,0.6333333333333333,0.5333333333333333,0.6000000000000001,0.11697845458984375,0.0015990734100341797
0.5,0.599484,0.1,20,0.7233333333333334,0.04784233364802442,95,0.65,0.7333333333333334,0.7166666666666667,0.7166666666666667,0.8,0.1168783187866211,0.0016011714935302735
0.5,0.599484,0.1,50,0.7033333333333334,0.02867441755680876,190,0.65,0.7333333333333334,0.7166666666666667,0.7166666666666667,0.7,0.11686129570007324,0.0016102313995361329
0.5,0.599484,0.3,5,0.7033333333333334,0.11850925889754116,190,0.8166666666666667,0.8333333333333333,0.7333333333333334,0.5333333333333333,0.6000000000000001,0.14148383140563964,0.0016053676605224609
0.5,0.599484,0.3,10,0.6266666666666667,0.06463573143221772,487,0.7333333333333334,0.6333333333333333,0.6333333333333333,0.5333333333333333,0.6000000000000001,0.14016942977905272,0.0016144752502441407
0.5,0.599484,0.3,20,0.6866666666666668,0.059066817155564486,273,0.75,0.7333333333333334,0.7166666666666667,0.6333333333333333,0.6000000000000001,0.14007534980773925,0.0016714096069335937
0.5,0.599484,0.3,50,0.6466666666666667,0.06944222218666554,448,0.65,0.7333333333333334,0.5333333333333333,0.6166666666666667,0.7,0.1400455951690674,0.0016095638275146484
0.5,0.599484,0.5,5,0.63,0.14922019523732927,478,0.7333333333333334,0.8333333333333333,0.6333333333333333,0.55,0.4,0.15507292747497559,0.0016021728515625
0.5,0.599484,0.5,10,0.6433333333333333,0.02905932629027114,463,0.6333333333333333,0.6333333333333333,0.6333333333333333,0.6166666666666667,0.7,0.1545644760131836,0.001604461669921875
0.5,0.599484,0.5,20,0.7233333333333334,0.016996731711975965,95,0.75,0.7333333333333334,0.7166666666666667,0.7166666666666667,0.7,0.15465621948242186,0.0015930652618408204
0.5,0.599484,0.5,50,0.6666666666666666,0.08096638534327415,367,0.75,0.7333333333333334,0.5333333333333333,0.6166666666666667,0.7,0.1546724796295166,0.0016111373901367188
0.5,0.599484,0.7,5,0.6133333333333334,0.1262273081917432,496,0.55,0.8333333333333333,0.6333333333333333,0.45,0.6000000000000001,0.16931238174438476,0.0015967845916748046
0.5,0.599484,0.7,10,0.72,0.10718623460542354,143,0.9166666666666667,0.6333333333333333,0.7333333333333334,0.6166666666666667,0.7,0.16938333511352538,0.0015915870666503907
0.5,0.599484,0.7,20,0.7233333333333334,0.016996731711975965,95,0.75,0.7333333333333334,0.7166666666666667,0.7166666666666667,0.7,0.16943879127502443,0.0016042232513427735
0.5,0.599484,0.7,50,0.6266666666666667,0.06548960901462836,487,0.65,0.7333333333333334,0.5333333333333333,0.6166666666666667,0.6,0.1698617935180664,0.0016076087951660157
0.5,0.599484,0.9,5,0.67,0.10132456102380438,332,0.55,0.8333333333333333,0.7333333333333334,0.6333333333333333,0.6000000000000001,0.17634882926940917,0.0016022205352783203
0.5,0.599484,0.9,10,0.72,0.10718623460542354,143,0.9166666666666667,0.6333333333333333,0.7333333333333334,0.6166666666666667,0.7,0.176011323928833,0.001591062545776367
0.5,0.599484,0.9,20,0.72,0.07408703590297622,143,0.8333333333333333,0.7333333333333334,0.7166666666666667,0.7166666666666667,0.6,0.17607150077819825,0.0016270160675048828
0.5,0.599484,0.9,50,0.7000000000000001,0.13123346456686355,244,0.9166666666666667,0.7333333333333334,0.5333333333333333,0.7166666666666667,0.6,0.17646026611328125,0.0016253471374511718
0.5,2.15443,0.1,5,0.6533333333333333,0.15719768163402126,406,0.6333333333333333,0.8333333333333333,0.7333333333333334,0.3666666666666667,0.7,0.22885713577270508,0.0016076087951660157
0.5,2.15443,0.1,10,0.6666666666666667,0.10540925533894596,356,0.7333333333333334,0.8333333333333333,0.6333333333333333,0.5333333333333333,0.6000000000000001,0.22857065200805665,0.0016028404235839844
0.5,2.15443,0.1,20,0.7233333333333334,0.06018490028422592,95,0.65,0.8333333333333333,0.7166666666666667,0.7166666666666667,0.7,0.22853317260742187,0.001606893539428711
0.5,2.15443,0.1,50,0.6833333333333333,0.050552502960343686,301,0.65,0.7333333333333334,0.7166666666666667,0.7166666666666667,0.6,0.22886133193969727,0.0016091346740722656
0.5,2.15443,0.3,5,0.5733333333333334,0.17782638224465522,524,0.8166666666666667,0.55,0.7333333333333334,0.3666666666666667,0.4,0.2957440376281738,0.0016033172607421875
0.5,2.15443,0.3,10,0.6866666666666666,0.12400716825158846,285,0.8333333333333333,0.8333333333333333,0.6333333333333333,0.5333333333333333,0.6000000000000001,0.2964305877685547,0.001621389389038086
0.5,2.15443,0.3,20,0.7233333333333334,0.016996731711975965,95,0.75,0.7333333333333334,0.7166666666666667,0.7166666666666667,0.7,0.2960052967071533,0.001592540740966797
0.5,2.15443,0.3,50,0.6866666666666668,0.06944222218666556,273,0.65,0.7333333333333334,0.6333333333333333,0.6166666666666667,0.8,0.29578633308410646,0.0016004085540771485
0.5,2.15443,0.5,5,0.6300000000000001,0.17107503227141785,473,0.8166666666666667,0.55,0.8166666666666667,0.3666666666666667,0.6000000000000001,0.3170689582824707,0.0015770435333251954
0.5,2.15443,0.5,10,0.7066666666666667,0.12183777921664705,173,0.8333333333333333,0.8333333333333333,0.7333333333333334,0.5333333333333333,0.6000000000000001,0.3096059799194336,0.0015222549438476563
0.5,2.15443,0.5,20,0.7233333333333334,0.016996731711975965,95,0.75,0.7333333333333334,0.7166666666666667,0.7166666666666667,0.7,0.310469913482666,0.001546764373779297
0.5,2.15443,0.5,50,0.7066666666666667,0.07039570693980961,173,0.75,0.7333333333333334,0.6333333333333333,0.6166666666666667,0.8,0.3099702835083008,0.0015392303466796875
0.5,2.15443,0.7,5,0.5733333333333334,0.17782638224465522,524,0.8166666666666667,0.55,0.7333333333333334,0.3666666666666667,0.4,0.30763683319091795,0.0015344619750976562
0.5,2.15443,0.7,10,0.6866666666666666,0.12400716825158846,285,0.8333333333333333,0.8333333333333333,0.6333333333333333,0.5333333333333333,0.6000000000000001,0.3106114387512207,0.0015574932098388673
0.5,2.15443,0.7,20,0.7033333333333334,0.04642796092394706,190,0.75,0.7333333333333334,0.7166666666666667,0.6166666666666667,0.7,0.31811723709106443,0.0016214370727539063
0.5,2.15443,0.7,50,0.6466666666666667,0.09030811456096045,448,0.75,0.7333333333333334,0.6333333333333333,0.6166666666666667,0.5,0.31818504333496095,0.0016205310821533203
0.5,2.15443,0.9,5,0.6866666666666666,0.1883849486792639,285,0.7333333333333334,0.8333333333333333,0.9166666666666667,0.55,0.4,0.3464235305786133,0.0015976428985595703
0.5,2.15443,0.9,10,0.76,0.12762793146051096,6,0.8333333333333333,0.8333333333333333,0.9166666666666667,0.6166666666666667,0.6000000000000001,0.34660863876342773,0.0015997886657714844
0.5,2.15443,0.9,20,0.7033333333333334,0.04642796092394706,190,0.75,0.7333333333333334,0.7166666666666667,0.6166666666666667,0.7,0.3460085391998291,0.0016071319580078125
0.5,2.15443,0.9,50,0.7,0.12866839377079184,247,0.8333333333333333,0.8333333333333333,0.7166666666666667,0.6166666666666667,0.5,0.3461793899536133,0.001612091064453125
0.5,7.74264,0.1,5,0.67,0.11075498483890764,332,0.6333333333333333,0.8333333333333333,0.7333333333333334,0.65,0.5,0.3110100269317627,0.0015992164611816407
0.5,7.74264,0.1,10,0.6533333333333334,0.09626352718795762,403,0.65,0.8333333333333333,0.6333333333333333,0.55,0.6000000000000001,0.3113412857055664,0.001603078842163086
0.5,7.74264,0.1,20,0.7233333333333334,0.09104333522498437,95,0.65,0.8333333333333333,0.8166666666666667,0.7166666666666667,0.6000000000000001,0.31132869720458983,0.0017235279083251953
0.5,7.74264,0.1,50,0.7233333333333334,0.05333333333333336,95,0.7333333333333334,0.7333333333333334,0.6333333333333333,0.7166666666666667,0.8,0.3115981101989746,0.0015882492065429688
0.5,7.74264,0.3,5,0.6900000000000001,0.16918103387266026,257,0.8166666666666667,0.8333333333333333,0.7333333333333334,0.3666666666666667,0.7,0.4730676174163818,0.0016102790832519531
0.5,7.74264,0.3,10,0.6666666666666667,0.10540925533894598,356,0.7333333333333334,0.8333333333333333,0.6333333333333333,0.5333333333333333,0.6,0.4732013702392578,0.001609468460083008
0.5,7.74264,0.3,20,0.6833333333333333,0.06236095644623234,301,0.75,0.7333333333333334,0.7166666666666667,0.6166666666666667,0.6000000000000001,0.4743513584136963,0.0016176223754882813
0.5,7.74264,0.3,50,0.6666666666666666,0.04346134936801767,367,0.65,0.7333333333333334,0.6333333333333333,0.6166666666666667,0.7,0.4736642360687256,0.0016147613525390625
0.5,7.74264,0.5,5,0.6133333333333333,0.15107025591499543,500,0.8166666666666667,0.55,0.6333333333333333,0.3666666666666667,0.7,0.5617157936096191,0.0016580581665039062
0.5,7.74264,0.5,10,0.6866666666666666,0.12400716825158846,285,0.8333333333333333,0.8333333333333333,0.6333333333333333,0.5333333333333333,0.6000000000000001,0.5607059955596924,0.001595926284790039
0.5,7.74264,0.5,20,0.7233333333333334,0.016996731711975965,95,0.75,0.7333333333333334,0.7166666666666667,0.7166666666666667,0.7,0.5606026649475098,0.0015919208526611328
0.5,7.74264,0.5,50,0.6666666666666666,0.04346134936801767,367,0.65,0.7333333333333334,0.6333333333333333,0.6166666666666667,0.7,0.5611332416534424,0.0015933990478515625
0.5,7.74264,0.7,5,0.5900000000000001,0.19510680835549193,518,0.8166666666666667,0.55,0.8166666666666667,0.3666666666666667,0.4,0.6056644439697265,0.0015139102935791016
0.5,7.74264,0.7,10,0.6866666666666666,0.12400716825158846,285,0.8333333333333333,0.8333333333333333,0.6333333333333333,0.5333333333333333,0.6000000000000001,0.6049983978271485,0.0015116691589355468
0.5,7.74264,0.7,20,0.7033333333333334,0.0531245915016974,190,0.75,0.7333333333333334,0.7166666666666667,0.7166666666666667,0.6000000000000001,0.6063751220703125,0.0015572071075439452
0.5,7.74264,0.7,50,0.7066666666666667,0.07039570693980961,173,0.75,0.7333333333333334,0.6333333333333333,0.6166666666666667,0.8,0.6162577152252198,0.001564931869506836
0.5,7.74264,0.9,5,0.6300000000000001,0.17107503227141785,473,0.8166666666666667,0.55,0.8166666666666667,0.3666666666666667,0.6000000000000001,0.5980232238769532,0.0015917778015136718
0.5,7.74264,0.9,10,0.6866666666666666,0.143913554299486,285,0.8333333333333333,0.8333333333333333,0.7333333333333334,0.5333333333333333,0.5,0.5977693557739258,0.0015932083129882812
0.5,7.74264,0.9,20,0.7233333333333334,0.016996731711975965,95,0.75,0.7333333333333334,0.7166666666666667,0.7166666666666667,0.7,0.598146915435791,0.0016051292419433593
0.5,7.74264,0.9,50,0.7033333333333334,0.07408703590297619,190,0.65,0.8333333333333333,0.7166666666666667,0.6166666666666667,0.7,0.5980037212371826,0.0016006946563720704
0.5,27.8256,0.1,5,0.6499999999999999,0.10645812948447539,438,0.6333333333333333,0.8333333333333333,0.6333333333333333,0.65,0.5,0.3040635108947754,0.0016023635864257813
0.5,27.8256,0.1,10,0.67,0.10132456102380438,332,0.7333333333333334,0.8333333333333333,0.6333333333333333,0.55,0.6000000000000001,0.30400795936584474,0.0016004562377929688
0.5,27.8256,0.1,20,0.7033333333333334,0.07845734863959875,190,0.65,0.8333333333333333,0.7166666666666667,0.7166666666666667,0.6000000000000001,0.3043722629547119,0.0015837669372558594
0.5,27.8256,0.1,50,0.7233333333333334,0.0646357314322177,95,0.7333333333333334,0.8333333333333333,0.6333333333333333,0.7166666666666667,0.7,0.30462188720703126,0.001607990264892578
0.5,27.8256,0.3,5,0.67,0.11075498483890764,332,0.6333333333333333,0.8333333333333333,0.7333333333333334,0.65,0.5,0.4461029529571533,0.0015963077545166015
0.5,27.8256,0.3,10,0.67,0.10132456102380438,332,0.7333333333333334,0.8333333333333333,0.6333333333333333,0.55,0.6000000000000001,0.44684877395629885,0.0016037464141845704
0.5,27.8256,0.3,20,0.7433333333333334,0.06548960901462832,22,0.65,0.8333333333333333,0.7166666666666667,0.7166666666666667,0.8,0.4462878704071045,0.0016083240509033204
0.5,27.8256,0.3,50,0.7233333333333334,0.05333333333333336,95,0.7333333333333334,0.7333333333333334,0.6333333333333333,0.7166666666666667,0.8,0.4473432064056396,0.0017379283905029296
0.5,27.8256,0.5,5,0.6166666666666667,0.16055459438389727,495,0.6333333333333333,0.8333333333333333,0.7333333333333334,0.3833333333333333,0.5,0.5712174892425537,0.0016059398651123047
0.5,27.8256,0.5,10,0.6666666666666667,0.10540925533894596,356,0.7333333333333334,0.8333333333333333,0.6333333333333333,0.5333333333333333,0.6000000000000001,0.5711912155151367,0.0016161441802978516
0.5,27.8256,0.5,20,0.7233333333333333,0.08730533902472526,133,0.65,0.8333333333333333,0.8166666666666667,0.6166666666666667,0.7,0.5717000961303711,0.0016013145446777343
0.5,27.8256,0.5,50,0.6833333333333333,0.0767390962214756,301,0.65,0.8166666666666667,0.6333333333333333,0.7166666666666667,0.6,0.5700352668762207,0.0015926361083984375
0.5,27.8256,0.7,5,0.6900000000000001,0.16918103387266026,257,0.8166666666666667,0.8333333333333333,0.7333333333333334,0.3666666666666667,0.7,0.6609118938446045,0.0015392780303955078
0.5,27.8256,0.7,10,0.6666666666666667,0.10540925533894598,356,0.7333333333333334,0.8333333333333333,0.6333333333333333,0.5333333333333333,0.6,0.6670187950134278,0.0015645027160644531
0.5,27.8256,0.7,20,0.6833333333333333,0.06236095644623234,301,0.75,0.7333333333333334,0.7166666666666667,0.6166666666666667,0.6000000000000001,0.6816919803619385,0.0016771316528320312
0.5,27.8256,0.7,50,0.7066666666666667,0.07039570693980961,173,0.75,0.7333333333333334,0.6333333333333333,0.6166666666666667,0.8,0.681464672088623,0.0016194820404052735
0.5,27.8256,0.9,5,0.5933333333333334,0.14476033833738974,510,0.8166666666666667,0.55,0.6333333333333333,0.3666666666666667,0.6000000000000001,0.7596934795379638,0.0016170024871826171
0.5,27.8256,0.9,10,0.7033333333333334,0.1462114146630754,190,0.9166666666666667,0.8333333333333333,0.6333333333333333,0.5333333333333333,0.6,0.760783576965332,0.001604175567626953
0.5,27.8256,0.9,20,0.7033333333333334,0.04642796092394706,190,0.75,0.7333333333333334,0.7166666666666667,0.6166666666666667,0.7,0.7593655109405517,0.0016057968139648437
0.5,27.8256,0.9,50,0.7066666666666667,0.07039570693980961,173,0.75,0.7333333333333334,0.6333333333333333,0.6166666666666667,0.8,0.7601250171661377,0.0016269683837890625
0.5,100.0,0.1,5,0.6499999999999999,0.10645812948447539,438,0.6333333333333333,0.8333333333333333,0.6333333333333333,0.65,0.5,0.36337976455688475,0.001680135726928711
0.5,100.0,0.1,10,0.6500000000000001,0.12909944487358055,407,0.7333333333333334,0.8333333333333333,0.6333333333333333,0.45,0.6000000000000001,0.36303110122680665,0.0015974044799804688
0.5,100.0,0.1,20,0.6833333333333333,0.10903618155864082,301,0.65,0.8333333333333333,0.7166666666666667,0.7166666666666667,0.5,0.36295285224914553,0.0016158103942871093
0.5,100.0,0.1,50,0.7033333333333334,0.0819213715162967,190,0.7333333333333334,0.8333333333333333,0.6333333333333333,0.7166666666666667,0.6,0.3634472846984863,0.0016060352325439453
0.5,100.0,0.3,5,0.6499999999999999,0.10645812948447539,438,0.6333333333333333,0.8333333333333333,0.6333333333333333,0.65,0.5,0.36715898513793943,0.0015877723693847657
0.5,100.0,0.3,10,0.6500000000000001,0.12909944487358055,407,0.7333333333333334,0.8333333333333333,0.6333333333333333,0.45,0.6000000000000001,0.36700878143310545,0.0015940666198730469
0.5,100.0,0.3,20,0.7033333333333334,0.07845734863959875,190,0.65,0.8333333333333333,0.7166666666666667,0.7166666666666667,0.6000000000000001,0.3667341709136963,0.0016168594360351563
0.5,100.0,0.3,50,0.7033333333333334,0.0819213715162967,190,0.7333333333333334,0.8333333333333333,0.6333333333333333,0.7166666666666667,0.6,0.36722683906555176,0.0016090869903564453
0.5,100.0,0.5,5,0.6499999999999999,0.10645812948447539,438,0.6333333333333333,0.8333333333333333,0.6333333333333333,0.65,0.5,0.3990988254547119,0.0015991687774658202
0.5,100.0,0.5,10,0.67,0.12797569213634977,332,0.65,0.9166666666666667,0.6333333333333333,0.55,0.6000000000000001,0.3986513614654541,0.001692485809326172
0.5,100.0,0.5,20,0.7033333333333334,0.07845734863959875,190,0.65,0.8333333333333333,0.7166666666666667,0.7166666666666667,0.6000000000000001,0.3909026622772217,0.001567983627319336
0.5,100.0,0.5,50,0.7233333333333334,0.0646357314322177,95,0.7333333333333334,0.8333333333333333,0.6333333333333333,0.7166666666666667,0.7,0.3891247272491455,0.0015645027160644531
0.5,100.0,0.7,5,0.6499999999999999,0.10645812948447539,438,0.6333333333333333,0.8333333333333333,0.6333333333333333,0.65,0.5,0.43722968101501464,0.0016161441802978516
0.5,100.0,0.7,10,0.67,0.12797569213634977,332,0.65,0.9166666666666667,0.6333333333333333,0.55,0.6000000000000001,0.4437403678894043,0.0016075611114501954
0.5,100.0,0.7,20,0.7033333333333334,0.07845734863959875,190,0.65,0.8333333333333333,0.7166666666666667,0.7166666666666667,0.6000000000000001,0.44360880851745604,0.0016126632690429688
0.5,100.0,0.7,50,0.7233333333333334,0.0646357314322177,95,0.7333333333333334,0.8333333333333333,0.6333333333333333,0.7166666666666667,0.7,0.44530658721923827,0.0016095638275146484
0.5,100.0,0.9,5,0.67,0.11075498483890764,332,0.6333333333333333,0.8333333333333333,0.7333333333333334,0.65,0.5,0.5051770687103272,0.0016083240509033204
0.5,100.0,0.9,10,0.6533333333333334,0.09626352718795762,403,0.65,0.8333333333333333,0.6333333333333333,0.55,0.6000000000000001,0.5053146362304688,0.001626729965209961
0.5,100.0,0.9,20,0.7433333333333334,0.06548960901462832,22,0.65,0.8333333333333333,0.7166666666666667,0.7166666666666667,0.8,0.5054978847503662,0.0016216754913330079
0.5,100.0,0.9,50,0.7233333333333334,0.05333333333333336,95,0.7333333333333334,0.7333333333333334,0.6333333333333333,0.7166666666666667,0.8,0.5051794528961182,0.0016327381134033203
