param_clf__shrink_threshold,param_selector__C,param_selector__l1_ratio,param_selector__top_k,mean_test_score,std_test_score,rank_test_score,split0_test_score,split1_test_score,split2_test_score,split3_test_score,split4_test_score,mean_fit_time,mean_score_time
,0.001,0.1,5,0.5133333333333334,0.04521553322083511,545,0.5,0.4666666666666667,0.5,0.5,0.6,0.0032917022705078124,0.001410531997680664
,0.001,0.1,10,0.4800000000000001,0.07774602526460402,689,0.5,0.3666666666666667,0.5,0.43333333333333335,0.6000000000000001,0.0031636238098144533,0.0013799190521240235
,0.001,0.1,20,0.4533333333333333,0.05517648452415616,737,0.48333333333333334,0.3833333333333333,0.4666666666666667,0.5333333333333333,0.4,0.0032783985137939454,0.0013658523559570313
,0.001,0.1,50,0.5,0.09189365834726816,561,0.3833333333333333,0.55,0.55,0.6166666666666667,0.4,0.0031878471374511717,0.0013710975646972657
,0.001,0.3,5,0.5133333333333334,0.04521553322083511,545,0.5,0.4666666666666667,0.5,0.5,0.6,0.003219938278198242,0.0013878345489501953
,0.001,0.3,10,0.4800000000000001,0.07774602526460402,689,0.5,0.3666666666666667,0.5,0.43333333333333335,0.6000000000000001,0.003191423416137695,0.0013785839080810546
,0.001,0.3,20,0.4533333333333333,0.05517648452415616,737,0.48333333333333334,0.3833333333333333,0.4666666666666667,0.5333333333333333,0.4,0.0031518936157226562,0.0013830184936523438
,0.001,0.3,50,0.5,0.09189365834726816,561,0.3833333333333333,0.55,0.55,0.6166666666666667,0.4,0.003186321258544922,0.0013694286346435547
,0.001,0.5,5,0.5133333333333334,0.04521553322083511,545,0.5,0.4666666666666667,0.5,0.5,0.6,0.003292560577392578,0.0013856887817382812
,0.001,0.5,10,0.4800000000000001,0.07774602526460402,689,0.5,0.3666666666666667,0.5,0.43333333333333335,0.6000000000000001,0.0031594753265380858,0.0013763427734375
,0.001,0.5,20,0.4533333333333333,0.05517648452415616,737,0.48333333333333334,0.3833333333333333,0.4666666666666667,0.5333333333333333,0.4,0.003181266784667969,0.0013819694519042968
,0.001,0.5,50,0.5,0.09189365834726816,561,0.3833333333333333,0.55,0.55,0.6166666666666667,0.4,0.003193235397338867,0.0013743400573730468
,0.001,0.7,5,0.5133333333333334,0.04521553322083511,545,0.5,0.4666666666666667,0.5,0.5,0.6,0.003226613998413086,0.001446676254272461
,0.001,0.7,10,0.4800000000000001,0.07774602526460402,689,0.5,0.3666666666666667,0.5,0.43333333333333335,0.6000000000000001,0.0031772136688232424,0.0013760089874267577
,0.001,0.7,20,0.4533333333333333,0.05517648452415616,737,0.48333333333333334,0.3833333333333333,0.4666666666666667,0.5333333333333333,0.4,0.0031881332397460938,0.0013798236846923827
,0.001,0.7,50,0.5,0.09189365834726816,561,0.3833333333333333,0.55,0.55,0.6166666666666667,0.4,0.003229045867919922,0.0013967514038085937
,0.001,0.9,5,0.5133333333333334,0.04521553322083511,545,0.5,0.4666666666666667,0.5,0.5,0.6,0.0032797813415527343,0.0014018535614013672
,0.001,0.9,10,0.4800000000000001,0.07774602526460402,689,0.5,0.3666666666666667,0.5,0.43333333333333335,0.6000000000000001,0.0031597137451171873,0.001388216018676758
,0.001,0.9,20,0.4533333333333333,0.05517648452415616,737,0.48333333333333334,0.3833333333333333,0.4666666666666667,0.5333333333333333,0.4,0.003208780288696289,0.0013765811920166016
,0.001,0.9,50,0.5,0.09189365834726816,561,0.3833333333333333,0.55,0.55,0.6166666666666667,0.4,0.0032148838043212892,0.0013938426971435546
,0.00359381,0.1,5,0.5133333333333334,0.04521553322083511,545,0.5,0.4666666666666667,0.5,0.5,0.6,0.0037750244140625,0.0013934612274169923
,0.00359381,0.1,10,0.4800000000000001,0.07774602526460402,689,0.5,0.3666666666666667,0.5,0.43333333333333335,0.6000000000000001,0.0036774635314941405,0.0013622283935546876
,0.00359381,0.1,20,0.4533333333333333,0.05517648452415616,737,0.48333333333333334,0.3833333333333333,0.4666666666666667,0.5333333333333333,0.4,0.0037155628204345705,0.001385641098022461
,0.00359381,0.1,50,0.5,0.09189365834726816,561,0.3833333333333333,0.55,0.55,0.6166666666666667,0.4,0.003780698776245117,0.001386880874633789
,0.00359381,0.3,5,0.5133333333333334,0.04521553322083511,545,0.5,0.4666666666666667,0.5,0.5,0.6,0.0031754016876220704,0.0013833999633789062
,0.00359381,0.3,10,0.4800000000000001,0.07774602526460402,689,0.5,0.3666666666666667,0.5,0.43333333333333335,0.6000000000000001,0.003211784362792969,0.001381683349609375
,0.00359381,0.3,20,0.4533333333333333,0.05517648452415616,737,0.48333333333333334,0.3833333333333333,0.4666666666666667,0.5333333333333333,0.4,0.0031805992126464843,0.0013766288757324219
,0.00359381,0.3,50,0.5,0.09189365834726816,561,0.3833333333333333,0.55,0.55,0.6166666666666667,0.4,0.0032709598541259765,0.001382732391357422
,0.00359381,0.5,5,0.5133333333333334,0.04521553322083511,545,0.5,0.4666666666666667,0.5,0.5,0.6,0.0031829833984375,0.0013947486877441406
,0.00359381,0.5,10,0.4800000000000001,0.07774602526460402,689,0.5,0.3666666666666667,0.5,0.43333333333333335,0.6000000000000001,0.003188037872314453,0.001369810104370117
,0.00359381,0.5,20,0.4533333333333333,0.05517648452415616,737,0.48333333333333334,0.3833333333333333,0.4666666666666667,0.5333333333333333,0.4,0.003178977966308594,0.001374197006225586
,0.00359381,0.5,50,0.5,0.09189365834726816,561,0.3833333333333333,0.55,0.55,0.6166666666666667,0.4,0.0032800674438476563,0.0013759136199951172
,0.00359381,0.7,5,0.5133333333333334,0.04521553322083511,545,0.5,0.4666666666666667,0.5,0.5,0.6,0.003178119659423828,0.0013724803924560548
,0.00359381,0.7,10,0.4800000000000001,0.07774602526460402,689,0.5,0.3666666666666667,0.5,0.43333333333333335,0.6000000000000001,0.0031967639923095705,0.001384878158569336
,0.00359381,0.7,20,0.4533333333333333,0.05517648452415616,737,0.48333333333333334,0.3833333333333333,0.4666666666666667,0.5333333333333333,0.4,0.003189563751220703,0.0013744831085205078
,0.00359381,0.7,50,0.5,0.09189365834726816,561,0.3833333333333333,0.55,0.55,0.6166666666666667,0.4,0.0032613277435302734,0.0014066219329833985
,0.00359381,0.9,5,0.5133333333333334,0.04521553322083511,545,0.5,0.4666666666666667,0.5,0.5,0.6,0.003192901611328125,0.0013879299163818359
,0.00359381,0.9,10,0.4800000000000001,0.07774602526460402,689,0.5,0.3666666666666667,0.5,0.43333333333333335,0.6000000000000001,0.003210163116455078,0.001381683349609375
,0.00359381,0.9,20,0.4533333333333333,0.05517648452415616,737,0.48333333333333334,0.3833333333333333,0.4666666666666667,0.5333333333333333,0.4,0.0031789302825927734,0.001378345489501953
,0.00359381,0.9,50,0.5,0.09189365834726816,561,0.3833333333333333,0.55,0.55,0.6166666666666667,0.4,0.003286409378051758,0.0014171123504638672
,0.0129155,0.1,5,0.75,0.08755950357709136,297,0.6666666666666666,0.9166666666666667,0.7166666666666667,0.75,0.7,0.012142133712768555,0.0013901233673095704
,0.0129155,0.1,10,0.8333333333333334,0.07226494462892934,13,0.7333333333333334,0.9166666666666667,0.8,0.9166666666666667,0.8,0.012273263931274415,0.0014047622680664062
,0.0129155,0.1,20,0.8300000000000001,0.12400716825158851,20,0.6333333333333333,0.9166666666666667,0.8,1.0,0.8,0.012230873107910156,0.0013970375061035157
,0.0129155,0.1,50,0.85,0.07149203529842404,6,0.7333333333333334,0.9166666666666667,0.8,0.9,0.9,0.012250041961669922,0.0014023303985595704
,0.0129155,0.3,5,0.5133333333333334,0.04521553322083511,545,0.5,0.4666666666666667,0.5,0.5,0.6,0.0037608623504638674,0.001380777359008789
,0.0129155,0.3,10,0.4800000000000001,0.07774602526460402,689,0.5,0.3666666666666667,0.5,0.43333333333333335,0.6000000000000001,0.0037239551544189452,0.001396036148071289
,0.0129155,0.3,20,0.4533333333333333,0.05517648452415616,737,0.48333333333333334,0.3833333333333333,0.4666666666666667,0.5333333333333333,0.4,0.003670358657836914,0.0013803958892822266
,0.0129155,0.3,50,0.5,0.09189365834726816,561,0.3833333333333333,0.55,0.55,0.6166666666666667,0.4,0.0037129402160644533,0.001391458511352539
,0.0129155,0.5,5,0.5133333333333334,0.04521553322083511,545,0.5,0.4666666666666667,0.5,0.5,0.6,0.003692626953125,0.0013733863830566405
,0.0129155,0.5,10,0.4800000000000001,0.07774602526460402,689,0.5,0.3666666666666667,0.5,0.43333333333333335,0.6000000000000001,0.0036947250366210936,0.0013813972473144531
,0.0129155,0.5,20,0.4533333333333333,0.05517648452415616,737,0.48333333333333334,0.3833333333333333,0.4666666666666667,0.5333333333333333,0.4,0.003650665283203125,0.0013947010040283204
,0.0129155,0.5,50,0.5,0.09189365834726816,561,0.3833333333333333,0.55,0.55,0.6166666666666667,0.4,0.0037964820861816407,0.001392507553100586
,0.0129155,0.7,5,0.5133333333333334,0.04521553322083511,545,0.5,0.4666666666666667,0.5,0.5,0.6,0.0036119461059570313,0.0013841152191162109
,0.0129155,0.7,10,0.4800000000000001,0.07774602526460402,689,0.5,0.3666666666666667,0.5,0.43333333333333335,0.6000000000000001,0.0036495208740234377,0.0013837814331054688
,0.0129155,0.7,20,0.4533333333333333,0.05517648452415616,737,0.48333333333333334,0.3833333333333333,0.4666666666666667,0.5333333333333333,0.4,0.003613185882568359,0.0013821125030517578
,0.0129155,0.7,50,0.5,0.09189365834726816,561,0.3833333333333333,0.55,0.55,0.6166666666666667,0.4,0.0036983489990234375,0.0013773918151855468
,0.0129155,0.9,5,0.5133333333333334,0.04521553322083511,545,0.5,0.4666666666666667,0.5,0.5,0.6,0.003356266021728516,0.0013809680938720703
,0.0129155,0.9,10,0.4800000000000001,0.07774602526460402,689,0.5,0.3666666666666667,0.5,0.43333333333333335,0.6000000000000001,0.0033845424652099608,0.0013865947723388672
,0.0129155,0.9,20,0.4533333333333333,0.05517648452415616,737,0.48333333333333334,0.3833333333333333,0.4666666666666667,0.5333333333333333,0.4,0.003432035446166992,0.0013936996459960938
,0.0129155,0.9,50,0.5,0.09189365834726816,561,0.3833333333333333,0.55,0.55,0.6166666666666667,0.4,0.0033623218536376954,0.00140380859375
,0.0464159,0.1,5,0.7166666666666667,0.09006170724070865,364,0.6333333333333333,0.8166666666666667,0.7166666666666667,0.8166666666666667,0.6,0.022891902923583986,0.0014545917510986328
,0.0464159,0.1,10,0.7333333333333334,0.11498792207106898,327,0.6333333333333333,0.9166666666666667,0.8,0.7166666666666667,0.6,0.023135995864868163,0.0014757156372070313
,0.0464159,0.1,20,0.7566666666666666,0.10306416555826871,253,0.7333333333333334,0.8333333333333333,0.7166666666666667,0.9,0.6,0.022860145568847655,0.001473236083984375
,0.0464159,0.1,50,0.7733333333333332,0.07118052168020875,229,0.7333333333333334,0.7333333333333334,0.8,0.9,0.7,0.02281532287597656,0.0014472007751464844
,0.0464159,0.3,5,0.7633333333333333,0.12265579661982734,240,0.65,1.0,0.7166666666666667,0.75,0.7,0.023711967468261718,0.00142364501953125
,0.0464159,0.3,10,0.85,0.09545214042184234,6,0.7333333333333334,0.9166666666666667,0.8,1.0,0.8,0.023446178436279295,0.0014298439025878906
,0.0464159,0.3,20,0.8099999999999999,0.10088497300281041,50,0.6333333333333333,0.9166666666666667,0.8,0.9,0.8,0.02342391014099121,0.0014349460601806641
,0.0464159,0.3,50,0.8099999999999999,0.053333333333333316,50,0.7333333333333334,0.8166666666666667,0.8,0.9,0.8,0.02345385551452637,0.0014183521270751953
,0.0464159,0.5,5,0.6666666666666666,0.14023789311975085,452,0.65,0.4666666666666667,0.6166666666666667,0.9,0.7,0.01696147918701172,0.001473236083984375
,0.0464159,0.5,10,0.6866666666666668,0.20286832072937253,396,0.8333333333333333,0.3666666666666667,0.5333333333333333,0.9,0.8,0.01710953712463379,0.001397848129272461
,0.0464159,0.5,20,0.65,0.16158932858054434,485,0.55,0.3833333333333333,0.7166666666666667,0.8,0.8,0.01691889762878418,0.0013968944549560547
,0.0464159,0.5,50,0.74,0.12409673645990857,301,0.65,0.55,0.8,0.9,0.8,0.016975975036621092,0.0014268875122070313
,0.0464159,0.7,5,0.5133333333333334,0.04521553322083511,545,0.5,0.4666666666666667,0.5,0.5,0.6,0.0040852069854736325,0.0013939380645751954
,0.0464159,0.7,10,0.4800000000000001,0.07774602526460402,689,0.5,0.3666666666666667,0.5,0.43333333333333335,0.6000000000000001,0.004116868972778321,0.0013797283172607422
,0.0464159,0.7,20,0.4533333333333333,0.05517648452415616,737,0.48333333333333334,0.3833333333333333,0.4666666666666667,0.5333333333333333,0.4,0.004114675521850586,0.0013766765594482421
,0.0464159,0.7,50,0.5,0.09189365834726816,561,0.3833333333333333,0.55,0.55,0.6166666666666667,0.4,0.00411376953125,0.0013846874237060547
,0.0464159,0.9,5,0.5133333333333334,0.04521553322083511,545,0.5,0.4666666666666667,0.5,0.5,0.6,0.003812551498413086,0.0013766288757324219
,0.0464159,0.9,10,0.4800000000000001,0.07774602526460402,689,0.5,0.3666666666666667,0.5,0.43333333333333335,0.6000000000000001,0.0038352012634277344,0.0013847827911376953
,0.0464159,0.9,20,0.4533333333333333,0.05517648452415616,737,0.48333333333333334,0.3833333333333333,0.4666666666666667,0.5333333333333333,0.4,0.003819131851196289,0.0014760494232177734
,0.0464159,0.9,50,0.5,0.09189365834726816,561,0.3833333333333333,0.55,0.55,0.6166666666666667,0.4,0.0038270950317382812,0.0013924121856689453
,0.16681,0.1,5,0.68,0.07483314773547886,419,0.6333333333333333,0.7333333333333334,0.8,0.6333333333333333,0.6,0.05193085670471191,0.0015303134918212891
,0.16681,0.1,10,0.7533333333333334,0.11897712198383165,284,0.6333333333333333,0.9166666666666667,0.8,0.8166666666666667,0.6000000000000001,0.05217156410217285,0.0015125274658203125
,0.16681,0.1,20,0.8133333333333332,0.10456258094238748,34,0.7333333333333334,0.8333333333333333,0.8,1.0,0.7,0.053099870681762695,0.0015623092651367188
,0.16681,0.1,50,0.7733333333333332,0.11382247385975919,229,0.6333333333333333,0.9166666666666667,0.7166666666666667,0.9,0.7,0.05308346748352051,0.001531219482421875
,0.16681,0.3,5,0.7166666666666667,0.06912147117775908,364,0.7166666666666667,0.7333333333333334,0.7166666666666667,0.8166666666666667,0.6,0.060157394409179686,0.0015183448791503905
,0.16681,0.3,10,0.7333333333333334,0.16733200530681513,327,0.6333333333333333,0.7333333333333334,0.8,1.0,0.5,0.05977463722229004,0.0015526771545410155
,0.16681,0.3,20,0.7933333333333333,0.07118052168020873,99,0.7333333333333334,0.8333333333333333,0.8,0.9,0.7,0.058862733840942386,0.0015275955200195312
,0.16681,0.3,50,0.7566666666666666,0.07272474743090476,253,0.7333333333333334,0.7333333333333334,0.7166666666666667,0.9,0.7,0.05895786285400391,0.0015200138092041015
,0.16681,0.5,5,0.7566666666666666,0.05011098792790969,253,0.7333333333333334,0.8166666666666667,0.7166666666666667,0.8166666666666667,0.7,0.06450939178466797,0.0015416622161865234
,0.16681,0.5,10,0.77,0.16138291249213604,234,0.7333333333333334,0.8166666666666667,0.8,1.0,0.5,0.06450061798095703,0.0015465259552001954
,0.16681,0.5,20,0.8066666666666666,0.13727506854649335,65,0.7333333333333334,1.0,0.8,0.9,0.6,0.06444072723388672,0.0015515327453613282
,0.16681,0.5,50,0.8300000000000001,0.035590260840104374,20,0.8166666666666667,0.8166666666666667,0.8166666666666667,0.9,0.8,0.06501731872558594,0.0015564918518066405
,0.16681,0.7,5,0.7566666666666666,0.0969535971483266,253,0.65,0.9166666666666667,0.7,0.8166666666666667,0.7,0.07038087844848633,0.001547098159790039
,0.16681,0.7,10,0.8266666666666665,0.13441230102437302,32,0.8166666666666667,0.9166666666666667,0.8,1.0,0.6,0.0700263500213623,0.0015551090240478516
,0.16681,0.7,20,0.7733333333333333,0.1451436070471816,204,0.6333333333333333,0.8333333333333333,0.8,1.0,0.6000000000000001,0.070625638961792,0.001551675796508789
,0.16681,0.7,50,0.8099999999999999,0.053333333333333316,50,0.8166666666666667,0.7333333333333334,0.8,0.9,0.8,0.07104253768920898,0.0015380382537841797
,0.16681,0.9,5,0.7566666666666666,0.0969535971483266,253,0.65,0.9166666666666667,0.7,0.8166666666666667,0.7,0.07168045043945312,0.0015527725219726563
,0.16681,0.9,10,0.8300000000000001,0.11518101695447333,20,0.8166666666666667,0.9166666666666667,0.7166666666666667,1.0,0.7,0.07039556503295899,0.0015491962432861329
,0.16681,0.9,20,0.7566666666666666,0.09637888196533975,253,0.6333333333333333,0.8333333333333333,0.7166666666666667,0.9,0.7,0.07047472000122071,0.001554107666015625
,0.16681,0.9,50,0.7933333333333333,0.06110100926607785,99,0.7333333333333334,0.7333333333333334,0.8,0.9,0.8,0.07092552185058594,0.0015607833862304687
,0.599484,0.1,5,0.6433333333333333,0.13564659966250536,509,0.6333333333333333,0.7333333333333334,0.8,0.65,0.4,0.122902250289917,0.0015667438507080077
,0.599484,0.1,10,0.7566666666666667,0.12092238098144702,251,0.6333333333333333,0.8333333333333333,0.8,0.9166666666666667,0.6000000000000001,0.12396368980407715,0.001633024215698242
,0.599484,0.1,20,0.7733333333333333,0.1451436070471816,204,0.6333333333333333,0.8333333333333333,0.8,1.0,0.6,0.1239227294921875,0.001571512222290039
,0.599484,0.1,50,0.79,0.11623730516108466,141,0.7333333333333334,0.9166666666666667,0.8,0.9,0.6,0.12467975616455078,0.001575469970703125
,0.599484,0.3,5,0.6799999999999999,0.07483314773547886,428,0.6333333333333333,0.7333333333333334,0.6333333333333333,0.8,0.6,0.13689870834350587,0.001569652557373047
,0.599484,0.3,10,0.7166666666666667,0.08692269873603531,364,0.6333333333333333,0.7333333333333334,0.8,0.8166666666666667,0.6000000000000001,0.1385176181793213,0.0015743732452392577
,0.599484,0.3,20,0.7933333333333333,0.13063945294843618,99,0.7333333333333334,0.8333333333333333,0.8,1.0,0.6,0.1390998363494873,0.0015786647796630859
,0.599484,0.3,50,0.7366666666666667,0.09568466729604884,318,0.7333333333333334,0.7333333333333334,0.7166666666666667,0.9,0.6,0.1392277717590332,0.0015980720520019532
,0.599484,0.5,5,0.68,0.05312459150169745,419,0.7166666666666667,0.7333333333333334,0.6333333333333333,0.7166666666666667,0.6,0.16094460487365722,0.001567840576171875
,0.599484,0.5,10,0.7533333333333333,0.09092121131323906,286,0.6333333333333333,0.7333333333333334,0.8,0.9,0.7,0.15929532051086426,0.0015744209289550782
,0.599484,0.5,20,0.7933333333333333,0.13063945294843618,99,0.7333333333333334,0.8333333333333333,0.8,1.0,0.6,0.15977587699890136,0.0015724658966064452
,0.599484,0.5,50,0.7933333333333333,0.07118052168020873,99,0.7333333333333334,0.8333333333333333,0.8,0.9,0.7,0.1596001625061035,0.0015800952911376952
,0.599484,0.7,5,0.7,0.03496029493900508,389,0.7166666666666667,0.7333333333333334,0.6333333333333333,0.7166666666666667,0.7,0.18052120208740235,0.001697540283203125
,0.599484,0.7,10,0.7166666666666667,0.10434983894999018,364,0.6333333333333333,0.7333333333333334,0.7166666666666667,0.9,0.6000000000000001,0.1802649974822998,0.0015868186950683595
,0.599484,0.7,20,0.8099999999999999,0.13968217893171309,50,0.7333333333333334,0.9166666666666667,0.8,1.0,0.6,0.18021955490112304,0.0016028881072998047
,0.599484,0.7,50,0.78,0.09092121131323905,155,0.8333333333333333,0.7333333333333334,0.6333333333333333,0.9,0.8,0.18037734031677247,0.001599597930908203
,0.599484,0.9,5,0.7166666666666668,0.05374838498865703,361,0.7166666666666667,0.7333333333333334,0.6333333333333333,0.8,0.7,0.2607762813568115,0.0015933513641357422
,0.599484,0.9,10,0.7766666666666667,0.11234866364235144,165,0.7333333333333334,0.7333333333333334,0.7166666666666667,1.0,0.7,0.26058664321899416,0.0015781402587890625
,0.599484,0.9,20,0.7733333333333333,0.13063945294843618,204,0.7333333333333334,0.7333333333333334,0.8,1.0,0.6,0.2613068580627441,0.0015996932983398438
,0.599484,0.9,50,0.7733333333333332,0.07039570693980961,229,0.8166666666666667,0.8166666666666667,0.6333333333333333,0.8,0.8,0.2606368064880371,0.0015909671783447266
,2.15443,0.1,5,0.6266666666666667,0.1470449666674185,532,0.6333333333333333,0.55,0.7166666666666667,0.8333333333333333,0.4,0.24081978797912598,0.0016029834747314452
,2.15443,0.1,10,0.7200000000000001,0.05906681715556451,342,0.6333333333333333,0.7333333333333334,0.7166666666666667,0.8166666666666667,0.7,0.24096159934997557,0.0015961647033691407
,2.15443,0.1,20,0.8099999999999999,0.13968217893171309,50,0.7333333333333334,0.9166666666666667,0.8,1.0,0.6,0.24097204208374023,0.0015097618103027343
,2.15443,0.1,50,0.7733333333333333,0.10198039027185571,204,0.7333333333333334,0.8333333333333333,0.8,0.9,0.6,0.24045381546020508,0.001496267318725586
,2.15443,0.3,5,0.66,0.0952190457139047,467,0.6333333333333333,0.7333333333333334,0.5333333333333333,0.8,0.6,0.2946621894836426,0.0015353679656982422
,2.15443,0.3,10,0.7366666666666666,0.09910712498212335,324,0.6333333333333333,0.8333333333333333,0.8,0.8166666666666667,0.6000000000000001,0.29587788581848146,0.0015883922576904296
,2.15443,0.3,20,0.7733333333333333,0.16248076809271922,204,0.7333333333333334,0.8333333333333333,0.8,1.0,0.5,0.29620819091796874,0.0015859127044677735
,2.15443,0.3,50,0.77,0.10022197585581939,234,0.7333333333333334,0.8166666666666667,0.8,0.9,0.6,0.29623942375183104,0.0016042709350585938
,2.15443,0.5,5,0.6799999999999999,0.09153020145163988,428,0.7166666666666667,0.7333333333333334,0.55,0.8,0.6,0.31988773345947263,0.001600790023803711
,2.15443,0.5,10,0.72,0.090921211313239,347,0.6333333333333333,0.8333333333333333,0.8,0.7333333333333334,0.6000000000000001,0.318117618560791,0.0015895843505859375
,2.15443,0.5,20,0.7533333333333333,0.16,286,0.7333333333333334,0.7333333333333334,0.8,1.0,0.5,0.3185385227203369,0.0015885353088378907
,2.15443,0.5,50,0.7166666666666667,0.1043498389499902,364,0.6333333333333333,0.7333333333333334,0.7166666666666667,0.9,0.6,0.318405818939209,0.0015958786010742188
,2.15443,0.7,5,0.6633333333333333,0.07408703590297623,456,0.7166666666666667,0.7333333333333334,0.55,0.7166666666666667,0.6,0.3499302387237549,0.0015830516815185547
,2.15443,0.7,10,0.72,0.090921211313239,347,0.6333333333333333,0.8333333333333333,0.8,0.7333333333333334,0.6000000000000001,0.3500670433044434,0.0016482353210449218
,2.15443,0.7,20,0.7766666666666666,0.1339983416149452,178,0.8333333333333333,0.7333333333333334,0.7166666666666667,1.0,0.6,0.3513171195983887,0.0015936851501464843
,2.15443,0.7,50,0.8300000000000001,0.11274356350191843,20,0.7333333333333334,0.9166666666666667,0.8,1.0,0.7,0.35518617630004884,0.001596689224243164
,2.15443,0.9,5,0.6833333333333333,0.06749485577105528,405,0.7166666666666667,0.7333333333333334,0.55,0.7166666666666667,0.7,0.439762020111084,0.0015667915344238282
,2.15443,0.9,10,0.72,0.11661903789690602,347,0.7333333333333334,0.8333333333333333,0.8,0.7333333333333334,0.5,0.43370041847229,0.0015804767608642578
,2.15443,0.9,20,0.7933333333333333,0.13274871834493251,99,0.8333333333333333,0.8166666666666667,0.7166666666666667,1.0,0.6,0.42832608222961427,0.0015876293182373047
,2.15443,0.9,50,0.8333333333333334,0.09249624617007739,13,0.8333333333333333,0.8166666666666667,0.7166666666666667,1.0,0.8,0.42981295585632323,0.0015799999237060547
,7.74264,0.1,5,0.6333333333333334,0.11401754250991376,527,0.65,0.55,0.6333333333333333,0.8333333333333333,0.5,0.321361780166626,0.0015717029571533203
,7.74264,0.1,10,0.6433333333333333,0.0866666666666667,509,0.6333333333333333,0.7333333333333334,0.6166666666666667,0.7333333333333334,0.5,0.32432851791381834,0.0015829086303710937
,7.74264,0.1,20,0.7966666666666666,0.07630348761506399,71,0.7333333333333334,0.9166666666666667,0.8,0.8333333333333333,0.7,0.3226922035217285,0.001585531234741211
,7.74264,0.1,50,0.7933333333333333,0.07118052168020873,99,0.7333333333333334,0.8333333333333333,0.8,0.9,0.7,0.32517123222351074,0.001581430435180664
,7.74264,0.3,5,0.6466666666666666,0.143913554299486,503,0.6333333333333333,0.7333333333333334,0.6333333333333333,0.8333333333333333,0.4,0.48088865280151366,0.00159454345703125
,7.74264,0.3,10,0.6266666666666667,0.06463573143221774,532,0.6333333333333333,0.6333333333333333,0.5333333333333333,0.7333333333333334,0.6,0.4818534851074219,0.0015805721282958984
,7.74264,0.3,20,0.7933333333333333,0.14476033833738977,99,0.7333333333333334,0.9166666666666667,0.7166666666666667,1.0,0.6,0.4799461364746094,0.001584005355834961
,7.74264,0.3,50,0.77,0.10022197585581939,234,0.7333333333333334,0.8166666666666667,0.8,0.9,0.6,0.4849075794219971,0.0015443325042724609
,7.74264,0.5,5,0.7033333333333334,0.0819213715162967,383,0.6333333333333333,0.7333333333333334,0.7166666666666667,0.8333333333333333,0.6,0.551099157333374,0.0016668319702148437
,7.74264,0.5,10,0.74,0.11430952132988162,301,0.6333333333333333,0.8333333333333333,0.9,0.7333333333333334,0.6000000000000001,0.5498766422271728,0.0015580177307128907
,7.74264,0.5,20,0.7200000000000001,0.13224556283251584,342,0.7333333333333334,0.7333333333333334,0.7166666666666667,0.9166666666666667,0.5,0.5522419929504394,0.0015659809112548828
,7.74264,0.5,50,0.7366666666666667,0.10666666666666669,318,0.7333333333333334,0.65,0.8,0.9,0.6,0.5478527545928955,0.0015896797180175782
,7.74264,0.7,5,0.6433333333333333,0.07423685817106698,509,0.6333333333333333,0.7333333333333334,0.5333333333333333,0.7166666666666667,0.6,0.5917798042297363,0.0016088485717773438
,7.74264,0.7,10,0.6866666666666666,0.0858939915115008,397,0.6333333333333333,0.8333333333333333,0.6333333333333333,0.7333333333333334,0.6000000000000001,0.5912397861480713,0.0016696453094482422
,7.74264,0.7,20,0.7533333333333333,0.16,286,0.7333333333333334,0.7333333333333334,0.8,1.0,0.5,0.595617151260376,0.0015940666198730469
,7.74264,0.7,50,0.7766666666666666,0.0771722460186015,178,0.7333333333333334,0.8333333333333333,0.7166666666666667,0.9,0.7,0.5967223644256592,0.0015872955322265626
,7.74264,0.9,5,0.6100000000000001,0.09165151389911681,542,0.6333333333333333,0.7333333333333334,0.45,0.6333333333333333,0.6,0.6667347908020019,0.001588916778564453
,7.74264,0.9,10,0.6866666666666666,0.0858939915115008,397,0.6333333333333333,0.8333333333333333,0.6333333333333333,0.7333333333333334,0.6000000000000001,0.6662966251373291,0.0015877723693847657
,7.74264,0.9,20,0.7733333333333333,0.13063945294843618,204,0.7333333333333334,0.7333333333333334,0.8,1.0,0.6,0.6696649551391601,0.0015831470489501953
,7.74264,0.9,50,0.7766666666666666,0.12892719737209143,178,0.6333333333333333,0.8333333333333333,0.7166666666666667,1.0,0.7,0.6732453346252442,0.0015888214111328125
,27.8256,0.1,5,0.65,0.12110601416389964,485,0.7333333333333334,0.55,0.6333333333333333,0.8333333333333333,0.5,0.3315097808837891,0.0015874862670898437
,27.8256,0.1,10,0.6766666666666666,0.1339983416149452,434,0.6333333333333333,0.9,0.6166666666666667,0.7333333333333334,0.5,0.33501667976379396,0.0016005516052246093
,27.8256,0.1,20,0.7966666666666666,0.07630348761506399,71,0.7333333333333334,0.9166666666666667,0.8,0.8333333333333333,0.7,0.33134775161743163,0.001590871810913086
,27.8256,0.1,50,0.7933333333333333,0.07118052168020873,99,0.7333333333333334,0.8333333333333333,0.8,0.9,0.7,0.33613338470458987,0.0015884876251220704
,27.8256,0.3,5,0.6333333333333334,0.11401754250991376,527,0.65,0.55,0.6333333333333333,0.8333333333333333,0.5,0.48339595794677737,0.0015743732452392577
,27.8256,0.3,10,0.6266666666666667,0.097524925588852,532,0.6333333333333333,0.7333333333333334,0.5333333333333333,0.7333333333333334,0.5,0.48652148246765137,0.0015838146209716797
,27.8256,0.3,20,0.7966666666666666,0.07630348761506399,71,0.7333333333333334,0.9166666666666667,0.8,0.8333333333333333,0.7,0.4811140537261963,0.0015913963317871094
,27.8256,0.3,50,0.7933333333333333,0.07118052168020873,99,0.7333333333333334,0.8333333333333333,0.8,0.9,0.7,0.48245086669921877,0.001587820053100586
,27.8256,0.5,5,0.65,0.09660917830792955,485,0.6333333333333333,0.55,0.6333333333333333,0.8333333333333333,0.6000000000000001,0.6168457508087158,0.0015796661376953126
,27.8256,0.5,10,0.6266666666666667,0.097524925588852,532,0.6333333333333333,0.7333333333333334,0.5333333333333333,0.7333333333333334,0.5,0.6117602348327636,0.0015444278717041016
,27.8256,0.5,20,0.7933333333333333,0.14476033833738977,99,0.7333333333333334,0.9166666666666667,0.7166666666666667,1.0,0.6,0.6074575424194336,0.0015525341033935547
,27.8256,0.5,50,0.7866666666666667,0.11274356350191843,153,0.7333333333333334,0.9,0.8,0.9,0.6,0.6107344150543212,0.0016989707946777344
,27.8256,0.7,5,0.6466666666666666,0.143913554299486,503,0.6333333333333333,0.7333333333333334,0.6333333333333333,0.8333333333333333,0.4,0.6749090194702149,0.0015906333923339845
,27.8256,0.7,10,0.6266666666666667,0.06463573143221774,532,0.6333333333333333,0.6333333333333333,0.5333333333333333,0.7333333333333334,0.6,0.6865480422973633,0.0015835285186767579
,27.8256,0.7,20,0.7766666666666666,0.15691469727919763,178,0.7333333333333334,0.9166666666666667,0.6333333333333333,1.0,0.6,0.6810183525085449,0.0015973567962646485
,27.8256,0.7,50,0.79,0.11623730516108466,141,0.7333333333333334,0.9166666666666667,0.8,0.9,0.6,0.6795872688293457,0.00160064697265625
,27.8256,0.9,5,0.6866666666666666,0.08589399151150083,397,0.6333333333333333,0.7333333333333334,0.6333333333333333,0.8333333333333333,0.6,0.7916489601135254,0.001592254638671875
,27.8256,0.9,10,0.74,0.11430952132988165,301,0.6333333333333333,0.8333333333333333,0.9,0.7333333333333334,0.6,0.7874596595764161,0.0015831947326660155
,27.8256,0.9,20,0.7566666666666666,0.16316317667360555,253,0.7333333333333334,0.8333333333333333,0.7166666666666667,1.0,0.5,0.7886122226715088,0.0015798568725585937
,27.8256,0.9,50,0.77,0.10022197585581939,234,0.7333333333333334,0.8166666666666667,0.8,0.9,0.6,0.7891616821289062,0.001586580276489258
,100.0,0.1,5,0.65,0.12110601416389964,485,0.7333333333333334,0.55,0.6333333333333333,0.8333333333333333,0.5,0.38116064071655276,0.001590728759765625
,100.0,0.1,10,0.6599999999999999,0.14514360704718163,471,0.6333333333333333,0.9,0.5333333333333333,0.7333333333333334,0.5,0.3797128677368164,0.0015926837921142578
,100.0,0.1,20,0.7766666666666667,0.0997775303139718,165,0.6333333333333333,0.9166666666666667,0.8,0.8333333333333333,0.7,0.37975406646728516,0.0016017436981201171
,100.0,0.1,50,0.7933333333333333,0.07118052168020873,99,0.7333333333333334,0.8333333333333333,0.8,0.9,0.7,0.38193502426147463,0.001582193374633789
,100.0,0.3,5,0.65,0.12110601416389964,485,0.7333333333333334,0.55,0.6333333333333333,0.8333333333333333,0.5,0.3905811786651611,0.0015075206756591797
,100.0,0.3,10,0.6599999999999999,0.14514360704718163,471,0.6333333333333333,0.9,0.5333333333333333,0.7333333333333334,0.5,0.39073705673217773,0.001532125473022461
,100.0,0.3,20,0.7766666666666667,0.0997775303139718,165,0.6333333333333333,0.9166666666666667,0.8,0.8333333333333333,0.7,0.39088997840881345,0.001545858383178711
,100.0,0.3,50,0.7933333333333333,0.07118052168020873,99,0.7333333333333334,0.8333333333333333,0.8,0.9,0.7,0.3907765865325928,0.0015760898590087891
,100.0,0.5,5,0.65,0.12110601416389964,485,0.7333333333333334,0.55,0.6333333333333333,0.8333333333333333,0.5,0.4237985610961914,0.0015717506408691405
,100.0,0.5,10,0.6433333333333333,0.16248076809271922,509,0.6333333333333333,0.9,0.45,0.7333333333333334,0.5,0.4234534740447998,0.0015868186950683595
,100.0,0.5,20,0.7766666666666667,0.0997775303139718,165,0.6333333333333333,0.9166666666666667,0.8,0.8333333333333333,0.7,0.4224158763885498,0.0015876293182373047
,100.0,0.5,50,0.7733333333333333,0.10198039027185571,204,0.7333333333333334,0.8333333333333333,0.8,0.9,0.6,0.42258777618408205,0.0015813827514648438
,100.0,0.7,5,0.65,0.12110601416389964,485,0.7333333333333334,0.55,0.6333333333333333,0.8333333333333333,0.5,0.4654914379119873,0.001588726043701172
,100.0,0.7,10,0.6433333333333333,0.0866666666666667,509,0.6333333333333333,0.7333333333333334,0.6166666666666667,0.7333333333333334,0.5,0.4666508674621582,0.0017180442810058594
,100.0,0.7,20,0.7966666666666666,0.07630348761506399,71,0.7333333333333334,0.9166666666666667,0.8,0.8333333333333333,0.7,0.46553287506103513,0.001582956314086914
,100.0,0.7,50,0.7733333333333333,0.10198039027185571,204,0.7333333333333334,0.8333333333333333,0.8,0.9,0.6,0.46489930152893066,0.00157928466796875
,100.0,0.9,5,0.6333333333333334,0.11401754250991376,527,0.65,0.55,0.6333333333333333,0.8333333333333333,0.5,0.5405305385589599,0.0015956401824951173
,100.0,0.9,10,0.6433333333333333,0.0866666666666667,509,0.6333333333333333,0.7333333333333334,0.6166666666666667,0.7333333333333334,0.5,0.5415639877319336,0.0015848636627197265
,100.0,0.9,20,0.7966666666666666,0.07630348761506399,71,0.7333333333333334,0.9166666666666667,0.8,0.8333333333333333,0.7,0.5494361400604248,0.0016115188598632812
,100.0,0.9,50,0.7933333333333333,0.07118052168020873,99,0.7333333333333334,0.8333333333333333,0.8,0.9,0.7,0.5431862831115722,0.0015953540802001952
0.1,0.001,0.1,5,0.5,0.0,561,0.5,0.5,0.5,0.5,0.5,0.0032734394073486326,0.0013850212097167968
0.1,0.001,0.1,10,0.4333333333333334,0.13824294235551815,769,0.5,0.3666666666666667,0.5,0.2,0.6000000000000001,0.0032256126403808595,0.0013757705688476562
0.1,0.001,0.1,20,0.42333333333333334,0.09285592184789412,785,0.48333333333333334,0.3,0.5666666666666667,0.3666666666666667,0.4,0.003263521194458008,0.0014690876007080079
0.1,0.001,0.1,50,0.4833333333333333,0.07527726527090813,673,0.3833333333333333,0.55,0.55,0.5333333333333333,0.4,0.003217267990112305,0.0013916969299316406
0.1,0.001,0.3,5,0.5,0.0,561,0.5,0.5,0.5,0.5,0.5,0.0032102108001708985,0.0013946533203125
0.1,0.001,0.3,10,0.4333333333333334,0.13824294235551815,769,0.5,0.3666666666666667,0.5,0.2,0.6000000000000001,0.003209543228149414,0.0013916969299316406
0.1,0.001,0.3,20,0.42333333333333334,0.09285592184789412,785,0.48333333333333334,0.3,0.5666666666666667,0.3666666666666667,0.4,0.003333282470703125,0.0013916492462158203
0.1,0.001,0.3,50,0.4833333333333333,0.07527726527090813,673,0.3833333333333333,0.55,0.55,0.5333333333333333,0.4,0.0031918048858642577,0.0013874530792236327
0.1,0.001,0.5,5,0.5,0.0,561,0.5,0.5,0.5,0.5,0.5,0.0031919479370117188,0.0013922691345214845
0.1,0.001,0.5,10,0.4333333333333334,0.13824294235551815,769,0.5,0.3666666666666667,0.5,0.2,0.6000000000000001,0.003180408477783203,0.0013871192932128906
0.1,0.001,0.5,20,0.42333333333333334,0.09285592184789412,785,0.48333333333333334,0.3,0.5666666666666667,0.3666666666666667,0.4,0.003254079818725586,0.0014678955078125
0.1,0.001,0.5,50,0.4833333333333333,0.07527726527090813,673,0.3833333333333333,0.55,0.55,0.5333333333333333,0.4,0.003217315673828125,0.0013866424560546875
0.1,0.001,0.7,5,0.5,0.0,561,0.5,0.5,0.5,0.5,0.5,0.0031976699829101562,0.0013916015625
0.1,0.001,0.7,10,0.4333333333333334,0.13824294235551815,769,0.5,0.3666666666666667,0.5,0.2,0.6000000000000001,0.0032053470611572267,0.0013886451721191405
0.1,0.001,0.7,20,0.42333333333333334,0.09285592184789412,785,0.48333333333333334,0.3,0.5666666666666667,0.3666666666666667,0.4,0.0033140659332275392,0.0013889789581298829
0.1,0.001,0.7,50,0.4833333333333333,0.07527726527090813,673,0.3833333333333333,0.55,0.55,0.5333333333333333,0.4,0.0032088756561279297,0.001387786865234375
0.1,0.001,0.9,5,0.5,0.0,561,0.5,0.5,0.5,0.5,0.5,0.0032077789306640624,0.0013720989227294922
0.1,0.001,0.9,10,0.4333333333333334,0.13824294235551815,769,0.5,0.3666666666666667,0.5,0.2,0.6000000000000001,0.003214406967163086,0.0014619827270507812
0.1,0.001,0.9,20,0.42333333333333334,0.09285592184789412,785,0.48333333333333334,0.3,0.5666666666666667,0.3666666666666667,0.4,0.003244972229003906,0.0013890743255615234
0.1,0.001,0.9,50,0.4833333333333333,0.07527726527090813,673,0.3833333333333333,0.55,0.55,0.5333333333333333,0.4,0.003199911117553711,0.001389789581298828
0.1,0.00359381,0.1,5,0.5,0.0,561,0.5,0.5,0.5,0.5,0.5,0.003695106506347656,0.001388216018676758
0.1,0.00359381,0.1,10,0.4333333333333334,0.13824294235551815,769,0.5,0.3666666666666667,0.5,0.2,0.6000000000000001,0.0037684917449951174,0.0013921260833740234
0.1,0.00359381,0.1,20,0.42333333333333334,0.09285592184789412,785,0.48333333333333334,0.3,0.5666666666666667,0.3666666666666667,0.4,0.003763580322265625,0.0013826847076416015
0.1,0.00359381,0.1,50,0.4833333333333333,0.07527726527090813,673,0.3833333333333333,0.55,0.55,0.5333333333333333,0.4,0.003744649887084961,0.0014035701751708984
0.1,0.00359381,0.3,5,0.5,0.0,561,0.5,0.5,0.5,0.5,0.5,0.0032030582427978516,0.0013671875
0.1,0.00359381,0.3,10,0.4333333333333334,0.13824294235551815,769,0.5,0.3666666666666667,0.5,0.2,0.6000000000000001,0.0031978607177734373,0.0014615535736083984
0.1,0.00359381,0.3,20,0.42333333333333334,0.09285592184789412,785,0.48333333333333334,0.3,0.5666666666666667,0.3666666666666667,0.4,0.0032619953155517576,0.0013946056365966796
0.1,0.00359381,0.3,50,0.4833333333333333,0.07527726527090813,673,0.3833333333333333,0.55,0.55,0.5333333333333333,0.4,0.003237295150756836,0.0013944149017333985
0.1,0.00359381,0.5,5,0.5,0.0,561,0.5,0.5,0.5,0.5,0.5,0.0032027244567871095,0.0013797760009765625
0.1,0.00359381,0.5,10,0.4333333333333334,0.13824294235551815,769,0.5,0.3666666666666667,0.5,0.2,0.6000000000000001,0.0032598018646240235,0.0013851642608642579
0.1,0.00359381,0.5,20,0.42333333333333334,0.09285592184789412,785,0.48333333333333334,0.3,0.5666666666666667,0.3666666666666667,0.4,0.0032608509063720703,0.0013792991638183593
0.1,0.00359381,0.5,50,0.4833333333333333,0.07527726527090813,673,0.3833333333333333,0.55,0.55,0.5333333333333333,0.4,0.0032384395599365234,0.001387310028076172
0.1,0.00359381,0.7,5,0.5,0.0,561,0.5,0.5,0.5,0.5,0.5,0.0032048702239990236,0.001371622085571289
0.1,0.00359381,0.7,10,0.4333333333333334,0.13824294235551815,769,0.5,0.3666666666666667,0.5,0.2,0.6000000000000001,0.003217935562133789,0.0014627456665039062
0.1,0.00359381,0.7,20,0.42333333333333334,0.09285592184789412,785,0.48333333333333334,0.3,0.5666666666666667,0.3666666666666667,0.4,0.003253602981567383,0.0013765811920166016
0.1,0.00359381,0.7,50,0.4833333333333333,0.07527726527090813,673,0.3833333333333333,0.55,0.55,0.5333333333333333,0.4,0.0032329559326171875,0.0013958930969238282
0.1,0.00359381,0.9,5,0.5,0.0,561,0.5,0.5,0.5,0.5,0.5,0.003193092346191406,0.0013895034790039062
0.1,0.00359381,0.9,10,0.4333333333333334,0.13824294235551815,769,0.5,0.3666666666666667,0.5,0.2,0.6000000000000001,0.003275156021118164,0.0013823986053466796
0.1,0.00359381,0.9,20,0.42333333333333334,0.09285592184789412,785,0.48333333333333334,0.3,0.5666666666666667,0.3666666666666667,0.4,0.0032396316528320312,0.0013910770416259766
0.1,0.00359381,0.9,50,0.4833333333333333,0.07527726527090813,673,0.3833333333333333,0.55,0.55,0.5333333333333333,0.4,0.0032149314880371093,0.001381254196166992
0.1,0.0129155,0.1,5,0.75,0.08755950357709136,297,0.6666666666666666,0.9166666666666667,0.7166666666666667,0.75,0.7,0.012240934371948241,0.0013873577117919922
0.1,0.0129155,0.1,10,0.8333333333333334,0.07226494462892934,13,0.7333333333333334,0.9166666666666667,0.8,0.9166666666666667,0.8,0.012252378463745116,0.0013898849487304688
0.1,0.0129155,0.1,20,0.8300000000000001,0.12400716825158851,20,0.6333333333333333,0.9166666666666667,0.8,1.0,0.8,0.012288236618041992,0.0013835430145263672
0.1,0.0129155,0.1,50,0.85,0.07149203529842404,6,0.7333333333333334,0.9166666666666667,0.8,0.9,0.9,0.012332916259765625,0.0014043807983398437
0.1,0.0129155,0.3,5,0.5,0.0,561,0.5,0.5,0.5,0.5,0.5,0.00370025634765625,0.0013924598693847655
0.1,0.0129155,0.3,10,0.4333333333333334,0.13824294235551815,769,0.5,0.3666666666666667,0.5,0.2,0.6000000000000001,0.0037869930267333983,0.001383829116821289
0.1,0.0129155,0.3,20,0.42333333333333334,0.09285592184789412,785,0.48333333333333334,0.3,0.5666666666666667,0.3666666666666667,0.4,0.003758525848388672,0.0013929843902587891
0.1,0.0129155,0.3,50,0.4833333333333333,0.07527726527090813,673,0.3833333333333333,0.55,0.55,0.5333333333333333,0.4,0.0037317276000976562,0.0013872623443603516
0.1,0.0129155,0.5,5,0.5,0.0,561,0.5,0.5,0.5,0.5,0.5,0.003677701950073242,0.0013966560363769531
0.1,0.0129155,0.5,10,0.4333333333333334,0.13824294235551815,769,0.5,0.3666666666666667,0.5,0.2,0.6000000000000001,0.003768730163574219,0.00138092041015625
0.1,0.0129155,0.5,20,0.42333333333333334,0.09285592184789412,785,0.48333333333333334,0.3,0.5666666666666667,0.3666666666666667,0.4,0.0037566661834716798,0.0013823509216308594
0.1,0.0129155,0.5,50,0.4833333333333333,0.07527726527090813,673,0.3833333333333333,0.55,0.55,0.5333333333333333,0.4,0.0037107467651367188,0.0013951778411865235
0.1,0.0129155,0.7,5,0.5,0.0,561,0.5,0.5,0.5,0.5,0.5,0.003725767135620117,0.0013913631439208985
0.1,0.0129155,0.7,10,0.4333333333333334,0.13824294235551815,769,0.5,0.3666666666666667,0.5,0.2,0.6000000000000001,0.0036527156829833985,0.0013845443725585937
0.1,0.0129155,0.7,20,0.42333333333333334,0.09285592184789412,785,0.48333333333333334,0.3,0.5666666666666667,0.3666666666666667,0.4,0.003709077835083008,0.0013851165771484376
0.1,0.0129155,0.7,50,0.4833333333333333,0.07527726527090813,673,0.3833333333333333,0.55,0.55,0.5333333333333333,0.4,0.003650665283203125,0.0013883590698242187
0.1,0.0129155,0.9,5,0.5,0.0,561,0.5,0.5,0.5,0.5,0.5,0.0034349918365478515,0.001384592056274414
0.1,0.0129155,0.9,10,0.4333333333333334,0.13824294235551815,769,0.5,0.3666666666666667,0.5,0.2,0.6000000000000001,0.003391885757446289,0.001383352279663086
0.1,0.0129155,0.9,20,0.42333333333333334,0.09285592184789412,785,0.48333333333333334,0.3,0.5666666666666667,0.3666666666666667,0.4,0.0034308433532714844,0.001385068893432617
0.1,0.0129155,0.9,50,0.4833333333333333,0.07527726527090813,673,0.3833333333333333,0.55,0.55,0.5333333333333333,0.4,0.003399515151977539,0.0013943195343017578
0.1,0.0464159,0.1,5,0.7166666666666667,0.09006170724070865,364,0.6333333333333333,0.8166666666666667,0.7166666666666667,0.8166666666666667,0.6,0.0228421688079834,0.0014270782470703126
0.1,0.0464159,0.1,10,0.7333333333333334,0.11498792207106898,327,0.6333333333333333,0.9166666666666667,0.8,0.7166666666666667,0.6,0.02279372215270996,0.0014237403869628907
0.1,0.0464159,0.1,20,0.7566666666666666,0.10306416555826871,253,0.7333333333333334,0.8333333333333333,0.7166666666666667,0.9,0.6,0.0231534481048584,0.0014184951782226563
0.1,0.0464159,0.1,50,0.7733333333333332,0.07118052168020875,229,0.7333333333333334,0.7333333333333334,0.8,0.9,0.7,0.02312946319580078,0.00142974853515625
0.1,0.0464159,0.3,5,0.7633333333333333,0.12265579661982734,240,0.65,1.0,0.7166666666666667,0.75,0.7,0.023867273330688478,0.0014307022094726563
0.1,0.0464159,0.3,10,0.85,0.09545214042184234,6,0.7333333333333334,0.9166666666666667,0.8,1.0,0.8,0.02371063232421875,0.001468515396118164
0.1,0.0464159,0.3,20,0.8133333333333332,0.13224556283251584,34,0.6333333333333333,0.9166666666666667,0.7166666666666667,1.0,0.8,0.023810768127441408,0.0014681816101074219
0.1,0.0464159,0.3,50,0.8099999999999999,0.053333333333333316,50,0.7333333333333334,0.8166666666666667,0.8,0.9,0.8,0.02401142120361328,0.001453733444213867
0.1,0.0464159,0.5,5,0.6733333333333332,0.13106402167558334,435,0.65,0.5,0.6166666666666667,0.9,0.7,0.01734004020690918,0.0014270782470703126
0.1,0.0464159,0.5,10,0.7033333333333334,0.19275776393067948,383,0.8333333333333333,0.3666666666666667,0.6166666666666667,0.9,0.8,0.017243623733520508,0.0014703750610351562
0.1,0.0464159,0.5,20,0.6533333333333333,0.21066033745766616,473,0.55,0.3,0.7166666666666667,0.9,0.8,0.01710343360900879,0.0013981342315673828
0.1,0.0464159,0.5,50,0.74,0.12409673645990857,301,0.65,0.55,0.8,0.9,0.8,0.01715884208679199,0.0014024734497070312
0.1,0.0464159,0.7,5,0.5,0.0,561,0.5,0.5,0.5,0.5,0.5,0.004143571853637696,0.0013864517211914062
0.1,0.0464159,0.7,10,0.4333333333333334,0.13824294235551815,769,0.5,0.3666666666666667,0.5,0.2,0.6000000000000001,0.004112911224365234,0.0013885498046875
0.1,0.0464159,0.7,20,0.42333333333333334,0.09285592184789412,785,0.48333333333333334,0.3,0.5666666666666667,0.3666666666666667,0.4,0.004153108596801758,0.0013901233673095704
0.1,0.0464159,0.7,50,0.4833333333333333,0.07527726527090813,673,0.3833333333333333,0.55,0.55,0.5333333333333333,0.4,0.004181623458862305,0.0013876914978027343
0.1,0.0464159,0.9,5,0.5,0.0,561,0.5,0.5,0.5,0.5,0.5,0.0038205623626708985,0.001386547088623047
0.1,0.0464159,0.9,10,0.4333333333333334,0.13824294235551815,769,0.5,0.3666666666666667,0.5,0.2,0.6000000000000001,0.0038542747497558594,0.0013933181762695312
0.1,0.0464159,0.9,20,0.42333333333333334,0.09285592184789412,785,0.48333333333333334,0.3,0.5666666666666667,0.3666666666666667,0.4,0.003881406784057617,0.0013842105865478516
0.1,0.0464159,0.9,50,0.4833333333333333,0.07527726527090813,673,0.3833333333333333,0.55,0.55,0.5333333333333333,0.4,0.003931760787963867,0.001382732391357422
0.1,0.16681,0.1,5,0.68,0.07483314773547886,419,0.6333333333333333,0.7333333333333334,0.8,0.6333333333333333,0.6,0.05187692642211914,0.0015419483184814452
0.1,0.16681,0.1,10,0.7333333333333334,0.14794894014114768,327,0.6333333333333333,0.9166666666666667,0.8,0.8166666666666667,0.5,0.052351951599121094,0.0015557289123535156
0.1,0.16681,0.1,20,0.8133333333333332,0.10456258094238748,34,0.7333333333333334,0.8333333333333333,0.8,1.0,0.7,0.052352094650268556,0.0015341281890869141
0.1,0.16681,0.1,50,0.7933333333333333,0.09463379711052262,99,0.7333333333333334,0.9166666666666667,0.7166666666666667,0.9,0.7,0.05333833694458008,0.0015685081481933594
0.1,0.16681,0.3,5,0.7166666666666667,0.06912147117775908,364,0.7166666666666667,0.7333333333333334,0.7166666666666667,0.8166666666666667,0.6,0.06041927337646484,0.0015388011932373046
0.1,0.16681,0.3,10,0.7333333333333334,0.16733200530681513,327,0.6333333333333333,0.7333333333333334,0.8,1.0,0.5,0.059033870697021484,0.0015486717224121095
0.1,0.16681,0.3,20,0.8133333333333332,0.10456258094238748,34,0.7333333333333334,0.8333333333333333,0.8,1.0,0.7,0.06022434234619141,0.001534891128540039
0.1,0.16681,0.3,50,0.7566666666666666,0.07272474743090476,253,0.7333333333333334,0.7333333333333334,0.7166666666666667,0.9,0.7,0.06048359870910645,0.0015675544738769532
0.1,0.16681,0.5,5,0.7566666666666666,0.05011098792790969,253,0.7333333333333334,0.8166666666666667,0.7166666666666667,0.8166666666666667,0.7,0.06614041328430176,0.0015568256378173829
0.1,0.16681,0.5,10,0.7533333333333333,0.1396026106091462,286,0.7333333333333334,0.8166666666666667,0.8,0.9166666666666667,0.5,0.065635347366333,0.0015705108642578125
0.1,0.16681,0.5,20,0.8066666666666666,0.13727506854649335,65,0.7333333333333334,1.0,0.8,0.9,0.6,0.06561083793640136,0.001548004150390625
0.1,0.16681,0.5,50,0.8099999999999999,0.058309518948453015,50,0.8166666666666667,0.8166666666666667,0.7166666666666667,0.9,0.8,0.0656198501586914,0.001555633544921875
0.1,0.16681,0.7,5,0.7566666666666666,0.0969535971483266,253,0.65,0.9166666666666667,0.7,0.8166666666666667,0.7,0.07045855522155761,0.001552248001098633
0.1,0.16681,0.7,10,0.8099999999999999,0.11575836902790228,50,0.8166666666666667,0.9166666666666667,0.8,0.9166666666666667,0.6,0.07005386352539063,0.0016239643096923827
0.1,0.16681,0.7,20,0.7733333333333333,0.1451436070471816,204,0.6333333333333333,0.8333333333333333,0.8,1.0,0.6000000000000001,0.06932787895202637,0.0015624046325683593
0.1,0.16681,0.7,50,0.7933333333333333,0.06110100926607785,99,0.7333333333333334,0.7333333333333334,0.8,0.9,0.8,0.0694535255432129,0.001564788818359375
0.1,0.16681,0.9,5,0.7566666666666666,0.0969535971483266,253,0.65,0.9166666666666667,0.7,0.8166666666666667,0.7,0.07204442024230957,0.0015536785125732423
0.1,0.16681,0.9,10,0.8300000000000001,0.11518101695447333,20,0.8166666666666667,0.9166666666666667,0.7166666666666667,1.0,0.7,0.07100372314453125,0.0015443325042724609
0.1,0.16681,0.9,20,0.7566666666666666,0.09637888196533975,253,0.6333333333333333,0.8333333333333333,0.7166666666666667,0.9,0.7,0.07046346664428711,0.0015485763549804687
0.1,0.16681,0.9,50,0.7933333333333333,0.06110100926607785,99,0.7333333333333334,0.7333333333333334,0.8,0.9,0.8,0.07062196731567383,0.0015532970428466797
0.1,0.599484,0.1,5,0.6433333333333333,0.13564659966250536,509,0.6333333333333333,0.7333333333333334,0.8,0.65,0.4,0.12263555526733398,0.0015568256378173829
0.1,0.599484,0.1,10,0.7366666666666667,0.1499629583893599,318,0.6333333333333333,0.8333333333333333,0.8,0.9166666666666667,0.5,0.12260103225708008,0.0015705108642578125
0.1,0.599484,0.1,20,0.7733333333333333,0.1451436070471816,204,0.6333333333333333,0.8333333333333333,0.8,1.0,0.6,0.12204766273498535,0.001452016830444336
0.1,0.599484,0.1,50,0.79,0.11623730516108466,141,0.7333333333333334,0.9166666666666667,0.8,0.9,0.6,0.12218012809753417,0.0014681339263916016
0.1,0.599484,0.3,5,0.6799999999999999,0.07483314773547886,428,0.6333333333333333,0.7333333333333334,0.6333333333333333,0.8,0.6,0.13627467155456544,0.0014716625213623048
0.1,0.599484,0.3,10,0.6966666666666667,0.11756794725698934,393,0.6333333333333333,0.7333333333333334,0.8,0.8166666666666667,0.5,0.13870086669921874,0.0014576435089111329
0.1,0.599484,0.3,20,0.7933333333333333,0.13063945294843618,99,0.7333333333333334,0.8333333333333333,0.8,1.0,0.6,0.13783764839172363,0.001462554931640625
0.1,0.599484,0.3,50,0.7566666666666666,0.07272474743090476,253,0.7333333333333334,0.7333333333333334,0.7166666666666667,0.9,0.7,0.13754892349243164,0.0014525890350341798
0.1,0.599484,0.5,5,0.68,0.05312459150169745,419,0.7166666666666667,0.7333333333333334,0.6333333333333333,0.7166666666666667,0.6,0.1605766773223877,0.001497173309326172
0.1,0.599484,0.5,10,0.7533333333333333,0.09092121131323906,286,0.6333333333333333,0.7333333333333334,0.8,0.9,0.7,0.16220693588256835,0.0015176296234130859
0.1,0.599484,0.5,20,0.7933333333333333,0.13063945294843618,99,0.7333333333333334,0.8333333333333333,0.8,1.0,0.6,0.1625516414642334,0.0015902996063232421
0.1,0.599484,0.5,50,0.8133333333333332,0.10456258094238748,34,0.7333333333333334,0.8333333333333333,0.8,1.0,0.7,0.16254653930664062,0.0016019344329833984
0.1,0.599484,0.7,5,0.7,0.03496029493900508,389,0.7166666666666667,0.7333333333333334,0.6333333333333333,0.7166666666666667,0.7,0.18499608039855958,0.0015753746032714845
0.1,0.599484,0.7,10,0.7166666666666667,0.10434983894999018,364,0.6333333333333333,0.7333333333333334,0.7166666666666667,0.9,0.6000000000000001,0.18510231971740723,0.0015858173370361327
0.1,0.599484,0.7,20,0.79,0.17178798302300166,141,0.7333333333333334,0.9166666666666667,0.8,1.0,0.5,0.18478565216064452,0.001583242416381836
0.1,0.599484,0.7,50,0.7966666666666666,0.0669991708074726,71,0.8333333333333333,0.7333333333333334,0.7166666666666667,0.9,0.8,0.18519797325134277,0.001596212387084961
0.1,0.599484,0.9,5,0.7166666666666668,0.05374838498865703,361,0.7166666666666667,0.7333333333333334,0.6333333333333333,0.8,0.7,0.26419844627380373,0.0015882492065429688
0.1,0.599484,0.9,10,0.7766666666666667,0.11234866364235144,165,0.7333333333333334,0.7333333333333334,0.7166666666666667,1.0,0.7,0.2651648044586182,0.0015839576721191407
0.1,0.599484,0.9,20,0.7733333333333333,0.13063945294843618,204,0.7333333333333334,0.7333333333333334,0.8,1.0,0.6,0.26543431282043456,0.0016016006469726563
0.1,0.599484,0.9,50,0.7933333333333333,0.08730533902472531,99,0.8166666666666667,0.8166666666666667,0.6333333333333333,0.9,0.8,0.2651363372802734,0.001591634750366211
0.1,2.15443,0.1,5,0.6266666666666667,0.1376791761870892,532,0.6333333333333333,0.65,0.6166666666666667,0.8333333333333333,0.4,0.2406214714050293,0.0015859127044677735
0.1,2.15443,0.1,10,0.7033333333333334,0.06863753427324668,383,0.6333333333333333,0.7333333333333334,0.6333333333333333,0.8166666666666667,0.7,0.24054737091064454,0.0015897274017333985
0.1,2.15443,0.1,20,0.8099999999999999,0.13968217893171309,50,0.7333333333333334,0.9166666666666667,0.8,1.0,0.6,0.24119505882263184,0.0015866279602050782
0.1,2.15443,0.1,50,0.7733333333333333,0.10198039027185571,204,0.7333333333333334,0.8333333333333333,0.8,0.9,0.6,0.24228897094726562,0.0015779495239257812
0.1,2.15443,0.3,5,0.66,0.0952190457139047,467,0.6333333333333333,0.7333333333333334,0.5333333333333333,0.8,0.6,0.2992598533630371,0.0015879154205322265
0.1,2.15443,0.3,10,0.72,0.090921211313239,347,0.6333333333333333,0.8333333333333333,0.8,0.7333333333333334,0.6000000000000001,0.29925060272216797,0.0015971660614013672
0.1,2.15443,0.3,20,0.7933333333333333,0.13063945294843618,99,0.7333333333333334,0.8333333333333333,0.8,1.0,0.6,0.2995731353759766,0.0015967369079589843
0.1,2.15443,0.3,50,0.7566666666666666,0.10306416555826871,253,0.7333333333333334,0.8333333333333333,0.7166666666666667,0.9,0.6,0.30009870529174804,0.0015816211700439454
0.1,2.15443,0.5,5,0.6799999999999999,0.09153020145163988,428,0.7166666666666667,0.7333333333333334,0.55,0.8,0.6,0.3230475425720215,0.0015808582305908204
0.1,2.15443,0.5,10,0.72,0.090921211313239,347,0.6333333333333333,0.8333333333333333,0.8,0.7333333333333334,0.6000000000000001,0.32306060791015623,0.0015880584716796875
0.1,2.15443,0.5,20,0.7733333333333333,0.13063945294843618,204,0.7333333333333334,0.7333333333333334,0.8,1.0,0.6,0.32357006072998046,0.0016408920288085937
0.1,2.15443,0.5,50,0.7366666666666667,0.08844332774281068,318,0.6333333333333333,0.7333333333333334,0.7166666666666667,0.9,0.7,0.32309513092041015,0.001718759536743164
0.1,2.15443,0.7,5,0.6633333333333333,0.07408703590297623,456,0.7166666666666667,0.7333333333333334,0.55,0.7166666666666667,0.6,0.3545637607574463,0.0015874862670898437
0.1,2.15443,0.7,10,0.72,0.090921211313239,347,0.6333333333333333,0.8333333333333333,0.8,0.7333333333333334,0.6000000000000001,0.3554248809814453,0.0016116619110107422
0.1,2.15443,0.7,20,0.7766666666666666,0.1339983416149452,178,0.8333333333333333,0.7333333333333334,0.7166666666666667,1.0,0.6,0.35683774948120117,0.001576709747314453
0.1,2.15443,0.7,50,0.8300000000000001,0.11274356350191843,20,0.7333333333333334,0.9166666666666667,0.8,1.0,0.7,0.35484819412231444,0.0016495227813720704
0.1,2.15443,0.9,5,0.6833333333333333,0.06749485577105528,405,0.7166666666666667,0.7333333333333334,0.55,0.7166666666666667,0.7,0.4359471321105957,0.0016016006469726563
0.1,2.15443,0.9,10,0.72,0.11661903789690602,347,0.7333333333333334,0.8333333333333333,0.8,0.7333333333333334,0.5,0.4356123924255371,0.0015821456909179688
0.1,2.15443,0.9,20,0.7566666666666666,0.16316317667360555,253,0.8333333333333333,0.7333333333333334,0.7166666666666667,1.0,0.5,0.43382925987243653,0.0015529632568359376
0.1,2.15443,0.9,50,0.8533333333333333,0.09741092797468306,5,0.8333333333333333,0.9166666666666667,0.7166666666666667,1.0,0.8,0.4392435073852539,0.001535511016845703
0.1,7.74264,0.1,5,0.6533333333333333,0.10614455552060435,473,0.65,0.65,0.6333333333333333,0.8333333333333333,0.5,0.32428717613220215,0.0015667915344238282
0.1,7.74264,0.1,10,0.6433333333333333,0.0866666666666667,509,0.6333333333333333,0.7333333333333334,0.6166666666666667,0.7333333333333334,0.5,0.32536840438842773,0.0015737533569335938
0.1,7.74264,0.1,20,0.7966666666666666,0.07630348761506399,71,0.7333333333333334,0.9166666666666667,0.8,0.8333333333333333,0.7,0.3205394268035889,0.00159149169921875
0.1,7.74264,0.1,50,0.7933333333333333,0.07118052168020873,99,0.7333333333333334,0.8333333333333333,0.8,0.9,0.7,0.32096662521362307,0.0015877246856689452
0.1,7.74264,0.3,5,0.6466666666666666,0.143913554299486,503,0.6333333333333333,0.7333333333333334,0.6333333333333333,0.8333333333333333,0.4,0.47717962265014646,0.0015950679779052734
0.1,7.74264,0.3,10,0.6466666666666667,0.07774602526460404,494,0.6333333333333333,0.7333333333333334,0.5333333333333333,0.7333333333333334,0.6,0.47215471267700193,0.001602029800415039
0.1,7.74264,0.3,20,0.7733333333333333,0.17403703309608817,204,0.7333333333333334,0.9166666666666667,0.7166666666666667,1.0,0.5,0.4717231750488281,0.001588153839111328
0.1,7.74264,0.3,50,0.79,0.11623730516108466,141,0.7333333333333334,0.9166666666666667,0.8,0.9,0.6,0.47202410697937014,0.0015932083129882812
0.1,7.74264,0.5,5,0.6833333333333333,0.08819171036881968,405,0.6333333333333333,0.7333333333333334,0.6166666666666667,0.8333333333333333,0.6,0.5430879116058349,0.0015920162200927734
0.1,7.74264,0.5,10,0.74,0.11430952132988162,301,0.6333333333333333,0.8333333333333333,0.9,0.7333333333333334,0.6000000000000001,0.5457122802734375,0.001653003692626953
0.1,7.74264,0.5,20,0.7200000000000001,0.13224556283251584,342,0.7333333333333334,0.7333333333333334,0.7166666666666667,0.9166666666666667,0.5,0.5463550567626954,0.0015913486480712891
0.1,7.74264,0.5,50,0.74,0.09580071908799945,301,0.7333333333333334,0.75,0.7166666666666667,0.9,0.6,0.5458579063415527,0.001594686508178711
0.1,7.74264,0.7,5,0.6433333333333333,0.07423685817106698,509,0.6333333333333333,0.7333333333333334,0.5333333333333333,0.7166666666666667,0.6,0.591343879699707,0.0016604900360107423
0.1,7.74264,0.7,10,0.6866666666666666,0.0858939915115008,397,0.6333333333333333,0.8333333333333333,0.6333333333333333,0.7333333333333334,0.6000000000000001,0.5922711849212646,0.0015981674194335937
0.1,7.74264,0.7,20,0.7533333333333333,0.16,286,0.7333333333333334,0.7333333333333334,0.8,1.0,0.5,0.5912582397460937,0.0015743255615234375
0.1,7.74264,0.7,50,0.76,0.09521904571390467,244,0.7333333333333334,0.8333333333333333,0.6333333333333333,0.9,0.7,0.5926427841186523,0.0015995502471923828
0.1,7.74264,0.9,5,0.6100000000000001,0.09165151389911681,542,0.6333333333333333,0.7333333333333334,0.45,0.6333333333333333,0.6,0.6621251583099366,0.0016095161437988282
0.1,7.74264,0.9,10,0.6866666666666666,0.0858939915115008,397,0.6333333333333333,0.8333333333333333,0.6333333333333333,0.7333333333333334,0.6000000000000001,0.6635222911834717,0.0017092227935791016
0.1,7.74264,0.9,20,0.7733333333333333,0.13063945294843618,204,0.7333333333333334,0.7333333333333334,0.8,1.0,0.6,0.6633300304412841,0.0015695571899414062
0.1,7.74264,0.9,50,0.7966666666666666,0.11175369742826806,71,0.7333333333333334,0.8333333333333333,0.7166666666666667,1.0,0.7,0.6693557739257813,0.001592540740966797
0.1,27.8256,0.1,5,0.6699999999999999,0.11075498483890765,441,0.7333333333333334,0.65,0.6333333333333333,0.8333333333333333,0.5,0.3307379722595215,0.0015975475311279298
0.1,27.8256,0.1,10,0.68,0.1396026106091462,419,0.6333333333333333,0.9166666666666667,0.6166666666666667,0.7333333333333334,0.5,0.33042354583740235,0.001580190658569336
0.1,27.8256,0.1,20,0.7966666666666666,0.07630348761506399,71,0.7333333333333334,0.9166666666666667,0.8,0.8333333333333333,0.7,0.33345675468444824,0.001577615737915039
0.1,27.8256,0.1,50,0.7766666666666666,0.06960204339273701,178,0.7333333333333334,0.75,0.8,0.9,0.7,0.3286783218383789,0.0015833854675292968
0.1,27.8256,0.3,5,0.6533333333333333,0.10614455552060435,473,0.65,0.65,0.6333333333333333,0.8333333333333333,0.5,0.4765504837036133,0.0015878677368164062
0.1,27.8256,0.3,10,0.6266666666666667,0.097524925588852,532,0.6333333333333333,0.7333333333333334,0.5333333333333333,0.7333333333333334,0.5,0.47962160110473634,0.00158843994140625
0.1,27.8256,0.3,20,0.7966666666666666,0.07630348761506399,71,0.7333333333333334,0.9166666666666667,0.8,0.8333333333333333,0.7,0.4813244342803955,0.0015877723693847657
0.1,27.8256,0.3,50,0.7933333333333333,0.07118052168020873,99,0.7333333333333334,0.8333333333333333,0.8,0.9,0.7,0.47642226219177247,0.0016037940979003907
0.1,27.8256,0.5,5,0.67,0.08326663997864528,436,0.6333333333333333,0.65,0.6333333333333333,0.8333333333333333,0.6000000000000001,0.6062881946563721,0.001581287384033203
0.1,27.8256,0.5,10,0.6266666666666667,0.097524925588852,532,0.6333333333333333,0.7333333333333334,0.5333333333333333,0.7333333333333334,0.5,0.614069938659668,0.0016038894653320312
0.1,27.8256,0.5,20,0.7933333333333333,0.14476033833738977,99,0.7333333333333334,0.9166666666666667,0.7166666666666667,1.0,0.6,0.6149955749511719,0.0015850067138671875
0.1,27.8256,0.5,50,0.8066666666666666,0.13727506854649335,65,0.7333333333333334,1.0,0.8,0.9,0.6,0.6055829524993896,0.001581287384033203
0.1,27.8256,0.7,5,0.6466666666666666,0.143913554299486,503,0.6333333333333333,0.7333333333333334,0.6333333333333333,0.8333333333333333,0.4,0.6749162197113037,0.0016529560089111328
0.1,27.8256,0.7,10,0.6466666666666667,0.07774602526460404,494,0.6333333333333333,0.7333333333333334,0.5333333333333333,0.7333333333333334,0.6,0.6901702880859375,0.001581716537475586
0.1,27.8256,0.7,20,0.7566666666666666,0.18245242911205348,253,0.7333333333333334,0.9166666666666667,0.6333333333333333,1.0,0.5,0.6801851749420166,0.001590871810913086
0.1,27.8256,0.7,50,0.79,0.11623730516108466,141,0.7333333333333334,0.9166666666666667,0.8,0.9,0.6,0.6829030513763428,0.0015713691711425782
0.1,27.8256,0.9,5,0.6866666666666666,0.08589399151150083,397,0.6333333333333333,0.7333333333333334,0.6333333333333333,0.8333333333333333,0.6,0.8042520523071289,0.0016400814056396484
0.1,27.8256,0.9,10,0.74,0.11430952132988165,301,0.6333333333333333,0.8333333333333333,0.9,0.7333333333333334,0.6,0.7970916748046875,0.0015995025634765625
0.1,27.8256,0.9,20,0.7566666666666666,0.16316317667360555,253,0.7333333333333334,0.8333333333333333,0.7166666666666667,1.0,0.5,0.7898995399475097,0.0017238140106201171
0.1,27.8256,0.9,50,0.77,0.10022197585581939,234,0.7333333333333334,0.8166666666666667,0.8,0.9,0.6,0.7862688541412354,0.00167236328125
0.1,100.0,0.1,5,0.6699999999999999,0.11075498483890765,441,0.7333333333333334,0.65,0.6333333333333333,0.8333333333333333,0.5,0.3836233139038086,0.0015940666198730469
0.1,100.0,0.1,10,0.6633333333333333,0.1507020607394309,456,0.6333333333333333,0.9166666666666667,0.5333333333333333,0.7333333333333334,0.5,0.38108115196228026,0.0015922069549560546
0.1,100.0,0.1,20,0.7766666666666667,0.0997775303139718,165,0.6333333333333333,0.9166666666666667,0.8,0.8333333333333333,0.7,0.3820941925048828,0.0016127586364746093
0.1,100.0,0.1,50,0.7766666666666666,0.06960204339273701,178,0.7333333333333334,0.75,0.8,0.9,0.7,0.38349142074584963,0.0015903472900390624
0.1,100.0,0.3,5,0.6699999999999999,0.11075498483890765,441,0.7333333333333334,0.65,0.6333333333333333,0.8333333333333333,0.5,0.39300074577331545,0.0015797138214111329
0.1,100.0,0.3,10,0.6633333333333333,0.1507020607394309,456,0.6333333333333333,0.9166666666666667,0.5333333333333333,0.7333333333333334,0.5,0.39110870361328126,0.0015825271606445313
0.1,100.0,0.3,20,0.7766666666666667,0.0997775303139718,165,0.6333333333333333,0.9166666666666667,0.8,0.8333333333333333,0.7,0.3905937671661377,0.0016100406646728516
0.1,100.0,0.3,50,0.7766666666666666,0.06960204339273701,178,0.7333333333333334,0.75,0.8,0.9,0.7,0.394298791885376,0.001593303680419922
0.1,100.0,0.5,5,0.6699999999999999,0.11075498483890765,441,0.7333333333333334,0.65,0.6333333333333333,0.8333333333333333,0.5,0.4228847503662109,0.0015854358673095704
0.1,100.0,0.5,10,0.6466666666666667,0.1677961726487096,494,0.6333333333333333,0.9166666666666667,0.45,0.7333333333333334,0.5,0.42292156219482424,0.0015969276428222656
0.1,100.0,0.5,20,0.7766666666666667,0.0997775303139718,165,0.6333333333333333,0.9166666666666667,0.8,0.8333333333333333,0.7,0.42816662788391113,0.001584339141845703
0.1,100.0,0.5,50,0.7733333333333333,0.10198039027185571,204,0.7333333333333334,0.8333333333333333,0.8,0.9,0.6,0.4280676364898682,0.0015841960906982423
0.1,100.0,0.7,5,0.6699999999999999,0.11075498483890765,441,0.7333333333333334,0.65,0.6333333333333333,0.8333333333333333,0.5,0.4660633087158203,0.0015885353088378907
0.1,100.0,0.7,10,0.6433333333333333,0.0866666666666667,509,0.6333333333333333,0.7333333333333334,0.6166666666666667,0.7333333333333334,0.5,0.4650581359863281,0.001568174362182617
0.1,100.0,0.7,20,0.7966666666666666,0.07630348761506399,71,0.7333333333333334,0.9166666666666667,0.8,0.8333333333333333,0.7,0.46789212226867677,0.0015637874603271484
0.1,100.0,0.7,50,0.7733333333333333,0.10198039027185571,204,0.7333333333333334,0.8333333333333333,0.8,0.9,0.6,0.46546168327331544,0.0015500545501708984
0.1,100.0,0.9,5,0.6533333333333333,0.10614455552060435,473,0.65,0.65,0.6333333333333333,0.8333333333333333,0.5,0.5409314632415771,0.0015938758850097656
0.1,100.0,0.9,10,0.6433333333333333,0.0866666666666667,509,0.6333333333333333,0.7333333333333334,0.6166666666666667,0.7333333333333334,0.5,0.540659761428833,0.0015988826751708984
0.1,100.0,0.9,20,0.7966666666666666,0.07630348761506399,71,0.7333333333333334,0.9166666666666667,0.8,0.8333333333333333,0.7,0.5424564361572266,0.0015892505645751954
0.1,100.0,0.9,50,0.7933333333333333,0.07118052168020873,99,0.7333333333333334,0.8333333333333333,0.8,0.9,0.7,0.5471186637878418,0.0015758991241455079
0.2,0.001,0.1,5,0.5,0.0,561,0.5,0.5,0.5,0.5,0.5,0.003259897232055664,0.0013764858245849609
0.2,0.001,0.1,10,0.48,0.039999999999999994,705,0.5,0.4,0.5,0.5,0.5,0.003292703628540039,0.0013851165771484376
0.2,0.001,0.1,20,0.4533333333333333,0.050990195135927854,737,0.5,0.5,0.48333333333333334,0.3833333333333333,0.4,0.003195953369140625,0.0013951301574707032
0.2,0.001,0.1,50,0.4666666666666667,0.10055402085998906,721,0.3,0.55,0.55,0.5333333333333333,0.4,0.0032642841339111327,0.0013901710510253907
0.2,0.001,0.3,5,0.5,0.0,561,0.5,0.5,0.5,0.5,0.5,0.0032129287719726562,0.0014715194702148438
0.2,0.001,0.3,10,0.48,0.039999999999999994,705,0.5,0.4,0.5,0.5,0.5,0.0032082080841064455,0.001390695571899414
0.2,0.001,0.3,20,0.4533333333333333,0.050990195135927854,737,0.5,0.5,0.48333333333333334,0.3833333333333333,0.4,0.003226041793823242,0.001402568817138672
0.2,0.001,0.3,50,0.4666666666666667,0.10055402085998906,721,0.3,0.55,0.55,0.5333333333333333,0.4,0.0033014774322509765,0.0013875484466552735
0.2,0.001,0.5,5,0.5,0.0,561,0.5,0.5,0.5,0.5,0.5,0.0032872676849365233,0.001390552520751953
0.2,0.001,0.5,10,0.48,0.039999999999999994,705,0.5,0.4,0.5,0.5,0.5,0.0032229900360107424,0.0013887405395507813
0.2,0.001,0.5,20,0.4533333333333333,0.050990195135927854,737,0.5,0.5,0.48333333333333334,0.3833333333333333,0.4,0.003229045867919922,0.0013924121856689453
0.2,0.001,0.5,50,0.4666666666666667,0.10055402085998906,721,0.3,0.55,0.55,0.5333333333333333,0.4,0.003274059295654297,0.00139312744140625
0.2,0.001,0.7,5,0.5,0.0,561,0.5,0.5,0.5,0.5,0.5,0.0032928466796875,0.0013939857482910157
0.2,0.001,0.7,10,0.48,0.039999999999999994,705,0.5,0.4,0.5,0.5,0.5,0.0032183170318603516,0.0013790607452392578
0.2,0.001,0.7,20,0.4533333333333333,0.050990195135927854,737,0.5,0.5,0.48333333333333334,0.3833333333333333,0.4,0.003206634521484375,0.0013844966888427734
0.2,0.001,0.7,50,0.4666666666666667,0.10055402085998906,721,0.3,0.55,0.55,0.5333333333333333,0.4,0.0032676219940185546,0.0013985157012939454
0.2,0.001,0.9,5,0.5,0.0,561,0.5,0.5,0.5,0.5,0.5,0.0032810688018798826,0.0013863086700439454
0.2,0.001,0.9,10,0.48,0.039999999999999994,705,0.5,0.4,0.5,0.5,0.5,0.0032012939453125,0.0013859272003173828
0.2,0.001,0.9,20,0.4533333333333333,0.050990195135927854,737,0.5,0.5,0.48333333333333334,0.3833333333333333,0.4,0.0031978607177734373,0.0013935565948486328
0.2,0.001,0.9,50,0.4666666666666667,0.10055402085998906,721,0.3,0.55,0.55,0.5333333333333333,0.4,0.0032676219940185546,0.0013967037200927734
0.2,0.00359381,0.1,5,0.5,0.0,561,0.5,0.5,0.5,0.5,0.5,0.003767538070678711,0.0013775825500488281
0.2,0.00359381,0.1,10,0.48,0.039999999999999994,705,0.5,0.4,0.5,0.5,0.5,0.0037147998809814453,0.0013763904571533203
0.2,0.00359381,0.1,20,0.4533333333333333,0.050990195135927854,737,0.5,0.5,0.48333333333333334,0.3833333333333333,0.4,0.0037125587463378907,0.0013887882232666016
0.2,0.00359381,0.1,50,0.4666666666666667,0.10055402085998906,721,0.3,0.55,0.55,0.5333333333333333,0.4,0.0038115978240966797,0.0014130592346191407
0.2,0.00359381,0.3,5,0.5,0.0,561,0.5,0.5,0.5,0.5,0.5,0.003277492523193359,0.001372385025024414
0.2,0.00359381,0.3,10,0.48,0.039999999999999994,705,0.5,0.4,0.5,0.5,0.5,0.0032179832458496095,0.0013791561126708985
0.2,0.00359381,0.3,20,0.4533333333333333,0.050990195135927854,737,0.5,0.5,0.48333333333333334,0.3833333333333333,0.4,0.0032129287719726562,0.0013897418975830078
0.2,0.00359381,0.3,50,0.4666666666666667,0.10055402085998906,721,0.3,0.55,0.55,0.5333333333333333,0.4,0.0033307552337646486,0.0014027118682861327
0.2,0.00359381,0.5,5,0.5,0.0,561,0.5,0.5,0.5,0.5,0.5,0.0032108306884765627,0.0013700962066650391
0.2,0.00359381,0.5,10,0.48,0.039999999999999994,705,0.5,0.4,0.5,0.5,0.5,0.0032070636749267577,0.001387786865234375
0.2,0.00359381,0.5,20,0.4533333333333333,0.050990195135927854,737,0.5,0.5,0.48333333333333334,0.3833333333333333,0.4,0.00322871208190918,0.0013935089111328125
0.2,0.00359381,0.5,50,0.4666666666666667,0.10055402085998906,721,0.3,0.55,0.55,0.5333333333333333,0.4,0.0033527374267578124,0.001389789581298828
0.2,0.00359381,0.7,5,0.5,0.0,561,0.5,0.5,0.5,0.5,0.5,0.0031920433044433593,0.0013854026794433594
0.2,0.00359381,0.7,10,0.48,0.039999999999999994,705,0.5,0.4,0.5,0.5,0.5,0.0031895160675048826,0.001384401321411133
0.2,0.00359381,0.7,20,0.4533333333333333,0.050990195135927854,737,0.5,0.5,0.48333333333333334,0.3833333333333333,0.4,0.003217172622680664,0.0013836860656738282
0.2,0.00359381,0.7,50,0.4666666666666667,0.10055402085998906,721,0.3,0.55,0.55,0.5333333333333333,0.4,0.0033556461334228516,0.0013883113861083984
0.2,0.00359381,0.9,5,0.5,0.0,561,0.5,0.5,0.5,0.5,0.5,0.0032208442687988283,0.0013841152191162109
0.2,0.00359381,0.9,10,0.48,0.039999999999999994,705,0.5,0.4,0.5,0.5,0.5,0.0032247066497802734,0.001384878158569336
0.2,0.00359381,0.9,20,0.4533333333333333,0.050990195135927854,737,0.5,0.5,0.48333333333333334,0.3833333333333333,0.4,0.003225898742675781,0.001382303237915039
0.2,0.00359381,0.9,50,0.4666666666666667,0.10055402085998906,721,0.3,0.55,0.55,0.5333333333333333,0.4,0.003345298767089844,0.0013944625854492188
0.2,0.0129155,0.1,5,0.75,0.08755950357709136,297,0.6666666666666666,0.9166666666666667,0.7166666666666667,0.75,0.7,0.01239171028137207,0.0014010429382324218
0.2,0.0129155,0.1,10,0.8333333333333334,0.07226494462892934,13,0.7333333333333334,0.9166666666666667,0.8,0.9166666666666667,0.8,0.012425041198730469,0.0014087200164794923
0.2,0.0129155,0.1,20,0.8300000000000001,0.12400716825158851,20,0.6333333333333333,0.9166666666666667,0.8,1.0,0.8,0.012430334091186523,0.0014142513275146485
0.2,0.0129155,0.1,50,0.8300000000000001,0.06863753427324668,20,0.7333333333333334,0.9166666666666667,0.8,0.9,0.8,0.012451601028442384,0.0014069080352783203
0.2,0.0129155,0.3,5,0.5,0.0,561,0.5,0.5,0.5,0.5,0.5,0.0037264347076416014,0.0014647960662841797
0.2,0.0129155,0.3,10,0.48,0.039999999999999994,705,0.5,0.4,0.5,0.5,0.5,0.0036973953247070312,0.001382160186767578
0.2,0.0129155,0.3,20,0.4533333333333333,0.050990195135927854,737,0.5,0.5,0.48333333333333334,0.3833333333333333,0.4,0.003702735900878906,0.0013917922973632813
0.2,0.0129155,0.3,50,0.4666666666666667,0.10055402085998906,721,0.3,0.55,0.55,0.5333333333333333,0.4,0.0038157939910888673,0.0014124393463134765
0.2,0.0129155,0.5,5,0.5,0.0,561,0.5,0.5,0.5,0.5,0.5,0.0036972999572753907,0.0013890743255615234
0.2,0.0129155,0.5,10,0.48,0.039999999999999994,705,0.5,0.4,0.5,0.5,0.5,0.003722953796386719,0.0013913154602050782
0.2,0.0129155,0.5,20,0.4533333333333333,0.050990195135927854,737,0.5,0.5,0.48333333333333334,0.3833333333333333,0.4,0.003727579116821289,0.00139312744140625
0.2,0.0129155,0.5,50,0.4666666666666667,0.10055402085998906,721,0.3,0.55,0.55,0.5333333333333333,0.4,0.003812694549560547,0.001402139663696289
0.2,0.0129155,0.7,5,0.5,0.0,561,0.5,0.5,0.5,0.5,0.5,0.0036513805389404297,0.0013823986053466796
0.2,0.0129155,0.7,10,0.48,0.039999999999999994,705,0.5,0.4,0.5,0.5,0.5,0.0036602020263671875,0.001390361785888672
0.2,0.0129155,0.7,20,0.4533333333333333,0.050990195135927854,737,0.5,0.5,0.48333333333333334,0.3833333333333333,0.4,0.0037474632263183594,0.001393890380859375
0.2,0.0129155,0.7,50,0.4666666666666667,0.10055402085998906,721,0.3,0.55,0.55,0.5333333333333333,0.4,0.0037351608276367187,0.0013936996459960938
0.2,0.0129155,0.9,5,0.5,0.0,561,0.5,0.5,0.5,0.5,0.5,0.0033848762512207033,0.0013849735260009766
0.2,0.0129155,0.9,10,0.48,0.039999999999999994,705,0.5,0.4,0.5,0.5,0.5,0.0034208774566650392,0.0013822555541992188
0.2,0.0129155,0.9,20,0.4533333333333333,0.050990195135927854,737,0.5,0.5,0.48333333333333334,0.3833333333333333,0.4,0.0034533977508544923,0.001399850845336914
0.2,0.0129155,0.9,50,0.4666666666666667,0.10055402085998906,721,0.3,0.55,0.55,0.5333333333333333,0.4,0.0034475326538085938,0.0013904571533203125
0.2,0.0464159,0.1,5,0.7166666666666667,0.09006170724070865,364,0.6333333333333333,0.8166666666666667,0.7166666666666667,0.8166666666666667,0.6,0.022876262664794922,0.001434659957885742
0.2,0.0464159,0.1,10,0.7333333333333334,0.11498792207106898,327,0.6333333333333333,0.9166666666666667,0.8,0.7166666666666667,0.6,0.022989845275878905,0.001475381851196289
0.2,0.0464159,0.1,20,0.7566666666666666,0.10306416555826871,253,0.7333333333333334,0.8333333333333333,0.7166666666666667,0.9,0.6,0.023345565795898436,0.0014549732208251954
0.2,0.0464159,0.1,50,0.7733333333333332,0.07118052168020875,229,0.7333333333333334,0.7333333333333334,0.8,0.9,0.7,0.022820520401000976,0.0014516830444335938
0.2,0.0464159,0.3,5,0.7633333333333333,0.12265579661982734,240,0.65,1.0,0.7166666666666667,0.75,0.7,0.023472309112548828,0.0014681339263916016
0.2,0.0464159,0.3,10,0.85,0.09545214042184234,6,0.7333333333333334,0.9166666666666667,0.8,1.0,0.8,0.023676729202270506,0.0014634132385253906
0.2,0.0464159,0.3,20,0.8133333333333332,0.13224556283251584,34,0.6333333333333333,0.9166666666666667,0.7166666666666667,1.0,0.8,0.023845672607421875,0.0014718055725097656
0.2,0.0464159,0.3,50,0.8099999999999999,0.053333333333333316,50,0.7333333333333334,0.8166666666666667,0.8,0.9,0.8,0.02403120994567871,0.0014529705047607421
0.2,0.0464159,0.5,5,0.64,0.08069145624606804,523,0.65,0.5,0.6166666666666667,0.7333333333333334,0.7,0.017409896850585936,0.0014368057250976562
0.2,0.0464159,0.5,10,0.71,0.18123036292090913,378,0.8333333333333333,0.4,0.6166666666666667,0.9,0.8,0.017385149002075197,0.0014316558837890625
0.2,0.0464159,0.5,20,0.6933333333333334,0.150037032465692,395,0.55,0.5,0.7166666666666667,0.9,0.8,0.01708526611328125,0.001448678970336914
0.2,0.0464159,0.5,50,0.7566666666666666,0.11623730516108462,253,0.7333333333333334,0.55,0.8,0.9,0.8,0.017165136337280274,0.0014400482177734375
0.2,0.0464159,0.7,5,0.5,0.0,561,0.5,0.5,0.5,0.5,0.5,0.004131317138671875,0.0013880729675292969
0.2,0.0464159,0.7,10,0.48,0.039999999999999994,705,0.5,0.4,0.5,0.5,0.5,0.004135227203369141,0.0013938426971435546
0.2,0.0464159,0.7,20,0.4533333333333333,0.050990195135927854,737,0.5,0.5,0.48333333333333334,0.3833333333333333,0.4,0.004144620895385742,0.001459026336669922
0.2,0.0464159,0.7,50,0.4666666666666667,0.10055402085998906,721,0.3,0.55,0.55,0.5333333333333333,0.4,0.00410609245300293,0.001399850845336914
0.2,0.0464159,0.9,5,0.5,0.0,561,0.5,0.5,0.5,0.5,0.5,0.0038199424743652344,0.0013880729675292969
0.2,0.0464159,0.9,10,0.48,0.039999999999999994,705,0.5,0.4,0.5,0.5,0.5,0.00386199951171875,0.0014555931091308593
0.2,0.0464159,0.9,20,0.4533333333333333,0.050990195135927854,737,0.5,0.5,0.48333333333333334,0.3833333333333333,0.4,0.003887796401977539,0.0013899803161621094
0.2,0.0464159,0.9,50,0.4666666666666667,0.10055402085998906,721,0.3,0.55,0.55,0.5333333333333333,0.4,0.003853321075439453,0.001392030715942383
0.2,0.16681,0.1,5,0.68,0.07483314773547886,419,0.6333333333333333,0.7333333333333334,0.8,0.6333333333333333,0.6,0.05195293426513672,0.0015202999114990235
0.2,0.16681,0.1,10,0.7333333333333334,0.14794894014114768,327,0.6333333333333333,0.9166666666666667,0.8,0.8166666666666667,0.5,0.05207252502441406,0.0015388965606689454
0.2,0.16681,0.1,20,0.8133333333333332,0.10456258094238748,34,0.7333333333333334,0.8333333333333333,0.8,1.0,0.7,0.05218667984008789,0.0015721797943115234
0.2,0.16681,0.1,50,0.7933333333333333,0.09463379711052262,99,0.7333333333333334,0.9166666666666667,0.7166666666666667,0.9,0.7,0.052913475036621097,0.001577138900756836
0.2,0.16681,0.3,5,0.7166666666666667,0.06912147117775908,364,0.7166666666666667,0.7333333333333334,0.7166666666666667,0.8166666666666667,0.6,0.06095142364501953,0.0015858650207519532
0.2,0.16681,0.3,10,0.7333333333333334,0.16733200530681513,327,0.6333333333333333,0.7333333333333334,0.8,1.0,0.5,0.05999360084533691,0.0015513896942138672
0.2,0.16681,0.3,20,0.8133333333333332,0.10456258094238748,34,0.7333333333333334,0.8333333333333333,0.8,1.0,0.7,0.060033559799194336,0.0015399932861328125
0.2,0.16681,0.3,50,0.7566666666666666,0.07272474743090476,253,0.7333333333333334,0.7333333333333334,0.7166666666666667,0.9,0.7,0.0592038631439209,0.001555013656616211
0.2,0.16681,0.5,5,0.7566666666666666,0.05011098792790969,253,0.7333333333333334,0.8166666666666667,0.7166666666666667,0.8166666666666667,0.7,0.06478796005249024,0.0015256404876708984
0.2,0.16681,0.5,10,0.7733333333333334,0.15369522511198005,202,0.7333333333333334,0.9166666666666667,0.8,0.9166666666666667,0.5,0.06476640701293945,0.0015553951263427735
0.2,0.16681,0.5,20,0.79,0.11623730516108466,141,0.7333333333333334,0.9166666666666667,0.8,0.9,0.6,0.06482105255126953,0.001572895050048828
0.2,0.16681,0.5,50,0.8099999999999999,0.058309518948453015,50,0.8166666666666667,0.8166666666666667,0.7166666666666667,0.9,0.8,0.0646897315979004,0.0015470027923583985
0.2,0.16681,0.7,5,0.7566666666666666,0.0969535971483266,253,0.65,0.9166666666666667,0.7,0.8166666666666667,0.7,0.06961050033569335,0.0015668869018554688
0.2,0.16681,0.7,10,0.8099999999999999,0.11575836902790228,50,0.8166666666666667,0.9166666666666667,0.8,0.9166666666666667,0.6,0.07012438774108887,0.0015422344207763673
0.2,0.16681,0.7,20,0.7733333333333333,0.1451436070471816,204,0.6333333333333333,0.8333333333333333,0.8,1.0,0.6000000000000001,0.07076678276062012,0.0016757488250732423
0.2,0.16681,0.7,50,0.7933333333333333,0.06110100926607785,99,0.7333333333333334,0.7333333333333334,0.8,0.9,0.8,0.07102813720703124,0.0015691757202148438
0.2,0.16681,0.9,5,0.7566666666666666,0.0969535971483266,253,0.65,0.9166666666666667,0.7,0.8166666666666667,0.7,0.07201576232910156,0.0015646457672119141
0.2,0.16681,0.9,10,0.8300000000000001,0.11518101695447333,20,0.8166666666666667,0.9166666666666667,0.7166666666666667,1.0,0.7,0.07209191322326661,0.001558208465576172
0.2,0.16681,0.9,20,0.7766666666666666,0.12892719737209143,178,0.6333333333333333,0.8333333333333333,0.7166666666666667,1.0,0.7,0.07197809219360352,0.001564931869506836
0.2,0.16681,0.9,50,0.7933333333333333,0.06110100926607785,99,0.7333333333333334,0.7333333333333334,0.8,0.9,0.8,0.07188906669616699,0.0015683174133300781
0.2,0.599484,0.1,5,0.6433333333333333,0.13564659966250536,509,0.6333333333333333,0.7333333333333334,0.8,0.65,0.4,0.12433791160583496,0.0015720367431640626
0.2,0.599484,0.1,10,0.7366666666666667,0.1499629583893599,318,0.6333333333333333,0.8333333333333333,0.8,0.9166666666666667,0.5,0.12440743446350097,0.0015732765197753907
0.2,0.599484,0.1,20,0.7533333333333333,0.17204650534085256,286,0.6333333333333333,0.8333333333333333,0.8,1.0,0.5,0.12325935363769532,0.001581859588623047
0.2,0.599484,0.1,50,0.7733333333333333,0.10198039027185571,204,0.7333333333333334,0.8333333333333333,0.8,0.9,0.6,0.12463607788085937,0.0015818119049072266
0.2,0.599484,0.3,5,0.6799999999999999,0.07483314773547886,428,0.6333333333333333,0.7333333333333334,0.6333333333333333,0.8,0.6,0.13914937973022462,0.0015744209289550782
0.2,0.599484,0.3,10,0.6633333333333333,0.10132456102380444,456,0.6333333333333333,0.7333333333333334,0.8,0.65,0.5,0.13803548812866212,0.0015830039978027345
0.2,0.599484,0.3,20,0.8133333333333332,0.10456258094238748,34,0.7333333333333334,0.8333333333333333,0.8,1.0,0.7,0.13891220092773438,0.0015984058380126953
0.2,0.599484,0.3,50,0.7766666666666666,0.0771722460186015,178,0.7333333333333334,0.8333333333333333,0.7166666666666667,0.9,0.7,0.1389082908630371,0.0016071796417236328
0.2,0.599484,0.5,5,0.68,0.05312459150169745,419,0.7166666666666667,0.7333333333333334,0.6333333333333333,0.7166666666666667,0.6,0.1638585090637207,0.0015846729278564454
0.2,0.599484,0.5,10,0.7366666666666667,0.08844332774281068,318,0.6333333333333333,0.7333333333333334,0.7166666666666667,0.9,0.7,0.16312332153320314,0.0015864372253417969
0.2,0.599484,0.5,20,0.7933333333333333,0.13063945294843618,99,0.7333333333333334,0.8333333333333333,0.8,1.0,0.6,0.16332359313964845,0.0015929222106933593
0.2,0.599484,0.5,50,0.8133333333333332,0.10456258094238748,34,0.7333333333333334,0.8333333333333333,0.8,1.0,0.7,0.16461615562438964,0.0015957355499267578
0.2,0.599484,0.7,5,0.7,0.03496029493900508,389,0.7166666666666667,0.7333333333333334,0.6333333333333333,0.7166666666666667,0.7,0.18354578018188478,0.0016538619995117188
0.2,0.599484,0.7,10,0.7166666666666667,0.10434983894999018,364,0.6333333333333333,0.7333333333333334,0.7166666666666667,0.9,0.6000000000000001,0.18501858711242675,0.0015977382659912109
0.2,0.599484,0.7,20,0.79,0.17178798302300166,141,0.7333333333333334,0.9166666666666667,0.8,1.0,0.5,0.18480463027954103,0.0015938282012939453
0.2,0.599484,0.7,50,0.8333333333333334,0.036514837167011066,13,0.8333333333333333,0.8333333333333333,0.8,0.9,0.8,0.18457388877868652,0.0015968799591064454
0.2,0.599484,0.9,5,0.7166666666666668,0.05374838498865703,361,0.7166666666666667,0.7333333333333334,0.6333333333333333,0.8,0.7,0.26289958953857423,0.0015894412994384766
0.2,0.599484,0.9,10,0.7766666666666667,0.11234866364235144,165,0.7333333333333334,0.7333333333333334,0.7166666666666667,1.0,0.7,0.2611990451812744,0.001589488983154297
0.2,0.599484,0.9,20,0.7533333333333333,0.16,286,0.7333333333333334,0.7333333333333334,0.8,1.0,0.5,0.2632935047149658,0.001600360870361328
0.2,0.599484,0.9,50,0.8099999999999999,0.058309518948453015,50,0.8166666666666667,0.8166666666666667,0.7166666666666667,0.9,0.8,0.26343355178833006,0.0015834808349609376
0.2,2.15443,0.1,5,0.6266666666666667,0.1376791761870892,532,0.6333333333333333,0.65,0.6166666666666667,0.8333333333333333,0.4,0.24114861488342285,0.0015691280364990234
0.2,2.15443,0.1,10,0.7033333333333334,0.06863753427324668,383,0.6333333333333333,0.7333333333333334,0.6333333333333333,0.8166666666666667,0.7,0.24157295227050782,0.0015923500061035157
0.2,2.15443,0.1,20,0.79,0.17178798302300166,141,0.7333333333333334,0.9166666666666667,0.8,1.0,0.5,0.24174785614013672,0.001554107666015625
0.2,2.15443,0.1,50,0.7733333333333333,0.10198039027185571,204,0.7333333333333334,0.8333333333333333,0.8,0.9,0.6,0.24121766090393065,0.0014983177185058593
0.2,2.15443,0.3,5,0.66,0.0952190457139047,467,0.6333333333333333,0.7333333333333334,0.5333333333333333,0.8,0.6,0.2964979648590088,0.001584768295288086
0.2,2.15443,0.3,10,0.74,0.07118052168020873,301,0.6333333333333333,0.8333333333333333,0.8,0.7333333333333334,0.7,0.29679088592529296,0.0015327930450439453
0.2,2.15443,0.3,20,0.7933333333333333,0.13063945294843618,99,0.7333333333333334,0.8333333333333333,0.8,1.0,0.6,0.2973644256591797,0.001564931869506836
0.2,2.15443,0.3,50,0.7566666666666666,0.10306416555826871,253,0.7333333333333334,0.8333333333333333,0.7166666666666667,0.9,0.6,0.29651265144348143,0.001645660400390625
0.2,2.15443,0.5,5,0.6799999999999999,0.09153020145163988,428,0.7166666666666667,0.7333333333333334,0.55,0.8,0.6,0.3181889533996582,0.0015846729278564454
0.2,2.15443,0.5,10,0.74,0.07118052168020873,301,0.6333333333333333,0.8333333333333333,0.8,0.7333333333333334,0.7,0.3184218406677246,0.001588916778564453
0.2,2.15443,0.5,20,0.7733333333333333,0.13063945294843618,204,0.7333333333333334,0.7333333333333334,0.8,1.0,0.6,0.31960382461547854,0.0015593528747558593
0.2,2.15443,0.5,50,0.76,0.09521904571390467,244,0.7333333333333334,0.8333333333333333,0.6333333333333333,0.9,0.7,0.32062335014343263,0.0015845775604248046
0.2,2.15443,0.7,5,0.6633333333333333,0.07408703590297623,456,0.7166666666666667,0.7333333333333334,0.55,0.7166666666666667,0.6,0.34973459243774413,0.0015820980072021485
0.2,2.15443,0.7,10,0.74,0.07118052168020873,301,0.6333333333333333,0.8333333333333333,0.8,0.7333333333333334,0.7,0.350595760345459,0.0016093254089355469
0.2,2.15443,0.7,20,0.7766666666666666,0.1339983416149452,178,0.8333333333333333,0.7333333333333334,0.7166666666666667,1.0,0.6,0.35128207206726075,0.0015798568725585937
0.2,2.15443,0.7,50,0.8133333333333332,0.10456258094238748,34,0.7333333333333334,0.8333333333333333,0.8,1.0,0.7,0.35528564453125,0.0015983104705810547
0.2,2.15443,0.9,5,0.6833333333333333,0.06749485577105528,405,0.7166666666666667,0.7333333333333334,0.55,0.7166666666666667,0.7,0.4359285831451416,0.001607227325439453
0.2,2.15443,0.9,10,0.72,0.11661903789690602,347,0.7333333333333334,0.8333333333333333,0.8,0.7333333333333334,0.5,0.4358553886413574,0.0016005992889404296
0.2,2.15443,0.9,20,0.7566666666666666,0.16316317667360555,253,0.8333333333333333,0.7333333333333334,0.7166666666666667,1.0,0.5,0.43209137916564944,0.0015909671783447266
0.2,2.15443,0.9,50,0.8699999999999999,0.077746025264604,1,0.8333333333333333,0.9166666666666667,0.8,1.0,0.8,0.4291079998016357,0.0015985488891601563
0.2,7.74264,0.1,5,0.6533333333333333,0.10614455552060435,473,0.65,0.65,0.6333333333333333,0.8333333333333333,0.5,0.3209998607635498,0.001577281951904297
0.2,7.74264,0.1,10,0.6633333333333333,0.1127435635019184,456,0.6333333333333333,0.8333333333333333,0.6166666666666667,0.7333333333333334,0.5,0.3192742824554443,0.0015846729278564454
0.2,7.74264,0.1,20,0.7966666666666666,0.07630348761506399,71,0.7333333333333334,0.9166666666666667,0.8,0.8333333333333333,0.7,0.3190930366516113,0.0015879154205322265
0.2,7.74264,0.1,50,0.7933333333333333,0.07118052168020873,99,0.7333333333333334,0.8333333333333333,0.8,0.9,0.7,0.3202357769012451,0.0015903472900390624
0.2,7.74264,0.3,5,0.6466666666666666,0.143913554299486,503,0.6333333333333333,0.7333333333333334,0.6333333333333333,0.8333333333333333,0.4,0.4748838424682617,0.0017386436462402343
0.2,7.74264,0.3,10,0.6466666666666667,0.07774602526460404,494,0.6333333333333333,0.7333333333333334,0.5333333333333333,0.7333333333333334,0.6,0.47296600341796874,0.001590728759765625
0.2,7.74264,0.3,20,0.7733333333333333,0.17403703309608817,204,0.7333333333333334,0.9166666666666667,0.7166666666666667,1.0,0.5,0.48015847206115725,0.001608896255493164
0.2,7.74264,0.3,50,0.7733333333333333,0.11953614051360742,204,0.7333333333333334,0.9166666666666667,0.7166666666666667,0.9,0.6,0.48217344284057617,0.0015873432159423829
0.2,7.74264,0.5,5,0.6833333333333333,0.08819171036881968,405,0.6333333333333333,0.7333333333333334,0.6166666666666667,0.8333333333333333,0.6,0.548900842666626,0.0015475749969482422
0.2,7.74264,0.5,10,0.74,0.07118052168020873,301,0.6333333333333333,0.8333333333333333,0.8,0.7333333333333334,0.7,0.5471350193023682,0.0015441417694091798
0.2,7.74264,0.5,20,0.7200000000000001,0.13224556283251584,342,0.7333333333333334,0.7333333333333334,0.7166666666666667,0.9166666666666667,0.5,0.545173978805542,0.0015882015228271484
0.2,7.74264,0.5,50,0.74,0.09580071908799945,301,0.7333333333333334,0.75,0.7166666666666667,0.9,0.6,0.5474356651306153,0.0015913486480712891
0.2,7.74264,0.7,5,0.66,0.07930251502246882,467,0.7166666666666667,0.7333333333333334,0.5333333333333333,0.7166666666666667,0.6,0.6000396728515625,0.0015891551971435546
0.2,7.74264,0.7,10,0.7066666666666667,0.07423685817106696,379,0.6333333333333333,0.8333333333333333,0.6333333333333333,0.7333333333333334,0.7,0.5960076808929443,0.0015944957733154297
0.2,7.74264,0.7,20,0.7533333333333333,0.16,286,0.7333333333333334,0.7333333333333334,0.8,1.0,0.5,0.5951121807098388,0.0015913963317871094
0.2,7.74264,0.7,50,0.76,0.09521904571390467,244,0.7333333333333334,0.8333333333333333,0.6333333333333333,0.9,0.7,0.6000632762908935,0.0016019821166992187
0.2,7.74264,0.9,5,0.6433333333333333,0.07423685817106698,509,0.7166666666666667,0.7333333333333334,0.5333333333333333,0.6333333333333333,0.6,0.6617932319641113,0.001576995849609375
0.2,7.74264,0.9,10,0.7066666666666667,0.07423685817106696,379,0.6333333333333333,0.8333333333333333,0.6333333333333333,0.7333333333333334,0.7,0.662657642364502,0.0015972614288330077
0.2,7.74264,0.9,20,0.7733333333333333,0.13063945294843618,204,0.7333333333333334,0.7333333333333334,0.8,1.0,0.6,0.6636144638061523,0.001598501205444336
0.2,7.74264,0.9,50,0.78,0.11125546178852425,155,0.7333333333333334,0.75,0.7166666666666667,1.0,0.7,0.6648643493652344,0.0015947341918945313
0.2,27.8256,0.1,5,0.6699999999999999,0.11075498483890765,441,0.7333333333333334,0.65,0.6333333333333333,0.8333333333333333,0.5,0.3290584087371826,0.001582765579223633
0.2,27.8256,0.1,10,0.68,0.1396026106091462,419,0.6333333333333333,0.9166666666666667,0.6166666666666667,0.7333333333333334,0.5,0.3289360046386719,0.0015796661376953126
0.2,27.8256,0.1,20,0.7966666666666666,0.07630348761506399,71,0.7333333333333334,0.9166666666666667,0.8,0.8333333333333333,0.7,0.32887964248657225,0.0015865325927734374
0.2,27.8256,0.1,50,0.7766666666666666,0.06960204339273701,178,0.7333333333333334,0.75,0.8,0.9,0.7,0.32950868606567385,0.0015858173370361327
0.2,27.8256,0.3,5,0.6533333333333333,0.10614455552060435,473,0.65,0.65,0.6333333333333333,0.8333333333333333,0.5,0.48106884956359863,0.0015826225280761719
0.2,27.8256,0.3,10,0.63,0.14236104336041747,530,0.6333333333333333,0.8333333333333333,0.45,0.7333333333333334,0.5,0.4776617527008057,0.0015819549560546875
0.2,27.8256,0.3,20,0.7966666666666666,0.07630348761506399,71,0.7333333333333334,0.9166666666666667,0.8,0.8333333333333333,0.7,0.4767552375793457,0.0015418052673339844
0.2,27.8256,0.3,50,0.7933333333333333,0.07118052168020873,99,0.7333333333333334,0.8333333333333333,0.8,0.9,0.7,0.4775064945220947,0.001667928695678711
0.2,27.8256,0.5,5,0.67,0.08326663997864528,436,0.6333333333333333,0.65,0.6333333333333333,0.8333333333333333,0.6000000000000001,0.6080839157104492,0.0016037464141845704
0.2,27.8256,0.5,10,0.61,0.11718930554164632,544,0.6333333333333333,0.7333333333333334,0.45,0.7333333333333334,0.5,0.6065881729125977,0.0015875339508056641
0.2,27.8256,0.5,20,0.7933333333333333,0.14476033833738977,99,0.7333333333333334,0.9166666666666667,0.7166666666666667,1.0,0.6,0.6113828182220459,0.001589822769165039
0.2,27.8256,0.5,50,0.8066666666666666,0.13727506854649335,65,0.7333333333333334,1.0,0.8,0.9,0.6,0.616801118850708,0.00158233642578125
0.2,27.8256,0.7,5,0.6466666666666666,0.143913554299486,503,0.6333333333333333,0.7333333333333334,0.6333333333333333,0.8333333333333333,0.4,0.6863840103149415,0.0015899181365966798
0.2,27.8256,0.7,10,0.6466666666666667,0.07774602526460404,494,0.6333333333333333,0.7333333333333334,0.5333333333333333,0.7333333333333334,0.6,0.6870106220245361,0.0015745162963867188
0.2,27.8256,0.7,20,0.7566666666666666,0.18245242911205348,253,0.7333333333333334,0.9166666666666667,0.6333333333333333,1.0,0.5,0.6809398174285889,0.001601266860961914
0.2,27.8256,0.7,50,0.79,0.11623730516108466,141,0.7333333333333334,0.9166666666666667,0.8,0.9,0.6,0.6770175933837891,0.0015841484069824218
0.2,27.8256,0.9,5,0.6866666666666666,0.08589399151150083,397,0.6333333333333333,0.7333333333333334,0.6333333333333333,0.8333333333333333,0.6,0.7878724098205566,0.0015944957733154297
0.2,27.8256,0.9,10,0.72,0.09092121131323905,347,0.6333333333333333,0.8333333333333333,0.8,0.7333333333333334,0.6,0.7887974262237549,0.001600933074951172
0.2,27.8256,0.9,20,0.7566666666666666,0.16316317667360555,253,0.7333333333333334,0.8333333333333333,0.7166666666666667,1.0,0.5,0.7892534732818604,0.0015977382659912109
0.2,27.8256,0.9,50,0.79,0.11623730516108466,141,0.7333333333333334,0.9166666666666667,0.8,0.9,0.6,0.7910253047943115,0.0016013145446777343
0.2,100.0,0.1,5,0.6699999999999999,0.11075498483890765,441,0.7333333333333334,0.65,0.6333333333333333,0.8333333333333333,0.5,0.3800792217254639,0.0015414237976074218
0.2,100.0,0.1,10,0.6833333333333333,0.13824294235551815,405,0.6333333333333333,0.9166666666666667,0.6333333333333333,0.7333333333333334,0.5,0.3798037528991699,0.0015350341796875
0.2,100.0,0.1,20,0.7766666666666667,0.0997775303139718,165,0.6333333333333333,0.9166666666666667,0.8,0.8333333333333333,0.7,0.380401611328125,0.0015438079833984375
0.2,100.0,0.1,50,0.7766666666666666,0.06960204339273701,178,0.7333333333333334,0.75,0.8,0.9,0.7,0.38019366264343263,0.0015973567962646485
0.2,100.0,0.3,5,0.6699999999999999,0.11075498483890765,441,0.7333333333333334,0.65,0.6333333333333333,0.8333333333333333,0.5,0.391215181350708,0.0015970706939697266
0.2,100.0,0.3,10,0.6833333333333333,0.13824294235551815,405,0.6333333333333333,0.9166666666666667,0.6333333333333333,0.7333333333333334,0.5,0.3913851737976074,0.0015883922576904296
0.2,100.0,0.3,20,0.7766666666666667,0.0997775303139718,165,0.6333333333333333,0.9166666666666667,0.8,0.8333333333333333,0.7,0.39112653732299807,0.0015721797943115234
0.2,100.0,0.3,50,0.7766666666666666,0.06960204339273701,178,0.7333333333333334,0.75,0.8,0.9,0.7,0.3915822505950928,0.0015878677368164062
0.2,100.0,0.5,5,0.6699999999999999,0.11075498483890765,441,0.7333333333333334,0.65,0.6333333333333333,0.8333333333333333,0.5,0.4258297920227051,0.0017038345336914062
0.2,100.0,0.5,10,0.6466666666666667,0.1677961726487096,494,0.6333333333333333,0.9166666666666667,0.45,0.7333333333333334,0.5,0.42296905517578126,0.001570749282836914
0.2,100.0,0.5,20,0.7766666666666667,0.0997775303139718,165,0.6333333333333333,0.9166666666666667,0.8,0.8333333333333333,0.7,0.42261805534362795,0.0015918731689453125
0.2,100.0,0.5,50,0.7933333333333333,0.07118052168020873,99,0.7333333333333334,0.8333333333333333,0.8,0.9,0.7,0.42367939949035643,0.0015999794006347657
0.2,100.0,0.7,5,0.6699999999999999,0.11075498483890765,441,0.7333333333333334,0.65,0.6333333333333333,0.8333333333333333,0.5,0.46576972007751466,0.0016674041748046876
0.2,100.0,0.7,10,0.6633333333333333,0.1127435635019184,456,0.6333333333333333,0.8333333333333333,0.6166666666666667,0.7333333333333334,0.5,0.46737136840820315,0.0015928268432617188
0.2,100.0,0.7,20,0.7966666666666666,0.07630348761506399,71,0.7333333333333334,0.9166666666666667,0.8,0.8333333333333333,0.7,0.4660202503204346,0.0015832901000976563
0.2,100.0,0.7,50,0.7933333333333333,0.07118052168020873,99,0.7333333333333334,0.8333333333333333,0.8,0.9,0.7,0.46687140464782717,0.0015788555145263671
0.2,100.0,0.9,5,0.6533333333333333,0.10614455552060435,473,0.65,0.65,0.6333333333333333,0.8333333333333333,0.5,0.5421472072601319,0.0015859127044677735
0.2,100.0,0.9,10,0.6633333333333333,0.1127435635019184,456,0.6333333333333333,0.8333333333333333,0.6166666666666667,0.7333333333333334,0.5,0.5408626556396484,0.0015908241271972655
0.2,100.0,0.9,20,0.7966666666666666,0.07630348761506399,71,0.7333333333333334,0.9166666666666667,0.8,0.8333333333333333,0.7,0.5427825927734375,0.0016004085540771485
0.2,100.0,0.9,50,0.7933333333333333,0.07118052168020873,99,0.7333333333333334,0.8333333333333333,0.8,0.9,0.7,0.5421164512634278,0.001593303680419922
0.5,0.001,0.1,5,0.5,0.0,561,0.5,0.5,0.5,0.5,0.5,0.003240060806274414,0.0013930797576904297
0.5,0.001,0.1,10,0.5,0.0,561,0.5,0.5,0.5,0.5,0.5,0.003225564956665039,0.0013779640197753907
0.5,0.001,0.1,20,0.5,0.0,561,0.5,0.5,0.5,0.5,0.5,0.0032777786254882812,0.0014016151428222657
0.5,0.001,0.1,50,0.48666666666666664,0.116619037896906,657,0.3,0.6666666666666666,0.4666666666666667,0.5,0.5,0.0032851696014404297,0.0014113903045654297
0.5,0.001,0.3,5,0.5,0.0,561,0.5,0.5,0.5,0.5,0.5,0.0031945228576660155,0.001391124725341797
0.5,0.001,0.3,10,0.5,0.0,561,0.5,0.5,0.5,0.5,0.5,0.003234529495239258,0.0013866424560546875
0.5,0.001,0.3,20,0.5,0.0,561,0.5,0.5,0.5,0.5,0.5,0.0032586097717285157,0.0013914108276367188
0.5,0.001,0.3,50,0.48666666666666664,0.116619037896906,657,0.3,0.6666666666666666,0.4666666666666667,0.5,0.5,0.0032739639282226562,0.0013939857482910157
0.5,0.001,0.5,5,0.5,0.0,561,0.5,0.5,0.5,0.5,0.5,0.0031995773315429688,0.0013815879821777344
0.5,0.001,0.5,10,0.5,0.0,561,0.5,0.5,0.5,0.5,0.5,0.0031964778900146484,0.001389455795288086
0.5,0.001,0.5,20,0.5,0.0,561,0.5,0.5,0.5,0.5,0.5,0.003289318084716797,0.0013935565948486328
0.5,0.001,0.5,50,0.48666666666666664,0.116619037896906,657,0.3,0.6666666666666666,0.4666666666666667,0.5,0.5,0.0032762527465820313,0.001397085189819336
0.5,0.001,0.7,5,0.5,0.0,561,0.5,0.5,0.5,0.5,0.5,0.0031948089599609375,0.0013980388641357422
0.5,0.001,0.7,10,0.5,0.0,561,0.5,0.5,0.5,0.5,0.5,0.003207492828369141,0.0013956069946289063
0.5,0.001,0.7,20,0.5,0.0,561,0.5,0.5,0.5,0.5,0.5,0.0032938003540039064,0.0014032840728759766
0.5,0.001,0.7,50,0.48666666666666664,0.116619037896906,657,0.3,0.6666666666666666,0.4666666666666667,0.5,0.5,0.0032819271087646484,0.001397991180419922
0.5,0.001,0.9,5,0.5,0.0,561,0.5,0.5,0.5,0.5,0.5,0.0032056331634521484,0.0013867855072021485
0.5,0.001,0.9,10,0.5,0.0,561,0.5,0.5,0.5,0.5,0.5,0.003204011917114258,0.001398468017578125
0.5,0.001,0.9,20,0.5,0.0,561,0.5,0.5,0.5,0.5,0.5,0.0033051490783691405,0.001387166976928711
0.5,0.001,0.9,50,0.48666666666666664,0.116619037896906,657,0.3,0.6666666666666666,0.4666666666666667,0.5,0.5,0.003271484375,0.001394939422607422
0.5,0.00359381,0.1,5,0.5,0.0,561,0.5,0.5,0.5,0.5,0.5,0.0036993503570556642,0.0013858318328857423
0.5,0.00359381,0.1,10,0.5,0.0,561,0.5,0.5,0.5,0.5,0.5,0.0036724090576171877,0.0013985633850097656
0.5,0.00359381,0.1,20,0.5,0.0,561,0.5,0.5,0.5,0.5,0.5,0.0037477970123291015,0.0013939857482910157
0.5,0.00359381,0.1,50,0.48666666666666664,0.116619037896906,657,0.3,0.6666666666666666,0.4666666666666667,0.5,0.5,0.0037364959716796875,0.0013894081115722657
0.5,0.00359381,0.3,5,0.5,0.0,561,0.5,0.5,0.5,0.5,0.5,0.0031995296478271483,0.0013810157775878905
0.5,0.00359381,0.3,10,0.5,0.0,561,0.5,0.5,0.5,0.5,0.5,0.003239011764526367,0.0013848304748535155
0.5,0.00359381,0.3,20,0.5,0.0,561,0.5,0.5,0.5,0.5,0.5,0.0032108783721923827,0.0013651371002197266
0.5,0.00359381,0.3,50,0.48666666666666664,0.116619037896906,657,0.3,0.6666666666666666,0.4666666666666667,0.5,0.5,0.003236818313598633,0.0013916492462158203
0.5,0.00359381,0.5,5,0.5,0.0,561,0.5,0.5,0.5,0.5,0.5,0.0031941413879394533,0.001378774642944336
0.5,0.00359381,0.5,10,0.5,0.0,561,0.5,0.5,0.5,0.5,0.5,0.003205728530883789,0.001448345184326172
0.5,0.00359381,0.5,20,0.5,0.0,561,0.5,0.5,0.5,0.5,0.5,0.003212642669677734,0.0013864517211914062
0.5,0.00359381,0.5,50,0.48666666666666664,0.116619037896906,657,0.3,0.6666666666666666,0.4666666666666667,0.5,0.5,0.0032428741455078126,0.0013895034790039062
0.5,0.00359381,0.7,5,0.5,0.0,561,0.5,0.5,0.5,0.5,0.5,0.003187417984008789,0.0013875484466552735
0.5,0.00359381,0.7,10,0.5,0.0,561,0.5,0.5,0.5,0.5,0.5,0.0032462120056152345,0.001384735107421875
0.5,0.00359381,0.7,20,0.5,0.0,561,0.5,0.5,0.5,0.5,0.5,0.003229188919067383,0.0014007568359375
0.5,0.00359381,0.7,50,0.48666666666666664,0.116619037896906,657,0.3,0.6666666666666666,0.4666666666666667,0.5,0.5,0.0032679080963134766,0.001386547088623047
0.5,0.00359381,0.9,5,0.5,0.0,561,0.5,0.5,0.5,0.5,0.5,0.003172636032104492,0.001387310028076172
0.5,0.00359381,0.9,10,0.5,0.0,561,0.5,0.5,0.5,0.5,0.5,0.0032191753387451174,0.0014435768127441407
0.5,0.00359381,0.9,20,0.5,0.0,561,0.5,0.5,0.5,0.5,0.5,0.003208160400390625,0.0013918399810791016
0.5,0.00359381,0.9,50,0.48666666666666664,0.116619037896906,657,0.3,0.6666666666666666,0.4666666666666667,0.5,0.5,0.0032441139221191405,0.0013819217681884765
0.5,0.0129155,0.1,5,0.75,0.08755950357709136,297,0.6666666666666666,0.9166666666666667,0.7166666666666667,0.75,0.7,0.012376070022583008,0.0013792037963867188
0.5,0.0129155,0.1,10,0.8333333333333334,0.07226494462892934,13,0.7333333333333334,0.9166666666666667,0.8,0.9166666666666667,0.8,0.012399530410766602,0.0013865947723388672
0.5,0.0129155,0.1,20,0.8133333333333332,0.13224556283251584,34,0.6333333333333333,0.9166666666666667,0.7166666666666667,1.0,0.8,0.012352418899536134,0.0013898849487304688
0.5,0.0129155,0.1,50,0.8133333333333332,0.09030811456096047,34,0.8333333333333333,0.9166666666666667,0.7166666666666667,0.9,0.7,0.01228175163269043,0.0013925552368164063
0.5,0.0129155,0.3,5,0.5,0.0,561,0.5,0.5,0.5,0.5,0.5,0.0036835670471191406,0.0013855934143066407
0.5,0.0129155,0.3,10,0.5,0.0,561,0.5,0.5,0.5,0.5,0.5,0.003732585906982422,0.0013844966888427734
0.5,0.0129155,0.3,20,0.5,0.0,561,0.5,0.5,0.5,0.5,0.5,0.0037015438079833984,0.0013852119445800781
0.5,0.0129155,0.3,50,0.48666666666666664,0.116619037896906,657,0.3,0.6666666666666666,0.4666666666666667,0.5,0.5,0.003742694854736328,0.0013885021209716797
0.5,0.0129155,0.5,5,0.5,0.0,561,0.5,0.5,0.5,0.5,0.5,0.0036734580993652345,0.001377248764038086
0.5,0.0129155,0.5,10,0.5,0.0,561,0.5,0.5,0.5,0.5,0.5,0.0037721633911132813,0.0013778209686279297
0.5,0.0129155,0.5,20,0.5,0.0,561,0.5,0.5,0.5,0.5,0.5,0.0036887645721435545,0.0013816356658935547
0.5,0.0129155,0.5,50,0.48666666666666664,0.116619037896906,657,0.3,0.6666666666666666,0.4666666666666667,0.5,0.5,0.0037509441375732423,0.0013881683349609374
0.5,0.0129155,0.7,5,0.5,0.0,561,0.5,0.5,0.5,0.5,0.5,0.003644561767578125,0.0013799190521240235
0.5,0.0129155,0.7,10,0.5,0.0,561,0.5,0.5,0.5,0.5,0.5,0.003693389892578125,0.0013775348663330079
0.5,0.0129155,0.7,20,0.5,0.0,561,0.5,0.5,0.5,0.5,0.5,0.003642892837524414,0.001375293731689453
0.5,0.0129155,0.7,50,0.48666666666666664,0.116619037896906,657,0.3,0.6666666666666666,0.4666666666666667,0.5,0.5,0.003683328628540039,0.0013952255249023438
0.5,0.0129155,0.9,5,0.5,0.0,561,0.5,0.5,0.5,0.5,0.5,0.0034263134002685547,0.0013741016387939452
0.5,0.0129155,0.9,10,0.5,0.0,561,0.5,0.5,0.5,0.5,0.5,0.0033983707427978514,0.001379680633544922
0.5,0.0129155,0.9,20,0.5,0.0,561,0.5,0.5,0.5,0.5,0.5,0.0033487796783447264,0.0013902664184570312
0.5,0.0129155,0.9,50,0.48666666666666664,0.116619037896906,657,0.3,0.6666666666666666,0.4666666666666667,0.5,0.5,0.003421306610107422,0.0013854503631591797
0.5,0.0464159,0.1,5,0.7366666666666666,0.11709445380166866,324,0.6333333333333333,0.9166666666666667,0.7166666666666667,0.8166666666666667,0.6,0.022724628448486328,0.0014146804809570313
0.5,0.0464159,0.1,10,0.7533333333333334,0.11897712198383167,284,0.6333333333333333,0.9166666666666667,0.8,0.8166666666666667,0.6,0.022865152359008788,0.0013928890228271484
0.5,0.0464159,0.1,20,0.7766666666666666,0.1339983416149452,178,0.7333333333333334,0.8333333333333333,0.7166666666666667,1.0,0.6,0.022710275650024415,0.001393890380859375
0.5,0.0464159,0.1,50,0.7933333333333333,0.13063945294843618,99,0.7333333333333334,0.8333333333333333,0.8,1.0,0.6,0.022800970077514648,0.0013951301574707032
0.5,0.0464159,0.3,5,0.7666666666666666,0.11972189997378649,239,0.6666666666666666,1.0,0.7166666666666667,0.75,0.7,0.023519182205200197,0.0013901233673095704
0.5,0.0464159,0.3,10,0.85,0.09545214042184234,6,0.7333333333333334,0.9166666666666667,0.8,1.0,0.8,0.023412036895751952,0.0013878822326660156
0.5,0.0464159,0.3,20,0.8333333333333334,0.10903618155864084,13,0.7333333333333334,0.9166666666666667,0.7166666666666667,1.0,0.8,0.023499774932861327,0.0013832569122314454
0.5,0.0464159,0.3,50,0.8299999999999998,0.07774602526460403,31,0.8333333333333333,0.9166666666666667,0.8,0.9,0.7,0.02395153045654297,0.0014095306396484375
0.5,0.0464159,0.5,5,0.6433333333333333,0.08137703743822469,509,0.6666666666666666,0.5,0.6166666666666667,0.7333333333333334,0.7,0.017182064056396485,0.0013927459716796876
0.5,0.0464159,0.5,10,0.7300000000000001,0.1484737163421339,336,0.8333333333333333,0.5,0.6166666666666667,0.9,0.8,0.017378520965576173,0.0013928890228271484
0.5,0.0464159,0.5,20,0.6966666666666667,0.139204086785474,393,0.65,0.5,0.6333333333333333,0.9,0.8,0.017252635955810548,0.0013852119445800781
0.5,0.0464159,0.5,50,0.7833333333333332,0.0596284793999944,154,0.8333333333333333,0.6666666666666666,0.8,0.8166666666666667,0.8,0.017032146453857422,0.0013943195343017578
0.5,0.0464159,0.7,5,0.5,0.0,561,0.5,0.5,0.5,0.5,0.5,0.004092502593994141,0.001439380645751953
0.5,0.0464159,0.7,10,0.5,0.0,561,0.5,0.5,0.5,0.5,0.5,0.004103517532348633,0.0013842105865478516
0.5,0.0464159,0.7,20,0.5,0.0,561,0.5,0.5,0.5,0.5,0.5,0.004107379913330078,0.0013751983642578125
0.5,0.0464159,0.7,50,0.48666666666666664,0.116619037896906,657,0.3,0.6666666666666666,0.4666666666666667,0.5,0.5,0.004148054122924805,0.0013875007629394532
0.5,0.0464159,0.9,5,0.5,0.0,561,0.5,0.5,0.5,0.5,0.5,0.0038550376892089845,0.0013901710510253907
0.5,0.0464159,0.9,10,0.5,0.0,561,0.5,0.5,0.5,0.5,0.5,0.003822946548461914,0.0013846397399902345
0.5,0.0464159,0.9,20,0.5,0.0,561,0.5,0.5,0.5,0.5,0.5,0.0038446426391601563,0.0013790130615234375
0.5,0.0464159,0.9,50,0.48666666666666664,0.116619037896906,657,0.3,0.6666666666666666,0.4666666666666667,0.5,0.5,0.00392308235168457,0.0014053821563720704
0.5,0.16681,0.1,5,0.6466666666666667,0.04521553322083515,494,0.6333333333333333,0.7333333333333334,0.6333333333333333,0.6333333333333333,0.6,0.05200252532958984,0.0014044761657714844
0.5,0.16681,0.1,10,0.7166666666666666,0.14414498873626438,377,0.6333333333333333,0.9166666666666667,0.7166666666666667,0.8166666666666667,0.5,0.051567888259887694,0.0014033794403076171
0.5,0.16681,0.1,20,0.8300000000000001,0.11274356350191843,20,0.7333333333333334,0.9166666666666667,0.8,1.0,0.7,0.05171074867248535,0.001414918899536133
0.5,0.16681,0.1,50,0.7766666666666666,0.0771722460186015,178,0.7333333333333334,0.8333333333333333,0.7166666666666667,0.9,0.7,0.052189302444458005,0.001413726806640625
0.5,0.16681,0.3,5,0.72,0.07408703590297622,347,0.7166666666666667,0.8333333333333333,0.7166666666666667,0.7333333333333334,0.6,0.05971379280090332,0.0013997077941894532
0.5,0.16681,0.3,10,0.7333333333333334,0.16733200530681513,327,0.6333333333333333,0.7333333333333334,0.8,1.0,0.5,0.05976724624633789,0.0014148712158203124
0.5,0.16681,0.3,20,0.7933333333333333,0.13063945294843618,99,0.7333333333333334,0.8333333333333333,0.8,1.0,0.6,0.05977849960327149,0.0013981342315673828
0.5,0.16681,0.3,50,0.8166666666666667,0.10110500592068733,33,0.7333333333333334,0.8333333333333333,0.7166666666666667,1.0,0.8,0.059842395782470706,0.0014081001281738281
0.5,0.16681,0.5,5,0.7600000000000001,0.09521904571390469,243,0.65,0.9166666666666667,0.7166666666666667,0.8166666666666667,0.7,0.06541213989257813,0.0014066696166992188
0.5,0.16681,0.5,10,0.7933333333333334,0.11953614051360742,97,0.7333333333333334,0.9166666666666667,0.8,0.9166666666666667,0.6,0.06538033485412598,0.001414012908935547
0.5,0.16681,0.5,20,0.8099999999999999,0.13968217893171309,50,0.7333333333333334,0.9166666666666667,0.8,1.0,0.6,0.06558194160461425,0.0014042854309082031
0.5,0.16681,0.5,50,0.8133333333333332,0.09030811456096047,34,0.8333333333333333,0.9166666666666667,0.7166666666666667,0.9,0.7,0.0655186653137207,0.0014050960540771484
0.5,0.16681,0.7,5,0.74,0.11135528725660045,301,0.65,0.9166666666666667,0.6166666666666667,0.8166666666666667,0.7,0.07061295509338379,0.0013889312744140626
0.5,0.16681,0.7,10,0.7933333333333334,0.11953614051360742,97,0.7333333333333334,0.9166666666666667,0.8,0.9166666666666667,0.6,0.07058181762695312,0.0014031887054443359
0.5,0.16681,0.7,20,0.7933333333333333,0.13063945294843612,99,0.7333333333333334,0.8333333333333333,0.8,1.0,0.6000000000000001,0.07055597305297852,0.0013979434967041015
0.5,0.16681,0.7,50,0.8133333333333332,0.0653197264742181,34,0.8333333333333333,0.8333333333333333,0.8,0.9,0.7,0.07198524475097656,0.0014463901519775391
0.5,0.16681,0.9,5,0.74,0.11135528725660045,301,0.65,0.9166666666666667,0.6166666666666667,0.8166666666666667,0.7,0.07191128730773926,0.0014251708984375
0.5,0.16681,0.9,10,0.8133333333333332,0.12174654911833117,34,0.7333333333333334,0.9166666666666667,0.7166666666666667,1.0,0.7,0.07182874679565429,0.0014154434204101563
0.5,0.16681,0.9,20,0.7966666666666666,0.11175369742826806,71,0.7333333333333334,0.8333333333333333,0.7166666666666667,1.0,0.7,0.07177200317382812,0.001434659957885742
0.5,0.16681,0.9,50,0.85,0.04944132324730443,6,0.8333333333333333,0.9166666666666667,0.8,0.9,0.8,0.07048850059509278,0.0015125751495361328
0.5,0.599484,0.1,5,0.6833333333333333,0.12110601416389967,405,0.6333333333333333,0.8333333333333333,0.8,0.65,0.5,0.12241301536560059,0.001563262939453125
0.5,0.599484,0.1,10,0.72,0.132664991614216,347,0.6333333333333333,0.8333333333333333,0.8,0.8333333333333333,0.5,0.12256026268005371,0.0015663623809814454
0.5,0.599484,0.1,20,0.7533333333333333,0.17204650534085256,286,0.6333333333333333,0.8333333333333333,0.8,1.0,0.5,0.12250809669494629,0.0015792369842529297
0.5,0.599484,0.1,50,0.7966666666666666,0.11175369742826806,71,0.7333333333333334,0.8333333333333333,0.7166666666666667,1.0,0.7,0.12253756523132324,0.0015735149383544922
0.5,0.599484,0.3,5,0.6866666666666666,0.08589399151150083,397,0.6333333333333333,0.8333333333333333,0.6333333333333333,0.7333333333333334,0.6,0.13677220344543456,0.0015799999237060547
0.5,0.599484,0.3,10,0.6633333333333333,0.10132456102380444,456,0.6333333333333333,0.7333333333333334,0.8,0.65,0.5,0.13657355308532715,0.0015937328338623048
0.5,0.599484,0.3,20,0.7966666666666666,0.11175369742826806,71,0.7333333333333334,0.8333333333333333,0.7166666666666667,1.0,0.7,0.13671092987060546,0.0015817642211914062
0.5,0.599484,0.3,50,0.78,0.11125546178852425,155,0.7333333333333334,0.75,0.7166666666666667,1.0,0.7,0.1366884231567383,0.0015701770782470704
0.5,0.599484,0.5,5,0.68,0.05312459150169745,419,0.7166666666666667,0.7333333333333334,0.6333333333333333,0.7166666666666667,0.6,0.15977029800415038,0.0015714645385742187
0.5,0.599484,0.5,10,0.7166666666666667,0.1043498389499902,364,0.6333333333333333,0.7333333333333334,0.7166666666666667,0.9,0.6,0.1599102020263672,0.001578378677368164
0.5,0.599484,0.5,20,0.7933333333333333,0.13063945294843618,99,0.7333333333333334,0.8333333333333333,0.8,1.0,0.6,0.1602118968963623,0.0015869140625
0.5,0.599484,0.5,50,0.7966666666666666,0.11175369742826806,71,0.7333333333333334,0.8333333333333333,0.7166666666666667,1.0,0.7,0.16018342971801758,0.0015894412994384766
0.5,0.599484,0.7,5,0.72,0.0644635986860457,347,0.7166666666666667,0.8333333333333333,0.6333333333333333,0.7166666666666667,0.7,0.1809572696685791,0.0015901565551757813
0.5,0.599484,0.7,10,0.7166666666666667,0.10434983894999018,364,0.6333333333333333,0.7333333333333334,0.7166666666666667,0.9,0.6000000000000001,0.18323192596435547,0.0016109943389892578
0.5,0.599484,0.7,20,0.79,0.17178798302300166,141,0.7333333333333334,0.9166666666666667,0.8,1.0,0.5,0.18092951774597169,0.0015748500823974609
0.5,0.599484,0.7,50,0.8699999999999999,0.077746025264604,1,0.8333333333333333,0.9166666666666667,0.8,1.0,0.8,0.18077754974365234,0.001574563980102539
0.5,0.599484,0.9,5,0.74,0.07498147919467994,301,0.7166666666666667,0.8333333333333333,0.6333333333333333,0.8166666666666667,0.7,0.2607885360717773,0.0015935897827148438
0.5,0.599484,0.9,10,0.7566666666666667,0.13148721948877345,251,0.7333333333333334,0.7333333333333334,0.7166666666666667,1.0,0.6,0.2668591499328613,0.0015783309936523438
0.5,0.599484,0.9,20,0.7933333333333333,0.13063945294843618,99,0.7333333333333334,0.8333333333333333,0.8,1.0,0.6,0.26565089225769045,0.0015926837921142578
0.5,0.599484,0.9,50,0.8699999999999999,0.077746025264604,1,0.8333333333333333,0.9166666666666667,0.8,1.0,0.8,0.26555933952331545,0.0016221046447753907
0.5,2.15443,0.1,5,0.6299999999999999,0.11661903789690599,531,0.6333333333333333,0.65,0.5333333333333333,0.8333333333333333,0.5,0.24475431442260742,0.0016048908233642577
0.5,2.15443,0.1,10,0.7200000000000001,0.05906681715556451,342,0.6333333333333333,0.7333333333333334,0.7166666666666667,0.8166666666666667,0.7,0.24294404983520507,0.0015888214111328125
0.5,2.15443,0.1,20,0.7566666666666666,0.15441646429200628,253,0.7333333333333334,0.9166666666666667,0.7166666666666667,0.9166666666666667,0.5,0.2408060073852539,0.0015761852264404297
0.5,2.15443,0.1,50,0.76,0.07195677714974302,244,0.7333333333333334,0.75,0.7166666666666667,0.9,0.7,0.2411715030670166,0.001605224609375
0.5,2.15443,0.3,5,0.6833333333333333,0.08819171036881968,405,0.6333333333333333,0.8333333333333333,0.6166666666666667,0.7333333333333334,0.6,0.2990566730499268,0.0017322540283203126
0.5,2.15443,0.3,10,0.7233333333333333,0.06463573143221771,338,0.6333333333333333,0.8333333333333333,0.7166666666666667,0.7333333333333334,0.7,0.3001288890838623,0.0015951633453369141
0.5,2.15443,0.3,20,0.8099999999999999,0.13968217893171309,50,0.7333333333333334,0.9166666666666667,0.8,1.0,0.6,0.3003678321838379,0.0015872955322265626
0.5,2.15443,0.3,50,0.78,0.11125546178852425,155,0.7333333333333334,0.75,0.7166666666666667,1.0,0.7,0.3002020835876465,0.0015990734100341797
0.5,2.15443,0.5,5,0.7033333333333334,0.0819213715162967,383,0.7166666666666667,0.8333333333333333,0.6333333333333333,0.7333333333333334,0.6,0.3226911544799805,0.001584005355834961
0.5,2.15443,0.5,10,0.7233333333333333,0.06463573143221771,338,0.6333333333333333,0.8333333333333333,0.7166666666666667,0.7333333333333334,0.7,0.3172587871551514,0.001588916778564453
0.5,2.15443,0.5,20,0.7733333333333333,0.13063945294843618,204,0.7333333333333334,0.7333333333333334,0.8,1.0,0.6,0.3175103187561035,0.0015893936157226562
0.5,2.15443,0.5,50,0.78,0.11125546178852425,155,0.7333333333333334,0.75,0.7166666666666667,1.0,0.7,0.3223392486572266,0.0015850067138671875
0.5,2.15443,0.7,5,0.7,0.08096638534327412,389,0.7166666666666667,0.8333333333333333,0.6333333333333333,0.7166666666666667,0.6,0.3491776943206787,0.001590871810913086
0.5,2.15443,0.7,10,0.7233333333333333,0.06463573143221771,338,0.6333333333333333,0.8333333333333333,0.7166666666666667,0.7333333333333334,0.7,0.3492734432220459,0.0015913486480712891
0.5,2.15443,0.7,20,0.7766666666666666,0.1339983416149452,178,0.8333333333333333,0.7333333333333334,0.7166666666666667,1.0,0.6,0.34932689666748046,0.001580667495727539
0.5,2.15443,0.7,50,0.7966666666666666,0.11175369742826806,71,0.7333333333333334,0.8333333333333333,0.7166666666666667,1.0,0.7,0.3496106624603271,0.0015463829040527344
0.5,2.15443,0.9,5,0.72,0.0644635986860457,347,0.7166666666666667,0.8333333333333333,0.6333333333333333,0.7166666666666667,0.7,0.43009676933288576,0.0015313148498535157
0.5,2.15443,0.9,10,0.7233333333333334,0.07423685817106694,337,0.7333333333333334,0.8333333333333333,0.7166666666666667,0.7333333333333334,0.6,0.42847328186035155,0.0015714168548583984
0.5,2.15443,0.9,20,0.7366666666666666,0.19618585292749546,324,0.8333333333333333,0.7333333333333334,0.7166666666666667,1.0,0.4,0.429245662689209,0.0015828132629394532
0.5,2.15443,0.9,50,0.8699999999999999,0.077746025264604,1,0.8333333333333333,0.9166666666666667,0.8,1.0,0.8,0.4283576488494873,0.0015935420989990235
0.5,7.74264,0.1,5,0.6366666666666667,0.07986099033807294,524,0.65,0.65,0.6333333333333333,0.75,0.5,0.3184358596801758,0.0015860557556152343
0.5,7.74264,0.1,10,0.6666666666666666,0.11155467020454339,452,0.6333333333333333,0.8333333333333333,0.6333333333333333,0.7333333333333334,0.5,0.3199303150177002,0.0015795230865478516
0.5,7.74264,0.1,20,0.8,0.07226494462892934,69,0.7333333333333334,0.9166666666666667,0.7166666666666667,0.8333333333333333,0.8,0.32041659355163576,0.0015892982482910156
0.5,7.74264,0.1,50,0.7766666666666666,0.0771722460186015,178,0.7333333333333334,0.8333333333333333,0.7166666666666667,0.9,0.7,0.3237759590148926,0.0015781402587890625
0.5,7.74264,0.3,5,0.65,0.0894427190999916,485,0.6333333333333333,0.7333333333333334,0.6333333333333333,0.75,0.5,0.4812944412231445,0.001589488983154297
0.5,7.74264,0.3,10,0.6833333333333333,0.05577733510227174,405,0.6333333333333333,0.7333333333333334,0.7166666666666667,0.7333333333333334,0.6,0.48198676109313965,0.0015957355499267578
0.5,7.74264,0.3,20,0.7733333333333334,0.15369522511198005,202,0.7333333333333334,0.9166666666666667,0.8,0.9166666666666667,0.5,0.47997612953186036,0.0015976905822753906
0.5,7.74264,0.3,50,0.7766666666666666,0.0771722460186015,178,0.7333333333333334,0.8333333333333333,0.7166666666666667,0.9,0.7,0.4810917854309082,0.0016036510467529296
0.5,7.74264,0.5,5,0.67,0.10770329614269006,436,0.6333333333333333,0.8333333333333333,0.5333333333333333,0.75,0.6,0.5530894279479981,0.001581430435180664
0.5,7.74264,0.5,10,0.7233333333333333,0.06463573143221771,338,0.6333333333333333,0.8333333333333333,0.7166666666666667,0.7333333333333334,0.7,0.548297119140625,0.0015748500823974609
0.5,7.74264,0.5,20,0.7566666666666666,0.14126413400278062,253,0.7333333333333334,0.8333333333333333,0.8,0.9166666666666667,0.5,0.5533640384674072,0.0015960693359375
0.5,7.74264,0.5,50,0.78,0.11125546178852425,155,0.7333333333333334,0.75,0.7166666666666667,1.0,0.7,0.5535694599151612,0.0015899181365966798
0.5,7.74264,0.7,5,0.6666666666666667,0.09718253158075499,451,0.7166666666666667,0.8333333333333333,0.6166666666666667,0.5666666666666667,0.6,0.6049130439758301,0.0015920162200927734
0.5,7.74264,0.7,10,0.7066666666666667,0.07423685817106696,379,0.6333333333333333,0.8333333333333333,0.6333333333333333,0.7333333333333334,0.7,0.5955666065216064,0.0017236709594726563
0.5,7.74264,0.7,20,0.7533333333333333,0.16,286,0.7333333333333334,0.7333333333333334,0.8,1.0,0.5,0.5917880535125732,0.0015859603881835938
0.5,7.74264,0.7,50,0.78,0.11125546178852425,155,0.7333333333333334,0.75,0.7166666666666667,1.0,0.7,0.5931076049804688,0.001572418212890625
0.5,7.74264,0.9,5,0.6633333333333333,0.10349449797506681,456,0.7166666666666667,0.8333333333333333,0.5333333333333333,0.6333333333333333,0.6,0.6630305290222168,0.0015648841857910157
0.5,7.74264,0.9,10,0.7066666666666667,0.07423685817106696,379,0.6333333333333333,0.8333333333333333,0.6333333333333333,0.7333333333333334,0.7,0.6759553909301758,0.0015970230102539062
0.5,7.74264,0.9,20,0.72,0.1641137816678823,347,0.7333333333333334,0.7333333333333334,0.6333333333333333,1.0,0.5,0.6763890266418457,0.0016053676605224609
0.5,7.74264,0.9,50,0.76,0.13106402167558334,244,0.7333333333333334,0.75,0.7166666666666667,1.0,0.6,0.6805824279785156,0.0015990734100341797
0.5,27.8256,0.1,5,0.6533333333333333,0.08906926143924926,473,0.7333333333333334,0.65,0.6333333333333333,0.75,0.5,0.33368716239929197,0.0016621589660644532
0.5,27.8256,0.1,10,0.6833333333333333,0.13824294235551815,405,0.6333333333333333,0.9166666666666667,0.6333333333333333,0.7333333333333334,0.5,0.3311167240142822,0.0015867233276367187
0.5,27.8256,0.1,20,0.78,0.0825967446224258,155,0.7333333333333334,0.9166666666666667,0.7166666666666667,0.8333333333333333,0.7,0.3311304569244385,0.0015941619873046874
0.5,27.8256,0.1,50,0.7966666666666666,0.11175369742826806,71,0.7333333333333334,0.8333333333333333,0.7166666666666667,1.0,0.7,0.3313735485076904,0.0015982627868652345
0.5,27.8256,0.3,5,0.6366666666666667,0.07986099033807294,524,0.65,0.65,0.6333333333333333,0.75,0.5,0.4792809009552002,0.0017425060272216798
0.5,27.8256,0.3,10,0.6466666666666667,0.12400716825158847,494,0.6333333333333333,0.8333333333333333,0.5333333333333333,0.7333333333333334,0.5,0.4775976657867432,0.0015830516815185547
0.5,27.8256,0.3,20,0.78,0.0825967446224258,155,0.7333333333333334,0.9166666666666667,0.7166666666666667,0.8333333333333333,0.7,0.4804556369781494,0.0016669750213623047
0.5,27.8256,0.3,50,0.7766666666666666,0.0771722460186015,178,0.7333333333333334,0.8333333333333333,0.7166666666666667,0.9,0.7,0.4801377773284912,0.0015940189361572266
0.5,27.8256,0.5,5,0.67,0.08326663997864528,436,0.6333333333333333,0.65,0.6333333333333333,0.8333333333333333,0.6000000000000001,0.6166183471679687,0.0015887737274169922
0.5,27.8256,0.5,10,0.6266666666666667,0.097524925588852,532,0.6333333333333333,0.7333333333333334,0.5333333333333333,0.7333333333333334,0.5,0.6059712886810302,0.0016036510467529296
0.5,27.8256,0.5,20,0.74,0.16213848676020418,301,0.7333333333333334,0.9166666666666667,0.6333333333333333,0.9166666666666667,0.5,0.6073332309722901,0.001585102081298828
0.5,27.8256,0.5,50,0.7933333333333333,0.09463379711052262,99,0.7333333333333334,0.9166666666666667,0.7166666666666667,0.9,0.7,0.607813549041748,0.0015820503234863282
0.5,27.8256,0.7,5,0.65,0.0894427190999916,485,0.6333333333333333,0.7333333333333334,0.6333333333333333,0.75,0.5,0.6765388011932373,0.001641082763671875
0.5,27.8256,0.7,10,0.6833333333333333,0.05577733510227174,405,0.6333333333333333,0.7333333333333334,0.7166666666666667,0.7333333333333334,0.6,0.6793344974517822,0.0015884876251220704
0.5,27.8256,0.7,20,0.74,0.16213848676020418,301,0.7333333333333334,0.9166666666666667,0.6333333333333333,0.9166666666666667,0.5,0.6746953964233399,0.0015666961669921875
0.5,27.8256,0.7,50,0.7766666666666666,0.0771722460186015,178,0.7333333333333334,0.8333333333333333,0.7166666666666667,0.9,0.7,0.6783511161804199,0.0017029762268066407
0.5,27.8256,0.9,5,0.67,0.060000000000000026,436,0.6333333333333333,0.7333333333333334,0.6333333333333333,0.75,0.6,0.7884753704071045,0.0015897274017333985
0.5,27.8256,0.9,10,0.7033333333333334,0.0819213715162967,383,0.6333333333333333,0.8333333333333333,0.7166666666666667,0.7333333333333334,0.6,0.7877741813659668,0.0016023635864257813
0.5,27.8256,0.9,20,0.7566666666666666,0.14126413400278062,253,0.7333333333333334,0.8333333333333333,0.8,0.9166666666666667,0.5,0.7910654067993164,0.0015861988067626953
0.5,27.8256,0.9,50,0.7966666666666666,0.11175369742826806,71,0.7333333333333334,0.8333333333333333,0.7166666666666667,1.0,0.7,0.7876718044281006,0.0016007423400878906
0.5,100.0,0.1,5,0.6533333333333333,0.08906926143924926,473,0.7333333333333334,0.65,0.6333333333333333,0.75,0.5,0.379820442199707,0.0015854835510253906
0.5,100.0,0.1,10,0.6833333333333333,0.13824294235551815,405,0.6333333333333333,0.9166666666666667,0.6333333333333333,0.7333333333333334,0.5,0.37975139617919923,0.0016138076782226563
0.5,100.0,0.1,20,0.76,0.10143416036468629,244,0.6333333333333333,0.9166666666666667,0.7166666666666667,0.8333333333333333,0.7,0.38071722984313966,0.0015949249267578126
0.5,100.0,0.1,50,0.7766666666666666,0.1339983416149452,178,0.7333333333333334,0.8333333333333333,0.7166666666666667,1.0,0.6,0.3798999786376953,0.001574087142944336
0.5,100.0,0.3,5,0.6533333333333333,0.08906926143924926,473,0.7333333333333334,0.65,0.6333333333333333,0.75,0.5,0.3933755397796631,0.0015875816345214844
0.5,100.0,0.3,10,0.6833333333333333,0.13824294235551815,405,0.6333333333333333,0.9166666666666667,0.6333333333333333,0.7333333333333334,0.5,0.39133644104003906,0.0015920639038085938
0.5,100.0,0.3,20,0.76,0.10143416036468629,244,0.6333333333333333,0.9166666666666667,0.7166666666666667,0.8333333333333333,0.7,0.39127936363220217,0.0016522407531738281
0.5,100.0,0.3,50,0.7966666666666666,0.11175369742826806,71,0.7333333333333334,0.8333333333333333,0.7166666666666667,1.0,0.7,0.3930373668670654,0.001592540740966797
0.5,100.0,0.5,5,0.6533333333333333,0.08906926143924926,473,0.7333333333333334,0.65,0.6333333333333333,0.75,0.5,0.4230950355529785,0.0015870094299316405
0.5,100.0,0.5,10,0.6466666666666667,0.1677961726487096,494,0.6333333333333333,0.9166666666666667,0.45,0.7333333333333334,0.5,0.422946834564209,0.0015804767608642578
0.5,100.0,0.5,20,0.7766666666666667,0.0997775303139718,165,0.6333333333333333,0.9166666666666667,0.8,0.8333333333333333,0.7,0.4253629207611084,0.0015857696533203125
0.5,100.0,0.5,50,0.7966666666666666,0.11175369742826806,71,0.7333333333333334,0.8333333333333333,0.7166666666666667,1.0,0.7,0.4246945381164551,0.0015746593475341798
0.5,100.0,0.7,5,0.6533333333333333,0.08906926143924926,473,0.7333333333333334,0.65,0.6333333333333333,0.75,0.5,0.4653440475463867,0.0015475749969482422
0.5,100.0,0.7,10,0.6666666666666666,0.11155467020454339,452,0.6333333333333333,0.8333333333333333,0.6333333333333333,0.7333333333333334,0.5,0.4656384468078613,0.0015381336212158202
0.5,100.0,0.7,20,0.8,0.07226494462892934,69,0.7333333333333334,0.9166666666666667,0.7166666666666667,0.8333333333333333,0.8,0.46846466064453124,0.0015944957733154297
0.5,100.0,0.7,50,0.7766666666666666,0.0771722460186015,178,0.7333333333333334,0.8333333333333333,0.7166666666666667,0.9,0.7,0.46544880867004396,0.0016155719757080078
0.5,100.0,0.9,5,0.6366666666666667,0.07986099033807294,524,0.65,0.65,0.6333333333333333,0.75,0.5,0.542592191696167,0.0015871524810791016
0.5,100.0,0.9,10,0.6666666666666666,0.11155467020454339,452,0.6333333333333333,0.8333333333333333,0.6333333333333333,0.7333333333333334,0.5,0.5448779582977294,0.0015799522399902344
0.5,100.0,0.9,20,0.78,0.0825967446224258,155,0.7333333333333334,0.9166666666666667,0.7166666666666667,0.8333333333333333,0.7,0.5421683311462402,0.0015794754028320313
0.5,100.0,0.9,50,0.7766666666666666,0.0771722460186015,178,0.7333333333333334,0.8333333333333333,0.7166666666666667,0.9,0.7,0.5433401584625244,0.0017182350158691407
