param_clf__max_features,param_clf__min_samples_leaf,param_selector__C,param_selector__l1_ratio,param_selector__top_k,mean_test_score,std_test_score,rank_test_score,split0_test_score,split1_test_score,split2_test_score,split3_test_score,split4_test_score,mean_fit_time,mean_score_time
sqrt,1,0.001,0.1,5,0.5366666666666667,0.14506703431325962,504,0.6166666666666667,0.6333333333333333,0.6166666666666667,0.25,0.5666666666666667,0.596623420715332,0.02705540657043457
sqrt,1,0.001,0.1,10,0.4733333333333333,0.1455258663529538,736,0.35,0.6,0.6,0.25,0.5666666666666667,0.4716782569885254,0.020641279220581055
sqrt,1,0.001,0.1,20,0.5133333333333334,0.07845734863959879,624,0.55,0.5166666666666667,0.6,0.5333333333333333,0.3666666666666667,0.4404889106750488,0.019257259368896485
sqrt,1,0.001,0.1,50,0.5166666666666667,0.1100504934614612,606,0.5666666666666667,0.6166666666666667,0.6166666666666667,0.3333333333333333,0.45,0.44356799125671387,0.019891643524169923
sqrt,1,0.001,0.3,5,0.5366666666666667,0.14506703431325962,504,0.6166666666666667,0.6333333333333333,0.6166666666666667,0.25,0.5666666666666667,0.430116605758667,0.019179248809814455
sqrt,1,0.001,0.3,10,0.4733333333333333,0.1455258663529538,736,0.35,0.6,0.6,0.25,0.5666666666666667,0.4324060916900635,0.01991429328918457
sqrt,1,0.001,0.3,20,0.5133333333333334,0.07845734863959879,624,0.55,0.5166666666666667,0.6,0.5333333333333333,0.3666666666666667,0.44531912803649903,0.02050933837890625
sqrt,1,0.001,0.3,50,0.5166666666666667,0.1100504934614612,606,0.5666666666666667,0.6166666666666667,0.6166666666666667,0.3333333333333333,0.45,0.44445133209228516,0.019611549377441407
sqrt,1,0.001,0.5,5,0.5366666666666667,0.14506703431325962,504,0.6166666666666667,0.6333333333333333,0.6166666666666667,0.25,0.5666666666666667,0.4289248466491699,0.019182109832763673
sqrt,1,0.001,0.5,10,0.4733333333333333,0.1455258663529538,736,0.35,0.6,0.6,0.25,0.5666666666666667,0.43086705207824705,0.01865534782409668
sqrt,1,0.001,0.5,20,0.5133333333333334,0.07845734863959879,624,0.55,0.5166666666666667,0.6,0.5333333333333333,0.3666666666666667,0.43648104667663573,0.019112777709960938
sqrt,1,0.001,0.5,50,0.5166666666666667,0.1100504934614612,606,0.5666666666666667,0.6166666666666667,0.6166666666666667,0.3333333333333333,0.45,0.44469575881958007,0.018750524520874022
sqrt,1,0.001,0.7,5,0.5366666666666667,0.14506703431325962,504,0.6166666666666667,0.6333333333333333,0.6166666666666667,0.25,0.5666666666666667,0.4276994228363037,0.0194915771484375
sqrt,1,0.001,0.7,10,0.4733333333333333,0.1455258663529538,736,0.35,0.6,0.6,0.25,0.5666666666666667,0.43023004531860354,0.018493795394897462
sqrt,1,0.001,0.7,20,0.5133333333333334,0.07845734863959879,624,0.55,0.5166666666666667,0.6,0.5333333333333333,0.3666666666666667,0.4395181655883789,0.019204235076904295
sqrt,1,0.001,0.7,50,0.5166666666666667,0.1100504934614612,606,0.5666666666666667,0.6166666666666667,0.6166666666666667,0.3333333333333333,0.45,0.44360885620117185,0.01887960433959961
sqrt,1,0.001,0.9,5,0.5366666666666667,0.14506703431325962,504,0.6166666666666667,0.6333333333333333,0.6166666666666667,0.25,0.5666666666666667,0.43186311721801757,0.019096517562866212
sqrt,1,0.001,0.9,10,0.4733333333333333,0.1455258663529538,736,0.35,0.6,0.6,0.25,0.5666666666666667,0.4371981620788574,0.018670129776000976
sqrt,1,0.001,0.9,20,0.5133333333333334,0.07845734863959879,624,0.55,0.5166666666666667,0.6,0.5333333333333333,0.3666666666666667,0.44175071716308595,0.019174528121948243
sqrt,1,0.001,0.9,50,0.5166666666666667,0.1100504934614612,606,0.5666666666666667,0.6166666666666667,0.6166666666666667,0.3333333333333333,0.45,0.44594559669494627,0.0193939208984375
sqrt,1,0.00359381,0.1,5,0.5366666666666667,0.14506703431325962,504,0.6166666666666667,0.6333333333333333,0.6166666666666667,0.25,0.5666666666666667,0.42670164108276365,0.01889500617980957
sqrt,1,0.00359381,0.1,10,0.4733333333333333,0.1455258663529538,736,0.35,0.6,0.6,0.25,0.5666666666666667,0.4304222106933594,0.019959545135498045
sqrt,1,0.00359381,0.1,20,0.5133333333333334,0.07845734863959879,624,0.55,0.5166666666666667,0.6,0.5333333333333333,0.3666666666666667,0.44144606590270996,0.018768310546875
sqrt,1,0.00359381,0.1,50,0.5166666666666667,0.1100504934614612,606,0.5666666666666667,0.6166666666666667,0.6166666666666667,0.3333333333333333,0.45,0.44257569313049316,0.019133329391479492
sqrt,1,0.00359381,0.3,5,0.5366666666666667,0.14506703431325962,504,0.6166666666666667,0.6333333333333333,0.6166666666666667,0.25,0.5666666666666667,0.42740402221679685,0.018753528594970703
sqrt,1,0.00359381,0.3,10,0.4733333333333333,0.1455258663529538,736,0.35,0.6,0.6,0.25,0.5666666666666667,0.430708122253418,0.019071674346923827
sqrt,1,0.00359381,0.3,20,0.5133333333333334,0.07845734863959879,624,0.55,0.5166666666666667,0.6,0.5333333333333333,0.3666666666666667,0.44347529411315917,0.019171905517578126
sqrt,1,0.00359381,0.3,50,0.5166666666666667,0.1100504934614612,606,0.5666666666666667,0.6166666666666667,0.6166666666666667,0.3333333333333333,0.45,0.4440129280090332,0.019681453704833984
sqrt,1,0.00359381,0.5,5,0.5366666666666667,0.14506703431325962,504,0.6166666666666667,0.6333333333333333,0.6166666666666667,0.25,0.5666666666666667,0.43889079093933103,0.01899571418762207
sqrt,1,0.00359381,0.5,10,0.4733333333333333,0.1455258663529538,736,0.35,0.6,0.6,0.25,0.5666666666666667,0.4300380706787109,0.020203351974487305
sqrt,1,0.00359381,0.5,20,0.5133333333333334,0.07845734863959879,624,0.55,0.5166666666666667,0.6,0.5333333333333333,0.3666666666666667,0.4829226016998291,0.021102142333984376
sqrt,1,0.00359381,0.5,50,0.5166666666666667,0.1100504934614612,606,0.5666666666666667,0.6166666666666667,0.6166666666666667,0.3333333333333333,0.45,0.47803459167480467,0.020417451858520508
sqrt,1,0.00359381,0.7,5,0.5366666666666667,0.14506703431325962,504,0.6166666666666667,0.6333333333333333,0.6166666666666667,0.25,0.5666666666666667,0.4572719097137451,0.020140695571899413
sqrt,1,0.00359381,0.7,10,0.4733333333333333,0.1455258663529538,736,0.35,0.6,0.6,0.25,0.5666666666666667,0.46085400581359864,0.02030472755432129
sqrt,1,0.00359381,0.7,20,0.5133333333333334,0.07845734863959879,624,0.55,0.5166666666666667,0.6,0.5333333333333333,0.3666666666666667,0.47095403671264646,0.020415401458740233
sqrt,1,0.00359381,0.7,50,0.5166666666666667,0.1100504934614612,606,0.5666666666666667,0.6166666666666667,0.6166666666666667,0.3333333333333333,0.45,0.4785151958465576,0.020444345474243165
sqrt,1,0.00359381,0.9,5,0.5366666666666667,0.14506703431325962,504,0.6166666666666667,0.6333333333333333,0.6166666666666667,0.25,0.5666666666666667,0.45761675834655763,0.02027902603149414
sqrt,1,0.00359381,0.9,10,0.4733333333333333,0.1455258663529538,736,0.35,0.6,0.6,0.25,0.5666666666666667,0.46155834197998047,0.020390033721923828
sqrt,1,0.00359381,0.9,20,0.5133333333333334,0.07845734863959879,624,0.55,0.5166666666666667,0.6,0.5333333333333333,0.3666666666666667,0.47034292221069335,0.02031092643737793
sqrt,1,0.00359381,0.9,50,0.5166666666666667,0.1100504934614612,606,0.5666666666666667,0.6166666666666667,0.6166666666666667,0.3333333333333333,0.45,0.4770936965942383,0.020328330993652343
sqrt,1,0.0129155,0.1,5,0.5700000000000001,0.1071862346054235,402,0.75,0.5166666666666667,0.5333333333333333,0.43333333333333335,0.6166666666666667,0.4665070533752441,0.020389747619628907
sqrt,1,0.0129155,0.1,10,0.61,0.1162373051610846,210,0.8333333333333333,0.5333333333333333,0.5333333333333333,0.5333333333333333,0.6166666666666667,0.4683866500854492,0.02026529312133789
sqrt,1,0.0129155,0.1,20,0.7366666666666667,0.12534397117975446,1,0.9166666666666667,0.7166666666666667,0.5333333333333333,0.7166666666666667,0.8,0.4716132640838623,0.020234441757202147
sqrt,1,0.0129155,0.1,50,0.6833333333333333,0.12823589374447564,20,0.9166666666666667,0.55,0.6166666666666667,0.7166666666666667,0.6166666666666667,0.4821223258972168,0.020551729202270507
sqrt,1,0.0129155,0.3,5,0.5366666666666667,0.14506703431325962,504,0.6166666666666667,0.6333333333333333,0.6166666666666667,0.25,0.5666666666666667,0.4566043376922607,0.02023634910583496
sqrt,1,0.0129155,0.3,10,0.4733333333333333,0.1455258663529538,736,0.35,0.6,0.6,0.25,0.5666666666666667,0.460703182220459,0.02061038017272949
sqrt,1,0.0129155,0.3,20,0.5133333333333334,0.07845734863959879,624,0.55,0.5166666666666667,0.6,0.5333333333333333,0.3666666666666667,0.47191824913024905,0.02032785415649414
sqrt,1,0.0129155,0.3,50,0.5166666666666667,0.1100504934614612,606,0.5666666666666667,0.6166666666666667,0.6166666666666667,0.3333333333333333,0.45,0.47815332412719724,0.0203765869140625
sqrt,1,0.0129155,0.5,5,0.5366666666666667,0.14506703431325962,504,0.6166666666666667,0.6333333333333333,0.6166666666666667,0.25,0.5666666666666667,0.45889673233032224,0.021561908721923827
sqrt,1,0.0129155,0.5,10,0.4733333333333333,0.1455258663529538,736,0.35,0.6,0.6,0.25,0.5666666666666667,0.4693626403808594,0.02059965133666992
sqrt,1,0.0129155,0.5,20,0.5133333333333334,0.07845734863959879,624,0.55,0.5166666666666667,0.6,0.5333333333333333,0.3666666666666667,0.48512859344482423,0.02098541259765625
sqrt,1,0.0129155,0.5,50,0.5166666666666667,0.1100504934614612,606,0.5666666666666667,0.6166666666666667,0.6166666666666667,0.3333333333333333,0.45,0.4819792747497559,0.020316457748413085
sqrt,1,0.0129155,0.7,5,0.5366666666666667,0.14506703431325962,504,0.6166666666666667,0.6333333333333333,0.6166666666666667,0.25,0.5666666666666667,0.460768985748291,0.02041015625
sqrt,1,0.0129155,0.7,10,0.4733333333333333,0.1455258663529538,736,0.35,0.6,0.6,0.25,0.5666666666666667,0.46443605422973633,0.020656490325927736
sqrt,1,0.0129155,0.7,20,0.5133333333333334,0.07845734863959879,624,0.55,0.5166666666666667,0.6,0.5333333333333333,0.3666666666666667,0.4765268325805664,0.020511102676391602
sqrt,1,0.0129155,0.7,50,0.5166666666666667,0.1100504934614612,606,0.5666666666666667,0.6166666666666667,0.6166666666666667,0.3333333333333333,0.45,0.48185086250305176,0.02045469284057617
sqrt,1,0.0129155,0.9,5,0.5366666666666667,0.14506703431325962,504,0.6166666666666667,0.6333333333333333,0.6166666666666667,0.25,0.5666666666666667,0.4686600685119629,0.02046313285827637
sqrt,1,0.0129155,0.9,10,0.4733333333333333,0.1455258663529538,736,0.35,0.6,0.6,0.25,0.5666666666666667,0.46869168281555174,0.020523595809936523
sqrt,1,0.0129155,0.9,20,0.5133333333333334,0.07845734863959879,624,0.55,0.5166666666666667,0.6,0.5333333333333333,0.3666666666666667,0.4765739917755127,0.0205136775970459
sqrt,1,0.0129155,0.9,50,0.5166666666666667,0.1100504934614612,606,0.5666666666666667,0.6166666666666667,0.6166666666666667,0.3333333333333333,0.45,0.4817656517028809,0.020295047760009767
sqrt,1,0.0464159,0.1,5,0.6366666666666667,0.07630348761506398,121,0.6333333333333333,0.6,0.7,0.5166666666666667,0.7333333333333334,0.482146692276001,0.020138359069824217
sqrt,1,0.0464159,0.1,10,0.6100000000000001,0.062003584125794264,206,0.5666666666666667,0.6166666666666667,0.5333333333333333,0.7166666666666667,0.6166666666666667,0.48672733306884763,0.02048807144165039
sqrt,1,0.0464159,0.1,20,0.6233333333333333,0.06879922480183431,145,0.7333333333333334,0.6166666666666667,0.6333333333333333,0.5166666666666667,0.6166666666666667,0.48978462219238283,0.02007451057434082
sqrt,1,0.0464159,0.1,50,0.6433333333333334,0.1655294535724685,84,0.9166666666666667,0.5333333333333333,0.7166666666666667,0.43333333333333335,0.6166666666666667,0.497968864440918,0.020314693450927734
sqrt,1,0.0464159,0.3,5,0.5833333333333334,0.13784048752090217,367,0.8333333333333333,0.5166666666666667,0.43333333333333335,0.5166666666666667,0.6166666666666667,0.4818608283996582,0.02027292251586914
sqrt,1,0.0464159,0.3,10,0.6066666666666667,0.06548960901462833,217,0.65,0.5333333333333333,0.5333333333333333,0.6166666666666667,0.7,0.4867529392242432,0.020018386840820312
sqrt,1,0.0464159,0.3,20,0.64,0.10780641085864151,101,0.8166666666666667,0.5333333333333333,0.5333333333333333,0.6166666666666667,0.7,0.49035205841064455,0.020265960693359376
sqrt,1,0.0464159,0.3,50,0.6433333333333333,0.14165686240583855,85,0.9166666666666667,0.5333333333333333,0.5333333333333333,0.6166666666666667,0.6166666666666667,0.49818620681762693,0.02032942771911621
sqrt,1,0.0464159,0.5,5,0.6500000000000001,0.18973665961010278,76,0.9166666666666667,0.45,0.8166666666666667,0.45,0.6166666666666667,0.4818880081176758,0.020474910736083984
sqrt,1,0.0464159,0.5,10,0.6766666666666665,0.14165686240583852,36,0.9166666666666667,0.7,0.7,0.55,0.5166666666666667,0.4883063316345215,0.020265674591064452
sqrt,1,0.0464159,0.5,20,0.7,0.12156388352540315,13,0.9166666666666667,0.6333333333333333,0.7,0.55,0.7,0.4898632049560547,0.020685243606567382
sqrt,1,0.0464159,0.5,50,0.67,0.1557776192739723,42,0.9166666666666667,0.45,0.6166666666666667,0.75,0.6166666666666667,0.4993786334991455,0.020590591430664062
sqrt,1,0.0464159,0.7,5,0.5366666666666667,0.14506703431325962,504,0.6166666666666667,0.6333333333333333,0.6166666666666667,0.25,0.5666666666666667,0.46321854591369627,0.020447206497192384
sqrt,1,0.0464159,0.7,10,0.4733333333333333,0.1455258663529538,736,0.35,0.6,0.6,0.25,0.5666666666666667,0.46745929718017576,0.02068333625793457
sqrt,1,0.0464159,0.7,20,0.5133333333333334,0.07845734863959879,624,0.55,0.5166666666666667,0.6,0.5333333333333333,0.3666666666666667,0.4774489402770996,0.020548343658447266
sqrt,1,0.0464159,0.7,50,0.5166666666666667,0.1100504934614612,606,0.5666666666666667,0.6166666666666667,0.6166666666666667,0.3333333333333333,0.45,0.4863141536712646,0.02084813117980957
sqrt,1,0.0464159,0.9,5,0.5366666666666667,0.14506703431325962,504,0.6166666666666667,0.6333333333333333,0.6166666666666667,0.25,0.5666666666666667,0.4617300510406494,0.020366096496582033
sqrt,1,0.0464159,0.9,10,0.4733333333333333,0.1455258663529538,736,0.35,0.6,0.6,0.25,0.5666666666666667,0.4661980628967285,0.020278739929199218
sqrt,1,0.0464159,0.9,20,0.5133333333333334,0.07845734863959879,624,0.55,0.5166666666666667,0.6,0.5333333333333333,0.3666666666666667,0.4814722537994385,0.020343446731567384
sqrt,1,0.0464159,0.9,50,0.5166666666666667,0.1100504934614612,606,0.5666666666666667,0.6166666666666667,0.6166666666666667,0.3333333333333333,0.45,0.4848837375640869,0.02050480842590332
sqrt,1,0.16681,0.1,5,0.5966666666666667,0.07102425250887505,294,0.5666666666666667,0.7,0.48333333333333334,0.6166666666666667,0.6166666666666667,0.520297908782959,0.02026524543762207
sqrt,1,0.16681,0.1,10,0.7233333333333333,0.08602325267042626,3,0.7333333333333334,0.6166666666666667,0.6333333333333333,0.8166666666666667,0.8166666666666667,0.5167795181274414,0.02073044776916504
sqrt,1,0.16681,0.1,20,0.6633333333333333,0.08524474568362944,47,0.8333333333333333,0.6166666666666667,0.6333333333333333,0.6166666666666667,0.6166666666666667,0.5197259426116944,0.020668888092041017
sqrt,1,0.16681,0.1,50,0.6266666666666667,0.13928388277184117,133,0.8333333333333333,0.5333333333333333,0.7166666666666667,0.43333333333333335,0.6166666666666667,0.5419857978820801,0.020580387115478514
sqrt,1,0.16681,0.3,5,0.6233333333333333,0.053333333333333316,145,0.6333333333333333,0.5333333333333333,0.7,0.6166666666666667,0.6333333333333333,0.5209829807281494,0.020668601989746092
sqrt,1,0.16681,0.3,10,0.66,0.05333333333333334,51,0.7333333333333334,0.6166666666666667,0.6166666666666667,0.6166666666666667,0.7166666666666667,0.5235888481140136,0.020572710037231445
sqrt,1,0.16681,0.3,20,0.6033333333333334,0.10974718422102886,240,0.7333333333333334,0.7,0.5333333333333333,0.43333333333333335,0.6166666666666667,0.5261351108551026,0.020374441146850587
sqrt,1,0.16681,0.3,50,0.6033333333333333,0.11224972160321822,244,0.8166666666666667,0.5333333333333333,0.5333333333333333,0.5166666666666667,0.6166666666666667,0.5341973304748535,0.020441818237304687
sqrt,1,0.16681,0.5,5,0.6266666666666667,0.06879922480183431,133,0.6333333333333333,0.5166666666666667,0.6333333333333333,0.6166666666666667,0.7333333333333334,0.5158082485198975,0.02057781219482422
sqrt,1,0.16681,0.5,10,0.59,0.0873053390247253,310,0.75,0.5333333333333333,0.5333333333333333,0.5166666666666667,0.6166666666666667,0.5190933227539063,0.020571374893188478
sqrt,1,0.16681,0.5,20,0.6833333333333333,0.07958224257542214,20,0.7333333333333334,0.6166666666666667,0.6333333333333333,0.6166666666666667,0.8166666666666667,0.5210922718048095,0.020749664306640624
sqrt,1,0.16681,0.5,50,0.68,0.1318247995552346,25,0.9166666666666667,0.6166666666666667,0.5333333333333333,0.7166666666666667,0.6166666666666667,0.535708236694336,0.02077007293701172
sqrt,1,0.16681,0.7,5,0.6233333333333333,0.06377042156569662,145,0.6333333333333333,0.5166666666666667,0.6333333333333333,0.7166666666666667,0.6166666666666667,0.5417799472808837,0.02088508605957031
sqrt,1,0.16681,0.7,10,0.6033333333333333,0.07702813338860896,244,0.7333333333333334,0.6166666666666667,0.5333333333333333,0.5166666666666667,0.6166666666666667,0.546753215789795,0.021069812774658202
sqrt,1,0.16681,0.7,20,0.6966666666666668,0.10821788720498618,14,0.8166666666666667,0.5333333333333333,0.8,0.7166666666666667,0.6166666666666667,0.5465334415435791,0.02119784355163574
sqrt,1,0.16681,0.7,50,0.7133333333333334,0.12927146286443544,5,0.9166666666666667,0.6166666666666667,0.6,0.8166666666666667,0.6166666666666667,0.5542760372161866,0.021101093292236327
sqrt,1,0.16681,0.9,5,0.6466666666666667,0.077746025264604,79,0.65,0.5166666666666667,0.7166666666666667,0.6166666666666667,0.7333333333333334,0.5415279388427734,0.021066713333129882
sqrt,1,0.16681,0.9,10,0.6233333333333333,0.1036018017861337,145,0.8166666666666667,0.5333333333333333,0.5333333333333333,0.6166666666666667,0.6166666666666667,0.5464980125427246,0.021016311645507813
sqrt,1,0.16681,0.9,20,0.6733333333333332,0.12498888839501783,41,0.9,0.5333333333333333,0.6166666666666667,0.6166666666666667,0.7,0.5506067752838135,0.020996999740600587
sqrt,1,0.16681,0.9,50,0.6766666666666666,0.12587471725666138,29,0.9,0.5333333333333333,0.6166666666666667,0.7166666666666667,0.6166666666666667,0.5577532768249511,0.021196651458740234
sqrt,1,0.599484,0.1,5,0.5533333333333335,0.09854496999396321,464,0.5666666666666667,0.3666666666666667,0.65,0.5666666666666667,0.6166666666666667,0.5995310783386231,0.02107529640197754
sqrt,1,0.599484,0.1,10,0.6433333333333333,0.030912061651652323,85,0.65,0.7,0.6333333333333333,0.6166666666666667,0.6166666666666667,0.6042445659637451,0.020964384078979492
sqrt,1,0.599484,0.1,20,0.64,0.09404490653110589,101,0.8166666666666667,0.6166666666666667,0.5333333333333333,0.6166666666666667,0.6166666666666667,0.6053689956665039,0.021036529541015626
sqrt,1,0.599484,0.1,50,0.6433333333333333,0.11860297916438127,85,0.8333333333333333,0.5333333333333333,0.7166666666666667,0.5166666666666667,0.6166666666666667,0.6113344192504883,0.020890140533447267
sqrt,1,0.599484,0.3,5,0.5833333333333334,0.0894427190999916,367,0.5666666666666667,0.5333333333333333,0.4666666666666667,0.7333333333333334,0.6166666666666667,0.619791316986084,0.021007394790649413
sqrt,1,0.599484,0.3,10,0.7066666666666667,0.10728984626287386,9,0.7333333333333334,0.6166666666666667,0.55,0.8166666666666667,0.8166666666666667,0.6231658458709717,0.021016359329223633
sqrt,1,0.599484,0.3,20,0.6033333333333333,0.07702813338860896,244,0.7333333333333334,0.6166666666666667,0.5333333333333333,0.5166666666666667,0.6166666666666667,0.6251051425933838,0.0209228515625
sqrt,1,0.599484,0.3,50,0.66,0.1466666666666667,51,0.9166666666666667,0.5333333333333333,0.7166666666666667,0.5166666666666667,0.6166666666666667,0.632068681716919,0.02085847854614258
sqrt,1,0.599484,0.5,5,0.6,0.0924962461700774,273,0.65,0.5333333333333333,0.4666666666666667,0.7333333333333334,0.6166666666666667,0.6237266540527344,0.021031856536865234
sqrt,1,0.599484,0.5,10,0.6233333333333333,0.008164965809277232,145,0.6333333333333333,0.6166666666666667,0.6333333333333333,0.6166666666666667,0.6166666666666667,0.6291102886199951,0.02104783058166504
sqrt,1,0.599484,0.5,20,0.6199999999999999,0.12666666666666665,197,0.8166666666666667,0.6166666666666667,0.6333333333333333,0.4166666666666667,0.6166666666666667,0.6300621509552002,0.020953655242919922
sqrt,1,0.599484,0.5,50,0.5866666666666667,0.17869900204906952,315,0.9166666666666667,0.5333333333333333,0.43333333333333335,0.43333333333333335,0.6166666666666667,0.6369349002838135,0.02082052230834961
sqrt,1,0.599484,0.7,5,0.67,0.10349449797506681,42,0.8333333333333333,0.5333333333333333,0.6333333333333333,0.7333333333333334,0.6166666666666667,0.6425022602081298,0.020833587646484374
sqrt,1,0.599484,0.7,10,0.6233333333333333,0.06879922480183431,145,0.7333333333333334,0.6166666666666667,0.6333333333333333,0.5166666666666667,0.6166666666666667,0.6419929981231689,0.020956945419311524
sqrt,1,0.599484,0.7,20,0.5833333333333333,0.13291601358251257,372,0.8166666666666667,0.5333333333333333,0.5333333333333333,0.4166666666666667,0.6166666666666667,0.6465792179107666,0.021002960205078126
sqrt,1,0.599484,0.7,50,0.6466666666666667,0.14118545723031584,79,0.9166666666666667,0.5333333333333333,0.5333333333333333,0.6333333333333333,0.6166666666666667,0.6524680614471435,0.02094559669494629
sqrt,1,0.599484,0.9,5,0.6633333333333333,0.10022197585581936,47,0.8333333333333333,0.5333333333333333,0.7,0.6333333333333333,0.6166666666666667,0.6358375549316406,0.02101583480834961
sqrt,1,0.599484,0.9,10,0.6833333333333333,0.12337837015547831,20,0.9,0.5333333333333333,0.65,0.7166666666666667,0.6166666666666667,0.6407828330993652,0.02112298011779785
sqrt,1,0.599484,0.9,20,0.7000000000000001,0.11450376024878449,12,0.9166666666666667,0.6166666666666667,0.6333333333333333,0.6166666666666667,0.7166666666666667,0.6444033145904541,0.021001434326171874
sqrt,1,0.599484,0.9,50,0.68,0.14391355429948602,25,0.8166666666666667,0.6166666666666667,0.43333333333333335,0.8166666666666667,0.7166666666666667,0.6509044647216797,0.02107996940612793
sqrt,1,2.15443,0.1,5,0.6033333333333333,0.09910712498212337,244,0.5666666666666667,0.4666666666666667,0.7333333333333334,0.55,0.7,0.7296221256256104,0.020813417434692384
sqrt,1,2.15443,0.1,10,0.5900000000000001,0.10466878978738388,304,0.43333333333333335,0.5333333333333333,0.75,0.6166666666666667,0.6166666666666667,0.7342929363250732,0.02110772132873535
sqrt,1,2.15443,0.1,20,0.6566666666666666,0.09580071908799942,70,0.8166666666666667,0.7,0.5333333333333333,0.6166666666666667,0.6166666666666667,0.7366761684417724,0.021039962768554688
sqrt,1,2.15443,0.1,50,0.6100000000000001,0.13232955494186135,206,0.8333333333333333,0.5333333333333333,0.6333333333333333,0.43333333333333335,0.6166666666666667,0.7411246299743652,0.020926189422607423
sqrt,1,2.15443,0.3,5,0.6066666666666667,0.1335830993967592,217,0.5666666666666667,0.3666666666666667,0.65,0.7333333333333334,0.7166666666666667,0.7899406909942627,0.021153926849365234
sqrt,1,2.15443,0.3,10,0.6266666666666667,0.09752492558885195,133,0.7166666666666667,0.6166666666666667,0.6333333333333333,0.45,0.7166666666666667,0.7957777976989746,0.020879697799682618
sqrt,1,2.15443,0.3,20,0.6266666666666667,0.06377042156569665,133,0.7333333333333334,0.5333333333333333,0.6333333333333333,0.6166666666666667,0.6166666666666667,0.7938806056976319,0.020865631103515626
sqrt,1,2.15443,0.3,50,0.6266666666666667,0.15972198067614587,133,0.9166666666666667,0.45,0.6333333333333333,0.5166666666666667,0.6166666666666667,0.8019467830657959,0.02090926170349121
sqrt,1,2.15443,0.5,5,0.5700000000000001,0.141578403877302,402,0.5666666666666667,0.3666666666666667,0.4666666666666667,0.7333333333333334,0.7166666666666667,0.8282229900360107,0.021057987213134767
sqrt,1,2.15443,0.5,10,0.6333333333333334,0.09775252199076788,131,0.7166666666666667,0.45,0.6333333333333333,0.65,0.7166666666666667,0.8306915760040283,0.020960235595703126
sqrt,1,2.15443,0.5,20,0.6066666666666667,0.07348469228349537,217,0.7333333333333334,0.5333333333333333,0.5333333333333333,0.6166666666666667,0.6166666666666667,0.8342523097991943,0.02095661163330078
sqrt,1,2.15443,0.5,50,0.6433333333333333,0.16384274303259344,85,0.9166666666666667,0.45,0.7166666666666667,0.5166666666666667,0.6166666666666667,0.8406526565551757,0.02096724510192871
sqrt,1,2.15443,0.7,5,0.56,0.10780641085864154,444,0.43333333333333335,0.5333333333333333,0.4666666666666667,0.65,0.7166666666666667,0.8463304519653321,0.021041297912597658
sqrt,1,2.15443,0.7,10,0.5566666666666668,0.1147945023848171,453,0.7166666666666667,0.3666666666666667,0.55,0.5333333333333333,0.6166666666666667,0.8485833644866944,0.020946979522705078
sqrt,1,2.15443,0.7,20,0.6599999999999999,0.10088497300281037,60,0.8166666666666667,0.6166666666666667,0.6333333333333333,0.5166666666666667,0.7166666666666667,0.8530576705932618,0.020788908004760742
sqrt,1,2.15443,0.7,50,0.6233333333333333,0.12675435561221027,145,0.8333333333333333,0.6166666666666667,0.43333333333333335,0.6166666666666667,0.6166666666666667,0.8580626487731934,0.021235275268554687
sqrt,1,2.15443,0.9,5,0.54,0.08339997335464537,500,0.43333333333333335,0.5333333333333333,0.4666666666666667,0.65,0.6166666666666667,0.8865492820739747,0.020767736434936523
sqrt,1,2.15443,0.9,10,0.5700000000000001,0.11990737165736631,402,0.7166666666666667,0.3666666666666667,0.6333333333333333,0.5166666666666667,0.6166666666666667,0.9027247905731202,0.021017074584960938
sqrt,1,2.15443,0.9,20,0.6399999999999999,0.09752492558885194,116,0.8166666666666667,0.6166666666666667,0.6333333333333333,0.5166666666666667,0.6166666666666667,0.8943149089813233,0.02088055610656738
sqrt,1,2.15443,0.9,50,0.6233333333333333,0.1614517471774978,145,0.9166666666666667,0.5333333333333333,0.43333333333333335,0.6166666666666667,0.6166666666666667,0.9010725975036621,0.021005678176879882
sqrt,1,7.74264,0.1,5,0.48666666666666664,0.13432961119739922,667,0.5666666666666667,0.3666666666666667,0.4666666666666667,0.3333333333333333,0.7,0.7975130081176758,0.021035051345825194
sqrt,1,7.74264,0.1,10,0.5366666666666667,0.11661903789690603,504,0.35,0.45,0.65,0.6166666666666667,0.6166666666666667,0.7992090225219727,0.020978736877441406
sqrt,1,7.74264,0.1,20,0.6233333333333333,0.008164965809277232,145,0.6333333333333333,0.6166666666666667,0.6333333333333333,0.6166666666666667,0.6166666666666667,0.8015589237213134,0.020982027053833008
sqrt,1,7.74264,0.1,50,0.6033333333333333,0.1550627113281734,244,0.8333333333333333,0.7,0.43333333333333335,0.43333333333333335,0.6166666666666667,0.8055118560791016,0.021089935302734376
sqrt,1,7.74264,0.3,5,0.5733333333333333,0.08793937305515281,399,0.5666666666666667,0.4666666666666667,0.7333333333333334,0.5666666666666667,0.5333333333333333,0.9671085834503174,0.020912027359008788
sqrt,1,7.74264,0.3,10,0.5733333333333334,0.09345230512584124,394,0.43333333333333335,0.5333333333333333,0.5666666666666667,0.7166666666666667,0.6166666666666667,0.9694634914398194,0.0210568904876709
sqrt,1,7.74264,0.3,20,0.6599999999999999,0.04784233364802442,60,0.7333333333333334,0.7,0.6333333333333333,0.6166666666666667,0.6166666666666667,0.971949577331543,0.02093358039855957
sqrt,1,7.74264,0.3,50,0.6266666666666667,0.13727506854649332,133,0.8333333333333333,0.45,0.7166666666666667,0.5166666666666667,0.6166666666666667,0.9789666175842285,0.020903491973876955
sqrt,1,7.74264,0.5,5,0.6266666666666667,0.12409673645990857,133,0.5666666666666667,0.4666666666666667,0.8166666666666667,0.5666666666666667,0.7166666666666667,1.0656977653503419,0.021070289611816406
sqrt,1,7.74264,0.5,10,0.5933333333333334,0.12849556844930923,300,0.43333333333333335,0.6333333333333333,0.7333333333333334,0.45,0.7166666666666667,1.0682641506195067,0.02103390693664551
sqrt,1,7.74264,0.5,20,0.6433333333333333,0.04546060565661954,85,0.7333333333333334,0.6166666666666667,0.6333333333333333,0.6166666666666667,0.6166666666666667,1.070205068588257,0.02089695930480957
sqrt,1,7.74264,0.5,50,0.6433333333333333,0.16384274303259344,85,0.9166666666666667,0.45,0.7166666666666667,0.5166666666666667,0.6166666666666667,1.0793248653411864,0.020872735977172853
sqrt,1,7.74264,0.7,5,0.52,0.1305543735171076,603,0.5666666666666667,0.3666666666666667,0.3833333333333333,0.5666666666666667,0.7166666666666667,1.1116137504577637,0.020906925201416016
sqrt,1,7.74264,0.7,10,0.6866666666666668,0.1240071682515885,17,0.7166666666666667,0.45,0.8166666666666667,0.7333333333333334,0.7166666666666667,1.1136003017425538,0.021056461334228515
sqrt,1,7.74264,0.7,20,0.6066666666666667,0.03741657386773941,217,0.6333333333333333,0.5333333333333333,0.6333333333333333,0.6166666666666667,0.6166666666666667,1.1146394729614257,0.021042442321777342
sqrt,1,7.74264,0.7,50,0.6433333333333333,0.16384274303259344,85,0.9166666666666667,0.45,0.7166666666666667,0.5166666666666667,0.6166666666666667,1.120436954498291,0.02086606025695801
sqrt,1,7.74264,0.9,5,0.5700000000000001,0.08192137151629672,402,0.5666666666666667,0.5333333333333333,0.4666666666666667,0.5666666666666667,0.7166666666666667,1.1551383495330811,0.021015691757202148
sqrt,1,7.74264,0.9,10,0.6133333333333334,0.10241527663824809,202,0.7166666666666667,0.45,0.55,0.6333333333333333,0.7166666666666667,1.1577492237091065,0.020836734771728517
sqrt,1,7.74264,0.9,20,0.58,0.04521553322083512,383,0.6166666666666667,0.6166666666666667,0.5333333333333333,0.5166666666666667,0.6166666666666667,1.162522315979004,0.02096714973449707
sqrt,1,7.74264,0.9,50,0.6433333333333333,0.15114378731672848,85,0.9166666666666667,0.45,0.6166666666666667,0.6166666666666667,0.6166666666666667,1.166564130783081,0.021288108825683594
sqrt,1,27.8256,0.1,5,0.5133333333333333,0.090921211313239,644,0.5666666666666667,0.3666666666666667,0.4666666666666667,0.6333333333333333,0.5333333333333333,0.8023437023162842,0.021168994903564452
sqrt,1,27.8256,0.1,10,0.61,0.04027681991198191,210,0.5333333333333333,0.6333333333333333,0.65,0.6166666666666667,0.6166666666666667,0.804763650894165,0.020842599868774413
sqrt,1,27.8256,0.1,20,0.6066666666666667,0.03741657386773941,217,0.6333333333333333,0.6166666666666667,0.6333333333333333,0.6166666666666667,0.5333333333333333,0.8073637008666992,0.02083272933959961
sqrt,1,27.8256,0.1,50,0.6366666666666666,0.11990737165736627,123,0.8333333333333333,0.7,0.5166666666666667,0.5166666666666667,0.6166666666666667,0.8142735004425049,0.020900154113769533
sqrt,1,27.8256,0.3,5,0.48666666666666664,0.13432961119739922,667,0.5666666666666667,0.3666666666666667,0.4666666666666667,0.3333333333333333,0.7,0.9451500415802002,0.02119479179382324
sqrt,1,27.8256,0.3,10,0.5533333333333333,0.09213516640723503,468,0.43333333333333335,0.45,0.65,0.6166666666666667,0.6166666666666667,0.9475564956665039,0.020868349075317382
sqrt,1,27.8256,0.3,20,0.66,0.05333333333333334,51,0.7333333333333334,0.6166666666666667,0.7166666666666667,0.6166666666666667,0.6166666666666667,0.9505652904510498,0.020903921127319335
sqrt,1,27.8256,0.3,50,0.6066666666666667,0.11382247385975915,217,0.75,0.7,0.5333333333333333,0.43333333333333335,0.6166666666666667,0.9570989608764648,0.02110118865966797
sqrt,1,27.8256,0.5,5,0.6266666666666666,0.10984838035522722,142,0.5666666666666667,0.4666666666666667,0.65,0.65,0.8,1.0898915767669677,0.021635150909423827
sqrt,1,27.8256,0.5,10,0.5533333333333333,0.09213516640723503,468,0.43333333333333335,0.45,0.65,0.6166666666666667,0.6166666666666667,1.091862106323242,0.02099165916442871
sqrt,1,27.8256,0.5,20,0.64,0.04666666666666667,101,0.7333333333333334,0.6166666666666667,0.6166666666666667,0.6166666666666667,0.6166666666666667,1.0881454944610596,0.02096529006958008
sqrt,1,27.8256,0.5,50,0.6766666666666666,0.1335830993967592,29,0.9166666666666667,0.7,0.6333333333333333,0.5166666666666667,0.6166666666666667,1.0949541091918946,0.02132568359375
sqrt,1,27.8256,0.7,5,0.5733333333333333,0.08793937305515281,399,0.5666666666666667,0.4666666666666667,0.7333333333333334,0.5666666666666667,0.5333333333333333,1.1852261543273925,0.021732378005981445
sqrt,1,27.8256,0.7,10,0.5199999999999999,0.06944222218666553,604,0.43333333333333335,0.5333333333333333,0.5666666666666667,0.45,0.6166666666666667,1.1850097179412842,0.023543405532836913
sqrt,1,27.8256,0.7,20,0.6566666666666666,0.0429469957557504,70,0.7166666666666667,0.7,0.6333333333333333,0.6166666666666667,0.6166666666666667,1.185768461227417,0.02091050148010254
sqrt,1,27.8256,0.7,50,0.6066666666666667,0.12978614889287854,217,0.8333333333333333,0.45,0.6166666666666667,0.5166666666666667,0.6166666666666667,1.1912245750427246,0.021027660369873045
sqrt,1,27.8256,0.9,5,0.5733333333333333,0.08793937305515281,399,0.5666666666666667,0.4666666666666667,0.7333333333333334,0.5666666666666667,0.5333333333333333,1.2597858428955078,0.02097320556640625
sqrt,1,27.8256,0.9,10,0.5566666666666668,0.0703957069398096,453,0.5333333333333333,0.5333333333333333,0.65,0.45,0.6166666666666667,1.2622182369232178,0.020965576171875
sqrt,1,27.8256,0.9,20,0.6433333333333333,0.04546060565661954,85,0.7333333333333334,0.6166666666666667,0.6333333333333333,0.6166666666666667,0.6166666666666667,1.2618588924407959,0.02084965705871582
sqrt,1,27.8256,0.9,50,0.6399999999999999,0.10413666234542202,116,0.8333333333333333,0.6166666666666667,0.6166666666666667,0.5166666666666667,0.6166666666666667,1.2714725494384767,0.02108030319213867
sqrt,1,100.0,0.1,5,0.5133333333333333,0.090921211313239,644,0.5666666666666667,0.3666666666666667,0.4666666666666667,0.6333333333333333,0.5333333333333333,0.8598783493041993,0.021027374267578124
sqrt,1,100.0,0.1,10,0.5133333333333334,0.09966610925150701,624,0.43333333333333335,0.5333333333333333,0.3666666666666667,0.6166666666666667,0.6166666666666667,0.8613334178924561,0.02149820327758789
sqrt,1,100.0,0.1,20,0.6066666666666667,0.06463573143221772,217,0.55,0.6166666666666667,0.7166666666666667,0.6166666666666667,0.5333333333333333,0.8639474391937256,0.021010923385620116
sqrt,1,100.0,0.1,50,0.6366666666666666,0.07557189365836421,123,0.7333333333333334,0.7,0.6166666666666667,0.5166666666666667,0.6166666666666667,0.8700098514556884,0.02091326713562012
sqrt,1,100.0,0.3,5,0.5133333333333333,0.090921211313239,644,0.5666666666666667,0.3666666666666667,0.4666666666666667,0.6333333333333333,0.5333333333333333,0.871013069152832,0.021130895614624022
sqrt,1,100.0,0.3,10,0.5900000000000001,0.0793025150224688,304,0.43333333333333335,0.6333333333333333,0.65,0.6166666666666667,0.6166666666666667,0.8721883773803711,0.020850467681884765
sqrt,1,100.0,0.3,20,0.5866666666666667,0.08969082698049141,315,0.45,0.6166666666666667,0.7166666666666667,0.6166666666666667,0.5333333333333333,0.8706283569335938,0.021008014678955078
sqrt,1,100.0,0.3,50,0.6566666666666666,0.10572501018102466,70,0.8333333333333333,0.7,0.6166666666666667,0.5166666666666667,0.6166666666666667,0.8811549186706543,0.021085309982299804
sqrt,1,100.0,0.5,5,0.5133333333333333,0.090921211313239,644,0.5666666666666667,0.3666666666666667,0.4666666666666667,0.6333333333333333,0.5333333333333333,0.896076774597168,0.02100815773010254
sqrt,1,100.0,0.5,10,0.61,0.04027681991198191,210,0.5333333333333333,0.6333333333333333,0.65,0.6166666666666667,0.6166666666666667,0.8995871067047119,0.020975923538208006
sqrt,1,100.0,0.5,20,0.62,0.058118652580542315,180,0.7166666666666667,0.6166666666666667,0.6166666666666667,0.6166666666666667,0.5333333333333333,0.8981149196624756,0.021065950393676758
sqrt,1,100.0,0.5,50,0.6399999999999999,0.11671427600007726,116,0.8333333333333333,0.7,0.5333333333333333,0.5166666666666667,0.6166666666666667,0.9035324096679688,0.02074012756347656
sqrt,1,100.0,0.7,5,0.48666666666666664,0.13432961119739922,667,0.5666666666666667,0.3666666666666667,0.4666666666666667,0.3333333333333333,0.7,0.932611608505249,0.02094106674194336
sqrt,1,100.0,0.7,10,0.5366666666666667,0.09797958971132714,504,0.35,0.55,0.55,0.6166666666666667,0.6166666666666667,0.9338628768920898,0.02093372344970703
sqrt,1,100.0,0.7,20,0.6033333333333334,0.02666666666666666,240,0.55,0.6166666666666667,0.6166666666666667,0.6166666666666667,0.6166666666666667,0.935692548751831,0.021129608154296875
sqrt,1,100.0,0.7,50,0.6233333333333333,0.12675435561221027,145,0.8333333333333333,0.6166666666666667,0.6166666666666667,0.43333333333333335,0.6166666666666667,0.9417593955993653,0.02071828842163086
sqrt,1,100.0,0.9,5,0.48666666666666664,0.13432961119739922,667,0.5666666666666667,0.3666666666666667,0.4666666666666667,0.3333333333333333,0.7,1.0003515243530274,0.02097458839416504
sqrt,1,100.0,0.9,10,0.5533333333333333,0.09213516640723503,468,0.43333333333333335,0.45,0.65,0.6166666666666667,0.6166666666666667,1.0026182174682616,0.021259212493896486
sqrt,1,100.0,0.9,20,0.6033333333333333,0.0678232998312527,244,0.5333333333333333,0.5333333333333333,0.7166666666666667,0.6166666666666667,0.6166666666666667,1.0128133296966553,0.02129225730895996
sqrt,1,100.0,0.9,50,0.6066666666666667,0.10088497300281037,217,0.75,0.6166666666666667,0.6166666666666667,0.43333333333333335,0.6166666666666667,1.0150046348571777,0.020819616317749024
sqrt,5,0.001,0.1,5,0.4766666666666667,0.0563717817509592,672,0.5666666666666667,0.4166666666666667,0.5,0.4166666666666667,0.48333333333333334,0.4700292110443115,0.02070784568786621
sqrt,5,0.001,0.1,10,0.47333333333333333,0.06018490028422595,704,0.5666666666666667,0.5,0.4,0.4166666666666667,0.48333333333333334,0.4668128490447998,0.020764493942260744
sqrt,5,0.001,0.1,20,0.47000000000000003,0.13800161029656302,768,0.7333333333333334,0.3666666666666667,0.45,0.35,0.45,0.4701234817504883,0.02078866958618164
sqrt,5,0.001,0.1,50,0.5866666666666667,0.10974718422102886,315,0.75,0.6166666666666667,0.6166666666666667,0.4166666666666667,0.5333333333333333,0.4753298282623291,0.020855045318603514
sqrt,5,0.001,0.3,5,0.4766666666666667,0.0563717817509592,672,0.5666666666666667,0.4166666666666667,0.5,0.4166666666666667,0.48333333333333334,0.4661552906036377,0.020760583877563476
sqrt,5,0.001,0.3,10,0.47333333333333333,0.06018490028422595,704,0.5666666666666667,0.5,0.4,0.4166666666666667,0.48333333333333334,0.4675134181976318,0.020852422714233397
sqrt,5,0.001,0.3,20,0.47000000000000003,0.13800161029656302,768,0.7333333333333334,0.3666666666666667,0.45,0.35,0.45,0.46977958679199217,0.020677709579467775
sqrt,5,0.001,0.3,50,0.5866666666666667,0.10974718422102886,315,0.75,0.6166666666666667,0.6166666666666667,0.4166666666666667,0.5333333333333333,0.4776871681213379,0.022269439697265626
sqrt,5,0.001,0.5,5,0.4766666666666667,0.0563717817509592,672,0.5666666666666667,0.4166666666666667,0.5,0.4166666666666667,0.48333333333333334,0.46591572761535643,0.0204927921295166
sqrt,5,0.001,0.5,10,0.47333333333333333,0.06018490028422595,704,0.5666666666666667,0.5,0.4,0.4166666666666667,0.48333333333333334,0.46720385551452637,0.020728588104248047
sqrt,5,0.001,0.5,20,0.47000000000000003,0.13800161029656302,768,0.7333333333333334,0.3666666666666667,0.45,0.35,0.45,0.46915435791015625,0.020766162872314455
sqrt,5,0.001,0.5,50,0.5866666666666667,0.10974718422102886,315,0.75,0.6166666666666667,0.6166666666666667,0.4166666666666667,0.5333333333333333,0.47670893669128417,0.020447397232055665
sqrt,5,0.001,0.7,5,0.4766666666666667,0.0563717817509592,672,0.5666666666666667,0.4166666666666667,0.5,0.4166666666666667,0.48333333333333334,0.4666572570800781,0.02064852714538574
sqrt,5,0.001,0.7,10,0.47333333333333333,0.06018490028422595,704,0.5666666666666667,0.5,0.4,0.4166666666666667,0.48333333333333334,0.4681824207305908,0.020740604400634764
sqrt,5,0.001,0.7,20,0.47000000000000003,0.13800161029656302,768,0.7333333333333334,0.3666666666666667,0.45,0.35,0.45,0.4697548866271973,0.020788955688476562
sqrt,5,0.001,0.7,50,0.5866666666666667,0.10974718422102886,315,0.75,0.6166666666666667,0.6166666666666667,0.4166666666666667,0.5333333333333333,0.47671804428100584,0.02093205451965332
sqrt,5,0.001,0.9,5,0.4766666666666667,0.0563717817509592,672,0.5666666666666667,0.4166666666666667,0.5,0.4166666666666667,0.48333333333333334,0.46886296272277833,0.020483684539794923
sqrt,5,0.001,0.9,10,0.47333333333333333,0.06018490028422595,704,0.5666666666666667,0.5,0.4,0.4166666666666667,0.48333333333333334,0.46670875549316404,0.020563840866088867
sqrt,5,0.001,0.9,20,0.47000000000000003,0.13800161029656302,768,0.7333333333333334,0.3666666666666667,0.45,0.35,0.45,0.46900954246521,0.020510339736938478
sqrt,5,0.001,0.9,50,0.5866666666666667,0.10974718422102886,315,0.75,0.6166666666666667,0.6166666666666667,0.4166666666666667,0.5333333333333333,0.47373213768005373,0.02069244384765625
sqrt,5,0.00359381,0.1,5,0.4766666666666667,0.0563717817509592,672,0.5666666666666667,0.4166666666666667,0.5,0.4166666666666667,0.48333333333333334,0.46504793167114256,0.020782995223999023
sqrt,5,0.00359381,0.1,10,0.47333333333333333,0.06018490028422595,704,0.5666666666666667,0.5,0.4,0.4166666666666667,0.48333333333333334,0.4673022747039795,0.020621728897094727
sqrt,5,0.00359381,0.1,20,0.47000000000000003,0.13800161029656302,768,0.7333333333333334,0.3666666666666667,0.45,0.35,0.45,0.4678708553314209,0.020547819137573243
sqrt,5,0.00359381,0.1,50,0.5866666666666667,0.10974718422102886,315,0.75,0.6166666666666667,0.6166666666666667,0.4166666666666667,0.5333333333333333,0.4735306739807129,0.020870685577392578
sqrt,5,0.00359381,0.3,5,0.4766666666666667,0.0563717817509592,672,0.5666666666666667,0.4166666666666667,0.5,0.4166666666666667,0.48333333333333334,0.4643994331359863,0.020763540267944337
sqrt,5,0.00359381,0.3,10,0.47333333333333333,0.06018490028422595,704,0.5666666666666667,0.5,0.4,0.4166666666666667,0.48333333333333334,0.46448259353637694,0.020663022994995117
sqrt,5,0.00359381,0.3,20,0.47000000000000003,0.13800161029656302,768,0.7333333333333334,0.3666666666666667,0.45,0.35,0.45,0.4680516719818115,0.020748376846313477
sqrt,5,0.00359381,0.3,50,0.5866666666666667,0.10974718422102886,315,0.75,0.6166666666666667,0.6166666666666667,0.4166666666666667,0.5333333333333333,0.47303075790405275,0.020795011520385744
sqrt,5,0.00359381,0.5,5,0.4766666666666667,0.0563717817509592,672,0.5666666666666667,0.4166666666666667,0.5,0.4166666666666667,0.48333333333333334,0.46477270126342773,0.020719385147094725
sqrt,5,0.00359381,0.5,10,0.47333333333333333,0.06018490028422595,704,0.5666666666666667,0.5,0.4,0.4166666666666667,0.48333333333333334,0.46589274406433107,0.02056913375854492
sqrt,5,0.00359381,0.5,20,0.47000000000000003,0.13800161029656302,768,0.7333333333333334,0.3666666666666667,0.45,0.35,0.45,0.4673784255981445,0.02063298225402832
sqrt,5,0.00359381,0.5,50,0.5866666666666667,0.10974718422102886,315,0.75,0.6166666666666667,0.6166666666666667,0.4166666666666667,0.5333333333333333,0.47406907081604005,0.020551204681396484
sqrt,5,0.00359381,0.7,5,0.4766666666666667,0.0563717817509592,672,0.5666666666666667,0.4166666666666667,0.5,0.4166666666666667,0.48333333333333334,0.46408944129943847,0.020576286315917968
sqrt,5,0.00359381,0.7,10,0.47333333333333333,0.06018490028422595,704,0.5666666666666667,0.5,0.4,0.4166666666666667,0.48333333333333334,0.4643869400024414,0.020579814910888672
sqrt,5,0.00359381,0.7,20,0.47000000000000003,0.13800161029656302,768,0.7333333333333334,0.3666666666666667,0.45,0.35,0.45,0.46770853996276857,0.020624637603759766
sqrt,5,0.00359381,0.7,50,0.5866666666666667,0.10974718422102886,315,0.75,0.6166666666666667,0.6166666666666667,0.4166666666666667,0.5333333333333333,0.47326011657714845,0.020677566528320312
sqrt,5,0.00359381,0.9,5,0.4766666666666667,0.0563717817509592,672,0.5666666666666667,0.4166666666666667,0.5,0.4166666666666667,0.48333333333333334,0.4638887882232666,0.02073049545288086
sqrt,5,0.00359381,0.9,10,0.47333333333333333,0.06018490028422595,704,0.5666666666666667,0.5,0.4,0.4166666666666667,0.48333333333333334,0.4644903659820557,0.020769500732421876
sqrt,5,0.00359381,0.9,20,0.47000000000000003,0.13800161029656302,768,0.7333333333333334,0.3666666666666667,0.45,0.35,0.45,0.4686116218566895,0.021025896072387695
sqrt,5,0.00359381,0.9,50,0.5866666666666667,0.10974718422102886,315,0.75,0.6166666666666667,0.6166666666666667,0.4166666666666667,0.5333333333333333,0.47359447479248046,0.020728445053100585
sqrt,5,0.0129155,0.1,5,0.5433333333333333,0.10466878978738388,495,0.6333333333333333,0.5166666666666667,0.6,0.35,0.6166666666666667,0.4774006366729736,0.020918989181518556
sqrt,5,0.0129155,0.1,10,0.6266666666666666,0.054365021434333624,142,0.65,0.6333333333333333,0.7,0.6166666666666667,0.5333333333333333,0.47612571716308594,0.020638704299926758
sqrt,5,0.0129155,0.1,20,0.6233333333333333,0.047842333648024385,145,0.55,0.6333333333333333,0.7,0.6166666666666667,0.6166666666666667,0.4794018745422363,0.021209239959716797
sqrt,5,0.0129155,0.1,50,0.69,0.07788880963698615,15,0.8166666666666667,0.7166666666666667,0.6,0.7,0.6166666666666667,0.4835245609283447,0.020688581466674804
sqrt,5,0.0129155,0.3,5,0.4766666666666667,0.0563717817509592,672,0.5666666666666667,0.4166666666666667,0.5,0.4166666666666667,0.48333333333333334,0.46410479545593264,0.020575237274169923
sqrt,5,0.0129155,0.3,10,0.47333333333333333,0.06018490028422595,704,0.5666666666666667,0.5,0.4,0.4166666666666667,0.48333333333333334,0.47092380523681643,0.020923042297363283
sqrt,5,0.0129155,0.3,20,0.47000000000000003,0.13800161029656302,768,0.7333333333333334,0.3666666666666667,0.45,0.35,0.45,0.4702450275421143,0.02068023681640625
sqrt,5,0.0129155,0.3,50,0.5866666666666667,0.10974718422102886,315,0.75,0.6166666666666667,0.6166666666666667,0.4166666666666667,0.5333333333333333,0.47436084747314455,0.02081613540649414
sqrt,5,0.0129155,0.5,5,0.4766666666666667,0.0563717817509592,672,0.5666666666666667,0.4166666666666667,0.5,0.4166666666666667,0.48333333333333334,0.4652660369873047,0.02071981430053711
sqrt,5,0.0129155,0.5,10,0.47333333333333333,0.06018490028422595,704,0.5666666666666667,0.5,0.4,0.4166666666666667,0.48333333333333334,0.4649670600891113,0.0206728458404541
sqrt,5,0.0129155,0.5,20,0.47000000000000003,0.13800161029656302,768,0.7333333333333334,0.3666666666666667,0.45,0.35,0.45,0.46857504844665526,0.020617914199829102
sqrt,5,0.0129155,0.5,50,0.5866666666666667,0.10974718422102886,315,0.75,0.6166666666666667,0.6166666666666667,0.4166666666666667,0.5333333333333333,0.4744213104248047,0.021004581451416017
sqrt,5,0.0129155,0.7,5,0.4766666666666667,0.0563717817509592,672,0.5666666666666667,0.4166666666666667,0.5,0.4166666666666667,0.48333333333333334,0.4642202377319336,0.020654869079589844
sqrt,5,0.0129155,0.7,10,0.47333333333333333,0.06018490028422595,704,0.5666666666666667,0.5,0.4,0.4166666666666667,0.48333333333333334,0.4643258094787598,0.020572423934936523
sqrt,5,0.0129155,0.7,20,0.47000000000000003,0.13800161029656302,768,0.7333333333333334,0.3666666666666667,0.45,0.35,0.45,0.468534517288208,0.02064056396484375
sqrt,5,0.0129155,0.7,50,0.5866666666666667,0.10974718422102886,315,0.75,0.6166666666666667,0.6166666666666667,0.4166666666666667,0.5333333333333333,0.47465224266052247,0.0209014892578125
sqrt,5,0.0129155,0.9,5,0.4766666666666667,0.0563717817509592,672,0.5666666666666667,0.4166666666666667,0.5,0.4166666666666667,0.48333333333333334,0.46451849937438966,0.02069392204284668
sqrt,5,0.0129155,0.9,10,0.47333333333333333,0.06018490028422595,704,0.5666666666666667,0.5,0.4,0.4166666666666667,0.48333333333333334,0.46524786949157715,0.02066807746887207
sqrt,5,0.0129155,0.9,20,0.47000000000000003,0.13800161029656302,768,0.7333333333333334,0.3666666666666667,0.45,0.35,0.45,0.4683509349822998,0.020806550979614258
sqrt,5,0.0129155,0.9,50,0.5866666666666667,0.10974718422102886,315,0.75,0.6166666666666667,0.6166666666666667,0.4166666666666667,0.5333333333333333,0.4738488674163818,0.020689964294433594
sqrt,5,0.0464159,0.1,5,0.5599999999999999,0.03431876713662331,445,0.55,0.6,0.6,0.5166666666666667,0.5333333333333333,0.48774232864379885,0.020554161071777342
sqrt,5,0.0464159,0.1,10,0.6233333333333333,0.054365021434333624,145,0.65,0.5333333333333333,0.7,0.6166666666666667,0.6166666666666667,0.4922153949737549,0.02060213088989258
sqrt,5,0.0464159,0.1,20,0.5833333333333333,0.10165300454651273,372,0.7333333333333334,0.6166666666666667,0.5166666666666667,0.43333333333333335,0.6166666666666667,0.4960742950439453,0.02070784568786621
sqrt,5,0.0464159,0.1,50,0.6066666666666667,0.13190905958272917,217,0.8333333333333333,0.5333333333333333,0.6166666666666667,0.43333333333333335,0.6166666666666667,0.4946188449859619,0.02078590393066406
sqrt,5,0.0464159,0.3,5,0.5766666666666667,0.05011098792790966,391,0.6333333333333333,0.5166666666666667,0.6,0.5166666666666667,0.6166666666666667,0.48585028648376466,0.020566511154174804
sqrt,5,0.0464159,0.3,10,0.6066666666666667,0.06018490028422594,217,0.55,0.6333333333333333,0.7,0.6166666666666667,0.5333333333333333,0.48801274299621583,0.020683097839355468
sqrt,5,0.0464159,0.3,20,0.6033333333333333,0.02867441755680874,244,0.55,0.6333333333333333,0.6,0.6166666666666667,0.6166666666666667,0.4908305644989014,0.020703792572021484
sqrt,5,0.0464159,0.3,50,0.7066666666666668,0.08981462390204988,7,0.8166666666666667,0.8,0.6,0.7,0.6166666666666667,0.49497642517089846,0.02056422233581543
sqrt,5,0.0464159,0.5,5,0.6133333333333333,0.12710450643291743,204,0.65,0.3666666666666667,0.7,0.6333333333333333,0.7166666666666667,0.49061269760131837,0.02053489685058594
sqrt,5,0.0464159,0.5,10,0.6466666666666667,0.1301281419729542,79,0.8166666666666667,0.45,0.7,0.55,0.7166666666666667,0.4867739200592041,0.020699548721313476
sqrt,5,0.0464159,0.5,20,0.6433333333333333,0.10780641085864151,85,0.8166666666666667,0.5333333333333333,0.6,0.55,0.7166666666666667,0.48844351768493655,0.020775032043457032
sqrt,5,0.0464159,0.5,50,0.6566666666666667,0.08981462390204986,68,0.7166666666666667,0.8,0.6,0.55,0.6166666666666667,0.49317569732666017,0.020950937271118165
sqrt,5,0.0464159,0.7,5,0.4766666666666667,0.0563717817509592,672,0.5666666666666667,0.4166666666666667,0.5,0.4166666666666667,0.48333333333333334,0.46644930839538573,0.020717430114746093
sqrt,5,0.0464159,0.7,10,0.47333333333333333,0.06018490028422595,704,0.5666666666666667,0.5,0.4,0.4166666666666667,0.48333333333333334,0.46520118713378905,0.020612049102783202
sqrt,5,0.0464159,0.7,20,0.47000000000000003,0.13800161029656302,768,0.7333333333333334,0.3666666666666667,0.45,0.35,0.45,0.4683091640472412,0.020589065551757813
sqrt,5,0.0464159,0.7,50,0.5866666666666667,0.10974718422102886,315,0.75,0.6166666666666667,0.6166666666666667,0.4166666666666667,0.5333333333333333,0.4736222267150879,0.02083730697631836
sqrt,5,0.0464159,0.9,5,0.4766666666666667,0.0563717817509592,672,0.5666666666666667,0.4166666666666667,0.5,0.4166666666666667,0.48333333333333334,0.464463472366333,0.02056894302368164
sqrt,5,0.0464159,0.9,10,0.47333333333333333,0.06018490028422595,704,0.5666666666666667,0.5,0.4,0.4166666666666667,0.48333333333333334,0.4648078441619873,0.02064366340637207
sqrt,5,0.0464159,0.9,20,0.47000000000000003,0.13800161029656302,768,0.7333333333333334,0.3666666666666667,0.45,0.35,0.45,0.46714329719543457,0.02069406509399414
sqrt,5,0.0464159,0.9,50,0.5866666666666667,0.10974718422102886,315,0.75,0.6166666666666667,0.6166666666666667,0.4166666666666667,0.5333333333333333,0.4733903408050537,0.020706796646118165
sqrt,5,0.16681,0.1,5,0.5033333333333333,0.07702813338860898,652,0.55,0.5333333333333333,0.55,0.35,0.5333333333333333,0.5184577941894531,0.020783376693725587
sqrt,5,0.16681,0.1,10,0.5133333333333334,0.0618241233033047,624,0.5333333333333333,0.45,0.6166666666666667,0.45,0.5166666666666667,0.5197094917297364,0.020735502243041992
sqrt,5,0.16681,0.1,20,0.6233333333333333,0.06377042156569666,145,0.7333333333333334,0.5333333333333333,0.6166666666666667,0.6166666666666667,0.6166666666666667,0.5221025466918945,0.02071523666381836
sqrt,5,0.16681,0.1,50,0.6033333333333334,0.13391539617733775,240,0.8333333333333333,0.6166666666666667,0.5166666666666667,0.43333333333333335,0.6166666666666667,0.5265027046203613,0.020946025848388672
sqrt,5,0.16681,0.3,5,0.53,0.09510228411791406,578,0.55,0.5333333333333333,0.6,0.35,0.6166666666666667,0.5234384059906005,0.0205843448638916
sqrt,5,0.16681,0.3,10,0.6,0.062360956446232345,273,0.5333333333333333,0.5333333333333333,0.7,0.6166666666666667,0.6166666666666667,0.5276524066925049,0.0209136962890625
sqrt,5,0.16681,0.3,20,0.5700000000000001,0.1002219758558194,402,0.7333333333333334,0.5333333333333333,0.5333333333333333,0.43333333333333335,0.6166666666666667,0.5280478477478028,0.02080645561218262
sqrt,5,0.16681,0.3,50,0.6233333333333333,0.15797327481430384,145,0.9166666666666667,0.45,0.6,0.5333333333333333,0.6166666666666667,0.5330088615417481,0.020767593383789064
sqrt,5,0.16681,0.5,5,0.49000000000000005,0.08472176684759222,661,0.45,0.5166666666666667,0.6,0.35,0.5333333333333333,0.5207391262054444,0.02076249122619629
sqrt,5,0.16681,0.5,10,0.6233333333333333,0.01333333333333333,145,0.65,0.6166666666666667,0.6166666666666667,0.6166666666666667,0.6166666666666667,0.5227258205413818,0.02080984115600586
sqrt,5,0.16681,0.5,20,0.5866666666666667,0.08124038404635962,315,0.7333333333333334,0.5333333333333333,0.5333333333333333,0.5166666666666667,0.6166666666666667,0.524845027923584,0.020651960372924806
sqrt,5,0.16681,0.5,50,0.6766666666666666,0.08069145624606802,29,0.8166666666666667,0.7166666666666667,0.6,0.6333333333333333,0.6166666666666667,0.5295344829559326,0.020673418045043947
sqrt,5,0.16681,0.7,5,0.5433333333333334,0.06548960901462833,494,0.55,0.5166666666666667,0.6,0.43333333333333335,0.6166666666666667,0.5317880630493164,0.020495223999023437
sqrt,5,0.16681,0.7,10,0.6033333333333333,0.07702813338860896,244,0.7333333333333334,0.5333333333333333,0.6166666666666667,0.5166666666666667,0.6166666666666667,0.5337133884429932,0.020776033401489258
sqrt,5,0.16681,0.7,20,0.5833333333333333,0.050552502960343665,372,0.65,0.5333333333333333,0.6,0.5166666666666667,0.6166666666666667,0.5337194442749024,0.020462417602539064
sqrt,5,0.16681,0.7,50,0.67,0.13140268896284682,42,0.9,0.7166666666666667,0.6,0.5166666666666667,0.6166666666666667,0.5397849559783936,0.020702028274536134
sqrt,5,0.16681,0.9,5,0.5466666666666666,0.03711842908553348,483,0.55,0.5166666666666667,0.5166666666666667,0.6166666666666667,0.5333333333333333,0.5349681377410889,0.020769119262695312
sqrt,5,0.16681,0.9,10,0.6366666666666666,0.06616477747093069,123,0.7166666666666667,0.5333333333333333,0.7,0.6166666666666667,0.6166666666666667,0.5377140045166016,0.02059311866760254
sqrt,5,0.16681,0.9,20,0.6566666666666666,0.09580071908799943,70,0.8166666666666667,0.5333333333333333,0.7,0.6166666666666667,0.6166666666666667,0.5391889572143554,0.02075328826904297
sqrt,5,0.16681,0.9,50,0.7066666666666668,0.10677078252031312,7,0.9,0.7166666666666667,0.6,0.7,0.6166666666666667,0.5429778099060059,0.02074565887451172
sqrt,5,0.599484,0.1,5,0.5266666666666666,0.030912061651652355,598,0.55,0.5333333333333333,0.55,0.4666666666666667,0.5333333333333333,0.59065260887146,0.020957183837890626
sqrt,5,0.599484,0.1,10,0.5833333333333333,0.08498365855987973,372,0.45,0.6166666666666667,0.7,0.5333333333333333,0.6166666666666667,0.5958169937133789,0.020652055740356445
sqrt,5,0.599484,0.1,20,0.6,0.08027729719194864,273,0.7333333333333334,0.6166666666666667,0.5166666666666667,0.5166666666666667,0.6166666666666667,0.5953807830810547,0.020746660232543946
sqrt,5,0.599484,0.1,50,0.6033333333333333,0.12083045973594567,244,0.8333333333333333,0.5333333333333333,0.5166666666666667,0.5166666666666667,0.6166666666666667,0.5989840507507325,0.020737504959106444
sqrt,5,0.599484,0.3,5,0.5733333333333334,0.06377042156569662,394,0.55,0.5333333333333333,0.7,0.55,0.5333333333333333,0.6107464790344238,0.02088313102722168
sqrt,5,0.599484,0.3,10,0.55,0.06236095644623237,478,0.45,0.5333333333333333,0.6166666666666667,0.5333333333333333,0.6166666666666667,0.6257698059082031,0.0207916259765625
sqrt,5,0.599484,0.3,20,0.6366666666666666,0.10509255180289627,123,0.8333333333333333,0.6166666666666667,0.6,0.5166666666666667,0.6166666666666667,0.6167802333831787,0.021119022369384767
sqrt,5,0.599484,0.3,50,0.6266666666666667,0.13727506854649332,133,0.8333333333333333,0.45,0.7166666666666667,0.5166666666666667,0.6166666666666667,0.6217753887176514,0.02095637321472168
sqrt,5,0.599484,0.5,5,0.5900000000000001,0.06633249580710797,304,0.55,0.5333333333333333,0.7,0.6333333333333333,0.5333333333333333,0.6165902137756347,0.020723342895507812
sqrt,5,0.599484,0.5,10,0.55,0.10593499054713805,478,0.35,0.5333333333333333,0.6166666666666667,0.6333333333333333,0.6166666666666667,0.6183642864227294,0.020955562591552734
sqrt,5,0.599484,0.5,20,0.6199999999999999,0.13182479955523457,197,0.8333333333333333,0.6166666666666667,0.6166666666666667,0.4166666666666667,0.6166666666666667,0.6189377307891846,0.020774698257446288
sqrt,5,0.599484,0.5,50,0.6233333333333333,0.15077577170531525,145,0.9166666666666667,0.5333333333333333,0.5166666666666667,0.5333333333333333,0.6166666666666667,0.6251250267028808,0.02098689079284668
sqrt,5,0.599484,0.7,5,0.5366666666666666,0.08906926143924923,542,0.55,0.3666666666666667,0.6,0.55,0.6166666666666667,0.6330395221710206,0.020805501937866212
sqrt,5,0.599484,0.7,10,0.6033333333333333,0.10077477638553982,244,0.45,0.5333333333333333,0.7,0.7166666666666667,0.6166666666666667,0.6339618682861328,0.020778369903564454
sqrt,5,0.599484,0.7,20,0.5633333333333332,0.1061445555206044,437,0.7333333333333334,0.5333333333333333,0.5166666666666667,0.4166666666666667,0.6166666666666667,0.6354162693023682,0.02077374458312988
sqrt,5,0.599484,0.7,50,0.62,0.10402991022884824,180,0.8166666666666667,0.5333333333333333,0.6,0.5333333333333333,0.6166666666666667,0.6433673858642578,0.020894193649291994
sqrt,5,0.599484,0.9,5,0.59,0.04294699575575042,310,0.65,0.5333333333333333,0.6,0.55,0.6166666666666667,0.6377830505371094,0.020774173736572265
sqrt,5,0.599484,0.9,10,0.5866666666666667,0.037118429085533484,315,0.55,0.5333333333333333,0.6166666666666667,0.6166666666666667,0.6166666666666667,0.6318704128265381,0.020937538146972655
sqrt,5,0.599484,0.9,20,0.6033333333333333,0.12083045973594567,244,0.8333333333333333,0.5333333333333333,0.5166666666666667,0.5166666666666667,0.6166666666666667,0.6345624446868896,0.02084174156188965
sqrt,5,0.599484,0.9,50,0.6166666666666667,0.10697871023920807,199,0.8166666666666667,0.5333333333333333,0.6,0.5166666666666667,0.6166666666666667,0.6380953788757324,0.021172332763671874
sqrt,5,2.15443,0.1,5,0.6,0.10055402085998903,273,0.55,0.4666666666666667,0.7333333333333334,0.55,0.7,0.7251764297485351,0.021748161315917967
sqrt,5,2.15443,0.1,10,0.5366666666666666,0.08259674462242578,542,0.43333333333333335,0.45,0.6333333333333333,0.55,0.6166666666666667,0.7217093467712402,0.02090463638305664
sqrt,5,2.15443,0.1,20,0.5966666666666667,0.06616477747093066,294,0.5333333333333333,0.7,0.6166666666666667,0.5166666666666667,0.6166666666666667,0.7241977691650391,0.020735931396484376
sqrt,5,2.15443,0.1,50,0.6033333333333334,0.13391539617733775,240,0.8333333333333333,0.6166666666666667,0.5166666666666667,0.43333333333333335,0.6166666666666667,0.7310633182525634,0.020928382873535156
sqrt,5,2.15443,0.3,5,0.5633333333333332,0.0439696865275764,437,0.55,0.5333333333333333,0.65,0.55,0.5333333333333333,0.7816812038421631,0.021053838729858398
sqrt,5,2.15443,0.3,10,0.5666666666666667,0.10055402085998903,415,0.43333333333333335,0.6166666666666667,0.7,0.4666666666666667,0.6166666666666667,0.7807900905609131,0.0209047794342041
sqrt,5,2.15443,0.3,20,0.5833333333333333,0.04082482904638632,372,0.5333333333333333,0.5333333333333333,0.6166666666666667,0.6166666666666667,0.6166666666666667,0.7826368331909179,0.020638275146484374
sqrt,5,2.15443,0.3,50,0.5866666666666667,0.09683892697555968,315,0.7333333333333334,0.45,0.6166666666666667,0.5166666666666667,0.6166666666666667,0.7894944667816162,0.02072148323059082
sqrt,5,2.15443,0.5,5,0.5733333333333334,0.06377042156569662,394,0.55,0.5333333333333333,0.7,0.55,0.5333333333333333,0.8193658828735352,0.020846176147460937
sqrt,5,2.15443,0.5,10,0.5333333333333333,0.12064640713902569,564,0.43333333333333335,0.3666666666666667,0.7,0.55,0.6166666666666667,0.8207579135894776,0.020616960525512696
sqrt,5,2.15443,0.5,20,0.5599999999999999,0.0402768199119819,445,0.5333333333333333,0.5333333333333333,0.6,0.5166666666666667,0.6166666666666667,0.8214858055114747,0.02089099884033203
sqrt,5,2.15443,0.5,50,0.6033333333333333,0.1654623152798781,244,0.9166666666666667,0.45,0.5166666666666667,0.5166666666666667,0.6166666666666667,0.8255096435546875,0.02080402374267578
sqrt,5,2.15443,0.7,5,0.5333333333333333,0.11105554165971787,564,0.35,0.5333333333333333,0.7,0.55,0.5333333333333333,0.833911657333374,0.020722436904907226
sqrt,5,2.15443,0.7,10,0.5333333333333333,0.11105554165971786,564,0.43333333333333335,0.3666666666666667,0.6166666666666667,0.6333333333333333,0.6166666666666667,0.8363002300262451,0.020900869369506837
sqrt,5,2.15443,0.7,20,0.6133333333333333,0.12666666666666665,204,0.8166666666666667,0.6166666666666667,0.6,0.4166666666666667,0.6166666666666667,0.844440221786499,0.02073826789855957
sqrt,5,2.15443,0.7,50,0.64,0.15187714333192692,101,0.9166666666666667,0.45,0.6,0.6166666666666667,0.6166666666666667,0.8426460742950439,0.02068438529968262
sqrt,5,2.15443,0.9,5,0.5033333333333333,0.07702813338860898,652,0.35,0.5333333333333333,0.55,0.55,0.5333333333333333,0.8765011310577393,0.020903635025024413
sqrt,5,2.15443,0.9,10,0.5333333333333333,0.11105554165971786,564,0.43333333333333335,0.3666666666666667,0.6166666666666667,0.6333333333333333,0.6166666666666667,0.8833891868591308,0.020694637298583986
sqrt,5,2.15443,0.9,20,0.5966666666666667,0.132664991614216,294,0.8166666666666667,0.6166666666666667,0.5166666666666667,0.4166666666666667,0.6166666666666667,0.8815825939178467,0.020789241790771483
sqrt,5,2.15443,0.9,50,0.62,0.10402991022884824,180,0.8166666666666667,0.5333333333333333,0.6,0.5333333333333333,0.6166666666666667,0.8861183166503906,0.020598983764648436
sqrt,5,7.74264,0.1,5,0.6066666666666667,0.05830951894845299,217,0.65,0.5666666666666667,0.5666666666666667,0.55,0.7,0.7957612037658691,0.021064329147338866
sqrt,5,7.74264,0.1,10,0.5700000000000001,0.06944222218666553,402,0.5333333333333333,0.45,0.6333333333333333,0.6166666666666667,0.6166666666666667,0.7890495777130127,0.021638774871826173
sqrt,5,7.74264,0.1,20,0.6,0.04216370213557837,273,0.6333333333333333,0.6166666666666667,0.6166666666666667,0.5166666666666667,0.6166666666666667,0.7879541873931885,0.020934391021728515
sqrt,5,7.74264,0.1,50,0.6,0.08027729719194864,273,0.7333333333333334,0.6166666666666667,0.5166666666666667,0.5166666666666667,0.6166666666666667,0.794115400314331,0.02060990333557129
sqrt,5,7.74264,0.3,5,0.5666666666666667,0.08881941729649488,415,0.55,0.4666666666666667,0.7333333333333334,0.55,0.5333333333333333,0.9573300361633301,0.020690727233886718
sqrt,5,7.74264,0.3,10,0.5399999999999999,0.08666666666666667,502,0.43333333333333335,0.45,0.65,0.55,0.6166666666666667,0.9584899425506592,0.0207672119140625
sqrt,5,7.74264,0.3,20,0.58,0.04521553322083512,383,0.5333333333333333,0.6166666666666667,0.6166666666666667,0.5166666666666667,0.6166666666666667,0.9592277526855468,0.020783615112304688
sqrt,5,7.74264,0.3,50,0.5833333333333334,0.1120515754264774,367,0.7333333333333334,0.45,0.5166666666666667,0.5166666666666667,0.7,0.9644276618957519,0.020802402496337892
sqrt,5,7.74264,0.5,5,0.5333333333333333,0.0674948557710553,564,0.55,0.4666666666666667,0.65,0.4666666666666667,0.5333333333333333,1.054001760482788,0.020907211303710937
sqrt,5,7.74264,0.5,10,0.5366666666666667,0.11125546178852425,504,0.43333333333333335,0.45,0.7166666666666667,0.4666666666666667,0.6166666666666667,1.0544275283813476,0.020651721954345705
sqrt,5,7.74264,0.5,20,0.59,0.07039570693980958,310,0.6333333333333333,0.45,0.6333333333333333,0.6166666666666667,0.6166666666666667,1.0561793327331543,0.020682096481323242
sqrt,5,7.74264,0.5,50,0.5666666666666667,0.09888264649460884,415,0.7333333333333334,0.45,0.5166666666666667,0.5166666666666667,0.6166666666666667,1.0646671772003173,0.021008920669555665
sqrt,5,7.74264,0.7,5,0.48,0.05906681715556452,671,0.55,0.4666666666666667,0.3833333333333333,0.4666666666666667,0.5333333333333333,1.1085580348968507,0.020830583572387696
sqrt,5,7.74264,0.7,10,0.5166666666666667,0.10055402085998903,606,0.43333333333333335,0.3666666666666667,0.6166666666666667,0.55,0.6166666666666667,1.107346200942993,0.020579957962036134
sqrt,5,7.74264,0.7,20,0.5466666666666666,0.06359594676112972,483,0.5333333333333333,0.45,0.6166666666666667,0.5166666666666667,0.6166666666666667,1.1005128860473632,0.020699548721313476
sqrt,5,7.74264,0.7,50,0.6066666666666667,0.12978614889287854,217,0.8333333333333333,0.45,0.6166666666666667,0.5166666666666667,0.6166666666666667,1.1052872657775878,0.020900821685791014
sqrt,5,7.74264,0.9,5,0.5566666666666666,0.07717224601860148,459,0.55,0.5333333333333333,0.7,0.4666666666666667,0.5333333333333333,1.1435568809509278,0.02078237533569336
sqrt,5,7.74264,0.9,10,0.5533333333333335,0.13391539617733778,464,0.43333333333333335,0.3666666666666667,0.6166666666666667,0.7333333333333334,0.6166666666666667,1.149592113494873,0.020702266693115236
sqrt,5,7.74264,0.9,20,0.49000000000000005,0.08856886837057613,661,0.5333333333333333,0.3666666666666667,0.5166666666666667,0.4166666666666667,0.6166666666666667,1.1462109088897705,0.02076582908630371
sqrt,5,7.74264,0.9,50,0.6599999999999999,0.15187714333192692,60,0.9166666666666667,0.45,0.7,0.6166666666666667,0.6166666666666667,1.149307870864868,0.020842599868774413
sqrt,5,27.8256,0.1,5,0.5666666666666667,0.1206464071390257,415,0.65,0.4666666666666667,0.3833333333333333,0.6333333333333333,0.7,0.7888486862182618,0.020729446411132814
sqrt,5,27.8256,0.1,10,0.5533333333333333,0.05715476066494084,468,0.5333333333333333,0.4666666666666667,0.5333333333333333,0.6166666666666667,0.6166666666666667,0.7900268077850342,0.02072148323059082
sqrt,5,27.8256,0.1,20,0.5633333333333332,0.05099019513592783,437,0.6333333333333333,0.6166666666666667,0.5166666666666667,0.5166666666666667,0.5333333333333333,0.7928801059722901,0.021207809448242188
sqrt,5,27.8256,0.1,50,0.6033333333333333,0.12083045973594567,244,0.8333333333333333,0.5333333333333333,0.5166666666666667,0.5166666666666667,0.6166666666666667,0.7961975574493408,0.02076101303100586
sqrt,5,27.8256,0.3,5,0.5700000000000001,0.10821788720498617,402,0.65,0.5666666666666667,0.3833333333333333,0.55,0.7,0.930915117263794,0.020604372024536133
sqrt,5,27.8256,0.3,10,0.5333333333333333,0.08232726023485645,564,0.43333333333333335,0.45,0.6333333333333333,0.5333333333333333,0.6166666666666667,0.9336413383483887,0.02065248489379883
sqrt,5,27.8256,0.3,20,0.58,0.04521553322083512,383,0.5333333333333333,0.6166666666666667,0.6166666666666667,0.5166666666666667,0.6166666666666667,0.9361040115356445,0.02069854736328125
sqrt,5,27.8256,0.3,50,0.6033333333333333,0.0858939915115008,244,0.75,0.6166666666666667,0.5166666666666667,0.5166666666666667,0.6166666666666667,0.9390085220336915,0.020801210403442384
sqrt,5,27.8256,0.5,5,0.5666666666666667,0.09486832980505137,415,0.55,0.4666666666666667,0.65,0.4666666666666667,0.7,1.0708959102630615,0.020724391937255858
sqrt,5,27.8256,0.5,10,0.49333333333333335,0.08602325267042626,655,0.43333333333333335,0.3666666666666667,0.5333333333333333,0.5166666666666667,0.6166666666666667,1.0726593017578125,0.020956945419311524
sqrt,5,27.8256,0.5,20,0.5966666666666667,0.06616477747093066,294,0.5333333333333333,0.7,0.5166666666666667,0.6166666666666667,0.6166666666666667,1.0755826950073242,0.020662403106689452
sqrt,5,27.8256,0.5,50,0.62,0.11566234381931643,180,0.8333333333333333,0.6166666666666667,0.5166666666666667,0.5166666666666667,0.6166666666666667,1.0808092117309571,0.020856571197509766
sqrt,5,27.8256,0.7,5,0.5666666666666667,0.08881941729649488,415,0.55,0.4666666666666667,0.7333333333333334,0.55,0.5333333333333333,1.1747728824615478,0.02052168846130371
sqrt,5,27.8256,0.7,10,0.5233333333333333,0.09104333522498444,599,0.43333333333333335,0.45,0.65,0.4666666666666667,0.6166666666666667,1.1710221767425537,0.020824337005615236
sqrt,5,27.8256,0.7,20,0.62,0.058118652580542315,180,0.5333333333333333,0.6166666666666667,0.7166666666666667,0.6166666666666667,0.6166666666666667,1.1776881217956543,0.020908498764038087
sqrt,5,27.8256,0.7,50,0.6033333333333333,0.14197026292697898,244,0.8333333333333333,0.45,0.5166666666666667,0.5166666666666667,0.7,1.172931432723999,0.020761537551879882
sqrt,5,27.8256,0.9,5,0.5666666666666667,0.08881941729649488,415,0.55,0.4666666666666667,0.7333333333333334,0.55,0.5333333333333333,1.2440869808197021,0.020781850814819335
sqrt,5,27.8256,0.9,10,0.5366666666666666,0.12534397117975443,542,0.43333333333333335,0.3666666666666667,0.7166666666666667,0.55,0.6166666666666667,1.2465903282165527,0.020947790145874022
sqrt,5,27.8256,0.9,20,0.5833333333333333,0.04082482904638632,372,0.5333333333333333,0.5333333333333333,0.6166666666666667,0.6166666666666667,0.6166666666666667,1.2474883556365968,0.02069225311279297
sqrt,5,27.8256,0.9,50,0.6033333333333333,0.14197026292697898,244,0.8333333333333333,0.45,0.5166666666666667,0.5166666666666667,0.7,1.2512996196746826,0.020807981491088867
sqrt,5,100.0,0.1,5,0.5666666666666667,0.1206464071390257,415,0.65,0.4666666666666667,0.3833333333333333,0.6333333333333333,0.7,0.8416002750396728,0.020608282089233397
sqrt,5,100.0,0.1,10,0.5700000000000001,0.0784573486395988,402,0.43333333333333335,0.65,0.5333333333333333,0.6166666666666667,0.6166666666666667,0.8458205699920655,0.020771312713623046
sqrt,5,100.0,0.1,20,0.5666666666666667,0.04216370213557839,415,0.55,0.6166666666666667,0.6166666666666667,0.5166666666666667,0.5333333333333333,0.8501093864440918,0.0206756591796875
sqrt,5,100.0,0.1,50,0.62,0.11566234381931643,180,0.8333333333333333,0.6166666666666667,0.5166666666666667,0.5166666666666667,0.6166666666666667,0.8515547275543213,0.020630741119384767
sqrt,5,100.0,0.3,5,0.5666666666666667,0.1206464071390257,415,0.65,0.4666666666666667,0.3833333333333333,0.6333333333333333,0.7,0.851908826828003,0.02053699493408203
sqrt,5,100.0,0.3,10,0.5333333333333333,0.07527726527090811,564,0.43333333333333335,0.4666666666666667,0.5333333333333333,0.6166666666666667,0.6166666666666667,0.8565708637237549,0.020817279815673828
sqrt,5,100.0,0.3,20,0.5466666666666666,0.03711842908553348,483,0.55,0.6166666666666667,0.5166666666666667,0.5166666666666667,0.5333333333333333,0.8578819274902344,0.02066946029663086
sqrt,5,100.0,0.3,50,0.6366666666666666,0.11990737165736627,123,0.8333333333333333,0.7,0.5166666666666667,0.5166666666666667,0.6166666666666667,0.8604045867919922,0.02078976631164551
sqrt,5,100.0,0.5,5,0.5866666666666667,0.11025223605694151,315,0.65,0.5666666666666667,0.3833333333333333,0.6333333333333333,0.7,0.8794824600219726,0.02070727348327637
sqrt,5,100.0,0.5,10,0.5533333333333333,0.05715476066494084,468,0.5333333333333333,0.4666666666666667,0.5333333333333333,0.6166666666666667,0.6166666666666667,0.881986665725708,0.02077760696411133
sqrt,5,100.0,0.5,20,0.5433333333333332,0.03741657386773941,499,0.5333333333333333,0.6166666666666667,0.5166666666666667,0.5166666666666667,0.5333333333333333,0.8832916736602783,0.020661449432373045
sqrt,5,100.0,0.5,50,0.6033333333333333,0.12083045973594567,244,0.8333333333333333,0.5333333333333333,0.5166666666666667,0.5166666666666667,0.6166666666666667,0.8890812873840332,0.020589590072631836
sqrt,5,100.0,0.7,5,0.5700000000000001,0.10821788720498617,402,0.65,0.5666666666666667,0.3833333333333333,0.55,0.7,0.9180958271026611,0.02063617706298828
sqrt,5,100.0,0.7,10,0.5566666666666668,0.08069145624606802,453,0.45,0.4666666666666667,0.6333333333333333,0.6166666666666667,0.6166666666666667,0.9210909843444824,0.020783758163452147
sqrt,5,100.0,0.7,20,0.58,0.052068331172711015,383,0.6333333333333333,0.6166666666666667,0.5166666666666667,0.5166666666666667,0.6166666666666667,0.9231658458709717,0.0206146240234375
sqrt,5,100.0,0.7,50,0.62,0.11566234381931643,180,0.8333333333333333,0.6166666666666667,0.5166666666666667,0.5166666666666667,0.6166666666666667,0.9317234992980957,0.020711135864257813
sqrt,5,100.0,0.9,5,0.5700000000000001,0.10821788720498617,402,0.65,0.5666666666666667,0.3833333333333333,0.55,0.7,0.9907124996185303,0.020884895324707033
sqrt,5,100.0,0.9,10,0.5333333333333333,0.08232726023485645,564,0.43333333333333335,0.45,0.6333333333333333,0.5333333333333333,0.6166666666666667,0.9912039756774902,0.02077145576477051
sqrt,5,100.0,0.9,20,0.58,0.04521553322083512,383,0.5333333333333333,0.6166666666666667,0.6166666666666667,0.5166666666666667,0.6166666666666667,0.9929960250854493,0.02075357437133789
sqrt,5,100.0,0.9,50,0.6033333333333333,0.0858939915115008,244,0.75,0.6166666666666667,0.5166666666666667,0.5166666666666667,0.6166666666666667,0.9991304397583007,0.020725059509277343
0.3,1,0.001,0.1,5,0.5366666666666667,0.14506703431325962,504,0.6166666666666667,0.6333333333333333,0.6166666666666667,0.25,0.5666666666666667,0.47223572731018065,0.02097320556640625
0.3,1,0.001,0.1,10,0.4733333333333333,0.1455258663529538,736,0.35,0.6,0.6,0.25,0.5666666666666667,0.47940864562988283,0.02075533866882324
0.3,1,0.001,0.1,20,0.53,0.04876246279442597,578,0.55,0.5166666666666667,0.6,0.5333333333333333,0.45,0.49234733581542967,0.020952320098876952
0.3,1,0.001,0.1,50,0.5333333333333334,0.08432740427115679,548,0.5666666666666667,0.6166666666666667,0.6166666666666667,0.4166666666666667,0.45,0.5084746837615967,0.020870065689086913
0.3,1,0.001,0.3,5,0.5366666666666667,0.14506703431325962,504,0.6166666666666667,0.6333333333333333,0.6166666666666667,0.25,0.5666666666666667,0.47290744781494143,0.020773887634277344
0.3,1,0.001,0.3,10,0.4733333333333333,0.1455258663529538,736,0.35,0.6,0.6,0.25,0.5666666666666667,0.47844438552856444,0.020988941192626953
0.3,1,0.001,0.3,20,0.53,0.04876246279442597,578,0.55,0.5166666666666667,0.6,0.5333333333333333,0.45,0.49247074127197266,0.020962953567504883
0.3,1,0.001,0.3,50,0.5333333333333334,0.08432740427115679,548,0.5666666666666667,0.6166666666666667,0.6166666666666667,0.4166666666666667,0.45,0.5073034763336182,0.020780372619628906
0.3,1,0.001,0.5,5,0.5366666666666667,0.14506703431325962,504,0.6166666666666667,0.6333333333333333,0.6166666666666667,0.25,0.5666666666666667,0.47275714874267577,0.020904970169067384
0.3,1,0.001,0.5,10,0.4733333333333333,0.1455258663529538,736,0.35,0.6,0.6,0.25,0.5666666666666667,0.4780564308166504,0.021118783950805665
0.3,1,0.001,0.5,20,0.53,0.04876246279442597,578,0.55,0.5166666666666667,0.6,0.5333333333333333,0.45,0.49339771270751953,0.021054172515869142
0.3,1,0.001,0.5,50,0.5333333333333334,0.08432740427115679,548,0.5666666666666667,0.6166666666666667,0.6166666666666667,0.4166666666666667,0.45,0.5071922779083252,0.020793914794921875
0.3,1,0.001,0.7,5,0.5366666666666667,0.14506703431325962,504,0.6166666666666667,0.6333333333333333,0.6166666666666667,0.25,0.5666666666666667,0.4720769882202148,0.020949268341064455
0.3,1,0.001,0.7,10,0.4733333333333333,0.1455258663529538,736,0.35,0.6,0.6,0.25,0.5666666666666667,0.4776932716369629,0.021144008636474608
0.3,1,0.001,0.7,20,0.53,0.04876246279442597,578,0.55,0.5166666666666667,0.6,0.5333333333333333,0.45,0.492752742767334,0.020924186706542967
0.3,1,0.001,0.7,50,0.5333333333333334,0.08432740427115679,548,0.5666666666666667,0.6166666666666667,0.6166666666666667,0.4166666666666667,0.45,0.5072830200195313,0.02084803581237793
0.3,1,0.001,0.9,5,0.5366666666666667,0.14506703431325962,504,0.6166666666666667,0.6333333333333333,0.6166666666666667,0.25,0.5666666666666667,0.47177882194519044,0.020978164672851563
0.3,1,0.001,0.9,10,0.4733333333333333,0.1455258663529538,736,0.35,0.6,0.6,0.25,0.5666666666666667,0.47829108238220214,0.02097043991088867
0.3,1,0.001,0.9,20,0.53,0.04876246279442597,578,0.55,0.5166666666666667,0.6,0.5333333333333333,0.45,0.49293980598449705,0.020992279052734375
0.3,1,0.001,0.9,50,0.5333333333333334,0.08432740427115679,548,0.5666666666666667,0.6166666666666667,0.6166666666666667,0.4166666666666667,0.45,0.5063728809356689,0.02087550163269043
0.3,1,0.00359381,0.1,5,0.5366666666666667,0.14506703431325962,504,0.6166666666666667,0.6333333333333333,0.6166666666666667,0.25,0.5666666666666667,0.4724894046783447,0.021006345748901367
0.3,1,0.00359381,0.1,10,0.4733333333333333,0.1455258663529538,736,0.35,0.6,0.6,0.25,0.5666666666666667,0.47677087783813477,0.020912313461303712
0.3,1,0.00359381,0.1,20,0.53,0.04876246279442597,578,0.55,0.5166666666666667,0.6,0.5333333333333333,0.45,0.4915328502655029,0.020952415466308594
0.3,1,0.00359381,0.1,50,0.5333333333333334,0.08432740427115679,548,0.5666666666666667,0.6166666666666667,0.6166666666666667,0.4166666666666667,0.45,0.505864143371582,0.020916032791137695
0.3,1,0.00359381,0.3,5,0.5366666666666667,0.14506703431325962,504,0.6166666666666667,0.6333333333333333,0.6166666666666667,0.25,0.5666666666666667,0.4709471702575684,0.02092633247375488
0.3,1,0.00359381,0.3,10,0.4733333333333333,0.1455258663529538,736,0.35,0.6,0.6,0.25,0.5666666666666667,0.4788762092590332,0.02089862823486328
0.3,1,0.00359381,0.3,20,0.53,0.04876246279442597,578,0.55,0.5166666666666667,0.6,0.5333333333333333,0.45,0.4916537761688232,0.020931816101074217
0.3,1,0.00359381,0.3,50,0.5333333333333334,0.08432740427115679,548,0.5666666666666667,0.6166666666666667,0.6166666666666667,0.4166666666666667,0.45,0.5096371650695801,0.020931005477905273
0.3,1,0.00359381,0.5,5,0.5366666666666667,0.14506703431325962,504,0.6166666666666667,0.6333333333333333,0.6166666666666667,0.25,0.5666666666666667,0.4703510761260986,0.020980453491210936
0.3,1,0.00359381,0.5,10,0.4733333333333333,0.1455258663529538,736,0.35,0.6,0.6,0.25,0.5666666666666667,0.4777060508728027,0.020886993408203124
0.3,1,0.00359381,0.5,20,0.53,0.04876246279442597,578,0.55,0.5166666666666667,0.6,0.5333333333333333,0.45,0.49280571937561035,0.02099952697753906
0.3,1,0.00359381,0.5,50,0.5333333333333334,0.08432740427115679,548,0.5666666666666667,0.6166666666666667,0.6166666666666667,0.4166666666666667,0.45,0.5081003665924072,0.02085766792297363
0.3,1,0.00359381,0.7,5,0.5366666666666667,0.14506703431325962,504,0.6166666666666667,0.6333333333333333,0.6166666666666667,0.25,0.5666666666666667,0.47151870727539064,0.020940017700195313
0.3,1,0.00359381,0.7,10,0.4733333333333333,0.1455258663529538,736,0.35,0.6,0.6,0.25,0.5666666666666667,0.47858762741088867,0.020873832702636718
0.3,1,0.00359381,0.7,20,0.53,0.04876246279442597,578,0.55,0.5166666666666667,0.6,0.5333333333333333,0.45,0.4969926357269287,0.021068334579467773
0.3,1,0.00359381,0.7,50,0.5333333333333334,0.08432740427115679,548,0.5666666666666667,0.6166666666666667,0.6166666666666667,0.4166666666666667,0.45,0.5089279651641846,0.02094888687133789
0.3,1,0.00359381,0.9,5,0.5366666666666667,0.14506703431325962,504,0.6166666666666667,0.6333333333333333,0.6166666666666667,0.25,0.5666666666666667,0.4713505744934082,0.020848894119262697
0.3,1,0.00359381,0.9,10,0.4733333333333333,0.1455258663529538,736,0.35,0.6,0.6,0.25,0.5666666666666667,0.4788917064666748,0.02114100456237793
0.3,1,0.00359381,0.9,20,0.53,0.04876246279442597,578,0.55,0.5166666666666667,0.6,0.5333333333333333,0.45,0.49129610061645507,0.02122464179992676
0.3,1,0.00359381,0.9,50,0.5333333333333334,0.08432740427115679,548,0.5666666666666667,0.6166666666666667,0.6166666666666667,0.4166666666666667,0.45,0.5071783542633057,0.02080812454223633
0.3,1,0.0129155,0.1,5,0.59,0.10780641085864151,310,0.75,0.5166666666666667,0.6333333333333333,0.43333333333333335,0.6166666666666667,0.48083982467651365,0.02109498977661133
0.3,1,0.0129155,0.1,10,0.61,0.1162373051610846,210,0.8333333333333333,0.5333333333333333,0.5333333333333333,0.5333333333333333,0.6166666666666667,0.48667125701904296,0.02137126922607422
0.3,1,0.0129155,0.1,20,0.7333333333333334,0.09888264649460886,2,0.9166666666666667,0.7166666666666667,0.6166666666666667,0.7166666666666667,0.7,0.49871225357055665,0.020730018615722656
0.3,1,0.0129155,0.1,50,0.7133333333333334,0.0635959467611297,5,0.8166666666666667,0.7166666666666667,0.7,0.7166666666666667,0.6166666666666667,0.5151175498962403,0.021400070190429686
0.3,1,0.0129155,0.3,5,0.5366666666666667,0.14506703431325962,504,0.6166666666666667,0.6333333333333333,0.6166666666666667,0.25,0.5666666666666667,0.4743851661682129,0.02094407081604004
0.3,1,0.0129155,0.3,10,0.4733333333333333,0.1455258663529538,736,0.35,0.6,0.6,0.25,0.5666666666666667,0.4816730976104736,0.020841073989868165
0.3,1,0.0129155,0.3,20,0.53,0.04876246279442597,578,0.55,0.5166666666666667,0.6,0.5333333333333333,0.45,0.4940193653106689,0.020976161956787108
0.3,1,0.0129155,0.3,50,0.5333333333333334,0.08432740427115679,548,0.5666666666666667,0.6166666666666667,0.6166666666666667,0.4166666666666667,0.45,0.5080889701843262,0.020949506759643556
0.3,1,0.0129155,0.5,5,0.5366666666666667,0.14506703431325962,504,0.6166666666666667,0.6333333333333333,0.6166666666666667,0.25,0.5666666666666667,0.4715147018432617,0.021001291275024415
0.3,1,0.0129155,0.5,10,0.4733333333333333,0.1455258663529538,736,0.35,0.6,0.6,0.25,0.5666666666666667,0.4784116268157959,0.020903348922729492
0.3,1,0.0129155,0.5,20,0.53,0.04876246279442597,578,0.55,0.5166666666666667,0.6,0.5333333333333333,0.45,0.4923891544342041,0.021088695526123045
0.3,1,0.0129155,0.5,50,0.5333333333333334,0.08432740427115679,548,0.5666666666666667,0.6166666666666667,0.6166666666666667,0.4166666666666667,0.45,0.5065094470977783,0.02093849182128906
0.3,1,0.0129155,0.7,5,0.5366666666666667,0.14506703431325962,504,0.6166666666666667,0.6333333333333333,0.6166666666666667,0.25,0.5666666666666667,0.4730426788330078,0.02092399597167969
0.3,1,0.0129155,0.7,10,0.4733333333333333,0.1455258663529538,736,0.35,0.6,0.6,0.25,0.5666666666666667,0.47889103889465334,0.020854616165161134
0.3,1,0.0129155,0.7,20,0.53,0.04876246279442597,578,0.55,0.5166666666666667,0.6,0.5333333333333333,0.45,0.492201042175293,0.020918560028076173
0.3,1,0.0129155,0.7,50,0.5333333333333334,0.08432740427115679,548,0.5666666666666667,0.6166666666666667,0.6166666666666667,0.4166666666666667,0.45,0.5087472438812256,0.02093205451965332
0.3,1,0.0129155,0.9,5,0.5366666666666667,0.14506703431325962,504,0.6166666666666667,0.6333333333333333,0.6166666666666667,0.25,0.5666666666666667,0.4736056327819824,0.020981025695800782
0.3,1,0.0129155,0.9,10,0.4733333333333333,0.1455258663529538,736,0.35,0.6,0.6,0.25,0.5666666666666667,0.4773752689361572,0.021126556396484374
0.3,1,0.0129155,0.9,20,0.53,0.04876246279442597,578,0.55,0.5166666666666667,0.6,0.5333333333333333,0.45,0.49325027465820315,0.020896482467651366
0.3,1,0.0129155,0.9,50,0.5333333333333334,0.08432740427115679,548,0.5666666666666667,0.6166666666666667,0.6166666666666667,0.4166666666666667,0.45,0.5055499076843262,0.0208437442779541
0.3,1,0.0464159,0.1,5,0.62,0.08393118874676113,180,0.55,0.6,0.7,0.5166666666666667,0.7333333333333334,0.49408683776855467,0.021136760711669922
0.3,1,0.0464159,0.1,10,0.6100000000000001,0.062003584125794264,206,0.5666666666666667,0.6166666666666667,0.5333333333333333,0.7166666666666667,0.6166666666666667,0.49837193489074705,0.020989418029785156
0.3,1,0.0464159,0.1,20,0.6066666666666667,0.09695359714832659,217,0.7333333333333334,0.6166666666666667,0.6333333333333333,0.43333333333333335,0.6166666666666667,0.5033448219299317,0.02071380615234375
0.3,1,0.0464159,0.1,50,0.6466666666666667,0.11518101695447328,79,0.8333333333333333,0.5333333333333333,0.7166666666666667,0.5333333333333333,0.6166666666666667,0.5193077087402344,0.020842266082763673
0.3,1,0.0464159,0.3,5,0.5833333333333334,0.13784048752090217,367,0.8333333333333333,0.5166666666666667,0.43333333333333335,0.5166666666666667,0.6166666666666667,0.4908428192138672,0.020776891708374025
0.3,1,0.0464159,0.3,10,0.6066666666666667,0.06548960901462833,217,0.65,0.5333333333333333,0.5333333333333333,0.6166666666666667,0.7,0.49678864479064944,0.020778369903564454
0.3,1,0.0464159,0.3,20,0.6566666666666666,0.09580071908799942,70,0.8166666666666667,0.6166666666666667,0.5333333333333333,0.6166666666666667,0.7,0.5046878337860108,0.020868778228759766
0.3,1,0.0464159,0.3,50,0.66,0.09752492558885195,51,0.8166666666666667,0.6166666666666667,0.5333333333333333,0.7166666666666667,0.6166666666666667,0.5233807563781738,0.020938396453857422
0.3,1,0.0464159,0.5,5,0.6500000000000001,0.18973665961010278,76,0.9166666666666667,0.45,0.8166666666666667,0.45,0.6166666666666667,0.4915329456329346,0.020833730697631836
0.3,1,0.0464159,0.5,10,0.6766666666666665,0.14165686240583852,36,0.9166666666666667,0.7,0.7,0.55,0.5166666666666667,0.4990354537963867,0.020842695236206056
0.3,1,0.0464159,0.5,20,0.6599999999999999,0.1057250101810247,60,0.8166666666666667,0.5333333333333333,0.7,0.55,0.7,0.5071450710296631,0.021039342880249022
0.3,1,0.0464159,0.5,50,0.6666666666666666,0.15055453054181622,46,0.9166666666666667,0.45,0.7,0.65,0.6166666666666667,0.5240867614746094,0.020784664154052734
0.3,1,0.0464159,0.7,5,0.5366666666666667,0.14506703431325962,504,0.6166666666666667,0.6333333333333333,0.6166666666666667,0.25,0.5666666666666667,0.47185497283935546,0.020894861221313475
0.3,1,0.0464159,0.7,10,0.4733333333333333,0.1455258663529538,736,0.35,0.6,0.6,0.25,0.5666666666666667,0.47866029739379884,0.021258020401000978
0.3,1,0.0464159,0.7,20,0.53,0.04876246279442597,578,0.55,0.5166666666666667,0.6,0.5333333333333333,0.45,0.49065418243408204,0.021407508850097658
0.3,1,0.0464159,0.7,50,0.5333333333333334,0.08432740427115679,548,0.5666666666666667,0.6166666666666667,0.6166666666666667,0.4166666666666667,0.45,0.5079032897949218,0.02085247039794922
0.3,1,0.0464159,0.9,5,0.5366666666666667,0.14506703431325962,504,0.6166666666666667,0.6333333333333333,0.6166666666666667,0.25,0.5666666666666667,0.4726107597351074,0.020952796936035155
0.3,1,0.0464159,0.9,10,0.4733333333333333,0.1455258663529538,736,0.35,0.6,0.6,0.25,0.5666666666666667,0.47979960441589353,0.021025991439819335
0.3,1,0.0464159,0.9,20,0.53,0.04876246279442597,578,0.55,0.5166666666666667,0.6,0.5333333333333333,0.45,0.4960242748260498,0.021006250381469728
0.3,1,0.0464159,0.9,50,0.5333333333333334,0.08432740427115679,548,0.5666666666666667,0.6166666666666667,0.6166666666666667,0.4166666666666667,0.45,0.5081623077392579,0.02098879814147949
0.3,1,0.16681,0.1,5,0.5966666666666667,0.07102425250887505,294,0.5666666666666667,0.7,0.48333333333333334,0.6166666666666667,0.6166666666666667,0.5246088027954101,0.02106614112854004
0.3,1,0.16681,0.1,10,0.7233333333333333,0.08602325267042626,3,0.7333333333333334,0.6166666666666667,0.6333333333333333,0.8166666666666667,0.8166666666666667,0.5293876647949218,0.020926761627197265
0.3,1,0.16681,0.1,20,0.6633333333333333,0.08524474568362944,47,0.8333333333333333,0.6166666666666667,0.6333333333333333,0.6166666666666667,0.6166666666666667,0.5357479095458985,0.020886325836181642
0.3,1,0.16681,0.1,50,0.64,0.14437605218471813,101,0.9166666666666667,0.5333333333333333,0.6166666666666667,0.5166666666666667,0.6166666666666667,0.5511327266693116,0.02095646858215332
0.3,1,0.16681,0.3,5,0.6066666666666667,0.060184900284225934,217,0.55,0.5333333333333333,0.7,0.6166666666666667,0.6333333333333333,0.5360722064971923,0.022076797485351563
0.3,1,0.16681,0.3,10,0.66,0.05333333333333334,51,0.7333333333333334,0.6166666666666667,0.6166666666666667,0.6166666666666667,0.7166666666666667,0.5390277862548828,0.021162080764770507
0.3,1,0.16681,0.3,20,0.6066666666666667,0.11284207253207172,217,0.7333333333333334,0.6166666666666667,0.5333333333333333,0.43333333333333335,0.7166666666666667,0.5416915893554688,0.020778894424438477
0.3,1,0.16681,0.3,50,0.6566666666666667,0.1356465996625054,68,0.9166666666666667,0.6166666666666667,0.5166666666666667,0.6166666666666667,0.6166666666666667,0.5579018115997314,0.020954036712646486
0.3,1,0.16681,0.5,5,0.6100000000000001,0.07498147919467994,206,0.55,0.5166666666666667,0.6333333333333333,0.6166666666666667,0.7333333333333334,0.5271966934204102,0.02088322639465332
0.3,1,0.16681,0.5,10,0.59,0.0873053390247253,310,0.75,0.5333333333333333,0.5333333333333333,0.5166666666666667,0.6166666666666667,0.5331908702850342,0.021133995056152342
0.3,1,0.16681,0.5,20,0.6866666666666668,0.09626352718795768,17,0.7333333333333334,0.5333333333333333,0.6333333333333333,0.7166666666666667,0.8166666666666667,0.5397066593170166,0.020923089981079102
0.3,1,0.16681,0.5,50,0.6833333333333333,0.1329160135825126,20,0.9166666666666667,0.6166666666666667,0.5333333333333333,0.7333333333333334,0.6166666666666667,0.5560089111328125,0.02089529037475586
0.3,1,0.16681,0.7,5,0.6233333333333333,0.06377042156569662,145,0.6333333333333333,0.5166666666666667,0.6333333333333333,0.7166666666666667,0.6166666666666667,0.5369290828704834,0.02072601318359375
0.3,1,0.16681,0.7,10,0.6033333333333333,0.07702813338860896,244,0.7333333333333334,0.6166666666666667,0.5333333333333333,0.5166666666666667,0.6166666666666667,0.5424698829650879,0.021035194396972656
0.3,1,0.16681,0.7,20,0.6599999999999999,0.07498147919467997,60,0.7333333333333334,0.5333333333333333,0.7,0.7166666666666667,0.6166666666666667,0.5499396800994873,0.021063995361328126
0.3,1,0.16681,0.7,50,0.64,0.11333333333333331,101,0.8166666666666667,0.5333333333333333,0.5166666666666667,0.7166666666666667,0.6166666666666667,0.5672309875488282,0.020972490310668945
0.3,1,0.16681,0.9,5,0.65,0.0767390962214756,78,0.65,0.5166666666666667,0.6333333333333333,0.7166666666666667,0.7333333333333334,0.5390854358673096,0.020937347412109376
0.3,1,0.16681,0.9,10,0.6233333333333333,0.1036018017861337,145,0.8166666666666667,0.5333333333333333,0.5333333333333333,0.6166666666666667,0.6166666666666667,0.5450309753417969,0.02098402976989746
0.3,1,0.16681,0.9,20,0.6766666666666667,0.13646326326972483,28,0.9,0.5333333333333333,0.5333333333333333,0.7166666666666667,0.7,0.5541117668151856,0.02083868980407715
0.3,1,0.16681,0.9,50,0.6766666666666666,0.12587471725666138,29,0.9,0.5333333333333333,0.6166666666666667,0.7166666666666667,0.6166666666666667,0.5718330383300781,0.02078871726989746
0.3,1,0.599484,0.1,5,0.5533333333333335,0.09854496999396321,464,0.5666666666666667,0.3666666666666667,0.65,0.5666666666666667,0.6166666666666667,0.5954686164855957,0.02098221778869629
0.3,1,0.599484,0.1,10,0.6433333333333333,0.030912061651652323,85,0.65,0.7,0.6333333333333333,0.6166666666666667,0.6166666666666667,0.6013913631439209,0.020940732955932618
0.3,1,0.599484,0.1,20,0.64,0.09404490653110589,101,0.8166666666666667,0.6166666666666667,0.5333333333333333,0.6166666666666667,0.6166666666666667,0.6073070049285889,0.02102551460266113
0.3,1,0.599484,0.1,50,0.6566666666666666,0.10572501018102466,70,0.8333333333333333,0.7,0.6166666666666667,0.5166666666666667,0.6166666666666667,0.6244817256927491,0.020723390579223632
0.3,1,0.599484,0.3,5,0.5866666666666667,0.08524474568362951,315,0.5666666666666667,0.5333333333333333,0.48333333333333334,0.7333333333333334,0.6166666666666667,0.615744686126709,0.02091212272644043
0.3,1,0.599484,0.3,10,0.7066666666666667,0.10728984626287386,9,0.7333333333333334,0.6166666666666667,0.55,0.8166666666666667,0.8166666666666667,0.6231458187103271,0.02096729278564453
0.3,1,0.599484,0.3,20,0.6433333333333333,0.04546060565661954,85,0.7333333333333334,0.6166666666666667,0.6333333333333333,0.6166666666666667,0.6166666666666667,0.629040002822876,0.020868349075317382
0.3,1,0.599484,0.3,50,0.66,0.15762120556715856,51,0.9166666666666667,0.6166666666666667,0.7166666666666667,0.43333333333333335,0.6166666666666667,0.6453763008117676,0.020787668228149415
0.3,1,0.599484,0.5,5,0.5866666666666667,0.08524474568362951,315,0.5666666666666667,0.5333333333333333,0.48333333333333334,0.7333333333333334,0.6166666666666667,0.620413064956665,0.020879554748535156
0.3,1,0.599484,0.5,10,0.6233333333333333,0.008164965809277232,145,0.6333333333333333,0.6166666666666667,0.6333333333333333,0.6166666666666667,0.6166666666666667,0.6272401332855224,0.02093396186828613
0.3,1,0.599484,0.5,20,0.6066666666666667,0.07788880963698616,217,0.7333333333333334,0.5333333333333333,0.6333333333333333,0.5166666666666667,0.6166666666666667,0.6321583747863769,0.020920658111572267
0.3,1,0.599484,0.5,50,0.7033333333333334,0.15253414918196737,11,0.9166666666666667,0.5333333333333333,0.5333333333333333,0.8166666666666667,0.7166666666666667,0.650469446182251,0.021022844314575195
0.3,1,0.599484,0.7,5,0.67,0.10349449797506681,42,0.8333333333333333,0.5333333333333333,0.6333333333333333,0.7333333333333334,0.6166666666666667,0.635249137878418,0.020984888076782227
0.3,1,0.599484,0.7,10,0.6233333333333333,0.06879922480183431,145,0.7333333333333334,0.6166666666666667,0.6333333333333333,0.5166666666666667,0.6166666666666667,0.6414078712463379,0.020972156524658205
0.3,1,0.599484,0.7,20,0.5833333333333333,0.13291601358251257,372,0.8166666666666667,0.5333333333333333,0.5333333333333333,0.4166666666666667,0.6166666666666667,0.6467356204986572,0.020899105072021484
0.3,1,0.599484,0.7,50,0.6433333333333333,0.1392838827718412,85,0.8166666666666667,0.5333333333333333,0.43333333333333335,0.7166666666666667,0.7166666666666667,0.6673531055450439,0.021823835372924805
0.3,1,0.599484,0.9,5,0.6633333333333333,0.10022197585581936,47,0.8333333333333333,0.5333333333333333,0.7,0.6333333333333333,0.6166666666666667,0.6344405174255371,0.0209291934967041
0.3,1,0.599484,0.9,10,0.6833333333333333,0.12337837015547831,20,0.9,0.5333333333333333,0.65,0.7166666666666667,0.6166666666666667,0.6394797801971436,0.021094131469726562
0.3,1,0.599484,0.9,20,0.66,0.09752492558885195,51,0.8166666666666667,0.6166666666666667,0.5333333333333333,0.6166666666666667,0.7166666666666667,0.6462006568908691,0.020984983444213866
0.3,1,0.599484,0.9,50,0.66,0.12978614889287857,51,0.8166666666666667,0.6166666666666667,0.43333333333333335,0.7166666666666667,0.7166666666666667,0.6743359565734863,0.02104320526123047
0.3,1,2.15443,0.1,5,0.6,0.10110500592068736,273,0.5666666666666667,0.4666666666666667,0.7333333333333334,0.5333333333333333,0.7,0.7262458324432373,0.020930767059326172
0.3,1,2.15443,0.1,10,0.5900000000000001,0.10466878978738388,304,0.43333333333333335,0.5333333333333333,0.75,0.6166666666666667,0.6166666666666667,0.7324089527130127,0.021074247360229493
0.3,1,2.15443,0.1,20,0.68,0.05206833117271103,25,0.7333333333333334,0.6166666666666667,0.7166666666666667,0.6166666666666667,0.7166666666666667,0.7416414260864258,0.02135128974914551
0.3,1,2.15443,0.1,50,0.6066666666666667,0.15333333333333332,217,0.8333333333333333,0.6166666666666667,0.6166666666666667,0.35,0.6166666666666667,0.7575111389160156,0.02089715003967285
0.3,1,2.15443,0.3,5,0.64,0.15867506980549206,101,0.5666666666666667,0.3666666666666667,0.8166666666666667,0.7333333333333334,0.7166666666666667,0.7880652904510498,0.020864343643188475
0.3,1,2.15443,0.3,10,0.6266666666666667,0.09752492558885195,133,0.7166666666666667,0.6166666666666667,0.6333333333333333,0.45,0.7166666666666667,0.7904946327209472,0.02094578742980957
0.3,1,2.15443,0.3,20,0.6233333333333333,0.06377042156569666,145,0.7333333333333334,0.6166666666666667,0.5333333333333333,0.6166666666666667,0.6166666666666667,0.7956632614135742,0.021275663375854494
0.3,1,2.15443,0.3,50,0.6233333333333333,0.15972198067614587,145,0.9166666666666667,0.45,0.6166666666666667,0.5166666666666667,0.6166666666666667,0.8130836963653565,0.020873308181762695
0.3,1,2.15443,0.5,5,0.5733333333333335,0.1392838827718412,393,0.5666666666666667,0.3666666666666667,0.48333333333333334,0.7333333333333334,0.7166666666666667,0.8346363067626953,0.021063756942749024
0.3,1,2.15443,0.5,10,0.6333333333333334,0.09775252199076788,131,0.7166666666666667,0.45,0.6333333333333333,0.65,0.7166666666666667,0.8287379264831543,0.021140193939208983
0.3,1,2.15443,0.5,20,0.6233333333333333,0.008164965809277232,145,0.6333333333333333,0.6166666666666667,0.6333333333333333,0.6166666666666667,0.6166666666666667,0.8337696552276611,0.02094864845275879
0.3,1,2.15443,0.5,50,0.6433333333333333,0.16384274303259344,85,0.9166666666666667,0.45,0.7166666666666667,0.5166666666666667,0.6166666666666667,0.8525456428527832,0.021051454544067382
0.3,1,2.15443,0.7,5,0.5633333333333334,0.10509255180289631,433,0.43333333333333335,0.5333333333333333,0.48333333333333334,0.65,0.7166666666666667,0.8389500617980957,0.021024656295776368
0.3,1,2.15443,0.7,10,0.5566666666666668,0.1147945023848171,453,0.7166666666666667,0.3666666666666667,0.55,0.5333333333333333,0.6166666666666667,0.8434267044067383,0.020888805389404297
0.3,1,2.15443,0.7,20,0.5833333333333333,0.13291601358251257,372,0.8166666666666667,0.5333333333333333,0.5333333333333333,0.4166666666666667,0.6166666666666667,0.8505138874053955,0.02107863426208496
0.3,1,2.15443,0.7,50,0.6233333333333333,0.1614517471774978,145,0.9166666666666667,0.5333333333333333,0.43333333333333335,0.6166666666666667,0.6166666666666667,0.8654848575592041,0.02104177474975586
0.3,1,2.15443,0.9,5,0.54,0.08339997335464537,500,0.43333333333333335,0.5333333333333333,0.4666666666666667,0.65,0.6166666666666667,0.883079719543457,0.021224164962768556
0.3,1,2.15443,0.9,10,0.5700000000000001,0.11990737165736631,402,0.7166666666666667,0.3666666666666667,0.6333333333333333,0.5166666666666667,0.6166666666666667,0.89033203125,0.021031665802001952
0.3,1,2.15443,0.9,20,0.6033333333333333,0.14352700094407325,244,0.8166666666666667,0.5333333333333333,0.5333333333333333,0.4166666666666667,0.7166666666666667,0.8935509204864502,0.020977306365966796
0.3,1,2.15443,0.9,50,0.64,0.1271918935222594,101,0.8166666666666667,0.6166666666666667,0.43333333333333335,0.6166666666666667,0.7166666666666667,0.9126918315887451,0.021032094955444336
0.3,1,7.74264,0.1,5,0.4866666666666667,0.16546231527987812,663,0.4666666666666667,0.3666666666666667,0.4666666666666667,0.3333333333333333,0.8,0.793451452255249,0.021072864532470703
0.3,1,7.74264,0.1,10,0.5366666666666667,0.11661903789690603,504,0.35,0.45,0.65,0.6166666666666667,0.6166666666666667,0.7957799434661865,0.021137523651123046
0.3,1,7.74264,0.1,20,0.64,0.038873012632301994,101,0.6333333333333333,0.6166666666666667,0.7166666666666667,0.6166666666666667,0.6166666666666667,0.8006958961486816,0.02085113525390625
0.3,1,7.74264,0.1,50,0.6,0.08027729719194864,273,0.7333333333333334,0.6166666666666667,0.5166666666666667,0.5166666666666667,0.6166666666666667,0.8179008960723877,0.02094378471374512
0.3,1,7.74264,0.3,5,0.5566666666666666,0.05925462944877059,459,0.5666666666666667,0.4666666666666667,0.65,0.5666666666666667,0.5333333333333333,0.9639274120330811,0.021081256866455077
0.3,1,7.74264,0.3,10,0.5733333333333334,0.09345230512584124,394,0.43333333333333335,0.5333333333333333,0.5666666666666667,0.7166666666666667,0.6166666666666667,0.969271183013916,0.021179580688476564
0.3,1,7.74264,0.3,20,0.6766666666666666,0.07644896627453142,29,0.8166666666666667,0.7,0.6333333333333333,0.6166666666666667,0.6166666666666667,0.9721785068511963,0.021125936508178712
0.3,1,7.74264,0.3,50,0.6233333333333333,0.11284207253207168,145,0.8333333333333333,0.5333333333333333,0.6166666666666667,0.5166666666666667,0.6166666666666667,0.9913771629333497,0.021021223068237303
0.3,1,7.74264,0.5,5,0.61,0.10088497300281038,210,0.5666666666666667,0.4666666666666667,0.7333333333333334,0.5666666666666667,0.7166666666666667,1.059305238723755,0.021074295043945312
0.3,1,7.74264,0.5,10,0.5933333333333334,0.12849556844930923,300,0.43333333333333335,0.6333333333333333,0.7333333333333334,0.45,0.7166666666666667,1.0641067981719972,0.020878982543945313
0.3,1,7.74264,0.5,20,0.6233333333333333,0.06377042156569666,145,0.7333333333333334,0.6166666666666667,0.5333333333333333,0.6166666666666667,0.6166666666666667,1.0701764583587647,0.02096138000488281
0.3,1,7.74264,0.5,50,0.6433333333333333,0.16384274303259344,85,0.9166666666666667,0.45,0.7166666666666667,0.5166666666666667,0.6166666666666667,1.0907240390777588,0.020918750762939455
0.3,1,7.74264,0.7,5,0.5566666666666666,0.10572501018102472,459,0.5666666666666667,0.55,0.3833333333333333,0.5666666666666667,0.7166666666666667,1.1108245849609375,0.021206378936767578
0.3,1,7.74264,0.7,10,0.6866666666666668,0.1240071682515885,17,0.7166666666666667,0.45,0.8166666666666667,0.7333333333333334,0.7166666666666667,1.107622003555298,0.021043920516967775
0.3,1,7.74264,0.7,20,0.5866666666666667,0.0439696865275764,315,0.6333333333333333,0.5333333333333333,0.5333333333333333,0.6166666666666667,0.6166666666666667,1.1149689197540282,0.02097806930541992
0.3,1,7.74264,0.7,50,0.6233333333333333,0.11284207253207168,145,0.8333333333333333,0.5333333333333333,0.6166666666666667,0.5166666666666667,0.6166666666666667,1.1311439990997314,0.02097034454345703
0.3,1,7.74264,0.9,5,0.5900000000000001,0.08339997335464537,304,0.5666666666666667,0.5333333333333333,0.48333333333333334,0.65,0.7166666666666667,1.1510767936706543,0.021000385284423828
0.3,1,7.74264,0.9,10,0.6133333333333334,0.10241527663824809,202,0.7166666666666667,0.45,0.55,0.6333333333333333,0.7166666666666667,1.153497314453125,0.02098851203918457
0.3,1,7.74264,0.9,20,0.5633333333333332,0.09966610925150701,437,0.6166666666666667,0.5333333333333333,0.5333333333333333,0.4166666666666667,0.7166666666666667,1.1588503837585449,0.021010208129882812
0.3,1,7.74264,0.9,50,0.6433333333333333,0.14399074044303453,85,0.9166666666666667,0.5333333333333333,0.6333333333333333,0.5166666666666667,0.6166666666666667,1.1775437831878661,0.021024131774902345
0.3,1,27.8256,0.1,5,0.49333333333333335,0.08793937305515277,655,0.4666666666666667,0.3666666666666667,0.4666666666666667,0.6333333333333333,0.5333333333333333,0.7967852115631103,0.021066617965698243
0.3,1,27.8256,0.1,10,0.61,0.04027681991198191,210,0.5333333333333333,0.6333333333333333,0.65,0.6166666666666667,0.6166666666666667,0.7997410774230957,0.021135377883911132
0.3,1,27.8256,0.1,20,0.64,0.069602043392737,101,0.7166666666666667,0.6166666666666667,0.7166666666666667,0.6166666666666667,0.5333333333333333,0.8064945697784424,0.020790910720825194
0.3,1,27.8256,0.1,50,0.5833333333333333,0.10165300454651273,372,0.7333333333333334,0.6166666666666667,0.5166666666666667,0.43333333333333335,0.6166666666666667,0.8265108585357666,0.02114095687866211
0.3,1,27.8256,0.3,5,0.4866666666666667,0.16546231527987812,663,0.4666666666666667,0.3666666666666667,0.4666666666666667,0.3333333333333333,0.8,0.9376925945281982,0.021088218688964842
0.3,1,27.8256,0.3,10,0.5533333333333333,0.09213516640723503,468,0.43333333333333335,0.45,0.65,0.6166666666666667,0.6166666666666667,0.9431360244750977,0.020961713790893555
0.3,1,27.8256,0.3,20,0.64,0.038873012632301994,101,0.6333333333333333,0.6166666666666667,0.7166666666666667,0.6166666666666667,0.6166666666666667,0.9479878902435303,0.020989084243774415
0.3,1,27.8256,0.3,50,0.6233333333333333,0.11284207253207168,145,0.8333333333333333,0.5333333333333333,0.6166666666666667,0.5166666666666667,0.6166666666666667,0.964863395690918,0.020849990844726562
0.3,1,27.8256,0.5,5,0.6066666666666667,0.11284207253207172,217,0.5666666666666667,0.4666666666666667,0.55,0.65,0.8,1.0775737285614013,0.021021127700805664
0.3,1,27.8256,0.5,10,0.5533333333333333,0.09213516640723503,468,0.43333333333333335,0.45,0.65,0.6166666666666667,0.6166666666666667,1.0810983657836915,0.020965433120727538
0.3,1,27.8256,0.5,20,0.6766666666666666,0.07644896627453142,29,0.8166666666666667,0.7,0.6333333333333333,0.6166666666666667,0.6166666666666667,1.087029790878296,0.021025323867797853
0.3,1,27.8256,0.5,50,0.6399999999999999,0.10413666234542202,116,0.8333333333333333,0.6166666666666667,0.6166666666666667,0.5166666666666667,0.6166666666666667,1.104615831375122,0.021059370040893553
0.3,1,27.8256,0.7,5,0.5566666666666666,0.05925462944877059,459,0.5666666666666667,0.4666666666666667,0.65,0.5666666666666667,0.5333333333333333,1.1710471153259276,0.02104940414428711
0.3,1,27.8256,0.7,10,0.5199999999999999,0.06944222218666553,604,0.43333333333333335,0.5333333333333333,0.5666666666666667,0.45,0.6166666666666667,1.1768641948699952,0.020959949493408202
0.3,1,27.8256,0.7,20,0.6599999999999999,0.04784233364802442,60,0.7333333333333334,0.7,0.6333333333333333,0.6166666666666667,0.6166666666666667,1.1824196338653565,0.020959949493408202
0.3,1,27.8256,0.7,50,0.6066666666666667,0.12978614889287854,217,0.8333333333333333,0.45,0.6166666666666667,0.5166666666666667,0.6166666666666667,1.2056516647338866,0.02105565071105957
0.3,1,27.8256,0.9,5,0.5566666666666666,0.05925462944877059,459,0.5666666666666667,0.4666666666666667,0.65,0.5666666666666667,0.5333333333333333,1.2497128963470459,0.02089552879333496
0.3,1,27.8256,0.9,10,0.5566666666666668,0.0703957069398096,453,0.5333333333333333,0.5333333333333333,0.65,0.45,0.6166666666666667,1.25522780418396,0.021002674102783205
0.3,1,27.8256,0.9,20,0.6599999999999999,0.04784233364802442,60,0.7333333333333334,0.7,0.6333333333333333,0.6166666666666667,0.6166666666666667,1.262361478805542,0.0219085693359375
0.3,1,27.8256,0.9,50,0.6399999999999999,0.10413666234542202,116,0.8333333333333333,0.6166666666666667,0.6166666666666667,0.5166666666666667,0.6166666666666667,1.2774648666381836,0.02084951400756836
0.3,1,100.0,0.1,5,0.49333333333333335,0.08793937305515277,655,0.4666666666666667,0.3666666666666667,0.4666666666666667,0.6333333333333333,0.5333333333333333,0.8511547088623047,0.02094273567199707
0.3,1,100.0,0.1,10,0.5133333333333334,0.09966610925150701,624,0.43333333333333335,0.5333333333333333,0.3666666666666667,0.6166666666666667,0.6166666666666667,0.854065227508545,0.020949840545654297
0.3,1,100.0,0.1,20,0.6233333333333333,0.05830951894845301,145,0.6333333333333333,0.6166666666666667,0.7166666666666667,0.6166666666666667,0.5333333333333333,0.8611620426177978,0.020945119857788085
0.3,1,100.0,0.1,50,0.6,0.08027729719194864,273,0.7333333333333334,0.6166666666666667,0.5166666666666667,0.5166666666666667,0.6166666666666667,0.876181697845459,0.020827722549438477
0.3,1,100.0,0.3,5,0.49333333333333335,0.08793937305515277,655,0.4666666666666667,0.3666666666666667,0.4666666666666667,0.6333333333333333,0.5333333333333333,0.8591339588165283,0.021113824844360352
0.3,1,100.0,0.3,10,0.5900000000000001,0.0793025150224688,304,0.43333333333333335,0.6333333333333333,0.65,0.6166666666666667,0.6166666666666667,0.8626369953155517,0.02090611457824707
0.3,1,100.0,0.3,20,0.5866666666666667,0.08969082698049141,315,0.45,0.6166666666666667,0.7166666666666667,0.6166666666666667,0.5333333333333333,0.8688324451446533,0.02113189697265625
0.3,1,100.0,0.3,50,0.62,0.06863753427324668,180,0.7333333333333334,0.6166666666666667,0.6166666666666667,0.5166666666666667,0.6166666666666667,0.884829330444336,0.02099466323852539
0.3,1,100.0,0.5,5,0.49333333333333335,0.08793937305515277,655,0.4666666666666667,0.3666666666666667,0.4666666666666667,0.6333333333333333,0.5333333333333333,0.8861714839935303,0.02096409797668457
0.3,1,100.0,0.5,10,0.61,0.04027681991198191,210,0.5333333333333333,0.6333333333333333,0.65,0.6166666666666667,0.6166666666666667,0.890425157546997,0.020985841751098633
0.3,1,100.0,0.5,20,0.6233333333333333,0.05830951894845301,145,0.6333333333333333,0.6166666666666667,0.7166666666666667,0.6166666666666667,0.5333333333333333,0.8988177299499511,0.021011734008789064
0.3,1,100.0,0.5,50,0.62,0.11566234381931643,180,0.8333333333333333,0.6166666666666667,0.5166666666666667,0.5166666666666667,0.6166666666666667,0.9144383430480957,0.02089533805847168
0.3,1,100.0,0.7,5,0.4866666666666667,0.16546231527987812,663,0.4666666666666667,0.3666666666666667,0.4666666666666667,0.3333333333333333,0.8,0.9261473655700684,0.02099432945251465
0.3,1,100.0,0.7,10,0.5366666666666667,0.09797958971132714,504,0.35,0.55,0.55,0.6166666666666667,0.6166666666666667,0.9314414978027343,0.020745325088500976
0.3,1,100.0,0.7,20,0.6366666666666667,0.039999999999999994,121,0.7166666666666667,0.6166666666666667,0.6166666666666667,0.6166666666666667,0.6166666666666667,0.9385494232177735,0.02080535888671875
0.3,1,100.0,0.7,50,0.62,0.11566234381931643,180,0.8333333333333333,0.6166666666666667,0.5166666666666667,0.5166666666666667,0.6166666666666667,0.9554699897766114,0.02088818550109863
0.3,1,100.0,0.9,5,0.4866666666666667,0.16546231527987812,663,0.4666666666666667,0.3666666666666667,0.4666666666666667,0.3333333333333333,0.8,0.9987050533294678,0.021121883392333986
0.3,1,100.0,0.9,10,0.5533333333333333,0.09213516640723503,468,0.43333333333333335,0.45,0.65,0.6166666666666667,0.6166666666666667,0.9979822158813476,0.020865774154663085
0.3,1,100.0,0.9,20,0.62,0.006666666666666643,180,0.6333333333333333,0.6166666666666667,0.6166666666666667,0.6166666666666667,0.6166666666666667,1.0038818359375,0.020990324020385743
0.3,1,100.0,0.9,50,0.6033333333333333,0.0858939915115008,244,0.75,0.6166666666666667,0.5166666666666667,0.5166666666666667,0.6166666666666667,1.0217861652374267,0.02069821357727051
0.3,5,0.001,0.1,5,0.4766666666666667,0.0563717817509592,672,0.5666666666666667,0.4166666666666667,0.5,0.4166666666666667,0.48333333333333334,0.46071462631225585,0.02068781852722168
0.3,5,0.001,0.1,10,0.47333333333333333,0.06018490028422595,704,0.5666666666666667,0.5,0.4,0.4166666666666667,0.48333333333333334,0.4618197441101074,0.02082033157348633
0.3,5,0.001,0.1,20,0.4699999999999999,0.11125546178852425,785,0.65,0.3666666666666667,0.45,0.35,0.5333333333333333,0.4724158763885498,0.020589685440063475
0.3,5,0.001,0.1,50,0.5866666666666667,0.12666666666666665,315,0.75,0.7166666666666667,0.5166666666666667,0.4166666666666667,0.5333333333333333,0.48091955184936525,0.021039772033691406
0.3,5,0.001,0.3,5,0.4766666666666667,0.0563717817509592,672,0.5666666666666667,0.4166666666666667,0.5,0.4166666666666667,0.48333333333333334,0.4630139350891113,0.020605039596557618
0.3,5,0.001,0.3,10,0.47333333333333333,0.06018490028422595,704,0.5666666666666667,0.5,0.4,0.4166666666666667,0.48333333333333334,0.4627527236938477,0.020551252365112304
0.3,5,0.001,0.3,20,0.4699999999999999,0.11125546178852425,785,0.65,0.3666666666666667,0.45,0.35,0.5333333333333333,0.46828083992004393,0.020777177810668946
0.3,5,0.001,0.3,50,0.5866666666666667,0.12666666666666665,315,0.75,0.7166666666666667,0.5166666666666667,0.4166666666666667,0.5333333333333333,0.4800230026245117,0.020734405517578124
0.3,5,0.001,0.5,5,0.4766666666666667,0.0563717817509592,672,0.5666666666666667,0.4166666666666667,0.5,0.4166666666666667,0.48333333333333334,0.46050105094909666,0.02043309211730957
0.3,5,0.001,0.5,10,0.47333333333333333,0.06018490028422595,704,0.5666666666666667,0.5,0.4,0.4166666666666667,0.48333333333333334,0.462299108505249,0.020746183395385743
0.3,5,0.001,0.5,20,0.4699999999999999,0.11125546178852425,785,0.65,0.3666666666666667,0.45,0.35,0.5333333333333333,0.467813777923584,0.020722103118896485
0.3,5,0.001,0.5,50,0.5866666666666667,0.12666666666666665,315,0.75,0.7166666666666667,0.5166666666666667,0.4166666666666667,0.5333333333333333,0.48048014640808107,0.02060871124267578
0.3,5,0.001,0.7,5,0.4766666666666667,0.0563717817509592,672,0.5666666666666667,0.4166666666666667,0.5,0.4166666666666667,0.48333333333333334,0.4599639415740967,0.020694446563720704
0.3,5,0.001,0.7,10,0.47333333333333333,0.06018490028422595,704,0.5666666666666667,0.5,0.4,0.4166666666666667,0.48333333333333334,0.4618368148803711,0.02071537971496582
0.3,5,0.001,0.7,20,0.4699999999999999,0.11125546178852425,785,0.65,0.3666666666666667,0.45,0.35,0.5333333333333333,0.4673902988433838,0.02077822685241699
0.3,5,0.001,0.7,50,0.5866666666666667,0.12666666666666665,315,0.75,0.7166666666666667,0.5166666666666667,0.4166666666666667,0.5333333333333333,0.480987548828125,0.02067103385925293
0.3,5,0.001,0.9,5,0.4766666666666667,0.0563717817509592,672,0.5666666666666667,0.4166666666666667,0.5,0.4166666666666667,0.48333333333333334,0.4601325035095215,0.02059798240661621
0.3,5,0.001,0.9,10,0.47333333333333333,0.06018490028422595,704,0.5666666666666667,0.5,0.4,0.4166666666666667,0.48333333333333334,0.4613789558410645,0.020508384704589842
0.3,5,0.001,0.9,20,0.4699999999999999,0.11125546178852425,785,0.65,0.3666666666666667,0.45,0.35,0.5333333333333333,0.4673816204071045,0.02053546905517578
0.3,5,0.001,0.9,50,0.5866666666666667,0.12666666666666665,315,0.75,0.7166666666666667,0.5166666666666667,0.4166666666666667,0.5333333333333333,0.48088822364807127,0.02076611518859863
0.3,5,0.00359381,0.1,5,0.4766666666666667,0.0563717817509592,672,0.5666666666666667,0.4166666666666667,0.5,0.4166666666666667,0.48333333333333334,0.45966615676879885,0.02083001136779785
0.3,5,0.00359381,0.1,10,0.47333333333333333,0.06018490028422595,704,0.5666666666666667,0.5,0.4,0.4166666666666667,0.48333333333333334,0.4681896209716797,0.020702075958251954
0.3,5,0.00359381,0.1,20,0.4699999999999999,0.11125546178852425,785,0.65,0.3666666666666667,0.45,0.35,0.5333333333333333,0.47037181854248045,0.02083563804626465
0.3,5,0.00359381,0.1,50,0.5866666666666667,0.12666666666666665,315,0.75,0.7166666666666667,0.5166666666666667,0.4166666666666667,0.5333333333333333,0.4835941791534424,0.021152019500732422
0.3,5,0.00359381,0.3,5,0.4766666666666667,0.0563717817509592,672,0.5666666666666667,0.4166666666666667,0.5,0.4166666666666667,0.48333333333333334,0.4645656108856201,0.0226747989654541
0.3,5,0.00359381,0.3,10,0.47333333333333333,0.06018490028422595,704,0.5666666666666667,0.5,0.4,0.4166666666666667,0.48333333333333334,0.4616908073425293,0.020841121673583984
0.3,5,0.00359381,0.3,20,0.4699999999999999,0.11125546178852425,785,0.65,0.3666666666666667,0.45,0.35,0.5333333333333333,0.46684870719909666,0.020719385147094725
0.3,5,0.00359381,0.3,50,0.5866666666666667,0.12666666666666665,315,0.75,0.7166666666666667,0.5166666666666667,0.4166666666666667,0.5333333333333333,0.479603910446167,0.020714807510375976
0.3,5,0.00359381,0.5,5,0.4766666666666667,0.0563717817509592,672,0.5666666666666667,0.4166666666666667,0.5,0.4166666666666667,0.48333333333333334,0.46018061637878416,0.020657825469970702
0.3,5,0.00359381,0.5,10,0.47333333333333333,0.06018490028422595,704,0.5666666666666667,0.5,0.4,0.4166666666666667,0.48333333333333334,0.4619504451751709,0.020549631118774413
0.3,5,0.00359381,0.5,20,0.4699999999999999,0.11125546178852425,785,0.65,0.3666666666666667,0.45,0.35,0.5333333333333333,0.466969633102417,0.020809459686279296
0.3,5,0.00359381,0.5,50,0.5866666666666667,0.12666666666666665,315,0.75,0.7166666666666667,0.5166666666666667,0.4166666666666667,0.5333333333333333,0.47955822944641113,0.0207338809967041
0.3,5,0.00359381,0.7,5,0.4766666666666667,0.0563717817509592,672,0.5666666666666667,0.4166666666666667,0.5,0.4166666666666667,0.48333333333333334,0.460877799987793,0.020641088485717773
0.3,5,0.00359381,0.7,10,0.47333333333333333,0.06018490028422595,704,0.5666666666666667,0.5,0.4,0.4166666666666667,0.48333333333333334,0.4620954513549805,0.020775461196899415
0.3,5,0.00359381,0.7,20,0.4699999999999999,0.11125546178852425,785,0.65,0.3666666666666667,0.45,0.35,0.5333333333333333,0.46793112754821775,0.02078218460083008
0.3,5,0.00359381,0.7,50,0.5866666666666667,0.12666666666666665,315,0.75,0.7166666666666667,0.5166666666666667,0.4166666666666667,0.5333333333333333,0.47959303855895996,0.020772361755371095
0.3,5,0.00359381,0.9,5,0.4766666666666667,0.0563717817509592,672,0.5666666666666667,0.4166666666666667,0.5,0.4166666666666667,0.48333333333333334,0.45979652404785154,0.02059168815612793
0.3,5,0.00359381,0.9,10,0.47333333333333333,0.06018490028422595,704,0.5666666666666667,0.5,0.4,0.4166666666666667,0.48333333333333334,0.46176657676696775,0.0207794189453125
0.3,5,0.00359381,0.9,20,0.4699999999999999,0.11125546178852425,785,0.65,0.3666666666666667,0.45,0.35,0.5333333333333333,0.46791901588439944,0.02077460289001465
0.3,5,0.00359381,0.9,50,0.5866666666666667,0.12666666666666665,315,0.75,0.7166666666666667,0.5166666666666667,0.4166666666666667,0.5333333333333333,0.4798727035522461,0.02083244323730469
0.3,5,0.0129155,0.1,5,0.6166666666666667,0.0752772652709081,199,0.75,0.5166666666666667,0.6,0.6,0.6166666666666667,0.4725240707397461,0.020854616165161134
0.3,5,0.0129155,0.1,10,0.6266666666666666,0.054365021434333624,142,0.65,0.6333333333333333,0.7,0.6166666666666667,0.5333333333333333,0.4772909164428711,0.020568037033081056
0.3,5,0.0129155,0.1,20,0.6066666666666667,0.06018490028422594,217,0.55,0.6333333333333333,0.7,0.6166666666666667,0.5333333333333333,0.48134713172912597,0.020901298522949217
0.3,5,0.0129155,0.1,50,0.69,0.07788880963698615,15,0.8166666666666667,0.7166666666666667,0.6,0.7,0.6166666666666667,0.49276094436645507,0.020774412155151366
0.3,5,0.0129155,0.3,5,0.4766666666666667,0.0563717817509592,672,0.5666666666666667,0.4166666666666667,0.5,0.4166666666666667,0.48333333333333334,0.4648444652557373,0.020668697357177735
0.3,5,0.0129155,0.3,10,0.47333333333333333,0.06018490028422595,704,0.5666666666666667,0.5,0.4,0.4166666666666667,0.48333333333333334,0.46377086639404297,0.020778846740722657
0.3,5,0.0129155,0.3,20,0.4699999999999999,0.11125546178852425,785,0.65,0.3666666666666667,0.45,0.35,0.5333333333333333,0.46808514595031736,0.020748233795166014
0.3,5,0.0129155,0.3,50,0.5866666666666667,0.12666666666666665,315,0.75,0.7166666666666667,0.5166666666666667,0.4166666666666667,0.5333333333333333,0.4823324203491211,0.02109079360961914
0.3,5,0.0129155,0.5,5,0.4766666666666667,0.0563717817509592,672,0.5666666666666667,0.4166666666666667,0.5,0.4166666666666667,0.48333333333333334,0.46086320877075193,0.020546627044677735
0.3,5,0.0129155,0.5,10,0.47333333333333333,0.06018490028422595,704,0.5666666666666667,0.5,0.4,0.4166666666666667,0.48333333333333334,0.4624063014984131,0.020657920837402345
0.3,5,0.0129155,0.5,20,0.4699999999999999,0.11125546178852425,785,0.65,0.3666666666666667,0.45,0.35,0.5333333333333333,0.46875791549682616,0.020774126052856445
0.3,5,0.0129155,0.5,50,0.5866666666666667,0.12666666666666665,315,0.75,0.7166666666666667,0.5166666666666667,0.4166666666666667,0.5333333333333333,0.4815805912017822,0.02085433006286621
0.3,5,0.0129155,0.7,5,0.4766666666666667,0.0563717817509592,672,0.5666666666666667,0.4166666666666667,0.5,0.4166666666666667,0.48333333333333334,0.4608548641204834,0.020816516876220704
0.3,5,0.0129155,0.7,10,0.47333333333333333,0.06018490028422595,704,0.5666666666666667,0.5,0.4,0.4166666666666667,0.48333333333333334,0.4662653923034668,0.02068495750427246
0.3,5,0.0129155,0.7,20,0.4699999999999999,0.11125546178852425,785,0.65,0.3666666666666667,0.45,0.35,0.5333333333333333,0.4678204536437988,0.0206573486328125
0.3,5,0.0129155,0.7,50,0.5866666666666667,0.12666666666666665,315,0.75,0.7166666666666667,0.5166666666666667,0.4166666666666667,0.5333333333333333,0.47961912155151365,0.020658111572265624
0.3,5,0.0129155,0.9,5,0.4766666666666667,0.0563717817509592,672,0.5666666666666667,0.4166666666666667,0.5,0.4166666666666667,0.48333333333333334,0.4603693962097168,0.020868349075317382
0.3,5,0.0129155,0.9,10,0.47333333333333333,0.06018490028422595,704,0.5666666666666667,0.5,0.4,0.4166666666666667,0.48333333333333334,0.4622795104980469,0.020559930801391603
0.3,5,0.0129155,0.9,20,0.4699999999999999,0.11125546178852425,785,0.65,0.3666666666666667,0.45,0.35,0.5333333333333333,0.46785507202148435,0.020888900756835936
0.3,5,0.0129155,0.9,50,0.5866666666666667,0.12666666666666665,315,0.75,0.7166666666666667,0.5166666666666667,0.4166666666666667,0.5333333333333333,0.4799436092376709,0.0206906795501709
0.3,5,0.0464159,0.1,5,0.5599999999999999,0.03431876713662331,445,0.55,0.6,0.6,0.5166666666666667,0.5333333333333333,0.48308548927307127,0.02060246467590332
0.3,5,0.0464159,0.1,10,0.6233333333333333,0.054365021434333624,145,0.65,0.5333333333333333,0.7,0.6166666666666667,0.6166666666666667,0.4864014148712158,0.020752334594726564
0.3,5,0.0464159,0.1,20,0.6033333333333333,0.07333333333333335,244,0.7333333333333334,0.5333333333333333,0.6,0.5333333333333333,0.6166666666666667,0.4922039031982422,0.020764732360839845
0.3,5,0.0464159,0.1,50,0.62,0.11566234381931643,180,0.8333333333333333,0.6166666666666667,0.5166666666666667,0.5166666666666667,0.6166666666666667,0.5033336639404297,0.020818185806274415
0.3,5,0.0464159,0.3,5,0.6,0.04472135954999579,273,0.65,0.6166666666666667,0.6,0.5166666666666667,0.6166666666666667,0.4823153018951416,0.02098984718322754
0.3,5,0.0464159,0.3,10,0.6066666666666667,0.06018490028422594,217,0.55,0.6333333333333333,0.7,0.6166666666666667,0.5333333333333333,0.48775625228881836,0.020732355117797852
0.3,5,0.0464159,0.3,20,0.64,0.05637178175095917,101,0.55,0.6333333333333333,0.7,0.6166666666666667,0.7,0.4910570621490479,0.020700693130493164
0.3,5,0.0464159,0.3,50,0.6733333333333333,0.08273115763993903,38,0.8166666666666667,0.7166666666666667,0.6,0.6166666666666667,0.6166666666666667,0.5022306442260742,0.020737838745117188
0.3,5,0.0464159,0.5,5,0.6166666666666667,0.14259499757471622,199,0.75,0.3666666666666667,0.7,0.55,0.7166666666666667,0.48036670684814453,0.020975780487060548
0.3,5,0.0464159,0.5,10,0.6466666666666667,0.1301281419729542,79,0.8166666666666667,0.45,0.7,0.55,0.7166666666666667,0.4867868423461914,0.020879411697387697
0.3,5,0.0464159,0.5,20,0.66,0.09809292646374775,51,0.8166666666666667,0.5333333333333333,0.6,0.6333333333333333,0.7166666666666667,0.4885345458984375,0.021210718154907226
0.3,5,0.0464159,0.5,50,0.6599999999999999,0.048989794855663564,60,0.7166666666666667,0.7166666666666667,0.6,0.65,0.6166666666666667,0.5026323795318604,0.020816898345947264
0.3,5,0.0464159,0.7,5,0.4766666666666667,0.0563717817509592,672,0.5666666666666667,0.4166666666666667,0.5,0.4166666666666667,0.48333333333333334,0.46149158477783203,0.02075953483581543
0.3,5,0.0464159,0.7,10,0.47333333333333333,0.06018490028422595,704,0.5666666666666667,0.5,0.4,0.4166666666666667,0.48333333333333334,0.4638641834259033,0.02068181037902832
0.3,5,0.0464159,0.7,20,0.4699999999999999,0.11125546178852425,785,0.65,0.3666666666666667,0.45,0.35,0.5333333333333333,0.47014856338500977,0.02084217071533203
0.3,5,0.0464159,0.7,50,0.5866666666666667,0.12666666666666665,315,0.75,0.7166666666666667,0.5166666666666667,0.4166666666666667,0.5333333333333333,0.48227224349975584,0.020672178268432616
0.3,5,0.0464159,0.9,5,0.4766666666666667,0.0563717817509592,672,0.5666666666666667,0.4166666666666667,0.5,0.4166666666666667,0.48333333333333334,0.4604490756988525,0.020761823654174803
0.3,5,0.0464159,0.9,10,0.47333333333333333,0.06018490028422595,704,0.5666666666666667,0.5,0.4,0.4166666666666667,0.48333333333333334,0.46160187721252444,0.02079434394836426
0.3,5,0.0464159,0.9,20,0.4699999999999999,0.11125546178852425,785,0.65,0.3666666666666667,0.45,0.35,0.5333333333333333,0.4691500663757324,0.020714282989501953
0.3,5,0.0464159,0.9,50,0.5866666666666667,0.12666666666666665,315,0.75,0.7166666666666667,0.5166666666666667,0.4166666666666667,0.5333333333333333,0.47970261573791506,0.020684814453125
0.3,5,0.16681,0.1,5,0.47000000000000003,0.06782329983125268,768,0.45,0.5333333333333333,0.48333333333333334,0.35,0.5333333333333333,0.5135993003845215,0.02078557014465332
0.3,5,0.16681,0.1,10,0.5133333333333334,0.0618241233033047,624,0.5333333333333333,0.45,0.6166666666666667,0.45,0.5166666666666667,0.5176048278808594,0.02071061134338379
0.3,5,0.16681,0.1,20,0.62,0.06863753427324668,180,0.7333333333333334,0.6166666666666667,0.5166666666666667,0.6166666666666667,0.6166666666666667,0.5209992885589599,0.020640230178833006
0.3,5,0.16681,0.1,50,0.5666666666666667,0.09888264649460884,415,0.7333333333333334,0.45,0.5166666666666667,0.5166666666666667,0.6166666666666667,0.5341224670410156,0.02092146873474121
0.3,5,0.16681,0.3,5,0.53,0.09510228411791406,578,0.55,0.5333333333333333,0.6,0.35,0.6166666666666667,0.5193593502044678,0.020721817016601564
0.3,5,0.16681,0.3,10,0.6,0.062360956446232345,273,0.5333333333333333,0.5333333333333333,0.7,0.6166666666666667,0.6166666666666667,0.523213005065918,0.02066497802734375
0.3,5,0.16681,0.3,20,0.6000000000000001,0.0960324019392529,272,0.7333333333333334,0.6166666666666667,0.6,0.43333333333333335,0.6166666666666667,0.5291358947753906,0.02086348533630371
0.3,5,0.16681,0.3,50,0.6233333333333333,0.11284207253207168,145,0.8333333333333333,0.5333333333333333,0.5166666666666667,0.6166666666666667,0.6166666666666667,0.5395320892333985,0.021016645431518554
0.3,5,0.16681,0.5,5,0.53,0.08589399151150083,578,0.6333333333333333,0.6166666666666667,0.43333333333333335,0.43333333333333335,0.5333333333333333,0.5173778533935547,0.020757722854614257
0.3,5,0.16681,0.5,10,0.6233333333333333,0.01333333333333333,145,0.65,0.6166666666666667,0.6166666666666667,0.6166666666666667,0.6166666666666667,0.5262603759765625,0.02087550163269043
0.3,5,0.16681,0.5,20,0.6233333333333333,0.06377042156569666,145,0.7333333333333334,0.5333333333333333,0.6166666666666667,0.6166666666666667,0.6166666666666667,0.5305006504058838,0.020677471160888673
0.3,5,0.16681,0.5,50,0.6766666666666666,0.08069145624606802,29,0.8166666666666667,0.6333333333333333,0.6,0.7166666666666667,0.6166666666666667,0.5387120246887207,0.020688962936401368
0.3,5,0.16681,0.7,5,0.5466666666666666,0.0725718035235908,483,0.6333333333333333,0.5166666666666667,0.43333333333333335,0.5333333333333333,0.6166666666666667,0.5276265621185303,0.020546436309814453
0.3,5,0.16681,0.7,10,0.6033333333333333,0.07702813338860896,244,0.7333333333333334,0.5333333333333333,0.6166666666666667,0.5166666666666667,0.6166666666666667,0.532926607131958,0.020934391021728515
0.3,5,0.16681,0.7,20,0.5633333333333334,0.03858612300930074,433,0.55,0.5333333333333333,0.6,0.5166666666666667,0.6166666666666667,0.5375450611114502,0.020790290832519532
0.3,5,0.16681,0.7,50,0.6733333333333333,0.08273115763993903,38,0.8166666666666667,0.7166666666666667,0.6,0.6166666666666667,0.6166666666666667,0.5489295482635498,0.020760869979858397
0.3,5,0.16681,0.9,5,0.5866666666666667,0.05206833117271103,315,0.65,0.6166666666666667,0.5166666666666667,0.6166666666666667,0.5333333333333333,0.530341386795044,0.0206967830657959
0.3,5,0.16681,0.9,10,0.6366666666666666,0.06616477747093069,123,0.7166666666666667,0.5333333333333333,0.7,0.6166666666666667,0.6166666666666667,0.5350936412811279,0.020813941955566406
0.3,5,0.16681,0.9,20,0.6366666666666666,0.06616477747093069,123,0.7166666666666667,0.5333333333333333,0.7,0.6166666666666667,0.6166666666666667,0.541726016998291,0.020917844772338868
0.3,5,0.16681,0.9,50,0.6733333333333333,0.11382247385975916,38,0.9,0.6333333333333333,0.6,0.6166666666666667,0.6166666666666667,0.5511158466339111,0.020715999603271484
0.3,5,0.599484,0.1,5,0.5433333333333333,0.008164965809277286,495,0.55,0.5333333333333333,0.55,0.55,0.5333333333333333,0.5880251884460449,0.02081308364868164
0.3,5,0.599484,0.1,10,0.5833333333333333,0.08498365855987973,372,0.45,0.6166666666666667,0.7,0.5333333333333333,0.6166666666666667,0.5932780265808105,0.020628881454467774
0.3,5,0.599484,0.1,20,0.6,0.04216370213557837,273,0.6333333333333333,0.6166666666666667,0.5166666666666667,0.6166666666666667,0.6166666666666667,0.5972603797912598,0.02081155776977539
0.3,5,0.599484,0.1,50,0.5666666666666667,0.09888264649460884,415,0.7333333333333334,0.45,0.5166666666666667,0.5166666666666667,0.6166666666666667,0.6078230857849121,0.0208341121673584
0.3,5,0.599484,0.3,5,0.5733333333333334,0.09580071908799945,394,0.45,0.5333333333333333,0.6166666666666667,0.7333333333333334,0.5333333333333333,0.6095516204833984,0.02074570655822754
0.3,5,0.599484,0.3,10,0.55,0.06236095644623237,478,0.45,0.5333333333333333,0.6166666666666667,0.5333333333333333,0.6166666666666667,0.6156962871551513,0.020775318145751953
0.3,5,0.599484,0.3,20,0.6366666666666666,0.10509255180289627,123,0.8333333333333333,0.6166666666666667,0.6,0.5166666666666667,0.6166666666666667,0.6176701068878174,0.020853614807128905
0.3,5,0.599484,0.3,50,0.5866666666666667,0.09683892697555968,315,0.7333333333333334,0.45,0.6166666666666667,0.5166666666666667,0.6166666666666667,0.6289257526397705,0.02099266052246094
0.3,5,0.599484,0.5,5,0.5933333333333334,0.07644896627453145,300,0.55,0.5333333333333333,0.6166666666666667,0.7333333333333334,0.5333333333333333,0.6139301776885986,0.020648622512817384
0.3,5,0.599484,0.5,10,0.55,0.10593499054713805,478,0.35,0.5333333333333333,0.6166666666666667,0.6333333333333333,0.6166666666666667,0.618022871017456,0.020673227310180665
0.3,5,0.599484,0.5,20,0.6,0.13621877827801698,273,0.8333333333333333,0.5333333333333333,0.6,0.4166666666666667,0.6166666666666667,0.6220636367797852,0.02082548141479492
0.3,5,0.599484,0.5,50,0.64,0.15187714333192692,101,0.9166666666666667,0.45,0.6,0.6166666666666667,0.6166666666666667,0.633770751953125,0.020761394500732423
0.3,5,0.599484,0.7,5,0.5233333333333333,0.10780641085864154,599,0.65,0.3666666666666667,0.43333333333333335,0.55,0.6166666666666667,0.6292330265045166,0.020653820037841795
0.3,5,0.599484,0.7,10,0.6033333333333333,0.10077477638553982,244,0.45,0.5333333333333333,0.7,0.7166666666666667,0.6166666666666667,0.6372817516326904,0.021001911163330077
0.3,5,0.599484,0.7,20,0.58,0.13432961119739922,383,0.8166666666666667,0.5333333333333333,0.5166666666666667,0.4166666666666667,0.6166666666666667,0.638141679763794,0.0208284854888916
0.3,5,0.599484,0.7,50,0.64,0.0946337971105226,101,0.8166666666666667,0.5333333333333333,0.6,0.6333333333333333,0.6166666666666667,0.6506482124328613,0.020907163619995117
0.3,5,0.599484,0.9,5,0.5766666666666667,0.12409673645990855,391,0.75,0.3666666666666667,0.6,0.55,0.6166666666666667,0.6264203548431396,0.02066526412963867
0.3,5,0.599484,0.9,10,0.5866666666666667,0.037118429085533484,315,0.55,0.5333333333333333,0.6166666666666667,0.6166666666666667,0.6166666666666667,0.6321389675140381,0.02100367546081543
0.3,5,0.599484,0.9,20,0.5833333333333333,0.08366600265340757,372,0.7333333333333334,0.5333333333333333,0.5166666666666667,0.5166666666666667,0.6166666666666667,0.6348264217376709,0.02079453468322754
0.3,5,0.599484,0.9,50,0.5966666666666668,0.09153020145163988,293,0.7166666666666667,0.6166666666666667,0.6,0.43333333333333335,0.6166666666666667,0.6459437370300293,0.02075991630554199
0.3,5,2.15443,0.1,5,0.6,0.10055402085998903,273,0.55,0.4666666666666667,0.7333333333333334,0.55,0.7,0.7187906742095947,0.02064986228942871
0.3,5,2.15443,0.1,10,0.5366666666666666,0.08259674462242578,542,0.43333333333333335,0.45,0.6333333333333333,0.55,0.6166666666666667,0.7208245754241943,0.020879030227661133
0.3,5,2.15443,0.1,20,0.5599999999999999,0.04666666666666666,445,0.5333333333333333,0.6166666666666667,0.5166666666666667,0.5166666666666667,0.6166666666666667,0.7245519161224365,0.02081761360168457
0.3,5,2.15443,0.1,50,0.62,0.11566234381931643,180,0.8333333333333333,0.6166666666666667,0.5166666666666667,0.5166666666666667,0.6166666666666667,0.7394459247589111,0.020764541625976563
0.3,5,2.15443,0.3,5,0.5633333333333332,0.0439696865275764,437,0.55,0.5333333333333333,0.65,0.55,0.5333333333333333,0.7865131378173829,0.020727014541625975
0.3,5,2.15443,0.3,10,0.5666666666666667,0.10055402085998903,415,0.43333333333333335,0.6166666666666667,0.7,0.4666666666666667,0.6166666666666667,0.7869871616363525,0.020854473114013672
0.3,5,2.15443,0.3,20,0.5433333333333333,0.03741657386773941,495,0.5333333333333333,0.5333333333333333,0.5166666666666667,0.5166666666666667,0.6166666666666667,0.7929446697235107,0.02072286605834961
0.3,5,2.15443,0.3,50,0.5666666666666667,0.09888264649460884,415,0.7333333333333334,0.45,0.5166666666666667,0.5166666666666667,0.6166666666666667,0.7977134704589843,0.020714521408081055
0.3,5,2.15443,0.5,5,0.5933333333333334,0.07644896627453145,300,0.55,0.5333333333333333,0.6166666666666667,0.7333333333333334,0.5333333333333333,0.8145171642303467,0.02056422233581543
0.3,5,2.15443,0.5,10,0.5333333333333333,0.12064640713902569,564,0.43333333333333335,0.3666666666666667,0.7,0.55,0.6166666666666667,0.8197056770324707,0.020932626724243165
0.3,5,2.15443,0.5,20,0.5599999999999999,0.0402768199119819,445,0.5333333333333333,0.5333333333333333,0.6,0.5166666666666667,0.6166666666666667,0.8232028007507324,0.02093644142150879
0.3,5,2.15443,0.5,50,0.5866666666666667,0.1343296111973992,315,0.8333333333333333,0.45,0.5166666666666667,0.5166666666666667,0.6166666666666667,0.8346276760101319,0.020740032196044922
0.3,5,2.15443,0.7,5,0.5366666666666666,0.10402991022884824,542,0.35,0.5333333333333333,0.6166666666666667,0.65,0.5333333333333333,0.8304015159606933,0.020718908309936522
0.3,5,2.15443,0.7,10,0.5333333333333333,0.11105554165971786,564,0.43333333333333335,0.3666666666666667,0.6166666666666667,0.6333333333333333,0.6166666666666667,0.8342004776000976,0.020614147186279297
0.3,5,2.15443,0.7,20,0.5633333333333332,0.1061445555206044,437,0.7333333333333334,0.5333333333333333,0.5166666666666667,0.4166666666666667,0.6166666666666667,0.8393855571746827,0.020862817764282227
0.3,5,2.15443,0.7,50,0.5866666666666667,0.09392668535736916,315,0.7333333333333334,0.45,0.6,0.5333333333333333,0.6166666666666667,0.8518236160278321,0.02068672180175781
0.3,5,2.15443,0.9,5,0.51,0.09695359714832659,648,0.35,0.5333333333333333,0.48333333333333334,0.65,0.5333333333333333,0.8758858203887939,0.02071070671081543
0.3,5,2.15443,0.9,10,0.5333333333333333,0.11105554165971786,564,0.43333333333333335,0.3666666666666667,0.6166666666666667,0.6333333333333333,0.6166666666666667,0.8794646263122559,0.02103400230407715
0.3,5,2.15443,0.9,20,0.5966666666666667,0.10187137859957418,294,0.7333333333333334,0.6166666666666667,0.6,0.4166666666666667,0.6166666666666667,0.8847849845886231,0.02080059051513672
0.3,5,2.15443,0.9,50,0.6033333333333333,0.09030811456096045,244,0.7333333333333334,0.45,0.6,0.6166666666666667,0.6166666666666667,0.8958895206451416,0.020849227905273438
0.3,5,7.74264,0.1,5,0.53,0.09510228411791405,578,0.65,0.4666666666666667,0.3833333333333333,0.55,0.6,0.7831524848937989,0.02070937156677246
0.3,5,7.74264,0.1,10,0.5700000000000001,0.06944222218666553,402,0.5333333333333333,0.45,0.6333333333333333,0.6166666666666667,0.6166666666666667,0.7896803855895996,0.020767593383789064
0.3,5,7.74264,0.1,20,0.5599999999999999,0.04666666666666666,445,0.5333333333333333,0.6166666666666667,0.5166666666666667,0.5166666666666667,0.6166666666666667,0.7900381088256836,0.020681047439575197
0.3,5,7.74264,0.1,50,0.5666666666666667,0.09888264649460884,415,0.7333333333333334,0.45,0.5166666666666667,0.5166666666666667,0.6166666666666667,0.8016319274902344,0.021198511123657227
0.3,5,7.74264,0.3,5,0.5666666666666667,0.08881941729649488,415,0.55,0.4666666666666667,0.7333333333333334,0.55,0.5333333333333333,0.9573586463928223,0.02070770263671875
0.3,5,7.74264,0.3,10,0.5399999999999999,0.08666666666666667,502,0.43333333333333335,0.45,0.65,0.55,0.6166666666666667,0.9584405422210693,0.02091836929321289
0.3,5,7.74264,0.3,20,0.6,0.04216370213557837,273,0.6333333333333333,0.6166666666666667,0.5166666666666667,0.6166666666666667,0.6166666666666667,0.9675442695617675,0.020885562896728514
0.3,5,7.74264,0.3,50,0.5866666666666667,0.1343296111973992,315,0.8333333333333333,0.45,0.5166666666666667,0.5166666666666667,0.6166666666666667,0.974952220916748,0.020729207992553712
0.3,5,7.74264,0.5,5,0.55,0.05868938953886337,478,0.55,0.4666666666666667,0.65,0.55,0.5333333333333333,1.0519820690155028,0.020714235305786134
0.3,5,7.74264,0.5,10,0.5366666666666667,0.11125546178852425,504,0.43333333333333335,0.45,0.7166666666666667,0.4666666666666667,0.6166666666666667,1.0562354564666747,0.02069082260131836
0.3,5,7.74264,0.5,20,0.6033333333333333,0.07257180352359079,244,0.6333333333333333,0.5333333333333333,0.5166666666666667,0.7166666666666667,0.6166666666666667,1.059850025177002,0.02075333595275879
0.3,5,7.74264,0.5,50,0.5866666666666667,0.1343296111973992,315,0.8333333333333333,0.45,0.5166666666666667,0.5166666666666667,0.6166666666666667,1.0868800163269043,0.02091827392578125
0.3,5,7.74264,0.7,5,0.5,0.06749485577105531,654,0.55,0.4666666666666667,0.3833333333333333,0.5666666666666667,0.5333333333333333,1.093616819381714,0.020777368545532228
0.3,5,7.74264,0.7,10,0.5166666666666667,0.10055402085998903,606,0.43333333333333335,0.3666666666666667,0.6166666666666667,0.55,0.6166666666666667,1.1001818180084229,0.020999050140380858
0.3,5,7.74264,0.7,20,0.5466666666666666,0.06359594676112972,483,0.5333333333333333,0.45,0.6166666666666667,0.5166666666666667,0.6166666666666667,1.1017023563385009,0.02107868194580078
0.3,5,7.74264,0.7,50,0.5866666666666667,0.1343296111973992,315,0.8333333333333333,0.45,0.5166666666666667,0.5166666666666667,0.6166666666666667,1.1165675163269042,0.02219252586364746
0.3,5,7.74264,0.9,5,0.5599999999999999,0.030912061651652355,445,0.55,0.5333333333333333,0.6166666666666667,0.5666666666666667,0.5333333333333333,1.148181104660034,0.020966482162475587
0.3,5,7.74264,0.9,10,0.5533333333333335,0.13391539617733778,464,0.43333333333333335,0.3666666666666667,0.6166666666666667,0.7333333333333334,0.6166666666666667,1.1460548400878907,0.02094125747680664
0.3,5,7.74264,0.9,20,0.5233333333333333,0.06377042156569664,599,0.5333333333333333,0.5333333333333333,0.5166666666666667,0.4166666666666667,0.6166666666666667,1.14763503074646,0.02095346450805664
0.3,5,7.74264,0.9,50,0.5866666666666667,0.1343296111973992,315,0.8333333333333333,0.45,0.5166666666666667,0.5166666666666667,0.6166666666666667,1.1594908714294434,0.021008729934692383
0.3,5,27.8256,0.1,5,0.5466666666666666,0.153260852434302,483,0.65,0.4666666666666667,0.2833333333333333,0.6333333333333333,0.7,0.7853981494903565,0.020923376083374023
0.3,5,27.8256,0.1,10,0.5533333333333333,0.05715476066494084,468,0.5333333333333333,0.4666666666666667,0.5333333333333333,0.6166666666666667,0.6166666666666667,0.7892021179199219,0.02099127769470215
0.3,5,27.8256,0.1,20,0.5633333333333332,0.050990195135927834,437,0.6333333333333333,0.5333333333333333,0.5166666666666667,0.5166666666666667,0.6166666666666667,0.7936121463775635,0.020940589904785156
0.3,5,27.8256,0.1,50,0.6,0.08027729719194864,273,0.7333333333333334,0.6166666666666667,0.5166666666666667,0.5166666666666667,0.6166666666666667,0.8066796779632568,0.020746278762817382
0.3,5,27.8256,0.3,5,0.51,0.12849556844930923,648,0.65,0.4666666666666667,0.2833333333333333,0.55,0.6,0.9295525550842285,0.02116403579711914
0.3,5,27.8256,0.3,10,0.5333333333333333,0.08232726023485645,564,0.43333333333333335,0.45,0.6333333333333333,0.5333333333333333,0.6166666666666667,0.9318200588226319,0.020678901672363283
0.3,5,27.8256,0.3,20,0.5433333333333333,0.03741657386773941,495,0.5333333333333333,0.5333333333333333,0.5166666666666667,0.5166666666666667,0.6166666666666667,0.9361328125,0.020844459533691406
0.3,5,27.8256,0.3,50,0.6033333333333333,0.12083045973594567,244,0.8333333333333333,0.5333333333333333,0.5166666666666667,0.5166666666666667,0.6166666666666667,0.9487620830535889,0.021014070510864256
0.3,5,27.8256,0.5,5,0.5466666666666666,0.08524474568362946,483,0.55,0.4666666666666667,0.4666666666666667,0.55,0.7,1.0757637977600099,0.021557950973510744
0.3,5,27.8256,0.5,10,0.49333333333333335,0.08602325267042626,655,0.43333333333333335,0.3666666666666667,0.5333333333333333,0.5166666666666667,0.6166666666666667,1.0750934600830078,0.020695018768310546
0.3,5,27.8256,0.5,20,0.6,0.07149203529842404,273,0.5333333333333333,0.6166666666666667,0.5166666666666667,0.7166666666666667,0.6166666666666667,1.0764361381530763,0.020868349075317382
0.3,5,27.8256,0.5,50,0.6233333333333333,0.11575836902790221,145,0.8333333333333333,0.6333333333333333,0.5166666666666667,0.5166666666666667,0.6166666666666667,1.088524866104126,0.020752763748168944
0.3,5,27.8256,0.7,5,0.5666666666666667,0.08881941729649488,415,0.55,0.4666666666666667,0.7333333333333334,0.55,0.5333333333333333,1.1621182441711426,0.02071104049682617
0.3,5,27.8256,0.7,10,0.5233333333333333,0.09104333522498444,599,0.43333333333333335,0.45,0.65,0.4666666666666667,0.6166666666666667,1.1676806926727294,0.02101731300354004
0.3,5,27.8256,0.7,20,0.58,0.052068331172711015,383,0.6333333333333333,0.6166666666666667,0.5166666666666667,0.5166666666666667,0.6166666666666667,1.1728504180908204,0.020832157135009764
0.3,5,27.8256,0.7,50,0.5833333333333334,0.1120515754264774,367,0.7333333333333334,0.45,0.5166666666666667,0.5166666666666667,0.7,1.1876373767852784,0.020724010467529298
0.3,5,27.8256,0.9,5,0.5666666666666667,0.08881941729649488,415,0.55,0.4666666666666667,0.7333333333333334,0.55,0.5333333333333333,1.2444468975067138,0.020682382583618163
0.3,5,27.8256,0.9,10,0.5366666666666666,0.12534397117975443,542,0.43333333333333335,0.3666666666666667,0.7166666666666667,0.55,0.6166666666666667,1.2483024597167969,0.020881843566894532
0.3,5,27.8256,0.9,20,0.6033333333333333,0.035590260840104374,244,0.6333333333333333,0.5333333333333333,0.6166666666666667,0.6166666666666667,0.6166666666666667,1.2487865447998048,0.02093334197998047
0.3,5,27.8256,0.9,50,0.5866666666666667,0.1343296111973992,315,0.8333333333333333,0.45,0.5166666666666667,0.5166666666666667,0.6166666666666667,1.26242995262146,0.020924711227416994
0.3,5,100.0,0.1,5,0.5466666666666666,0.153260852434302,483,0.65,0.4666666666666667,0.2833333333333333,0.6333333333333333,0.7,0.8396275043487549,0.020724153518676756
0.3,5,100.0,0.1,10,0.5700000000000001,0.0784573486395988,402,0.43333333333333335,0.65,0.5333333333333333,0.6166666666666667,0.6166666666666667,0.8431128025054931,0.020962095260620116
0.3,5,100.0,0.1,20,0.5633333333333334,0.04521553322083511,433,0.55,0.6166666666666667,0.5166666666666667,0.5166666666666667,0.6166666666666667,0.8486594200134278,0.020946788787841796
0.3,5,100.0,0.1,50,0.6,0.08027729719194864,273,0.7333333333333334,0.6166666666666667,0.5166666666666667,0.5166666666666667,0.6166666666666667,0.8583251476287842,0.020816755294799805
0.3,5,100.0,0.3,5,0.5466666666666666,0.153260852434302,483,0.65,0.4666666666666667,0.2833333333333333,0.6333333333333333,0.7,0.8468172073364257,0.02056403160095215
0.3,5,100.0,0.3,10,0.5333333333333333,0.07527726527090811,564,0.43333333333333335,0.4666666666666667,0.5333333333333333,0.6166666666666667,0.6166666666666667,0.8503306388854981,0.020712566375732423
0.3,5,100.0,0.3,20,0.5633333333333334,0.04521553322083511,433,0.55,0.6166666666666667,0.5166666666666667,0.5166666666666667,0.6166666666666667,0.8554924488067627,0.020785713195800783
0.3,5,100.0,0.3,50,0.6,0.08027729719194864,273,0.7333333333333334,0.6166666666666667,0.5166666666666667,0.5166666666666667,0.6166666666666667,0.868793535232544,0.021088886260986327
0.3,5,100.0,0.5,5,0.5466666666666666,0.153260852434302,483,0.65,0.4666666666666667,0.2833333333333333,0.6333333333333333,0.7,0.8757047653198242,0.020804166793823242
0.3,5,100.0,0.5,10,0.5533333333333333,0.05715476066494084,468,0.5333333333333333,0.4666666666666667,0.5333333333333333,0.6166666666666667,0.6166666666666667,0.8815168857574462,0.02105436325073242
0.3,5,100.0,0.5,20,0.5466666666666666,0.06863753427324665,483,0.6333333333333333,0.45,0.5166666666666667,0.5166666666666667,0.6166666666666667,0.8844708442687989,0.020673036575317383
0.3,5,100.0,0.5,50,0.6,0.08027729719194864,273,0.7333333333333334,0.6166666666666667,0.5166666666666667,0.5166666666666667,0.6166666666666667,0.9053563594818115,0.020925331115722656
0.3,5,100.0,0.7,5,0.51,0.12849556844930923,648,0.65,0.4666666666666667,0.2833333333333333,0.55,0.6,0.9179510593414306,0.020758819580078126
0.3,5,100.0,0.7,10,0.5566666666666668,0.08069145624606802,453,0.45,0.4666666666666667,0.6333333333333333,0.6166666666666667,0.6166666666666667,0.9179301738739014,0.020881462097167968
0.3,5,100.0,0.7,20,0.58,0.052068331172711015,383,0.6333333333333333,0.6166666666666667,0.5166666666666667,0.5166666666666667,0.6166666666666667,0.9232748508453369,0.020617580413818358
0.3,5,100.0,0.7,50,0.62,0.11566234381931643,180,0.8333333333333333,0.6166666666666667,0.5166666666666667,0.5166666666666667,0.6166666666666667,0.9334141254425049,0.020655012130737303
0.3,5,100.0,0.9,5,0.51,0.12849556844930923,648,0.65,0.4666666666666667,0.2833333333333333,0.55,0.6,0.9838928699493408,0.020720577239990233
0.3,5,100.0,0.9,10,0.5333333333333333,0.08232726023485645,564,0.43333333333333335,0.45,0.6333333333333333,0.5333333333333333,0.6166666666666667,0.9884285926818848,0.020647382736206053
0.3,5,100.0,0.9,20,0.5599999999999999,0.04666666666666666,445,0.5333333333333333,0.6166666666666667,0.5166666666666667,0.5166666666666667,0.6166666666666667,0.9929948329925538,0.020925617218017577
0.3,5,100.0,0.9,50,0.62,0.11566234381931643,180,0.8333333333333333,0.6166666666666667,0.5166666666666667,0.5166666666666667,0.6166666666666667,1.0038330078125,0.020711231231689452
