param_clf__shrink_threshold,param_selector__C,param_selector__l1_ratio,param_selector__top_k,mean_test_score,std_test_score,rank_test_score,split0_test_score,split1_test_score,split2_test_score,split3_test_score,split4_test_score,mean_fit_time,mean_score_time
,0.001,0.1,5,0.36333333333333334,0.06782329983125268,721,0.48333333333333334,0.35,0.3,0.3833333333333333,0.30000000000000004,0.0032931804656982423,0.0014156341552734376
,0.001,0.1,10,0.43000000000000005,0.1142122779934121,673,0.5,0.35,0.6166666666666667,0.3833333333333333,0.30000000000000004,0.0031692981719970703,0.0013835906982421875
,0.001,0.1,20,0.2866666666666667,0.059066817155564486,785,0.3,0.3833333333333333,0.2833333333333333,0.26666666666666666,0.2,0.0032473087310791017,0.0013830184936523438
,0.001,0.1,50,0.35333333333333333,0.13960261060914617,737,0.5666666666666667,0.16666666666666666,0.2833333333333333,0.45,0.30000000000000004,0.003312969207763672,0.0013895511627197265
,0.001,0.3,5,0.36333333333333334,0.06782329983125268,721,0.48333333333333334,0.35,0.3,0.3833333333333333,0.30000000000000004,0.003191041946411133,0.0013921737670898437
,0.001,0.3,10,0.43000000000000005,0.1142122779934121,673,0.5,0.35,0.6166666666666667,0.3833333333333333,0.30000000000000004,0.003238344192504883,0.0013878822326660156
,0.001,0.3,20,0.2866666666666667,0.059066817155564486,785,0.3,0.3833333333333333,0.2833333333333333,0.26666666666666666,0.2,0.003191518783569336,0.0013972759246826173
,0.001,0.3,50,0.35333333333333333,0.13960261060914617,737,0.5666666666666667,0.16666666666666666,0.2833333333333333,0.45,0.30000000000000004,0.003304290771484375,0.0014180183410644532
,0.001,0.5,5,0.36333333333333334,0.06782329983125268,721,0.48333333333333334,0.35,0.3,0.3833333333333333,0.30000000000000004,0.0033031463623046874,0.0013901233673095704
,0.001,0.5,10,0.43000000000000005,0.1142122779934121,673,0.5,0.35,0.6166666666666667,0.3833333333333333,0.30000000000000004,0.003211641311645508,0.0013890266418457031
,0.001,0.5,20,0.2866666666666667,0.059066817155564486,785,0.3,0.3833333333333333,0.2833333333333333,0.26666666666666666,0.2,0.0032329559326171875,0.0013896465301513673
,0.001,0.5,50,0.35333333333333333,0.13960261060914617,737,0.5666666666666667,0.16666666666666666,0.2833333333333333,0.45,0.30000000000000004,0.0033234596252441407,0.0013998031616210937
,0.001,0.7,5,0.36333333333333334,0.06782329983125268,721,0.48333333333333334,0.35,0.3,0.3833333333333333,0.30000000000000004,0.003229045867919922,0.0013797760009765625
,0.001,0.7,10,0.43000000000000005,0.1142122779934121,673,0.5,0.35,0.6166666666666667,0.3833333333333333,0.30000000000000004,0.003190135955810547,0.001390695571899414
,0.001,0.7,20,0.2866666666666667,0.059066817155564486,785,0.3,0.3833333333333333,0.2833333333333333,0.26666666666666666,0.2,0.003227567672729492,0.0013814926147460937
,0.001,0.7,50,0.35333333333333333,0.13960261060914617,737,0.5666666666666667,0.16666666666666666,0.2833333333333333,0.45,0.30000000000000004,0.0033437252044677735,0.0014060497283935546
,0.001,0.9,5,0.36333333333333334,0.06782329983125268,721,0.48333333333333334,0.35,0.3,0.3833333333333333,0.30000000000000004,0.0032063961029052735,0.0013981342315673828
,0.001,0.9,10,0.43000000000000005,0.1142122779934121,673,0.5,0.35,0.6166666666666667,0.3833333333333333,0.30000000000000004,0.0032492160797119142,0.0014070987701416016
,0.001,0.9,20,0.2866666666666667,0.059066817155564486,785,0.3,0.3833333333333333,0.2833333333333333,0.26666666666666666,0.2,0.0032277584075927736,0.0014165878295898438
,0.001,0.9,50,0.35333333333333333,0.13960261060914617,737,0.5666666666666667,0.16666666666666666,0.2833333333333333,0.45,0.30000000000000004,0.003429269790649414,0.001418304443359375
,0.00359381,0.1,5,0.36333333333333334,0.06782329983125268,721,0.48333333333333334,0.35,0.3,0.3833333333333333,0.30000000000000004,0.0036240100860595705,0.0014199256896972657
,0.00359381,0.1,10,0.43000000000000005,0.1142122779934121,673,0.5,0.35,0.6166666666666667,0.3833333333333333,0.30000000000000004,0.003667116165161133,0.001397562026977539
,0.00359381,0.1,20,0.2866666666666667,0.059066817155564486,785,0.3,0.3833333333333333,0.2833333333333333,0.26666666666666666,0.2,0.0037351608276367187,0.0014214515686035156
,0.00359381,0.1,50,0.35333333333333333,0.13960261060914617,737,0.5666666666666667,0.16666666666666666,0.2833333333333333,0.45,0.30000000000000004,0.003668069839477539,0.0014121532440185547
,0.00359381,0.3,5,0.36333333333333334,0.06782329983125268,721,0.48333333333333334,0.35,0.3,0.3833333333333333,0.30000000000000004,0.003218269348144531,0.001404142379760742
,0.00359381,0.3,10,0.43000000000000005,0.1142122779934121,673,0.5,0.35,0.6166666666666667,0.3833333333333333,0.30000000000000004,0.003266429901123047,0.0014000415802001953
,0.00359381,0.3,20,0.2866666666666667,0.059066817155564486,785,0.3,0.3833333333333333,0.2833333333333333,0.26666666666666666,0.2,0.0033007144927978517,0.0014004707336425781
,0.00359381,0.3,50,0.35333333333333333,0.13960261060914617,737,0.5666666666666667,0.16666666666666666,0.2833333333333333,0.45,0.30000000000000004,0.0032381057739257813,0.0013967990875244141
,0.00359381,0.5,5,0.36333333333333334,0.06782329983125268,721,0.48333333333333334,0.35,0.3,0.3833333333333333,0.30000000000000004,0.0031997203826904298,0.0013959884643554687
,0.00359381,0.5,10,0.43000000000000005,0.1142122779934121,673,0.5,0.35,0.6166666666666667,0.3833333333333333,0.30000000000000004,0.0032632827758789064,0.00138702392578125
,0.00359381,0.5,20,0.2866666666666667,0.059066817155564486,785,0.3,0.3833333333333333,0.2833333333333333,0.26666666666666666,0.2,0.0032947540283203127,0.0014234542846679687
,0.00359381,0.5,50,0.35333333333333333,0.13960261060914617,737,0.5666666666666667,0.16666666666666666,0.2833333333333333,0.45,0.30000000000000004,0.0032522201538085936,0.0014046669006347657
,0.00359381,0.7,5,0.36333333333333334,0.06782329983125268,721,0.48333333333333334,0.35,0.3,0.3833333333333333,0.30000000000000004,0.003203296661376953,0.0013917446136474609
,0.00359381,0.7,10,0.43000000000000005,0.1142122779934121,673,0.5,0.35,0.6166666666666667,0.3833333333333333,0.30000000000000004,0.0032649993896484374,0.001399993896484375
,0.00359381,0.7,20,0.2866666666666667,0.059066817155564486,785,0.3,0.3833333333333333,0.2833333333333333,0.26666666666666666,0.2,0.0033044338226318358,0.0013973236083984375
,0.00359381,0.7,50,0.35333333333333333,0.13960261060914617,737,0.5666666666666667,0.16666666666666666,0.2833333333333333,0.45,0.30000000000000004,0.0032379150390625,0.0013950824737548827
,0.00359381,0.9,5,0.36333333333333334,0.06782329983125268,721,0.48333333333333334,0.35,0.3,0.3833333333333333,0.30000000000000004,0.0032016277313232423,0.0013833999633789062
,0.00359381,0.9,10,0.43000000000000005,0.1142122779934121,673,0.5,0.35,0.6166666666666667,0.3833333333333333,0.30000000000000004,0.003231668472290039,0.0013951778411865235
,0.00359381,0.9,20,0.2866666666666667,0.059066817155564486,785,0.3,0.3833333333333333,0.2833333333333333,0.26666666666666666,0.2,0.003276348114013672,0.0014048576354980468
,0.00359381,0.9,50,0.35333333333333333,0.13960261060914617,737,0.5666666666666667,0.16666666666666666,0.2833333333333333,0.45,0.30000000000000004,0.0032243728637695312,0.0014028072357177735
,0.0129155,0.1,5,0.6433333333333333,0.0873053390247253,534,0.6166666666666667,0.75,0.7166666666666667,0.6333333333333333,0.5,0.011669301986694336,0.0014219284057617188
,0.0129155,0.1,10,0.8133333333333332,0.06944222218666556,7,0.8,0.9166666666666667,0.8166666666666667,0.8333333333333333,0.7,0.011780023574829102,0.0014490127563476563
,0.0129155,0.1,20,0.7866666666666667,0.17301252363147973,44,0.8,1.0,0.7166666666666667,0.9166666666666667,0.5,0.011767768859863281,0.00145263671875
,0.0129155,0.1,50,0.7133333333333334,0.1132352516764202,367,0.8,0.8166666666666667,0.7333333333333334,0.7166666666666667,0.5,0.011791658401489259,0.001493215560913086
,0.0129155,0.3,5,0.36333333333333334,0.06782329983125268,721,0.48333333333333334,0.35,0.3,0.3833333333333333,0.30000000000000004,0.004090356826782227,0.0014145851135253906
,0.0129155,0.3,10,0.43000000000000005,0.1142122779934121,673,0.5,0.35,0.6166666666666667,0.3833333333333333,0.30000000000000004,0.004080390930175782,0.0014081954956054687
,0.0129155,0.3,20,0.2866666666666667,0.059066817155564486,785,0.3,0.3833333333333333,0.2833333333333333,0.26666666666666666,0.2,0.004098272323608399,0.0013997554779052734
,0.0129155,0.3,50,0.35333333333333333,0.13960261060914617,737,0.5666666666666667,0.16666666666666666,0.2833333333333333,0.45,0.30000000000000004,0.004077434539794922,0.0014100074768066406
,0.0129155,0.5,5,0.36333333333333334,0.06782329983125268,721,0.48333333333333334,0.35,0.3,0.3833333333333333,0.30000000000000004,0.0033170223236083985,0.0014114856719970703
,0.0129155,0.5,10,0.43000000000000005,0.1142122779934121,673,0.5,0.35,0.6166666666666667,0.3833333333333333,0.30000000000000004,0.003349924087524414,0.0014070987701416016
,0.0129155,0.5,20,0.2866666666666667,0.059066817155564486,785,0.3,0.3833333333333333,0.2833333333333333,0.26666666666666666,0.2,0.0033846378326416017,0.0013976573944091796
,0.0129155,0.5,50,0.35333333333333333,0.13960261060914617,737,0.5666666666666667,0.16666666666666666,0.2833333333333333,0.45,0.30000000000000004,0.003310394287109375,0.0013930797576904297
,0.0129155,0.7,5,0.36333333333333334,0.06782329983125268,721,0.48333333333333334,0.35,0.3,0.3833333333333333,0.30000000000000004,0.003208637237548828,0.001374959945678711
,0.0129155,0.7,10,0.43000000000000005,0.1142122779934121,673,0.5,0.35,0.6166666666666667,0.3833333333333333,0.30000000000000004,0.003261232376098633,0.0013837814331054688
,0.0129155,0.7,20,0.2866666666666667,0.059066817155564486,785,0.3,0.3833333333333333,0.2833333333333333,0.26666666666666666,0.2,0.0032186985015869142,0.001470327377319336
,0.0129155,0.7,50,0.35333333333333333,0.13960261060914617,737,0.5666666666666667,0.16666666666666666,0.2833333333333333,0.45,0.30000000000000004,0.0032039642333984374,0.0014063358306884766
,0.0129155,0.9,5,0.36333333333333334,0.06782329983125268,721,0.48333333333333334,0.35,0.3,0.3833333333333333,0.30000000000000004,0.003206014633178711,0.001380777359008789
,0.0129155,0.9,10,0.43000000000000005,0.1142122779934121,673,0.5,0.35,0.6166666666666667,0.3833333333333333,0.30000000000000004,0.0032321453094482423,0.0013987064361572266
,0.0129155,0.9,20,0.2866666666666667,0.059066817155564486,785,0.3,0.3833333333333333,0.2833333333333333,0.26666666666666666,0.2,0.0033226490020751955,0.001396036148071289
,0.0129155,0.9,50,0.35333333333333333,0.13960261060914617,737,0.5666666666666667,0.16666666666666666,0.2833333333333333,0.45,0.30000000000000004,0.003234100341796875,0.0014103412628173827
,0.0464159,0.1,5,0.76,0.12587471725666138,92,1.0,0.75,0.7166666666666667,0.6333333333333333,0.7,0.02309694290161133,0.0015580177307128907
,0.0464159,0.1,10,0.7166666666666667,0.11642832797715319,362,0.8,0.8333333333333333,0.7166666666666667,0.7333333333333334,0.5,0.022945594787597657,0.0015361785888671875
,0.0464159,0.1,20,0.6833333333333333,0.10852547064066473,479,0.6333333333333333,0.7333333333333334,0.8166666666666667,0.7333333333333334,0.5,0.023273324966430663,0.0015777111053466796
,0.0464159,0.1,50,0.7933333333333334,0.11671427600007733,40,0.7333333333333334,0.9,0.8166666666666667,0.9166666666666667,0.6,0.02302703857421875,0.0015439987182617188
,0.0464159,0.3,5,0.7633333333333333,0.04642796092394705,83,0.7166666666666667,0.75,0.7166666666666667,0.8333333333333333,0.8,0.02299361228942871,0.0015595436096191406
,0.0464159,0.3,10,0.72,0.12174654911833115,339,0.7166666666666667,0.8333333333333333,0.7166666666666667,0.8333333333333333,0.5,0.023214387893676757,0.001583242416381836
,0.0464159,0.3,20,0.8266666666666668,0.11575836902790228,1,0.8,1.0,0.7166666666666667,0.9166666666666667,0.7,0.023300361633300782,0.001581573486328125
,0.0464159,0.3,50,0.6966666666666667,0.10509255180289631,463,0.7166666666666667,0.8166666666666667,0.7333333333333334,0.7166666666666667,0.5,0.023230314254760742,0.0015591144561767577
,0.0464159,0.5,5,0.58,0.04136557881996952,540,0.5333333333333333,0.5666666666666667,0.65,0.55,0.6,0.014361143112182617,0.0015415191650390626
,0.0464159,0.5,10,0.7033333333333334,0.0531245915016974,434,0.7166666666666667,0.7166666666666667,0.75,0.7333333333333334,0.6000000000000001,0.014361238479614258,0.0015382766723632812
,0.0464159,0.5,20,0.7100000000000001,0.07272474743090478,373,0.7333333333333334,0.8166666666666667,0.6666666666666666,0.7333333333333334,0.6,0.014360332489013672,0.0015049457550048828
,0.0464159,0.5,50,0.66,0.10519822558706333,528,0.6166666666666667,0.8166666666666667,0.65,0.7166666666666667,0.5,0.014314031600952149,0.0015135765075683593
,0.0464159,0.7,5,0.36333333333333334,0.06782329983125268,721,0.48333333333333334,0.35,0.3,0.3833333333333333,0.30000000000000004,0.0041996479034423825,0.0014092445373535157
,0.0464159,0.7,10,0.43000000000000005,0.1142122779934121,673,0.5,0.35,0.6166666666666667,0.3833333333333333,0.30000000000000004,0.004109334945678711,0.0014125347137451173
,0.0464159,0.7,20,0.2866666666666667,0.059066817155564486,785,0.3,0.3833333333333333,0.2833333333333333,0.26666666666666666,0.2,0.0040924072265625,0.0013978958129882812
,0.0464159,0.7,50,0.35333333333333333,0.13960261060914617,737,0.5666666666666667,0.16666666666666666,0.2833333333333333,0.45,0.30000000000000004,0.004090690612792968,0.0014153003692626953
,0.0464159,0.9,5,0.36333333333333334,0.06782329983125268,721,0.48333333333333334,0.35,0.3,0.3833333333333333,0.30000000000000004,0.004103994369506836,0.001409626007080078
,0.0464159,0.9,10,0.43000000000000005,0.1142122779934121,673,0.5,0.35,0.6166666666666667,0.3833333333333333,0.30000000000000004,0.0040738582611083984,0.0014078617095947266
,0.0464159,0.9,20,0.2866666666666667,0.059066817155564486,785,0.3,0.3833333333333333,0.2833333333333333,0.26666666666666666,0.2,0.004031705856323242,0.0014117240905761718
,0.0464159,0.9,50,0.35333333333333333,0.13960261060914617,737,0.5666666666666667,0.16666666666666666,0.2833333333333333,0.45,0.30000000000000004,0.004131221771240234,0.0014363765716552735
,0.16681,0.1,5,0.76,0.11479450238481706,92,0.9,0.65,0.8166666666666667,0.8333333333333333,0.6000000000000001,0.053320789337158205,0.0015886306762695312
,0.16681,0.1,10,0.76,0.05436502143433361,92,0.8166666666666667,0.7333333333333334,0.7166666666666667,0.8333333333333333,0.7,0.05305957794189453,0.0016638755798339844
,0.16681,0.1,20,0.6666666666666667,0.13333333333333336,498,0.7333333333333334,0.7333333333333334,0.7333333333333334,0.7333333333333334,0.4,0.053363800048828125,0.0016035079956054688
,0.16681,0.1,50,0.7433333333333334,0.038873012632301994,188,0.7333333333333334,0.7333333333333334,0.7333333333333334,0.8166666666666667,0.7,0.053057098388671876,0.0016149044036865234
,0.16681,0.3,5,0.7966666666666666,0.13140268896284682,30,1.0,0.65,0.7166666666666667,0.7166666666666667,0.9,0.05641026496887207,0.0015839099884033202
,0.16681,0.3,10,0.7000000000000001,0.0505525029603437,455,0.7166666666666667,0.7333333333333334,0.7333333333333334,0.7166666666666667,0.6,0.05635218620300293,0.001595306396484375
,0.16681,0.3,20,0.7366666666666666,0.07986099033807288,258,0.7166666666666667,0.7333333333333334,0.8166666666666667,0.8166666666666667,0.6000000000000001,0.056757879257202146,0.001592397689819336
,0.16681,0.3,50,0.6066666666666667,0.15972198067614587,538,0.6333333333333333,0.6333333333333333,0.7333333333333334,0.7333333333333334,0.30000000000000004,0.05640740394592285,0.0015930652618408204
,0.16681,0.5,5,0.8200000000000001,0.12083045973594572,2,1.0,0.6666666666666666,0.7166666666666667,0.8166666666666667,0.9,0.05851898193359375,0.0015955924987792968
,0.16681,0.5,10,0.7533333333333334,0.08653836657164775,141,0.8,0.8333333333333333,0.7166666666666667,0.8166666666666667,0.6000000000000001,0.05820994377136231,0.001600503921508789
,0.16681,0.5,20,0.7533333333333333,0.046427960923947076,145,0.8,0.7333333333333334,0.8166666666666667,0.7166666666666667,0.7,0.05848650932312012,0.0016016960144042969
,0.16681,0.5,50,0.7533333333333333,0.08781293248212994,145,0.8,0.9,0.65,0.7166666666666667,0.7,0.058259773254394534,0.0015962600708007812
,0.16681,0.7,5,0.7966666666666666,0.0627162924074226,30,0.8,0.75,0.7166666666666667,0.8166666666666667,0.9,0.05186672210693359,0.0015918731689453125
,0.16681,0.7,10,0.7733333333333333,0.08730533902472525,65,0.8,0.8333333333333333,0.8166666666666667,0.8166666666666667,0.6000000000000001,0.052252769470214844,0.00159454345703125
,0.16681,0.7,20,0.7566666666666666,0.08856886837057613,137,0.7166666666666667,0.8333333333333333,0.8166666666666667,0.8166666666666667,0.6,0.05199322700500488,0.0015989780426025391
,0.16681,0.7,50,0.7533333333333333,0.07408703590297623,145,0.7166666666666667,0.9,0.7333333333333334,0.7166666666666667,0.7,0.051743173599243165,0.0015873908996582031
,0.16681,0.9,5,0.8200000000000001,0.05416025603090638,2,0.8,0.8333333333333333,0.7333333333333334,0.8333333333333333,0.9,0.056173276901245114,0.001583433151245117
,0.16681,0.9,10,0.7966666666666666,0.049888765156985884,30,0.8,0.8333333333333333,0.8166666666666667,0.8333333333333333,0.7,0.055961322784423825,0.0015956401824951173
,0.16681,0.9,20,0.7333333333333334,0.1206464071390257,263,0.8,0.8166666666666667,0.7333333333333334,0.8166666666666667,0.5,0.056287622451782225,0.0015954971313476562
,0.16681,0.9,50,0.7366666666666667,0.04136557881996952,241,0.7166666666666667,0.8166666666666667,0.7333333333333334,0.7166666666666667,0.7,0.056128072738647464,0.0015875816345214844
,0.599484,0.1,5,0.7433333333333333,0.1339983416149452,217,0.9,0.5666666666666667,0.8166666666666667,0.8333333333333333,0.6000000000000001,0.12110114097595215,0.0016125679016113282
,0.599484,0.1,10,0.7266666666666667,0.0910433352249844,304,0.8166666666666667,0.65,0.7333333333333334,0.8333333333333333,0.6,0.12094006538391114,0.001611614227294922
,0.599484,0.1,20,0.7466666666666667,0.0694422221866655,151,0.8166666666666667,0.65,0.8333333333333333,0.7333333333333334,0.7,0.12022600173950196,0.0016109943389892578
,0.599484,0.1,50,0.7433333333333334,0.038873012632301994,188,0.7333333333333334,0.8166666666666667,0.7333333333333334,0.7333333333333334,0.7,0.12003002166748047,0.0016097545623779297
,0.599484,0.3,5,0.76,0.1284955684493092,92,0.9,0.65,0.7333333333333334,0.9166666666666667,0.6000000000000001,0.1475895404815674,0.001605844497680664
,0.599484,0.3,10,0.74,0.10883218478209669,227,0.9,0.65,0.7333333333333334,0.8166666666666667,0.6000000000000001,0.14688506126403808,0.0015993595123291015
,0.599484,0.3,20,0.7033333333333334,0.03711842908553351,434,0.7166666666666667,0.7333333333333334,0.6333333333333333,0.7333333333333334,0.7,0.1466273307800293,0.0016022205352783203
,0.599484,0.3,50,0.7766666666666666,0.09637888196533975,60,0.6333333333333333,0.9,0.8333333333333333,0.8166666666666667,0.7,0.14786906242370607,0.001596689224243164
,0.599484,0.5,5,0.8,0.10055402085998905,13,0.9,0.65,0.7333333333333334,0.9166666666666667,0.8,0.1544100284576416,0.0015820503234863282
,0.599484,0.5,10,0.72,0.10187137859957418,339,0.9,0.65,0.7333333333333334,0.7166666666666667,0.6,0.15074739456176758,0.0013974666595458984
,0.599484,0.5,20,0.7400000000000001,0.10143416036468626,224,0.7166666666666667,0.7333333333333334,0.7333333333333334,0.9166666666666667,0.6000000000000001,0.15100908279418945,0.0014400005340576172
,0.599484,0.5,50,0.7566666666666667,0.10306416555826871,133,0.7166666666666667,0.9,0.8333333333333333,0.7333333333333334,0.6,0.15103507041931152,0.0015298843383789063
,0.599484,0.7,5,0.7366666666666667,0.10295630140987,241,0.9,0.65,0.7166666666666667,0.6166666666666667,0.8,0.15759611129760742,0.0015157699584960938
,0.599484,0.7,10,0.76,0.07195677714974301,92,0.9,0.75,0.7333333333333334,0.7166666666666667,0.7,0.15760984420776367,0.0015091419219970704
,0.599484,0.7,20,0.78,0.07408703590297624,50,0.7166666666666667,0.7333333333333334,0.7333333333333334,0.9166666666666667,0.8,0.1589049816131592,0.0015529632568359376
,0.599484,0.7,50,0.6799999999999999,0.1723691129846386,486,0.6333333333333333,0.9,0.65,0.8166666666666667,0.4,0.15894975662231445,0.0015190601348876952
,0.599484,0.9,5,0.7366666666666667,0.10295630140987,241,0.9,0.65,0.7166666666666667,0.6166666666666667,0.8,0.17113056182861328,0.0016087532043457032
,0.599484,0.9,10,0.78,0.07102425250887506,50,0.9,0.75,0.7333333333333334,0.8166666666666667,0.7,0.1731316089630127,0.0016035079956054688
,0.599484,0.9,20,0.7366666666666666,0.07986099033807294,258,0.7166666666666667,0.8166666666666667,0.7333333333333334,0.8166666666666667,0.6,0.1734005928039551,0.0016202926635742188
,0.599484,0.9,50,0.7733333333333332,0.10572501018102472,69,0.7166666666666667,0.9,0.65,0.9,0.7,0.1732126235961914,0.0016121387481689454
,2.15443,0.1,5,0.76,0.09921917377424809,92,0.9,0.75,0.8166666666666667,0.7333333333333334,0.6000000000000001,0.23709712028503419,0.0016106605529785157
,2.15443,0.1,10,0.7466666666666666,0.1007747763855398,177,0.8166666666666667,0.65,0.8333333333333333,0.8333333333333333,0.6,0.23386497497558595,0.0015972137451171875
,2.15443,0.1,20,0.7300000000000001,0.05999999999999998,265,0.7333333333333334,0.65,0.8333333333333333,0.7333333333333334,0.7,0.23402299880981445,0.0016022682189941405
,2.15443,0.1,50,0.7233333333333334,0.06960204339273697,316,0.7333333333333334,0.7333333333333334,0.7333333333333334,0.8166666666666667,0.6000000000000001,0.2372199058532715,0.0015996932983398438
,2.15443,0.3,5,0.7433333333333333,0.1113552872566004,217,0.9,0.65,0.7333333333333334,0.8333333333333333,0.6000000000000001,0.3223005771636963,0.001622772216796875
,2.15443,0.3,10,0.72,0.13800161029656302,339,0.9,0.65,0.7333333333333334,0.8166666666666667,0.5,0.3196974754333496,0.0016087055206298827
,2.15443,0.3,20,0.6633333333333333,0.1318247995552346,519,0.7166666666666667,0.7333333333333334,0.7333333333333334,0.7333333333333334,0.4,0.3222395420074463,0.0016158103942871093
,2.15443,0.3,50,0.71,0.03265986323710906,377,0.7333333333333334,0.65,0.7333333333333334,0.7333333333333334,0.7,0.3217434883117676,0.001616525650024414
,2.15443,0.5,5,0.8,0.10055402085998905,13,0.9,0.65,0.7333333333333334,0.9166666666666667,0.8,0.3747107028961182,0.001617431640625
,2.15443,0.5,10,0.7566666666666667,0.09977753031397174,133,0.9,0.7333333333333334,0.7333333333333334,0.8166666666666667,0.6000000000000001,0.37180466651916505,0.0016009807586669922
,2.15443,0.5,20,0.6799999999999999,0.14429907214608909,486,0.7166666666666667,0.7333333333333334,0.7333333333333334,0.8166666666666667,0.4,0.3738582611083984,0.0016112327575683594
,2.15443,0.5,50,0.6633333333333333,0.1318247995552346,519,0.7166666666666667,0.7333333333333334,0.7333333333333334,0.7333333333333334,0.4,0.3743162155151367,0.001606321334838867
,2.15443,0.7,5,0.74,0.10252370999486467,227,0.9,0.65,0.7333333333333334,0.6166666666666667,0.8,0.3800621032714844,0.0017392158508300782
,2.15443,0.7,10,0.74,0.10883218478209669,227,0.9,0.65,0.7333333333333334,0.8166666666666667,0.6000000000000001,0.379810094833374,0.0016333103179931641
,2.15443,0.7,20,0.6833333333333333,0.10593499054713802,479,0.7166666666666667,0.65,0.7333333333333334,0.8166666666666667,0.5,0.38022551536560056,0.0016129493713378906
,2.15443,0.7,50,0.72,0.12220201853215575,339,0.6333333333333333,0.9,0.8333333333333333,0.6333333333333333,0.6,0.38508358001708987,0.001581859588623047
,2.15443,0.9,5,0.76,0.08472176684759222,92,0.9,0.65,0.7333333333333334,0.7166666666666667,0.8,0.4145046710968018,0.0015880584716796875
,2.15443,0.9,10,0.7066666666666668,0.07195677714974302,387,0.7166666666666667,0.6666666666666666,0.7333333333333334,0.8166666666666667,0.6,0.41419105529785155,0.0015900135040283203
,2.15443,0.9,20,0.7033333333333334,0.1347425528760516,434,0.7166666666666667,0.65,0.7333333333333334,0.9166666666666667,0.5,0.4195894718170166,0.0016186237335205078
,2.15443,0.9,50,0.6966666666666667,0.13097921802925666,463,0.7166666666666667,0.9,0.7333333333333334,0.6333333333333333,0.5,0.41452298164367674,0.001618671417236328
,7.74264,0.1,5,0.72,0.17042430708218953,339,0.9,0.75,0.8166666666666667,0.7333333333333334,0.4,0.28835282325744627,0.001609468460083008
,7.74264,0.1,10,0.7433333333333334,0.08273115763993899,188,0.8166666666666667,0.7333333333333334,0.8333333333333333,0.7333333333333334,0.6000000000000001,0.286500883102417,0.0016004085540771485
,7.74264,0.1,20,0.7066666666666667,0.12229290885229425,419,0.8166666666666667,0.65,0.8333333333333333,0.7333333333333334,0.5,0.27689733505249026,0.0014925956726074218
,7.74264,0.1,50,0.7066666666666668,0.07498147919467996,387,0.7333333333333334,0.65,0.7333333333333334,0.8166666666666667,0.6,0.27617979049682617,0.0014453887939453124
,7.74264,0.3,5,0.76,0.09921917377424809,92,0.9,0.75,0.8166666666666667,0.7333333333333334,0.6000000000000001,0.47822003364562987,0.001487588882446289
,7.74264,0.3,10,0.7466666666666667,0.0694422221866655,151,0.8166666666666667,0.65,0.8333333333333333,0.7333333333333334,0.7,0.48378281593322753,0.0015547752380371093
,7.74264,0.3,20,0.7466666666666667,0.0694422221866655,151,0.8166666666666667,0.65,0.8333333333333333,0.7333333333333334,0.7,0.48082122802734373,0.0015609264373779297
,7.74264,0.3,50,0.7266666666666668,0.013333333333333374,285,0.7333333333333334,0.7333333333333334,0.7333333333333334,0.7333333333333334,0.7,0.49485416412353517,0.0015863895416259766
,7.74264,0.5,5,0.7233333333333334,0.10198039027185568,316,0.9,0.65,0.7333333333333334,0.7333333333333334,0.6000000000000001,0.6126596450805664,0.0015988826751708984
,7.74264,0.5,10,0.7033333333333334,0.13012814197295425,434,0.9,0.65,0.7333333333333334,0.7333333333333334,0.5,0.6155925750732422,0.0016010284423828125
,7.74264,0.5,20,0.6666666666666667,0.1456784892227477,498,0.7166666666666667,0.65,0.8333333333333333,0.7333333333333334,0.4,0.613457202911377,0.0016066551208496094
,7.74264,0.5,50,0.7233333333333334,0.06960204339273697,316,0.7333333333333334,0.8166666666666667,0.7333333333333334,0.7333333333333334,0.6000000000000001,0.613283920288086,0.0016047000885009766
,7.74264,0.7,5,0.76,0.1284955684493092,92,0.9,0.65,0.7333333333333334,0.9166666666666667,0.6000000000000001,0.6931347846984863,0.0016046524047851562
,7.74264,0.7,10,0.7366666666666667,0.13349989596333858,241,0.9,0.7333333333333334,0.7333333333333334,0.8166666666666667,0.5,0.6898189067840577,0.0016431808471679688
,7.74264,0.7,20,0.6799999999999999,0.14429907214608909,486,0.7166666666666667,0.7333333333333334,0.7333333333333334,0.8166666666666667,0.4,0.6894326210021973,0.0016126632690429688
,7.74264,0.7,50,0.6866666666666668,0.05312459150169741,473,0.7166666666666667,0.65,0.7333333333333334,0.7333333333333334,0.6000000000000001,0.6899619579315186,0.0016290664672851563
,7.74264,0.9,5,0.8,0.10055402085998905,13,0.9,0.65,0.7333333333333334,0.9166666666666667,0.8,0.7633889198303223,0.0017409801483154296
,7.74264,0.9,10,0.7566666666666667,0.09977753031397174,133,0.9,0.7333333333333334,0.7333333333333334,0.8166666666666667,0.6000000000000001,0.7569045066833496,0.001624298095703125
,7.74264,0.9,20,0.6633333333333333,0.0865383665716478,519,0.7166666666666667,0.65,0.7333333333333334,0.7166666666666667,0.5,0.7623862743377685,0.001626729965209961
,7.74264,0.9,50,0.7166666666666667,0.1043498389499902,362,0.7166666666666667,0.9,0.7333333333333334,0.6333333333333333,0.6,0.7398089408874512,0.0015697956085205078
,27.8256,0.1,5,0.6666666666666667,0.16158932858054428,498,0.8166666666666667,0.5666666666666667,0.8166666666666667,0.7333333333333334,0.4,0.2547606945037842,0.0015485286712646484
,27.8256,0.1,10,0.7433333333333334,0.1380821011813865,188,0.7333333333333334,0.65,1.0,0.7333333333333334,0.6000000000000001,0.2584773063659668,0.0015630722045898438
,27.8256,0.1,20,0.7300000000000001,0.05999999999999998,265,0.7333333333333334,0.65,0.8333333333333333,0.7333333333333334,0.7,0.26325321197509766,0.0016045093536376954
,27.8256,0.1,50,0.7066666666666668,0.07498147919467996,387,0.7333333333333334,0.65,0.7333333333333334,0.8166666666666667,0.6,0.2633871555328369,0.0016183853149414062
,27.8256,0.3,5,0.72,0.17042430708218953,339,0.9,0.75,0.8166666666666667,0.7333333333333334,0.4,0.4170261859893799,0.001623249053955078
,27.8256,0.3,10,0.7433333333333334,0.08273115763993899,188,0.8166666666666667,0.7333333333333334,0.8333333333333333,0.7333333333333334,0.6000000000000001,0.41875605583190917,0.0016412734985351562
,27.8256,0.3,20,0.7066666666666667,0.12229290885229425,419,0.8166666666666667,0.65,0.8333333333333333,0.7333333333333334,0.5,0.4174973964691162,0.0016356945037841798
,27.8256,0.3,50,0.7066666666666668,0.07498147919467996,387,0.7333333333333334,0.65,0.7333333333333334,0.8166666666666667,0.6,0.4185570240020752,0.0015998363494873046
,27.8256,0.5,5,0.76,0.09921917377424809,92,0.9,0.75,0.8166666666666667,0.7333333333333334,0.6000000000000001,0.6245852470397949,0.0016142845153808594
,27.8256,0.5,10,0.7266666666666667,0.0910433352249844,304,0.8166666666666667,0.65,0.8333333333333333,0.7333333333333334,0.6,0.6225765705108642,0.0016207218170166016
,27.8256,0.5,20,0.7100000000000001,0.07999999999999999,373,0.7333333333333334,0.65,0.8333333333333333,0.7333333333333334,0.6,0.6245308876037597,0.0015909194946289063
,27.8256,0.5,50,0.7066666666666668,0.07498147919467996,387,0.7333333333333334,0.65,0.7333333333333334,0.8166666666666667,0.6,0.6212074279785156,0.0016108512878417968
,27.8256,0.7,5,0.7433333333333334,0.09521904571390465,188,0.9,0.75,0.7333333333333334,0.7333333333333334,0.6000000000000001,0.7439621925354004,0.0016127586364746093
,27.8256,0.7,10,0.7266666666666668,0.05436502143433364,285,0.8166666666666667,0.65,0.7333333333333334,0.7333333333333334,0.7,0.7412912845611572,0.0016146183013916015
,27.8256,0.7,20,0.7666666666666666,0.06749485577105527,72,0.8166666666666667,0.65,0.8333333333333333,0.7333333333333334,0.8,0.7522975921630859,0.0016916751861572265
,27.8256,0.7,50,0.6900000000000001,0.055377492419453826,466,0.7333333333333334,0.65,0.7333333333333334,0.7333333333333334,0.6000000000000001,0.7431180477142334,0.001615142822265625
,27.8256,0.9,5,0.7266666666666667,0.09977753031397177,304,0.9,0.6666666666666666,0.7333333333333334,0.7333333333333334,0.6000000000000001,0.8840443611145019,0.0015932083129882812
,27.8256,0.9,10,0.7433333333333334,0.08406346808612329,188,0.9,0.65,0.7333333333333334,0.7333333333333334,0.7,0.8696842670440674,0.0016836166381835938
,27.8256,0.9,20,0.7466666666666667,0.0644635986860457,151,0.7166666666666667,0.65,0.8333333333333333,0.7333333333333334,0.8,0.8937471866607666,0.00161285400390625
,27.8256,0.9,50,0.6900000000000001,0.05537749241945387,466,0.7333333333333334,0.65,0.7333333333333334,0.7333333333333334,0.6,0.8897707462310791,0.001627492904663086
,100.0,0.1,5,0.6666666666666667,0.16158932858054428,498,0.8166666666666667,0.5666666666666667,0.8166666666666667,0.7333333333333334,0.4,0.307814359664917,0.0016320228576660156
,100.0,0.1,10,0.7433333333333334,0.1380821011813865,188,0.7333333333333334,0.65,1.0,0.7333333333333334,0.6000000000000001,0.3089420795440674,0.0016388893127441406
,100.0,0.1,20,0.7466666666666667,0.0694422221866655,151,0.8166666666666667,0.65,0.8333333333333333,0.7333333333333334,0.7,0.3095548152923584,0.001622486114501953
,100.0,0.1,50,0.7233333333333334,0.08730533902472529,316,0.8166666666666667,0.65,0.7333333333333334,0.8166666666666667,0.6,0.3079816818237305,0.001628875732421875
,100.0,0.3,5,0.6666666666666667,0.16158932858054428,498,0.8166666666666667,0.5666666666666667,0.8166666666666667,0.7333333333333334,0.4,0.32090182304382325,0.0016409873962402344
,100.0,0.3,10,0.7433333333333334,0.1380821011813865,188,0.7333333333333334,0.65,1.0,0.7333333333333334,0.6000000000000001,0.32076001167297363,0.001619577407836914
,100.0,0.3,20,0.7300000000000001,0.05999999999999998,265,0.7333333333333334,0.65,0.8333333333333333,0.7333333333333334,0.7,0.3193696975708008,0.0016200542449951172
,100.0,0.3,50,0.7066666666666668,0.07498147919467996,387,0.7333333333333334,0.65,0.7333333333333334,0.8166666666666667,0.6,0.31931605339050295,0.0016185283660888673
,100.0,0.5,5,0.6666666666666667,0.16158932858054428,498,0.8166666666666667,0.5666666666666667,0.8166666666666667,0.7333333333333334,0.4,0.350798511505127,0.0016141891479492187
,100.0,0.5,10,0.7433333333333334,0.1380821011813865,188,0.7333333333333334,0.65,1.0,0.7333333333333334,0.6000000000000001,0.3486959457397461,0.0016136646270751953
,100.0,0.5,20,0.7466666666666667,0.0694422221866655,151,0.8166666666666667,0.65,0.8333333333333333,0.7333333333333334,0.7,0.34944858551025393,0.0016152381896972657
,100.0,0.5,50,0.7066666666666668,0.07498147919467996,387,0.7333333333333334,0.65,0.7333333333333334,0.8166666666666667,0.6,0.3518346309661865,0.0016261577606201173
,100.0,0.7,5,0.72,0.17042430708218953,339,0.9,0.75,0.8166666666666667,0.7333333333333334,0.4,0.3919173240661621,0.0016145706176757812
,100.0,0.7,10,0.76,0.10466878978738386,92,0.8166666666666667,0.7333333333333334,0.9166666666666667,0.7333333333333334,0.6000000000000001,0.38990116119384766,0.0016163825988769532
,100.0,0.7,20,0.7466666666666667,0.0694422221866655,151,0.8166666666666667,0.65,0.8333333333333333,0.7333333333333334,0.7,0.38952436447143557,0.0016067028045654297
,100.0,0.7,50,0.7066666666666668,0.07498147919467996,387,0.7333333333333334,0.65,0.7333333333333334,0.8166666666666667,0.6,0.39226474761962893,0.0016327857971191405
,100.0,0.9,5,0.72,0.17042430708218953,339,0.9,0.75,0.8166666666666667,0.7333333333333334,0.4,0.46108031272888184,0.0015905380249023437
,100.0,0.9,10,0.7433333333333334,0.08273115763993899,188,0.8166666666666667,0.7333333333333334,0.8333333333333333,0.7333333333333334,0.6000000000000001,0.44876818656921386,0.0015499114990234375
,100.0,0.9,20,0.7066666666666667,0.12229290885229425,419,0.8166666666666667,0.65,0.8333333333333333,0.7333333333333334,0.5,0.44892129898071287,0.0015468597412109375
,100.0,0.9,50,0.7066666666666668,0.07498147919467996,387,0.7333333333333334,0.65,0.7333333333333334,0.8166666666666667,0.6,0.45633635520935056,0.001556253433227539
0.1,0.001,0.1,5,0.4666666666666667,0.06912147117775908,625,0.5,0.45,0.4,0.5833333333333334,0.4,0.0033571720123291016,0.001430845260620117
0.1,0.001,0.1,10,0.4333333333333334,0.08366600265340754,657,0.5,0.45,0.5333333333333333,0.3833333333333333,0.30000000000000004,0.0033451080322265624,0.0014454841613769532
0.1,0.001,0.1,20,0.32666666666666666,0.07498147919467996,753,0.4,0.3833333333333333,0.2833333333333333,0.3666666666666667,0.2,0.003342342376708984,0.001412343978881836
0.1,0.001,0.1,50,0.39333333333333337,0.15369522511198005,689,0.5666666666666667,0.16666666666666666,0.2833333333333333,0.55,0.4,0.0032935142517089844,0.001407480239868164
0.1,0.001,0.3,5,0.4666666666666667,0.06912147117775908,625,0.5,0.45,0.4,0.5833333333333334,0.4,0.0033137321472167967,0.0014076709747314453
0.1,0.001,0.3,10,0.4333333333333334,0.08366600265340754,657,0.5,0.45,0.5333333333333333,0.3833333333333333,0.30000000000000004,0.003260087966918945,0.0013914108276367188
0.1,0.001,0.3,20,0.32666666666666666,0.07498147919467996,753,0.4,0.3833333333333333,0.2833333333333333,0.3666666666666667,0.2,0.0033140659332275392,0.0014031887054443359
0.1,0.001,0.3,50,0.39333333333333337,0.15369522511198005,689,0.5666666666666667,0.16666666666666666,0.2833333333333333,0.55,0.4,0.0032714366912841796,0.0013973236083984375
0.1,0.001,0.5,5,0.4666666666666667,0.06912147117775908,625,0.5,0.45,0.4,0.5833333333333334,0.4,0.003308391571044922,0.0013992786407470703
0.1,0.001,0.5,10,0.4333333333333334,0.08366600265340754,657,0.5,0.45,0.5333333333333333,0.3833333333333333,0.30000000000000004,0.00327301025390625,0.0014023780822753906
0.1,0.001,0.5,20,0.32666666666666666,0.07498147919467996,753,0.4,0.3833333333333333,0.2833333333333333,0.3666666666666667,0.2,0.003301095962524414,0.0014070034027099609
0.1,0.001,0.5,50,0.39333333333333337,0.15369522511198005,689,0.5666666666666667,0.16666666666666666,0.2833333333333333,0.55,0.4,0.0032436370849609373,0.0014014720916748046
0.1,0.001,0.7,5,0.4666666666666667,0.06912147117775908,625,0.5,0.45,0.4,0.5833333333333334,0.4,0.0032840728759765624,0.001462554931640625
0.1,0.001,0.7,10,0.4333333333333334,0.08366600265340754,657,0.5,0.45,0.5333333333333333,0.3833333333333333,0.30000000000000004,0.003238868713378906,0.0013910770416259766
0.1,0.001,0.7,20,0.32666666666666666,0.07498147919467996,753,0.4,0.3833333333333333,0.2833333333333333,0.3666666666666667,0.2,0.0032875537872314453,0.0013964176177978516
0.1,0.001,0.7,50,0.39333333333333337,0.15369522511198005,689,0.5666666666666667,0.16666666666666666,0.2833333333333333,0.55,0.4,0.0032302379608154298,0.001399850845336914
0.1,0.001,0.9,5,0.4666666666666667,0.06912147117775908,625,0.5,0.45,0.4,0.5833333333333334,0.4,0.0032938480377197265,0.0013908863067626954
0.1,0.001,0.9,10,0.4333333333333334,0.08366600265340754,657,0.5,0.45,0.5333333333333333,0.3833333333333333,0.30000000000000004,0.0032472610473632812,0.001416015625
0.1,0.001,0.9,20,0.32666666666666666,0.07498147919467996,753,0.4,0.3833333333333333,0.2833333333333333,0.3666666666666667,0.2,0.0033178329467773438,0.0013964653015136718
0.1,0.001,0.9,50,0.39333333333333337,0.15369522511198005,689,0.5666666666666667,0.16666666666666666,0.2833333333333333,0.55,0.4,0.0032688140869140624,0.001415109634399414
0.1,0.00359381,0.1,5,0.4666666666666667,0.06912147117775908,625,0.5,0.45,0.4,0.5833333333333334,0.4,0.0037527561187744142,0.0014013290405273438
0.1,0.00359381,0.1,10,0.4333333333333334,0.08366600265340754,657,0.5,0.45,0.5333333333333333,0.3833333333333333,0.30000000000000004,0.003683948516845703,0.0014148712158203124
0.1,0.00359381,0.1,20,0.32666666666666666,0.07498147919467996,753,0.4,0.3833333333333333,0.2833333333333333,0.3666666666666667,0.2,0.003737068176269531,0.0014153003692626953
0.1,0.00359381,0.1,50,0.39333333333333337,0.15369522511198005,689,0.5666666666666667,0.16666666666666666,0.2833333333333333,0.55,0.4,0.003746366500854492,0.0014181137084960938
0.1,0.00359381,0.3,5,0.4666666666666667,0.06912147117775908,625,0.5,0.45,0.4,0.5833333333333334,0.4,0.003275442123413086,0.001410198211669922
0.1,0.00359381,0.3,10,0.4333333333333334,0.08366600265340754,657,0.5,0.45,0.5333333333333333,0.3833333333333333,0.30000000000000004,0.0032455921173095703,0.0013978004455566407
0.1,0.00359381,0.3,20,0.32666666666666666,0.07498147919467996,753,0.4,0.3833333333333333,0.2833333333333333,0.3666666666666667,0.2,0.0032901763916015625,0.0014151573181152345
0.1,0.00359381,0.3,50,0.39333333333333337,0.15369522511198005,689,0.5666666666666667,0.16666666666666666,0.2833333333333333,0.55,0.4,0.0033281803131103515,0.0013947010040283204
0.1,0.00359381,0.5,5,0.4666666666666667,0.06912147117775908,625,0.5,0.45,0.4,0.5833333333333334,0.4,0.003236246109008789,0.0013947486877441406
0.1,0.00359381,0.5,10,0.4333333333333334,0.08366600265340754,657,0.5,0.45,0.5333333333333333,0.3833333333333333,0.30000000000000004,0.003219127655029297,0.001398324966430664
0.1,0.00359381,0.5,20,0.32666666666666666,0.07498147919467996,753,0.4,0.3833333333333333,0.2833333333333333,0.3666666666666667,0.2,0.003270578384399414,0.0013991832733154298
0.1,0.00359381,0.5,50,0.39333333333333337,0.15369522511198005,689,0.5666666666666667,0.16666666666666666,0.2833333333333333,0.55,0.4,0.003269004821777344,0.0014008522033691407
0.1,0.00359381,0.7,5,0.4666666666666667,0.06912147117775908,625,0.5,0.45,0.4,0.5833333333333334,0.4,0.00322723388671875,0.0014010429382324218
0.1,0.00359381,0.7,10,0.4333333333333334,0.08366600265340754,657,0.5,0.45,0.5333333333333333,0.3833333333333333,0.30000000000000004,0.0032297611236572266,0.0013866901397705078
0.1,0.00359381,0.7,20,0.32666666666666666,0.07498147919467996,753,0.4,0.3833333333333333,0.2833333333333333,0.3666666666666667,0.2,0.003306674957275391,0.0014091014862060546
0.1,0.00359381,0.7,50,0.39333333333333337,0.15369522511198005,689,0.5666666666666667,0.16666666666666666,0.2833333333333333,0.55,0.4,0.003294515609741211,0.0014654159545898437
0.1,0.00359381,0.9,5,0.4666666666666667,0.06912147117775908,625,0.5,0.45,0.4,0.5833333333333334,0.4,0.003266716003417969,0.0014010906219482423
0.1,0.00359381,0.9,10,0.4333333333333334,0.08366600265340754,657,0.5,0.45,0.5333333333333333,0.3833333333333333,0.30000000000000004,0.0032271862030029295,0.0014000415802001953
0.1,0.00359381,0.9,20,0.32666666666666666,0.07498147919467996,753,0.4,0.3833333333333333,0.2833333333333333,0.3666666666666667,0.2,0.0032831668853759766,0.0014010429382324218
0.1,0.00359381,0.9,50,0.39333333333333337,0.15369522511198005,689,0.5666666666666667,0.16666666666666666,0.2833333333333333,0.55,0.4,0.0033089637756347655,0.0014013290405273438
0.1,0.0129155,0.1,5,0.6433333333333333,0.0873053390247253,534,0.6166666666666667,0.75,0.7166666666666667,0.6333333333333333,0.5,0.01185016632080078,0.0014540195465087891
0.1,0.0129155,0.1,10,0.8133333333333332,0.06944222218666556,7,0.8,0.9166666666666667,0.8166666666666667,0.8333333333333333,0.7,0.011923646926879883,0.0015190601348876952
0.1,0.0129155,0.1,20,0.7866666666666667,0.17301252363147973,44,0.8,1.0,0.7166666666666667,0.9166666666666667,0.5,0.012124109268188476,0.0015390396118164062
0.1,0.0129155,0.1,50,0.7133333333333334,0.1132352516764202,367,0.8,0.8166666666666667,0.7333333333333334,0.7166666666666667,0.5,0.01201181411743164,0.0015375137329101563
0.1,0.0129155,0.3,5,0.4666666666666667,0.06912147117775908,625,0.5,0.45,0.4,0.5833333333333334,0.4,0.004264020919799804,0.0014374256134033203
0.1,0.0129155,0.3,10,0.4333333333333334,0.08366600265340754,657,0.5,0.45,0.5333333333333333,0.3833333333333333,0.30000000000000004,0.004079198837280274,0.0014048099517822265
0.1,0.0129155,0.3,20,0.32666666666666666,0.07498147919467996,753,0.4,0.3833333333333333,0.2833333333333333,0.3666666666666667,0.2,0.004123544692993164,0.0014111995697021484
0.1,0.0129155,0.3,50,0.39333333333333337,0.15369522511198005,689,0.5666666666666667,0.16666666666666666,0.2833333333333333,0.55,0.4,0.004147100448608399,0.0014232635498046876
0.1,0.0129155,0.5,5,0.4666666666666667,0.06912147117775908,625,0.5,0.45,0.4,0.5833333333333334,0.4,0.0033628463745117186,0.0014065742492675782
0.1,0.0129155,0.5,10,0.4333333333333334,0.08366600265340754,657,0.5,0.45,0.5333333333333333,0.3833333333333333,0.30000000000000004,0.0033443927764892577,0.0013982295989990235
0.1,0.0129155,0.5,20,0.32666666666666666,0.07498147919467996,753,0.4,0.3833333333333333,0.2833333333333333,0.3666666666666667,0.2,0.0033939361572265627,0.0014118671417236329
0.1,0.0129155,0.5,50,0.39333333333333337,0.15369522511198005,689,0.5666666666666667,0.16666666666666666,0.2833333333333333,0.55,0.4,0.003450775146484375,0.001429271697998047
0.1,0.0129155,0.7,5,0.4666666666666667,0.06912147117775908,625,0.5,0.45,0.4,0.5833333333333334,0.4,0.0032835960388183593,0.0013955593109130859
0.1,0.0129155,0.7,10,0.4333333333333334,0.08366600265340754,657,0.5,0.45,0.5333333333333333,0.3833333333333333,0.30000000000000004,0.0032271385192871095,0.0014005184173583984
0.1,0.0129155,0.7,20,0.32666666666666666,0.07498147919467996,753,0.4,0.3833333333333333,0.2833333333333333,0.3666666666666667,0.2,0.003364419937133789,0.0014119148254394531
0.1,0.0129155,0.7,50,0.39333333333333337,0.15369522511198005,689,0.5666666666666667,0.16666666666666666,0.2833333333333333,0.55,0.4,0.0033082485198974608,0.0014026165008544922
0.1,0.0129155,0.9,5,0.4666666666666667,0.06912147117775908,625,0.5,0.45,0.4,0.5833333333333334,0.4,0.0032408714294433595,0.0013797760009765625
0.1,0.0129155,0.9,10,0.4333333333333334,0.08366600265340754,657,0.5,0.45,0.5333333333333333,0.3833333333333333,0.30000000000000004,0.0032412528991699217,0.0014037609100341797
0.1,0.0129155,0.9,20,0.32666666666666666,0.07498147919467996,753,0.4,0.3833333333333333,0.2833333333333333,0.3666666666666667,0.2,0.003368997573852539,0.00140838623046875
0.1,0.0129155,0.9,50,0.39333333333333337,0.15369522511198005,689,0.5666666666666667,0.16666666666666666,0.2833333333333333,0.55,0.4,0.0032742500305175783,0.0014066696166992188
0.1,0.0464159,0.1,5,0.76,0.12587471725666138,92,1.0,0.75,0.7166666666666667,0.6333333333333333,0.7,0.022974395751953126,0.001567506790161133
0.1,0.0464159,0.1,10,0.7166666666666667,0.11642832797715319,362,0.8,0.8333333333333333,0.7166666666666667,0.7333333333333334,0.5,0.023158693313598634,0.001561880111694336
0.1,0.0464159,0.1,20,0.6833333333333333,0.10852547064066473,479,0.6333333333333333,0.7333333333333334,0.8166666666666667,0.7333333333333334,0.5,0.02330951690673828,0.001569509506225586
0.1,0.0464159,0.1,50,0.7933333333333334,0.11671427600007733,40,0.7333333333333334,0.9,0.8166666666666667,0.9166666666666667,0.6,0.02323751449584961,0.0015676021575927734
0.1,0.0464159,0.3,5,0.7633333333333333,0.04642796092394705,83,0.7166666666666667,0.75,0.7166666666666667,0.8333333333333333,0.8,0.02319655418395996,0.0015419960021972657
0.1,0.0464159,0.3,10,0.7399999999999999,0.12762793146051096,238,0.7166666666666667,0.8333333333333333,0.8166666666666667,0.8333333333333333,0.5,0.023310518264770506,0.001585531234741211
0.1,0.0464159,0.3,20,0.8100000000000002,0.12409673645990858,10,0.7166666666666667,1.0,0.7166666666666667,0.9166666666666667,0.7,0.02327303886413574,0.001584482192993164
0.1,0.0464159,0.3,50,0.6966666666666667,0.10509255180289631,463,0.7166666666666667,0.8166666666666667,0.7333333333333334,0.7166666666666667,0.5,0.02324686050415039,0.0015750408172607421
0.1,0.0464159,0.5,5,0.5466666666666666,0.07702813338860895,542,0.45,0.5666666666666667,0.65,0.4666666666666667,0.6,0.01432662010192871,0.0015353679656982422
0.1,0.0464159,0.5,10,0.67,0.05517648452415615,493,0.6333333333333333,0.7166666666666667,0.75,0.65,0.6000000000000001,0.014386177062988281,0.0015375614166259766
0.1,0.0464159,0.5,20,0.6733333333333333,0.07498147919467996,492,0.6333333333333333,0.8166666666666667,0.6666666666666666,0.65,0.6,0.014513301849365234,0.0015494823455810547
0.1,0.0464159,0.5,50,0.68,0.13759844960366865,485,0.6166666666666667,0.9166666666666667,0.65,0.7166666666666667,0.5,0.014399576187133788,0.0015065670013427734
0.1,0.0464159,0.7,5,0.4666666666666667,0.06912147117775908,625,0.5,0.45,0.4,0.5833333333333334,0.4,0.004256010055541992,0.0014485836029052735
0.1,0.0464159,0.7,10,0.4333333333333334,0.08366600265340754,657,0.5,0.45,0.5333333333333333,0.3833333333333333,0.30000000000000004,0.00417327880859375,0.001439046859741211
0.1,0.0464159,0.7,20,0.32666666666666666,0.07498147919467996,753,0.4,0.3833333333333333,0.2833333333333333,0.3666666666666667,0.2,0.004158782958984375,0.001417255401611328
0.1,0.0464159,0.7,50,0.39333333333333337,0.15369522511198005,689,0.5666666666666667,0.16666666666666666,0.2833333333333333,0.55,0.4,0.0041083812713623045,0.0014071941375732421
0.1,0.0464159,0.9,5,0.4666666666666667,0.06912147117775908,625,0.5,0.45,0.4,0.5833333333333334,0.4,0.004064035415649414,0.0014809608459472657
0.1,0.0464159,0.9,10,0.4333333333333334,0.08366600265340754,657,0.5,0.45,0.5333333333333333,0.3833333333333333,0.30000000000000004,0.004068326950073242,0.0014027118682861327
0.1,0.0464159,0.9,20,0.32666666666666666,0.07498147919467996,753,0.4,0.3833333333333333,0.2833333333333333,0.3666666666666667,0.2,0.004104423522949219,0.0014016151428222657
0.1,0.0464159,0.9,50,0.39333333333333337,0.15369522511198005,689,0.5666666666666667,0.16666666666666666,0.2833333333333333,0.55,0.4,0.0040970325469970705,0.0013965606689453126
0.1,0.16681,0.1,5,0.76,0.11479450238481706,92,0.9,0.65,0.8166666666666667,0.8333333333333333,0.6000000000000001,0.0529421329498291,0.0015924453735351562
0.1,0.16681,0.1,10,0.76,0.05436502143433361,92,0.8166666666666667,0.7333333333333334,0.7166666666666667,0.8333333333333333,0.7,0.05380592346191406,0.001602029800415039
0.1,0.16681,0.1,20,0.6666666666666667,0.13333333333333336,498,0.7333333333333334,0.7333333333333334,0.7333333333333334,0.7333333333333334,0.4,0.053706026077270506,0.0016070842742919923
0.1,0.16681,0.1,50,0.7233333333333334,0.0592546294487706,316,0.6333333333333333,0.7333333333333334,0.7333333333333334,0.8166666666666667,0.7,0.053040266036987305,0.001584768295288086
0.1,0.16681,0.3,5,0.7966666666666666,0.13140268896284682,30,1.0,0.65,0.7166666666666667,0.7166666666666667,0.9,0.056444311141967775,0.0015939235687255859
0.1,0.16681,0.3,10,0.7000000000000001,0.0505525029603437,455,0.7166666666666667,0.7333333333333334,0.7333333333333334,0.7166666666666667,0.6,0.05631833076477051,0.0015986442565917968
0.1,0.16681,0.3,20,0.7366666666666666,0.07986099033807288,258,0.7166666666666667,0.7333333333333334,0.8166666666666667,0.8166666666666667,0.6000000000000001,0.056452274322509766,0.0015923500061035157
0.1,0.16681,0.3,50,0.6066666666666667,0.15972198067614587,538,0.6333333333333333,0.6333333333333333,0.7333333333333334,0.7333333333333334,0.30000000000000004,0.05639805793762207,0.0015945911407470703
0.1,0.16681,0.5,5,0.8200000000000001,0.12083045973594572,2,1.0,0.6666666666666666,0.7166666666666667,0.8166666666666667,0.9,0.058376121520996097,0.001577281951904297
0.1,0.16681,0.5,10,0.7533333333333334,0.08653836657164775,141,0.8,0.8333333333333333,0.7166666666666667,0.8166666666666667,0.6000000000000001,0.05815258026123047,0.0015894412994384766
0.1,0.16681,0.5,20,0.7366666666666667,0.04136557881996952,241,0.7166666666666667,0.7333333333333334,0.8166666666666667,0.7166666666666667,0.7,0.05865764617919922,0.001591968536376953
0.1,0.16681,0.5,50,0.72,0.05416025603090639,339,0.7166666666666667,0.8166666666666667,0.65,0.7166666666666667,0.7,0.05833897590637207,0.0015860557556152343
0.1,0.16681,0.7,5,0.7966666666666666,0.0627162924074226,30,0.8,0.75,0.7166666666666667,0.8166666666666667,0.9,0.0519355297088623,0.0015873432159423829
0.1,0.16681,0.7,10,0.7733333333333333,0.08730533902472525,65,0.8,0.8333333333333333,0.8166666666666667,0.8166666666666667,0.6000000000000001,0.051794815063476565,0.0015910148620605468
0.1,0.16681,0.7,20,0.7566666666666666,0.08856886837057613,137,0.7166666666666667,0.8333333333333333,0.8166666666666667,0.8166666666666667,0.6,0.05181899070739746,0.0015997886657714844
0.1,0.16681,0.7,50,0.7366666666666667,0.08844332774281068,241,0.7166666666666667,0.9,0.7333333333333334,0.6333333333333333,0.7,0.05187788009643555,0.0015828609466552734
0.1,0.16681,0.9,5,0.8200000000000001,0.05416025603090638,2,0.8,0.8333333333333333,0.7333333333333334,0.8333333333333333,0.9,0.05599617958068848,0.0016641616821289062
0.1,0.16681,0.9,10,0.7966666666666666,0.049888765156985884,30,0.8,0.8333333333333333,0.8166666666666667,0.8333333333333333,0.7,0.05598483085632324,0.0015887737274169922
0.1,0.16681,0.9,20,0.7566666666666667,0.10306416555826871,133,0.8,0.7333333333333334,0.7333333333333334,0.9166666666666667,0.6000000000000001,0.05612897872924805,0.0015924930572509765
0.1,0.16681,0.9,50,0.7366666666666667,0.04136557881996952,241,0.7166666666666667,0.8166666666666667,0.7333333333333334,0.7166666666666667,0.7,0.05591330528259277,0.0015864849090576171
0.1,0.599484,0.1,5,0.7433333333333333,0.1339983416149452,217,0.9,0.5666666666666667,0.8166666666666667,0.8333333333333333,0.6000000000000001,0.12075161933898926,0.001601409912109375
0.1,0.599484,0.1,10,0.7266666666666667,0.0910433352249844,304,0.8166666666666667,0.65,0.7333333333333334,0.8333333333333333,0.6,0.1199307918548584,0.0015952110290527344
0.1,0.599484,0.1,20,0.7466666666666667,0.0694422221866655,151,0.8166666666666667,0.65,0.8333333333333333,0.7333333333333334,0.7,0.12011289596557617,0.0016058921813964845
0.1,0.599484,0.1,50,0.7433333333333334,0.038873012632301994,188,0.7333333333333334,0.8166666666666667,0.7333333333333334,0.7333333333333334,0.7,0.12015347480773926,0.0016021251678466797
0.1,0.599484,0.3,5,0.76,0.1284955684493092,92,0.9,0.65,0.7333333333333334,0.9166666666666667,0.6000000000000001,0.146830415725708,0.0016221046447753907
0.1,0.599484,0.3,10,0.76,0.09921917377424809,92,0.9,0.75,0.7333333333333334,0.8166666666666667,0.6000000000000001,0.14795980453491211,0.001682615280151367
0.1,0.599484,0.3,20,0.7033333333333334,0.03711842908553351,434,0.7166666666666667,0.7333333333333334,0.6333333333333333,0.7333333333333334,0.7,0.14738235473632813,0.001740884780883789
0.1,0.599484,0.3,50,0.72,0.09030811456096045,339,0.6333333333333333,0.8166666666666667,0.7333333333333334,0.8166666666666667,0.6,0.14691810607910155,0.0016153335571289062
0.1,0.599484,0.5,5,0.8,0.10055402085998905,13,0.9,0.65,0.7333333333333334,0.9166666666666667,0.8,0.15781831741333008,0.0016190052032470704
0.1,0.599484,0.5,10,0.72,0.10187137859957418,339,0.9,0.65,0.7333333333333334,0.7166666666666667,0.6,0.15783891677856446,0.0016273021697998046
0.1,0.599484,0.5,20,0.7400000000000001,0.10143416036468626,224,0.7166666666666667,0.7333333333333334,0.7333333333333334,0.9166666666666667,0.6000000000000001,0.15710244178771973,0.0016331672668457031
0.1,0.599484,0.5,50,0.7366666666666667,0.09568466729604884,241,0.7166666666666667,0.9,0.7333333333333334,0.7333333333333334,0.6,0.1568016529083252,0.0016039371490478515
0.1,0.599484,0.7,5,0.7366666666666667,0.10295630140987,241,0.9,0.65,0.7166666666666667,0.6166666666666667,0.8,0.16281251907348632,0.0015978336334228516
0.1,0.599484,0.7,10,0.76,0.07195677714974301,92,0.9,0.75,0.7333333333333334,0.7166666666666667,0.7,0.16348462104797362,0.0016140937805175781
0.1,0.599484,0.7,20,0.8000000000000002,0.08881941729649487,11,0.7166666666666667,0.7333333333333334,0.7333333333333334,0.9166666666666667,0.9,0.16321949958801268,0.0016178131103515626
0.1,0.599484,0.7,50,0.7,0.1183215956619923,458,0.7166666666666667,0.8166666666666667,0.65,0.8166666666666667,0.5,0.16420254707336426,0.0016410350799560547
0.1,0.599484,0.9,5,0.7366666666666667,0.10295630140987,241,0.9,0.65,0.7166666666666667,0.6166666666666667,0.8,0.1748906135559082,0.0017601490020751954
0.1,0.599484,0.9,10,0.7833333333333334,0.07673909622147562,46,0.9166666666666667,0.75,0.7333333333333334,0.8166666666666667,0.7,0.173414945602417,0.0016809940338134766
0.1,0.599484,0.9,20,0.7366666666666666,0.07986099033807294,258,0.7166666666666667,0.8166666666666667,0.7333333333333334,0.8166666666666667,0.6,0.1732241153717041,0.0016122817993164062
0.1,0.599484,0.9,50,0.7566666666666666,0.08981462390204988,137,0.7166666666666667,0.9,0.65,0.8166666666666667,0.7,0.17345337867736815,0.0016135692596435547
0.1,2.15443,0.1,5,0.76,0.09921917377424809,92,0.9,0.75,0.8166666666666667,0.7333333333333334,0.6000000000000001,0.23550138473510743,0.0016077041625976562
0.1,2.15443,0.1,10,0.7466666666666666,0.1007747763855398,177,0.8166666666666667,0.65,0.8333333333333333,0.8333333333333333,0.6,0.23377318382263185,0.0016129970550537109
0.1,2.15443,0.1,20,0.7466666666666667,0.0694422221866655,151,0.8166666666666667,0.65,0.8333333333333333,0.7333333333333334,0.7,0.2341245174407959,0.001619100570678711
0.1,2.15443,0.1,50,0.7233333333333334,0.06960204339273697,316,0.7333333333333334,0.7333333333333334,0.7333333333333334,0.8166666666666667,0.6000000000000001,0.23550562858581542,0.0016240596771240235
0.1,2.15443,0.3,5,0.7433333333333333,0.1113552872566004,217,0.9,0.65,0.7333333333333334,0.8333333333333333,0.6000000000000001,0.32379984855651855,0.0016168117523193359
0.1,2.15443,0.3,10,0.72,0.13800161029656302,339,0.9,0.65,0.7333333333333334,0.8166666666666667,0.5,0.3203599452972412,0.0016031265258789062
0.1,2.15443,0.3,20,0.6633333333333333,0.1318247995552346,519,0.7166666666666667,0.7333333333333334,0.7333333333333334,0.7333333333333334,0.4,0.31087627410888674,0.001541280746459961
0.1,2.15443,0.3,50,0.71,0.03265986323710906,377,0.7333333333333334,0.65,0.7333333333333334,0.7333333333333334,0.7,0.30930356979370116,0.0015522956848144532
0.1,2.15443,0.5,5,0.8,0.10055402085998905,13,0.9,0.65,0.7333333333333334,0.9166666666666667,0.8,0.3595899105072021,0.0015325546264648438
0.1,2.15443,0.5,10,0.74,0.10883218478209669,227,0.9,0.65,0.7333333333333334,0.8166666666666667,0.6000000000000001,0.3648193836212158,0.0015753746032714845
0.1,2.15443,0.5,20,0.6799999999999999,0.14429907214608909,486,0.7166666666666667,0.7333333333333334,0.7333333333333334,0.8166666666666667,0.4,0.3746189117431641,0.0016248226165771484
0.1,2.15443,0.5,50,0.6466666666666667,0.12710450643291746,531,0.7166666666666667,0.65,0.7333333333333334,0.7333333333333334,0.4,0.37512688636779784,0.001609039306640625
0.1,2.15443,0.7,5,0.76,0.08472176684759222,92,0.9,0.65,0.7333333333333334,0.7166666666666667,0.8,0.380208683013916,0.0015856266021728516
0.1,2.15443,0.7,10,0.74,0.10883218478209669,227,0.9,0.65,0.7333333333333334,0.8166666666666667,0.6000000000000001,0.3792383670806885,0.0015940189361572266
0.1,2.15443,0.7,20,0.6833333333333333,0.10593499054713802,479,0.7166666666666667,0.65,0.7333333333333334,0.8166666666666667,0.5,0.3833942413330078,0.0016040802001953125
0.1,2.15443,0.7,50,0.6833333333333333,0.08027729719194865,479,0.6333333333333333,0.8166666666666667,0.7333333333333334,0.6333333333333333,0.6,0.3796213626861572,0.001607370376586914
0.1,2.15443,0.9,5,0.76,0.08472176684759222,92,0.9,0.65,0.7333333333333334,0.7166666666666667,0.8,0.4147991180419922,0.0016124248504638672
0.1,2.15443,0.9,10,0.7066666666666668,0.07195677714974302,387,0.7166666666666667,0.6666666666666666,0.7333333333333334,0.8166666666666667,0.6,0.41695165634155273,0.0015981674194335937
0.1,2.15443,0.9,20,0.7033333333333334,0.1347425528760516,434,0.7166666666666667,0.65,0.7333333333333334,0.9166666666666667,0.5,0.41675739288330077,0.0016135215759277345
0.1,2.15443,0.9,50,0.7,0.10593499054713802,458,0.7166666666666667,0.8166666666666667,0.7333333333333334,0.7333333333333334,0.5,0.4142479419708252,0.001611471176147461
0.1,7.74264,0.1,5,0.72,0.17042430708218953,339,0.9,0.75,0.8166666666666667,0.7333333333333334,0.4,0.2857348442077637,0.0016137123107910155
0.1,7.74264,0.1,10,0.7633333333333334,0.08969082698049134,78,0.8166666666666667,0.7333333333333334,0.8333333333333333,0.8333333333333333,0.6000000000000001,0.287749719619751,0.0015936851501464843
0.1,7.74264,0.1,20,0.7066666666666667,0.12229290885229425,419,0.8166666666666667,0.65,0.8333333333333333,0.7333333333333334,0.5,0.2855079650878906,0.0015988349914550781
0.1,7.74264,0.1,50,0.7066666666666668,0.07498147919467996,387,0.7333333333333334,0.65,0.7333333333333334,0.8166666666666667,0.6,0.2858473300933838,0.001605844497680664
0.1,7.74264,0.3,5,0.76,0.09921917377424809,92,0.9,0.75,0.8166666666666667,0.7333333333333334,0.6000000000000001,0.49571685791015624,0.0016058921813964845
0.1,7.74264,0.3,10,0.7466666666666667,0.0694422221866655,151,0.8166666666666667,0.65,0.8333333333333333,0.7333333333333334,0.7,0.4977684497833252,0.001592397689819336
0.1,7.74264,0.3,20,0.7466666666666667,0.0694422221866655,151,0.8166666666666667,0.65,0.8333333333333333,0.7333333333333334,0.7,0.4955260753631592,0.0015880584716796875
0.1,7.74264,0.3,50,0.7066666666666668,0.053333333333333365,387,0.7333333333333334,0.7333333333333334,0.7333333333333334,0.7333333333333334,0.6,0.4946613311767578,0.0017205238342285155
0.1,7.74264,0.5,5,0.7233333333333334,0.10198039027185568,316,0.9,0.65,0.7333333333333334,0.7333333333333334,0.6000000000000001,0.6117004871368408,0.001596689224243164
0.1,7.74264,0.5,10,0.7033333333333334,0.13012814197295425,434,0.9,0.65,0.7333333333333334,0.7333333333333334,0.5,0.6166085243225098,0.0015940666198730469
0.1,7.74264,0.5,20,0.6666666666666667,0.1456784892227477,498,0.7166666666666667,0.65,0.8333333333333333,0.7333333333333334,0.4,0.5936155796051026,0.0015623092651367188
0.1,7.74264,0.5,50,0.7233333333333334,0.06960204339273697,316,0.7333333333333334,0.8166666666666667,0.7333333333333334,0.7333333333333334,0.6000000000000001,0.594426441192627,0.001542377471923828
0.1,7.74264,0.7,5,0.76,0.1284955684493092,92,0.9,0.65,0.7333333333333334,0.9166666666666667,0.6000000000000001,0.6900166988372802,0.0015950202941894531
0.1,7.74264,0.7,10,0.72,0.13800161029656302,339,0.9,0.65,0.7333333333333334,0.8166666666666667,0.5,0.6961726665496826,0.0016150474548339844
0.1,7.74264,0.7,20,0.6799999999999999,0.14429907214608909,486,0.7166666666666667,0.7333333333333334,0.7333333333333334,0.8166666666666667,0.4,0.6893856048583984,0.0016038894653320312
0.1,7.74264,0.7,50,0.6666666666666667,0.08881941729649488,498,0.7166666666666667,0.65,0.7333333333333334,0.7333333333333334,0.5,0.6898131847381592,0.0016304492950439454
0.1,7.74264,0.9,5,0.8,0.10055402085998905,13,0.9,0.65,0.7333333333333334,0.9166666666666667,0.8,0.7664420127868652,0.001618671417236328
0.1,7.74264,0.9,10,0.74,0.10883218478209669,227,0.9,0.65,0.7333333333333334,0.8166666666666667,0.6000000000000001,0.7579148769378662,0.0016252517700195313
0.1,7.74264,0.9,20,0.6633333333333333,0.0865383665716478,519,0.7166666666666667,0.65,0.7333333333333334,0.7166666666666667,0.5,0.7575760841369629,0.0016911983489990234
0.1,7.74264,0.9,50,0.7166666666666667,0.1043498389499902,362,0.7166666666666667,0.9,0.7333333333333334,0.6333333333333333,0.6,0.7583648681640625,0.0016299247741699218
0.1,27.8256,0.1,5,0.6666666666666667,0.16158932858054428,498,0.8166666666666667,0.5666666666666667,0.8166666666666667,0.7333333333333334,0.4,0.264105224609375,0.0015888214111328125
0.1,27.8256,0.1,10,0.73,0.13349989596333856,275,0.7333333333333334,0.5666666666666667,0.9166666666666667,0.8333333333333333,0.6000000000000001,0.2624044895172119,0.0015941619873046874
0.1,27.8256,0.1,20,0.7300000000000001,0.05999999999999998,265,0.7333333333333334,0.65,0.8333333333333333,0.7333333333333334,0.7,0.26229066848754884,0.0016095638275146484
0.1,27.8256,0.1,50,0.7066666666666668,0.07498147919467996,387,0.7333333333333334,0.65,0.7333333333333334,0.8166666666666667,0.6,0.2639334678649902,0.0016138553619384766
0.1,27.8256,0.3,5,0.72,0.17042430708218953,339,0.9,0.75,0.8166666666666667,0.7333333333333334,0.4,0.4150227069854736,0.0015930652618408204
0.1,27.8256,0.3,10,0.7633333333333334,0.08969082698049134,78,0.8166666666666667,0.7333333333333334,0.8333333333333333,0.8333333333333333,0.6000000000000001,0.4152255058288574,0.0016008853912353516
0.1,27.8256,0.3,20,0.7066666666666667,0.12229290885229425,419,0.8166666666666667,0.65,0.8333333333333333,0.7333333333333334,0.5,0.41390652656555177,0.0015765190124511718
0.1,27.8256,0.3,50,0.7066666666666668,0.07498147919467996,387,0.7333333333333334,0.65,0.7333333333333334,0.8166666666666667,0.6,0.4036099910736084,0.001521730422973633
0.1,27.8256,0.5,5,0.76,0.09921917377424809,92,0.9,0.75,0.8166666666666667,0.7333333333333334,0.6000000000000001,0.6007293701171875,0.0016103744506835937
0.1,27.8256,0.5,10,0.7466666666666666,0.1007747763855398,177,0.8166666666666667,0.65,0.8333333333333333,0.8333333333333333,0.6,0.616770887374878,0.0016982555389404297
0.1,27.8256,0.5,20,0.7100000000000001,0.07999999999999999,373,0.7333333333333334,0.65,0.8333333333333333,0.7333333333333334,0.6,0.6259701728820801,0.001621580123901367
0.1,27.8256,0.5,50,0.7066666666666668,0.07498147919467996,387,0.7333333333333334,0.65,0.7333333333333334,0.8166666666666667,0.6,0.6214584827423095,0.0016119956970214843
0.1,27.8256,0.7,5,0.7433333333333334,0.09521904571390465,188,0.9,0.75,0.7333333333333334,0.7333333333333334,0.6000000000000001,0.7440896511077881,0.0016282081604003906
0.1,27.8256,0.7,10,0.7266666666666668,0.05436502143433364,285,0.8166666666666667,0.65,0.7333333333333334,0.7333333333333334,0.7,0.7416664600372315,0.0016051292419433593
0.1,27.8256,0.7,20,0.7666666666666666,0.06749485577105527,72,0.8166666666666667,0.65,0.8333333333333333,0.7333333333333334,0.8,0.7487736701965332,0.00161590576171875
0.1,27.8256,0.7,50,0.6900000000000001,0.055377492419453826,466,0.7333333333333334,0.65,0.7333333333333334,0.7333333333333334,0.6000000000000001,0.7449317932128906,0.001625823974609375
0.1,27.8256,0.9,5,0.7266666666666667,0.09977753031397177,304,0.9,0.6666666666666666,0.7333333333333334,0.7333333333333334,0.6000000000000001,0.8871321201324462,0.0016108989715576173
0.1,27.8256,0.9,10,0.7433333333333334,0.08406346808612329,188,0.9,0.65,0.7333333333333334,0.7333333333333334,0.7,0.8895196437835693,0.0016190528869628907
0.1,27.8256,0.9,20,0.7266666666666668,0.060184900284225934,285,0.7166666666666667,0.65,0.8333333333333333,0.7333333333333334,0.7,0.8944459915161133,0.001618194580078125
0.1,27.8256,0.9,50,0.6900000000000001,0.05537749241945387,466,0.7333333333333334,0.65,0.7333333333333334,0.7333333333333334,0.6,0.882123613357544,0.0016605854034423828
0.1,100.0,0.1,5,0.6666666666666667,0.16158932858054428,498,0.8166666666666667,0.5666666666666667,0.8166666666666667,0.7333333333333334,0.4,0.2989654541015625,0.001531219482421875
0.1,100.0,0.1,10,0.73,0.13349989596333856,275,0.7333333333333334,0.5666666666666667,0.9166666666666667,0.8333333333333333,0.6000000000000001,0.2973439693450928,0.0015290260314941406
0.1,100.0,0.1,20,0.7466666666666667,0.0694422221866655,151,0.8166666666666667,0.65,0.8333333333333333,0.7333333333333334,0.7,0.29642467498779296,0.0015285015106201172
0.1,100.0,0.1,50,0.7066666666666668,0.07498147919467996,387,0.7333333333333334,0.65,0.7333333333333334,0.8166666666666667,0.6,0.30397896766662597,0.0015824794769287109
0.1,100.0,0.3,5,0.6666666666666667,0.16158932858054428,498,0.8166666666666667,0.5666666666666667,0.8166666666666667,0.7333333333333334,0.4,0.3190640449523926,0.0016057968139648437
0.1,100.0,0.3,10,0.73,0.13349989596333856,275,0.7333333333333334,0.5666666666666667,0.9166666666666667,0.8333333333333333,0.6000000000000001,0.3232891082763672,0.0015979290008544921
0.1,100.0,0.3,20,0.7300000000000001,0.05999999999999998,265,0.7333333333333334,0.65,0.8333333333333333,0.7333333333333334,0.7,0.3190140247344971,0.0016159534454345704
0.1,100.0,0.3,50,0.7066666666666668,0.07498147919467996,387,0.7333333333333334,0.65,0.7333333333333334,0.8166666666666667,0.6,0.31846137046813966,0.001612091064453125
0.1,100.0,0.5,5,0.6666666666666667,0.16158932858054428,498,0.8166666666666667,0.5666666666666667,0.8166666666666667,0.7333333333333334,0.4,0.34816651344299315,0.0016008377075195312
0.1,100.0,0.5,10,0.73,0.13349989596333856,275,0.7333333333333334,0.5666666666666667,0.9166666666666667,0.8333333333333333,0.6000000000000001,0.35086698532104493,0.001622915267944336
0.1,100.0,0.5,20,0.7466666666666667,0.0694422221866655,151,0.8166666666666667,0.65,0.8333333333333333,0.7333333333333334,0.7,0.34821147918701173,0.0016284942626953124
0.1,100.0,0.5,50,0.7066666666666668,0.07498147919467996,387,0.7333333333333334,0.65,0.7333333333333334,0.8166666666666667,0.6,0.34883804321289064,0.0017402172088623047
0.1,100.0,0.7,5,0.72,0.17042430708218953,339,0.9,0.75,0.8166666666666667,0.7333333333333334,0.4,0.39550166130065917,0.0015991687774658202
0.1,100.0,0.7,10,0.78,0.1071862346054235,50,0.8166666666666667,0.7333333333333334,0.9166666666666667,0.8333333333333333,0.6000000000000001,0.3888858795166016,0.0016086101531982422
0.1,100.0,0.7,20,0.7466666666666667,0.0694422221866655,151,0.8166666666666667,0.65,0.8333333333333333,0.7333333333333334,0.7,0.39280409812927247,0.0016794204711914062
0.1,100.0,0.7,50,0.7066666666666668,0.07498147919467996,387,0.7333333333333334,0.65,0.7333333333333334,0.8166666666666667,0.6,0.3908271312713623,0.001622486114501953
0.1,100.0,0.9,5,0.72,0.17042430708218953,339,0.9,0.75,0.8166666666666667,0.7333333333333334,0.4,0.4738950252532959,0.0016215324401855468
0.1,100.0,0.9,10,0.7633333333333334,0.08969082698049134,78,0.8166666666666667,0.7333333333333334,0.8333333333333333,0.8333333333333333,0.6000000000000001,0.4715773105621338,0.0016285896301269532
0.1,100.0,0.9,20,0.7066666666666667,0.12229290885229425,419,0.8166666666666667,0.65,0.8333333333333333,0.7333333333333334,0.5,0.4737077713012695,0.001613759994506836
0.1,100.0,0.9,50,0.7066666666666668,0.07498147919467996,387,0.7333333333333334,0.65,0.7333333333333334,0.8166666666666667,0.6,0.46390471458435056,0.0016286373138427734
0.2,0.001,0.1,5,0.5,0.06324555320336757,561,0.5,0.4,0.5,0.5,0.6,0.0033921718597412108,0.0014405250549316406
0.2,0.001,0.1,10,0.4633333333333334,0.15362291495737215,641,0.5,0.4,0.6333333333333333,0.5833333333333334,0.2,0.003275632858276367,0.0014243125915527344
0.2,0.001,0.1,20,0.31666666666666665,0.0760116950066092,769,0.4,0.3,0.4,0.2833333333333333,0.2,0.0032855510711669923,0.0014119148254394531
0.2,0.001,0.1,50,0.39333333333333337,0.15369522511198005,689,0.5666666666666667,0.16666666666666666,0.2833333333333333,0.55,0.4,0.003392314910888672,0.0014115333557128905
0.2,0.001,0.3,5,0.5,0.06324555320336757,561,0.5,0.4,0.5,0.5,0.6,0.0032652854919433595,0.001408529281616211
0.2,0.001,0.3,10,0.4633333333333334,0.15362291495737215,641,0.5,0.4,0.6333333333333333,0.5833333333333334,0.2,0.0032910823822021483,0.0014087200164794923
0.2,0.001,0.3,20,0.31666666666666665,0.0760116950066092,769,0.4,0.3,0.4,0.2833333333333333,0.2,0.003263998031616211,0.0014230728149414063
0.2,0.001,0.3,50,0.39333333333333337,0.15369522511198005,689,0.5666666666666667,0.16666666666666666,0.2833333333333333,0.55,0.4,0.0033854007720947265,0.0014044761657714844
0.2,0.001,0.5,5,0.5,0.06324555320336757,561,0.5,0.4,0.5,0.5,0.6,0.003241825103759766,0.0013946056365966796
0.2,0.001,0.5,10,0.4633333333333334,0.15362291495737215,641,0.5,0.4,0.6333333333333333,0.5833333333333334,0.2,0.0032686710357666014,0.0014003753662109376
0.2,0.001,0.5,20,0.31666666666666665,0.0760116950066092,769,0.4,0.3,0.4,0.2833333333333333,0.2,0.00324864387512207,0.0014044761657714844
0.2,0.001,0.5,50,0.39333333333333337,0.15369522511198005,689,0.5666666666666667,0.16666666666666666,0.2833333333333333,0.55,0.4,0.0032869815826416016,0.0014787673950195312
0.2,0.001,0.7,5,0.5,0.06324555320336757,561,0.5,0.4,0.5,0.5,0.6,0.0032701492309570312,0.0013933181762695312
0.2,0.001,0.7,10,0.4633333333333334,0.15362291495737215,641,0.5,0.4,0.6333333333333333,0.5833333333333334,0.2,0.0032527923583984377,0.0013995647430419921
0.2,0.001,0.7,20,0.31666666666666665,0.0760116950066092,769,0.4,0.3,0.4,0.2833333333333333,0.2,0.0032518863677978515,0.001407957077026367
0.2,0.001,0.7,50,0.39333333333333337,0.15369522511198005,689,0.5666666666666667,0.16666666666666666,0.2833333333333333,0.55,0.4,0.0033883571624755858,0.0014102935791015625
0.2,0.001,0.9,5,0.5,0.06324555320336757,561,0.5,0.4,0.5,0.5,0.6,0.0032860279083251954,0.001404714584350586
0.2,0.001,0.9,10,0.4633333333333334,0.15362291495737215,641,0.5,0.4,0.6333333333333333,0.5833333333333334,0.2,0.003253650665283203,0.0013883113861083984
0.2,0.001,0.9,20,0.31666666666666665,0.0760116950066092,769,0.4,0.3,0.4,0.2833333333333333,0.2,0.0033120155334472657,0.0013981342315673828
0.2,0.001,0.9,50,0.39333333333333337,0.15369522511198005,689,0.5666666666666667,0.16666666666666666,0.2833333333333333,0.55,0.4,0.0032985687255859377,0.0013942718505859375
0.2,0.00359381,0.1,5,0.5,0.06324555320336757,561,0.5,0.4,0.5,0.5,0.6,0.0036475658416748047,0.0013953208923339843
0.2,0.00359381,0.1,10,0.4633333333333334,0.15362291495737215,641,0.5,0.4,0.6333333333333333,0.5833333333333334,0.2,0.0036504268646240234,0.0014033794403076171
0.2,0.00359381,0.1,20,0.31666666666666665,0.0760116950066092,769,0.4,0.3,0.4,0.2833333333333333,0.2,0.0037249088287353515,0.0014084339141845702
0.2,0.00359381,0.1,50,0.39333333333333337,0.15369522511198005,689,0.5666666666666667,0.16666666666666666,0.2833333333333333,0.55,0.4,0.0037143707275390627,0.0014012813568115234
0.2,0.00359381,0.3,5,0.5,0.06324555320336757,561,0.5,0.4,0.5,0.5,0.6,0.003274059295654297,0.001392221450805664
0.2,0.00359381,0.3,10,0.4633333333333334,0.15362291495737215,641,0.5,0.4,0.6333333333333333,0.5833333333333334,0.2,0.003256702423095703,0.0013954639434814453
0.2,0.00359381,0.3,20,0.31666666666666665,0.0760116950066092,769,0.4,0.3,0.4,0.2833333333333333,0.2,0.0033265113830566405,0.001405048370361328
0.2,0.00359381,0.3,50,0.39333333333333337,0.15369522511198005,689,0.5666666666666667,0.16666666666666666,0.2833333333333333,0.55,0.4,0.003306674957275391,0.0014017581939697265
0.2,0.00359381,0.5,5,0.5,0.06324555320336757,561,0.5,0.4,0.5,0.5,0.6,0.0032458782196044924,0.0013992786407470703
0.2,0.00359381,0.5,10,0.4633333333333334,0.15362291495737215,641,0.5,0.4,0.6333333333333333,0.5833333333333334,0.2,0.0032480716705322265,0.0013999462127685547
0.2,0.00359381,0.5,20,0.31666666666666665,0.0760116950066092,769,0.4,0.3,0.4,0.2833333333333333,0.2,0.0033143997192382813,0.0013998031616210937
0.2,0.00359381,0.5,50,0.39333333333333337,0.15369522511198005,689,0.5666666666666667,0.16666666666666666,0.2833333333333333,0.55,0.4,0.0033426761627197267,0.001403474807739258
0.2,0.00359381,0.7,5,0.5,0.06324555320336757,561,0.5,0.4,0.5,0.5,0.6,0.003221464157104492,0.0014005184173583984
0.2,0.00359381,0.7,10,0.4633333333333334,0.15362291495737215,641,0.5,0.4,0.6333333333333333,0.5833333333333334,0.2,0.0032267093658447264,0.0014706134796142578
0.2,0.00359381,0.7,20,0.31666666666666665,0.0760116950066092,769,0.4,0.3,0.4,0.2833333333333333,0.2,0.0032664775848388673,0.0013833045959472656
0.2,0.00359381,0.7,50,0.39333333333333337,0.15369522511198005,689,0.5666666666666667,0.16666666666666666,0.2833333333333333,0.55,0.4,0.0033039093017578126,0.0014218807220458985
0.2,0.00359381,0.9,5,0.5,0.06324555320336757,561,0.5,0.4,0.5,0.5,0.6,0.003238010406494141,0.001394939422607422
0.2,0.00359381,0.9,10,0.4633333333333334,0.15362291495737215,641,0.5,0.4,0.6333333333333333,0.5833333333333334,0.2,0.003306674957275391,0.0013853073120117187
0.2,0.00359381,0.9,20,0.31666666666666665,0.0760116950066092,769,0.4,0.3,0.4,0.2833333333333333,0.2,0.003254604339599609,0.0014011859893798828
0.2,0.00359381,0.9,50,0.39333333333333337,0.15369522511198005,689,0.5666666666666667,0.16666666666666666,0.2833333333333333,0.55,0.4,0.0033174991607666016,0.0014117240905761718
0.2,0.0129155,0.1,5,0.6433333333333333,0.0873053390247253,534,0.6166666666666667,0.75,0.7166666666666667,0.6333333333333333,0.5,0.01177825927734375,0.0014796733856201171
0.2,0.0129155,0.1,10,0.8133333333333332,0.06944222218666556,7,0.8,0.9166666666666667,0.8166666666666667,0.8333333333333333,0.7,0.011767959594726563,0.0014879703521728516
0.2,0.0129155,0.1,20,0.7699999999999999,0.1634353422950835,71,0.8,1.0,0.7166666666666667,0.8333333333333333,0.5,0.011830425262451172,0.0014994621276855468
0.2,0.0129155,0.1,50,0.7333333333333334,0.1206464071390257,263,0.8,0.8166666666666667,0.7333333333333334,0.8166666666666667,0.5,0.011957979202270508,0.0015164852142333985
0.2,0.0129155,0.3,5,0.5,0.06324555320336757,561,0.5,0.4,0.5,0.5,0.6,0.004172754287719726,0.0014489650726318359
0.2,0.0129155,0.3,10,0.4633333333333334,0.15362291495737215,641,0.5,0.4,0.6333333333333333,0.5833333333333334,0.2,0.0041199207305908205,0.0014424324035644531
0.2,0.0129155,0.3,20,0.31666666666666665,0.0760116950066092,769,0.4,0.3,0.4,0.2833333333333333,0.2,0.004176616668701172,0.0014393329620361328
0.2,0.0129155,0.3,50,0.39333333333333337,0.15369522511198005,689,0.5666666666666667,0.16666666666666666,0.2833333333333333,0.55,0.4,0.0041621685028076175,0.0014210224151611328
0.2,0.0129155,0.5,5,0.5,0.06324555320336757,561,0.5,0.4,0.5,0.5,0.6,0.0033294677734375,0.001406097412109375
0.2,0.0129155,0.5,10,0.4633333333333334,0.15362291495737215,641,0.5,0.4,0.6333333333333333,0.5833333333333334,0.2,0.0033451080322265624,0.0014719963073730469
0.2,0.0129155,0.5,20,0.31666666666666665,0.0760116950066092,769,0.4,0.3,0.4,0.2833333333333333,0.2,0.0033582210540771484,0.001405477523803711
0.2,0.0129155,0.5,50,0.39333333333333337,0.15369522511198005,689,0.5666666666666667,0.16666666666666666,0.2833333333333333,0.55,0.4,0.0034208297729492188,0.0014108180999755859
0.2,0.0129155,0.7,5,0.5,0.06324555320336757,561,0.5,0.4,0.5,0.5,0.6,0.0032808780670166016,0.0014126300811767578
0.2,0.0129155,0.7,10,0.4633333333333334,0.15362291495737215,641,0.5,0.4,0.6333333333333333,0.5833333333333334,0.2,0.00328369140625,0.0014980316162109375
0.2,0.0129155,0.7,20,0.31666666666666665,0.0760116950066092,769,0.4,0.3,0.4,0.2833333333333333,0.2,0.003305530548095703,0.0014267921447753905
0.2,0.0129155,0.7,50,0.39333333333333337,0.15369522511198005,689,0.5666666666666667,0.16666666666666666,0.2833333333333333,0.55,0.4,0.003351783752441406,0.001405954360961914
0.2,0.0129155,0.9,5,0.5,0.06324555320336757,561,0.5,0.4,0.5,0.5,0.6,0.003262901306152344,0.0014055728912353515
0.2,0.0129155,0.9,10,0.4633333333333334,0.15362291495737215,641,0.5,0.4,0.6333333333333333,0.5833333333333334,0.2,0.0033138275146484377,0.001399993896484375
0.2,0.0129155,0.9,20,0.31666666666666665,0.0760116950066092,769,0.4,0.3,0.4,0.2833333333333333,0.2,0.003253459930419922,0.0014015674591064454
0.2,0.0129155,0.9,50,0.39333333333333337,0.15369522511198005,689,0.5666666666666667,0.16666666666666666,0.2833333333333333,0.55,0.4,0.003322887420654297,0.0013852119445800781
0.2,0.0464159,0.1,5,0.76,0.12587471725666138,92,1.0,0.75,0.7166666666666667,0.6333333333333333,0.7,0.022963666915893556,0.0015737056732177735
0.2,0.0464159,0.1,10,0.7166666666666667,0.11642832797715319,362,0.8,0.8333333333333333,0.7166666666666667,0.7333333333333334,0.5,0.023084592819213868,0.0015715599060058595
0.2,0.0464159,0.1,20,0.7033333333333334,0.07774602526460399,434,0.6333333333333333,0.7333333333333334,0.8166666666666667,0.7333333333333334,0.6000000000000001,0.023021841049194337,0.0015746116638183593
0.2,0.0464159,0.1,50,0.7933333333333334,0.11671427600007733,40,0.7333333333333334,0.9,0.8166666666666667,0.9166666666666667,0.6,0.023365020751953125,0.0016011238098144532
0.2,0.0464159,0.3,5,0.7633333333333333,0.04642796092394705,83,0.7166666666666667,0.75,0.7166666666666667,0.8333333333333333,0.8,0.02306513786315918,0.0015656471252441407
0.2,0.0464159,0.3,10,0.7399999999999999,0.12762793146051096,238,0.7166666666666667,0.8333333333333333,0.8166666666666667,0.8333333333333333,0.5,0.02311110496520996,0.0015994548797607423
0.2,0.0464159,0.3,20,0.7933333333333333,0.11382247385975916,43,0.7166666666666667,1.0,0.7166666666666667,0.8333333333333333,0.7,0.023106956481933595,0.0016103267669677734
0.2,0.0464159,0.3,50,0.7366666666666666,0.07986099033807288,258,0.7166666666666667,0.8166666666666667,0.7333333333333334,0.8166666666666667,0.6000000000000001,0.023296308517456055,0.0015549182891845704
0.2,0.0464159,0.5,5,0.5466666666666666,0.07702813338860895,542,0.45,0.5666666666666667,0.65,0.4666666666666667,0.6,0.014275550842285156,0.0015714168548583984
0.2,0.0464159,0.5,10,0.6566666666666667,0.10677078252031309,529,0.55,0.8166666666666667,0.75,0.5666666666666667,0.6000000000000001,0.014394140243530274,0.0016040325164794922
0.2,0.0464159,0.5,20,0.6566666666666666,0.04422166387140536,530,0.6333333333333333,0.7333333333333334,0.6666666666666666,0.65,0.6,0.014331865310668945,0.001616668701171875
0.2,0.0464159,0.5,50,0.6633333333333333,0.1488474237451074,519,0.5333333333333333,0.9166666666666667,0.65,0.7166666666666667,0.5,0.014422464370727538,0.0016027450561523437
0.2,0.0464159,0.7,5,0.5,0.06324555320336757,561,0.5,0.4,0.5,0.5,0.6,0.004172086715698242,0.001433086395263672
0.2,0.0464159,0.7,10,0.4633333333333334,0.15362291495737215,641,0.5,0.4,0.6333333333333333,0.5833333333333334,0.2,0.00413203239440918,0.0014236927032470702
0.2,0.0464159,0.7,20,0.31666666666666665,0.0760116950066092,769,0.4,0.3,0.4,0.2833333333333333,0.2,0.004118013381958008,0.001406717300415039
0.2,0.0464159,0.7,50,0.39333333333333337,0.15369522511198005,689,0.5666666666666667,0.16666666666666666,0.2833333333333333,0.55,0.4,0.0042342662811279295,0.0014081001281738281
0.2,0.0464159,0.9,5,0.5,0.06324555320336757,561,0.5,0.4,0.5,0.5,0.6,0.004059314727783203,0.001411581039428711
0.2,0.0464159,0.9,10,0.4633333333333334,0.15362291495737215,641,0.5,0.4,0.6333333333333333,0.5833333333333334,0.2,0.004083871841430664,0.0014187812805175782
0.2,0.0464159,0.9,20,0.31666666666666665,0.0760116950066092,769,0.4,0.3,0.4,0.2833333333333333,0.2,0.0041542530059814455,0.001416921615600586
0.2,0.0464159,0.9,50,0.39333333333333337,0.15369522511198005,689,0.5666666666666667,0.16666666666666666,0.2833333333333333,0.55,0.4,0.004147243499755859,0.0014254093170166016
0.2,0.16681,0.1,5,0.76,0.11479450238481706,92,0.9,0.65,0.8166666666666667,0.8333333333333333,0.6000000000000001,0.05301942825317383,0.0016037464141845704
0.2,0.16681,0.1,10,0.7633333333333333,0.05312459150169741,83,0.8166666666666667,0.75,0.7166666666666667,0.8333333333333333,0.7,0.05307259559631348,0.0015961170196533204
0.2,0.16681,0.1,20,0.7066666666666667,0.11035296904831232,419,0.7333333333333334,0.8333333333333333,0.7333333333333334,0.7333333333333334,0.5,0.05307626724243164,0.0016115665435791015
0.2,0.16681,0.1,50,0.7266666666666668,0.013333333333333374,285,0.7333333333333334,0.7333333333333334,0.7333333333333334,0.7333333333333334,0.7,0.05315642356872559,0.001600503921508789
0.2,0.16681,0.3,5,0.7766666666666667,0.12138094304022082,59,1.0,0.65,0.7166666666666667,0.7166666666666667,0.8,0.056786394119262694,0.0015899658203125
0.2,0.16681,0.3,10,0.7000000000000001,0.0505525029603437,455,0.7166666666666667,0.7333333333333334,0.7333333333333334,0.7166666666666667,0.6,0.05645589828491211,0.001588296890258789
0.2,0.16681,0.3,20,0.72,0.0694422221866655,339,0.7166666666666667,0.7333333333333334,0.8166666666666667,0.7333333333333334,0.6000000000000001,0.05650815963745117,0.0016131877899169921
0.2,0.16681,0.3,50,0.6633333333333333,0.14391355429948602,519,0.6333333333333333,0.8166666666666667,0.7333333333333334,0.7333333333333334,0.4,0.056487751007080075,0.0016006946563720704
0.2,0.16681,0.5,5,0.8,0.1140175425099138,13,1.0,0.6666666666666666,0.7166666666666667,0.8166666666666667,0.8,0.058184051513671876,0.0015870094299316405
0.2,0.16681,0.5,10,0.7533333333333334,0.08653836657164775,141,0.8,0.8333333333333333,0.7166666666666667,0.8166666666666667,0.6000000000000001,0.058222293853759766,0.0016027927398681641
0.2,0.16681,0.5,20,0.7366666666666667,0.04136557881996952,241,0.7166666666666667,0.7333333333333334,0.8166666666666667,0.7166666666666667,0.7,0.05815696716308594,0.0015942573547363282
0.2,0.16681,0.5,50,0.7033333333333334,0.06446359868604572,434,0.7166666666666667,0.8166666666666667,0.65,0.6333333333333333,0.7,0.05878901481628418,0.0016045570373535156
0.2,0.16681,0.7,5,0.7966666666666666,0.0627162924074226,30,0.8,0.75,0.7166666666666667,0.8166666666666667,0.9,0.05181941986083984,0.0015828132629394532
0.2,0.16681,0.7,10,0.7733333333333333,0.08730533902472525,65,0.8,0.8333333333333333,0.8166666666666667,0.8166666666666667,0.6000000000000001,0.0519467830657959,0.0016002178192138672
0.2,0.16681,0.7,20,0.7766666666666666,0.0563717817509592,60,0.7166666666666667,0.8333333333333333,0.8166666666666667,0.8166666666666667,0.7,0.05216770172119141,0.0016016006469726563
0.2,0.16681,0.7,50,0.72,0.05906681715556451,339,0.7166666666666667,0.8166666666666667,0.7333333333333334,0.6333333333333333,0.7,0.051799345016479495,0.0015973091125488282
0.2,0.16681,0.9,5,0.8,0.03651483716701103,13,0.8,0.8333333333333333,0.7333333333333334,0.8333333333333333,0.8,0.05584120750427246,0.0015620708465576172
0.2,0.16681,0.9,10,0.7966666666666666,0.049888765156985884,30,0.8,0.8333333333333333,0.8166666666666667,0.8333333333333333,0.7,0.055976247787475585,0.0015769004821777344
0.2,0.16681,0.9,20,0.74,0.07999999999999996,227,0.8,0.7333333333333334,0.7333333333333334,0.8333333333333333,0.6000000000000001,0.05593576431274414,0.0015854835510253906
0.2,0.16681,0.9,50,0.7733333333333334,0.0402768199119819,64,0.8,0.8166666666666667,0.7333333333333334,0.7166666666666667,0.8,0.056588172912597656,0.0015451908111572266
0.2,0.599484,0.1,5,0.7633333333333334,0.11175369742826805,78,0.9,0.6666666666666666,0.8166666666666667,0.8333333333333333,0.6000000000000001,0.12003602981567382,0.0016067981719970702
0.2,0.599484,0.1,10,0.7066666666666667,0.12229290885229425,419,0.8166666666666667,0.65,0.7333333333333334,0.8333333333333333,0.5,0.11664338111877441,0.0015442848205566406
0.2,0.599484,0.1,20,0.7266666666666668,0.05436502143433364,285,0.8166666666666667,0.65,0.7333333333333334,0.7333333333333334,0.7,0.11792192459106446,0.0015418529510498047
0.2,0.599484,0.1,50,0.7233333333333334,0.069602043392737,316,0.7333333333333334,0.8166666666666667,0.7333333333333334,0.7333333333333334,0.6,0.11620831489562988,0.0015460014343261718
0.2,0.599484,0.3,5,0.76,0.1284955684493092,92,0.9,0.65,0.7333333333333334,0.9166666666666667,0.6000000000000001,0.14211087226867675,0.0015119552612304688
0.2,0.599484,0.3,10,0.76,0.09921917377424809,92,0.9,0.75,0.7333333333333334,0.8166666666666667,0.6000000000000001,0.14210615158081055,0.001531839370727539
0.2,0.599484,0.3,20,0.7033333333333334,0.03711842908553351,434,0.7166666666666667,0.7333333333333334,0.6333333333333333,0.7333333333333334,0.7,0.1423424243927002,0.0015416622161865234
0.2,0.599484,0.3,50,0.7233333333333334,0.069602043392737,316,0.7333333333333334,0.8166666666666667,0.7333333333333334,0.7333333333333334,0.6,0.14348573684692384,0.0015427112579345704
0.2,0.599484,0.5,5,0.8,0.10055402085998905,13,0.9,0.65,0.7333333333333334,0.9166666666666667,0.8,0.152640962600708,0.0015354633331298828
0.2,0.599484,0.5,10,0.74,0.09580071908799945,227,0.9,0.75,0.7333333333333334,0.7166666666666667,0.6,0.15820388793945311,0.00157470703125
0.2,0.599484,0.5,20,0.7400000000000001,0.10143416036468626,224,0.7166666666666667,0.7333333333333334,0.7333333333333334,0.9166666666666667,0.6000000000000001,0.15742406845092774,0.0016140937805175781
0.2,0.599484,0.5,50,0.7366666666666667,0.09568466729604884,241,0.7166666666666667,0.9,0.7333333333333334,0.7333333333333334,0.6,0.15748991966247558,0.0016092777252197266
0.2,0.599484,0.7,5,0.7366666666666667,0.10295630140987,241,0.9,0.65,0.7166666666666667,0.6166666666666667,0.8,0.16363868713378907,0.0016150474548339844
0.2,0.599484,0.7,10,0.76,0.07195677714974301,92,0.9,0.75,0.7333333333333334,0.7166666666666667,0.7,0.16346430778503418,0.0016100406646728516
0.2,0.599484,0.7,20,0.8000000000000002,0.08881941729649487,11,0.7166666666666667,0.7333333333333334,0.7333333333333334,0.9166666666666667,0.9,0.16439504623413087,0.0016422271728515625
0.2,0.599484,0.7,50,0.7,0.1183215956619923,458,0.7166666666666667,0.8166666666666667,0.65,0.8166666666666667,0.5,0.16249189376831055,0.001606130599975586
0.2,0.599484,0.9,5,0.7366666666666667,0.10295630140987,241,0.9,0.65,0.7166666666666667,0.6166666666666667,0.8,0.17317557334899902,0.0016140937805175781
0.2,0.599484,0.9,10,0.7833333333333334,0.07673909622147562,46,0.9166666666666667,0.75,0.7333333333333334,0.8166666666666667,0.7,0.17457976341247558,0.0016910552978515625
0.2,0.599484,0.9,20,0.72,0.06944222218666554,339,0.7166666666666667,0.7333333333333334,0.7333333333333334,0.8166666666666667,0.6,0.17357177734375,0.001624917984008789
0.2,0.599484,0.9,50,0.7566666666666666,0.08981462390204988,137,0.7166666666666667,0.9,0.65,0.8166666666666667,0.7,0.1732797145843506,0.0016233444213867188
0.2,2.15443,0.1,5,0.7433333333333334,0.10624918300339484,188,0.9,0.6666666666666666,0.8166666666666667,0.7333333333333334,0.6000000000000001,0.23378052711486816,0.0016062736511230468
0.2,2.15443,0.1,10,0.7266666666666666,0.1327487183449325,314,0.8166666666666667,0.65,0.8333333333333333,0.8333333333333333,0.5,0.23571333885192872,0.0016005992889404296
0.2,2.15443,0.1,20,0.7466666666666667,0.0694422221866655,151,0.8166666666666667,0.65,0.8333333333333333,0.7333333333333334,0.7,0.2339850902557373,0.0015889644622802735
0.2,2.15443,0.1,50,0.7266666666666668,0.013333333333333374,285,0.7333333333333334,0.7333333333333334,0.7333333333333334,0.7333333333333334,0.7,0.234078311920166,0.001620912551879883
0.2,2.15443,0.3,5,0.7433333333333333,0.1113552872566004,217,0.9,0.65,0.7333333333333334,0.8333333333333333,0.6000000000000001,0.3221278190612793,0.0016226768493652344
0.2,2.15443,0.3,10,0.72,0.13800161029656302,339,0.9,0.65,0.7333333333333334,0.8166666666666667,0.5,0.32170581817626953,0.0016102313995361329
0.2,2.15443,0.3,20,0.6833333333333333,0.14757295747452437,479,0.7166666666666667,0.7333333333333334,0.8333333333333333,0.7333333333333334,0.4,0.3199450492858887,0.001630401611328125
0.2,2.15443,0.3,50,0.6900000000000001,0.05537749241945387,466,0.7333333333333334,0.65,0.7333333333333334,0.7333333333333334,0.6,0.3198613166809082,0.0016152381896972657
0.2,2.15443,0.5,5,0.8,0.10055402085998905,13,0.9,0.65,0.7333333333333334,0.9166666666666667,0.8,0.37488255500793455,0.0015949726104736329
0.2,2.15443,0.5,10,0.74,0.10883218478209669,227,0.9,0.65,0.7333333333333334,0.8166666666666667,0.6000000000000001,0.37171177864074706,0.001615762710571289
0.2,2.15443,0.5,20,0.6799999999999999,0.14429907214608909,486,0.7166666666666667,0.7333333333333334,0.7333333333333334,0.8166666666666667,0.4,0.37218360900878905,0.0016829967498779297
0.2,2.15443,0.5,50,0.6666666666666667,0.08881941729649488,498,0.7166666666666667,0.65,0.7333333333333334,0.7333333333333334,0.5,0.3746495246887207,0.0017282962799072266
0.2,2.15443,0.7,5,0.76,0.08472176684759222,92,0.9,0.65,0.7333333333333334,0.7166666666666667,0.8,0.38033366203308105,0.0016093730926513671
0.2,2.15443,0.7,10,0.7233333333333334,0.08730533902472526,316,0.8166666666666667,0.65,0.7333333333333334,0.8166666666666667,0.6000000000000001,0.3795001983642578,0.0016068458557128907
0.2,2.15443,0.7,20,0.7033333333333334,0.07408703590297623,434,0.7166666666666667,0.65,0.7333333333333334,0.8166666666666667,0.6,0.3794406414031982,0.0016071319580078125
0.2,2.15443,0.7,50,0.74,0.040276819911981905,227,0.7166666666666667,0.8166666666666667,0.7333333333333334,0.7333333333333334,0.7,0.38182220458984373,0.001617288589477539
0.2,2.15443,0.9,5,0.76,0.08472176684759222,92,0.9,0.65,0.7333333333333334,0.7166666666666667,0.8,0.4138247013092041,0.0016024589538574218
0.2,2.15443,0.9,10,0.7066666666666668,0.07195677714974302,387,0.7166666666666667,0.6666666666666666,0.7333333333333334,0.8166666666666667,0.6,0.4168142318725586,0.0015934467315673827
0.2,2.15443,0.9,20,0.7233333333333334,0.10780641085864155,316,0.7166666666666667,0.65,0.7333333333333334,0.9166666666666667,0.6,0.4124754905700684,0.00155792236328125
0.2,2.15443,0.9,50,0.7,0.10593499054713802,458,0.7166666666666667,0.8166666666666667,0.7333333333333334,0.7333333333333334,0.5,0.3998898983001709,0.001540994644165039
0.2,7.74264,0.1,5,0.7033333333333334,0.17074997966487596,434,0.9,0.6666666666666666,0.8166666666666667,0.7333333333333334,0.4,0.2776473522186279,0.0015430450439453125
0.2,7.74264,0.1,10,0.7466666666666666,0.10077477638553976,177,0.8166666666666667,0.65,0.8333333333333333,0.8333333333333333,0.6000000000000001,0.2805891513824463,0.0015655517578125
0.2,7.74264,0.1,20,0.7066666666666667,0.12229290885229425,419,0.8166666666666667,0.65,0.8333333333333333,0.7333333333333334,0.5,0.28571481704711915,0.0016066551208496094
0.2,7.74264,0.1,50,0.7066666666666668,0.07498147919467996,387,0.7333333333333334,0.65,0.7333333333333334,0.8166666666666667,0.6,0.2881126880645752,0.0016232013702392578
0.2,7.74264,0.3,5,0.7433333333333334,0.10624918300339484,188,0.9,0.6666666666666666,0.8166666666666667,0.7333333333333334,0.6000000000000001,0.49457392692565916,0.001602029800415039
0.2,7.74264,0.3,10,0.7466666666666667,0.0694422221866655,151,0.8166666666666667,0.65,0.8333333333333333,0.7333333333333334,0.7,0.4975726127624512,0.0016079425811767578
0.2,7.74264,0.3,20,0.7666666666666666,0.06749485577105527,72,0.8166666666666667,0.65,0.8333333333333333,0.7333333333333334,0.8,0.4945223808288574,0.0015934944152832032
0.2,7.74264,0.3,50,0.7266666666666667,0.07423685817106696,304,0.8333333333333333,0.7333333333333334,0.7333333333333334,0.7333333333333334,0.6,0.49402055740356443,0.001607370376586914
0.2,7.74264,0.5,5,0.7233333333333334,0.10198039027185568,316,0.9,0.65,0.7333333333333334,0.7333333333333334,0.6000000000000001,0.6120177268981933,0.001600790023803711
0.2,7.74264,0.5,10,0.7033333333333334,0.13012814197295425,434,0.9,0.65,0.7333333333333334,0.7333333333333334,0.5,0.6119754314422607,0.001601266860961914
0.2,7.74264,0.5,20,0.6666666666666667,0.1456784892227477,498,0.7166666666666667,0.65,0.8333333333333333,0.7333333333333334,0.4,0.6160179615020752,0.0016129970550537109
0.2,7.74264,0.5,50,0.7066666666666668,0.05333333333333332,387,0.7333333333333334,0.7333333333333334,0.7333333333333334,0.7333333333333334,0.6000000000000001,0.6111766338348389,0.001602029800415039
0.2,7.74264,0.7,5,0.76,0.1284955684493092,92,0.9,0.65,0.7333333333333334,0.9166666666666667,0.6000000000000001,0.6884655952453613,0.0015968799591064454
0.2,7.74264,0.7,10,0.72,0.13800161029656302,339,0.9,0.65,0.7333333333333334,0.8166666666666667,0.5,0.6928054332733155,0.0016080856323242188
0.2,7.74264,0.7,20,0.6466666666666667,0.12710450643291746,531,0.7166666666666667,0.65,0.7333333333333334,0.7333333333333334,0.4,0.689144515991211,0.001612234115600586
0.2,7.74264,0.7,50,0.6866666666666668,0.05312459150169745,473,0.7166666666666667,0.65,0.7333333333333334,0.7333333333333334,0.6,0.6897006034851074,0.001615142822265625
0.2,7.74264,0.9,5,0.8,0.10055402085998905,13,0.9,0.65,0.7333333333333334,0.9166666666666667,0.8,0.7329368114471435,0.0016364574432373047
0.2,7.74264,0.9,10,0.74,0.10883218478209669,227,0.9,0.65,0.7333333333333334,0.8166666666666667,0.6000000000000001,0.7395191669464112,0.001542949676513672
0.2,7.74264,0.9,20,0.6633333333333333,0.0865383665716478,519,0.7166666666666667,0.65,0.7333333333333334,0.7166666666666667,0.5,0.7598735809326171,0.0016143321990966797
0.2,7.74264,0.9,50,0.7,0.0767390962214756,458,0.7166666666666667,0.8166666666666667,0.7333333333333334,0.6333333333333333,0.6,0.7642422199249268,0.0016051292419433593
0.2,27.8256,0.1,5,0.6666666666666667,0.16158932858054428,498,0.8166666666666667,0.5666666666666667,0.8166666666666667,0.7333333333333334,0.4,0.263425874710083,0.0015936851501464843
0.2,27.8256,0.1,10,0.73,0.13349989596333856,275,0.7333333333333334,0.5666666666666667,0.9166666666666667,0.8333333333333333,0.6000000000000001,0.2621561050415039,0.001593303680419922
0.2,27.8256,0.1,20,0.7300000000000001,0.05999999999999998,265,0.7333333333333334,0.65,0.8333333333333333,0.7333333333333334,0.7,0.26358761787414553,0.0015988826751708984
0.2,27.8256,0.1,50,0.7066666666666668,0.07498147919467996,387,0.7333333333333334,0.65,0.7333333333333334,0.8166666666666667,0.6,0.263245964050293,0.0015994071960449218
0.2,27.8256,0.3,5,0.7033333333333334,0.17074997966487596,434,0.9,0.6666666666666666,0.8166666666666667,0.7333333333333334,0.4,0.4172339916229248,0.001606321334838867
0.2,27.8256,0.3,10,0.7466666666666666,0.10077477638553976,177,0.8166666666666667,0.65,0.8333333333333333,0.8333333333333333,0.6000000000000001,0.4149580955505371,0.0016069412231445312
0.2,27.8256,0.3,20,0.7066666666666667,0.12229290885229425,419,0.8166666666666667,0.65,0.8333333333333333,0.7333333333333334,0.5,0.4159682273864746,0.001615285873413086
0.2,27.8256,0.3,50,0.7066666666666668,0.07498147919467996,387,0.7333333333333334,0.65,0.7333333333333334,0.8166666666666667,0.6,0.41504926681518556,0.0016060829162597655
0.2,27.8256,0.5,5,0.7433333333333334,0.10624918300339484,188,0.9,0.6666666666666666,0.8166666666666667,0.7333333333333334,0.6000000000000001,0.6212042808532715,0.0016024589538574218
0.2,27.8256,0.5,10,0.7266666666666666,0.1327487183449325,314,0.8166666666666667,0.65,0.8333333333333333,0.8333333333333333,0.5,0.6213782787322998,0.0016188621520996094
0.2,27.8256,0.5,20,0.7100000000000001,0.07999999999999999,373,0.7333333333333334,0.65,0.8333333333333333,0.7333333333333334,0.6,0.6295621395111084,0.0016397476196289063
0.2,27.8256,0.5,50,0.6900000000000001,0.05537749241945387,466,0.7333333333333334,0.65,0.7333333333333334,0.7333333333333334,0.6,0.6240990161895752,0.0016171455383300782
0.2,27.8256,0.7,5,0.7266666666666667,0.09977753031397177,304,0.9,0.6666666666666666,0.7333333333333334,0.7333333333333334,0.6000000000000001,0.7364275932312012,0.0016016006469726563
0.2,27.8256,0.7,10,0.7266666666666668,0.05436502143433364,285,0.8166666666666667,0.65,0.7333333333333334,0.7333333333333334,0.7,0.7272718906402588,0.0015427112579345704
0.2,27.8256,0.7,20,0.7666666666666666,0.06749485577105527,72,0.8166666666666667,0.65,0.8333333333333333,0.7333333333333334,0.8,0.7339002609252929,0.001588916778564453
0.2,27.8256,0.7,50,0.75,0.06324555320336757,148,0.8333333333333333,0.65,0.7333333333333334,0.7333333333333334,0.8,0.7478836059570313,0.0016322612762451171
0.2,27.8256,0.9,5,0.7266666666666667,0.09977753031397177,304,0.9,0.6666666666666666,0.7333333333333334,0.7333333333333334,0.6000000000000001,0.88815336227417,0.0016051769256591798
0.2,27.8256,0.9,10,0.7433333333333334,0.08406346808612329,188,0.9,0.65,0.7333333333333334,0.7333333333333334,0.7,0.8988522052764892,0.0017499923706054688
0.2,27.8256,0.9,20,0.7266666666666668,0.060184900284225934,285,0.7166666666666667,0.65,0.8333333333333333,0.7333333333333334,0.7,0.8958139419555664,0.0016089916229248048
0.2,27.8256,0.9,50,0.6900000000000001,0.05537749241945387,466,0.7333333333333334,0.65,0.7333333333333334,0.7333333333333334,0.6,0.8939160823822021,0.0016095638275146484
0.2,100.0,0.1,5,0.6666666666666667,0.16158932858054428,498,0.8166666666666667,0.5666666666666667,0.8166666666666667,0.7333333333333334,0.4,0.3078493118286133,0.0016162872314453125
0.2,100.0,0.1,10,0.73,0.13349989596333856,275,0.7333333333333334,0.5666666666666667,0.9166666666666667,0.8333333333333333,0.6000000000000001,0.3073206901550293,0.0016767501831054688
0.2,100.0,0.1,20,0.7466666666666667,0.0694422221866655,151,0.8166666666666667,0.65,0.8333333333333333,0.7333333333333334,0.7,0.308379602432251,0.001616668701171875
0.2,100.0,0.1,50,0.7066666666666668,0.07498147919467996,387,0.7333333333333334,0.65,0.7333333333333334,0.8166666666666667,0.6,0.3081120491027832,0.0016280651092529298
0.2,100.0,0.3,5,0.6666666666666667,0.16158932858054428,498,0.8166666666666667,0.5666666666666667,0.8166666666666667,0.7333333333333334,0.4,0.3195323467254639,0.0016009807586669922
0.2,100.0,0.3,10,0.73,0.13349989596333856,275,0.7333333333333334,0.5666666666666667,0.9166666666666667,0.8333333333333333,0.6000000000000001,0.32042508125305175,0.0015978813171386719
0.2,100.0,0.3,20,0.7300000000000001,0.05999999999999998,265,0.7333333333333334,0.65,0.8333333333333333,0.7333333333333334,0.7,0.32033452987670896,0.001608419418334961
0.2,100.0,0.3,50,0.7066666666666668,0.07498147919467996,387,0.7333333333333334,0.65,0.7333333333333334,0.8166666666666667,0.6,0.31870412826538086,0.0016052722930908203
0.2,100.0,0.5,5,0.6666666666666667,0.16158932858054428,498,0.8166666666666667,0.5666666666666667,0.8166666666666667,0.7333333333333334,0.4,0.3485407829284668,0.0016216278076171876
0.2,100.0,0.5,10,0.73,0.13349989596333856,275,0.7333333333333334,0.5666666666666667,0.9166666666666667,0.8333333333333333,0.6000000000000001,0.34721941947937013,0.001592540740966797
0.2,100.0,0.5,20,0.7466666666666667,0.0694422221866655,151,0.8166666666666667,0.65,0.8333333333333333,0.7333333333333334,0.7,0.3397789478302002,0.0015614032745361328
0.2,100.0,0.5,50,0.7066666666666668,0.07498147919467996,387,0.7333333333333334,0.65,0.7333333333333334,0.8166666666666667,0.6,0.3352168560028076,0.0014472484588623046
0.2,100.0,0.7,5,0.7033333333333334,0.17074997966487596,434,0.9,0.6666666666666666,0.8166666666666667,0.7333333333333334,0.4,0.3769114017486572,0.0014158248901367187
0.2,100.0,0.7,10,0.7466666666666666,0.10077477638553976,177,0.8166666666666667,0.65,0.8333333333333333,0.8333333333333333,0.6000000000000001,0.3746907711029053,0.0014464378356933594
0.2,100.0,0.7,20,0.7466666666666667,0.0694422221866655,151,0.8166666666666667,0.65,0.8333333333333333,0.7333333333333334,0.7,0.3758070945739746,0.001539754867553711
0.2,100.0,0.7,50,0.7066666666666668,0.07498147919467996,387,0.7333333333333334,0.65,0.7333333333333334,0.8166666666666667,0.6,0.3762503147125244,0.0015380382537841797
0.2,100.0,0.9,5,0.7033333333333334,0.17074997966487596,434,0.9,0.6666666666666666,0.8166666666666667,0.7333333333333334,0.4,0.46078195571899416,0.0015794754028320313
0.2,100.0,0.9,10,0.7466666666666666,0.10077477638553976,177,0.8166666666666667,0.65,0.8333333333333333,0.8333333333333333,0.6000000000000001,0.4610466957092285,0.001610565185546875
0.2,100.0,0.9,20,0.7066666666666667,0.12229290885229425,419,0.8166666666666667,0.65,0.8333333333333333,0.7333333333333334,0.5,0.4616584777832031,0.0015989780426025391
0.2,100.0,0.9,50,0.7066666666666668,0.07498147919467996,387,0.7333333333333334,0.65,0.7333333333333334,0.8166666666666667,0.6,0.46114840507507326,0.0016155719757080078
0.5,0.001,0.1,5,0.5,0.0,561,0.5,0.5,0.5,0.5,0.5,0.003310537338256836,0.001392364501953125
0.5,0.001,0.1,10,0.5,0.0,561,0.5,0.5,0.5,0.5,0.5,0.0032152652740478514,0.0013944149017333985
0.5,0.001,0.1,20,0.5,0.0,561,0.5,0.5,0.5,0.5,0.5,0.0032569408416748048,0.0013950347900390625
0.5,0.001,0.1,50,0.5066666666666666,0.06548960901462833,545,0.5666666666666667,0.4,0.48333333333333334,0.5833333333333334,0.5,0.0033579349517822267,0.001399087905883789
0.5,0.001,0.3,5,0.5,0.0,561,0.5,0.5,0.5,0.5,0.5,0.0032175064086914064,0.001402902603149414
0.5,0.001,0.3,10,0.5,0.0,561,0.5,0.5,0.5,0.5,0.5,0.003231191635131836,0.001386260986328125
0.5,0.001,0.3,20,0.5,0.0,561,0.5,0.5,0.5,0.5,0.5,0.0032619476318359376,0.0013964176177978516
0.5,0.001,0.3,50,0.5066666666666666,0.06548960901462833,545,0.5666666666666667,0.4,0.48333333333333334,0.5833333333333334,0.5,0.003369569778442383,0.0014156341552734376
0.5,0.001,0.5,5,0.5,0.0,561,0.5,0.5,0.5,0.5,0.5,0.0031996726989746093,0.0013998985290527345
0.5,0.001,0.5,10,0.5,0.0,561,0.5,0.5,0.5,0.5,0.5,0.003252744674682617,0.0013757705688476562
0.5,0.001,0.5,20,0.5,0.0,561,0.5,0.5,0.5,0.5,0.5,0.003264617919921875,0.0014134883880615235
0.5,0.001,0.5,50,0.5066666666666666,0.06548960901462833,545,0.5666666666666667,0.4,0.48333333333333334,0.5833333333333334,0.5,0.0033756256103515624,0.0014087200164794923
0.5,0.001,0.7,5,0.5,0.0,561,0.5,0.5,0.5,0.5,0.5,0.003233480453491211,0.0013924121856689453
0.5,0.001,0.7,10,0.5,0.0,561,0.5,0.5,0.5,0.5,0.5,0.003227710723876953,0.0013844490051269532
0.5,0.001,0.7,20,0.5,0.0,561,0.5,0.5,0.5,0.5,0.5,0.0032492160797119142,0.0014081001281738281
0.5,0.001,0.7,50,0.5066666666666666,0.06548960901462833,545,0.5666666666666667,0.4,0.48333333333333334,0.5833333333333334,0.5,0.003365755081176758,0.0014010906219482423
0.5,0.001,0.9,5,0.5,0.0,561,0.5,0.5,0.5,0.5,0.5,0.0032561302185058595,0.001392221450805664
0.5,0.001,0.9,10,0.5,0.0,561,0.5,0.5,0.5,0.5,0.5,0.003248453140258789,0.0013943195343017578
0.5,0.001,0.9,20,0.5,0.0,561,0.5,0.5,0.5,0.5,0.5,0.0033477783203125,0.0013931751251220702
0.5,0.001,0.9,50,0.5066666666666666,0.06548960901462833,545,0.5666666666666667,0.4,0.48333333333333334,0.5833333333333334,0.5,0.003305959701538086,0.001410198211669922
0.5,0.00359381,0.1,5,0.5,0.0,561,0.5,0.5,0.5,0.5,0.5,0.0036240100860595705,0.0013983726501464843
0.5,0.00359381,0.1,10,0.5,0.0,561,0.5,0.5,0.5,0.5,0.5,0.0036464214324951174,0.0013949871063232422
0.5,0.00359381,0.1,20,0.5,0.0,561,0.5,0.5,0.5,0.5,0.5,0.0037457942962646484,0.0014196395874023437
0.5,0.00359381,0.1,50,0.5066666666666666,0.06548960901462833,545,0.5666666666666667,0.4,0.48333333333333334,0.5833333333333334,0.5,0.0037122726440429687,0.0014052391052246094
0.5,0.00359381,0.3,5,0.5,0.0,561,0.5,0.5,0.5,0.5,0.5,0.0032471179962158202,0.0013839244842529298
0.5,0.00359381,0.3,10,0.5,0.0,561,0.5,0.5,0.5,0.5,0.5,0.003246116638183594,0.001400136947631836
0.5,0.00359381,0.3,20,0.5,0.0,561,0.5,0.5,0.5,0.5,0.5,0.0032683372497558593,0.0014803886413574218
0.5,0.00359381,0.3,50,0.5066666666666666,0.06548960901462833,545,0.5666666666666667,0.4,0.48333333333333334,0.5833333333333334,0.5,0.003341007232666016,0.0014190673828125
0.5,0.00359381,0.5,5,0.5,0.0,561,0.5,0.5,0.5,0.5,0.5,0.0032512187957763673,0.0014141082763671875
0.5,0.00359381,0.5,10,0.5,0.0,561,0.5,0.5,0.5,0.5,0.5,0.003248786926269531,0.001401233673095703
0.5,0.00359381,0.5,20,0.5,0.0,561,0.5,0.5,0.5,0.5,0.5,0.0033302783966064455,0.001401662826538086
0.5,0.00359381,0.5,50,0.5066666666666666,0.06548960901462833,545,0.5666666666666667,0.4,0.48333333333333334,0.5833333333333334,0.5,0.003287649154663086,0.0013941287994384765
0.5,0.00359381,0.7,5,0.5,0.0,561,0.5,0.5,0.5,0.5,0.5,0.003216838836669922,0.0014055252075195312
0.5,0.00359381,0.7,10,0.5,0.0,561,0.5,0.5,0.5,0.5,0.5,0.0032453060150146483,0.0013840198516845703
0.5,0.00359381,0.7,20,0.5,0.0,561,0.5,0.5,0.5,0.5,0.5,0.003324413299560547,0.0013959884643554687
0.5,0.00359381,0.7,50,0.5066666666666666,0.06548960901462833,545,0.5666666666666667,0.4,0.48333333333333334,0.5833333333333334,0.5,0.003286457061767578,0.0013996124267578124
0.5,0.00359381,0.9,5,0.5,0.0,561,0.5,0.5,0.5,0.5,0.5,0.0032445907592773436,0.001401662826538086
0.5,0.00359381,0.9,10,0.5,0.0,561,0.5,0.5,0.5,0.5,0.5,0.003242015838623047,0.0014769554138183594
0.5,0.00359381,0.9,20,0.5,0.0,561,0.5,0.5,0.5,0.5,0.5,0.0032565116882324217,0.0014132976531982422
0.5,0.00359381,0.9,50,0.5066666666666666,0.06548960901462833,545,0.5666666666666667,0.4,0.48333333333333334,0.5833333333333334,0.5,0.00330047607421875,0.0014111995697021484
0.5,0.0129155,0.1,5,0.6633333333333333,0.05906681715556448,519,0.6166666666666667,0.75,0.7166666666666667,0.6333333333333333,0.6000000000000001,0.011833715438842773,0.001486063003540039
0.5,0.0129155,0.1,10,0.7766666666666666,0.1088321847820967,60,0.7166666666666667,0.9166666666666667,0.8166666666666667,0.8333333333333333,0.6000000000000001,0.01180438995361328,0.0015109062194824218
0.5,0.0129155,0.1,20,0.7766666666666666,0.1088321847820967,60,0.7166666666666667,0.9166666666666667,0.8166666666666667,0.8333333333333333,0.6000000000000001,0.011814403533935546,0.001495695114135742
0.5,0.0129155,0.1,50,0.76,0.07930251502246882,92,0.7166666666666667,0.9166666666666667,0.7333333333333334,0.7333333333333334,0.7,0.012007427215576173,0.0015002250671386718
0.5,0.0129155,0.3,5,0.5,0.0,561,0.5,0.5,0.5,0.5,0.5,0.0041271686553955075,0.0014467716217041015
0.5,0.0129155,0.3,10,0.5,0.0,561,0.5,0.5,0.5,0.5,0.5,0.00413355827331543,0.0014328956604003906
0.5,0.0129155,0.3,20,0.5,0.0,561,0.5,0.5,0.5,0.5,0.5,0.004122018814086914,0.0014107704162597656
0.5,0.0129155,0.3,50,0.5066666666666666,0.06548960901462833,545,0.5666666666666667,0.4,0.48333333333333334,0.5833333333333334,0.5,0.004119682312011719,0.001417827606201172
0.5,0.0129155,0.5,5,0.5,0.0,561,0.5,0.5,0.5,0.5,0.5,0.003362131118774414,0.0014098644256591796
0.5,0.0129155,0.5,10,0.5,0.0,561,0.5,0.5,0.5,0.5,0.5,0.0034108638763427736,0.001410675048828125
0.5,0.0129155,0.5,20,0.5,0.0,561,0.5,0.5,0.5,0.5,0.5,0.003339242935180664,0.001403665542602539
0.5,0.0129155,0.5,50,0.5066666666666666,0.06548960901462833,545,0.5666666666666667,0.4,0.48333333333333334,0.5833333333333334,0.5,0.003385019302368164,0.0013946056365966796
0.5,0.0129155,0.7,5,0.5,0.0,561,0.5,0.5,0.5,0.5,0.5,0.0032564640045166016,0.0013990402221679688
0.5,0.0129155,0.7,10,0.5,0.0,561,0.5,0.5,0.5,0.5,0.5,0.003298330307006836,0.0013939857482910157
0.5,0.0129155,0.7,20,0.5,0.0,561,0.5,0.5,0.5,0.5,0.5,0.0032453536987304688,0.0013959407806396484
0.5,0.0129155,0.7,50,0.5066666666666666,0.06548960901462833,545,0.5666666666666667,0.4,0.48333333333333334,0.5833333333333334,0.5,0.0032904624938964845,0.0013989448547363282
0.5,0.0129155,0.9,5,0.5,0.0,561,0.5,0.5,0.5,0.5,0.5,0.0032342910766601563,0.0014148712158203124
0.5,0.0129155,0.9,10,0.5,0.0,561,0.5,0.5,0.5,0.5,0.5,0.0033130645751953125,0.0014189720153808595
0.5,0.0129155,0.9,20,0.5,0.0,561,0.5,0.5,0.5,0.5,0.5,0.0032540321350097655,0.001403951644897461
0.5,0.0129155,0.9,50,0.5066666666666666,0.06548960901462833,545,0.5666666666666667,0.4,0.48333333333333334,0.5833333333333334,0.5,0.0032888412475585937,0.0014057636260986328
0.5,0.0464159,0.1,5,0.7433333333333334,0.1356465996625054,188,1.0,0.75,0.6333333333333333,0.6333333333333333,0.7,0.023090171813964843,0.001554250717163086
0.5,0.0464159,0.1,10,0.7366666666666667,0.08055363982396381,241,0.8,0.8333333333333333,0.7166666666666667,0.7333333333333334,0.6,0.022974252700805664,0.0015411376953125
0.5,0.0464159,0.1,20,0.7433333333333334,0.07423685817106696,188,0.6333333333333333,0.8333333333333333,0.8166666666666667,0.7333333333333334,0.7,0.02293558120727539,0.0015379428863525391
0.5,0.0464159,0.1,50,0.7966666666666666,0.07557189365836425,30,0.8166666666666667,0.8166666666666667,0.7333333333333334,0.9166666666666667,0.7,0.02307305335998535,0.001567506790161133
0.5,0.0464159,0.3,5,0.7633333333333333,0.04642796092394705,83,0.7166666666666667,0.75,0.7166666666666667,0.8333333333333333,0.8,0.023187828063964844,0.0015582561492919922
0.5,0.0464159,0.3,10,0.7399999999999999,0.12762793146051096,238,0.7166666666666667,0.8333333333333333,0.8166666666666667,0.8333333333333333,0.5,0.023018741607666017,0.001558685302734375
0.5,0.0464159,0.3,20,0.7799999999999999,0.05906681715556448,58,0.7166666666666667,0.8333333333333333,0.8166666666666667,0.8333333333333333,0.7,0.023218631744384766,0.0015764713287353515
0.5,0.0464159,0.3,50,0.7266666666666668,0.06463573143221771,285,0.6333333333333333,0.8333333333333333,0.7333333333333334,0.7333333333333334,0.7,0.02312049865722656,0.0015869140625
0.5,0.0464159,0.5,5,0.5133333333333334,0.059066817155564486,544,0.45,0.48333333333333334,0.5666666666666667,0.4666666666666667,0.6,0.014393472671508789,0.0014850616455078125
0.5,0.0464159,0.5,10,0.5733333333333334,0.07930251502246877,541,0.55,0.48333333333333334,0.6666666666666666,0.6666666666666666,0.5,0.014290285110473634,0.0015061378479003906
0.5,0.0464159,0.5,20,0.6466666666666667,0.06944222218666551,531,0.55,0.7333333333333334,0.5833333333333334,0.6666666666666666,0.7,0.014270353317260741,0.0015143394470214845
0.5,0.0464159,0.5,50,0.6166666666666667,0.12156388352540315,537,0.45,0.75,0.65,0.7333333333333334,0.5,0.014417743682861328,0.0015480518341064453
0.5,0.0464159,0.7,5,0.5,0.0,561,0.5,0.5,0.5,0.5,0.5,0.004309272766113282,0.0014638900756835938
0.5,0.0464159,0.7,10,0.5,0.0,561,0.5,0.5,0.5,0.5,0.5,0.004189348220825196,0.00143585205078125
0.5,0.0464159,0.7,20,0.5,0.0,561,0.5,0.5,0.5,0.5,0.5,0.0042209625244140625,0.001441621780395508
0.5,0.0464159,0.7,50,0.5066666666666666,0.06548960901462833,545,0.5666666666666667,0.4,0.48333333333333334,0.5833333333333334,0.5,0.004283618927001953,0.0014485359191894532
0.5,0.0464159,0.9,5,0.5,0.0,561,0.5,0.5,0.5,0.5,0.5,0.004107904434204101,0.0014174938201904296
0.5,0.0464159,0.9,10,0.5,0.0,561,0.5,0.5,0.5,0.5,0.5,0.004109477996826172,0.001436138153076172
0.5,0.0464159,0.9,20,0.5,0.0,561,0.5,0.5,0.5,0.5,0.5,0.004160833358764648,0.0014242172241210938
0.5,0.0464159,0.9,50,0.5066666666666666,0.06548960901462833,545,0.5666666666666667,0.4,0.48333333333333334,0.5833333333333334,0.5,0.0041405677795410155,0.0014091968536376954
0.5,0.16681,0.1,5,0.76,0.11479450238481706,92,0.9,0.65,0.8166666666666667,0.8333333333333333,0.6000000000000001,0.053332185745239256,0.0015997886657714844
0.5,0.16681,0.1,10,0.7633333333333333,0.05312459150169741,83,0.8166666666666667,0.75,0.7166666666666667,0.8333333333333333,0.7,0.05304021835327148,0.0016049385070800782
0.5,0.16681,0.1,20,0.7233333333333334,0.11907047399661165,316,0.8166666666666667,0.8333333333333333,0.7333333333333334,0.7333333333333334,0.5,0.05303072929382324,0.001600360870361328
0.5,0.16681,0.1,50,0.7433333333333334,0.038873012632301994,188,0.7333333333333334,0.8166666666666667,0.7333333333333334,0.7333333333333334,0.7,0.053316926956176756,0.0015941143035888671
0.5,0.16681,0.3,5,0.76,0.1335830993967592,92,1.0,0.65,0.6333333333333333,0.7166666666666667,0.8,0.05794086456298828,0.001593303680419922
0.5,0.16681,0.3,10,0.7200000000000001,0.01247219128924651,338,0.7166666666666667,0.7333333333333334,0.7333333333333334,0.7166666666666667,0.7,0.05746650695800781,0.0015934944152832032
0.5,0.16681,0.3,20,0.76,0.05436502143433362,92,0.7166666666666667,0.8333333333333333,0.8166666666666667,0.7333333333333334,0.7,0.057361173629760745,0.0015861988067626953
0.5,0.16681,0.3,50,0.7066666666666667,0.03887301263230204,419,0.6333333333333333,0.7333333333333334,0.7333333333333334,0.7333333333333334,0.7,0.05696439743041992,0.0015919208526611328
0.5,0.16681,0.5,5,0.8,0.1140175425099138,13,1.0,0.6666666666666666,0.7166666666666667,0.8166666666666667,0.8,0.05869736671447754,0.0015910148620605468
0.5,0.16681,0.5,10,0.7533333333333334,0.0865383665716478,141,0.8,0.8333333333333333,0.7166666666666667,0.8166666666666667,0.6,0.05904412269592285,0.0015921592712402344
0.5,0.16681,0.5,20,0.8166666666666667,0.06411794687223783,6,0.7166666666666667,0.8333333333333333,0.8166666666666667,0.9166666666666667,0.8,0.05819392204284668,0.0015984535217285155
0.5,0.16681,0.5,50,0.7633333333333333,0.05811865258054228,83,0.7166666666666667,0.8333333333333333,0.7333333333333334,0.8333333333333333,0.7,0.058895540237426755,0.0015959739685058594
0.5,0.16681,0.7,5,0.7966666666666666,0.0627162924074226,30,0.8,0.75,0.7166666666666667,0.8166666666666667,0.9,0.051777982711791994,0.0015886306762695312
0.5,0.16681,0.7,10,0.7733333333333333,0.0873053390247253,65,0.8,0.8333333333333333,0.8166666666666667,0.8166666666666667,0.6,0.05235819816589356,0.0015839576721191407
0.5,0.16681,0.7,20,0.8,0.09249624617007741,13,0.6333333333333333,0.8333333333333333,0.8166666666666667,0.9166666666666667,0.8,0.05222001075744629,0.0015948295593261718
0.5,0.16681,0.7,50,0.7466666666666667,0.07774602526460399,151,0.6333333333333333,0.8333333333333333,0.7333333333333334,0.8333333333333333,0.7,0.05186729431152344,0.001591062545776367
0.5,0.16681,0.9,5,0.8,0.03651483716701103,13,0.8,0.8333333333333333,0.7333333333333334,0.8333333333333333,0.8,0.057179498672485354,0.0015727519989013673
0.5,0.16681,0.9,10,0.78,0.05416025603090638,50,0.8,0.8333333333333333,0.7333333333333334,0.8333333333333333,0.7,0.05693173408508301,0.0015862941741943359
0.5,0.16681,0.9,20,0.76,0.08793937305515273,92,0.8,0.8333333333333333,0.7333333333333334,0.8333333333333333,0.6000000000000001,0.057256031036376956,0.0016015052795410156
0.5,0.16681,0.9,50,0.7666666666666666,0.06749485577105527,72,0.8166666666666667,0.8333333333333333,0.65,0.7333333333333334,0.8,0.056274938583374026,0.001564788818359375
0.5,0.599484,0.1,5,0.7633333333333334,0.11175369742826805,78,0.9,0.6666666666666666,0.8166666666666667,0.8333333333333333,0.6000000000000001,0.11995925903320312,0.0016035079956054688
0.5,0.599484,0.1,10,0.7466666666666667,0.0694422221866655,151,0.8166666666666667,0.65,0.7333333333333334,0.8333333333333333,0.7,0.12060356140136719,0.0016048431396484375
0.5,0.599484,0.1,20,0.7466666666666667,0.05906681715556449,151,0.8166666666666667,0.65,0.7333333333333334,0.7333333333333334,0.8,0.12074980735778809,0.0017266273498535156
0.5,0.599484,0.1,50,0.7633333333333333,0.05206833117271101,83,0.8333333333333333,0.8166666666666667,0.7333333333333334,0.7333333333333334,0.7,0.12020177841186523,0.001604175567626953
0.5,0.599484,0.3,5,0.76,0.1284955684493092,92,0.9,0.65,0.7333333333333334,0.9166666666666667,0.6000000000000001,0.14788103103637695,0.0015901088714599609
0.5,0.599484,0.3,10,0.78,0.07102425250887506,50,0.9,0.75,0.7333333333333334,0.8166666666666667,0.7,0.14666757583618165,0.0016144275665283202
0.5,0.599484,0.3,20,0.7233333333333334,0.07423685817106691,316,0.7166666666666667,0.8333333333333333,0.7333333333333334,0.7333333333333334,0.6000000000000001,0.14801602363586425,0.0015994548797607423
0.5,0.599484,0.3,50,0.7433333333333334,0.038873012632301994,188,0.8166666666666667,0.7333333333333334,0.7333333333333334,0.7333333333333334,0.7,0.14687113761901854,0.0015995502471923828
0.5,0.599484,0.5,5,0.8,0.10055402085998905,13,0.9,0.65,0.7333333333333334,0.9166666666666667,0.8,0.15692100524902344,0.0016040325164794922
0.5,0.599484,0.5,10,0.78,0.11125546178852425,50,1.0,0.75,0.7333333333333334,0.7166666666666667,0.7,0.156990385055542,0.001607990264892578
0.5,0.599484,0.5,20,0.7433333333333333,0.0866666666666666,217,0.7166666666666667,0.8333333333333333,0.7333333333333334,0.8333333333333333,0.6000000000000001,0.15692744255065919,0.0016140937805175781
0.5,0.599484,0.5,50,0.78,0.03858612300930072,50,0.8166666666666667,0.8166666666666667,0.7333333333333334,0.7333333333333334,0.8,0.15806684494018555,0.001603078842163086
0.5,0.599484,0.7,5,0.7366666666666667,0.10295630140987,241,0.9,0.65,0.7166666666666667,0.6166666666666667,0.8,0.16253623962402344,0.0016076087951660157
0.5,0.599484,0.7,10,0.78,0.11125546178852425,50,1.0,0.75,0.7333333333333334,0.7166666666666667,0.7,0.162852144241333,0.0016017913818359374
0.5,0.599484,0.7,20,0.7833333333333333,0.07149203529842403,49,0.7166666666666667,0.7333333333333334,0.7333333333333334,0.8333333333333333,0.9,0.1638547420501709,0.001601409912109375
0.5,0.599484,0.7,50,0.7066666666666667,0.07930251502246875,419,0.7166666666666667,0.8333333333333333,0.65,0.7333333333333334,0.6000000000000001,0.1626312255859375,0.001606321334838867
0.5,0.599484,0.9,5,0.7366666666666667,0.10295630140987,241,0.9,0.65,0.7166666666666667,0.6166666666666667,0.8,0.17363648414611815,0.0016067028045654297
0.5,0.599484,0.9,10,0.7833333333333334,0.07673909622147562,46,0.9166666666666667,0.75,0.7333333333333334,0.8166666666666667,0.7,0.17328624725341796,0.0015980720520019532
0.5,0.599484,0.9,20,0.72,0.07408703590297622,339,0.7166666666666667,0.8333333333333333,0.7333333333333334,0.7166666666666667,0.6,0.17441086769104003,0.0015964508056640625
0.5,0.599484,0.9,50,0.7633333333333333,0.0694422221866655,83,0.7166666666666667,0.8333333333333333,0.65,0.8166666666666667,0.8,0.17323541641235352,0.0016155719757080078
0.5,2.15443,0.1,5,0.7433333333333334,0.10624918300339484,188,0.9,0.6666666666666666,0.8166666666666667,0.7333333333333334,0.6000000000000001,0.23465375900268554,0.0016087532043457032
0.5,2.15443,0.1,10,0.7666666666666666,0.07673909622147555,72,0.8166666666666667,0.65,0.8333333333333333,0.8333333333333333,0.7,0.23587546348571778,0.001614856719970703
0.5,2.15443,0.1,20,0.7466666666666667,0.05906681715556449,151,0.8166666666666667,0.65,0.7333333333333334,0.7333333333333334,0.8,0.23423728942871094,0.001611614227294922
0.5,2.15443,0.1,50,0.7300000000000001,0.05999999999999998,265,0.8333333333333333,0.65,0.7333333333333334,0.7333333333333334,0.7,0.23391618728637695,0.0016298294067382812
0.5,2.15443,0.3,5,0.7433333333333333,0.1113552872566004,217,0.9,0.65,0.7333333333333334,0.8333333333333333,0.6000000000000001,0.3200169563293457,0.0016115665435791015
0.5,2.15443,0.3,10,0.7066666666666668,0.07498147919467991,387,0.8166666666666667,0.65,0.7333333333333334,0.7333333333333334,0.6000000000000001,0.32260932922363283,0.0016245841979980469
0.5,2.15443,0.3,20,0.7033333333333334,0.10974718422102883,434,0.7166666666666667,0.8333333333333333,0.7333333333333334,0.7333333333333334,0.5,0.31879234313964844,0.0015824317932128906
0.5,2.15443,0.3,50,0.7300000000000001,0.05999999999999998,265,0.8333333333333333,0.65,0.7333333333333334,0.7333333333333334,0.7,0.30980238914489744,0.0015427112579345704
0.5,2.15443,0.5,5,0.8,0.10055402085998905,13,0.9,0.65,0.7333333333333334,0.9166666666666667,0.8,0.3651422023773193,0.001560544967651367
0.5,2.15443,0.5,10,0.7433333333333334,0.08406346808612329,188,0.9,0.65,0.7333333333333334,0.7333333333333334,0.7,0.3610062122344971,0.001535654067993164
0.5,2.15443,0.5,20,0.76,0.14243907079481,92,0.8166666666666667,0.8333333333333333,0.7333333333333334,0.9166666666666667,0.5,0.36250600814819334,0.001552438735961914
0.5,2.15443,0.5,50,0.7066666666666667,0.03091206165165236,419,0.7166666666666667,0.65,0.7333333333333334,0.7333333333333334,0.7,0.37200145721435546,0.0015795707702636718
0.5,2.15443,0.7,5,0.76,0.08472176684759222,92,0.9,0.65,0.7333333333333334,0.7166666666666667,0.8,0.38961019515991213,0.0016091823577880859
0.5,2.15443,0.7,10,0.7466666666666667,0.06091888960832356,151,0.8166666666666667,0.6666666666666666,0.7333333333333334,0.8166666666666667,0.7,0.389009428024292,0.0015906333923339845
0.5,2.15443,0.7,20,0.7233333333333334,0.10780641085864155,316,0.7166666666666667,0.65,0.7333333333333334,0.9166666666666667,0.6,0.38829731941223145,0.0016119956970214843
0.5,2.15443,0.7,50,0.7233333333333334,0.013333333333333374,316,0.7166666666666667,0.7333333333333334,0.7333333333333334,0.7333333333333334,0.7,0.3827392101287842,0.001612710952758789
0.5,2.15443,0.9,5,0.76,0.08472176684759222,92,0.9,0.65,0.7333333333333334,0.7166666666666667,0.8,0.4140672206878662,0.0016037464141845704
0.5,2.15443,0.9,10,0.7233333333333334,0.0703957069398096,316,0.7166666666666667,0.75,0.7333333333333334,0.8166666666666667,0.6,0.41409149169921877,0.0016945362091064452
0.5,2.15443,0.9,20,0.7233333333333334,0.10780641085864155,316,0.7166666666666667,0.65,0.7333333333333334,0.9166666666666667,0.6,0.41404476165771487,0.001610565185546875
0.5,2.15443,0.9,50,0.7266666666666668,0.05436502143433364,285,0.8166666666666667,0.65,0.7333333333333334,0.7333333333333334,0.7,0.4128518581390381,0.0016144275665283202
0.5,7.74264,0.1,5,0.7033333333333334,0.17074997966487596,434,0.9,0.6666666666666666,0.8166666666666667,0.7333333333333334,0.4,0.28495135307312014,0.0016996383666992188
0.5,7.74264,0.1,10,0.7466666666666666,0.10077477638553976,177,0.8166666666666667,0.65,0.8333333333333333,0.8333333333333333,0.6000000000000001,0.28523478507995603,0.001607513427734375
0.5,7.74264,0.1,20,0.67,0.09092121131323906,493,0.7333333333333334,0.65,0.7333333333333334,0.7333333333333334,0.5,0.2850682258605957,0.0016129970550537109
0.5,7.74264,0.1,50,0.71,0.03265986323710906,377,0.7333333333333334,0.65,0.7333333333333334,0.7333333333333334,0.7,0.28538951873779295,0.0016067028045654297
0.5,7.74264,0.3,5,0.7433333333333334,0.10624918300339484,188,0.9,0.6666666666666666,0.8166666666666667,0.7333333333333334,0.6000000000000001,0.4936351299285889,0.001594400405883789
0.5,7.74264,0.3,10,0.7266666666666668,0.05436502143433364,285,0.8166666666666667,0.65,0.7333333333333334,0.7333333333333334,0.7,0.4992201328277588,0.0015995025634765625
0.5,7.74264,0.3,20,0.7266666666666668,0.04784233364802442,285,0.7166666666666667,0.65,0.7333333333333334,0.7333333333333334,0.8,0.49826536178588865,0.001725149154663086
0.5,7.74264,0.3,50,0.73,0.09451631252505212,275,0.8333333333333333,0.65,0.7333333333333334,0.8333333333333333,0.6000000000000001,0.4938638687133789,0.0015977382659912109
0.5,7.74264,0.5,5,0.7233333333333334,0.10198039027185568,316,0.9,0.65,0.7333333333333334,0.7333333333333334,0.6000000000000001,0.616261339187622,0.00168914794921875
0.5,7.74264,0.5,10,0.7233333333333334,0.10198039027185568,316,0.9,0.65,0.7333333333333334,0.7333333333333334,0.6000000000000001,0.6101565837860108,0.0016088485717773438
0.5,7.74264,0.5,20,0.6666666666666667,0.08881941729649488,498,0.7166666666666667,0.65,0.7333333333333334,0.7333333333333334,0.5,0.5956676483154297,0.0015471458435058593
0.5,7.74264,0.5,50,0.77,0.08717797887081345,70,0.7333333333333334,0.65,0.7333333333333334,0.8333333333333333,0.9,0.5919485092163086,0.0015522956848144532
0.5,7.74264,0.7,5,0.76,0.1284955684493092,92,0.9,0.65,0.7333333333333334,0.9166666666666667,0.6000000000000001,0.6752596855163574,0.0015666961669921875
0.5,7.74264,0.7,10,0.7233333333333334,0.10198039027185568,316,0.9,0.65,0.7333333333333334,0.7333333333333334,0.6000000000000001,0.6880293369293213,0.0016198158264160156
0.5,7.74264,0.7,20,0.6666666666666667,0.08881941729649488,498,0.7166666666666667,0.65,0.7333333333333334,0.7333333333333334,0.5,0.6880753040313721,0.0016128063201904298
0.5,7.74264,0.7,50,0.7466666666666667,0.0644635986860457,151,0.7166666666666667,0.65,0.7333333333333334,0.8333333333333333,0.8,0.6880454540252685,0.0016223430633544923
0.5,7.74264,0.9,5,0.8,0.10055402085998905,13,0.9,0.65,0.7333333333333334,0.9166666666666667,0.8,0.7630407810211182,0.001598358154296875
0.5,7.74264,0.9,10,0.7433333333333334,0.08406346808612329,188,0.9,0.65,0.7333333333333334,0.7333333333333334,0.7,0.7567386627197266,0.0015982627868652345
0.5,7.74264,0.9,20,0.7066666666666668,0.07930251502246875,387,0.7166666666666667,0.65,0.7333333333333334,0.8333333333333333,0.6000000000000001,0.7564196109771728,0.0016166210174560548
0.5,7.74264,0.9,50,0.7433333333333334,0.02905932629027116,188,0.7166666666666667,0.7333333333333334,0.7333333333333334,0.7333333333333334,0.8,0.7570645809173584,0.001609945297241211
0.5,27.8256,0.1,5,0.6866666666666666,0.15398412616601462,475,0.8166666666666667,0.6666666666666666,0.8166666666666667,0.7333333333333334,0.4,0.2621932506561279,0.0016852855682373048
0.5,27.8256,0.1,10,0.7133333333333334,0.11274356350191837,367,0.7333333333333334,0.5666666666666667,0.8333333333333333,0.8333333333333333,0.6000000000000001,0.2629077434539795,0.0016320228576660156
0.5,27.8256,0.1,20,0.7266666666666668,0.05436502143433364,285,0.8166666666666667,0.65,0.7333333333333334,0.7333333333333334,0.7,0.26171011924743653,0.0016045093536376954
0.5,27.8256,0.1,50,0.71,0.03265986323710906,377,0.7333333333333334,0.65,0.7333333333333334,0.7333333333333334,0.7,0.26200642585754397,0.0016019344329833984
0.5,27.8256,0.3,5,0.7033333333333334,0.17074997966487596,434,0.9,0.6666666666666666,0.8166666666666667,0.7333333333333334,0.4,0.4142599105834961,0.001585531234741211
0.5,27.8256,0.3,10,0.7466666666666666,0.10077477638553976,177,0.8166666666666667,0.65,0.8333333333333333,0.8333333333333333,0.6000000000000001,0.4144306182861328,0.0016153812408447265
0.5,27.8256,0.3,20,0.67,0.09092121131323906,493,0.7333333333333334,0.65,0.7333333333333334,0.7333333333333334,0.5,0.41486186981201173,0.001617574691772461
0.5,27.8256,0.3,50,0.71,0.03265986323710906,377,0.7333333333333334,0.65,0.7333333333333334,0.7333333333333334,0.7,0.4160305500030518,0.0015994548797607423
0.5,27.8256,0.5,5,0.7433333333333334,0.10624918300339484,188,0.9,0.6666666666666666,0.8166666666666667,0.7333333333333334,0.6000000000000001,0.6288316726684571,0.0017107486724853515
0.5,27.8256,0.5,10,0.7466666666666667,0.0694422221866655,151,0.8166666666666667,0.65,0.7333333333333334,0.8333333333333333,0.7,0.6136237621307373,0.0015610218048095702
0.5,27.8256,0.5,20,0.75,0.025819888974716106,148,0.7333333333333334,0.75,0.7333333333333334,0.7333333333333334,0.8,0.6246263980865479,0.0016008377075195312
0.5,27.8256,0.5,50,0.7300000000000001,0.05999999999999998,265,0.8333333333333333,0.65,0.7333333333333334,0.7333333333333334,0.7,0.6243878841400147,0.001611042022705078
0.5,27.8256,0.7,5,0.7266666666666667,0.09977753031397177,304,0.9,0.6666666666666666,0.7333333333333334,0.7333333333333334,0.6000000000000001,0.742913818359375,0.001611614227294922
0.5,27.8256,0.7,10,0.7266666666666668,0.05436502143433364,285,0.8166666666666667,0.65,0.7333333333333334,0.7333333333333334,0.7,0.7444756984710693,0.0016141414642333984
0.5,27.8256,0.7,20,0.7266666666666668,0.04784233364802442,285,0.7166666666666667,0.65,0.7333333333333334,0.7333333333333334,0.8,0.7467281341552734,0.0016356468200683593
0.5,27.8256,0.7,50,0.75,0.07302967433402212,148,0.8333333333333333,0.65,0.7333333333333334,0.8333333333333333,0.7,0.7432159423828125,0.0016182422637939452
0.5,27.8256,0.9,5,0.7266666666666667,0.09977753031397177,304,0.9,0.6666666666666666,0.7333333333333334,0.7333333333333334,0.6000000000000001,0.894904088973999,0.0016129016876220703
0.5,27.8256,0.9,10,0.7433333333333334,0.08406346808612329,188,0.9,0.65,0.7333333333333334,0.7333333333333334,0.7,0.8952953338623046,0.0016134262084960937
0.5,27.8256,0.9,20,0.7066666666666667,0.03091206165165236,419,0.7166666666666667,0.65,0.7333333333333334,0.7333333333333334,0.7,0.8938002586364746,0.0016016960144042969
0.5,27.8256,0.9,50,0.73,0.09451631252505212,275,0.8333333333333333,0.65,0.7333333333333334,0.8333333333333333,0.6000000000000001,0.8867428302764893,0.0016342639923095704
0.5,100.0,0.1,5,0.6866666666666666,0.15398412616601462,475,0.8166666666666667,0.6666666666666666,0.8166666666666667,0.7333333333333334,0.4,0.30713520050048826,0.001602935791015625
0.5,100.0,0.1,10,0.7133333333333334,0.11274356350191837,367,0.7333333333333334,0.5666666666666667,0.8333333333333333,0.8333333333333333,0.6000000000000001,0.3075617790222168,0.0016844749450683593
0.5,100.0,0.1,20,0.7266666666666668,0.05436502143433364,285,0.8166666666666667,0.65,0.7333333333333334,0.7333333333333334,0.7,0.30684995651245117,0.0016036033630371094
0.5,100.0,0.1,50,0.67,0.09092121131323906,493,0.7333333333333334,0.65,0.7333333333333334,0.7333333333333334,0.5,0.3045963764190674,0.0015825271606445313
0.5,100.0,0.3,5,0.6866666666666666,0.15398412616601462,475,0.8166666666666667,0.6666666666666666,0.8166666666666667,0.7333333333333334,0.4,0.3091708183288574,0.0015278339385986328
0.5,100.0,0.3,10,0.7133333333333334,0.11274356350191837,367,0.7333333333333334,0.5666666666666667,0.8333333333333333,0.8333333333333333,0.6000000000000001,0.30861172676086424,0.0015478134155273438
0.5,100.0,0.3,20,0.7266666666666668,0.05436502143433364,285,0.8166666666666667,0.65,0.7333333333333334,0.7333333333333334,0.7,0.3077101230621338,0.0015384674072265625
0.5,100.0,0.3,50,0.71,0.03265986323710906,377,0.7333333333333334,0.65,0.7333333333333334,0.7333333333333334,0.7,0.31130046844482423,0.0015735149383544922
0.5,100.0,0.5,5,0.6866666666666666,0.15398412616601462,475,0.8166666666666667,0.6666666666666666,0.8166666666666667,0.7333333333333334,0.4,0.34971771240234373,0.001623392105102539
0.5,100.0,0.5,10,0.7133333333333334,0.11274356350191837,367,0.7333333333333334,0.5666666666666667,0.8333333333333333,0.8333333333333333,0.6000000000000001,0.3479890823364258,0.0017350673675537109
0.5,100.0,0.5,20,0.7266666666666668,0.05436502143433364,285,0.8166666666666667,0.65,0.7333333333333334,0.7333333333333334,0.7,0.34787373542785643,0.0016324996948242187
0.5,100.0,0.5,50,0.71,0.03265986323710906,377,0.7333333333333334,0.65,0.7333333333333334,0.7333333333333334,0.7,0.3478706836700439,0.0016409873962402344
0.5,100.0,0.7,5,0.7033333333333334,0.17074997966487596,434,0.9,0.6666666666666666,0.8166666666666667,0.7333333333333334,0.4,0.38988580703735354,0.001633596420288086
0.5,100.0,0.7,10,0.7466666666666666,0.10077477638553976,177,0.8166666666666667,0.65,0.8333333333333333,0.8333333333333333,0.6000000000000001,0.38864841461181643,0.0016945362091064452
0.5,100.0,0.7,20,0.71,0.03265986323710906,377,0.7333333333333334,0.65,0.7333333333333334,0.7333333333333334,0.7,0.38988628387451174,0.0016242504119873048
0.5,100.0,0.7,50,0.71,0.03265986323710906,377,0.7333333333333334,0.65,0.7333333333333334,0.7333333333333334,0.7,0.3895077705383301,0.0016218662261962891
0.5,100.0,0.9,5,0.7033333333333334,0.17074997966487596,434,0.9,0.6666666666666666,0.8166666666666667,0.7333333333333334,0.4,0.4615868091583252,0.0016108989715576173
0.5,100.0,0.9,10,0.7466666666666666,0.10077477638553976,177,0.8166666666666667,0.65,0.8333333333333333,0.8333333333333333,0.6000000000000001,0.4607130527496338,0.0016164779663085938
0.5,100.0,0.9,20,0.67,0.09092121131323906,493,0.7333333333333334,0.65,0.7333333333333334,0.7333333333333334,0.5,0.46182980537414553,0.0016176700592041016
0.5,100.0,0.9,50,0.71,0.03265986323710906,377,0.7333333333333334,0.65,0.7333333333333334,0.7333333333333334,0.7,0.4624473571777344,0.001653909683227539
