param_clf__shrink_threshold,param_selector__C,param_selector__l1_ratio,param_selector__top_k,mean_test_score,std_test_score,rank_test_score,split0_test_score,split1_test_score,split2_test_score,split3_test_score,split4_test_score,mean_fit_time,mean_score_time
,0.001,0.1,5,0.4766666666666667,0.09977753031397177,705,0.5,0.5,0.4166666666666667,0.3333333333333333,0.6333333333333333,0.0033815383911132814,0.0014459609985351563
,0.001,0.1,10,0.54,0.09921917377424813,590,0.5,0.45,0.5166666666666667,0.5,0.7333333333333334,0.003221940994262695,0.0014127254486083984
,0.001,0.1,20,0.39666666666666667,0.17619433715203348,753,0.5833333333333334,0.35,0.43333333333333335,0.08333333333333333,0.5333333333333333,0.003301715850830078,0.0014226436614990234
,0.001,0.1,50,0.5733333333333335,0.0442216638714053,544,0.6333333333333333,0.55,0.6166666666666667,0.5166666666666667,0.55,0.0032643795013427733,0.0014109134674072266
,0.001,0.3,5,0.4766666666666667,0.09977753031397177,705,0.5,0.5,0.4166666666666667,0.3333333333333333,0.6333333333333333,0.0032338619232177733,0.0014139652252197266
,0.001,0.3,10,0.54,0.09921917377424813,590,0.5,0.45,0.5166666666666667,0.5,0.7333333333333334,0.0032409191131591796,0.001411104202270508
,0.001,0.3,20,0.39666666666666667,0.17619433715203348,753,0.5833333333333334,0.35,0.43333333333333335,0.08333333333333333,0.5333333333333333,0.003256082534790039,0.0014729499816894531
,0.001,0.3,50,0.5733333333333335,0.0442216638714053,544,0.6333333333333333,0.55,0.6166666666666667,0.5166666666666667,0.55,0.003255605697631836,0.0014101505279541016
,0.001,0.5,5,0.4766666666666667,0.09977753031397177,705,0.5,0.5,0.4166666666666667,0.3333333333333333,0.6333333333333333,0.003212594985961914,0.0014163970947265625
,0.001,0.5,10,0.54,0.09921917377424813,590,0.5,0.45,0.5166666666666667,0.5,0.7333333333333334,0.0032203197479248047,0.0014048099517822265
,0.001,0.5,20,0.39666666666666667,0.17619433715203348,753,0.5833333333333334,0.35,0.43333333333333335,0.08333333333333333,0.5333333333333333,0.0033162117004394533,0.0014307975769042968
,0.001,0.5,50,0.5733333333333335,0.0442216638714053,544,0.6333333333333333,0.55,0.6166666666666667,0.5166666666666667,0.55,0.0032488822937011717,0.0014057636260986328
,0.001,0.7,5,0.4766666666666667,0.09977753031397177,705,0.5,0.5,0.4166666666666667,0.3333333333333333,0.6333333333333333,0.003240489959716797,0.0014064311981201172
,0.001,0.7,10,0.54,0.09921917377424813,590,0.5,0.45,0.5166666666666667,0.5,0.7333333333333334,0.00323486328125,0.0014051437377929688
,0.001,0.7,20,0.39666666666666667,0.17619433715203348,753,0.5833333333333334,0.35,0.43333333333333335,0.08333333333333333,0.5333333333333333,0.0033064842224121093,0.0014284610748291015
,0.001,0.7,50,0.5733333333333335,0.0442216638714053,544,0.6333333333333333,0.55,0.6166666666666667,0.5166666666666667,0.55,0.0032785415649414064,0.0014005661010742187
,0.001,0.9,5,0.4766666666666667,0.09977753031397177,705,0.5,0.5,0.4166666666666667,0.3333333333333333,0.6333333333333333,0.003213834762573242,0.0014022350311279296
,0.001,0.9,10,0.54,0.09921917377424813,590,0.5,0.45,0.5166666666666667,0.5,0.7333333333333334,0.0032195568084716795,0.0014011859893798828
,0.001,0.9,20,0.39666666666666667,0.17619433715203348,753,0.5833333333333334,0.35,0.43333333333333335,0.08333333333333333,0.5333333333333333,0.0033211708068847656,0.0014189720153808595
,0.001,0.9,50,0.5733333333333335,0.0442216638714053,544,0.6333333333333333,0.55,0.6166666666666667,0.5166666666666667,0.55,0.00324397087097168,0.0014020442962646485
,0.00359381,0.1,5,0.4766666666666667,0.09977753031397177,705,0.5,0.5,0.4166666666666667,0.3333333333333333,0.6333333333333333,0.003912591934204101,0.0013984203338623046
,0.00359381,0.1,10,0.54,0.09921917377424813,590,0.5,0.45,0.5166666666666667,0.5,0.7333333333333334,0.003976058959960937,0.001400136947631836
,0.00359381,0.1,20,0.39666666666666667,0.17619433715203348,753,0.5833333333333334,0.35,0.43333333333333335,0.08333333333333333,0.5333333333333333,0.003922843933105468,0.0014052391052246094
,0.00359381,0.1,50,0.5733333333333335,0.0442216638714053,544,0.6333333333333333,0.55,0.6166666666666667,0.5166666666666667,0.55,0.003908395767211914,0.0014002323150634766
,0.00359381,0.3,5,0.4766666666666667,0.09977753031397177,705,0.5,0.5,0.4166666666666667,0.3333333333333333,0.6333333333333333,0.0035158634185791016,0.0013960838317871095
,0.00359381,0.3,10,0.54,0.09921917377424813,590,0.5,0.45,0.5166666666666667,0.5,0.7333333333333334,0.0035807132720947266,0.0014056682586669922
,0.00359381,0.3,20,0.39666666666666667,0.17619433715203348,753,0.5833333333333334,0.35,0.43333333333333335,0.08333333333333333,0.5333333333333333,0.0035007476806640627,0.001400899887084961
,0.00359381,0.3,50,0.5733333333333335,0.0442216638714053,544,0.6333333333333333,0.55,0.6166666666666667,0.5166666666666667,0.55,0.0035465240478515627,0.0013994693756103516
,0.00359381,0.5,5,0.4766666666666667,0.09977753031397177,705,0.5,0.5,0.4166666666666667,0.3333333333333333,0.6333333333333333,0.0032114505767822264,0.0014023780822753906
,0.00359381,0.5,10,0.54,0.09921917377424813,590,0.5,0.45,0.5166666666666667,0.5,0.7333333333333334,0.003223419189453125,0.0014739036560058594
,0.00359381,0.5,20,0.39666666666666667,0.17619433715203348,753,0.5833333333333334,0.35,0.43333333333333335,0.08333333333333333,0.5333333333333333,0.003252124786376953,0.0014076709747314453
,0.00359381,0.5,50,0.5733333333333335,0.0442216638714053,544,0.6333333333333333,0.55,0.6166666666666667,0.5166666666666667,0.55,0.0032278060913085937,0.0014028549194335938
,0.00359381,0.7,5,0.4766666666666667,0.09977753031397177,705,0.5,0.5,0.4166666666666667,0.3333333333333333,0.6333333333333333,0.0031847000122070313,0.0013966560363769531
,0.00359381,0.7,10,0.54,0.09921917377424813,590,0.5,0.45,0.5166666666666667,0.5,0.7333333333333334,0.003270244598388672,0.0013987064361572266
,0.00359381,0.7,20,0.39666666666666667,0.17619433715203348,753,0.5833333333333334,0.35,0.43333333333333335,0.08333333333333333,0.5333333333333333,0.003226900100708008,0.0013869285583496093
,0.00359381,0.7,50,0.5733333333333335,0.0442216638714053,544,0.6333333333333333,0.55,0.6166666666666667,0.5166666666666667,0.55,0.0038615703582763673,0.0016477584838867187
,0.00359381,0.9,5,0.4766666666666667,0.09977753031397177,705,0.5,0.5,0.4166666666666667,0.3333333333333333,0.6333333333333333,0.003197002410888672,0.0015497684478759765
,0.00359381,0.9,10,0.54,0.09921917377424813,590,0.5,0.45,0.5166666666666667,0.5,0.7333333333333334,0.003237342834472656,0.0013901710510253907
,0.00359381,0.9,20,0.39666666666666667,0.17619433715203348,753,0.5833333333333334,0.35,0.43333333333333335,0.08333333333333333,0.5333333333333333,0.003201150894165039,0.0014032840728759766
,0.00359381,0.9,50,0.5733333333333335,0.0442216638714053,544,0.6333333333333333,0.55,0.6166666666666667,0.5166666666666667,0.55,0.003229379653930664,0.0013995647430419921
,0.0129155,0.1,5,0.7033333333333334,0.0865383665716478,206,0.6166666666666667,0.65,0.6333333333333333,0.8,0.8166666666666667,0.01219935417175293,0.0014041900634765626
,0.0129155,0.1,10,0.6899999999999998,0.11185307823708343,275,0.6166666666666667,0.5333333333333333,0.6666666666666666,0.8166666666666667,0.8166666666666667,0.012143611907958984,0.0013945579528808593
,0.0129155,0.1,20,0.76,0.127627931460511,49,0.6166666666666667,0.6333333333333333,0.7333333333333334,0.9,0.9166666666666667,0.012101459503173827,0.001390552520751953
,0.0129155,0.1,50,0.7366666666666667,0.151803967156476,92,0.6166666666666667,0.5333333333333333,0.7166666666666667,0.9,0.9166666666666667,0.012165164947509766,0.0013969898223876952
,0.0129155,0.3,5,0.4766666666666667,0.09977753031397177,705,0.5,0.5,0.4166666666666667,0.3333333333333333,0.6333333333333333,0.0039033412933349608,0.001385641098022461
,0.0129155,0.3,10,0.54,0.09921917377424813,590,0.5,0.45,0.5166666666666667,0.5,0.7333333333333334,0.003973150253295898,0.0013959884643554687
,0.0129155,0.3,20,0.39666666666666667,0.17619433715203348,753,0.5833333333333334,0.35,0.43333333333333335,0.08333333333333333,0.5333333333333333,0.003882026672363281,0.001401996612548828
,0.0129155,0.3,50,0.5733333333333335,0.0442216638714053,544,0.6333333333333333,0.55,0.6166666666666667,0.5166666666666667,0.55,0.003956222534179687,0.0013961315155029297
,0.0129155,0.5,5,0.4766666666666667,0.09977753031397177,705,0.5,0.5,0.4166666666666667,0.3333333333333333,0.6333333333333333,0.003922700881958008,0.0013970375061035157
,0.0129155,0.5,10,0.54,0.09921917377424813,590,0.5,0.45,0.5166666666666667,0.5,0.7333333333333334,0.003864908218383789,0.0014040470123291016
,0.0129155,0.5,20,0.39666666666666667,0.17619433715203348,753,0.5833333333333334,0.35,0.43333333333333335,0.08333333333333333,0.5333333333333333,0.00388031005859375,0.0013907909393310546
,0.0129155,0.5,50,0.5733333333333335,0.0442216638714053,544,0.6333333333333333,0.55,0.6166666666666667,0.5166666666666667,0.55,0.003931617736816407,0.0014008045196533202
,0.0129155,0.7,5,0.4766666666666667,0.09977753031397177,705,0.5,0.5,0.4166666666666667,0.3333333333333333,0.6333333333333333,0.0036733150482177734,0.0014515399932861328
,0.0129155,0.7,10,0.54,0.09921917377424813,590,0.5,0.45,0.5166666666666667,0.5,0.7333333333333334,0.0036493778228759766,0.0013813018798828126
,0.0129155,0.7,20,0.39666666666666667,0.17619433715203348,753,0.5833333333333334,0.35,0.43333333333333335,0.08333333333333333,0.5333333333333333,0.0036824703216552734,0.0013851165771484376
,0.0129155,0.7,50,0.5733333333333335,0.0442216638714053,544,0.6333333333333333,0.55,0.6166666666666667,0.5166666666666667,0.55,0.0037401199340820314,0.0013959884643554687
,0.0129155,0.9,5,0.4766666666666667,0.09977753031397177,705,0.5,0.5,0.4166666666666667,0.3333333333333333,0.6333333333333333,0.003543519973754883,0.001390981674194336
,0.0129155,0.9,10,0.54,0.09921917377424813,590,0.5,0.45,0.5166666666666667,0.5,0.7333333333333334,0.0035186767578125,0.0013955593109130859
,0.0129155,0.9,20,0.39666666666666667,0.17619433715203348,753,0.5833333333333334,0.35,0.43333333333333335,0.08333333333333333,0.5333333333333333,0.003529214859008789,0.0013813972473144531
,0.0129155,0.9,50,0.5733333333333335,0.0442216638714053,544,0.6333333333333333,0.55,0.6166666666666667,0.5166666666666667,0.55,0.0035919189453125,0.001421976089477539
,0.0464159,0.1,5,0.7033333333333334,0.11469767022723504,206,0.7,0.5666666666666667,0.7333333333333334,0.6166666666666667,0.9,0.02290935516357422,0.0014118194580078126
,0.0464159,0.1,10,0.65,0.0674948557710553,389,0.6166666666666667,0.55,0.7333333333333334,0.6333333333333333,0.7166666666666667,0.02270684242248535,0.0014026165008544922
,0.0464159,0.1,20,0.7566666666666666,0.07644896627453142,60,0.6166666666666667,0.8,0.7333333333333334,0.8166666666666667,0.8166666666666667,0.022728586196899415,0.0013965606689453126
,0.0464159,0.1,50,0.8133333333333332,0.08589399151150086,4,0.7166666666666667,0.7166666666666667,0.8166666666666667,0.9,0.9166666666666667,0.022858190536499023,0.0014818668365478515
,0.0464159,0.3,5,0.72,0.09854496999396321,146,0.7,0.65,0.7333333333333334,0.6166666666666667,0.9,0.03271803855895996,0.001705169677734375
,0.0464159,0.3,10,0.7066666666666667,0.09345230512584125,181,0.7166666666666667,0.7333333333333334,0.7333333333333334,0.5333333333333333,0.8166666666666667,0.03245110511779785,0.001705026626586914
,0.0464159,0.3,20,0.7966666666666666,0.0915302014516399,14,0.8166666666666667,0.6333333333333333,0.8166666666666667,0.8,0.9166666666666667,0.03239879608154297,0.001709747314453125
,0.0464159,0.3,50,0.7966666666666666,0.10821788720498621,14,0.8166666666666667,0.6333333333333333,0.7166666666666667,0.9,0.9166666666666667,0.03270139694213867,0.0017282485961914063
,0.0464159,0.5,5,0.6666666666666666,0.11785113019775793,349,0.8,0.75,0.7333333333333334,0.5333333333333333,0.5166666666666667,0.02394404411315918,0.0018480300903320312
,0.0464159,0.5,10,0.6866666666666666,0.17172329163188343,281,1.0,0.55,0.7333333333333334,0.5333333333333333,0.6166666666666667,0.023479986190795898,0.0017035961151123046
,0.0464159,0.5,20,0.6900000000000001,0.0703957069398096,232,0.8166666666666667,0.65,0.6333333333333333,0.6333333333333333,0.7166666666666667,0.023439931869506835,0.001710653305053711
,0.0464159,0.5,50,0.6833333333333333,0.14794894014114765,286,0.6166666666666667,0.5333333333333333,0.55,0.9,0.8166666666666667,0.023473167419433595,0.0017255306243896484
,0.0464159,0.7,5,0.4766666666666667,0.09977753031397177,705,0.5,0.5,0.4166666666666667,0.3333333333333333,0.6333333333333333,0.004991006851196289,0.0017007350921630859
,0.0464159,0.7,10,0.54,0.09921917377424813,590,0.5,0.45,0.5166666666666667,0.5,0.7333333333333334,0.00489659309387207,0.0016954898834228515
,0.0464159,0.7,20,0.39666666666666667,0.17619433715203348,753,0.5833333333333334,0.35,0.43333333333333335,0.08333333333333333,0.5333333333333333,0.004953956604003907,0.001783895492553711
,0.0464159,0.7,50,0.5733333333333335,0.0442216638714053,544,0.6333333333333333,0.55,0.6166666666666667,0.5166666666666667,0.55,0.0049664020538330075,0.001699209213256836
,0.0464159,0.9,5,0.4766666666666667,0.09977753031397177,705,0.5,0.5,0.4166666666666667,0.3333333333333333,0.6333333333333333,0.004860115051269531,0.0017035484313964843
,0.0464159,0.9,10,0.54,0.09921917377424813,590,0.5,0.45,0.5166666666666667,0.5,0.7333333333333334,0.004761600494384765,0.0016976356506347655
,0.0464159,0.9,20,0.39666666666666667,0.17619433715203348,753,0.5833333333333334,0.35,0.43333333333333335,0.08333333333333333,0.5333333333333333,0.004779243469238281,0.001689767837524414
,0.0464159,0.9,50,0.5733333333333335,0.0442216638714053,544,0.6333333333333333,0.55,0.6166666666666667,0.5166666666666667,0.55,0.004863452911376953,0.001711130142211914
,0.16681,0.1,5,0.72,0.116619037896906,146,0.6166666666666667,0.65,0.8166666666666667,0.6166666666666667,0.9,0.06942448616027833,0.0017315864562988282
,0.16681,0.1,10,0.6733333333333332,0.12138094304022082,314,0.5333333333333333,0.5666666666666667,0.8166666666666667,0.6333333333333333,0.8166666666666667,0.06948919296264648,0.0017406463623046875
,0.16681,0.1,20,0.6933333333333334,0.07272474743090475,219,0.6166666666666667,0.65,0.65,0.7333333333333334,0.8166666666666667,0.06938514709472657,0.001722860336303711
,0.16681,0.1,50,0.7066666666666667,0.09043106644167023,181,0.6166666666666667,0.6333333333333333,0.65,0.8166666666666667,0.8166666666666667,0.05680394172668457,0.00154266357421875
,0.16681,0.3,5,0.7433333333333334,0.1284955684493092,75,0.8166666666666667,0.5666666666666667,0.8166666666666667,0.6166666666666667,0.9,0.05934252738952637,0.0014350414276123047
,0.16681,0.3,10,0.67,0.057154760664940824,321,0.7,0.5666666666666667,0.65,0.7166666666666667,0.7166666666666667,0.05910930633544922,0.001427936553955078
,0.16681,0.3,20,0.7200000000000001,0.0635959467611297,138,0.7166666666666667,0.7166666666666667,0.7333333333333334,0.6166666666666667,0.8166666666666667,0.05913839340209961,0.0014290809631347656
,0.16681,0.3,50,0.7766666666666667,0.1147945023848171,35,0.7166666666666667,0.6166666666666667,0.7333333333333334,0.9,0.9166666666666667,0.05931754112243652,0.0014271736145019531
,0.16681,0.5,5,0.7033333333333334,0.11469767022723504,206,0.7,0.5666666666666667,0.7333333333333334,0.6166666666666667,0.9,0.06271276473999024,0.0014083385467529297
,0.16681,0.5,10,0.7566666666666666,0.042946995755750415,60,0.8,0.7333333333333334,0.7166666666666667,0.7166666666666667,0.8166666666666667,0.06258597373962402,0.0014159202575683594
,0.16681,0.5,20,0.7766666666666667,0.07195677714974301,35,0.7166666666666667,0.7166666666666667,0.7333333333333334,0.9,0.8166666666666667,0.06425485610961915,0.001428079605102539
,0.16681,0.5,50,0.7766666666666667,0.1147945023848171,35,0.7166666666666667,0.6166666666666667,0.7333333333333334,0.9,0.9166666666666667,0.06340150833129883,0.0015515327453613282
,0.16681,0.7,5,0.7233333333333334,0.044221663871405366,118,0.7,0.6666666666666666,0.7333333333333334,0.7166666666666667,0.8,0.0761218547821045,0.0014147281646728516
,0.16681,0.7,10,0.72,0.05906681715556451,146,0.7166666666666667,0.6333333333333333,0.7333333333333334,0.7,0.8166666666666667,0.07629752159118652,0.0014187812805175782
,0.16681,0.7,20,0.7933333333333333,0.08730533902472531,21,0.8,0.6333333333333333,0.8166666666666667,0.9,0.8166666666666667,0.07634139060974121,0.0014185428619384766
,0.16681,0.7,50,0.7566666666666666,0.12587471725666138,60,0.8166666666666667,0.5333333333333333,0.7166666666666667,0.9,0.8166666666666667,0.07619400024414062,0.001419830322265625
,0.16681,0.9,5,0.7333333333333334,0.03496029493900508,99,0.7,0.7166666666666667,0.7333333333333334,0.7166666666666667,0.8,0.0740541934967041,0.0014125347137451173
,0.16681,0.9,10,0.7366666666666667,0.042687494916218996,92,0.7,0.7333333333333334,0.7333333333333334,0.7,0.8166666666666667,0.07402472496032715,0.001413583755493164
,0.16681,0.9,20,0.6966666666666667,0.10821788720498618,215,0.8,0.5333333333333333,0.7166666666666667,0.6166666666666667,0.8166666666666667,0.07420339584350585,0.001420307159423828
,0.16681,0.9,50,0.7200000000000001,0.12128936932440171,138,0.7166666666666667,0.5333333333333333,0.7166666666666667,0.7166666666666667,0.9166666666666667,0.07403173446655273,0.0014247894287109375
,0.599484,0.1,5,0.63,0.10077477638553982,415,0.6333333333333333,0.55,0.8166666666666667,0.5333333333333333,0.6166666666666667,0.1259225368499756,0.001577472686767578
,0.599484,0.1,10,0.6533333333333333,0.13960261060914617,378,0.5333333333333333,0.5666666666666667,0.55,0.7166666666666667,0.9,0.1254490852355957,0.00149078369140625
,0.599484,0.1,20,0.71,0.07498147919467994,160,0.6166666666666667,0.6333333333333333,0.75,0.7333333333333334,0.8166666666666667,0.12550787925720214,0.0015085697174072265
,0.599484,0.1,50,0.7066666666666667,0.09043106644167023,181,0.6166666666666667,0.6333333333333333,0.65,0.8166666666666667,0.8166666666666667,0.12566871643066407,0.0015651702880859375
,0.599484,0.3,5,0.7166666666666668,0.08628119403696523,155,0.6166666666666667,0.7333333333333334,0.8166666666666667,0.6166666666666667,0.8,0.1452188491821289,0.0015128135681152343
,0.599484,0.3,10,0.6766666666666667,0.10832051206181281,296,0.5333333333333333,0.5666666666666667,0.7333333333333334,0.7333333333333334,0.8166666666666667,0.1470487117767334,0.0014949798583984374
,0.599484,0.3,20,0.6733333333333333,0.05011098792790972,303,0.6166666666666667,0.6333333333333333,0.65,0.7333333333333334,0.7333333333333334,0.14768543243408203,0.0016141891479492187
,0.599484,0.3,50,0.7066666666666667,0.06463573143221772,181,0.7166666666666667,0.6333333333333333,0.65,0.8166666666666667,0.7166666666666667,0.14751691818237306,0.0014936447143554688
,0.599484,0.5,5,0.8,0.09603240193925287,10,0.8333333333333333,0.8333333333333333,0.8166666666666667,0.6166666666666667,0.9,0.16030435562133788,0.0015118122100830078
,0.599484,0.5,10,0.6566666666666666,0.10252370999486465,359,0.5333333333333333,0.5666666666666667,0.65,0.7166666666666667,0.8166666666666667,0.15833072662353515,0.0015006065368652344
,0.599484,0.5,20,0.7066666666666667,0.07348469228349534,181,0.6166666666666667,0.6333333333333333,0.7333333333333334,0.7333333333333334,0.8166666666666667,0.15831165313720702,0.0015291690826416016
,0.599484,0.5,50,0.7833333333333334,0.0948683298050514,26,0.8166666666666667,0.6333333333333333,0.7333333333333334,0.8166666666666667,0.9166666666666667,0.15955405235290526,0.0015873432159423829
,0.599484,0.7,5,0.7833333333333333,0.09603240193925287,28,0.8333333333333333,0.75,0.8166666666666667,0.6166666666666667,0.9,0.1825119972229004,0.0016463279724121093
,0.599484,0.7,10,0.7066666666666667,0.06110100926607786,181,0.7,0.65,0.65,0.7166666666666667,0.8166666666666667,0.18160395622253417,0.0016415119171142578
,0.599484,0.7,20,0.6833333333333333,0.09831920802501751,286,0.7166666666666667,0.6166666666666667,0.7333333333333334,0.5333333333333333,0.8166666666666667,0.1812206745147705,0.0015226840972900391
,0.599484,0.7,50,0.76,0.11085526098877264,49,0.8166666666666667,0.6333333333333333,0.6333333333333333,0.8,0.9166666666666667,0.18138060569763184,0.0015081405639648438
,0.599484,0.9,5,0.79,0.09404490653110589,23,0.8,0.8333333333333333,0.8,0.6166666666666667,0.9,0.20121850967407226,0.0015048980712890625
,0.599484,0.9,10,0.74,0.066332495807108,84,0.7,0.8166666666666667,0.65,0.7166666666666667,0.8166666666666667,0.20163497924804688,0.0014856338500976562
,0.599484,0.9,20,0.7366666666666667,0.07102425250887505,92,0.8,0.6166666666666667,0.7333333333333334,0.7166666666666667,0.8166666666666667,0.20190691947937012,0.0015025138854980469
,0.599484,0.9,50,0.74,0.12719189352225943,84,0.8166666666666667,0.5333333333333333,0.7166666666666667,0.7166666666666667,0.9166666666666667,0.20152649879455567,0.0015041828155517578
,2.15443,0.1,5,0.5733333333333334,0.15040685563571304,560,0.35,0.55,0.8166666666666667,0.6166666666666667,0.5333333333333333,0.2521946907043457,0.0016353607177734375
,2.15443,0.1,10,0.6166666666666667,0.09006170724070864,450,0.5166666666666667,0.5666666666666667,0.55,0.7166666666666667,0.7333333333333334,0.2508538722991943,0.0015328407287597656
,2.15443,0.1,20,0.6033333333333333,0.11709445380166862,471,0.6166666666666667,0.4666666666666667,0.5666666666666667,0.55,0.8166666666666667,0.25019283294677735,0.0015069007873535155
,2.15443,0.1,50,0.6900000000000001,0.07498147919467994,232,0.6166666666666667,0.6333333333333333,0.65,0.7333333333333334,0.8166666666666667,0.2505156993865967,0.001530933380126953
,2.15443,0.3,5,0.5900000000000001,0.12498888839501783,529,0.6166666666666667,0.5333333333333333,0.8166666666666667,0.5333333333333333,0.45,0.3018897533416748,0.0015333175659179687
,2.15443,0.3,10,0.6766666666666667,0.10832051206181281,296,0.5333333333333333,0.5666666666666667,0.7333333333333334,0.7333333333333334,0.8166666666666667,0.30182952880859376,0.0015330314636230469
,2.15443,0.3,20,0.6366666666666667,0.05416025603090642,403,0.6166666666666667,0.6333333333333333,0.5666666666666667,0.6333333333333333,0.7333333333333334,0.30158090591430664,0.0015350818634033204
,2.15443,0.3,50,0.7466666666666667,0.08589399151150083,73,0.8166666666666667,0.6333333333333333,0.65,0.8166666666666667,0.8166666666666667,0.3028594970703125,0.0016589641571044921
,2.15443,0.5,5,0.6666666666666667,0.08944271909999157,344,0.6166666666666667,0.5666666666666667,0.8166666666666667,0.6166666666666667,0.7166666666666667,0.3551729679107666,0.0015282154083251954
,2.15443,0.5,10,0.6733333333333333,0.06879922480183433,303,0.6166666666666667,0.5666666666666667,0.7333333333333334,0.7166666666666667,0.7333333333333334,0.35140652656555177,0.0015878677368164062
,2.15443,0.5,20,0.6733333333333332,0.07272474743090475,314,0.6166666666666667,0.65,0.65,0.6333333333333333,0.8166666666666667,0.3514259338378906,0.0015413284301757813
,2.15443,0.5,50,0.7233333333333334,0.05830951894845301,118,0.7166666666666667,0.6333333333333333,0.7333333333333334,0.8166666666666667,0.7166666666666667,0.35347471237182615,0.0015392303466796875
,2.15443,0.7,5,0.6066666666666667,0.1793816539609828,468,0.6,0.2833333333333333,0.8166666666666667,0.6166666666666667,0.7166666666666667,0.3945000648498535,0.001546478271484375
,2.15443,0.7,10,0.6933333333333334,0.08602325267042628,219,0.6333333333333333,0.5666666666666667,0.7333333333333334,0.7166666666666667,0.8166666666666667,0.3914283275604248,0.001561880111694336
,2.15443,0.7,20,0.6199999999999999,0.10187137859957417,435,0.6166666666666667,0.5666666666666667,0.5666666666666667,0.5333333333333333,0.8166666666666667,0.39331827163696287,0.0016661643981933593
,2.15443,0.7,50,0.7066666666666667,0.10413666234542206,181,0.7166666666666667,0.6333333333333333,0.55,0.8166666666666667,0.8166666666666667,0.39446115493774414,0.0015462875366210938
,2.15443,0.9,5,0.71,0.1030641655582687,160,0.7333333333333334,0.5666666666666667,0.8333333333333333,0.6166666666666667,0.8,0.42371106147766113,0.0015610694885253907
,2.15443,0.9,10,0.6933333333333334,0.08602325267042628,219,0.6333333333333333,0.5666666666666667,0.7333333333333334,0.7166666666666667,0.8166666666666667,0.4190204620361328,0.0015472412109375
,2.15443,0.9,20,0.65,0.12427567921538164,389,0.7,0.65,0.65,0.43333333333333335,0.8166666666666667,0.4193699836730957,0.0015449047088623047
,2.15443,0.9,50,0.7200000000000001,0.13224556283251584,138,0.7166666666666667,0.5333333333333333,0.6333333333333333,0.8,0.9166666666666667,0.41924710273742677,0.0015628337860107422
,7.74264,0.1,5,0.6266666666666666,0.10360180178613368,423,0.6333333333333333,0.5333333333333333,0.8166666666666667,0.6166666666666667,0.5333333333333333,0.29409170150756836,0.0015335559844970703
,7.74264,0.1,10,0.6,0.12064640713902569,480,0.7166666666666667,0.3666666666666667,0.65,0.6333333333333333,0.6333333333333333,0.295014476776123,0.0015312671661376954
,7.74264,0.1,20,0.6366666666666667,0.11125546178852423,403,0.6166666666666667,0.4666666666666667,0.65,0.6333333333333333,0.8166666666666667,0.29572596549987795,0.0015375614166259766
,7.74264,0.1,50,0.6900000000000001,0.07498147919467994,232,0.6166666666666667,0.6333333333333333,0.65,0.7333333333333334,0.8166666666666667,0.295423698425293,0.0016451835632324218
,7.74264,0.3,5,0.5733333333333334,0.12587471725666138,560,0.5333333333333333,0.5333333333333333,0.8166666666666667,0.5333333333333333,0.45,0.4876624584197998,0.00158233642578125
,7.74264,0.3,10,0.6666666666666667,0.13165611772087665,344,0.6166666666666667,0.55,0.55,0.7166666666666667,0.9,0.490146541595459,0.0015872001647949218
,7.74264,0.3,20,0.6199999999999999,0.10187137859957417,435,0.6166666666666667,0.5666666666666667,0.5666666666666667,0.5333333333333333,0.8166666666666667,0.48796567916870115,0.0015691757202148438
,7.74264,0.3,50,0.6900000000000001,0.07498147919467994,232,0.6166666666666667,0.6333333333333333,0.65,0.7333333333333334,0.8166666666666667,0.48797383308410647,0.0015676498413085937
,7.74264,0.5,5,0.5733333333333334,0.12587471725666138,560,0.5333333333333333,0.5333333333333333,0.8166666666666667,0.5333333333333333,0.45,0.5182074069976806,0.0015618324279785157
,7.74264,0.5,10,0.71,0.1057250101810247,160,0.6166666666666667,0.75,0.65,0.6333333333333333,0.9,0.5180946350097656,0.0015546798706054688
,7.74264,0.5,20,0.6199999999999999,0.10187137859957417,435,0.6166666666666667,0.5666666666666667,0.5666666666666667,0.5333333333333333,0.8166666666666667,0.517694616317749,0.0015623092651367188
,7.74264,0.5,50,0.7266666666666666,0.07859884081701064,107,0.7166666666666667,0.6333333333333333,0.65,0.8166666666666667,0.8166666666666667,0.5188236713409424,0.0015765190124511718
,7.74264,0.7,5,0.5766666666666668,0.12498888839501783,537,0.5333333333333333,0.55,0.8166666666666667,0.5333333333333333,0.45,0.6220428466796875,0.0016815185546875
,7.74264,0.7,10,0.6866666666666666,0.12710450643291746,281,0.5166666666666667,0.65,0.7333333333333334,0.6333333333333333,0.9,0.6204907417297363,0.0015655040740966796
,7.74264,0.7,20,0.64,0.10883218478209672,401,0.7166666666666667,0.5666666666666667,0.5666666666666667,0.5333333333333333,0.8166666666666667,0.6182145118713379,0.0015690326690673828
,7.74264,0.7,50,0.7266666666666666,0.07859884081701064,107,0.7166666666666667,0.6333333333333333,0.65,0.8166666666666667,0.8166666666666667,0.6194114208221435,0.0015735626220703125
,7.74264,0.9,5,0.5933333333333334,0.2048305532764962,525,0.8,0.2833333333333333,0.8166666666666667,0.6166666666666667,0.45,0.7184918403625489,0.001581573486328125
,7.74264,0.9,10,0.6700000000000002,0.12970050972229147,319,0.43333333333333335,0.65,0.7333333333333334,0.7166666666666667,0.8166666666666667,0.7163969516754151,0.0015755653381347655
,7.74264,0.9,20,0.6599999999999999,0.0992191737742481,354,0.6166666666666667,0.5666666666666667,0.5666666666666667,0.7333333333333334,0.8166666666666667,0.7163246631622314,0.001571989059448242
,7.74264,0.9,50,0.7233333333333333,0.08205689083394115,134,0.7166666666666667,0.6333333333333333,0.6333333333333333,0.8166666666666667,0.8166666666666667,0.715474271774292,0.001564788818359375
,27.8256,0.1,5,0.5933333333333333,0.0501109879279097,528,0.6333333333333333,0.5333333333333333,0.65,0.6166666666666667,0.5333333333333333,0.31507363319396975,0.0016640663146972657
,27.8256,0.1,10,0.6,0.12064640713902569,480,0.7166666666666667,0.3666666666666667,0.65,0.6333333333333333,0.6333333333333333,0.31456923484802246,0.0015977859497070313
,27.8256,0.1,20,0.6566666666666666,0.1147945023848171,359,0.7166666666666667,0.4666666666666667,0.65,0.6333333333333333,0.8166666666666667,0.31453452110290525,0.001531505584716797
,27.8256,0.1,50,0.6699999999999999,0.10077477638553982,329,0.5166666666666667,0.6333333333333333,0.65,0.7333333333333334,0.8166666666666667,0.3147160053253174,0.001547861099243164
,27.8256,0.3,5,0.6266666666666666,0.10360180178613368,423,0.6333333333333333,0.5333333333333333,0.8166666666666667,0.6166666666666667,0.5333333333333333,0.42821035385131834,0.001564168930053711
,27.8256,0.3,10,0.6,0.12064640713902569,480,0.7166666666666667,0.3666666666666667,0.65,0.6333333333333333,0.6333333333333333,0.42679848670959475,0.0015391826629638672
,27.8256,0.3,20,0.6366666666666667,0.11125546178852423,403,0.6166666666666667,0.4666666666666667,0.65,0.6333333333333333,0.8166666666666667,0.4276589870452881,0.0015597820281982421
,27.8256,0.3,50,0.6900000000000001,0.07498147919467994,232,0.6166666666666667,0.6333333333333333,0.65,0.7333333333333334,0.8166666666666667,0.4270834445953369,0.0015573978424072265
,27.8256,0.5,5,0.5366666666666666,0.12128936932440171,638,0.35,0.5333333333333333,0.7333333333333334,0.5333333333333333,0.5333333333333333,0.6299027919769287,0.0015712261199951171
,27.8256,0.5,10,0.6166666666666667,0.14181364924121764,450,0.7166666666666667,0.3666666666666667,0.55,0.7166666666666667,0.7333333333333334,0.6298004150390625,0.0015692710876464844
,27.8256,0.5,20,0.6033333333333333,0.11709445380166862,471,0.6166666666666667,0.4666666666666667,0.5666666666666667,0.55,0.8166666666666667,0.6298083782196044,0.001576709747314453
,27.8256,0.5,50,0.6900000000000001,0.07498147919467994,232,0.6166666666666667,0.6333333333333333,0.65,0.7333333333333334,0.8166666666666667,0.6302349090576171,0.0015786170959472656
,27.8256,0.7,5,0.5366666666666666,0.12128936932440171,638,0.35,0.5333333333333333,0.7333333333333334,0.5333333333333333,0.5333333333333333,0.6782143115997314,0.0015666961669921875
,27.8256,0.7,10,0.6866666666666666,0.11944315244779279,281,0.6166666666666667,0.65,0.55,0.7166666666666667,0.9,0.6809010982513428,0.0015549182891845704
,27.8256,0.7,20,0.6033333333333333,0.07023769168568494,471,0.6166666666666667,0.5666666666666667,0.5666666666666667,0.5333333333333333,0.7333333333333334,0.6803036689758301,0.001686429977416992
,27.8256,0.7,50,0.6900000000000001,0.07498147919467994,232,0.6166666666666667,0.6333333333333333,0.65,0.7333333333333334,0.8166666666666667,0.6776433944702148,0.0015879154205322265
,27.8256,0.9,5,0.59,0.11333333333333334,531,0.5333333333333333,0.5333333333333333,0.8166666666666667,0.5333333333333333,0.5333333333333333,0.6971805572509766,0.001572418212890625
,27.8256,0.9,10,0.67,0.14734690736866896,321,0.6166666666666667,0.45,0.65,0.7333333333333334,0.9,0.6985793590545655,0.0015667438507080077
,27.8256,0.9,20,0.6033333333333333,0.07023769168568494,471,0.6166666666666667,0.5666666666666667,0.5666666666666667,0.5333333333333333,0.7333333333333334,0.6989166259765625,0.001576375961303711
,27.8256,0.9,50,0.6900000000000001,0.07498147919467994,232,0.6166666666666667,0.6333333333333333,0.65,0.7333333333333334,0.8166666666666667,0.698655366897583,0.0015806198120117188
,100.0,0.1,5,0.5766666666666665,0.05333333333333334,539,0.6333333333333333,0.5333333333333333,0.65,0.5333333333333333,0.5333333333333333,0.37291464805603025,0.001542806625366211
,100.0,0.1,10,0.5666666666666667,0.10327955589886444,566,0.6333333333333333,0.3666666666666667,0.5666666666666667,0.6333333333333333,0.6333333333333333,0.3734001636505127,0.0015944957733154297
,100.0,0.1,20,0.6733333333333333,0.14007934259633797,303,0.7166666666666667,0.4666666666666667,0.65,0.6333333333333333,0.9,0.3732330322265625,0.0015192031860351562
,100.0,0.1,50,0.6699999999999999,0.10077477638553982,329,0.5166666666666667,0.6333333333333333,0.65,0.7333333333333334,0.8166666666666667,0.3727413654327393,0.001538991928100586
,100.0,0.3,5,0.5766666666666665,0.05333333333333334,539,0.6333333333333333,0.5333333333333333,0.65,0.5333333333333333,0.5333333333333333,0.3778710842132568,0.0015183448791503905
,100.0,0.3,10,0.5833333333333333,0.1183215956619923,533,0.7166666666666667,0.3666666666666667,0.5666666666666667,0.6333333333333333,0.6333333333333333,0.3771878719329834,0.001533842086791992
,100.0,0.3,20,0.6566666666666666,0.1147945023848171,359,0.7166666666666667,0.4666666666666667,0.65,0.6333333333333333,0.8166666666666667,0.3771230697631836,0.0015358924865722656
,100.0,0.3,50,0.6699999999999999,0.10077477638553982,329,0.5166666666666667,0.6333333333333333,0.65,0.7333333333333334,0.8166666666666667,0.37704782485961913,0.0015372753143310547
,100.0,0.5,5,0.5766666666666665,0.05333333333333334,539,0.6333333333333333,0.5333333333333333,0.65,0.5333333333333333,0.5333333333333333,0.3985103130340576,0.0015534400939941407
,100.0,0.5,10,0.6,0.12064640713902569,480,0.7166666666666667,0.3666666666666667,0.65,0.6333333333333333,0.6333333333333333,0.39861559867858887,0.001580047607421875
,100.0,0.5,20,0.6566666666666666,0.1147945023848171,359,0.7166666666666667,0.4666666666666667,0.65,0.6333333333333333,0.8166666666666667,0.3979705810546875,0.00156402587890625
,100.0,0.5,50,0.6900000000000001,0.07498147919467994,232,0.6166666666666667,0.6333333333333333,0.65,0.7333333333333334,0.8166666666666667,0.3983060359954834,0.001562356948852539
,100.0,0.7,5,0.5766666666666665,0.05333333333333334,539,0.6333333333333333,0.5333333333333333,0.65,0.5333333333333333,0.5333333333333333,0.42598915100097656,0.0015544414520263672
,100.0,0.7,10,0.6,0.12064640713902569,480,0.7166666666666667,0.3666666666666667,0.65,0.6333333333333333,0.6333333333333333,0.42610483169555663,0.0015548229217529296
,100.0,0.7,20,0.6566666666666666,0.1147945023848171,359,0.7166666666666667,0.4666666666666667,0.65,0.6333333333333333,0.8166666666666667,0.42735724449157714,0.001668548583984375
,100.0,0.7,50,0.6900000000000001,0.07498147919467994,232,0.6166666666666667,0.6333333333333333,0.65,0.7333333333333334,0.8166666666666667,0.42701311111450196,0.0015655517578125
,100.0,0.9,5,0.5766666666666665,0.05333333333333334,539,0.6333333333333333,0.5333333333333333,0.65,0.5333333333333333,0.5333333333333333,0.47312250137329104,0.0015889644622802735
,100.0,0.9,10,0.6,0.12064640713902569,480,0.7166666666666667,0.3666666666666667,0.65,0.6333333333333333,0.6333333333333333,0.47625460624694826,0.0015711784362792969
,100.0,0.9,20,0.6566666666666666,0.1147945023848171,359,0.7166666666666667,0.4666666666666667,0.65,0.6333333333333333,0.8166666666666667,0.4797987937927246,0.0015646934509277344
,100.0,0.9,50,0.6900000000000001,0.07498147919467994,232,0.6166666666666667,0.6333333333333333,0.65,0.7333333333333334,0.8166666666666667,0.4784956455230713,0.0015700817108154296
0.1,0.001,0.1,5,0.4966666666666667,0.09213516640723503,673,0.5,0.5,0.6166666666666667,0.3333333333333333,0.5333333333333333,0.0033295154571533203,0.001397705078125
0.1,0.001,0.1,10,0.54,0.09921917377424813,590,0.5,0.45,0.5166666666666667,0.5,0.7333333333333334,0.0032611370086669924,0.0013907432556152343
0.1,0.001,0.1,20,0.4,0.17701224063135673,737,0.5833333333333334,0.35,0.45,0.08333333333333333,0.5333333333333333,0.0032576560974121095,0.0013985157012939454
0.1,0.001,0.1,50,0.5366666666666667,0.08259674462242578,622,0.6333333333333333,0.45,0.6166666666666667,0.43333333333333335,0.55,0.003262948989868164,0.0013984203338623046
0.1,0.001,0.3,5,0.4966666666666667,0.09213516640723503,673,0.5,0.5,0.6166666666666667,0.3333333333333333,0.5333333333333333,0.003308725357055664,0.001396322250366211
0.1,0.001,0.3,10,0.54,0.09921917377424813,590,0.5,0.45,0.5166666666666667,0.5,0.7333333333333334,0.0032262325286865233,0.0013724327087402343
0.1,0.001,0.3,20,0.4,0.17701224063135673,737,0.5833333333333334,0.35,0.45,0.08333333333333333,0.5333333333333333,0.003213977813720703,0.0013662338256835937
0.1,0.001,0.3,50,0.5366666666666667,0.08259674462242578,622,0.6333333333333333,0.45,0.6166666666666667,0.43333333333333335,0.55,0.0032541751861572266,0.0013913631439208985
0.1,0.001,0.5,5,0.4966666666666667,0.09213516640723503,673,0.5,0.5,0.6166666666666667,0.3333333333333333,0.5333333333333333,0.0032642364501953127,0.0013794898986816406
0.1,0.001,0.5,10,0.54,0.09921917377424813,590,0.5,0.45,0.5166666666666667,0.5,0.7333333333333334,0.003223276138305664,0.0013764858245849609
0.1,0.001,0.5,20,0.4,0.17701224063135673,737,0.5833333333333334,0.35,0.45,0.08333333333333333,0.5333333333333333,0.003206348419189453,0.0013717174530029296
0.1,0.001,0.5,50,0.5366666666666667,0.08259674462242578,622,0.6333333333333333,0.45,0.6166666666666667,0.43333333333333335,0.55,0.0032818794250488283,0.0013901233673095704
0.1,0.001,0.7,5,0.4966666666666667,0.09213516640723503,673,0.5,0.5,0.6166666666666667,0.3333333333333333,0.5333333333333333,0.0032124042510986326,0.0014012813568115234
0.1,0.001,0.7,10,0.54,0.09921917377424813,590,0.5,0.45,0.5166666666666667,0.5,0.7333333333333334,0.0032321453094482423,0.0013869285583496093
0.1,0.001,0.7,20,0.4,0.17701224063135673,737,0.5833333333333334,0.35,0.45,0.08333333333333333,0.5333333333333333,0.0032041072845458984,0.0013753890991210938
0.1,0.001,0.7,50,0.5366666666666667,0.08259674462242578,622,0.6333333333333333,0.45,0.6166666666666667,0.43333333333333335,0.55,0.0032858848571777344,0.0013779640197753907
0.1,0.001,0.9,5,0.4966666666666667,0.09213516640723503,673,0.5,0.5,0.6166666666666667,0.3333333333333333,0.5333333333333333,0.003209543228149414,0.001377248764038086
0.1,0.001,0.9,10,0.54,0.09921917377424813,590,0.5,0.45,0.5166666666666667,0.5,0.7333333333333334,0.003243160247802734,0.00138702392578125
0.1,0.001,0.9,20,0.4,0.17701224063135673,737,0.5833333333333334,0.35,0.45,0.08333333333333333,0.5333333333333333,0.0031938552856445312,0.0013785839080810546
0.1,0.001,0.9,50,0.5366666666666667,0.08259674462242578,622,0.6333333333333333,0.45,0.6166666666666667,0.43333333333333335,0.55,0.0032684803009033203,0.0013881206512451171
0.1,0.00359381,0.1,5,0.4966666666666667,0.09213516640723503,673,0.5,0.5,0.6166666666666667,0.3333333333333333,0.5333333333333333,0.0038519382476806642,0.0013706207275390625
0.1,0.00359381,0.1,10,0.54,0.09921917377424813,590,0.5,0.45,0.5166666666666667,0.5,0.7333333333333334,0.003906393051147461,0.001380777359008789
0.1,0.00359381,0.1,20,0.4,0.17701224063135673,737,0.5833333333333334,0.35,0.45,0.08333333333333333,0.5333333333333333,0.003887033462524414,0.0013857841491699218
0.1,0.00359381,0.1,50,0.5366666666666667,0.08259674462242578,622,0.6333333333333333,0.45,0.6166666666666667,0.43333333333333335,0.55,0.003951168060302735,0.0013781070709228515
0.1,0.00359381,0.3,5,0.4966666666666667,0.09213516640723503,673,0.5,0.5,0.6166666666666667,0.3333333333333333,0.5333333333333333,0.00346832275390625,0.0013769149780273437
0.1,0.00359381,0.3,10,0.54,0.09921917377424813,590,0.5,0.45,0.5166666666666667,0.5,0.7333333333333334,0.003503894805908203,0.001384735107421875
0.1,0.00359381,0.3,20,0.4,0.17701224063135673,737,0.5833333333333334,0.35,0.45,0.08333333333333333,0.5333333333333333,0.0035655975341796877,0.001400327682495117
0.1,0.00359381,0.3,50,0.5366666666666667,0.08259674462242578,622,0.6333333333333333,0.45,0.6166666666666667,0.43333333333333335,0.55,0.0034896373748779298,0.0013818740844726562
0.1,0.00359381,0.5,5,0.4966666666666667,0.09213516640723503,673,0.5,0.5,0.6166666666666667,0.3333333333333333,0.5333333333333333,0.0031958103179931642,0.001372957229614258
0.1,0.00359381,0.5,10,0.54,0.09921917377424813,590,0.5,0.45,0.5166666666666667,0.5,0.7333333333333334,0.003217649459838867,0.001378345489501953
0.1,0.00359381,0.5,20,0.4,0.17701224063135673,737,0.5833333333333334,0.35,0.45,0.08333333333333333,0.5333333333333333,0.003242778778076172,0.0014452457427978516
0.1,0.00359381,0.5,50,0.5366666666666667,0.08259674462242578,622,0.6333333333333333,0.45,0.6166666666666667,0.43333333333333335,0.55,0.0032064437866210936,0.001381063461303711
0.1,0.00359381,0.7,5,0.4966666666666667,0.09213516640723503,673,0.5,0.5,0.6166666666666667,0.3333333333333333,0.5333333333333333,0.003204488754272461,0.0013683319091796875
0.1,0.00359381,0.7,10,0.54,0.09921917377424813,590,0.5,0.45,0.5166666666666667,0.5,0.7333333333333334,0.0032166481018066407,0.001381683349609375
0.1,0.00359381,0.7,20,0.4,0.17701224063135673,737,0.5833333333333334,0.35,0.45,0.08333333333333333,0.5333333333333333,0.003282308578491211,0.001396942138671875
0.1,0.00359381,0.7,50,0.5366666666666667,0.08259674462242578,622,0.6333333333333333,0.45,0.6166666666666667,0.43333333333333335,0.55,0.003232860565185547,0.0013916969299316406
0.1,0.00359381,0.9,5,0.4966666666666667,0.09213516640723503,673,0.5,0.5,0.6166666666666667,0.3333333333333333,0.5333333333333333,0.003179645538330078,0.0013781547546386718
0.1,0.00359381,0.9,10,0.54,0.09921917377424813,590,0.5,0.45,0.5166666666666667,0.5,0.7333333333333334,0.0032324790954589844,0.0013689994812011719
0.1,0.00359381,0.9,20,0.4,0.17701224063135673,737,0.5833333333333334,0.35,0.45,0.08333333333333333,0.5333333333333333,0.003215789794921875,0.001447010040283203
0.1,0.00359381,0.9,50,0.5366666666666667,0.08259674462242578,622,0.6333333333333333,0.45,0.6166666666666667,0.43333333333333335,0.55,0.0032248497009277344,0.0013865947723388672
0.1,0.0129155,0.1,5,0.7033333333333334,0.0865383665716478,206,0.6166666666666667,0.65,0.6333333333333333,0.8,0.8166666666666667,0.012123870849609374,0.001389789581298828
0.1,0.0129155,0.1,10,0.6899999999999998,0.11185307823708343,275,0.6166666666666667,0.5333333333333333,0.6666666666666666,0.8166666666666667,0.8166666666666667,0.012117576599121094,0.0013826847076416015
0.1,0.0129155,0.1,20,0.76,0.127627931460511,49,0.6166666666666667,0.6333333333333333,0.7333333333333334,0.9,0.9166666666666667,0.01217045783996582,0.001378488540649414
0.1,0.0129155,0.1,50,0.7366666666666667,0.151803967156476,92,0.6166666666666667,0.5333333333333333,0.7166666666666667,0.9,0.9166666666666667,0.012160539627075195,0.0013950347900390625
0.1,0.0129155,0.3,5,0.4966666666666667,0.09213516640723503,673,0.5,0.5,0.6166666666666667,0.3333333333333333,0.5333333333333333,0.0038931846618652345,0.001386117935180664
0.1,0.0129155,0.3,10,0.54,0.09921917377424813,590,0.5,0.45,0.5166666666666667,0.5,0.7333333333333334,0.0039290904998779295,0.0013690948486328124
0.1,0.0129155,0.3,20,0.4,0.17701224063135673,737,0.5833333333333334,0.35,0.45,0.08333333333333333,0.5333333333333333,0.003964519500732422,0.0013799190521240235
0.1,0.0129155,0.3,50,0.5366666666666667,0.08259674462242578,622,0.6333333333333333,0.45,0.6166666666666667,0.43333333333333335,0.55,0.003935527801513672,0.0013911724090576172
0.1,0.0129155,0.5,5,0.4966666666666667,0.09213516640723503,673,0.5,0.5,0.6166666666666667,0.3333333333333333,0.5333333333333333,0.003911590576171875,0.0013744354248046875
0.1,0.0129155,0.5,10,0.54,0.09921917377424813,590,0.5,0.45,0.5166666666666667,0.5,0.7333333333333334,0.003929567337036133,0.0013720989227294922
0.1,0.0129155,0.5,20,0.4,0.17701224063135673,737,0.5833333333333334,0.35,0.45,0.08333333333333333,0.5333333333333333,0.003957509994506836,0.0013754844665527343
0.1,0.0129155,0.5,50,0.5366666666666667,0.08259674462242578,622,0.6333333333333333,0.45,0.6166666666666667,0.43333333333333335,0.55,0.003909254074096679,0.0013955116271972656
0.1,0.0129155,0.7,5,0.4966666666666667,0.09213516640723503,673,0.5,0.5,0.6166666666666667,0.3333333333333333,0.5333333333333333,0.0036789894104003905,0.0013697624206542968
0.1,0.0129155,0.7,10,0.54,0.09921917377424813,590,0.5,0.45,0.5166666666666667,0.5,0.7333333333333334,0.0037520408630371095,0.0013928413391113281
0.1,0.0129155,0.7,20,0.4,0.17701224063135673,737,0.5833333333333334,0.35,0.45,0.08333333333333333,0.5333333333333333,0.0036554813385009767,0.0013728618621826171
0.1,0.0129155,0.7,50,0.5366666666666667,0.08259674462242578,622,0.6333333333333333,0.45,0.6166666666666667,0.43333333333333335,0.55,0.0036839008331298827,0.001382732391357422
0.1,0.0129155,0.9,5,0.4966666666666667,0.09213516640723503,673,0.5,0.5,0.6166666666666667,0.3333333333333333,0.5333333333333333,0.003537273406982422,0.001377439498901367
0.1,0.0129155,0.9,10,0.54,0.09921917377424813,590,0.5,0.45,0.5166666666666667,0.5,0.7333333333333334,0.003625631332397461,0.0013924598693847655
0.1,0.0129155,0.9,20,0.4,0.17701224063135673,737,0.5833333333333334,0.35,0.45,0.08333333333333333,0.5333333333333333,0.0035225868225097655,0.0013798236846923827
0.1,0.0129155,0.9,50,0.5366666666666667,0.08259674462242578,622,0.6333333333333333,0.45,0.6166666666666667,0.43333333333333335,0.55,0.003546285629272461,0.001389789581298828
0.1,0.0464159,0.1,5,0.7233333333333334,0.12092238098144704,118,0.8,0.5666666666666667,0.7333333333333334,0.6166666666666667,0.9,0.022678375244140625,0.001407289505004883
0.1,0.0464159,0.1,10,0.67,0.04642796092394708,321,0.6166666666666667,0.65,0.7333333333333334,0.6333333333333333,0.7166666666666667,0.022757482528686524,0.0013843536376953124
0.1,0.0464159,0.1,20,0.7566666666666666,0.07644896627453142,60,0.6166666666666667,0.8,0.7333333333333334,0.8166666666666667,0.8166666666666667,0.02266693115234375,0.0013895511627197265
0.1,0.0464159,0.1,50,0.8133333333333332,0.08589399151150086,4,0.7166666666666667,0.7166666666666667,0.8166666666666667,0.9,0.9166666666666667,0.022698688507080077,0.0013988971710205077
0.1,0.0464159,0.3,5,0.72,0.09854496999396321,146,0.7,0.65,0.7333333333333334,0.6166666666666667,0.9,0.025318002700805663,0.0013853073120117187
0.1,0.0464159,0.3,10,0.7066666666666667,0.09345230512584125,181,0.7166666666666667,0.7333333333333334,0.7333333333333334,0.5333333333333333,0.8166666666666667,0.025412654876708983,0.0013879776000976563
0.1,0.0464159,0.3,20,0.8166666666666667,0.10055402085998906,1,0.8166666666666667,0.6333333333333333,0.8166666666666667,0.9,0.9166666666666667,0.025351810455322265,0.0013773441314697266
0.1,0.0464159,0.3,50,0.7966666666666666,0.10821788720498621,14,0.8166666666666667,0.6333333333333333,0.7166666666666667,0.9,0.9166666666666667,0.025371265411376954,0.0013953208923339843
0.1,0.0464159,0.5,5,0.6666666666666666,0.11785113019775793,349,0.8,0.75,0.7333333333333334,0.5333333333333333,0.5166666666666667,0.018373489379882812,0.0013762474060058593
0.1,0.0464159,0.5,10,0.6666666666666667,0.13621877827801698,344,0.9,0.55,0.7333333333333334,0.5333333333333333,0.6166666666666667,0.0184417724609375,0.0013779640197753907
0.1,0.0464159,0.5,20,0.6900000000000001,0.0703957069398096,232,0.8166666666666667,0.65,0.6333333333333333,0.6333333333333333,0.7166666666666667,0.018390369415283204,0.001387166976928711
0.1,0.0464159,0.5,50,0.6833333333333333,0.14794894014114765,286,0.6166666666666667,0.5333333333333333,0.55,0.9,0.8166666666666667,0.018397712707519533,0.0013916969299316406
0.1,0.0464159,0.7,5,0.4966666666666667,0.09213516640723503,673,0.5,0.5,0.6166666666666667,0.3333333333333333,0.5333333333333333,0.004037666320800781,0.0013802528381347656
0.1,0.0464159,0.7,10,0.54,0.09921917377424813,590,0.5,0.45,0.5166666666666667,0.5,0.7333333333333334,0.004086351394653321,0.0013853549957275391
0.1,0.0464159,0.7,20,0.4,0.17701224063135673,737,0.5833333333333334,0.35,0.45,0.08333333333333333,0.5333333333333333,0.004039669036865234,0.0013920783996582032
0.1,0.0464159,0.7,50,0.5366666666666667,0.08259674462242578,622,0.6333333333333333,0.45,0.6166666666666667,0.43333333333333335,0.55,0.004090261459350586,0.0013889789581298829
0.1,0.0464159,0.9,5,0.4966666666666667,0.09213516640723503,673,0.5,0.5,0.6166666666666667,0.3333333333333333,0.5333333333333333,0.0038806915283203123,0.001376771926879883
0.1,0.0464159,0.9,10,0.54,0.09921917377424813,590,0.5,0.45,0.5166666666666667,0.5,0.7333333333333334,0.0039347648620605465,0.0013917446136474609
0.1,0.0464159,0.9,20,0.4,0.17701224063135673,737,0.5833333333333334,0.35,0.45,0.08333333333333333,0.5333333333333333,0.003968334197998047,0.001375865936279297
0.1,0.0464159,0.9,50,0.5366666666666667,0.08259674462242578,622,0.6333333333333333,0.45,0.6166666666666667,0.43333333333333335,0.55,0.003902578353881836,0.0013701438903808594
0.1,0.16681,0.1,5,0.72,0.116619037896906,146,0.6166666666666667,0.65,0.8166666666666667,0.6166666666666667,0.9,0.05426383018493652,0.0013986587524414062
0.1,0.16681,0.1,10,0.6900000000000001,0.1057250101810247,232,0.6166666666666667,0.5666666666666667,0.8166666666666667,0.6333333333333333,0.8166666666666667,0.054122209548950195,0.00139007568359375
0.1,0.16681,0.1,20,0.6933333333333334,0.07272474743090475,219,0.6166666666666667,0.65,0.65,0.7333333333333334,0.8166666666666667,0.05405545234680176,0.001382589340209961
0.1,0.16681,0.1,50,0.7066666666666667,0.09043106644167023,181,0.6166666666666667,0.6333333333333333,0.65,0.8166666666666667,0.8166666666666667,0.05417976379394531,0.0014055252075195312
0.1,0.16681,0.3,5,0.7433333333333334,0.1284955684493092,75,0.8166666666666667,0.5666666666666667,0.8166666666666667,0.6166666666666667,0.9,0.05902628898620606,0.0013956546783447266
0.1,0.16681,0.3,10,0.67,0.057154760664940824,321,0.7,0.5666666666666667,0.65,0.7166666666666667,0.7166666666666667,0.05890564918518067,0.00139312744140625
0.1,0.16681,0.3,20,0.7200000000000001,0.0635959467611297,138,0.7166666666666667,0.7166666666666667,0.7333333333333334,0.6166666666666667,0.8166666666666667,0.05902032852172852,0.0013970375061035157
0.1,0.16681,0.3,50,0.7766666666666667,0.1147945023848171,35,0.7166666666666667,0.6166666666666667,0.7333333333333334,0.9,0.9166666666666667,0.05907206535339356,0.001400136947631836
0.1,0.16681,0.5,5,0.7233333333333334,0.12092238098144704,118,0.8,0.5666666666666667,0.7333333333333334,0.6166666666666667,0.9,0.06262145042419434,0.001392221450805664
0.1,0.16681,0.5,10,0.7566666666666666,0.042946995755750415,60,0.8,0.7333333333333334,0.7166666666666667,0.7166666666666667,0.8166666666666667,0.0627969741821289,0.001395273208618164
0.1,0.16681,0.5,20,0.7766666666666667,0.07195677714974301,35,0.7166666666666667,0.7166666666666667,0.7333333333333334,0.9,0.8166666666666667,0.06266312599182129,0.0013919830322265624
0.1,0.16681,0.5,50,0.7766666666666667,0.1147945023848171,35,0.7166666666666667,0.6166666666666667,0.7333333333333334,0.9,0.9166666666666667,0.06265320777893066,0.0013921737670898437
0.1,0.16681,0.7,5,0.7433333333333334,0.05120763831912408,75,0.8,0.6666666666666666,0.7333333333333334,0.7166666666666667,0.8,0.07619338035583496,0.0014049053192138673
0.1,0.16681,0.7,10,0.72,0.05906681715556451,146,0.7166666666666667,0.6333333333333333,0.7333333333333334,0.7,0.8166666666666667,0.07623224258422852,0.0013912200927734375
0.1,0.16681,0.7,20,0.8133333333333332,0.10077477638553986,4,0.8,0.6333333333333333,0.8166666666666667,0.9,0.9166666666666667,0.07637429237365723,0.001409006118774414
0.1,0.16681,0.7,50,0.7766666666666666,0.092255683353987,44,0.8166666666666667,0.6333333333333333,0.7166666666666667,0.9,0.8166666666666667,0.07619514465332031,0.0014017581939697265
0.1,0.16681,0.9,5,0.7533333333333333,0.03858612300930076,70,0.8,0.7166666666666667,0.7333333333333334,0.7166666666666667,0.8,0.0741264820098877,0.0013967990875244141
0.1,0.16681,0.9,10,0.7366666666666667,0.042687494916218996,92,0.7,0.7333333333333334,0.7333333333333334,0.7,0.8166666666666667,0.07402596473693848,0.0013931751251220702
0.1,0.16681,0.9,20,0.6966666666666667,0.10821788720498618,215,0.8,0.5333333333333333,0.7166666666666667,0.6166666666666667,0.8166666666666667,0.07407622337341309,0.0013968467712402344
0.1,0.16681,0.9,50,0.7033333333333334,0.12622730819174327,206,0.7166666666666667,0.5333333333333333,0.6333333333333333,0.7166666666666667,0.9166666666666667,0.07407565116882324,0.0014120101928710937
0.1,0.599484,0.1,5,0.63,0.10077477638553982,415,0.6333333333333333,0.55,0.8166666666666667,0.5333333333333333,0.6166666666666667,0.12543764114379882,0.0014225959777832032
0.1,0.599484,0.1,10,0.6533333333333333,0.13960261060914617,378,0.5333333333333333,0.5666666666666667,0.55,0.7166666666666667,0.9,0.1254594326019287,0.0014277935028076173
0.1,0.599484,0.1,20,0.71,0.07498147919467994,160,0.6166666666666667,0.6333333333333333,0.75,0.7333333333333334,0.8166666666666667,0.1255805015563965,0.0014235496520996094
0.1,0.599484,0.1,50,0.7066666666666667,0.09043106644167023,181,0.6166666666666667,0.6333333333333333,0.65,0.8166666666666667,0.8166666666666667,0.12533340454101563,0.0014260768890380859
0.1,0.599484,0.3,5,0.7166666666666668,0.08628119403696523,155,0.6166666666666667,0.7333333333333334,0.8166666666666667,0.6166666666666667,0.8,0.14381809234619142,0.001493692398071289
0.1,0.599484,0.3,10,0.6766666666666667,0.10832051206181281,296,0.5333333333333333,0.5666666666666667,0.7333333333333334,0.7333333333333334,0.8166666666666667,0.14356637001037598,0.0014204025268554688
0.1,0.599484,0.3,20,0.6566666666666667,0.0703957069398096,358,0.6166666666666667,0.55,0.65,0.7333333333333334,0.7333333333333334,0.14416427612304689,0.0015415668487548829
0.1,0.599484,0.3,50,0.7066666666666667,0.06463573143221772,181,0.7166666666666667,0.6333333333333333,0.65,0.8166666666666667,0.7166666666666667,0.14429836273193358,0.0015723705291748047
0.1,0.599484,0.5,5,0.8,0.09603240193925287,10,0.8333333333333333,0.8333333333333333,0.8166666666666667,0.6166666666666667,0.9,0.15865688323974608,0.0015744686126708985
0.1,0.599484,0.5,10,0.6566666666666666,0.10252370999486465,359,0.5333333333333333,0.5666666666666667,0.65,0.7166666666666667,0.8166666666666667,0.15797863006591797,0.001560211181640625
0.1,0.599484,0.5,20,0.7066666666666667,0.07348469228349534,181,0.6166666666666667,0.6333333333333333,0.7333333333333334,0.7333333333333334,0.8166666666666667,0.1579357624053955,0.001541471481323242
0.1,0.599484,0.5,50,0.7833333333333334,0.0948683298050514,26,0.8166666666666667,0.6333333333333333,0.7333333333333334,0.8166666666666667,0.9166666666666667,0.15871410369873046,0.0014982223510742188
0.1,0.599484,0.7,5,0.7833333333333333,0.09603240193925287,28,0.8333333333333333,0.75,0.8166666666666667,0.6166666666666667,0.9,0.18071599006652833,0.0014994621276855468
0.1,0.599484,0.7,10,0.7066666666666667,0.06110100926607786,181,0.7,0.65,0.65,0.7166666666666667,0.8166666666666667,0.1811145305633545,0.0014829158782958985
0.1,0.599484,0.7,20,0.7200000000000001,0.0635959467611297,138,0.7166666666666667,0.6166666666666667,0.7333333333333334,0.7166666666666667,0.8166666666666667,0.18104562759399415,0.0015057563781738282
0.1,0.599484,0.7,50,0.7799999999999999,0.12445436468396316,34,0.8166666666666667,0.6333333333333333,0.6333333333333333,0.9,0.9166666666666667,0.18150792121887208,0.0014883995056152344
0.1,0.599484,0.9,5,0.79,0.09404490653110589,23,0.8,0.8333333333333333,0.8,0.6166666666666667,0.9,0.2002854347229004,0.0014798164367675782
0.1,0.599484,0.9,10,0.74,0.066332495807108,84,0.7,0.8166666666666667,0.65,0.7166666666666667,0.8166666666666667,0.20065460205078126,0.0014862060546875
0.1,0.599484,0.9,20,0.7033333333333334,0.09273618495495704,206,0.7166666666666667,0.5333333333333333,0.7333333333333334,0.7166666666666667,0.8166666666666667,0.2007537841796875,0.0014888763427734375
0.1,0.599484,0.9,50,0.74,0.12719189352225943,84,0.8166666666666667,0.5333333333333333,0.7166666666666667,0.7166666666666667,0.9166666666666667,0.20057215690612792,0.0014948368072509766
0.1,2.15443,0.1,5,0.5733333333333334,0.15040685563571304,560,0.35,0.55,0.8166666666666667,0.6166666666666667,0.5333333333333333,0.24885883331298828,0.0014968395233154296
0.1,2.15443,0.1,10,0.6533333333333333,0.10022197585581938,378,0.6166666666666667,0.5666666666666667,0.55,0.7166666666666667,0.8166666666666667,0.24874310493469237,0.0015161514282226562
0.1,2.15443,0.1,20,0.6033333333333333,0.11709445380166862,471,0.6166666666666667,0.4666666666666667,0.5666666666666667,0.55,0.8166666666666667,0.2486722946166992,0.0015080928802490234
0.1,2.15443,0.1,50,0.6900000000000001,0.07498147919467994,232,0.6166666666666667,0.6333333333333333,0.65,0.7333333333333334,0.8166666666666667,0.248228120803833,0.0015271663665771484
0.1,2.15443,0.3,5,0.5900000000000001,0.12498888839501783,529,0.6166666666666667,0.5333333333333333,0.8166666666666667,0.5333333333333333,0.45,0.2991041660308838,0.0015282630920410156
0.1,2.15443,0.3,10,0.6766666666666667,0.10832051206181281,296,0.5333333333333333,0.5666666666666667,0.7333333333333334,0.7333333333333334,0.8166666666666667,0.29888715744018557,0.0015163898468017578
0.1,2.15443,0.3,20,0.6366666666666667,0.059066817155564506,403,0.6166666666666667,0.55,0.65,0.6333333333333333,0.7333333333333334,0.29954991340637205,0.001520538330078125
0.1,2.15443,0.3,50,0.7266666666666666,0.07859884081701064,107,0.7166666666666667,0.6333333333333333,0.65,0.8166666666666667,0.8166666666666667,0.29920258522033694,0.0015136241912841798
0.1,2.15443,0.5,5,0.6666666666666667,0.08944271909999157,344,0.6166666666666667,0.5666666666666667,0.8166666666666667,0.6166666666666667,0.7166666666666667,0.3521533966064453,0.001551198959350586
0.1,2.15443,0.5,10,0.6733333333333333,0.06879922480183433,303,0.6166666666666667,0.5666666666666667,0.7333333333333334,0.7166666666666667,0.7333333333333334,0.35205636024475095,0.0015216350555419921
0.1,2.15443,0.5,20,0.6733333333333332,0.07272474743090475,314,0.6166666666666667,0.65,0.65,0.6333333333333333,0.8166666666666667,0.3519861698150635,0.0015244007110595704
0.1,2.15443,0.5,50,0.7233333333333334,0.05830951894845301,118,0.7166666666666667,0.6333333333333333,0.7333333333333334,0.8166666666666667,0.7166666666666667,0.35164504051208495,0.001536989212036133
0.1,2.15443,0.7,5,0.6066666666666667,0.1793816539609828,468,0.6,0.2833333333333333,0.8166666666666667,0.6166666666666667,0.7166666666666667,0.39191136360168455,0.0015436172485351562
0.1,2.15443,0.7,10,0.71,0.08069145624606804,160,0.7166666666666667,0.5666666666666667,0.7333333333333334,0.7166666666666667,0.8166666666666667,0.3917239189147949,0.0016481399536132813
0.1,2.15443,0.7,20,0.6199999999999999,0.10187137859957417,435,0.6166666666666667,0.5666666666666667,0.5666666666666667,0.5333333333333333,0.8166666666666667,0.39347686767578127,0.0015403270721435548
0.1,2.15443,0.7,50,0.7066666666666667,0.10413666234542206,181,0.7166666666666667,0.6333333333333333,0.55,0.8166666666666667,0.8166666666666667,0.3913882732391357,0.0015334129333496095
0.1,2.15443,0.9,5,0.71,0.1030641655582687,160,0.7333333333333334,0.5666666666666667,0.8333333333333333,0.6166666666666667,0.8,0.4190657615661621,0.0015439510345458985
0.1,2.15443,0.9,10,0.71,0.08069145624606804,160,0.7166666666666667,0.5666666666666667,0.7333333333333334,0.7166666666666667,0.8166666666666667,0.4195113658905029,0.001535940170288086
0.1,2.15443,0.9,20,0.65,0.12427567921538164,389,0.7,0.65,0.65,0.43333333333333335,0.8166666666666667,0.41998958587646484,0.001546192169189453
0.1,2.15443,0.9,50,0.7200000000000001,0.13224556283251584,138,0.7166666666666667,0.5333333333333333,0.6333333333333333,0.8,0.9166666666666667,0.42010998725891113,0.0015447616577148437
0.1,7.74264,0.1,5,0.6466666666666666,0.09273618495495704,397,0.6333333333333333,0.6333333333333333,0.8166666666666667,0.6166666666666667,0.5333333333333333,0.29423208236694337,0.00151519775390625
0.1,7.74264,0.1,10,0.6,0.12064640713902569,480,0.7166666666666667,0.3666666666666667,0.65,0.6333333333333333,0.6333333333333333,0.2944307327270508,0.0015081405639648438
0.1,7.74264,0.1,20,0.6366666666666667,0.11125546178852423,403,0.6166666666666667,0.4666666666666667,0.65,0.6333333333333333,0.8166666666666667,0.2940927505493164,0.001529359817504883
0.1,7.74264,0.1,50,0.6900000000000001,0.07498147919467994,232,0.6166666666666667,0.6333333333333333,0.65,0.7333333333333334,0.8166666666666667,0.2939319133758545,0.0015068531036376953
0.1,7.74264,0.3,5,0.5733333333333334,0.12587471725666138,560,0.5333333333333333,0.5333333333333333,0.8166666666666667,0.5333333333333333,0.45,0.4899284839630127,0.0015399456024169922
0.1,7.74264,0.3,10,0.6666666666666667,0.13165611772087665,344,0.6166666666666667,0.55,0.55,0.7166666666666667,0.9,0.4894719123840332,0.0015457630157470702
0.1,7.74264,0.3,20,0.6199999999999999,0.10187137859957417,435,0.6166666666666667,0.5666666666666667,0.5666666666666667,0.5333333333333333,0.8166666666666667,0.48863677978515624,0.0015493869781494141
0.1,7.74264,0.3,50,0.6900000000000001,0.07498147919467994,232,0.6166666666666667,0.6333333333333333,0.65,0.7333333333333334,0.8166666666666667,0.48885412216186525,0.0015663623809814454
0.1,7.74264,0.5,5,0.5733333333333334,0.12587471725666138,560,0.5333333333333333,0.5333333333333333,0.8166666666666667,0.5333333333333333,0.45,0.5203635692596436,0.001546621322631836
0.1,7.74264,0.5,10,0.71,0.1057250101810247,160,0.6166666666666667,0.75,0.65,0.6333333333333333,0.9,0.5192377090454101,0.0015671253204345703
0.1,7.74264,0.5,20,0.6199999999999999,0.10187137859957417,435,0.6166666666666667,0.5666666666666667,0.5666666666666667,0.5333333333333333,0.8166666666666667,0.5178827762603759,0.001548910140991211
0.1,7.74264,0.5,50,0.7266666666666666,0.07859884081701064,107,0.7166666666666667,0.6333333333333333,0.65,0.8166666666666667,0.8166666666666667,0.520655632019043,0.0015563488006591797
0.1,7.74264,0.7,5,0.5766666666666668,0.12498888839501783,537,0.5333333333333333,0.55,0.8166666666666667,0.5333333333333333,0.45,0.621514368057251,0.0015411853790283203
0.1,7.74264,0.7,10,0.67,0.13597385369580758,321,0.5166666666666667,0.5666666666666667,0.7333333333333334,0.6333333333333333,0.9,0.6195601940155029,0.001543283462524414
0.1,7.74264,0.7,20,0.6566666666666666,0.10252370999486465,359,0.7166666666666667,0.5666666666666667,0.65,0.5333333333333333,0.8166666666666667,0.6188421249389648,0.0015500545501708984
0.1,7.74264,0.7,50,0.7266666666666666,0.07859884081701064,107,0.7166666666666667,0.6333333333333333,0.65,0.8166666666666667,0.8166666666666667,0.6239680290222168,0.001538991928100586
0.1,7.74264,0.9,5,0.5933333333333334,0.2048305532764962,525,0.8,0.2833333333333333,0.8166666666666667,0.6166666666666667,0.45,0.7225866317749023,0.001541471481323242
0.1,7.74264,0.9,10,0.6533333333333333,0.13638181696985854,378,0.43333333333333335,0.5666666666666667,0.7333333333333334,0.7166666666666667,0.8166666666666667,0.7197206497192383,0.0015707969665527343
0.1,7.74264,0.9,20,0.6599999999999999,0.0992191737742481,354,0.6166666666666667,0.5666666666666667,0.5666666666666667,0.7333333333333334,0.8166666666666667,0.7238865375518799,0.0016570568084716796
0.1,7.74264,0.9,50,0.7233333333333333,0.08205689083394115,134,0.7166666666666667,0.6333333333333333,0.6333333333333333,0.8166666666666667,0.8166666666666667,0.7192800045013428,0.0015659809112548828
0.1,27.8256,0.1,5,0.6133333333333333,0.04136557881996952,457,0.6333333333333333,0.6333333333333333,0.65,0.6166666666666667,0.5333333333333333,0.3155111789703369,0.0015291690826416016
0.1,27.8256,0.1,10,0.58,0.12174654911833115,535,0.7166666666666667,0.3666666666666667,0.65,0.6333333333333333,0.5333333333333333,0.31525192260742185,0.0015267372131347657
0.1,27.8256,0.1,20,0.6566666666666666,0.1147945023848171,359,0.7166666666666667,0.4666666666666667,0.65,0.6333333333333333,0.8166666666666667,0.31549868583679197,0.0015181541442871095
0.1,27.8256,0.1,50,0.6699999999999999,0.10077477638553982,329,0.5166666666666667,0.6333333333333333,0.65,0.7333333333333334,0.8166666666666667,0.31571049690246583,0.0015199661254882812
0.1,27.8256,0.3,5,0.6466666666666666,0.09273618495495704,397,0.6333333333333333,0.6333333333333333,0.8166666666666667,0.6166666666666667,0.5333333333333333,0.42707462310791017,0.0015350341796875
0.1,27.8256,0.3,10,0.6,0.12064640713902569,480,0.7166666666666667,0.3666666666666667,0.65,0.6333333333333333,0.6333333333333333,0.42692246437072756,0.0015269756317138673
0.1,27.8256,0.3,20,0.6366666666666667,0.11125546178852423,403,0.6166666666666667,0.4666666666666667,0.65,0.6333333333333333,0.8166666666666667,0.428696870803833,0.001523590087890625
0.1,27.8256,0.3,50,0.6900000000000001,0.07498147919467994,232,0.6166666666666667,0.6333333333333333,0.65,0.7333333333333334,0.8166666666666667,0.42855081558227537,0.0015212535858154298
0.1,27.8256,0.5,5,0.5566666666666666,0.12719189352225943,569,0.35,0.6333333333333333,0.7333333333333334,0.5333333333333333,0.5333333333333333,0.6295484066009521,0.0015553951263427735
0.1,27.8256,0.5,10,0.6333333333333334,0.15846485765339616,414,0.7166666666666667,0.3666666666666667,0.55,0.7166666666666667,0.8166666666666667,0.6311334609985352,0.0015432357788085938
0.1,27.8256,0.5,20,0.6033333333333333,0.11709445380166862,471,0.6166666666666667,0.4666666666666667,0.5666666666666667,0.55,0.8166666666666667,0.6325426578521729,0.0015479087829589843
0.1,27.8256,0.5,50,0.6900000000000001,0.07498147919467994,232,0.6166666666666667,0.6333333333333333,0.65,0.7333333333333334,0.8166666666666667,0.6321010112762451,0.0015706062316894532
0.1,27.8256,0.7,5,0.5366666666666666,0.12128936932440171,638,0.35,0.5333333333333333,0.7333333333333334,0.5333333333333333,0.5333333333333333,0.6738807678222656,0.0015582561492919922
0.1,27.8256,0.7,10,0.6866666666666666,0.11944315244779279,281,0.6166666666666667,0.65,0.55,0.7166666666666667,0.9,0.6763136863708497,0.001547527313232422
0.1,27.8256,0.7,20,0.6033333333333333,0.07023769168568494,471,0.6166666666666667,0.5666666666666667,0.5666666666666667,0.5333333333333333,0.7333333333333334,0.6758006095886231,0.001556253433227539
0.1,27.8256,0.7,50,0.6900000000000001,0.07498147919467994,232,0.6166666666666667,0.6333333333333333,0.65,0.7333333333333334,0.8166666666666667,0.6733978271484375,0.0015544891357421875
0.1,27.8256,0.9,5,0.59,0.11333333333333334,531,0.5333333333333333,0.5333333333333333,0.8166666666666667,0.5333333333333333,0.5333333333333333,0.6989576339721679,0.00155181884765625
0.1,27.8256,0.9,10,0.67,0.14734690736866896,321,0.6166666666666667,0.45,0.65,0.7333333333333334,0.9,0.7005981922149658,0.001542520523071289
0.1,27.8256,0.9,20,0.6033333333333333,0.07023769168568494,471,0.6166666666666667,0.5666666666666667,0.5666666666666667,0.5333333333333333,0.7333333333333334,0.7005151748657227,0.0015626907348632812
0.1,27.8256,0.9,50,0.6900000000000001,0.07498147919467994,232,0.6166666666666667,0.6333333333333333,0.65,0.7333333333333334,0.8166666666666667,0.698252534866333,0.0016664981842041016
0.1,100.0,0.1,5,0.5966666666666666,0.05206833117271103,515,0.6333333333333333,0.6333333333333333,0.65,0.5333333333333333,0.5333333333333333,0.37373933792114256,0.0015156269073486328
0.1,100.0,0.1,10,0.5466666666666666,0.0979795897113271,589,0.6333333333333333,0.3666666666666667,0.5666666666666667,0.6333333333333333,0.5333333333333333,0.37387657165527344,0.0015437602996826172
0.1,100.0,0.1,20,0.6733333333333333,0.14007934259633797,303,0.7166666666666667,0.4666666666666667,0.65,0.6333333333333333,0.9,0.3732576847076416,0.0015419960021972657
0.1,100.0,0.1,50,0.6699999999999999,0.10077477638553982,329,0.5166666666666667,0.6333333333333333,0.65,0.7333333333333334,0.8166666666666667,0.3732003211975098,0.0015307903289794923
0.1,100.0,0.3,5,0.5966666666666666,0.05206833117271103,515,0.6333333333333333,0.6333333333333333,0.65,0.5333333333333333,0.5333333333333333,0.37746233940124513,0.001526021957397461
0.1,100.0,0.3,10,0.5633333333333332,0.116619037896906,568,0.7166666666666667,0.3666666666666667,0.5666666666666667,0.6333333333333333,0.5333333333333333,0.3772724628448486,0.0015250205993652343
0.1,100.0,0.3,20,0.6566666666666666,0.1147945023848171,359,0.7166666666666667,0.4666666666666667,0.65,0.6333333333333333,0.8166666666666667,0.37668571472167967,0.0015174388885498048
0.1,100.0,0.3,50,0.6699999999999999,0.10077477638553982,329,0.5166666666666667,0.6333333333333333,0.65,0.7333333333333334,0.8166666666666667,0.37698893547058104,0.0015300750732421876
0.1,100.0,0.5,5,0.5966666666666666,0.05206833117271103,515,0.6333333333333333,0.6333333333333333,0.65,0.5333333333333333,0.5333333333333333,0.39954042434692383,0.0015239715576171875
0.1,100.0,0.5,10,0.58,0.12174654911833115,535,0.7166666666666667,0.3666666666666667,0.65,0.6333333333333333,0.5333333333333333,0.3982883930206299,0.0015332221984863282
0.1,100.0,0.5,20,0.6566666666666666,0.1147945023848171,359,0.7166666666666667,0.4666666666666667,0.65,0.6333333333333333,0.8166666666666667,0.39828834533691404,0.0015294075012207032
0.1,100.0,0.5,50,0.6900000000000001,0.07498147919467994,232,0.6166666666666667,0.6333333333333333,0.65,0.7333333333333334,0.8166666666666667,0.39867401123046875,0.00152740478515625
0.1,100.0,0.7,5,0.5966666666666666,0.05206833117271103,515,0.6333333333333333,0.6333333333333333,0.65,0.5333333333333333,0.5333333333333333,0.426056432723999,0.0015297889709472655
0.1,100.0,0.7,10,0.6,0.12064640713902569,480,0.7166666666666667,0.3666666666666667,0.65,0.6333333333333333,0.6333333333333333,0.4257638454437256,0.0015284061431884766
0.1,100.0,0.7,20,0.6566666666666666,0.1147945023848171,359,0.7166666666666667,0.4666666666666667,0.65,0.6333333333333333,0.8166666666666667,0.42558135986328127,0.0015306472778320312
0.1,100.0,0.7,50,0.6900000000000001,0.07498147919467994,232,0.6166666666666667,0.6333333333333333,0.65,0.7333333333333334,0.8166666666666667,0.42635059356689453,0.0015361309051513672
0.1,100.0,0.9,5,0.5966666666666666,0.05206833117271103,515,0.6333333333333333,0.6333333333333333,0.65,0.5333333333333333,0.5333333333333333,0.4727341175079346,0.0015496253967285157
0.1,100.0,0.9,10,0.6,0.12064640713902569,480,0.7166666666666667,0.3666666666666667,0.65,0.6333333333333333,0.6333333333333333,0.47106060981750486,0.001550579071044922
0.1,100.0,0.9,20,0.6566666666666666,0.1147945023848171,359,0.7166666666666667,0.4666666666666667,0.65,0.6333333333333333,0.8166666666666667,0.4716179847717285,0.0015419483184814452
0.1,100.0,0.9,50,0.6900000000000001,0.07498147919467994,232,0.6166666666666667,0.6333333333333333,0.65,0.7333333333333334,0.8166666666666667,0.47180795669555664,0.0015604019165039063
0.2,0.001,0.1,5,0.43,0.07333333333333333,721,0.5,0.5,0.3,0.43333333333333335,0.4166666666666667,0.00324397087097168,0.001386880874633789
0.2,0.001,0.1,10,0.5133333333333333,0.055176484524156175,641,0.5,0.45,0.6166666666666667,0.5,0.5,0.003218221664428711,0.0013802528381347656
0.2,0.001,0.1,20,0.38,0.15930404193798028,785,0.5,0.35,0.45,0.08333333333333333,0.5166666666666667,0.0032576560974121095,0.0013721466064453125
0.2,0.001,0.1,50,0.5566666666666666,0.10780641085864151,569,0.6333333333333333,0.45,0.7166666666666667,0.43333333333333335,0.55,0.0033133983612060546,0.0014044761657714844
0.2,0.001,0.3,5,0.43,0.07333333333333333,721,0.5,0.5,0.3,0.43333333333333335,0.4166666666666667,0.0032219886779785156,0.0013743877410888673
0.2,0.001,0.3,10,0.5133333333333333,0.055176484524156175,641,0.5,0.45,0.6166666666666667,0.5,0.5,0.0031954765319824217,0.0013850212097167968
0.2,0.001,0.3,20,0.38,0.15930404193798028,785,0.5,0.35,0.45,0.08333333333333333,0.5166666666666667,0.0032492160797119142,0.0013768672943115234
0.2,0.001,0.3,50,0.5566666666666666,0.10780641085864151,569,0.6333333333333333,0.45,0.7166666666666667,0.43333333333333335,0.55,0.0033158779144287108,0.001393747329711914
0.2,0.001,0.5,5,0.43,0.07333333333333333,721,0.5,0.5,0.3,0.43333333333333335,0.4166666666666667,0.0031989097595214845,0.0013832569122314454
0.2,0.001,0.5,10,0.5133333333333333,0.055176484524156175,641,0.5,0.45,0.6166666666666667,0.5,0.5,0.0032154083251953124,0.001381826400756836
0.2,0.001,0.5,20,0.38,0.15930404193798028,785,0.5,0.35,0.45,0.08333333333333333,0.5166666666666667,0.0032288074493408204,0.0013802528381347656
0.2,0.001,0.5,50,0.5566666666666666,0.10780641085864151,569,0.6333333333333333,0.45,0.7166666666666667,0.43333333333333335,0.55,0.003305339813232422,0.0013980388641357422
0.2,0.001,0.7,5,0.43,0.07333333333333333,721,0.5,0.5,0.3,0.43333333333333335,0.4166666666666667,0.0032106876373291016,0.0013898849487304688
0.2,0.001,0.7,10,0.5133333333333333,0.055176484524156175,641,0.5,0.45,0.6166666666666667,0.5,0.5,0.003218555450439453,0.001375865936279297
0.2,0.001,0.7,20,0.38,0.15930404193798028,785,0.5,0.35,0.45,0.08333333333333333,0.5166666666666667,0.003238868713378906,0.0013759136199951172
0.2,0.001,0.7,50,0.5566666666666666,0.10780641085864151,569,0.6333333333333333,0.45,0.7166666666666667,0.43333333333333335,0.55,0.0032591819763183594,0.0013946533203125
0.2,0.001,0.9,5,0.43,0.07333333333333333,721,0.5,0.5,0.3,0.43333333333333335,0.4166666666666667,0.003217458724975586,0.0013829708099365235
0.2,0.001,0.9,10,0.5133333333333333,0.055176484524156175,641,0.5,0.45,0.6166666666666667,0.5,0.5,0.003227376937866211,0.0013740062713623047
0.2,0.001,0.9,20,0.38,0.15930404193798028,785,0.5,0.35,0.45,0.08333333333333333,0.5166666666666667,0.0032576560974121095,0.0013840675354003906
0.2,0.001,0.9,50,0.5566666666666666,0.10780641085864151,569,0.6333333333333333,0.45,0.7166666666666667,0.43333333333333335,0.55,0.0032958984375,0.001400327682495117
0.2,0.00359381,0.1,5,0.43,0.07333333333333333,721,0.5,0.5,0.3,0.43333333333333335,0.4166666666666667,0.003883171081542969,0.0013809680938720703
0.2,0.00359381,0.1,10,0.5133333333333333,0.055176484524156175,641,0.5,0.45,0.6166666666666667,0.5,0.5,0.003881549835205078,0.0013765811920166016
0.2,0.00359381,0.1,20,0.38,0.15930404193798028,785,0.5,0.35,0.45,0.08333333333333333,0.5166666666666667,0.003952121734619141,0.0014611244201660155
0.2,0.00359381,0.1,50,0.5566666666666666,0.10780641085864151,569,0.6333333333333333,0.45,0.7166666666666667,0.43333333333333335,0.55,0.003897285461425781,0.001385068893432617
0.2,0.00359381,0.3,5,0.43,0.07333333333333333,721,0.5,0.5,0.3,0.43333333333333335,0.4166666666666667,0.0034785747528076174,0.0013602256774902343
0.2,0.00359381,0.3,10,0.5133333333333333,0.055176484524156175,641,0.5,0.45,0.6166666666666667,0.5,0.5,0.0034595012664794924,0.0013745784759521484
0.2,0.00359381,0.3,20,0.38,0.15930404193798028,785,0.5,0.35,0.45,0.08333333333333333,0.5166666666666667,0.003583812713623047,0.001404714584350586
0.2,0.00359381,0.3,50,0.5566666666666666,0.10780641085864151,569,0.6333333333333333,0.45,0.7166666666666667,0.43333333333333335,0.55,0.003493642807006836,0.001378488540649414
0.2,0.00359381,0.5,5,0.43,0.07333333333333333,721,0.5,0.5,0.3,0.43333333333333335,0.4166666666666667,0.003174591064453125,0.001375293731689453
0.2,0.00359381,0.5,10,0.5133333333333333,0.055176484524156175,641,0.5,0.45,0.6166666666666667,0.5,0.5,0.003198099136352539,0.0013577461242675782
0.2,0.00359381,0.5,20,0.38,0.15930404193798028,785,0.5,0.35,0.45,0.08333333333333333,0.5166666666666667,0.003321266174316406,0.0013851165771484376
0.2,0.00359381,0.5,50,0.5566666666666666,0.10780641085864151,569,0.6333333333333333,0.45,0.7166666666666667,0.43333333333333335,0.55,0.003232526779174805,0.0013776779174804687
0.2,0.00359381,0.7,5,0.43,0.07333333333333333,721,0.5,0.5,0.3,0.43333333333333335,0.4166666666666667,0.003185129165649414,0.001368236541748047
0.2,0.00359381,0.7,10,0.5133333333333333,0.055176484524156175,641,0.5,0.45,0.6166666666666667,0.5,0.5,0.003209543228149414,0.0014374732971191406
0.2,0.00359381,0.7,20,0.38,0.15930404193798028,785,0.5,0.35,0.45,0.08333333333333333,0.5166666666666667,0.0031991004943847656,0.001405191421508789
0.2,0.00359381,0.7,50,0.5566666666666666,0.10780641085864151,569,0.6333333333333333,0.45,0.7166666666666667,0.43333333333333335,0.55,0.003229188919067383,0.0013836860656738282
0.2,0.00359381,0.9,5,0.43,0.07333333333333333,721,0.5,0.5,0.3,0.43333333333333335,0.4166666666666667,0.003207826614379883,0.0013597488403320312
0.2,0.00359381,0.9,10,0.5133333333333333,0.055176484524156175,641,0.5,0.45,0.6166666666666667,0.5,0.5,0.0032475948333740234,0.001374673843383789
0.2,0.00359381,0.9,20,0.38,0.15930404193798028,785,0.5,0.35,0.45,0.08333333333333333,0.5166666666666667,0.0032480239868164064,0.0013734817504882813
0.2,0.00359381,0.9,50,0.5566666666666666,0.10780641085864151,569,0.6333333333333333,0.45,0.7166666666666667,0.43333333333333335,0.55,0.0032401084899902344,0.0013830184936523438
0.2,0.0129155,0.1,5,0.6833333333333333,0.06749485577105531,286,0.6166666666666667,0.65,0.6333333333333333,0.8,0.7166666666666667,0.012144947052001953,0.001386880874633789
0.2,0.0129155,0.1,10,0.6899999999999998,0.11185307823708343,275,0.6166666666666667,0.5333333333333333,0.6666666666666666,0.8166666666666667,0.8166666666666667,0.01206364631652832,0.0013817310333251952
0.2,0.0129155,0.1,20,0.76,0.127627931460511,49,0.6166666666666667,0.6333333333333333,0.7333333333333334,0.9,0.9166666666666667,0.01211843490600586,0.0013814926147460937
0.2,0.0129155,0.1,50,0.7366666666666667,0.151803967156476,92,0.6166666666666667,0.5333333333333333,0.7166666666666667,0.9,0.9166666666666667,0.012155914306640625,0.0013837814331054688
0.2,0.0129155,0.3,5,0.43,0.07333333333333333,721,0.5,0.5,0.3,0.43333333333333335,0.4166666666666667,0.0038613796234130858,0.0013703346252441407
0.2,0.0129155,0.3,10,0.5133333333333333,0.055176484524156175,641,0.5,0.45,0.6166666666666667,0.5,0.5,0.003895092010498047,0.0013757705688476562
0.2,0.0129155,0.3,20,0.38,0.15930404193798028,785,0.5,0.35,0.45,0.08333333333333333,0.5166666666666667,0.003987264633178711,0.0013885021209716797
0.2,0.0129155,0.3,50,0.5566666666666666,0.10780641085864151,569,0.6333333333333333,0.45,0.7166666666666667,0.43333333333333335,0.55,0.0039054393768310548,0.0013820171356201173
0.2,0.0129155,0.5,5,0.43,0.07333333333333333,721,0.5,0.5,0.3,0.43333333333333335,0.4166666666666667,0.0038519382476806642,0.0013790130615234375
0.2,0.0129155,0.5,10,0.5133333333333333,0.055176484524156175,641,0.5,0.45,0.6166666666666667,0.5,0.5,0.003929233551025391,0.0013761043548583985
0.2,0.0129155,0.5,20,0.38,0.15930404193798028,785,0.5,0.35,0.45,0.08333333333333333,0.5166666666666667,0.003928661346435547,0.0013794898986816406
0.2,0.0129155,0.5,50,0.5566666666666666,0.10780641085864151,569,0.6333333333333333,0.45,0.7166666666666667,0.43333333333333335,0.55,0.0038877487182617187,0.0013875007629394532
0.2,0.0129155,0.7,5,0.43,0.07333333333333333,721,0.5,0.5,0.3,0.43333333333333335,0.4166666666666667,0.0036247730255126952,0.0013718605041503906
0.2,0.0129155,0.7,10,0.5133333333333333,0.055176484524156175,641,0.5,0.45,0.6166666666666667,0.5,0.5,0.003730916976928711,0.0013801097869873048
0.2,0.0129155,0.7,20,0.38,0.15930404193798028,785,0.5,0.35,0.45,0.08333333333333333,0.5166666666666667,0.0036993980407714843,0.0013734817504882813
0.2,0.0129155,0.7,50,0.5566666666666666,0.10780641085864151,569,0.6333333333333333,0.45,0.7166666666666667,0.43333333333333335,0.55,0.0036701679229736326,0.0013739109039306641
0.2,0.0129155,0.9,5,0.43,0.07333333333333333,721,0.5,0.5,0.3,0.43333333333333335,0.4166666666666667,0.0035604000091552734,0.0013797760009765625
0.2,0.0129155,0.9,10,0.5133333333333333,0.055176484524156175,641,0.5,0.45,0.6166666666666667,0.5,0.5,0.0035232067108154296,0.0013841629028320313
0.2,0.0129155,0.9,20,0.38,0.15930404193798028,785,0.5,0.35,0.45,0.08333333333333333,0.5166666666666667,0.0035471439361572264,0.001385974884033203
0.2,0.0129155,0.9,50,0.5566666666666666,0.10780641085864151,569,0.6333333333333333,0.45,0.7166666666666667,0.43333333333333335,0.55,0.003519487380981445,0.001385068893432617
0.2,0.0464159,0.1,5,0.7233333333333334,0.12092238098144704,118,0.8,0.5666666666666667,0.7333333333333334,0.6166666666666667,0.9,0.022704458236694335,0.0013906478881835938
0.2,0.0464159,0.1,10,0.65,0.0767390962214756,389,0.5166666666666667,0.65,0.7333333333333334,0.6333333333333333,0.7166666666666667,0.022658538818359376,0.001386737823486328
0.2,0.0464159,0.1,20,0.7566666666666666,0.07644896627453142,60,0.6166666666666667,0.8,0.7333333333333334,0.8166666666666667,0.8166666666666667,0.022742557525634765,0.0013926029205322266
0.2,0.0464159,0.1,50,0.8133333333333332,0.08589399151150086,4,0.7166666666666667,0.7166666666666667,0.8166666666666667,0.9,0.9166666666666667,0.02274179458618164,0.0013848304748535155
0.2,0.0464159,0.3,5,0.72,0.09854496999396321,146,0.7,0.65,0.7333333333333334,0.6166666666666667,0.9,0.025396156311035156,0.0013900279998779296
0.2,0.0464159,0.3,10,0.6866666666666668,0.09966610925150703,278,0.6166666666666667,0.7333333333333334,0.7333333333333334,0.5333333333333333,0.8166666666666667,0.02535672187805176,0.0013858795166015625
0.2,0.0464159,0.3,20,0.8166666666666667,0.10055402085998906,1,0.8166666666666667,0.6333333333333333,0.8166666666666667,0.9,0.9166666666666667,0.02580547332763672,0.001399087905883789
0.2,0.0464159,0.3,50,0.7966666666666666,0.10821788720498621,14,0.8166666666666667,0.6333333333333333,0.7166666666666667,0.9,0.9166666666666667,0.025936365127563477,0.001397418975830078
0.2,0.0464159,0.5,5,0.6666666666666666,0.11785113019775793,349,0.8,0.75,0.7333333333333334,0.5333333333333333,0.5166666666666667,0.01873044967651367,0.0014016151428222657
0.2,0.0464159,0.5,10,0.6466666666666667,0.10402991022884825,395,0.8,0.55,0.7333333333333334,0.5333333333333333,0.6166666666666667,0.018748760223388672,0.0013833999633789062
0.2,0.0464159,0.5,20,0.7100000000000001,0.06548960901462833,159,0.8166666666666667,0.65,0.7333333333333334,0.6333333333333333,0.7166666666666667,0.018403053283691406,0.0013763427734375
0.2,0.0464159,0.5,50,0.6799999999999999,0.12445436468396315,293,0.6166666666666667,0.5333333333333333,0.6333333333333333,0.9,0.7166666666666667,0.01839590072631836,0.0013791561126708985
0.2,0.0464159,0.7,5,0.43,0.07333333333333333,721,0.5,0.5,0.3,0.43333333333333335,0.4166666666666667,0.004013538360595703,0.001379680633544922
0.2,0.0464159,0.7,10,0.5133333333333333,0.055176484524156175,641,0.5,0.45,0.6166666666666667,0.5,0.5,0.004017019271850586,0.0013733386993408203
0.2,0.0464159,0.7,20,0.38,0.15930404193798028,785,0.5,0.35,0.45,0.08333333333333333,0.5166666666666667,0.004111385345458985,0.001382732391357422
0.2,0.0464159,0.7,50,0.5566666666666666,0.10780641085864151,569,0.6333333333333333,0.45,0.7166666666666667,0.43333333333333335,0.55,0.004030179977416992,0.0013800621032714843
0.2,0.0464159,0.9,5,0.43,0.07333333333333333,721,0.5,0.5,0.3,0.43333333333333335,0.4166666666666667,0.003849649429321289,0.0013727188110351563
0.2,0.0464159,0.9,10,0.5133333333333333,0.055176484524156175,641,0.5,0.45,0.6166666666666667,0.5,0.5,0.003947925567626953,0.0013741016387939452
0.2,0.0464159,0.9,20,0.38,0.15930404193798028,785,0.5,0.35,0.45,0.08333333333333333,0.5166666666666667,0.003933143615722656,0.0013750076293945312
0.2,0.0464159,0.9,50,0.5566666666666666,0.10780641085864151,569,0.6333333333333333,0.45,0.7166666666666667,0.43333333333333335,0.55,0.0038876056671142576,0.0013802528381347656
0.2,0.16681,0.1,5,0.72,0.116619037896906,146,0.6166666666666667,0.65,0.8166666666666667,0.6166666666666667,0.9,0.054113340377807614,0.0013918399810791016
0.2,0.16681,0.1,10,0.6533333333333333,0.06271629240742262,378,0.6166666666666667,0.5666666666666667,0.7333333333333334,0.6333333333333333,0.7166666666666667,0.054120540618896484,0.0014142513275146485
0.2,0.16681,0.1,20,0.6933333333333334,0.07272474743090475,219,0.6166666666666667,0.65,0.65,0.7333333333333334,0.8166666666666667,0.05422978401184082,0.0014069080352783203
0.2,0.16681,0.1,50,0.7066666666666667,0.09043106644167023,181,0.6166666666666667,0.6333333333333333,0.65,0.8166666666666667,0.8166666666666667,0.05418262481689453,0.001403951644897461
0.2,0.16681,0.3,5,0.7433333333333334,0.1284955684493092,75,0.8166666666666667,0.5666666666666667,0.8166666666666667,0.6166666666666667,0.9,0.05905880928039551,0.001394176483154297
0.2,0.16681,0.3,10,0.6533333333333333,0.053124591501697425,378,0.7,0.5666666666666667,0.65,0.6333333333333333,0.7166666666666667,0.05903220176696777,0.0014029502868652343
0.2,0.16681,0.3,20,0.7233333333333334,0.05830951894845301,118,0.7166666666666667,0.6333333333333333,0.7333333333333334,0.7166666666666667,0.8166666666666667,0.059102535247802734,0.0014052391052246094
0.2,0.16681,0.3,50,0.7766666666666667,0.1147945023848171,35,0.7166666666666667,0.6166666666666667,0.7333333333333334,0.9,0.9166666666666667,0.059091949462890626,0.0014050006866455078
0.2,0.16681,0.5,5,0.7233333333333334,0.12092238098144704,118,0.8,0.5666666666666667,0.7333333333333334,0.6166666666666667,0.9,0.06259050369262695,0.0014061450958251954
0.2,0.16681,0.5,10,0.7566666666666666,0.042946995755750415,60,0.8,0.7333333333333334,0.7166666666666667,0.7166666666666667,0.8166666666666667,0.06261796951293945,0.0014020919799804688
0.2,0.16681,0.5,20,0.76,0.04666666666666665,49,0.7166666666666667,0.7166666666666667,0.7333333333333334,0.8166666666666667,0.8166666666666667,0.06262822151184082,0.001402902603149414
0.2,0.16681,0.5,50,0.7766666666666667,0.1147945023848171,35,0.7166666666666667,0.6166666666666667,0.7333333333333334,0.9,0.9166666666666667,0.062595796585083,0.0014043807983398437
0.2,0.16681,0.7,5,0.7433333333333334,0.05120763831912408,75,0.8,0.6666666666666666,0.7333333333333334,0.7166666666666667,0.8,0.07609906196594238,0.0014132022857666015
0.2,0.16681,0.7,10,0.72,0.05906681715556451,146,0.7166666666666667,0.6333333333333333,0.7333333333333334,0.7,0.8166666666666667,0.07602992057800292,0.001459026336669922
0.2,0.16681,0.7,20,0.7933333333333333,0.08730533902472531,21,0.8,0.6333333333333333,0.8166666666666667,0.9,0.8166666666666667,0.07630295753479004,0.0014111995697021484
0.2,0.16681,0.7,50,0.7966666666666666,0.08781293248212994,14,0.8166666666666667,0.6333333333333333,0.8166666666666667,0.9,0.8166666666666667,0.0761197566986084,0.0014061450958251954
0.2,0.16681,0.9,5,0.7533333333333333,0.03858612300930076,70,0.8,0.7166666666666667,0.7333333333333334,0.7166666666666667,0.8,0.07402682304382324,0.0014137744903564454
0.2,0.16681,0.9,10,0.7366666666666667,0.042687494916218996,92,0.7,0.7333333333333334,0.7333333333333334,0.7,0.8166666666666667,0.07454128265380859,0.0014078140258789063
0.2,0.16681,0.9,20,0.6966666666666667,0.10821788720498618,215,0.8,0.5333333333333333,0.7166666666666667,0.6166666666666667,0.8166666666666667,0.07410287857055664,0.0014174938201904296
0.2,0.16681,0.9,50,0.7233333333333334,0.13441230102437304,118,0.7166666666666667,0.5333333333333333,0.6333333333333333,0.8166666666666667,0.9166666666666667,0.07413268089294434,0.0014080047607421876
0.2,0.599484,0.1,5,0.6133333333333334,0.11803954139750515,456,0.6333333333333333,0.4666666666666667,0.8166666666666667,0.5333333333333333,0.6166666666666667,0.12532334327697753,0.0014277458190917968
0.2,0.599484,0.1,10,0.6733333333333333,0.13021349989749742,303,0.5333333333333333,0.5666666666666667,0.65,0.7166666666666667,0.9,0.12540440559387206,0.0014270782470703126
0.2,0.599484,0.1,20,0.6900000000000001,0.07498147919467994,232,0.6166666666666667,0.6333333333333333,0.65,0.7333333333333334,0.8166666666666667,0.1253506660461426,0.001431894302368164
0.2,0.599484,0.1,50,0.6900000000000001,0.07498147919467994,232,0.6166666666666667,0.6333333333333333,0.65,0.7333333333333334,0.8166666666666667,0.12533879280090332,0.0014410018920898438
0.2,0.599484,0.3,5,0.7166666666666668,0.08628119403696523,155,0.6166666666666667,0.7333333333333334,0.8166666666666667,0.6166666666666667,0.8,0.14345946311950683,0.0014445781707763672
0.2,0.599484,0.3,10,0.6766666666666667,0.10832051206181281,296,0.5333333333333333,0.5666666666666667,0.7333333333333334,0.7333333333333334,0.8166666666666667,0.1435521125793457,0.0014283180236816407
0.2,0.599484,0.3,20,0.6733333333333335,0.09285592184789412,302,0.6166666666666667,0.55,0.65,0.7333333333333334,0.8166666666666667,0.14370231628417968,0.001461172103881836
0.2,0.599484,0.3,50,0.7066666666666667,0.06463573143221772,181,0.7166666666666667,0.6333333333333333,0.65,0.8166666666666667,0.7166666666666667,0.14343514442443847,0.0014449119567871093
0.2,0.599484,0.5,5,0.7966666666666666,0.09854496999396321,14,0.9166666666666667,0.8333333333333333,0.8166666666666667,0.6166666666666667,0.8,0.15882229804992676,0.0014421463012695313
0.2,0.599484,0.5,10,0.6566666666666666,0.10252370999486465,359,0.5333333333333333,0.5666666666666667,0.65,0.7166666666666667,0.8166666666666667,0.15853619575500488,0.0015474319458007812
0.2,0.599484,0.5,20,0.7266666666666668,0.058309518948453015,103,0.7166666666666667,0.6333333333333333,0.7333333333333334,0.7333333333333334,0.8166666666666667,0.1577810287475586,0.0014439105987548828
0.2,0.599484,0.5,50,0.7666666666666668,0.10852547064066473,47,0.8166666666666667,0.6333333333333333,0.65,0.8166666666666667,0.9166666666666667,0.1576200008392334,0.0014442920684814454
0.2,0.599484,0.7,5,0.8,0.10954451150103323,10,0.9166666666666667,0.75,0.8166666666666667,0.6166666666666667,0.9,0.1807034969329834,0.001461172103881836
0.2,0.599484,0.7,10,0.7066666666666667,0.06110100926607786,181,0.7,0.65,0.65,0.7166666666666667,0.8166666666666667,0.18102474212646485,0.0014876842498779297
0.2,0.599484,0.7,20,0.7200000000000001,0.0635959467611297,138,0.7166666666666667,0.6166666666666667,0.7333333333333334,0.7166666666666667,0.8166666666666667,0.18083796501159669,0.0014913558959960937
0.2,0.599484,0.7,50,0.76,0.10780641085864154,49,0.8166666666666667,0.6333333333333333,0.6333333333333333,0.9,0.8166666666666667,0.18069095611572267,0.001478099822998047
0.2,0.599484,0.9,5,0.79,0.09404490653110589,23,0.8,0.8333333333333333,0.8,0.6166666666666667,0.9,0.20112848281860352,0.0014534473419189453
0.2,0.599484,0.9,10,0.74,0.066332495807108,84,0.7,0.8166666666666667,0.65,0.7166666666666667,0.8166666666666667,0.20065774917602539,0.001466512680053711
0.2,0.599484,0.9,20,0.7033333333333334,0.09273618495495704,206,0.7166666666666667,0.5333333333333333,0.7333333333333334,0.7166666666666667,0.8166666666666667,0.20040621757507324,0.0014844417572021484
0.2,0.599484,0.9,50,0.7766666666666667,0.12849556844930926,35,0.8166666666666667,0.5333333333333333,0.8166666666666667,0.8,0.9166666666666667,0.20028839111328126,0.0014986038208007813
0.2,2.15443,0.1,5,0.5566666666666666,0.1565602475442317,569,0.35,0.4666666666666667,0.8166666666666667,0.6166666666666667,0.5333333333333333,0.24919333457946777,0.0015123367309570312
0.2,2.15443,0.1,10,0.71,0.1098483803552272,160,0.7166666666666667,0.5666666666666667,0.65,0.7166666666666667,0.9,0.24836788177490235,0.0015178680419921874
0.2,2.15443,0.1,20,0.6233333333333333,0.0992191737742481,429,0.6166666666666667,0.5666666666666667,0.5666666666666667,0.55,0.8166666666666667,0.2504242420196533,0.0015233516693115234
0.2,2.15443,0.1,50,0.6900000000000001,0.07498147919467994,232,0.6166666666666667,0.6333333333333333,0.65,0.7333333333333334,0.8166666666666667,0.24899077415466309,0.0015233516693115234
0.2,2.15443,0.3,5,0.6266666666666666,0.10360180178613368,423,0.6166666666666667,0.6333333333333333,0.8166666666666667,0.5333333333333333,0.5333333333333333,0.2994065761566162,0.0015133857727050782
0.2,2.15443,0.3,10,0.6766666666666667,0.10832051206181281,296,0.5333333333333333,0.5666666666666667,0.7333333333333334,0.7333333333333334,0.8166666666666667,0.29873089790344237,0.0015141487121582032
0.2,2.15443,0.3,20,0.6366666666666667,0.059066817155564506,403,0.6166666666666667,0.55,0.65,0.6333333333333333,0.7333333333333334,0.29877047538757323,0.001531076431274414
0.2,2.15443,0.3,50,0.7266666666666666,0.07859884081701064,107,0.7166666666666667,0.6333333333333333,0.65,0.8166666666666667,0.8166666666666667,0.29970660209655764,0.0015256404876708984
0.2,2.15443,0.5,5,0.6833333333333333,0.10381607668264958,286,0.6166666666666667,0.5666666666666667,0.8166666666666667,0.6166666666666667,0.8,0.3516040325164795,0.0015400409698486327
0.2,2.15443,0.5,10,0.6733333333333333,0.06879922480183433,303,0.6166666666666667,0.5666666666666667,0.7333333333333334,0.7166666666666667,0.7333333333333334,0.35096073150634766,0.0015340328216552734
0.2,2.15443,0.5,20,0.6733333333333332,0.07272474743090475,314,0.6166666666666667,0.65,0.65,0.6333333333333333,0.8166666666666667,0.35202417373657224,0.0015367984771728516
0.2,2.15443,0.5,50,0.7233333333333334,0.05830951894845301,118,0.7166666666666667,0.6333333333333333,0.7333333333333334,0.8166666666666667,0.7166666666666667,0.3523572444915771,0.0015378952026367187
0.2,2.15443,0.7,5,0.6066666666666667,0.1793816539609828,468,0.6,0.2833333333333333,0.8166666666666667,0.6166666666666667,0.7166666666666667,0.39365620613098146,0.0015445709228515624
0.2,2.15443,0.7,10,0.71,0.08069145624606804,160,0.7166666666666667,0.5666666666666667,0.7333333333333334,0.7166666666666667,0.8166666666666667,0.3907814025878906,0.0015358448028564454
0.2,2.15443,0.7,20,0.64,0.10883218478209672,401,0.7166666666666667,0.5666666666666667,0.5666666666666667,0.5333333333333333,0.8166666666666667,0.39322190284729003,0.001526784896850586
0.2,2.15443,0.7,50,0.7266666666666666,0.07859884081701064,107,0.7166666666666667,0.6333333333333333,0.65,0.8166666666666667,0.8166666666666667,0.3923331260681152,0.0015281200408935546
0.2,2.15443,0.9,5,0.71,0.1030641655582687,160,0.7333333333333334,0.5666666666666667,0.8333333333333333,0.6166666666666667,0.8,0.41853036880493166,0.0015324115753173827
0.2,2.15443,0.9,10,0.71,0.08069145624606804,160,0.7166666666666667,0.5666666666666667,0.7333333333333334,0.7166666666666667,0.8166666666666667,0.4186356544494629,0.0015302658081054687
0.2,2.15443,0.9,20,0.65,0.12427567921538164,389,0.7,0.65,0.65,0.43333333333333335,0.8166666666666667,0.4200592517852783,0.0015368461608886719
0.2,2.15443,0.9,50,0.74,0.10780641085864158,84,0.7166666666666667,0.6333333333333333,0.6333333333333333,0.8,0.9166666666666667,0.4189284801483154,0.0015336990356445313
0.2,7.74264,0.1,5,0.6466666666666666,0.09273618495495704,397,0.6333333333333333,0.6333333333333333,0.8166666666666667,0.6166666666666667,0.5333333333333333,0.2934423923492432,0.0015011310577392578
0.2,7.74264,0.1,10,0.6,0.12064640713902569,480,0.7166666666666667,0.3666666666666667,0.65,0.6333333333333333,0.6333333333333333,0.29442334175109863,0.0015069961547851563
0.2,7.74264,0.1,20,0.6366666666666667,0.11125546178852423,403,0.6166666666666667,0.4666666666666667,0.65,0.6333333333333333,0.8166666666666667,0.29419970512390137,0.001532602310180664
0.2,7.74264,0.1,50,0.6900000000000001,0.07498147919467994,232,0.6166666666666667,0.6333333333333333,0.65,0.7333333333333334,0.8166666666666667,0.29361491203308104,0.0015235424041748046
0.2,7.74264,0.3,5,0.61,0.11035296904831232,462,0.5333333333333333,0.6333333333333333,0.8166666666666667,0.5333333333333333,0.5333333333333333,0.48850603103637696,0.001546955108642578
0.2,7.74264,0.3,10,0.7066666666666667,0.1019803902718557,181,0.6166666666666667,0.65,0.65,0.7166666666666667,0.9,0.4879606246948242,0.0015476226806640625
0.2,7.74264,0.3,20,0.6199999999999999,0.10187137859957417,435,0.6166666666666667,0.5666666666666667,0.5666666666666667,0.5333333333333333,0.8166666666666667,0.4889036178588867,0.0015396595001220704
0.2,7.74264,0.3,50,0.6900000000000001,0.07498147919467994,232,0.6166666666666667,0.6333333333333333,0.65,0.7333333333333334,0.8166666666666667,0.49121484756469724,0.00165252685546875
0.2,7.74264,0.5,5,0.61,0.11035296904831232,462,0.5333333333333333,0.6333333333333333,0.8166666666666667,0.5333333333333333,0.5333333333333333,0.5188851356506348,0.001567840576171875
0.2,7.74264,0.5,10,0.71,0.1057250101810247,160,0.6166666666666667,0.75,0.65,0.6333333333333333,0.9,0.5188630580902099,0.001549530029296875
0.2,7.74264,0.5,20,0.6199999999999999,0.10187137859957417,435,0.6166666666666667,0.5666666666666667,0.5666666666666667,0.5333333333333333,0.8166666666666667,0.518526029586792,0.001552915573120117
0.2,7.74264,0.5,50,0.7266666666666666,0.07859884081701064,107,0.7166666666666667,0.6333333333333333,0.65,0.8166666666666667,0.8166666666666667,0.5176624774932861,0.0015562057495117187
0.2,7.74264,0.7,5,0.5933333333333334,0.11185307823708343,525,0.5333333333333333,0.55,0.8166666666666667,0.5333333333333333,0.5333333333333333,0.6295843601226807,0.0015710830688476563
0.2,7.74264,0.7,10,0.67,0.13597385369580758,321,0.5166666666666667,0.5666666666666667,0.7333333333333334,0.6333333333333333,0.9,0.6343606948852539,0.00155792236328125
0.2,7.74264,0.7,20,0.6366666666666667,0.09854496999396321,403,0.6166666666666667,0.5666666666666667,0.65,0.5333333333333333,0.8166666666666667,0.6351259708404541,0.0015581130981445312
0.2,7.74264,0.7,50,0.7266666666666666,0.07859884081701064,107,0.7166666666666667,0.6333333333333333,0.65,0.8166666666666667,0.8166666666666667,0.6262877941131592,0.0015599727630615234
0.2,7.74264,0.9,5,0.61,0.19567546828585564,462,0.8,0.2833333333333333,0.8166666666666667,0.6166666666666667,0.5333333333333333,0.7176046371459961,0.0015527725219726563
0.2,7.74264,0.9,10,0.6533333333333333,0.13638181696985854,378,0.43333333333333335,0.5666666666666667,0.7333333333333334,0.7166666666666667,0.8166666666666667,0.7161686897277832,0.0015517234802246093
0.2,7.74264,0.9,20,0.6599999999999999,0.0992191737742481,354,0.6166666666666667,0.5666666666666667,0.5666666666666667,0.7333333333333334,0.8166666666666667,0.7159454822540283,0.0015605926513671876
0.2,7.74264,0.9,50,0.7233333333333333,0.08205689083394115,134,0.7166666666666667,0.6333333333333333,0.6333333333333333,0.8166666666666667,0.8166666666666667,0.7165948867797851,0.0015798091888427734
0.2,27.8256,0.1,5,0.6133333333333333,0.04136557881996952,457,0.6333333333333333,0.6333333333333333,0.65,0.6166666666666667,0.5333333333333333,0.3175600528717041,0.0015268325805664062
0.2,27.8256,0.1,10,0.6,0.08881941729649485,480,0.7166666666666667,0.4666666666666667,0.65,0.6333333333333333,0.5333333333333333,0.31529483795166013,0.0015807151794433594
0.2,27.8256,0.1,20,0.6566666666666666,0.1147945023848171,359,0.7166666666666667,0.4666666666666667,0.65,0.6333333333333333,0.8166666666666667,0.3148193836212158,0.0015140056610107421
0.2,27.8256,0.1,50,0.6699999999999999,0.10077477638553982,329,0.5166666666666667,0.6333333333333333,0.65,0.7333333333333334,0.8166666666666667,0.3161402702331543,0.0015082359313964844
0.2,27.8256,0.3,5,0.6466666666666666,0.09273618495495704,397,0.6333333333333333,0.6333333333333333,0.8166666666666667,0.6166666666666667,0.5333333333333333,0.42709908485412595,0.0015290737152099609
0.2,27.8256,0.3,10,0.62,0.08259674462242578,432,0.7166666666666667,0.4666666666666667,0.65,0.6333333333333333,0.6333333333333333,0.42647619247436525,0.0015431880950927735
0.2,27.8256,0.3,20,0.6366666666666667,0.11125546178852423,403,0.6166666666666667,0.4666666666666667,0.65,0.6333333333333333,0.8166666666666667,0.42697882652282715,0.00155181884765625
0.2,27.8256,0.3,50,0.6900000000000001,0.07498147919467994,232,0.6166666666666667,0.6333333333333333,0.65,0.7333333333333334,0.8166666666666667,0.4298083305358887,0.001536083221435547
0.2,27.8256,0.5,5,0.5566666666666666,0.12719189352225943,569,0.35,0.6333333333333333,0.7333333333333334,0.5333333333333333,0.5333333333333333,0.630695915222168,0.001538991928100586
0.2,27.8256,0.5,10,0.67,0.17301252363147973,321,0.7166666666666667,0.3666666666666667,0.65,0.7166666666666667,0.9,0.6302399158477783,0.0015501022338867188
0.2,27.8256,0.5,20,0.6033333333333333,0.11709445380166862,471,0.6166666666666667,0.4666666666666667,0.5666666666666667,0.55,0.8166666666666667,0.6312310218811035,0.0016701221466064453
0.2,27.8256,0.5,50,0.6900000000000001,0.07498147919467994,232,0.6166666666666667,0.6333333333333333,0.65,0.7333333333333334,0.8166666666666667,0.6302697658538818,0.0015608787536621094
0.2,27.8256,0.7,5,0.5566666666666666,0.12719189352225943,569,0.35,0.6333333333333333,0.7333333333333334,0.5333333333333333,0.5333333333333333,0.674079418182373,0.001562213897705078
0.2,27.8256,0.7,10,0.7066666666666667,0.1019803902718557,181,0.6166666666666667,0.65,0.65,0.7166666666666667,0.9,0.6747319221496582,0.0015569686889648437
0.2,27.8256,0.7,20,0.6199999999999999,0.10187137859957417,435,0.6166666666666667,0.5666666666666667,0.5666666666666667,0.5333333333333333,0.8166666666666667,0.6739885330200195,0.0015740394592285156
0.2,27.8256,0.7,50,0.6900000000000001,0.07498147919467994,232,0.6166666666666667,0.6333333333333333,0.65,0.7333333333333334,0.8166666666666667,0.6748105049133301,0.001584339141845703
0.2,27.8256,0.9,5,0.61,0.11035296904831232,462,0.5333333333333333,0.6333333333333333,0.8166666666666667,0.5333333333333333,0.5333333333333333,0.6984741687774658,0.001562023162841797
0.2,27.8256,0.9,10,0.71,0.10252370999486465,160,0.6166666666666667,0.65,0.65,0.7333333333333334,0.9,0.7037790775299072,0.0015367507934570313
0.2,27.8256,0.9,20,0.6199999999999999,0.10187137859957417,435,0.6166666666666667,0.5666666666666667,0.5666666666666667,0.5333333333333333,0.8166666666666667,0.6995663642883301,0.0015521526336669921
0.2,27.8256,0.9,50,0.71,0.06548960901462833,160,0.7166666666666667,0.6333333333333333,0.65,0.7333333333333334,0.8166666666666667,0.6978792667388916,0.0015514850616455077
0.2,100.0,0.1,5,0.5966666666666666,0.05206833117271103,515,0.6333333333333333,0.6333333333333333,0.65,0.5333333333333333,0.5333333333333333,0.37322063446044923,0.0015240192413330078
0.2,100.0,0.1,10,0.5666666666666667,0.06324555320336757,566,0.6333333333333333,0.4666666666666667,0.5666666666666667,0.6333333333333333,0.5333333333333333,0.37351350784301757,0.0015800952911376952
0.2,100.0,0.1,20,0.6733333333333333,0.14007934259633797,303,0.7166666666666667,0.4666666666666667,0.65,0.6333333333333333,0.9,0.3749574661254883,0.0015301704406738281
0.2,100.0,0.1,50,0.6699999999999999,0.10077477638553982,329,0.5166666666666667,0.6333333333333333,0.65,0.7333333333333334,0.8166666666666667,0.373121976852417,0.0015252590179443359
0.2,100.0,0.3,5,0.5966666666666666,0.05206833117271103,515,0.6333333333333333,0.6333333333333333,0.65,0.5333333333333333,0.5333333333333333,0.3807397365570068,0.0015336990356445313
0.2,100.0,0.3,10,0.5833333333333333,0.08563488385776752,533,0.7166666666666667,0.4666666666666667,0.5666666666666667,0.6333333333333333,0.5333333333333333,0.37720370292663574,0.0015298843383789063
0.2,100.0,0.3,20,0.6566666666666666,0.1147945023848171,359,0.7166666666666667,0.4666666666666667,0.65,0.6333333333333333,0.8166666666666667,0.37714238166809083,0.0015375137329101563
0.2,100.0,0.3,50,0.6699999999999999,0.10077477638553982,329,0.5166666666666667,0.6333333333333333,0.65,0.7333333333333334,0.8166666666666667,0.3769564628601074,0.001537322998046875
0.2,100.0,0.5,5,0.5966666666666666,0.05206833117271103,515,0.6333333333333333,0.6333333333333333,0.65,0.5333333333333333,0.5333333333333333,0.3984531402587891,0.001530933380126953
0.2,100.0,0.5,10,0.6,0.08881941729649485,480,0.7166666666666667,0.4666666666666667,0.65,0.6333333333333333,0.5333333333333333,0.4014838218688965,0.001539897918701172
0.2,100.0,0.5,20,0.6566666666666666,0.1147945023848171,359,0.7166666666666667,0.4666666666666667,0.65,0.6333333333333333,0.8166666666666667,0.3987358570098877,0.001532268524169922
0.2,100.0,0.5,50,0.6900000000000001,0.07498147919467994,232,0.6166666666666667,0.6333333333333333,0.65,0.7333333333333334,0.8166666666666667,0.3987563610076904,0.0015397071838378906
0.2,100.0,0.7,5,0.5966666666666666,0.05206833117271103,515,0.6333333333333333,0.6333333333333333,0.65,0.5333333333333333,0.5333333333333333,0.4271069526672363,0.0015220165252685547
0.2,100.0,0.7,10,0.62,0.08259674462242578,432,0.7166666666666667,0.4666666666666667,0.65,0.6333333333333333,0.6333333333333333,0.42702584266662597,0.0016466140747070312
0.2,100.0,0.7,20,0.6566666666666666,0.1147945023848171,359,0.7166666666666667,0.4666666666666667,0.65,0.6333333333333333,0.8166666666666667,0.4260262966156006,0.0015318870544433593
0.2,100.0,0.7,50,0.6900000000000001,0.07498147919467994,232,0.6166666666666667,0.6333333333333333,0.65,0.7333333333333334,0.8166666666666667,0.4259702205657959,0.0015499114990234375
0.2,100.0,0.9,5,0.5966666666666666,0.05206833117271103,515,0.6333333333333333,0.6333333333333333,0.65,0.5333333333333333,0.5333333333333333,0.4744725704193115,0.0015442371368408203
0.2,100.0,0.9,10,0.62,0.08259674462242578,432,0.7166666666666667,0.4666666666666667,0.65,0.6333333333333333,0.6333333333333333,0.47188620567321776,0.001550912857055664
0.2,100.0,0.9,20,0.6366666666666667,0.11125546178852423,403,0.6166666666666667,0.4666666666666667,0.65,0.6333333333333333,0.8166666666666667,0.4718129634857178,0.0015455722808837891
0.2,100.0,0.9,50,0.6900000000000001,0.07498147919467994,232,0.6166666666666667,0.6333333333333333,0.65,0.7333333333333334,0.8166666666666667,0.47205605506896975,0.0015483379364013671
0.5,0.001,0.1,5,0.5,0.0,657,0.5,0.5,0.5,0.5,0.5,0.003251504898071289,0.0013745784759521484
0.5,0.001,0.1,10,0.49000000000000005,0.019999999999999993,689,0.5,0.45,0.5,0.5,0.5,0.003267669677734375,0.0013901710510253907
0.5,0.001,0.1,20,0.38666666666666666,0.09510228411791405,769,0.5,0.35,0.2833333333333333,0.3,0.5,0.0032732486724853516,0.0013960838317871095
0.5,0.001,0.1,50,0.6,0.14832396974191325,480,0.45,0.55,0.75,0.45,0.8,0.0032547473907470702,0.001384401321411133
0.5,0.001,0.3,5,0.5,0.0,657,0.5,0.5,0.5,0.5,0.5,0.003194570541381836,0.0013855457305908202
0.5,0.001,0.3,10,0.49000000000000005,0.019999999999999993,689,0.5,0.45,0.5,0.5,0.5,0.003280496597290039,0.0013775825500488281
0.5,0.001,0.3,20,0.38666666666666666,0.09510228411791405,769,0.5,0.35,0.2833333333333333,0.3,0.5,0.003259134292602539,0.0013943195343017578
0.5,0.001,0.3,50,0.6,0.14832396974191325,480,0.45,0.55,0.75,0.45,0.8,0.003217792510986328,0.001393747329711914
0.5,0.001,0.5,5,0.5,0.0,657,0.5,0.5,0.5,0.5,0.5,0.003194713592529297,0.0013803482055664063
0.5,0.001,0.5,10,0.49000000000000005,0.019999999999999993,689,0.5,0.45,0.5,0.5,0.5,0.0032281875610351562,0.0014441490173339843
0.5,0.001,0.5,20,0.38666666666666666,0.09510228411791405,769,0.5,0.35,0.2833333333333333,0.3,0.5,0.0032611846923828124,0.001384735107421875
0.5,0.001,0.5,50,0.6,0.14832396974191325,480,0.45,0.55,0.75,0.45,0.8,0.003229188919067383,0.0013926029205322266
0.5,0.001,0.7,5,0.5,0.0,657,0.5,0.5,0.5,0.5,0.5,0.0031835556030273436,0.0013781547546386718
0.5,0.001,0.7,10,0.49000000000000005,0.019999999999999993,689,0.5,0.45,0.5,0.5,0.5,0.0032620906829833986,0.0013895034790039062
0.5,0.001,0.7,20,0.38666666666666666,0.09510228411791405,769,0.5,0.35,0.2833333333333333,0.3,0.5,0.0032577037811279295,0.0013803958892822266
0.5,0.001,0.7,50,0.6,0.14832396974191325,480,0.45,0.55,0.75,0.45,0.8,0.0032564640045166016,0.001382732391357422
0.5,0.001,0.9,5,0.5,0.0,657,0.5,0.5,0.5,0.5,0.5,0.0031944751739501954,0.0013869762420654296
0.5,0.001,0.9,10,0.49000000000000005,0.019999999999999993,689,0.5,0.45,0.5,0.5,0.5,0.0032328128814697265,0.0014524459838867188
0.5,0.001,0.9,20,0.38666666666666666,0.09510228411791405,769,0.5,0.35,0.2833333333333333,0.3,0.5,0.0032491207122802733,0.0013841152191162109
0.5,0.001,0.9,50,0.6,0.14832396974191325,480,0.45,0.55,0.75,0.45,0.8,0.0032337665557861327,0.0013946056365966796
0.5,0.00359381,0.1,5,0.5,0.0,657,0.5,0.5,0.5,0.5,0.5,0.0038808345794677734,0.0013813972473144531
0.5,0.00359381,0.1,10,0.49000000000000005,0.019999999999999993,689,0.5,0.45,0.5,0.5,0.5,0.003943634033203125,0.0013907432556152343
0.5,0.00359381,0.1,20,0.38666666666666666,0.09510228411791405,769,0.5,0.35,0.2833333333333333,0.3,0.5,0.003921604156494141,0.0013806819915771484
0.5,0.00359381,0.1,50,0.6,0.14832396974191325,480,0.45,0.55,0.75,0.45,0.8,0.003907489776611328,0.0013858318328857423
0.5,0.00359381,0.3,5,0.5,0.0,657,0.5,0.5,0.5,0.5,0.5,0.0035582542419433593,0.001381683349609375
0.5,0.00359381,0.3,10,0.49000000000000005,0.019999999999999993,689,0.5,0.45,0.5,0.5,0.5,0.0034818649291992188,0.001391124725341797
0.5,0.00359381,0.3,20,0.38666666666666666,0.09510228411791405,769,0.5,0.35,0.2833333333333333,0.3,0.5,0.0034970760345458983,0.0013765811920166016
0.5,0.00359381,0.3,50,0.6,0.14832396974191325,480,0.45,0.55,0.75,0.45,0.8,0.0034969806671142577,0.0013792991638183593
0.5,0.00359381,0.5,5,0.5,0.0,657,0.5,0.5,0.5,0.5,0.5,0.0032281398773193358,0.0014569759368896484
0.5,0.00359381,0.5,10,0.49000000000000005,0.019999999999999993,689,0.5,0.45,0.5,0.5,0.5,0.003208303451538086,0.0013906002044677735
0.5,0.00359381,0.5,20,0.38666666666666666,0.09510228411791405,769,0.5,0.35,0.2833333333333333,0.3,0.5,0.003226947784423828,0.0013802528381347656
0.5,0.00359381,0.5,50,0.6,0.14832396974191325,480,0.45,0.55,0.75,0.45,0.8,0.0032102584838867186,0.0013898372650146484
0.5,0.00359381,0.7,5,0.5,0.0,657,0.5,0.5,0.5,0.5,0.5,0.003284645080566406,0.0013815879821777344
0.5,0.00359381,0.7,10,0.49000000000000005,0.019999999999999993,689,0.5,0.45,0.5,0.5,0.5,0.00321197509765625,0.0013835906982421875
0.5,0.00359381,0.7,20,0.38666666666666666,0.09510228411791405,769,0.5,0.35,0.2833333333333333,0.3,0.5,0.0032382488250732424,0.0013667583465576173
0.5,0.00359381,0.7,50,0.6,0.14832396974191325,480,0.45,0.55,0.75,0.45,0.8,0.003217744827270508,0.0013759136199951172
0.5,0.00359381,0.9,5,0.5,0.0,657,0.5,0.5,0.5,0.5,0.5,0.0032269954681396484,0.001437997817993164
0.5,0.00359381,0.9,10,0.49000000000000005,0.019999999999999993,689,0.5,0.45,0.5,0.5,0.5,0.0031941890716552734,0.0013908863067626954
0.5,0.00359381,0.9,20,0.38666666666666666,0.09510228411791405,769,0.5,0.35,0.2833333333333333,0.3,0.5,0.003252601623535156,0.0013872623443603516
0.5,0.00359381,0.9,50,0.6,0.14832396974191325,480,0.45,0.55,0.75,0.45,0.8,0.0031928062438964845,0.0013803482055664063
0.5,0.0129155,0.1,5,0.6833333333333333,0.06749485577105531,286,0.6166666666666667,0.65,0.6333333333333333,0.8,0.7166666666666667,0.01212172508239746,0.0013885021209716797
0.5,0.0129155,0.1,10,0.6699999999999999,0.09510228411791403,329,0.6166666666666667,0.5333333333333333,0.6666666666666666,0.8166666666666667,0.7166666666666667,0.012099742889404297,0.001376962661743164
0.5,0.0129155,0.1,20,0.76,0.127627931460511,49,0.6166666666666667,0.6333333333333333,0.7333333333333334,0.9,0.9166666666666667,0.012154769897460938,0.0013857364654541015
0.5,0.0129155,0.1,50,0.7566666666666666,0.11185307823708346,60,0.6166666666666667,0.6333333333333333,0.8166666666666667,0.9,0.8166666666666667,0.012111997604370118,0.0013864994049072265
0.5,0.0129155,0.3,5,0.5,0.0,657,0.5,0.5,0.5,0.5,0.5,0.00390920639038086,0.0013805389404296874
0.5,0.0129155,0.3,10,0.49000000000000005,0.019999999999999993,689,0.5,0.45,0.5,0.5,0.5,0.003880023956298828,0.0013878345489501953
0.5,0.0129155,0.3,20,0.38666666666666666,0.09510228411791405,769,0.5,0.35,0.2833333333333333,0.3,0.5,0.003932523727416992,0.0013771533966064453
0.5,0.0129155,0.3,50,0.6,0.14832396974191325,480,0.45,0.55,0.75,0.45,0.8,0.003919172286987305,0.0013915061950683593
0.5,0.0129155,0.5,5,0.5,0.0,657,0.5,0.5,0.5,0.5,0.5,0.0038960456848144533,0.001448678970336914
0.5,0.0129155,0.5,10,0.49000000000000005,0.019999999999999993,689,0.5,0.45,0.5,0.5,0.5,0.0038767337799072267,0.0013773918151855468
0.5,0.0129155,0.5,20,0.38666666666666666,0.09510228411791405,769,0.5,0.35,0.2833333333333333,0.3,0.5,0.003933858871459961,0.0013989448547363282
0.5,0.0129155,0.5,50,0.6,0.14832396974191325,480,0.45,0.55,0.75,0.45,0.8,0.003981256484985351,0.0013886451721191405
0.5,0.0129155,0.7,5,0.5,0.0,657,0.5,0.5,0.5,0.5,0.5,0.0036878585815429688,0.0013791561126708985
0.5,0.0129155,0.7,10,0.49000000000000005,0.019999999999999993,689,0.5,0.45,0.5,0.5,0.5,0.0036420822143554688,0.0013784408569335938
0.5,0.0129155,0.7,20,0.38666666666666666,0.09510228411791405,769,0.5,0.35,0.2833333333333333,0.3,0.5,0.003669929504394531,0.0013854503631591797
0.5,0.0129155,0.7,50,0.6,0.14832396974191325,480,0.45,0.55,0.75,0.45,0.8,0.003751802444458008,0.0013772964477539063
0.5,0.0129155,0.9,5,0.5,0.0,657,0.5,0.5,0.5,0.5,0.5,0.0035203933715820313,0.0013875007629394532
0.5,0.0129155,0.9,10,0.49000000000000005,0.019999999999999993,689,0.5,0.45,0.5,0.5,0.5,0.0035083770751953127,0.0013738155364990234
0.5,0.0129155,0.9,20,0.38666666666666666,0.09510228411791405,769,0.5,0.35,0.2833333333333333,0.3,0.5,0.003537416458129883,0.0013753890991210938
0.5,0.0129155,0.9,50,0.6,0.14832396974191325,480,0.45,0.55,0.75,0.45,0.8,0.003599071502685547,0.0013844966888427734
0.5,0.0464159,0.1,5,0.7233333333333334,0.12092238098144704,118,0.8,0.5666666666666667,0.7333333333333334,0.6166666666666667,0.9,0.022692155838012696,0.0014073371887207032
0.5,0.0464159,0.1,10,0.65,0.0767390962214756,389,0.5166666666666667,0.65,0.7333333333333334,0.6333333333333333,0.7166666666666667,0.02264118194580078,0.001389312744140625
0.5,0.0464159,0.1,20,0.7766666666666666,0.0429469957557504,44,0.7166666666666667,0.8,0.7333333333333334,0.8166666666666667,0.8166666666666667,0.0227205753326416,0.00139007568359375
0.5,0.0464159,0.1,50,0.8133333333333332,0.08589399151150086,4,0.7166666666666667,0.7166666666666667,0.8166666666666667,0.9,0.9166666666666667,0.02273249626159668,0.0013949871063232422
0.5,0.0464159,0.3,5,0.7233333333333334,0.09809292646374775,118,0.6166666666666667,0.65,0.7333333333333334,0.7166666666666667,0.9,0.025377750396728516,0.001384401321411133
0.5,0.0464159,0.3,10,0.6866666666666668,0.050990195135927875,278,0.6166666666666667,0.7333333333333334,0.7333333333333334,0.6333333333333333,0.7166666666666667,0.025330352783203124,0.0013954639434814453
0.5,0.0464159,0.3,20,0.8166666666666667,0.10055402085998906,1,0.8166666666666667,0.6333333333333333,0.8166666666666667,0.9,0.9166666666666667,0.025399160385131837,0.0013860225677490234
0.5,0.0464159,0.3,50,0.7966666666666666,0.08781293248212994,14,0.8166666666666667,0.6333333333333333,0.8166666666666667,0.9,0.8166666666666667,0.025455427169799805,0.0013818740844726562
0.5,0.0464159,0.5,5,0.6833333333333333,0.09428090415820632,286,0.8,0.6666666666666666,0.7333333333333334,0.7,0.5166666666666667,0.01839895248413086,0.0013834476470947266
0.5,0.0464159,0.5,10,0.63,0.12310790208412928,415,0.8,0.4666666666666667,0.7333333333333334,0.5333333333333333,0.6166666666666667,0.0184783935546875,0.0013897418975830078
0.5,0.0464159,0.5,20,0.6900000000000001,0.07498147919467994,232,0.8166666666666667,0.65,0.7333333333333334,0.6333333333333333,0.6166666666666667,0.018419885635375978,0.0013913631439208985
0.5,0.0464159,0.5,50,0.7566666666666667,0.09580071908799942,59,0.6166666666666667,0.8166666666666667,0.7333333333333334,0.9,0.7166666666666667,0.019902133941650392,0.0015096187591552735
0.5,0.0464159,0.7,5,0.5,0.0,657,0.5,0.5,0.5,0.5,0.5,0.004015493392944336,0.0013864517211914062
0.5,0.0464159,0.7,10,0.49000000000000005,0.019999999999999993,689,0.5,0.45,0.5,0.5,0.5,0.0040820598602294925,0.0013705253601074218
0.5,0.0464159,0.7,20,0.38666666666666666,0.09510228411791405,769,0.5,0.35,0.2833333333333333,0.3,0.5,0.004049348831176758,0.0013662815093994141
0.5,0.0464159,0.7,50,0.6,0.14832396974191325,480,0.45,0.55,0.75,0.45,0.8,0.004045534133911133,0.0013904094696044922
0.5,0.0464159,0.9,5,0.5,0.0,657,0.5,0.5,0.5,0.5,0.5,0.003998184204101562,0.0013930320739746094
0.5,0.0464159,0.9,10,0.49000000000000005,0.019999999999999993,689,0.5,0.45,0.5,0.5,0.5,0.004394960403442383,0.0016002178192138672
0.5,0.0464159,0.9,20,0.38666666666666666,0.09510228411791405,769,0.5,0.35,0.2833333333333333,0.3,0.5,0.003922843933105468,0.0013775348663330079
0.5,0.0464159,0.9,50,0.6,0.14832396974191325,480,0.45,0.55,0.75,0.45,0.8,0.003946161270141602,0.0013793468475341796
0.5,0.16681,0.1,5,0.74,0.10519822558706333,84,0.7166666666666667,0.65,0.8166666666666667,0.6166666666666667,0.9,0.05424976348876953,0.0014151573181152345
0.5,0.16681,0.1,10,0.6733333333333333,0.06377042156569666,303,0.7166666666666667,0.5666666666666667,0.7333333333333334,0.6333333333333333,0.7166666666666667,0.05427460670471192,0.0014249324798583985
0.5,0.16681,0.1,20,0.6933333333333334,0.07272474743090475,219,0.6166666666666667,0.65,0.65,0.7333333333333334,0.8166666666666667,0.05424790382385254,0.0014238357543945312
0.5,0.16681,0.1,50,0.7066666666666667,0.09043106644167023,181,0.6166666666666667,0.6333333333333333,0.65,0.8166666666666667,0.8166666666666667,0.0542327880859375,0.001419830322265625
0.5,0.16681,0.3,5,0.7433333333333334,0.1284955684493092,75,0.8166666666666667,0.5666666666666667,0.8166666666666667,0.6166666666666667,0.9,0.05907959938049316,0.0014251708984375
0.5,0.16681,0.3,10,0.6533333333333333,0.053124591501697425,378,0.7,0.5666666666666667,0.65,0.6333333333333333,0.7166666666666667,0.059106302261352536,0.0014202594757080078
0.5,0.16681,0.3,20,0.7266666666666668,0.05333333333333333,103,0.7166666666666667,0.7333333333333334,0.65,0.7166666666666667,0.8166666666666667,0.05898118019104004,0.0014365673065185546
0.5,0.16681,0.3,50,0.78,0.1077032961426901,30,0.7166666666666667,0.7166666666666667,0.65,0.9,0.9166666666666667,0.05913043022155762,0.0014094829559326172
0.5,0.16681,0.5,5,0.7233333333333334,0.12092238098144704,118,0.8,0.5666666666666667,0.7333333333333334,0.6166666666666667,0.9,0.0626225471496582,0.0014119625091552734
0.5,0.16681,0.5,10,0.7566666666666666,0.05637178175095919,60,0.7,0.8333333333333333,0.7166666666666667,0.7166666666666667,0.8166666666666667,0.06267127990722657,0.0014073371887207032
0.5,0.16681,0.5,20,0.7433333333333334,0.06879922480183431,75,0.7166666666666667,0.6333333333333333,0.7333333333333334,0.8166666666666667,0.8166666666666667,0.06269254684448242,0.0014146327972412109
0.5,0.16681,0.5,50,0.8133333333333332,0.08589399151150086,4,0.7166666666666667,0.7166666666666667,0.8166666666666667,0.9,0.9166666666666667,0.06267480850219727,0.0014200210571289062
0.5,0.16681,0.7,5,0.7433333333333334,0.05120763831912408,75,0.8,0.6666666666666666,0.7333333333333334,0.7166666666666667,0.8,0.07617416381835937,0.0014269828796386718
0.5,0.16681,0.7,10,0.74,0.040276819911981905,84,0.7166666666666667,0.7333333333333334,0.7333333333333334,0.7,0.8166666666666667,0.07629981040954589,0.0014172077178955078
0.5,0.16681,0.7,20,0.7566666666666666,0.07195677714974302,60,0.8,0.6333333333333333,0.8166666666666667,0.8166666666666667,0.7166666666666667,0.07628369331359863,0.0014156341552734376
0.5,0.16681,0.7,50,0.78,0.09030811456096045,30,0.8166666666666667,0.6333333333333333,0.7333333333333334,0.9,0.8166666666666667,0.07621397972106933,0.0014267444610595703
0.5,0.16681,0.9,5,0.7533333333333333,0.03858612300930076,70,0.8,0.7166666666666667,0.7333333333333334,0.7166666666666667,0.8,0.07414302825927735,0.0014208316802978515
0.5,0.16681,0.9,10,0.6966666666666667,0.04988876515698592,215,0.6,0.7333333333333334,0.7333333333333334,0.7,0.7166666666666667,0.07402138710021973,0.0014207839965820312
0.5,0.16681,0.9,20,0.6799999999999999,0.046427960923947076,293,0.7,0.6333333333333333,0.7333333333333334,0.6166666666666667,0.7166666666666667,0.07427630424499512,0.0014242172241210938
0.5,0.16681,0.9,50,0.7600000000000001,0.10088497300281038,48,0.6166666666666667,0.7166666666666667,0.7333333333333334,0.8166666666666667,0.9166666666666667,0.0743030071258545,0.0014162063598632812
0.5,0.599484,0.1,5,0.63,0.12534397117975443,415,0.7166666666666667,0.4666666666666667,0.8166666666666667,0.5333333333333333,0.6166666666666667,0.12547769546508789,0.0014635086059570312
0.5,0.599484,0.1,10,0.73,0.10561986345169908,101,0.7333333333333334,0.5666666666666667,0.7333333333333334,0.7166666666666667,0.9,0.12638435363769532,0.0014579296112060547
0.5,0.599484,0.1,20,0.6900000000000001,0.07498147919467994,232,0.6166666666666667,0.6333333333333333,0.65,0.7333333333333334,0.8166666666666667,0.1257164478302002,0.0014453887939453124
0.5,0.599484,0.1,50,0.6900000000000001,0.07498147919467994,232,0.6166666666666667,0.6333333333333333,0.65,0.7333333333333334,0.8166666666666667,0.1254411220550537,0.0014705181121826172
0.5,0.599484,0.3,5,0.7200000000000001,0.07916228058025278,138,0.7166666666666667,0.65,0.8166666666666667,0.6166666666666667,0.8,0.14358963966369628,0.0015072822570800781
0.5,0.599484,0.3,10,0.6933333333333334,0.12138094304022085,219,0.5333333333333333,0.5666666666666667,0.8166666666666667,0.7333333333333334,0.8166666666666667,0.14359521865844727,0.001447010040283203
0.5,0.599484,0.3,20,0.6933333333333334,0.07272474743090475,219,0.6166666666666667,0.65,0.65,0.7333333333333334,0.8166666666666667,0.14370970726013182,0.00145111083984375
0.5,0.599484,0.3,50,0.7066666666666667,0.06463573143221772,181,0.7166666666666667,0.6333333333333333,0.65,0.8166666666666667,0.7166666666666667,0.1435610294342041,0.0014615535736083984
0.5,0.599484,0.5,5,0.78,0.09797958971132713,30,0.9166666666666667,0.75,0.8166666666666667,0.6166666666666667,0.8,0.1579270839691162,0.0014552593231201172
0.5,0.599484,0.5,10,0.6566666666666666,0.10252370999486465,359,0.5333333333333333,0.5666666666666667,0.65,0.7166666666666667,0.8166666666666667,0.15778884887695313,0.0014417648315429687
0.5,0.599484,0.5,20,0.7300000000000001,0.05312459150169741,100,0.7166666666666667,0.65,0.7333333333333334,0.7333333333333334,0.8166666666666667,0.15797414779663085,0.0014490604400634766
0.5,0.599484,0.5,50,0.7466666666666667,0.10666666666666669,73,0.7166666666666667,0.6333333333333333,0.65,0.8166666666666667,0.9166666666666667,0.1579887866973877,0.0014529228210449219
0.5,0.599484,0.7,5,0.8,0.10954451150103323,10,0.9166666666666667,0.75,0.8166666666666667,0.6166666666666667,0.9,0.1811215877532959,0.0014882564544677734
0.5,0.599484,0.7,10,0.7233333333333334,0.05436502143433363,118,0.7,0.65,0.7333333333333334,0.7166666666666667,0.8166666666666667,0.18147988319396974,0.0014901161193847656
0.5,0.599484,0.7,20,0.7233333333333334,0.05830951894845301,118,0.7166666666666667,0.6333333333333333,0.7333333333333334,0.7166666666666667,0.8166666666666667,0.1815502166748047,0.0015039443969726562
0.5,0.599484,0.7,50,0.76,0.09104333522498444,49,0.7166666666666667,0.6333333333333333,0.7333333333333334,0.9,0.8166666666666667,0.18101081848144532,0.0014786243438720704
0.5,0.599484,0.9,5,0.7733333333333333,0.09225568335398698,46,0.8,0.75,0.8,0.6166666666666667,0.9,0.20063471794128418,0.0014877796173095703
0.5,0.599484,0.9,10,0.76,0.05436502143433362,49,0.7,0.8333333333333333,0.7333333333333334,0.7166666666666667,0.8166666666666667,0.20061354637145995,0.0014847278594970702
0.5,0.599484,0.9,20,0.7033333333333334,0.09273618495495704,206,0.7166666666666667,0.5333333333333333,0.7333333333333334,0.7166666666666667,0.8166666666666667,0.20061216354370118,0.001499509811401367
0.5,0.599484,0.9,50,0.78,0.09030811456096045,30,0.8166666666666667,0.6333333333333333,0.7333333333333334,0.9,0.8166666666666667,0.20074162483215333,0.0014774322509765625
0.5,2.15443,0.1,5,0.5966666666666667,0.11990737165736633,512,0.55,0.4666666666666667,0.8166666666666667,0.6166666666666667,0.5333333333333333,0.24914803504943847,0.0015445709228515624
0.5,2.15443,0.1,10,0.7066666666666667,0.07644896627453145,181,0.7166666666666667,0.5666666666666667,0.7333333333333334,0.7166666666666667,0.8,0.24901313781738282,0.001512432098388672
0.5,2.15443,0.1,20,0.6233333333333333,0.0992191737742481,429,0.6166666666666667,0.5666666666666667,0.5666666666666667,0.55,0.8166666666666667,0.24846625328063965,0.00150146484375
0.5,2.15443,0.1,50,0.6900000000000001,0.07498147919467994,232,0.6166666666666667,0.6333333333333333,0.65,0.7333333333333334,0.8166666666666667,0.24904470443725585,0.0015126705169677735
0.5,2.15443,0.3,5,0.6466666666666667,0.10923979738782626,395,0.7166666666666667,0.6333333333333333,0.8166666666666667,0.5333333333333333,0.5333333333333333,0.2998969554901123,0.0015271663665771484
0.5,2.15443,0.3,10,0.7166666666666666,0.08164965809277261,158,0.7333333333333334,0.5666666666666667,0.7333333333333334,0.7333333333333334,0.8166666666666667,0.29905061721801757,0.0015292167663574219
0.5,2.15443,0.3,20,0.6533333333333333,0.08844332774281065,378,0.6166666666666667,0.55,0.65,0.6333333333333333,0.8166666666666667,0.2992275238037109,0.0015264034271240234
0.5,2.15443,0.3,50,0.7266666666666666,0.07859884081701064,107,0.7166666666666667,0.6333333333333333,0.65,0.8166666666666667,0.8166666666666667,0.2993882656097412,0.0015334606170654297
0.5,2.15443,0.5,5,0.7033333333333334,0.09854496999396321,206,0.7166666666666667,0.5666666666666667,0.8166666666666667,0.6166666666666667,0.8,0.35196757316589355,0.0015314102172851562
0.5,2.15443,0.5,10,0.6900000000000001,0.08856886837057615,232,0.6166666666666667,0.5666666666666667,0.8166666666666667,0.7166666666666667,0.7333333333333334,0.3512250900268555,0.0015263557434082031
0.5,2.15443,0.5,20,0.6733333333333332,0.07272474743090475,314,0.6166666666666667,0.65,0.65,0.6333333333333333,0.8166666666666667,0.3529074192047119,0.0015359878540039062
0.5,2.15443,0.5,50,0.7066666666666667,0.06463573143221772,181,0.7166666666666667,0.6333333333333333,0.65,0.8166666666666667,0.7166666666666667,0.3514742851257324,0.001538991928100586
0.5,2.15443,0.7,5,0.6266666666666667,0.1830604029032797,422,0.7,0.2833333333333333,0.8166666666666667,0.6166666666666667,0.7166666666666667,0.39199085235595704,0.0016438961029052734
0.5,2.15443,0.7,10,0.7266666666666667,0.10572501018102472,106,0.7166666666666667,0.5666666666666667,0.7333333333333334,0.7166666666666667,0.9,0.39117093086242677,0.0015388011932373046
0.5,2.15443,0.7,20,0.6599999999999999,0.09580071908799943,354,0.7166666666666667,0.5666666666666667,0.5666666666666667,0.6333333333333333,0.8166666666666667,0.3908740997314453,0.0015353679656982422
0.5,2.15443,0.7,50,0.71,0.06548960901462833,160,0.7166666666666667,0.6333333333333333,0.65,0.7333333333333334,0.8166666666666667,0.3911308765411377,0.0015391826629638672
0.5,2.15443,0.9,5,0.7266666666666668,0.11185307823708343,103,0.8166666666666667,0.5666666666666667,0.8333333333333333,0.6166666666666667,0.8,0.4191127300262451,0.0015365123748779298
0.5,2.15443,0.9,10,0.7433333333333334,0.08339997335464536,75,0.7166666666666667,0.65,0.7333333333333334,0.7166666666666667,0.9,0.4191269397735596,0.0015335559844970703
0.5,2.15443,0.9,20,0.7066666666666667,0.08406346808612326,181,0.8,0.65,0.65,0.6166666666666667,0.8166666666666667,0.4252026081085205,0.0015282154083251954
0.5,2.15443,0.9,50,0.76,0.09104333522498444,49,0.7166666666666667,0.6333333333333333,0.7333333333333334,0.9,0.8166666666666667,0.4280088901519775,0.0015527725219726563
0.5,7.74264,0.1,5,0.6633333333333333,0.09626352718795768,352,0.7166666666666667,0.6333333333333333,0.8166666666666667,0.6166666666666667,0.5333333333333333,0.2974888801574707,0.0015217781066894532
0.5,7.74264,0.1,10,0.6,0.10055402085998905,480,0.7166666666666667,0.4666666666666667,0.5666666666666667,0.7166666666666667,0.5333333333333333,0.29509124755859373,0.0015040874481201173
0.5,7.74264,0.1,20,0.6533333333333333,0.13960261060914617,378,0.6166666666666667,0.4666666666666667,0.65,0.6333333333333333,0.9,0.2941087245941162,0.0015308856964111328
0.5,7.74264,0.1,50,0.6900000000000001,0.07498147919467994,232,0.6166666666666667,0.6333333333333333,0.65,0.7333333333333334,0.8166666666666667,0.293758487701416,0.0015159130096435546
0.5,7.74264,0.3,5,0.6266666666666666,0.10360180178613368,423,0.6166666666666667,0.6333333333333333,0.8166666666666667,0.5333333333333333,0.5333333333333333,0.4881439685821533,0.0015405654907226563
0.5,7.74264,0.3,10,0.7066666666666667,0.1147945023848171,181,0.6166666666666667,0.5666666666666667,0.7333333333333334,0.7166666666666667,0.9,0.48778796195983887,0.0015440940856933593
0.5,7.74264,0.3,20,0.6199999999999999,0.10187137859957417,435,0.6166666666666667,0.5666666666666667,0.5666666666666667,0.5333333333333333,0.8166666666666667,0.4885854721069336,0.0015555858612060548
0.5,7.74264,0.3,50,0.71,0.06548960901462833,160,0.7166666666666667,0.6333333333333333,0.65,0.7333333333333334,0.8166666666666667,0.48859381675720215,0.0015461444854736328
0.5,7.74264,0.5,5,0.6266666666666666,0.10360180178613368,423,0.6166666666666667,0.6333333333333333,0.8166666666666667,0.5333333333333333,0.5333333333333333,0.5181715965270997,0.0015597820281982421
0.5,7.74264,0.5,10,0.71,0.1057250101810247,160,0.6166666666666667,0.75,0.65,0.6333333333333333,0.9,0.5185484886169434,0.0015437602996826172
0.5,7.74264,0.5,20,0.6199999999999999,0.10187137859957417,435,0.6166666666666667,0.5666666666666667,0.5666666666666667,0.5333333333333333,0.8166666666666667,0.5177343368530274,0.0015446662902832032
0.5,7.74264,0.5,50,0.71,0.06548960901462833,160,0.7166666666666667,0.6333333333333333,0.65,0.7333333333333334,0.8166666666666667,0.517897653579712,0.0015673160552978516
0.5,7.74264,0.7,5,0.61,0.10780641085864151,462,0.6166666666666667,0.55,0.8166666666666667,0.5333333333333333,0.5333333333333333,0.6181558132171631,0.001609468460083008
0.5,7.74264,0.7,10,0.6866666666666666,0.14734690736866896,281,0.5166666666666667,0.5666666666666667,0.8166666666666667,0.6333333333333333,0.9,0.6184352397918701,0.001539325714111328
0.5,7.74264,0.7,20,0.6533333333333333,0.10077477638553982,378,0.7,0.5666666666666667,0.65,0.5333333333333333,0.8166666666666667,0.6185750961303711,0.001557302474975586
0.5,7.74264,0.7,50,0.7266666666666666,0.07859884081701064,107,0.7166666666666667,0.6333333333333333,0.65,0.8166666666666667,0.8166666666666667,0.6180473804473877,0.0015549659729003906
0.5,7.74264,0.9,5,0.61,0.19567546828585564,462,0.8,0.2833333333333333,0.8166666666666667,0.6166666666666667,0.5333333333333333,0.7169002056121826,0.0015688896179199218
0.5,7.74264,0.9,10,0.6700000000000002,0.10241527663824813,319,0.5333333333333333,0.5666666666666667,0.7333333333333334,0.7166666666666667,0.8,0.7177615165710449,0.001723337173461914
0.5,7.74264,0.9,20,0.6799999999999999,0.09854496999396323,293,0.7166666666666667,0.5666666666666667,0.5666666666666667,0.7333333333333334,0.8166666666666667,0.7176743030548096,0.0015514373779296875
0.5,7.74264,0.9,50,0.7233333333333333,0.08602325267042626,134,0.6166666666666667,0.6333333333333333,0.7333333333333334,0.8166666666666667,0.8166666666666667,0.7158233165740967,0.0015552997589111327
0.5,27.8256,0.1,5,0.63,0.059066817155564506,415,0.7166666666666667,0.6333333333333333,0.65,0.6166666666666667,0.5333333333333333,0.315278959274292,0.0015276432037353515
0.5,27.8256,0.1,10,0.6166666666666667,0.10055402085998905,450,0.7166666666666667,0.4666666666666667,0.65,0.7166666666666667,0.5333333333333333,0.3148962020874023,0.0015221118927001953
0.5,27.8256,0.1,20,0.6933333333333332,0.11382247385975916,227,0.7166666666666667,0.5666666666666667,0.65,0.6333333333333333,0.9,0.314696741104126,0.0015202999114990235
0.5,27.8256,0.1,50,0.6699999999999999,0.10077477638553982,329,0.5166666666666667,0.6333333333333333,0.65,0.7333333333333334,0.8166666666666667,0.3149928092956543,0.0015157699584960938
0.5,27.8256,0.3,5,0.6633333333333333,0.09626352718795768,352,0.7166666666666667,0.6333333333333333,0.8166666666666667,0.6166666666666667,0.5333333333333333,0.4282700538635254,0.0015346050262451173
0.5,27.8256,0.3,10,0.6166666666666667,0.10055402085998905,450,0.7166666666666667,0.4666666666666667,0.65,0.7166666666666667,0.5333333333333333,0.4268371105194092,0.0015561580657958984
0.5,27.8256,0.3,20,0.6733333333333333,0.11671427600007732,303,0.6166666666666667,0.5666666666666667,0.65,0.6333333333333333,0.9,0.4261889934539795,0.0015399456024169922
0.5,27.8256,0.3,50,0.6900000000000001,0.07498147919467994,232,0.6166666666666667,0.6333333333333333,0.65,0.7333333333333334,0.8166666666666667,0.42714862823486327,0.0015289306640625
0.5,27.8256,0.5,5,0.5966666666666667,0.07774602526460402,512,0.55,0.6333333333333333,0.7333333333333334,0.5333333333333333,0.5333333333333333,0.6317598819732666,0.001546764373779297
0.5,27.8256,0.5,10,0.6866666666666668,0.1142122779934121,278,0.7166666666666667,0.4666666666666667,0.7333333333333334,0.7166666666666667,0.8,0.6307798862457276,0.0015526771545410155
0.5,27.8256,0.5,20,0.6233333333333333,0.0992191737742481,429,0.6166666666666667,0.5666666666666667,0.5666666666666667,0.55,0.8166666666666667,0.6312129974365235,0.0015363216400146485
0.5,27.8256,0.5,50,0.6900000000000001,0.07498147919467994,232,0.6166666666666667,0.6333333333333333,0.65,0.7333333333333334,0.8166666666666667,0.6315012454986573,0.0015467166900634765
0.5,27.8256,0.7,5,0.5966666666666667,0.07774602526460402,512,0.55,0.6333333333333333,0.7333333333333334,0.5333333333333333,0.5333333333333333,0.673198652267456,0.0015705108642578125
0.5,27.8256,0.7,10,0.7233333333333334,0.09809292646374775,118,0.6166666666666667,0.65,0.7333333333333334,0.7166666666666667,0.9,0.6734128475189209,0.0015419960021972657
0.5,27.8256,0.7,20,0.6199999999999999,0.10187137859957417,435,0.6166666666666667,0.5666666666666667,0.5666666666666667,0.5333333333333333,0.8166666666666667,0.6729204654693604,0.0015519618988037109
0.5,27.8256,0.7,50,0.71,0.06548960901462833,160,0.7166666666666667,0.6333333333333333,0.65,0.7333333333333334,0.8166666666666667,0.6745182037353515,0.0015516281127929688
0.5,27.8256,0.9,5,0.6266666666666666,0.10360180178613368,423,0.6166666666666667,0.6333333333333333,0.8166666666666667,0.5333333333333333,0.5333333333333333,0.6986160278320312,0.0015554428100585938
0.5,27.8256,0.9,10,0.73,0.09854496999396321,101,0.6166666666666667,0.75,0.65,0.7333333333333334,0.9,0.7027115821838379,0.001553821563720703
0.5,27.8256,0.9,20,0.6199999999999999,0.10187137859957417,435,0.6166666666666667,0.5666666666666667,0.5666666666666667,0.5333333333333333,0.8166666666666667,0.7130885124206543,0.0015561580657958984
0.5,27.8256,0.9,50,0.71,0.06548960901462833,160,0.7166666666666667,0.6333333333333333,0.65,0.7333333333333334,0.8166666666666667,0.7130861759185791,0.0016710281372070313
0.5,100.0,0.1,5,0.6133333333333333,0.07102425250887506,457,0.7166666666666667,0.6333333333333333,0.65,0.5333333333333333,0.5333333333333333,0.3751492500305176,0.001521730422973633
0.5,100.0,0.1,10,0.6199999999999999,0.12797569213634977,435,0.8166666666666667,0.4666666666666667,0.5666666666666667,0.7166666666666667,0.5333333333333333,0.37290244102478026,0.0015101432800292969
0.5,100.0,0.1,20,0.6933333333333332,0.11382247385975916,227,0.7166666666666667,0.5666666666666667,0.65,0.6333333333333333,0.9,0.37424192428588865,0.001517009735107422
0.5,100.0,0.1,50,0.6699999999999999,0.10077477638553982,329,0.5166666666666667,0.6333333333333333,0.65,0.7333333333333334,0.8166666666666667,0.3739309310913086,0.0015339851379394531
0.5,100.0,0.3,5,0.6133333333333333,0.07102425250887506,457,0.7166666666666667,0.6333333333333333,0.65,0.5333333333333333,0.5333333333333333,0.3768044948577881,0.0015247821807861327
0.5,100.0,0.3,10,0.6,0.10055402085998905,480,0.7166666666666667,0.4666666666666667,0.5666666666666667,0.7166666666666667,0.5333333333333333,0.3778348445892334,0.00152435302734375
0.5,100.0,0.3,20,0.6933333333333332,0.11382247385975916,227,0.7166666666666667,0.5666666666666667,0.65,0.6333333333333333,0.9,0.3773055076599121,0.0015247821807861327
0.5,100.0,0.3,50,0.6699999999999999,0.10077477638553982,329,0.5166666666666667,0.6333333333333333,0.65,0.7333333333333334,0.8166666666666667,0.37764883041381836,0.0015335559844970703
0.5,100.0,0.5,5,0.6133333333333333,0.07102425250887506,457,0.7166666666666667,0.6333333333333333,0.65,0.5333333333333333,0.5333333333333333,0.3991094589233398,0.0015331268310546874
0.5,100.0,0.5,10,0.6,0.10055402085998905,480,0.7166666666666667,0.4666666666666667,0.5666666666666667,0.7166666666666667,0.5333333333333333,0.3987880706787109,0.0015254974365234374
0.5,100.0,0.5,20,0.6933333333333332,0.11382247385975916,227,0.7166666666666667,0.5666666666666667,0.65,0.6333333333333333,0.9,0.3988823890686035,0.0015293121337890624
0.5,100.0,0.5,50,0.6699999999999999,0.10077477638553982,329,0.5166666666666667,0.6333333333333333,0.65,0.7333333333333334,0.8166666666666667,0.39851946830749513,0.001539754867553711
0.5,100.0,0.7,5,0.63,0.08589399151150084,415,0.7166666666666667,0.6333333333333333,0.7333333333333334,0.5333333333333333,0.5333333333333333,0.42593722343444823,0.0015366077423095703
0.5,100.0,0.7,10,0.6166666666666667,0.10055402085998905,450,0.7166666666666667,0.4666666666666667,0.65,0.7166666666666667,0.5333333333333333,0.42694849967956544,0.001540231704711914
0.5,100.0,0.7,20,0.6933333333333332,0.11382247385975916,227,0.7166666666666667,0.5666666666666667,0.65,0.6333333333333333,0.9,0.42575225830078123,0.0015451908111572266
0.5,100.0,0.7,50,0.6699999999999999,0.10077477638553982,329,0.5166666666666667,0.6333333333333333,0.65,0.7333333333333334,0.8166666666666667,0.42648000717163087,0.0015323162078857422
0.5,100.0,0.9,5,0.63,0.08589399151150084,415,0.7166666666666667,0.6333333333333333,0.7333333333333334,0.5333333333333333,0.5333333333333333,0.47161154747009276,0.0015848636627197265
0.5,100.0,0.9,10,0.6166666666666667,0.10055402085998905,450,0.7166666666666667,0.4666666666666667,0.65,0.7166666666666667,0.5333333333333333,0.4717723369598389,0.0015374183654785155
0.5,100.0,0.9,20,0.6733333333333333,0.11671427600007732,303,0.6166666666666667,0.5666666666666667,0.65,0.6333333333333333,0.9,0.4710562705993652,0.0015279769897460938
0.5,100.0,0.9,50,0.6900000000000001,0.07498147919467994,232,0.6166666666666667,0.6333333333333333,0.65,0.7333333333333334,0.8166666666666667,0.4716249942779541,0.0015425682067871094
