param_clf__max_features,param_clf__min_samples_leaf,param_selector__C,param_selector__l1_ratio,param_selector__top_k,mean_test_score,std_test_score,rank_test_score,split0_test_score,split1_test_score,split2_test_score,split3_test_score,split4_test_score,mean_fit_time,mean_score_time
sqrt,1,0.001,0.1,5,0.6566666666666667,0.12409673645990854,324,0.7166666666666667,0.45,0.7,0.8166666666666667,0.6000000000000001,0.47838125228881834,0.021086883544921876
sqrt,1,0.001,0.1,10,0.6033333333333333,0.08781293248212993,436,0.7166666666666667,0.45,0.6,0.65,0.6000000000000001,0.480808687210083,0.02092604637145996
sqrt,1,0.001,0.1,20,0.5766666666666668,0.18577166390790367,581,0.45,0.65,0.7,0.2833333333333333,0.8,0.48833403587341306,0.02096104621887207
sqrt,1,0.001,0.1,50,0.5700000000000001,0.14352700094407322,605,0.8166666666666667,0.55,0.6166666666666667,0.4666666666666667,0.4,0.49504704475402833,0.02098193168640137
sqrt,1,0.001,0.3,5,0.6566666666666667,0.12409673645990854,324,0.7166666666666667,0.45,0.7,0.8166666666666667,0.6000000000000001,0.4780726432800293,0.02082204818725586
sqrt,1,0.001,0.3,10,0.6033333333333333,0.08781293248212993,436,0.7166666666666667,0.45,0.6,0.65,0.6000000000000001,0.4828531742095947,0.020896244049072265
sqrt,1,0.001,0.3,20,0.5766666666666668,0.18577166390790367,581,0.45,0.65,0.7,0.2833333333333333,0.8,0.4892393112182617,0.0211240291595459
sqrt,1,0.001,0.3,50,0.5700000000000001,0.14352700094407322,605,0.8166666666666667,0.55,0.6166666666666667,0.4666666666666667,0.4,0.49524517059326173,0.021027326583862305
sqrt,1,0.001,0.5,5,0.6566666666666667,0.12409673645990854,324,0.7166666666666667,0.45,0.7,0.8166666666666667,0.6000000000000001,0.48801288604736326,0.021176481246948244
sqrt,1,0.001,0.5,10,0.6033333333333333,0.08781293248212993,436,0.7166666666666667,0.45,0.6,0.65,0.6000000000000001,0.48064165115356444,0.021213531494140625
sqrt,1,0.001,0.5,20,0.5766666666666668,0.18577166390790367,581,0.45,0.65,0.7,0.2833333333333333,0.8,0.4901135444641113,0.021204757690429687
sqrt,1,0.001,0.5,50,0.5700000000000001,0.14352700094407322,605,0.8166666666666667,0.55,0.6166666666666667,0.4666666666666667,0.4,0.49422082901000974,0.02101478576660156
sqrt,1,0.001,0.7,5,0.6566666666666667,0.12409673645990854,324,0.7166666666666667,0.45,0.7,0.8166666666666667,0.6000000000000001,0.47684469223022463,0.021036291122436525
sqrt,1,0.001,0.7,10,0.6033333333333333,0.08781293248212993,436,0.7166666666666667,0.45,0.6,0.65,0.6000000000000001,0.48120732307434083,0.021123170852661133
sqrt,1,0.001,0.7,20,0.5766666666666668,0.18577166390790367,581,0.45,0.65,0.7,0.2833333333333333,0.8,0.4878274440765381,0.021147727966308594
sqrt,1,0.001,0.7,50,0.5700000000000001,0.14352700094407322,605,0.8166666666666667,0.55,0.6166666666666667,0.4666666666666667,0.4,0.4950284004211426,0.0211942195892334
sqrt,1,0.001,0.9,5,0.6566666666666667,0.12409673645990854,324,0.7166666666666667,0.45,0.7,0.8166666666666667,0.6000000000000001,0.47680115699768066,0.020915126800537108
sqrt,1,0.001,0.9,10,0.6033333333333333,0.08781293248212993,436,0.7166666666666667,0.45,0.6,0.65,0.6000000000000001,0.48163928985595705,0.021313858032226563
sqrt,1,0.001,0.9,20,0.5766666666666668,0.18577166390790367,581,0.45,0.65,0.7,0.2833333333333333,0.8,0.48798084259033203,0.021563911437988283
sqrt,1,0.001,0.9,50,0.5700000000000001,0.14352700094407322,605,0.8166666666666667,0.55,0.6166666666666667,0.4666666666666667,0.4,0.49682464599609377,0.021062469482421874
sqrt,1,0.00359381,0.1,5,0.6566666666666667,0.12409673645990854,324,0.7166666666666667,0.45,0.7,0.8166666666666667,0.6000000000000001,0.4766629695892334,0.021212148666381835
sqrt,1,0.00359381,0.1,10,0.6033333333333333,0.08781293248212993,436,0.7166666666666667,0.45,0.6,0.65,0.6000000000000001,0.4822089195251465,0.021203136444091795
sqrt,1,0.00359381,0.1,20,0.5766666666666668,0.18577166390790367,581,0.45,0.65,0.7,0.2833333333333333,0.8,0.4889798641204834,0.021060705184936523
sqrt,1,0.00359381,0.1,50,0.5700000000000001,0.14352700094407322,605,0.8166666666666667,0.55,0.6166666666666667,0.4666666666666667,0.4,0.4942066192626953,0.02128739356994629
sqrt,1,0.00359381,0.3,5,0.6566666666666667,0.12409673645990854,324,0.7166666666666667,0.45,0.7,0.8166666666666667,0.6000000000000001,0.4808922290802002,0.021167898178100587
sqrt,1,0.00359381,0.3,10,0.6033333333333333,0.08781293248212993,436,0.7166666666666667,0.45,0.6,0.65,0.6000000000000001,0.4833829402923584,0.021673011779785156
sqrt,1,0.00359381,0.3,20,0.5766666666666668,0.18577166390790367,581,0.45,0.65,0.7,0.2833333333333333,0.8,0.4908566951751709,0.021263933181762694
sqrt,1,0.00359381,0.3,50,0.5700000000000001,0.14352700094407322,605,0.8166666666666667,0.55,0.6166666666666667,0.4666666666666667,0.4,0.495970344543457,0.021214675903320313
sqrt,1,0.00359381,0.5,5,0.6566666666666667,0.12409673645990854,324,0.7166666666666667,0.45,0.7,0.8166666666666667,0.6000000000000001,0.47856593132019043,0.021244144439697264
sqrt,1,0.00359381,0.5,10,0.6033333333333333,0.08781293248212993,436,0.7166666666666667,0.45,0.6,0.65,0.6000000000000001,0.4820511817932129,0.020939731597900392
sqrt,1,0.00359381,0.5,20,0.5766666666666668,0.18577166390790367,581,0.45,0.65,0.7,0.2833333333333333,0.8,0.49312896728515626,0.021020174026489258
sqrt,1,0.00359381,0.5,50,0.5700000000000001,0.14352700094407322,605,0.8166666666666667,0.55,0.6166666666666667,0.4666666666666667,0.4,0.4967977523803711,0.021059751510620117
sqrt,1,0.00359381,0.7,5,0.6566666666666667,0.12409673645990854,324,0.7166666666666667,0.45,0.7,0.8166666666666667,0.6000000000000001,0.4767357349395752,0.020988321304321288
sqrt,1,0.00359381,0.7,10,0.6033333333333333,0.08781293248212993,436,0.7166666666666667,0.45,0.6,0.65,0.6000000000000001,0.4857769966125488,0.02101287841796875
sqrt,1,0.00359381,0.7,20,0.5766666666666668,0.18577166390790367,581,0.45,0.65,0.7,0.2833333333333333,0.8,0.4896082401275635,0.021103334426879884
sqrt,1,0.00359381,0.7,50,0.5700000000000001,0.14352700094407322,605,0.8166666666666667,0.55,0.6166666666666667,0.4666666666666667,0.4,0.49354209899902346,0.020978879928588868
sqrt,1,0.00359381,0.9,5,0.6566666666666667,0.12409673645990854,324,0.7166666666666667,0.45,0.7,0.8166666666666667,0.6000000000000001,0.47774457931518555,0.021214389801025392
sqrt,1,0.00359381,0.9,10,0.6033333333333333,0.08781293248212993,436,0.7166666666666667,0.45,0.6,0.65,0.6000000000000001,0.48371353149414065,0.02106895446777344
sqrt,1,0.00359381,0.9,20,0.5766666666666668,0.18577166390790367,581,0.45,0.65,0.7,0.2833333333333333,0.8,0.4884382724761963,0.020939397811889648
sqrt,1,0.00359381,0.9,50,0.5700000000000001,0.14352700094407322,605,0.8166666666666667,0.55,0.6166666666666667,0.4666666666666667,0.4,0.49442110061645506,0.021023893356323244
sqrt,1,0.0129155,0.1,5,0.6533333333333333,0.09273618495495704,357,0.7333333333333334,0.75,0.5333333333333333,0.55,0.7,0.4876120567321777,0.020861482620239256
sqrt,1,0.0129155,0.1,10,0.7333333333333334,0.17543596489254357,51,0.8166666666666667,0.8333333333333333,0.8333333333333333,0.3833333333333333,0.8,0.49163250923156737,0.020997095108032226
sqrt,1,0.0129155,0.1,20,0.71,0.12498888839501782,171,0.8166666666666667,0.7166666666666667,0.8333333333333333,0.48333333333333334,0.7,0.49480834007263186,0.02106928825378418
sqrt,1,0.0129155,0.1,50,0.7466666666666667,0.11025223605694154,33,0.9166666666666667,0.6333333333333333,0.8333333333333333,0.65,0.7,0.5005011081695556,0.020954370498657227
sqrt,1,0.0129155,0.3,5,0.6566666666666667,0.12409673645990854,324,0.7166666666666667,0.45,0.7,0.8166666666666667,0.6000000000000001,0.48308258056640624,0.020913362503051758
sqrt,1,0.0129155,0.3,10,0.6033333333333333,0.08781293248212993,436,0.7166666666666667,0.45,0.6,0.65,0.6000000000000001,0.48746566772460936,0.020996999740600587
sqrt,1,0.0129155,0.3,20,0.5766666666666668,0.18577166390790367,581,0.45,0.65,0.7,0.2833333333333333,0.8,0.49161152839660643,0.021202945709228517
sqrt,1,0.0129155,0.3,50,0.5700000000000001,0.14352700094407322,605,0.8166666666666667,0.55,0.6166666666666667,0.4666666666666667,0.4,0.4950406551361084,0.0212982177734375
sqrt,1,0.0129155,0.5,5,0.6566666666666667,0.12409673645990854,324,0.7166666666666667,0.45,0.7,0.8166666666666667,0.6000000000000001,0.47691912651062013,0.020913219451904295
sqrt,1,0.0129155,0.5,10,0.6033333333333333,0.08781293248212993,436,0.7166666666666667,0.45,0.6,0.65,0.6000000000000001,0.4818898677825928,0.020963287353515624
sqrt,1,0.0129155,0.5,20,0.5766666666666668,0.18577166390790367,581,0.45,0.65,0.7,0.2833333333333333,0.8,0.4941232204437256,0.021170902252197265
sqrt,1,0.0129155,0.5,50,0.5700000000000001,0.14352700094407322,605,0.8166666666666667,0.55,0.6166666666666667,0.4666666666666667,0.4,0.49462552070617677,0.021123456954956054
sqrt,1,0.0129155,0.7,5,0.6566666666666667,0.12409673645990854,324,0.7166666666666667,0.45,0.7,0.8166666666666667,0.6000000000000001,0.47835497856140136,0.02111673355102539
sqrt,1,0.0129155,0.7,10,0.6033333333333333,0.08781293248212993,436,0.7166666666666667,0.45,0.6,0.65,0.6000000000000001,0.48190979957580565,0.021024084091186522
sqrt,1,0.0129155,0.7,20,0.5766666666666668,0.18577166390790367,581,0.45,0.65,0.7,0.2833333333333333,0.8,0.4887000560760498,0.02115311622619629
sqrt,1,0.0129155,0.7,50,0.5700000000000001,0.14352700094407322,605,0.8166666666666667,0.55,0.6166666666666667,0.4666666666666667,0.4,0.4970792293548584,0.021112537384033202
sqrt,1,0.0129155,0.9,5,0.6566666666666667,0.12409673645990854,324,0.7166666666666667,0.45,0.7,0.8166666666666667,0.6000000000000001,0.47903265953063967,0.021106863021850587
sqrt,1,0.0129155,0.9,10,0.6033333333333333,0.08781293248212993,436,0.7166666666666667,0.45,0.6,0.65,0.6000000000000001,0.48406190872192384,0.021060085296630858
sqrt,1,0.0129155,0.9,20,0.5766666666666668,0.18577166390790367,581,0.45,0.65,0.7,0.2833333333333333,0.8,0.4900060653686523,0.021302032470703124
sqrt,1,0.0129155,0.9,50,0.5700000000000001,0.14352700094407322,605,0.8166666666666667,0.55,0.6166666666666667,0.4666666666666667,0.4,0.4975919246673584,0.021025323867797853
sqrt,1,0.0464159,0.1,5,0.6966666666666667,0.04268749491621902,215,0.7333333333333334,0.6666666666666666,0.6333333333333333,0.75,0.7,0.5028960227966308,0.02105722427368164
sqrt,1,0.0464159,0.1,10,0.6233333333333333,0.13274871834493251,406,0.8166666666666667,0.4666666666666667,0.65,0.48333333333333334,0.7,0.49970188140869143,0.02102007865905762
sqrt,1,0.0464159,0.1,20,0.7466666666666667,0.0644635986860457,33,0.8333333333333333,0.7166666666666667,0.7333333333333334,0.65,0.8,0.5009641170501709,0.021071958541870116
sqrt,1,0.0464159,0.1,50,0.6766666666666666,0.18607047649270483,283,0.8333333333333333,0.45,0.7333333333333334,0.4666666666666667,0.9,0.5081607818603515,0.021156978607177735
sqrt,1,0.0464159,0.3,5,0.6566666666666666,0.12229290885229427,340,0.8166666666666667,0.48333333333333334,0.7333333333333334,0.55,0.7,0.4964442253112793,0.020887279510498048
sqrt,1,0.0464159,0.3,10,0.77,0.08393118874676114,11,0.8166666666666667,0.7333333333333334,0.65,0.75,0.9,0.49909658432006837,0.021227455139160155
sqrt,1,0.0464159,0.3,20,0.8033333333333333,0.08653836657164782,5,0.9166666666666667,0.7166666666666667,0.7333333333333334,0.75,0.9,0.5027707099914551,0.021086978912353515
sqrt,1,0.0464159,0.3,50,0.7866666666666666,0.14922019523732927,9,0.9166666666666667,0.6166666666666667,0.75,0.65,1.0,0.5089322566986084,0.0211212158203125
sqrt,1,0.0464159,0.5,5,0.5900000000000001,0.09285592184789414,519,0.6333333333333333,0.5166666666666667,0.7333333333333334,0.4666666666666667,0.6000000000000001,0.49692773818969727,0.02085256576538086
sqrt,1,0.0464159,0.5,10,0.6333333333333334,0.1531157877047447,396,0.7166666666666667,0.5333333333333333,0.7333333333333334,0.3833333333333333,0.8,0.49845004081726074,0.021265125274658202
sqrt,1,0.0464159,0.5,20,0.6366666666666667,0.16579773487261182,390,0.55,0.6166666666666667,0.8333333333333333,0.3833333333333333,0.8,0.5046685695648193,0.02148294448852539
sqrt,1,0.0464159,0.5,50,0.6933333333333334,0.14204850501775013,223,0.7333333333333334,0.6333333333333333,0.7333333333333334,0.4666666666666667,0.9,0.5085814952850342,0.021107053756713866
sqrt,1,0.0464159,0.7,5,0.6566666666666667,0.12409673645990854,324,0.7166666666666667,0.45,0.7,0.8166666666666667,0.6000000000000001,0.48053436279296874,0.020959091186523438
sqrt,1,0.0464159,0.7,10,0.6033333333333333,0.08781293248212993,436,0.7166666666666667,0.45,0.6,0.65,0.6000000000000001,0.48600339889526367,0.02098841667175293
sqrt,1,0.0464159,0.7,20,0.5766666666666668,0.18577166390790367,581,0.45,0.65,0.7,0.2833333333333333,0.8,0.49279346466064455,0.0211822509765625
sqrt,1,0.0464159,0.7,50,0.5700000000000001,0.14352700094407322,605,0.8166666666666667,0.55,0.6166666666666667,0.4666666666666667,0.4,0.500336742401123,0.02106819152832031
sqrt,1,0.0464159,0.9,5,0.6566666666666667,0.12409673645990854,324,0.7166666666666667,0.45,0.7,0.8166666666666667,0.6000000000000001,0.4799490928649902,0.02151188850402832
sqrt,1,0.0464159,0.9,10,0.6033333333333333,0.08781293248212993,436,0.7166666666666667,0.45,0.6,0.65,0.6000000000000001,0.4823334217071533,0.021136474609375
sqrt,1,0.0464159,0.9,20,0.5766666666666668,0.18577166390790367,581,0.45,0.65,0.7,0.2833333333333333,0.8,0.48888511657714845,0.02092876434326172
sqrt,1,0.0464159,0.9,50,0.5700000000000001,0.14352700094407322,605,0.8166666666666667,0.55,0.6166666666666667,0.4666666666666667,0.4,0.49637584686279296,0.02115168571472168
sqrt,1,0.16681,0.1,5,0.5900000000000001,0.13848385385227327,519,0.6166666666666667,0.3333333333333333,0.65,0.75,0.6,0.5295728206634521,0.0211700439453125
sqrt,1,0.16681,0.1,10,0.5833333333333334,0.14063348739819329,540,0.7333333333333334,0.4666666666666667,0.7333333333333334,0.3833333333333333,0.6000000000000001,0.5316815376281738,0.020984172821044922
sqrt,1,0.16681,0.1,20,0.7433333333333333,0.15003703246569197,49,0.8166666666666667,0.7166666666666667,0.8166666666666667,0.4666666666666667,0.9,0.5339126110076904,0.02128124237060547
sqrt,1,0.16681,0.1,50,0.73,0.12578641509408806,77,0.8333333333333333,0.6166666666666667,0.7333333333333334,0.5666666666666667,0.9,0.5429780960083008,0.020974397659301758
sqrt,1,0.16681,0.3,5,0.6766666666666667,0.06798692684790382,268,0.7333333333333334,0.5666666666666667,0.6333333333333333,0.75,0.7,0.5354067802429199,0.02117166519165039
sqrt,1,0.16681,0.3,10,0.6766666666666667,0.12229290885229428,268,0.8166666666666667,0.6333333333333333,0.65,0.48333333333333334,0.8,0.5375887393951416,0.02112855911254883
sqrt,1,0.16681,0.3,20,0.7266666666666666,0.11185307823708343,112,0.8333333333333333,0.6166666666666667,0.8166666666666667,0.5666666666666667,0.8,0.5391083240509034,0.02101435661315918
sqrt,1,0.16681,0.3,50,0.7300000000000001,0.18208667044996882,74,0.8333333333333333,0.6166666666666667,0.7333333333333334,0.4666666666666667,1.0,0.5447454452514648,0.02105369567871094
sqrt,1,0.16681,0.5,5,0.6733333333333332,0.11623730516108462,307,0.8166666666666667,0.55,0.65,0.55,0.8,0.5360955238342285,0.021288299560546876
sqrt,1,0.16681,0.5,10,0.8233333333333335,0.09463379711052258,1,0.8166666666666667,0.8166666666666667,0.7333333333333334,0.75,1.0,0.5372897148132324,0.021356725692749025
sqrt,1,0.16681,0.5,20,0.7266666666666668,0.08339997335464534,101,0.8333333333333333,0.6166666666666667,0.7333333333333334,0.65,0.8,0.5405386447906494,0.02105555534362793
sqrt,1,0.16681,0.5,50,0.6666666666666667,0.146439217576592,317,0.9166666666666667,0.6166666666666667,0.6333333333333333,0.4666666666666667,0.7,0.5473031997680664,0.021184968948364257
sqrt,1,0.16681,0.7,5,0.6366666666666667,0.07557189365836421,390,0.7333333333333334,0.55,0.65,0.55,0.7,0.5324158668518066,0.021393585205078124
sqrt,1,0.16681,0.7,10,0.79,0.11766241729815193,7,0.8166666666666667,0.65,0.7333333333333334,0.75,1.0,0.536776351928711,0.02108001708984375
sqrt,1,0.16681,0.7,20,0.7633333333333333,0.07845734863959877,18,0.8333333333333333,0.6166666666666667,0.8166666666666667,0.75,0.8,0.5383345603942871,0.021001863479614257
sqrt,1,0.16681,0.7,50,0.7233333333333333,0.08730533902472527,123,0.8333333333333333,0.6166666666666667,0.8166666666666667,0.65,0.7,0.5480515956878662,0.021105432510375978
sqrt,1,0.16681,0.9,5,0.6533333333333333,0.10022197585581935,357,0.8166666666666667,0.55,0.65,0.55,0.7,0.5283158779144287,0.020846796035766602
sqrt,1,0.16681,0.9,10,0.8066666666666666,0.10143416036468625,3,0.8166666666666667,0.7333333333333334,0.7333333333333334,0.75,1.0,0.5293147563934326,0.021169376373291016
sqrt,1,0.16681,0.9,20,0.7866666666666666,0.16845705024657703,9,0.9166666666666667,0.5333333333333333,0.8166666666666667,0.6666666666666666,1.0,0.5334587097167969,0.020948314666748048
sqrt,1,0.16681,0.9,50,0.7066666666666667,0.12498888839501787,189,0.9166666666666667,0.5333333333333333,0.7333333333333334,0.65,0.7,0.5398439407348633,0.021137046813964843
sqrt,1,0.599484,0.1,5,0.61,0.16485684025170985,425,0.6166666666666667,0.3333333333333333,0.55,0.75,0.8,0.5992204189300537,0.021014404296875
sqrt,1,0.599484,0.1,10,0.6433333333333333,0.11813363431112903,374,0.7333333333333334,0.4666666666666667,0.65,0.5666666666666667,0.8,0.6025572299957276,0.02115478515625
sqrt,1,0.599484,0.1,20,0.6933333333333334,0.16213848676020412,223,0.7333333333333334,0.55,0.8166666666666667,0.4666666666666667,0.9,0.6038703441619873,0.02123732566833496
sqrt,1,0.599484,0.1,50,0.7133333333333333,0.17713773674115232,147,0.8333333333333333,0.5333333333333333,0.6333333333333333,0.5666666666666667,1.0,0.6088406562805175,0.021024131774902345
sqrt,1,0.599484,0.3,5,0.62,0.06616477747093072,408,0.7333333333333334,0.5666666666666667,0.55,0.65,0.6,0.6150772571563721,0.02110285758972168
sqrt,1,0.599484,0.3,10,0.64,0.09225568335398698,380,0.7333333333333334,0.65,0.65,0.4666666666666667,0.7,0.6183770179748536,0.021139907836914062
sqrt,1,0.599484,0.3,20,0.75,0.16699966733167132,24,0.7333333333333334,0.7166666666666667,0.8166666666666667,0.48333333333333334,1.0,0.620073938369751,0.02106332778930664
sqrt,1,0.599484,0.3,50,0.6933333333333332,0.155492050529208,243,0.8333333333333333,0.6333333333333333,0.6333333333333333,0.4666666666666667,0.9,0.625725507736206,0.021114015579223634
sqrt,1,0.599484,0.5,5,0.6366666666666667,0.07630348761506399,390,0.7333333333333334,0.5666666666666667,0.5333333333333333,0.65,0.7,0.633379602432251,0.021227359771728516
sqrt,1,0.599484,0.5,10,0.6199999999999999,0.12355835328567095,409,0.7333333333333334,0.6333333333333333,0.65,0.3833333333333333,0.7,0.6373754024505616,0.02129201889038086
sqrt,1,0.599484,0.5,20,0.73,0.1554205763583302,77,0.8333333333333333,0.6166666666666667,0.8166666666666667,0.48333333333333334,0.9,0.640510082244873,0.020995140075683594
sqrt,1,0.599484,0.5,50,0.75,0.17384539747207062,24,0.8333333333333333,0.7166666666666667,0.7333333333333334,0.4666666666666667,1.0,0.6450085163116455,0.021219158172607423
sqrt,1,0.599484,0.7,5,0.6766666666666667,0.06798692684790382,268,0.7333333333333334,0.5666666666666667,0.6333333333333333,0.75,0.7,0.662215280532837,0.02151975631713867
sqrt,1,0.599484,0.7,10,0.6766666666666667,0.10780641085864154,268,0.7333333333333334,0.7166666666666667,0.65,0.48333333333333334,0.8,0.6639369487762451,0.021289491653442384
sqrt,1,0.599484,0.7,20,0.7266666666666667,0.16076207402383325,103,0.8333333333333333,0.6166666666666667,0.8166666666666667,0.4666666666666667,0.9,0.6656567096710205,0.021224069595336913
sqrt,1,0.599484,0.7,50,0.7266666666666667,0.16076207402383325,103,0.8333333333333333,0.6166666666666667,0.8166666666666667,0.4666666666666667,0.9,0.6712606906890869,0.020901060104370116
sqrt,1,0.599484,0.9,5,0.6766666666666667,0.06798692684790382,268,0.7333333333333334,0.5666666666666667,0.6333333333333333,0.75,0.7,0.6819281101226806,0.021188688278198243
sqrt,1,0.599484,0.9,10,0.68,0.12622730819174324,265,0.8333333333333333,0.6333333333333333,0.65,0.48333333333333334,0.8,0.6854014873504639,0.02156553268432617
sqrt,1,0.599484,0.9,20,0.7266666666666666,0.11185307823708343,112,0.8333333333333333,0.6166666666666667,0.8166666666666667,0.5666666666666667,0.8,0.6867520332336425,0.021298646926879883
sqrt,1,0.599484,0.9,50,0.6900000000000001,0.1339983416149452,245,0.8333333333333333,0.6166666666666667,0.7333333333333334,0.4666666666666667,0.8,0.6949888706207276,0.021154165267944336
sqrt,1,2.15443,0.1,5,0.5,0.14337208778404378,756,0.7166666666666667,0.3333333333333333,0.3666666666666667,0.48333333333333334,0.6,0.7244693756103515,0.02225518226623535
sqrt,1,2.15443,0.1,10,0.6199999999999999,0.14118545723031578,409,0.8166666666666667,0.4666666666666667,0.45,0.6666666666666666,0.7,0.7232759952545166,0.021082592010498048
sqrt,1,2.15443,0.1,20,0.7133333333333334,0.11025223605694154,134,0.7333333333333334,0.65,0.7166666666666667,0.5666666666666667,0.9,0.7262085437774658,0.021015214920043945
sqrt,1,2.15443,0.1,50,0.6933333333333334,0.16786237749352229,223,0.8333333333333333,0.5333333333333333,0.7333333333333334,0.4666666666666667,0.9,0.7329888820648194,0.02083721160888672
sqrt,1,2.15443,0.3,5,0.61,0.19136933459209762,425,0.6166666666666667,0.3333333333333333,0.4666666666666667,0.8333333333333333,0.8,0.7938736915588379,0.02112607955932617
sqrt,1,2.15443,0.3,10,0.6566666666666666,0.15260697523012798,340,0.7333333333333334,0.6333333333333333,0.45,0.5666666666666667,0.9,0.7966465950012207,0.020961475372314454
sqrt,1,2.15443,0.3,20,0.6933333333333334,0.17845011752432233,223,0.7333333333333334,0.6333333333333333,0.8166666666666667,0.3833333333333333,0.9,0.7992413520812989,0.02099785804748535
sqrt,1,2.15443,0.3,50,0.7133333333333332,0.12927146286443544,163,0.8333333333333333,0.6333333333333333,0.6333333333333333,0.5666666666666667,0.9,0.8050293445587158,0.020895862579345705
sqrt,1,2.15443,0.5,5,0.6166666666666667,0.11972189997378646,416,0.8166666666666667,0.5666666666666667,0.45,0.65,0.6,0.8113216400146485,0.021205615997314454
sqrt,1,2.15443,0.5,10,0.6399999999999999,0.15867506980549206,386,0.7333333333333334,0.55,0.45,0.5666666666666667,0.9,0.815754508972168,0.02098088264465332
sqrt,1,2.15443,0.5,20,0.7299999999999999,0.1829996964174774,93,0.8333333333333333,0.7166666666666667,0.8166666666666667,0.3833333333333333,0.9,0.82124924659729,0.02128009796142578
sqrt,1,2.15443,0.5,50,0.6733333333333332,0.13232955494186138,307,0.8333333333333333,0.6333333333333333,0.6333333333333333,0.4666666666666667,0.8,0.8226024150848389,0.02105536460876465
sqrt,1,2.15443,0.7,5,0.6599999999999999,0.05637178175095922,321,0.7333333333333334,0.5666666666666667,0.65,0.65,0.7,0.8657806396484375,0.02105255126953125
sqrt,1,2.15443,0.7,10,0.6766666666666666,0.12892719737209146,283,0.7333333333333334,0.6333333333333333,0.55,0.5666666666666667,0.9,0.8679940223693847,0.021065330505371092
sqrt,1,2.15443,0.7,20,0.7499999999999999,0.1456784892227477,32,0.8333333333333333,0.7166666666666667,0.8166666666666667,0.48333333333333334,0.9,0.8711627960205078,0.021178674697875977
sqrt,1,2.15443,0.7,50,0.7266666666666667,0.1477986618493024,103,0.8333333333333333,0.7166666666666667,0.7166666666666667,0.4666666666666667,0.9,0.8755667209625244,0.021176242828369142
sqrt,1,2.15443,0.9,5,0.6233333333333334,0.14360439485692011,403,0.7333333333333334,0.5666666666666667,0.3666666666666667,0.75,0.7,0.9576756954193115,0.021185016632080077
sqrt,1,2.15443,0.9,10,0.7299999999999999,0.09854496999396319,93,0.8333333333333333,0.7166666666666667,0.55,0.75,0.8,0.9594151020050049,0.02116236686706543
sqrt,1,2.15443,0.9,20,0.7466666666666666,0.13055437351710758,40,0.8333333333333333,0.6166666666666667,0.8166666666666667,0.5666666666666667,0.9,0.9632654666900635,0.02105989456176758
sqrt,1,2.15443,0.9,50,0.7266666666666667,0.18214768123085667,103,0.8333333333333333,0.6166666666666667,0.7166666666666667,0.4666666666666667,1.0,0.9708445549011231,0.020978689193725586
sqrt,1,7.74264,0.1,5,0.4666666666666667,0.13123346456686352,780,0.65,0.3333333333333333,0.3666666666666667,0.3833333333333333,0.6,0.7885173320770263,0.021246862411499024
sqrt,1,7.74264,0.1,10,0.6066666666666667,0.13523641850067197,427,0.7333333333333334,0.4666666666666667,0.55,0.48333333333333334,0.8,0.7925379276275635,0.021301984786987305
sqrt,1,7.74264,0.1,20,0.7333333333333333,0.11785113019775792,58,0.7333333333333334,0.65,0.8166666666666667,0.5666666666666667,0.9,0.791830587387085,0.0210693359375
sqrt,1,7.74264,0.1,50,0.7100000000000001,0.15477582354991865,164,0.8333333333333333,0.6166666666666667,0.7333333333333334,0.4666666666666667,0.9,0.8006107330322265,0.021375417709350586
sqrt,1,7.74264,0.3,5,0.6466666666666667,0.18178130939247977,371,0.8,0.3333333333333333,0.55,0.75,0.8,0.9848981380462647,0.02115769386291504
sqrt,1,7.74264,0.3,10,0.5633333333333332,0.09568466729604881,663,0.6333333333333333,0.4666666666666667,0.45,0.5666666666666667,0.7,0.9883110046386718,0.02120199203491211
sqrt,1,7.74264,0.3,20,0.7333333333333333,0.11785113019775792,58,0.7333333333333334,0.65,0.8166666666666667,0.5666666666666667,0.9,0.9936351299285888,0.021113204956054687
sqrt,1,7.74264,0.3,50,0.6733333333333332,0.13232955494186138,307,0.8333333333333333,0.6333333333333333,0.6333333333333333,0.4666666666666667,0.8,0.9933804988861084,0.02106466293334961
sqrt,1,7.74264,0.5,5,0.6299999999999999,0.19618585292749546,402,0.7166666666666667,0.3333333333333333,0.4666666666666667,0.8333333333333333,0.8,1.0717576503753663,0.02104077339172363
sqrt,1,7.74264,0.5,10,0.5966666666666667,0.10561986345169908,489,0.7333333333333334,0.5333333333333333,0.45,0.5666666666666667,0.7,1.0712363719940186,0.021030378341674805
sqrt,1,7.74264,0.5,20,0.6766666666666666,0.18696404883173545,283,0.7333333333333334,0.55,0.8166666666666667,0.3833333333333333,0.9,1.072349977493286,0.020968151092529298
sqrt,1,7.74264,0.5,50,0.6599999999999999,0.18092355660149212,321,0.8333333333333333,0.45,0.6333333333333333,0.48333333333333334,0.9,1.0770700931549073,0.021276140213012697
sqrt,1,7.74264,0.7,5,0.6766666666666667,0.11284207253207171,268,0.8166666666666667,0.5666666666666667,0.55,0.65,0.8,1.0959806442260742,0.02114133834838867
sqrt,1,7.74264,0.7,10,0.6533333333333333,0.15684387141358122,357,0.7333333333333334,0.5333333333333333,0.45,0.65,0.9,1.099277877807617,0.021374082565307616
sqrt,1,7.74264,0.7,20,0.6900000000000001,0.1796910929592474,245,0.7333333333333334,0.6166666666666667,0.8166666666666667,0.3833333333333333,0.9,1.1003583908081054,0.021315765380859376
sqrt,1,7.74264,0.7,50,0.6766666666666665,0.18123036292090916,291,0.8333333333333333,0.6333333333333333,0.6333333333333333,0.3833333333333333,0.9,1.1072444915771484,0.021042776107788087
sqrt,1,7.74264,0.9,5,0.6966666666666667,0.1151810169544733,215,0.8166666666666667,0.5666666666666667,0.55,0.75,0.8,1.1953458786010742,0.02136068344116211
sqrt,1,7.74264,0.9,10,0.6399999999999999,0.15867506980549206,386,0.7333333333333334,0.55,0.45,0.5666666666666667,0.9,1.2017140865325928,0.020934677124023436
sqrt,1,7.74264,0.9,20,0.7299999999999999,0.1829996964174774,93,0.8333333333333333,0.7166666666666667,0.8166666666666667,0.3833333333333333,0.9,1.203017807006836,0.021006679534912108
sqrt,1,7.74264,0.9,50,0.7466666666666667,0.17429221949868495,33,0.8333333333333333,0.7166666666666667,0.7166666666666667,0.4666666666666667,1.0,1.2100702285766602,0.021106672286987305
sqrt,1,27.8256,0.1,5,0.5166666666666667,0.14102797200870787,728,0.7166666666666667,0.3333333333333333,0.55,0.3833333333333333,0.6,0.7844613075256348,0.02126173973083496
sqrt,1,27.8256,0.1,10,0.5700000000000001,0.16478942792411036,605,0.7333333333333334,0.4666666666666667,0.4666666666666667,0.3833333333333333,0.8,0.7849761962890625,0.020937538146972655
sqrt,1,27.8256,0.1,20,0.7333333333333333,0.11785113019775792,58,0.7333333333333334,0.65,0.8166666666666667,0.5666666666666667,0.9,0.7892825603485107,0.02109537124633789
sqrt,1,27.8256,0.1,50,0.7466666666666666,0.13055437351710758,40,0.8333333333333333,0.6166666666666667,0.8166666666666667,0.5666666666666667,0.9,0.7925386428833008,0.020996522903442384
sqrt,1,27.8256,0.3,5,0.52,0.14583095236151575,718,0.7333333333333334,0.3333333333333333,0.55,0.3833333333333333,0.6,0.9405916213989258,0.021073198318481444
sqrt,1,27.8256,0.3,10,0.6066666666666667,0.13523641850067197,427,0.7333333333333334,0.4666666666666667,0.55,0.48333333333333334,0.8,0.9415273189544677,0.02136678695678711
sqrt,1,27.8256,0.3,20,0.7333333333333333,0.11785113019775792,58,0.7333333333333334,0.65,0.8166666666666667,0.5666666666666667,0.9,0.9412446975708008,0.020961713790893555
sqrt,1,27.8256,0.3,50,0.7100000000000001,0.17499206331208916,164,0.8333333333333333,0.5333333333333333,0.8166666666666667,0.4666666666666667,0.9,0.9478025436401367,0.021148538589477538
sqrt,1,27.8256,0.5,5,0.46333333333333326,0.1266666666666667,783,0.6333333333333333,0.3333333333333333,0.3666666666666667,0.3833333333333333,0.6000000000000001,1.1074392795562744,0.02129955291748047
sqrt,1,27.8256,0.5,10,0.6433333333333333,0.12092238098144704,374,0.7333333333333334,0.4666666666666667,0.55,0.6666666666666666,0.8,1.1070683479309082,0.021085309982299804
sqrt,1,27.8256,0.5,20,0.7133333333333334,0.11025223605694154,134,0.7333333333333334,0.65,0.7166666666666667,0.5666666666666667,0.9,1.1122541904449463,0.021297550201416014
sqrt,1,27.8256,0.5,50,0.6566666666666666,0.1717879830230017,340,0.8333333333333333,0.5333333333333333,0.7333333333333334,0.3833333333333333,0.8,1.114901638031006,0.02106814384460449
sqrt,1,27.8256,0.7,5,0.6066666666666667,0.16485684025170985,427,0.8,0.3333333333333333,0.55,0.75,0.6000000000000001,1.2198277950286864,0.02111196517944336
sqrt,1,27.8256,0.7,10,0.5833333333333334,0.07888106377466153,540,0.6333333333333333,0.4666666666666667,0.55,0.5666666666666667,0.7,1.2217137336730957,0.021028900146484376
sqrt,1,27.8256,0.7,20,0.7333333333333333,0.11785113019775792,58,0.7333333333333334,0.65,0.8166666666666667,0.5666666666666667,0.9,1.2232475757598877,0.020962619781494142
sqrt,1,27.8256,0.7,50,0.7533333333333333,0.1780761385225744,21,0.8333333333333333,0.6333333333333333,0.8166666666666667,0.48333333333333334,1.0,1.2299442291259766,0.02135930061340332
sqrt,1,27.8256,0.9,5,0.6633333333333333,0.19390719429665315,319,0.8,0.3333333333333333,0.55,0.8333333333333333,0.8,1.3045949459075927,0.021120738983154298
sqrt,1,27.8256,0.9,10,0.5966666666666667,0.10561986345169908,489,0.7333333333333334,0.5333333333333333,0.45,0.5666666666666667,0.7,1.303005838394165,0.020916223526000977
sqrt,1,27.8256,0.9,20,0.6966666666666667,0.15755069730795299,215,0.7333333333333334,0.55,0.8166666666666667,0.48333333333333334,0.9,1.305562400817871,0.02130470275878906
sqrt,1,27.8256,0.9,50,0.6566666666666666,0.18427033281447003,340,0.8333333333333333,0.45,0.6333333333333333,0.4666666666666667,0.9,1.3176430702209472,0.021124935150146483
sqrt,1,100.0,0.1,5,0.5166666666666667,0.14102797200870787,728,0.7166666666666667,0.3333333333333333,0.55,0.3833333333333333,0.6,0.8392436981201172,0.021175336837768555
sqrt,1,100.0,0.1,10,0.5700000000000001,0.16478942792411036,605,0.7333333333333334,0.4666666666666667,0.4666666666666667,0.3833333333333333,0.8,0.8407281875610352,0.02112092971801758
sqrt,1,100.0,0.1,20,0.7166666666666667,0.11055415967851334,125,0.7333333333333334,0.65,0.7333333333333334,0.5666666666666667,0.9,0.8422633171081543,0.02189497947692871
sqrt,1,100.0,0.1,50,0.71,0.20725722075613084,171,0.8333333333333333,0.6166666666666667,0.7166666666666667,0.3833333333333333,1.0,0.847389554977417,0.021010112762451173
sqrt,1,100.0,0.3,5,0.5166666666666667,0.14102797200870787,728,0.7166666666666667,0.3333333333333333,0.55,0.3833333333333333,0.6,0.8508205890655518,0.021112823486328126
sqrt,1,100.0,0.3,10,0.5700000000000001,0.16478942792411036,605,0.7333333333333334,0.4666666666666667,0.4666666666666667,0.3833333333333333,0.8,0.8478852272033691,0.0211090087890625
sqrt,1,100.0,0.3,20,0.7333333333333333,0.11785113019775792,58,0.7333333333333334,0.65,0.8166666666666667,0.5666666666666667,0.9,0.8485515117645264,0.021035051345825194
sqrt,1,100.0,0.3,50,0.75,0.15563490039905004,24,0.8333333333333333,0.6166666666666667,0.7333333333333334,0.5666666666666667,1.0,0.8579755306243897,0.021398162841796874
sqrt,1,100.0,0.5,5,0.5166666666666667,0.14102797200870787,728,0.7166666666666667,0.3333333333333333,0.55,0.3833333333333333,0.6,0.8730507850646972,0.020936918258666993
sqrt,1,100.0,0.5,10,0.5700000000000001,0.16478942792411036,605,0.7333333333333334,0.4666666666666667,0.4666666666666667,0.3833333333333333,0.8,0.8707997322082519,0.021305942535400392
sqrt,1,100.0,0.5,20,0.7166666666666667,0.11055415967851334,125,0.7333333333333334,0.65,0.7333333333333334,0.5666666666666667,0.9,0.8737720966339111,0.021007871627807616
sqrt,1,100.0,0.5,50,0.7100000000000001,0.17499206331208916,164,0.8333333333333333,0.5333333333333333,0.8166666666666667,0.4666666666666667,0.9,0.8793180465698243,0.02114243507385254
sqrt,1,100.0,0.7,5,0.5166666666666667,0.14102797200870787,728,0.7166666666666667,0.3333333333333333,0.55,0.3833333333333333,0.6,0.9216965675354004,0.02124309539794922
sqrt,1,100.0,0.7,10,0.6066666666666667,0.16485684025170985,427,0.8166666666666667,0.4666666666666667,0.4666666666666667,0.48333333333333334,0.8,0.9233671188354492,0.021075439453125
sqrt,1,100.0,0.7,20,0.7166666666666667,0.11055415967851334,125,0.7333333333333334,0.65,0.7333333333333334,0.5666666666666667,0.9,0.9255241870880127,0.021245384216308595
sqrt,1,100.0,0.7,50,0.6733333333333333,0.16786237749352229,302,0.8333333333333333,0.5333333333333333,0.6333333333333333,0.4666666666666667,0.9,0.929142427444458,0.021239423751831056
sqrt,1,100.0,0.9,5,0.5,0.11972189997378647,756,0.6333333333333333,0.3333333333333333,0.55,0.3833333333333333,0.6,1.0006765842437744,0.02137789726257324
sqrt,1,100.0,0.9,10,0.6066666666666667,0.13523641850067197,427,0.7333333333333334,0.4666666666666667,0.55,0.48333333333333334,0.8,0.9997645854949951,0.02108755111694336
sqrt,1,100.0,0.9,20,0.7166666666666667,0.14337208778404378,125,0.7333333333333334,0.65,0.8166666666666667,0.48333333333333334,0.9,1.001561975479126,0.021036720275878905
sqrt,1,100.0,0.9,50,0.7133333333333334,0.1950498511777039,134,0.8333333333333333,0.5333333333333333,0.7333333333333334,0.4666666666666667,1.0,1.0076799392700195,0.021773099899291992
sqrt,5,0.001,0.1,5,0.5666666666666667,0.11005049346146119,629,0.6333333333333333,0.45,0.5,0.75,0.5,0.47078714370727537,0.02113313674926758
sqrt,5,0.001,0.1,10,0.5833333333333334,0.12427567921538166,540,0.7166666666666667,0.45,0.5,0.75,0.5,0.4688084125518799,0.020827102661132812
sqrt,5,0.001,0.1,20,0.49333333333333335,0.05830951894845302,760,0.5333333333333333,0.55,0.5,0.3833333333333333,0.5,0.47307143211364744,0.020712518692016603
sqrt,5,0.001,0.1,50,0.6033333333333333,0.0985449699939632,436,0.7166666666666667,0.55,0.7,0.45,0.6000000000000001,0.4766439437866211,0.021276473999023438
sqrt,5,0.001,0.3,5,0.5666666666666667,0.11005049346146119,629,0.6333333333333333,0.45,0.5,0.75,0.5,0.4708523750305176,0.02090907096862793
sqrt,5,0.001,0.3,10,0.5833333333333334,0.12427567921538166,540,0.7166666666666667,0.45,0.5,0.75,0.5,0.4804340362548828,0.02082676887512207
sqrt,5,0.001,0.3,20,0.49333333333333335,0.05830951894845302,760,0.5333333333333333,0.55,0.5,0.3833333333333333,0.5,0.47273006439208987,0.020950746536254884
sqrt,5,0.001,0.3,50,0.6033333333333333,0.0985449699939632,436,0.7166666666666667,0.55,0.7,0.45,0.6000000000000001,0.47958550453186033,0.020861721038818358
sqrt,5,0.001,0.5,5,0.5666666666666667,0.11005049346146119,629,0.6333333333333333,0.45,0.5,0.75,0.5,0.4686897277832031,0.020853281021118164
sqrt,5,0.001,0.5,10,0.5833333333333334,0.12427567921538166,540,0.7166666666666667,0.45,0.5,0.75,0.5,0.4800707817077637,0.021114110946655273
sqrt,5,0.001,0.5,20,0.49333333333333335,0.05830951894845302,760,0.5333333333333333,0.55,0.5,0.3833333333333333,0.5,0.47269115447998045,0.02092432975769043
sqrt,5,0.001,0.5,50,0.6033333333333333,0.0985449699939632,436,0.7166666666666667,0.55,0.7,0.45,0.6000000000000001,0.4816726207733154,0.02082505226135254
sqrt,5,0.001,0.7,5,0.5666666666666667,0.11005049346146119,629,0.6333333333333333,0.45,0.5,0.75,0.5,0.47003374099731443,0.021769952774047852
sqrt,5,0.001,0.7,10,0.5833333333333334,0.12427567921538166,540,0.7166666666666667,0.45,0.5,0.75,0.5,0.4690680980682373,0.020912027359008788
sqrt,5,0.001,0.7,20,0.49333333333333335,0.05830951894845302,760,0.5333333333333333,0.55,0.5,0.3833333333333333,0.5,0.47225351333618165,0.02110738754272461
sqrt,5,0.001,0.7,50,0.6033333333333333,0.0985449699939632,436,0.7166666666666667,0.55,0.7,0.45,0.6000000000000001,0.47732009887695315,0.021137237548828125
sqrt,5,0.001,0.9,5,0.5666666666666667,0.11005049346146119,629,0.6333333333333333,0.45,0.5,0.75,0.5,0.46757187843322756,0.020804214477539062
sqrt,5,0.001,0.9,10,0.5833333333333334,0.12427567921538166,540,0.7166666666666667,0.45,0.5,0.75,0.5,0.469753360748291,0.02080564498901367
sqrt,5,0.001,0.9,20,0.49333333333333335,0.05830951894845302,760,0.5333333333333333,0.55,0.5,0.3833333333333333,0.5,0.4728239059448242,0.020968914031982422
sqrt,5,0.001,0.9,50,0.6033333333333333,0.0985449699939632,436,0.7166666666666667,0.55,0.7,0.45,0.6000000000000001,0.47710647583007815,0.021107864379882813
sqrt,5,0.00359381,0.1,5,0.5666666666666667,0.11005049346146119,629,0.6333333333333333,0.45,0.5,0.75,0.5,0.46900453567504885,0.021034669876098634
sqrt,5,0.00359381,0.1,10,0.5833333333333334,0.12427567921538166,540,0.7166666666666667,0.45,0.5,0.75,0.5,0.47293758392333984,0.02094244956970215
sqrt,5,0.00359381,0.1,20,0.49333333333333335,0.05830951894845302,760,0.5333333333333333,0.55,0.5,0.3833333333333333,0.5,0.4729036331176758,0.020882129669189453
sqrt,5,0.00359381,0.1,50,0.6033333333333333,0.0985449699939632,436,0.7166666666666667,0.55,0.7,0.45,0.6000000000000001,0.48485569953918456,0.020908641815185546
sqrt,5,0.00359381,0.3,5,0.5666666666666667,0.11005049346146119,629,0.6333333333333333,0.45,0.5,0.75,0.5,0.4690751075744629,0.021151304244995117
sqrt,5,0.00359381,0.3,10,0.5833333333333334,0.12427567921538166,540,0.7166666666666667,0.45,0.5,0.75,0.5,0.469330358505249,0.020883512496948243
sqrt,5,0.00359381,0.3,20,0.49333333333333335,0.05830951894845302,760,0.5333333333333333,0.55,0.5,0.3833333333333333,0.5,0.4722923278808594,0.020999383926391602
sqrt,5,0.00359381,0.3,50,0.6033333333333333,0.0985449699939632,436,0.7166666666666667,0.55,0.7,0.45,0.6000000000000001,0.478959846496582,0.02067108154296875
sqrt,5,0.00359381,0.5,5,0.5666666666666667,0.11005049346146119,629,0.6333333333333333,0.45,0.5,0.75,0.5,0.4679988384246826,0.020783138275146485
sqrt,5,0.00359381,0.5,10,0.5833333333333334,0.12427567921538166,540,0.7166666666666667,0.45,0.5,0.75,0.5,0.4698627471923828,0.021000432968139648
sqrt,5,0.00359381,0.5,20,0.49333333333333335,0.05830951894845302,760,0.5333333333333333,0.55,0.5,0.3833333333333333,0.5,0.4723609447479248,0.020986318588256836
sqrt,5,0.00359381,0.5,50,0.6033333333333333,0.0985449699939632,436,0.7166666666666667,0.55,0.7,0.45,0.6000000000000001,0.47897992134094236,0.020750045776367188
sqrt,5,0.00359381,0.7,5,0.5666666666666667,0.11005049346146119,629,0.6333333333333333,0.45,0.5,0.75,0.5,0.4688014030456543,0.02078981399536133
sqrt,5,0.00359381,0.7,10,0.5833333333333334,0.12427567921538166,540,0.7166666666666667,0.45,0.5,0.75,0.5,0.4826714038848877,0.021251630783081055
sqrt,5,0.00359381,0.7,20,0.49333333333333335,0.05830951894845302,760,0.5333333333333333,0.55,0.5,0.3833333333333333,0.5,0.4764273166656494,0.020947027206420898
sqrt,5,0.00359381,0.7,50,0.6033333333333333,0.0985449699939632,436,0.7166666666666667,0.55,0.7,0.45,0.6000000000000001,0.47903876304626464,0.02105112075805664
sqrt,5,0.00359381,0.9,5,0.5666666666666667,0.11005049346146119,629,0.6333333333333333,0.45,0.5,0.75,0.5,0.48252177238464355,0.02122025489807129
sqrt,5,0.00359381,0.9,10,0.5833333333333334,0.12427567921538166,540,0.7166666666666667,0.45,0.5,0.75,0.5,0.47803258895874023,0.021195030212402342
sqrt,5,0.00359381,0.9,20,0.49333333333333335,0.05830951894845302,760,0.5333333333333333,0.55,0.5,0.3833333333333333,0.5,0.47939243316650393,0.020772218704223633
sqrt,5,0.00359381,0.9,50,0.6033333333333333,0.0985449699939632,436,0.7166666666666667,0.55,0.7,0.45,0.6000000000000001,0.47643270492553713,0.021094083786010742
sqrt,5,0.0129155,0.1,5,0.5333333333333333,0.0823272602348565,713,0.6166666666666667,0.5333333333333333,0.5333333333333333,0.3833333333333333,0.6000000000000001,0.4772449493408203,0.020645809173583985
sqrt,5,0.0129155,0.1,10,0.6166666666666666,0.12292725943057184,418,0.6333333333333333,0.7333333333333334,0.6333333333333333,0.3833333333333333,0.7,0.47981853485107423,0.021325206756591795
sqrt,5,0.0129155,0.1,20,0.6566666666666666,0.09404490653110592,340,0.6333333333333333,0.7333333333333334,0.7333333333333334,0.48333333333333334,0.7,0.4809730052947998,0.0206911563873291
sqrt,5,0.0129155,0.1,50,0.6733333333333335,0.13848385385227327,292,0.8166666666666667,0.5333333333333333,0.7333333333333334,0.48333333333333334,0.8,0.48597517013549807,0.020893621444702148
sqrt,5,0.0129155,0.3,5,0.5666666666666667,0.11005049346146119,629,0.6333333333333333,0.45,0.5,0.75,0.5,0.4685328483581543,0.02083697319030762
sqrt,5,0.0129155,0.3,10,0.5833333333333334,0.12427567921538166,540,0.7166666666666667,0.45,0.5,0.75,0.5,0.4681122303009033,0.020788908004760742
sqrt,5,0.0129155,0.3,20,0.49333333333333335,0.05830951894845302,760,0.5333333333333333,0.55,0.5,0.3833333333333333,0.5,0.47286348342895507,0.021034097671508788
sqrt,5,0.0129155,0.3,50,0.6033333333333333,0.0985449699939632,436,0.7166666666666667,0.55,0.7,0.45,0.6000000000000001,0.47737698554992675,0.02098078727722168
sqrt,5,0.0129155,0.5,5,0.5666666666666667,0.11005049346146119,629,0.6333333333333333,0.45,0.5,0.75,0.5,0.47124295234680175,0.021083831787109375
sqrt,5,0.0129155,0.5,10,0.5833333333333334,0.12427567921538166,540,0.7166666666666667,0.45,0.5,0.75,0.5,0.46767139434814453,0.020780277252197266
sqrt,5,0.0129155,0.5,20,0.49333333333333335,0.05830951894845302,760,0.5333333333333333,0.55,0.5,0.3833333333333333,0.5,0.4725512981414795,0.020883655548095702
sqrt,5,0.0129155,0.5,50,0.6033333333333333,0.0985449699939632,436,0.7166666666666667,0.55,0.7,0.45,0.6000000000000001,0.47843918800354,0.02102651596069336
sqrt,5,0.0129155,0.7,5,0.5666666666666667,0.11005049346146119,629,0.6333333333333333,0.45,0.5,0.75,0.5,0.46828131675720214,0.020702314376831055
sqrt,5,0.0129155,0.7,10,0.5833333333333334,0.12427567921538166,540,0.7166666666666667,0.45,0.5,0.75,0.5,0.4671955108642578,0.020894813537597656
sqrt,5,0.0129155,0.7,20,0.49333333333333335,0.05830951894845302,760,0.5333333333333333,0.55,0.5,0.3833333333333333,0.5,0.4718498229980469,0.020928716659545897
sqrt,5,0.0129155,0.7,50,0.6033333333333333,0.0985449699939632,436,0.7166666666666667,0.55,0.7,0.45,0.6000000000000001,0.4768477439880371,0.020973730087280273
sqrt,5,0.0129155,0.9,5,0.5666666666666667,0.11005049346146119,629,0.6333333333333333,0.45,0.5,0.75,0.5,0.46816396713256836,0.02069997787475586
sqrt,5,0.0129155,0.9,10,0.5833333333333334,0.12427567921538166,540,0.7166666666666667,0.45,0.5,0.75,0.5,0.4687220096588135,0.020799541473388673
sqrt,5,0.0129155,0.9,20,0.49333333333333335,0.05830951894845302,760,0.5333333333333333,0.55,0.5,0.3833333333333333,0.5,0.47295522689819336,0.020752763748168944
sqrt,5,0.0129155,0.9,50,0.6033333333333333,0.0985449699939632,436,0.7166666666666667,0.55,0.7,0.45,0.6000000000000001,0.47594480514526366,0.020987558364868163
sqrt,5,0.0464159,0.1,5,0.5800000000000001,0.12884098726725127,579,0.6333333333333333,0.43333333333333335,0.55,0.48333333333333334,0.8,0.49251370429992675,0.020760059356689453
sqrt,5,0.0464159,0.1,10,0.6166666666666666,0.09545214042184236,418,0.6333333333333333,0.5333333333333333,0.7333333333333334,0.48333333333333334,0.7,0.4893949031829834,0.02084383964538574
sqrt,5,0.0464159,0.1,20,0.7333333333333333,0.13944333775567927,58,0.7333333333333334,0.8166666666666667,0.7333333333333334,0.48333333333333334,0.9,0.49097609519958496,0.021025657653808594
sqrt,5,0.0464159,0.1,50,0.6766666666666666,0.20859317129549357,283,0.7333333333333334,0.5333333333333333,0.7333333333333334,0.3833333333333333,1.0,0.49440946578979494,0.020842981338500977
sqrt,5,0.0464159,0.3,5,0.5366666666666666,0.10077477638553985,711,0.6166666666666667,0.45,0.6333333333333333,0.3833333333333333,0.6000000000000001,0.485150671005249,0.020579195022583006
sqrt,5,0.0464159,0.3,10,0.6966666666666667,0.15755069730795299,215,0.8166666666666667,0.7333333333333334,0.55,0.48333333333333334,0.9,0.48734421730041505,0.020798444747924805
sqrt,5,0.0464159,0.3,20,0.7,0.13540064007726602,197,0.7333333333333334,0.7333333333333334,0.65,0.48333333333333334,0.9,0.489970064163208,0.021045684814453125
sqrt,5,0.0464159,0.3,50,0.7333333333333334,0.15527752931802824,51,0.9166666666666667,0.6333333333333333,0.8333333333333333,0.48333333333333334,0.8,0.4956818103790283,0.02089834213256836
sqrt,5,0.0464159,0.5,5,0.5966666666666667,0.10974718422102886,489,0.6333333333333333,0.6333333333333333,0.6333333333333333,0.3833333333333333,0.7,0.4821784973144531,0.02081761360168457
sqrt,5,0.0464159,0.5,10,0.6733333333333333,0.1688523352255192,302,0.7166666666666667,0.6333333333333333,0.7333333333333334,0.3833333333333333,0.9,0.4844981670379639,0.02071099281311035
sqrt,5,0.0464159,0.5,20,0.6533333333333333,0.16845705024657706,357,0.8166666666666667,0.5333333333333333,0.7333333333333334,0.3833333333333333,0.8,0.4879608631134033,0.02073049545288086
sqrt,5,0.0464159,0.5,50,0.6900000000000001,0.1671991493864594,245,0.9166666666666667,0.5333333333333333,0.7333333333333334,0.4666666666666667,0.8,0.4926894187927246,0.020921087265014647
sqrt,5,0.0464159,0.7,5,0.5666666666666667,0.11005049346146119,629,0.6333333333333333,0.45,0.5,0.75,0.5,0.4684454917907715,0.020933103561401368
sqrt,5,0.0464159,0.7,10,0.5833333333333334,0.12427567921538166,540,0.7166666666666667,0.45,0.5,0.75,0.5,0.4693469524383545,0.02062115669250488
sqrt,5,0.0464159,0.7,20,0.49333333333333335,0.05830951894845302,760,0.5333333333333333,0.55,0.5,0.3833333333333333,0.5,0.4729106903076172,0.020841693878173827
sqrt,5,0.0464159,0.7,50,0.6033333333333333,0.0985449699939632,436,0.7166666666666667,0.55,0.7,0.45,0.6000000000000001,0.47582235336303713,0.02099781036376953
sqrt,5,0.0464159,0.9,5,0.5666666666666667,0.11005049346146119,629,0.6333333333333333,0.45,0.5,0.75,0.5,0.4662041187286377,0.02097029685974121
sqrt,5,0.0464159,0.9,10,0.5833333333333334,0.12427567921538166,540,0.7166666666666667,0.45,0.5,0.75,0.5,0.4671160221099854,0.020769214630126952
sqrt,5,0.0464159,0.9,20,0.49333333333333335,0.05830951894845302,760,0.5333333333333333,0.55,0.5,0.3833333333333333,0.5,0.47091360092163087,0.020837736129760743
sqrt,5,0.0464159,0.9,50,0.6033333333333333,0.0985449699939632,436,0.7166666666666667,0.55,0.7,0.45,0.6000000000000001,0.47671165466308596,0.020696640014648438
sqrt,5,0.16681,0.1,5,0.6,0.16295875415440422,485,0.6166666666666667,0.43333333333333335,0.5666666666666667,0.48333333333333334,0.9,0.5188734531402588,0.020859193801879884
sqrt,5,0.16681,0.1,10,0.6533333333333333,0.12265579661982734,357,0.7166666666666667,0.5333333333333333,0.7333333333333334,0.48333333333333334,0.8,0.5196298122406006,0.020970487594604494
sqrt,5,0.16681,0.1,20,0.7466666666666667,0.13182479955523457,33,0.8166666666666667,0.8166666666666667,0.8166666666666667,0.48333333333333334,0.8,0.5211614608764649,0.02082667350769043
sqrt,5,0.16681,0.1,50,0.6966666666666667,0.18269586141392963,215,0.7333333333333334,0.5333333333333333,0.7333333333333334,0.48333333333333334,1.0,0.5261501789093017,0.020955944061279298
sqrt,5,0.16681,0.3,5,0.64,0.08981462390204985,380,0.6333333333333333,0.75,0.6333333333333333,0.48333333333333334,0.7,0.5225347995758056,0.020534372329711913
sqrt,5,0.16681,0.3,10,0.71,0.11953614051360738,171,0.8166666666666667,0.7166666666666667,0.7333333333333334,0.48333333333333334,0.8,0.5235747337341309,0.020707464218139647
sqrt,5,0.16681,0.3,20,0.7266666666666666,0.08856886837057616,112,0.7333333333333334,0.7166666666666667,0.8166666666666667,0.5666666666666667,0.8,0.5257435321807862,0.021031999588012697
sqrt,5,0.16681,0.3,50,0.7266666666666667,0.20483055327649624,103,1.0,0.5333333333333333,0.7333333333333334,0.4666666666666667,0.9,0.5319103717803955,0.021132135391235353
sqrt,5,0.16681,0.5,5,0.5966666666666667,0.13474255287605158,489,0.6166666666666667,0.6333333333333333,0.55,0.3833333333333333,0.8,0.5251498699188233,0.020727920532226562
sqrt,5,0.16681,0.5,10,0.6900000000000001,0.1108552609887726,245,0.8166666666666667,0.7166666666666667,0.7333333333333334,0.48333333333333334,0.7,0.5282478332519531,0.020975923538208006
sqrt,5,0.16681,0.5,20,0.6733333333333335,0.11035296904831231,292,0.8333333333333333,0.5333333333333333,0.7333333333333334,0.5666666666666667,0.7,0.5299610137939453,0.020885801315307616
sqrt,5,0.16681,0.5,50,0.6933333333333334,0.16282232989093087,223,0.9166666666666667,0.5333333333333333,0.7333333333333334,0.48333333333333334,0.8,0.5329959392547607,0.021120452880859376
sqrt,5,0.16681,0.7,5,0.6,0.12516655570345725,485,0.7333333333333334,0.6333333333333333,0.55,0.3833333333333333,0.7,0.5198420524597168,0.0209197998046875
sqrt,5,0.16681,0.7,10,0.71,0.09695359714832658,171,0.8166666666666667,0.65,0.8166666666666667,0.5666666666666667,0.7,0.5228511333465576,0.020833349227905272
sqrt,5,0.16681,0.7,20,0.7300000000000001,0.153260852434302,74,0.9166666666666667,0.6333333333333333,0.8166666666666667,0.48333333333333334,0.8,0.5250818252563476,0.020946359634399413
sqrt,5,0.16681,0.7,50,0.7133333333333333,0.14734690736866898,147,0.9166666666666667,0.6333333333333333,0.7333333333333334,0.48333333333333334,0.8,0.5301704406738281,0.021301078796386718
sqrt,5,0.16681,0.9,5,0.5833333333333334,0.11105554165971789,540,0.65,0.6333333333333333,0.55,0.3833333333333333,0.7,0.5143662452697754,0.020722293853759767
sqrt,5,0.16681,0.9,10,0.6766666666666667,0.1108552609887726,268,0.8166666666666667,0.65,0.7333333333333334,0.48333333333333334,0.7,0.5161148548126221,0.02086787223815918
sqrt,5,0.16681,0.9,20,0.7133333333333333,0.11990737165736634,147,0.7333333333333334,0.7333333333333334,0.8166666666666667,0.48333333333333334,0.8,0.5171589374542236,0.020818042755126952
sqrt,5,0.16681,0.9,50,0.7333333333333333,0.16363916944844772,58,0.9166666666666667,0.6333333333333333,0.7333333333333334,0.48333333333333334,0.9,0.5220273017883301,0.021085262298583984
sqrt,5,0.599484,0.1,5,0.5766666666666668,0.127627931460511,581,0.6166666666666667,0.43333333333333335,0.55,0.48333333333333334,0.8,0.5916383743286133,0.021790695190429688
sqrt,5,0.599484,0.1,10,0.6366666666666667,0.1185092588975412,390,0.7333333333333334,0.5333333333333333,0.6333333333333333,0.48333333333333334,0.8,0.5884509563446045,0.020872211456298827
sqrt,5,0.599484,0.1,20,0.7266666666666666,0.18123036292090916,112,0.7166666666666667,0.8166666666666667,0.8166666666666667,0.3833333333333333,0.9,0.5886214733123779,0.020789527893066408
sqrt,5,0.599484,0.1,50,0.6599999999999999,0.14854853303438129,321,0.65,0.5333333333333333,0.7333333333333334,0.48333333333333334,0.9,0.593106746673584,0.020850229263305663
sqrt,5,0.599484,0.3,5,0.5966666666666667,0.1654623152798781,489,0.6333333333333333,0.43333333333333335,0.5333333333333333,0.48333333333333334,0.9,0.6009461879730225,0.020971393585205077
sqrt,5,0.599484,0.3,10,0.7133333333333333,0.09392668535736914,147,0.8166666666666667,0.65,0.7333333333333334,0.5666666666666667,0.8,0.6035507202148438,0.020775747299194337
sqrt,5,0.599484,0.3,20,0.7466666666666666,0.14391355429948602,40,0.8166666666666667,0.7166666666666667,0.8166666666666667,0.48333333333333334,0.9,0.6046873092651367,0.021158170700073243
sqrt,5,0.599484,0.3,50,0.7133333333333334,0.17993826101687707,134,0.9166666666666667,0.5333333333333333,0.7333333333333334,0.48333333333333334,0.9,0.61050443649292,0.02092132568359375
sqrt,5,0.599484,0.5,5,0.5966666666666667,0.14391355429948602,489,0.7333333333333334,0.43333333333333335,0.5333333333333333,0.48333333333333334,0.8,0.6261025905609131,0.02134852409362793
sqrt,5,0.599484,0.5,10,0.6766666666666667,0.12229290885229428,268,0.8166666666666667,0.6333333333333333,0.65,0.48333333333333334,0.8,0.6239665985107422,0.021012020111083985
sqrt,5,0.599484,0.5,20,0.73,0.13960261060914617,77,0.7333333333333334,0.7166666666666667,0.8166666666666667,0.48333333333333334,0.9,0.6240531444549561,0.02104477882385254
sqrt,5,0.599484,0.5,50,0.77,0.17587874611030557,11,1.0,0.7333333333333334,0.7333333333333334,0.48333333333333334,0.9,0.6289486408233642,0.02110180854797363
sqrt,5,0.599484,0.7,5,0.5800000000000001,0.1375984496036686,579,0.7333333333333334,0.43333333333333335,0.6333333333333333,0.4,0.7,0.6456404209136963,0.02079324722290039
sqrt,5,0.599484,0.7,10,0.6900000000000001,0.12229290885229427,245,0.8166666666666667,0.7166666666666667,0.6333333333333333,0.48333333333333334,0.8,0.6478511333465576,0.020980978012084962
sqrt,5,0.599484,0.7,20,0.6533333333333333,0.12534397117975446,357,0.7333333333333334,0.5333333333333333,0.8166666666666667,0.48333333333333334,0.7,0.6518777847290039,0.021144676208496093
sqrt,5,0.599484,0.7,50,0.7133333333333333,0.1959024700655349,147,0.9166666666666667,0.6333333333333333,0.7333333333333334,0.3833333333333333,0.9,0.6553618431091308,0.021090936660766602
sqrt,5,0.599484,0.9,5,0.55,0.1390443574307614,693,0.7333333333333334,0.43333333333333335,0.48333333333333334,0.4,0.7,0.6666934490203857,0.02095332145690918
sqrt,5,0.599484,0.9,10,0.7266666666666666,0.12719189352225943,112,0.8166666666666667,0.7166666666666667,0.8166666666666667,0.48333333333333334,0.8,0.6715071678161622,0.021078872680664062
sqrt,5,0.599484,0.9,20,0.6933333333333332,0.16076207402383327,243,0.7333333333333334,0.5333333333333333,0.8166666666666667,0.48333333333333334,0.9,0.6736327171325683,0.020926570892333983
sqrt,5,0.599484,0.9,50,0.6933333333333334,0.20779263167344936,223,0.9166666666666667,0.5333333333333333,0.7333333333333334,0.3833333333333333,0.9,0.6767211437225342,0.020964670181274413
sqrt,5,2.15443,0.1,5,0.44000000000000006,0.10780641085864151,792,0.6166666666666667,0.43333333333333335,0.3666666666666667,0.48333333333333334,0.30000000000000004,0.7113922119140625,0.021007776260375977
sqrt,5,2.15443,0.1,10,0.5166666666666667,0.11785113019775793,728,0.7166666666666667,0.5333333333333333,0.35,0.48333333333333334,0.5,0.7162811279296875,0.02219815254211426
sqrt,5,2.15443,0.1,20,0.75,0.14337208778404378,24,0.8166666666666667,0.7333333333333334,0.8166666666666667,0.48333333333333334,0.9,0.7114890575408935,0.021065807342529295
sqrt,5,2.15443,0.1,50,0.6933333333333334,0.16282232989093087,223,0.9166666666666667,0.5333333333333333,0.7333333333333334,0.48333333333333334,0.8,0.7149330139160156,0.020842361450195312
sqrt,5,2.15443,0.3,5,0.5366666666666667,0.12128936932440167,709,0.6166666666666667,0.43333333333333335,0.3666666666666667,0.5666666666666667,0.7,0.780147123336792,0.021010780334472658
sqrt,5,2.15443,0.3,10,0.6533333333333334,0.18481221700838818,355,0.7333333333333334,0.7166666666666667,0.35,0.5666666666666667,0.9,0.782523775100708,0.02085847854614258
sqrt,5,2.15443,0.3,20,0.71,0.16619934483090548,171,0.8166666666666667,0.7333333333333334,0.8166666666666667,0.3833333333333333,0.8,0.7864425659179688,0.020939970016479494
sqrt,5,2.15443,0.3,50,0.6933333333333334,0.18214768123085673,223,0.9166666666666667,0.5333333333333333,0.6333333333333333,0.48333333333333334,0.9,0.7929864406585694,0.020826387405395507
sqrt,5,2.15443,0.5,5,0.5833333333333333,0.16431676725154984,578,0.55,0.43333333333333335,0.55,0.48333333333333334,0.9,0.8057745456695556,0.020740318298339843
sqrt,5,2.15443,0.5,10,0.6699999999999999,0.17042430708218956,315,0.8166666666666667,0.7333333333333334,0.35,0.65,0.8,0.8052045345306397,0.02234025001525879
sqrt,5,2.15443,0.5,20,0.7266666666666666,0.18123036292090916,112,0.8166666666666667,0.7166666666666667,0.8166666666666667,0.3833333333333333,0.9,0.8039064884185791,0.02121124267578125
sqrt,5,2.15443,0.5,50,0.6933333333333334,0.20779263167344936,223,0.9166666666666667,0.5333333333333333,0.7333333333333334,0.3833333333333333,0.9,0.80665283203125,0.021199798583984374
sqrt,5,2.15443,0.7,5,0.6,0.14259499757471625,485,0.7333333333333334,0.43333333333333335,0.55,0.48333333333333334,0.8,0.8545581817626953,0.02082962989807129
sqrt,5,2.15443,0.7,10,0.6333333333333334,0.13038404810405294,396,0.8333333333333333,0.6333333333333333,0.45,0.55,0.7,0.8578234195709229,0.021161508560180665
sqrt,5,2.15443,0.7,20,0.73,0.13960261060914617,77,0.7333333333333334,0.7166666666666667,0.8166666666666667,0.48333333333333334,0.9,0.8594698905944824,0.02096133232116699
sqrt,5,2.15443,0.7,50,0.7266666666666666,0.23156472577277876,112,1.0,0.5333333333333333,0.8166666666666667,0.3833333333333333,0.9,0.8704277038574219,0.020904922485351564
sqrt,5,2.15443,0.9,5,0.6466666666666667,0.1359738536958076,371,0.7333333333333334,0.6666666666666666,0.6333333333333333,0.4,0.8,0.9562008857727051,0.02087564468383789
sqrt,5,2.15443,0.9,10,0.7066666666666667,0.13316656236958785,189,0.8166666666666667,0.7166666666666667,0.45,0.75,0.8,0.954614782333374,0.021089696884155275
sqrt,5,2.15443,0.9,20,0.7133333333333334,0.14506703431325962,134,0.7333333333333334,0.6333333333333333,0.8166666666666667,0.48333333333333334,0.9,0.9613130569458008,0.021007776260375977
sqrt,5,2.15443,0.9,50,0.7466666666666667,0.21791945504908206,33,1.0,0.6333333333333333,0.8166666666666667,0.3833333333333333,0.9,0.9573110103607178,0.020959949493408202
sqrt,5,7.74264,0.1,5,0.46333333333333326,0.12840906856172146,783,0.65,0.43333333333333335,0.3666666666666667,0.5666666666666667,0.30000000000000004,0.779468297958374,0.021088790893554688
sqrt,5,7.74264,0.1,10,0.54,0.07644896627453143,694,0.6166666666666667,0.5333333333333333,0.55,0.4,0.6,0.778448486328125,0.021120643615722655
sqrt,5,7.74264,0.1,20,0.7533333333333333,0.14506703431325962,21,0.8333333333333333,0.7333333333333334,0.8166666666666667,0.48333333333333334,0.9,0.7804722309112548,0.020940876007080077
sqrt,5,7.74264,0.1,50,0.6966666666666667,0.21766436956419344,215,0.8333333333333333,0.5333333333333333,0.7333333333333334,0.3833333333333333,1.0,0.7855597972869873,0.020982122421264647
sqrt,5,7.74264,0.3,5,0.5599999999999999,0.12229290885229425,665,0.7166666666666667,0.43333333333333335,0.4666666666666667,0.48333333333333334,0.7,0.9748720645904541,0.020696210861206054
sqrt,5,7.74264,0.3,10,0.54,0.1267543556122103,694,0.7333333333333334,0.5333333333333333,0.35,0.48333333333333334,0.6,0.9750417232513428,0.02089414596557617
sqrt,5,7.74264,0.3,20,0.7266666666666667,0.16213848676020412,103,0.9,0.7333333333333334,0.6166666666666667,0.48333333333333334,0.9,0.9754792213439941,0.02099761962890625
sqrt,5,7.74264,0.3,50,0.7133333333333334,0.16845705024657706,134,0.9166666666666667,0.6333333333333333,0.6333333333333333,0.48333333333333334,0.9,0.9800175666809082,0.021149063110351564
sqrt,5,7.74264,0.5,5,0.52,0.10241527663824809,718,0.6333333333333333,0.43333333333333335,0.3666666666666667,0.5666666666666667,0.6,1.0586133480072022,0.0208920955657959
sqrt,5,7.74264,0.5,10,0.5733333333333334,0.1267543556122103,600,0.7333333333333334,0.6333333333333333,0.35,0.55,0.6,1.057218313217163,0.021088123321533203
sqrt,5,7.74264,0.5,20,0.6733333333333335,0.17688665548562132,292,0.8166666666666667,0.55,0.8166666666666667,0.3833333333333333,0.8,1.063929510116577,0.02089409828186035
sqrt,5,7.74264,0.5,50,0.6933333333333334,0.18214768123085673,223,0.9166666666666667,0.5333333333333333,0.6333333333333333,0.48333333333333334,0.9,1.0639506816864013,0.02104015350341797
sqrt,5,7.74264,0.7,5,0.5333333333333334,0.09603240193925287,712,0.5166666666666667,0.43333333333333335,0.45,0.5666666666666667,0.7,1.085526990890503,0.02188453674316406
sqrt,5,7.74264,0.7,10,0.5966666666666667,0.1359738536958076,489,0.7333333333333334,0.6333333333333333,0.35,0.5666666666666667,0.7,1.0866125106811524,0.021002197265625
sqrt,5,7.74264,0.7,20,0.7066666666666667,0.16586473739499638,189,0.8166666666666667,0.7166666666666667,0.8166666666666667,0.3833333333333333,0.8,1.0886571407318115,0.021065807342529295
sqrt,5,7.74264,0.7,50,0.6933333333333334,0.19793377119071368,223,0.9166666666666667,0.6333333333333333,0.6333333333333333,0.3833333333333333,0.9,1.0949409008026123,0.021271324157714842
sqrt,5,7.74264,0.9,5,0.5233333333333333,0.09695359714832656,716,0.55,0.43333333333333335,0.45,0.48333333333333334,0.7,1.187101459503174,0.02094259262084961
sqrt,5,7.74264,0.9,10,0.6133333333333333,0.09741092797468304,423,0.7166666666666667,0.6333333333333333,0.45,0.5666666666666667,0.7,1.1882521152496337,0.02103400230407715
sqrt,5,7.74264,0.9,20,0.7266666666666666,0.18123036292090916,112,0.8166666666666667,0.7166666666666667,0.8166666666666667,0.3833333333333333,0.9,1.1942642688751222,0.02088627815246582
sqrt,5,7.74264,0.9,50,0.71,0.19567546828585564,171,0.9166666666666667,0.6333333333333333,0.7166666666666667,0.3833333333333333,0.9,1.1995546340942382,0.021001768112182618
sqrt,5,27.8256,0.1,5,0.45999999999999996,0.09580071908799942,786,0.55,0.43333333333333335,0.45,0.5666666666666667,0.30000000000000004,0.7755225658416748,0.022215509414672853
sqrt,5,27.8256,0.1,10,0.54,0.06018490028422596,694,0.6166666666666667,0.5333333333333333,0.4666666666666667,0.48333333333333334,0.6,0.7727908134460449,0.02097797393798828
sqrt,5,27.8256,0.1,20,0.7333333333333334,0.12952906151816965,51,0.8333333333333333,0.7333333333333334,0.8166666666666667,0.48333333333333334,0.8,0.7731979846954345,0.020731687545776367
sqrt,5,27.8256,0.1,50,0.7133333333333333,0.18897383710744486,147,0.7333333333333334,0.5333333333333333,0.8166666666666667,0.48333333333333334,1.0,0.7784853935241699,0.02098531723022461
sqrt,5,27.8256,0.3,5,0.5133333333333333,0.1736535503684147,738,0.8166666666666667,0.43333333333333335,0.45,0.5666666666666667,0.30000000000000004,0.9265778064727783,0.02120232582092285
sqrt,5,27.8256,0.3,10,0.54,0.07644896627453143,694,0.6166666666666667,0.5333333333333333,0.55,0.4,0.6,0.9291721820831299,0.02111992835998535
sqrt,5,27.8256,0.3,20,0.7533333333333334,0.1561338457150716,20,0.9166666666666667,0.7333333333333334,0.7333333333333334,0.48333333333333334,0.9,0.9303883075714111,0.020993852615356447
sqrt,5,27.8256,0.3,50,0.73,0.18481221700838818,77,0.9166666666666667,0.5333333333333333,0.8166666666666667,0.48333333333333334,0.9,0.9366456985473632,0.021196413040161132
sqrt,5,27.8256,0.5,5,0.4966666666666667,0.1826958614139296,758,0.8166666666666667,0.43333333333333335,0.3666666666666667,0.5666666666666667,0.30000000000000004,1.0945507526397704,0.020943403244018555
sqrt,5,27.8256,0.5,10,0.5166666666666667,0.0960324019392529,728,0.6166666666666667,0.5333333333333333,0.35,0.48333333333333334,0.6,1.0975332260131836,0.02103137969970703
sqrt,5,27.8256,0.5,20,0.7133333333333333,0.11990737165736634,147,0.8166666666666667,0.7333333333333334,0.7333333333333334,0.48333333333333334,0.8,1.101585865020752,0.020934915542602538
sqrt,5,27.8256,0.5,50,0.6533333333333333,0.16845705024657706,357,0.8166666666666667,0.5333333333333333,0.7333333333333334,0.3833333333333333,0.8,1.102774477005005,0.02098374366760254
sqrt,5,27.8256,0.7,5,0.4800000000000001,0.13474255287605158,779,0.7166666666666667,0.43333333333333335,0.4666666666666667,0.48333333333333334,0.30000000000000004,1.2068521499633789,0.020853710174560548
sqrt,5,27.8256,0.7,10,0.5599999999999999,0.10033277962194942,665,0.7333333333333334,0.5333333333333333,0.45,0.48333333333333334,0.6,1.2174389839172364,0.020906972885131835
sqrt,5,27.8256,0.7,20,0.6900000000000001,0.12498888839501783,245,0.8166666666666667,0.7333333333333334,0.6166666666666667,0.48333333333333334,0.8,1.2158033847808838,0.020914316177368164
sqrt,5,27.8256,0.7,50,0.6966666666666667,0.1634353422950835,215,0.8333333333333333,0.5333333333333333,0.7333333333333334,0.48333333333333334,0.9,1.2199539184570312,0.021057653427124023
sqrt,5,27.8256,0.9,5,0.5233333333333333,0.118133634311129,716,0.7166666666666667,0.43333333333333335,0.4666666666666667,0.4,0.6,1.3029069423675537,0.021865653991699218
sqrt,5,27.8256,0.9,10,0.5533333333333335,0.10614455552060438,674,0.6333333333333333,0.6333333333333333,0.35,0.55,0.6,1.2979645729064941,0.02119722366333008
sqrt,5,27.8256,0.9,20,0.6333333333333334,0.11352924243950935,396,0.7166666666666667,0.55,0.6166666666666667,0.48333333333333334,0.8,1.3038032531738282,0.020747900009155273
sqrt,5,27.8256,0.9,50,0.6766666666666666,0.1638427430325934,283,0.8333333333333333,0.5333333333333333,0.6333333333333333,0.48333333333333334,0.9,1.3159247875213622,0.021000242233276366
sqrt,5,100.0,0.1,5,0.45999999999999996,0.09580071908799942,786,0.55,0.43333333333333335,0.45,0.5666666666666667,0.30000000000000004,0.8279826641082764,0.020622634887695314
sqrt,5,100.0,0.1,10,0.5566666666666668,0.05333333333333334,669,0.6166666666666667,0.5333333333333333,0.4666666666666667,0.5666666666666667,0.6,0.8281250953674316,0.02099919319152832
sqrt,5,100.0,0.1,20,0.71,0.12229290885229427,171,0.8166666666666667,0.7333333333333334,0.8166666666666667,0.48333333333333334,0.7,0.8297528743743896,0.020847558975219727
sqrt,5,100.0,0.1,50,0.75,0.2062899792902107,24,0.9166666666666667,0.5333333333333333,0.8166666666666667,0.48333333333333334,1.0,0.8336315155029297,0.020869064331054687
sqrt,5,100.0,0.3,5,0.45999999999999996,0.09580071908799942,786,0.55,0.43333333333333335,0.45,0.5666666666666667,0.30000000000000004,0.8381548881530761,0.02085576057434082
sqrt,5,100.0,0.3,10,0.5566666666666668,0.05333333333333334,669,0.6166666666666667,0.5333333333333333,0.4666666666666667,0.5666666666666667,0.6,0.8437676906585694,0.020993757247924804
sqrt,5,100.0,0.3,20,0.7133333333333333,0.11990737165736634,147,0.7333333333333334,0.7333333333333334,0.8166666666666667,0.48333333333333334,0.8,0.8480146884918213,0.02085537910461426
sqrt,5,100.0,0.3,50,0.7133333333333333,0.18897383710744486,147,0.7333333333333334,0.5333333333333333,0.8166666666666667,0.48333333333333334,1.0,0.8499655246734619,0.02092771530151367
sqrt,5,100.0,0.5,5,0.45999999999999996,0.09580071908799942,786,0.55,0.43333333333333335,0.45,0.5666666666666667,0.30000000000000004,0.8606293201446533,0.020895099639892577
sqrt,5,100.0,0.5,10,0.54,0.06018490028422596,694,0.6166666666666667,0.5333333333333333,0.4666666666666667,0.48333333333333334,0.6,0.8678862094879151,0.020907020568847655
sqrt,5,100.0,0.5,20,0.7166666666666666,0.12292725943057184,133,0.8333333333333333,0.7333333333333334,0.7333333333333334,0.48333333333333334,0.8,0.8687233924865723,0.022478723526000978
sqrt,5,100.0,0.5,50,0.7133333333333334,0.22295988677587525,134,0.8333333333333333,0.5333333333333333,0.8166666666666667,0.3833333333333333,1.0,0.8681192398071289,0.02089519500732422
sqrt,5,100.0,0.7,5,0.45999999999999996,0.09580071908799942,786,0.55,0.43333333333333335,0.45,0.5666666666666667,0.30000000000000004,0.9151459693908691,0.021108293533325197
sqrt,5,100.0,0.7,10,0.54,0.06018490028422596,694,0.6166666666666667,0.5333333333333333,0.4666666666666667,0.48333333333333334,0.6,0.9131674289703369,0.020987892150878908
sqrt,5,100.0,0.7,20,0.77,0.15755069730795299,11,0.9166666666666667,0.7333333333333334,0.8166666666666667,0.48333333333333334,0.9,0.9187071323394775,0.021126174926757814
sqrt,5,100.0,0.7,50,0.71,0.2135935912480106,171,0.9166666666666667,0.5333333333333333,0.8166666666666667,0.3833333333333333,0.9,0.9158446788787842,0.021065330505371092
sqrt,5,100.0,0.9,5,0.5133333333333333,0.1736535503684147,738,0.8166666666666667,0.43333333333333335,0.45,0.5666666666666667,0.30000000000000004,0.9912632465362549,0.020948266983032225
sqrt,5,100.0,0.9,10,0.54,0.07644896627453143,694,0.6166666666666667,0.5333333333333333,0.55,0.4,0.6,0.9879384994506836,0.021078157424926757
sqrt,5,100.0,0.9,20,0.7366666666666666,0.141578403877302,50,0.8333333333333333,0.7333333333333334,0.7333333333333334,0.48333333333333334,0.9,0.990891695022583,0.021305561065673828
sqrt,5,100.0,0.9,50,0.6766666666666666,0.19194906731850625,283,0.8333333333333333,0.5333333333333333,0.7333333333333334,0.3833333333333333,0.9,0.9946531772613525,0.021045923233032227
0.3,1,0.001,0.1,5,0.6966666666666668,0.15895492023421817,199,0.7166666666666667,0.45,0.9,0.8166666666666667,0.6000000000000001,0.47522435188293455,0.021168851852416994
0.3,1,0.001,0.1,10,0.6033333333333333,0.08781293248212993,436,0.7166666666666667,0.45,0.6,0.65,0.6000000000000001,0.48177599906921387,0.021004867553710938
0.3,1,0.001,0.1,20,0.5966666666666667,0.1561338457150716,489,0.45,0.65,0.8,0.3833333333333333,0.7,0.49272003173828127,0.021179866790771485
0.3,1,0.001,0.1,50,0.5533333333333333,0.11614167593456232,676,0.7333333333333334,0.55,0.6166666666666667,0.4666666666666667,0.4,0.5072451591491699,0.021232175827026366
0.3,1,0.001,0.3,5,0.6966666666666668,0.15895492023421817,199,0.7166666666666667,0.45,0.9,0.8166666666666667,0.6000000000000001,0.4761073112487793,0.02111339569091797
0.3,1,0.001,0.3,10,0.6033333333333333,0.08781293248212993,436,0.7166666666666667,0.45,0.6,0.65,0.6000000000000001,0.4852148532867432,0.02133808135986328
0.3,1,0.001,0.3,20,0.5966666666666667,0.1561338457150716,489,0.45,0.65,0.8,0.3833333333333333,0.7,0.4926009654998779,0.02122054100036621
0.3,1,0.001,0.3,50,0.5533333333333333,0.11614167593456232,676,0.7333333333333334,0.55,0.6166666666666667,0.4666666666666667,0.4,0.5086939334869385,0.020975112915039062
0.3,1,0.001,0.5,5,0.6966666666666668,0.15895492023421817,199,0.7166666666666667,0.45,0.9,0.8166666666666667,0.6000000000000001,0.4805206298828125,0.020941877365112306
0.3,1,0.001,0.5,10,0.6033333333333333,0.08781293248212993,436,0.7166666666666667,0.45,0.6,0.65,0.6000000000000001,0.4841958522796631,0.020970487594604494
0.3,1,0.001,0.5,20,0.5966666666666667,0.1561338457150716,489,0.45,0.65,0.8,0.3833333333333333,0.7,0.4930710315704346,0.021104717254638673
0.3,1,0.001,0.5,50,0.5533333333333333,0.11614167593456232,676,0.7333333333333334,0.55,0.6166666666666667,0.4666666666666667,0.4,0.5081091403961182,0.02110295295715332
0.3,1,0.001,0.7,5,0.6966666666666668,0.15895492023421817,199,0.7166666666666667,0.45,0.9,0.8166666666666667,0.6000000000000001,0.4784706115722656,0.021056270599365233
0.3,1,0.001,0.7,10,0.6033333333333333,0.08781293248212993,436,0.7166666666666667,0.45,0.6,0.65,0.6000000000000001,0.48267135620117185,0.020996570587158203
0.3,1,0.001,0.7,20,0.5966666666666667,0.1561338457150716,489,0.45,0.65,0.8,0.3833333333333333,0.7,0.49270000457763674,0.02098546028137207
0.3,1,0.001,0.7,50,0.5533333333333333,0.11614167593456232,676,0.7333333333333334,0.55,0.6166666666666667,0.4666666666666667,0.4,0.507813835144043,0.02113041877746582
0.3,1,0.001,0.9,5,0.6966666666666668,0.15895492023421817,199,0.7166666666666667,0.45,0.9,0.8166666666666667,0.6000000000000001,0.47891035079956057,0.021441316604614256
0.3,1,0.001,0.9,10,0.6033333333333333,0.08781293248212993,436,0.7166666666666667,0.45,0.6,0.65,0.6000000000000001,0.4834590435028076,0.021072196960449218
0.3,1,0.001,0.9,20,0.5966666666666667,0.1561338457150716,489,0.45,0.65,0.8,0.3833333333333333,0.7,0.4923978805541992,0.021034908294677735
0.3,1,0.001,0.9,50,0.5533333333333333,0.11614167593456232,676,0.7333333333333334,0.55,0.6166666666666667,0.4666666666666667,0.4,0.5117014884948731,0.021131134033203124
0.3,1,0.00359381,0.1,5,0.6966666666666668,0.15895492023421817,199,0.7166666666666667,0.45,0.9,0.8166666666666667,0.6000000000000001,0.4778780937194824,0.021055078506469725
0.3,1,0.00359381,0.1,10,0.6033333333333333,0.08781293248212993,436,0.7166666666666667,0.45,0.6,0.65,0.6000000000000001,0.48349647521972655,0.021107578277587892
0.3,1,0.00359381,0.1,20,0.5966666666666667,0.1561338457150716,489,0.45,0.65,0.8,0.3833333333333333,0.7,0.495241641998291,0.021242904663085937
0.3,1,0.00359381,0.1,50,0.5533333333333333,0.11614167593456232,676,0.7333333333333334,0.55,0.6166666666666667,0.4666666666666667,0.4,0.5086644172668457,0.02104191780090332
0.3,1,0.00359381,0.3,5,0.6966666666666668,0.15895492023421817,199,0.7166666666666667,0.45,0.9,0.8166666666666667,0.6000000000000001,0.4774797439575195,0.020969200134277343
0.3,1,0.00359381,0.3,10,0.6033333333333333,0.08781293248212993,436,0.7166666666666667,0.45,0.6,0.65,0.6000000000000001,0.48322329521179197,0.021192550659179688
0.3,1,0.00359381,0.3,20,0.5966666666666667,0.1561338457150716,489,0.45,0.65,0.8,0.3833333333333333,0.7,0.491959810256958,0.021175146102905273
0.3,1,0.00359381,0.3,50,0.5533333333333333,0.11614167593456232,676,0.7333333333333334,0.55,0.6166666666666667,0.4666666666666667,0.4,0.5116021633148193,0.021249675750732423
0.3,1,0.00359381,0.5,5,0.6966666666666668,0.15895492023421817,199,0.7166666666666667,0.45,0.9,0.8166666666666667,0.6000000000000001,0.4785296440124512,0.021180057525634767
0.3,1,0.00359381,0.5,10,0.6033333333333333,0.08781293248212993,436,0.7166666666666667,0.45,0.6,0.65,0.6000000000000001,0.48443851470947263,0.021080923080444337
0.3,1,0.00359381,0.5,20,0.5966666666666667,0.1561338457150716,489,0.45,0.65,0.8,0.3833333333333333,0.7,0.49391021728515627,0.021060752868652343
0.3,1,0.00359381,0.5,50,0.5533333333333333,0.11614167593456232,676,0.7333333333333334,0.55,0.6166666666666667,0.4666666666666667,0.4,0.5099071025848388,0.021227407455444335
0.3,1,0.00359381,0.7,5,0.6966666666666668,0.15895492023421817,199,0.7166666666666667,0.45,0.9,0.8166666666666667,0.6000000000000001,0.47754654884338377,0.021053409576416014
0.3,1,0.00359381,0.7,10,0.6033333333333333,0.08781293248212993,436,0.7166666666666667,0.45,0.6,0.65,0.6000000000000001,0.48424158096313474,0.02110128402709961
0.3,1,0.00359381,0.7,20,0.5966666666666667,0.1561338457150716,489,0.45,0.65,0.8,0.3833333333333333,0.7,0.4938036441802979,0.021132469177246094
0.3,1,0.00359381,0.7,50,0.5533333333333333,0.11614167593456232,676,0.7333333333333334,0.55,0.6166666666666667,0.4666666666666667,0.4,0.5092532634735107,0.021109771728515626
0.3,1,0.00359381,0.9,5,0.6966666666666668,0.15895492023421817,199,0.7166666666666667,0.45,0.9,0.8166666666666667,0.6000000000000001,0.47728614807128905,0.021007299423217773
0.3,1,0.00359381,0.9,10,0.6033333333333333,0.08781293248212993,436,0.7166666666666667,0.45,0.6,0.65,0.6000000000000001,0.48360443115234375,0.020865774154663085
0.3,1,0.00359381,0.9,20,0.5966666666666667,0.1561338457150716,489,0.45,0.65,0.8,0.3833333333333333,0.7,0.49346203804016114,0.02123723030090332
0.3,1,0.00359381,0.9,50,0.5533333333333333,0.11614167593456232,676,0.7333333333333334,0.55,0.6166666666666667,0.4666666666666667,0.4,0.50849928855896,0.02110590934753418
0.3,1,0.0129155,0.1,5,0.6733333333333332,0.07788880963698615,307,0.7333333333333334,0.75,0.5333333333333333,0.65,0.7,0.4844969272613525,0.021120834350585937
0.3,1,0.0129155,0.1,10,0.7333333333333334,0.17543596489254357,51,0.8166666666666667,0.8333333333333333,0.8333333333333333,0.3833333333333333,0.8,0.49348788261413573,0.021097946166992187
0.3,1,0.0129155,0.1,20,0.71,0.12498888839501782,171,0.8166666666666667,0.7166666666666667,0.8333333333333333,0.48333333333333334,0.7,0.5024200916290283,0.021050357818603517
0.3,1,0.0129155,0.1,50,0.7066666666666667,0.07930251502246877,189,0.7333333333333334,0.7166666666666667,0.8333333333333333,0.65,0.6,0.5146731853485107,0.021038055419921875
0.3,1,0.0129155,0.3,5,0.6966666666666668,0.15895492023421817,199,0.7166666666666667,0.45,0.9,0.8166666666666667,0.6000000000000001,0.4762294292449951,0.02130751609802246
0.3,1,0.0129155,0.3,10,0.6033333333333333,0.08781293248212993,436,0.7166666666666667,0.45,0.6,0.65,0.6000000000000001,0.484127140045166,0.020933151245117188
0.3,1,0.0129155,0.3,20,0.5966666666666667,0.1561338457150716,489,0.45,0.65,0.8,0.3833333333333333,0.7,0.4926758766174316,0.021118593215942384
0.3,1,0.0129155,0.3,50,0.5533333333333333,0.11614167593456232,676,0.7333333333333334,0.55,0.6166666666666667,0.4666666666666667,0.4,0.5118165969848633,0.021340131759643555
0.3,1,0.0129155,0.5,5,0.6966666666666668,0.15895492023421817,199,0.7166666666666667,0.45,0.9,0.8166666666666667,0.6000000000000001,0.474276065826416,0.020840978622436522
0.3,1,0.0129155,0.5,10,0.6033333333333333,0.08781293248212993,436,0.7166666666666667,0.45,0.6,0.65,0.6000000000000001,0.48219990730285645,0.021273231506347655
0.3,1,0.0129155,0.5,20,0.5966666666666667,0.1561338457150716,489,0.45,0.65,0.8,0.3833333333333333,0.7,0.49240837097167967,0.02118377685546875
0.3,1,0.0129155,0.5,50,0.5533333333333333,0.11614167593456232,676,0.7333333333333334,0.55,0.6166666666666667,0.4666666666666667,0.4,0.5085279941558838,0.02121396064758301
0.3,1,0.0129155,0.7,5,0.6966666666666668,0.15895492023421817,199,0.7166666666666667,0.45,0.9,0.8166666666666667,0.6000000000000001,0.4790792465209961,0.02095799446105957
0.3,1,0.0129155,0.7,10,0.6033333333333333,0.08781293248212993,436,0.7166666666666667,0.45,0.6,0.65,0.6000000000000001,0.4810772895812988,0.021575927734375
0.3,1,0.0129155,0.7,20,0.5966666666666667,0.1561338457150716,489,0.45,0.65,0.8,0.3833333333333333,0.7,0.4911210060119629,0.021218633651733397
0.3,1,0.0129155,0.7,50,0.5533333333333333,0.11614167593456232,676,0.7333333333333334,0.55,0.6166666666666667,0.4666666666666667,0.4,0.5073629379272461,0.02113037109375
0.3,1,0.0129155,0.9,5,0.6966666666666668,0.15895492023421817,199,0.7166666666666667,0.45,0.9,0.8166666666666667,0.6000000000000001,0.4925238132476807,0.021219730377197266
0.3,1,0.0129155,0.9,10,0.6033333333333333,0.08781293248212993,436,0.7166666666666667,0.45,0.6,0.65,0.6000000000000001,0.4814115047454834,0.0214174747467041
0.3,1,0.0129155,0.9,20,0.5966666666666667,0.1561338457150716,489,0.45,0.65,0.8,0.3833333333333333,0.7,0.49106316566467284,0.021442461013793945
0.3,1,0.0129155,0.9,50,0.5533333333333333,0.11614167593456232,676,0.7333333333333334,0.55,0.6166666666666667,0.4666666666666667,0.4,0.508991289138794,0.02113995552062988
0.3,1,0.0464159,0.1,5,0.6633333333333333,0.05206833117271103,319,0.7333333333333334,0.6666666666666666,0.6333333333333333,0.5833333333333334,0.7,0.4954825401306152,0.021117305755615233
0.3,1,0.0464159,0.1,10,0.6233333333333333,0.13274871834493251,406,0.8166666666666667,0.4666666666666667,0.65,0.48333333333333334,0.7,0.4998520851135254,0.02099614143371582
0.3,1,0.0464159,0.1,20,0.7133333333333333,0.12265579661982733,147,0.8333333333333333,0.7166666666666667,0.7333333333333334,0.48333333333333334,0.8,0.5063488960266114,0.021159887313842773
0.3,1,0.0464159,0.1,50,0.7100000000000001,0.15477582354991865,164,0.8333333333333333,0.6166666666666667,0.7333333333333334,0.4666666666666667,0.9,0.5203938007354736,0.02093214988708496
0.3,1,0.0464159,0.3,5,0.6566666666666666,0.16485684025170985,340,0.8166666666666667,0.5666666666666667,0.8166666666666667,0.3833333333333333,0.7,0.4954174041748047,0.021132993698120116
0.3,1,0.0464159,0.3,10,0.77,0.08393118874676114,11,0.8166666666666667,0.7333333333333334,0.65,0.75,0.9,0.49982123374938964,0.020937204360961914
0.3,1,0.0464159,0.3,20,0.8033333333333333,0.08653836657164782,5,0.9166666666666667,0.7166666666666667,0.7333333333333334,0.75,0.9,0.507344913482666,0.02101144790649414
0.3,1,0.0464159,0.3,50,0.7433333333333334,0.1565602475442317,48,1.0,0.6166666666666667,0.75,0.55,0.8,0.5242422580718994,0.02096242904663086
0.3,1,0.0464159,0.5,5,0.5900000000000001,0.09285592184789414,519,0.6333333333333333,0.5166666666666667,0.7333333333333334,0.4666666666666667,0.6000000000000001,0.4913191795349121,0.02136540412902832
0.3,1,0.0464159,0.5,10,0.6333333333333334,0.1531157877047447,396,0.7166666666666667,0.5333333333333333,0.7333333333333334,0.3833333333333333,0.8,0.5027782440185546,0.02116813659667969
0.3,1,0.0464159,0.5,20,0.64,0.16552945357246848,380,0.55,0.6333333333333333,0.8333333333333333,0.3833333333333333,0.8,0.5069967746734619,0.021144771575927736
0.3,1,0.0464159,0.5,50,0.6733333333333333,0.14204850501775013,302,0.6333333333333333,0.6333333333333333,0.7333333333333334,0.4666666666666667,0.9,0.5214091300964355,0.02113351821899414
0.3,1,0.0464159,0.7,5,0.6966666666666668,0.15895492023421817,199,0.7166666666666667,0.45,0.9,0.8166666666666667,0.6000000000000001,0.47904300689697266,0.020981884002685545
0.3,1,0.0464159,0.7,10,0.6033333333333333,0.08781293248212993,436,0.7166666666666667,0.45,0.6,0.65,0.6000000000000001,0.48548297882080077,0.02112445831298828
0.3,1,0.0464159,0.7,20,0.5966666666666667,0.1561338457150716,489,0.45,0.65,0.8,0.3833333333333333,0.7,0.49387969970703127,0.02121872901916504
0.3,1,0.0464159,0.7,50,0.5533333333333333,0.11614167593456232,676,0.7333333333333334,0.55,0.6166666666666667,0.4666666666666667,0.4,0.5120110034942627,0.021462488174438476
0.3,1,0.0464159,0.9,5,0.6966666666666668,0.15895492023421817,199,0.7166666666666667,0.45,0.9,0.8166666666666667,0.6000000000000001,0.47681369781494143,0.020956134796142577
0.3,1,0.0464159,0.9,10,0.6033333333333333,0.08781293248212993,436,0.7166666666666667,0.45,0.6,0.65,0.6000000000000001,0.4835963726043701,0.021141242980957032
0.3,1,0.0464159,0.9,20,0.5966666666666667,0.1561338457150716,489,0.45,0.65,0.8,0.3833333333333333,0.7,0.49301371574401853,0.021100330352783202
0.3,1,0.0464159,0.9,50,0.5533333333333333,0.11614167593456232,676,0.7333333333333334,0.55,0.6166666666666667,0.4666666666666667,0.4,0.5093655586242676,0.0213193416595459
0.3,1,0.16681,0.1,5,0.5566666666666668,0.11382247385975916,669,0.6166666666666667,0.3333333333333333,0.65,0.5833333333333334,0.6,0.5275456428527832,0.021105337142944335
0.3,1,0.16681,0.1,10,0.5833333333333334,0.14063348739819329,540,0.7333333333333334,0.4666666666666667,0.7333333333333334,0.3833333333333333,0.6000000000000001,0.5293361663818359,0.02111673355102539
0.3,1,0.16681,0.1,20,0.7466666666666667,0.14959203781544583,33,0.8166666666666667,0.7333333333333334,0.8166666666666667,0.4666666666666667,0.9,0.5351750373840332,0.021228933334350587
0.3,1,0.16681,0.1,50,0.69,0.1569146972791976,259,0.8333333333333333,0.6166666666666667,0.6333333333333333,0.4666666666666667,0.9,0.5514914989471436,0.020998334884643553
0.3,1,0.16681,0.3,5,0.6433333333333333,0.06463573143221772,374,0.7333333333333334,0.5666666666666667,0.6333333333333333,0.5833333333333334,0.7,0.5308005809783936,0.021300125122070312
0.3,1,0.16681,0.3,10,0.6766666666666667,0.12229290885229428,268,0.8166666666666667,0.6333333333333333,0.65,0.48333333333333334,0.8,0.5336636543273926,0.021218156814575194
0.3,1,0.16681,0.3,20,0.7466666666666665,0.09854496999396321,47,0.8333333333333333,0.7166666666666667,0.8166666666666667,0.5666666666666667,0.8,0.5398530960083008,0.021212673187255858
0.3,1,0.16681,0.3,50,0.73,0.14772346537440223,77,0.8333333333333333,0.7166666666666667,0.7333333333333334,0.4666666666666667,0.9,0.5570497035980224,0.021005964279174803
0.3,1,0.16681,0.5,5,0.64,0.1617954813268213,380,0.8166666666666667,0.55,0.65,0.3833333333333333,0.8,0.5307435512542724,0.021259355545043945
0.3,1,0.16681,0.5,10,0.8233333333333335,0.09463379711052258,1,0.8166666666666667,0.8166666666666667,0.7333333333333334,0.75,1.0,0.5370866298675537,0.0210723876953125
0.3,1,0.16681,0.5,20,0.7266666666666668,0.08339997335464534,101,0.8333333333333333,0.6166666666666667,0.7333333333333334,0.65,0.8,0.5441702365875244,0.021052455902099608
0.3,1,0.16681,0.5,50,0.6666666666666667,0.146439217576592,317,0.9166666666666667,0.6166666666666667,0.6333333333333333,0.4666666666666667,0.7,0.5603617668151856,0.021070098876953124
0.3,1,0.16681,0.7,5,0.5833333333333334,0.11690451944500124,540,0.7333333333333334,0.55,0.65,0.3833333333333333,0.6000000000000001,0.5288841724395752,0.021236371994018555
0.3,1,0.16681,0.7,10,0.79,0.11766241729815193,7,0.8166666666666667,0.65,0.7333333333333334,0.75,1.0,0.5332926273345947,0.021228599548339843
0.3,1,0.16681,0.7,20,0.7633333333333333,0.07845734863959877,18,0.8333333333333333,0.6166666666666667,0.8166666666666667,0.75,0.8,0.5403984546661377,0.02115154266357422
0.3,1,0.16681,0.7,50,0.7233333333333333,0.1046687897873839,123,0.9166666666666667,0.6166666666666667,0.7333333333333334,0.65,0.7,0.556767463684082,0.02101864814758301
0.3,1,0.16681,0.9,5,0.6199999999999999,0.1462114146630754,409,0.8166666666666667,0.55,0.65,0.3833333333333333,0.7,0.5222685813903809,0.0211545467376709
0.3,1,0.16681,0.9,10,0.8066666666666666,0.10143416036468625,3,0.8166666666666667,0.7333333333333334,0.7333333333333334,0.75,1.0,0.5289133548736572,0.021349668502807617
0.3,1,0.16681,0.9,20,0.7666666666666666,0.146439217576592,17,0.9166666666666667,0.5333333333333333,0.8166666666666667,0.6666666666666666,0.9,0.5341098785400391,0.02115330696105957
0.3,1,0.16681,0.9,50,0.7033333333333334,0.16812693617224653,196,1.0,0.5333333333333333,0.7333333333333334,0.55,0.7,0.5493453979492188,0.02109808921813965
0.3,1,0.599484,0.1,5,0.5766666666666665,0.16179548132682128,598,0.6166666666666667,0.3333333333333333,0.4666666666666667,0.6666666666666666,0.8,0.5943850040435791,0.02121601104736328
0.3,1,0.599484,0.1,10,0.6433333333333333,0.11813363431112903,374,0.7333333333333334,0.4666666666666667,0.65,0.5666666666666667,0.8,0.599745798110962,0.020955562591552734
0.3,1,0.599484,0.1,20,0.7133333333333334,0.14884742374510737,134,0.7333333333333334,0.65,0.8166666666666667,0.4666666666666667,0.9,0.6042122364044189,0.021168041229248046
0.3,1,0.599484,0.1,50,0.67,0.14313940369055925,313,0.7333333333333334,0.6166666666666667,0.6333333333333333,0.4666666666666667,0.9,0.6210317134857177,0.021004629135131837
0.3,1,0.599484,0.3,5,0.5866666666666667,0.07845734863959881,522,0.7333333333333334,0.5666666666666667,0.55,0.5833333333333334,0.5,0.6107365608215332,0.021088123321533203
0.3,1,0.599484,0.3,10,0.64,0.09225568335398698,380,0.7333333333333334,0.65,0.65,0.4666666666666667,0.7,0.6143286228179932,0.021017026901245118
0.3,1,0.599484,0.3,20,0.75,0.16699966733167132,24,0.7333333333333334,0.7166666666666667,0.8166666666666667,0.48333333333333334,1.0,0.621884822845459,0.021170949935913085
0.3,1,0.599484,0.3,50,0.6933333333333334,0.16786237749352229,223,0.8333333333333333,0.5333333333333333,0.7333333333333334,0.4666666666666667,0.9,0.6358315467834472,0.021238327026367188
0.3,1,0.599484,0.5,5,0.6233333333333334,0.07859884081701066,403,0.7333333333333334,0.5666666666666667,0.5333333333333333,0.5833333333333334,0.7,0.6296455383300781,0.02112741470336914
0.3,1,0.599484,0.5,10,0.6199999999999999,0.12355835328567095,409,0.7333333333333334,0.6333333333333333,0.65,0.3833333333333333,0.7,0.6330808162689209,0.021215152740478516
0.3,1,0.599484,0.5,20,0.73,0.1554205763583302,77,0.8333333333333333,0.6166666666666667,0.8166666666666667,0.48333333333333334,0.9,0.6394972801208496,0.02115907669067383
0.3,1,0.599484,0.5,50,0.71,0.15260697523012795,171,0.8333333333333333,0.7166666666666667,0.6333333333333333,0.4666666666666667,0.9,0.6552107334136963,0.021062803268432618
0.3,1,0.599484,0.7,5,0.6766666666666667,0.06798692684790382,268,0.7333333333333334,0.5666666666666667,0.6333333333333333,0.75,0.7,0.6555799961090087,0.02126917839050293
0.3,1,0.599484,0.7,10,0.6766666666666667,0.10780641085864154,268,0.7333333333333334,0.7166666666666667,0.65,0.48333333333333334,0.8,0.6595149040222168,0.021173763275146484
0.3,1,0.599484,0.7,20,0.7266666666666667,0.16076207402383325,103,0.8333333333333333,0.6166666666666667,0.8166666666666667,0.4666666666666667,0.9,0.6644151687622071,0.021203327178955077
0.3,1,0.599484,0.7,50,0.7266666666666667,0.16076207402383325,103,0.8333333333333333,0.6166666666666667,0.8166666666666667,0.4666666666666667,0.9,0.6812038898468018,0.021154165267944336
0.3,1,0.599484,0.9,5,0.6766666666666667,0.06798692684790382,268,0.7333333333333334,0.5666666666666667,0.6333333333333333,0.75,0.7,0.6769401073455811,0.021262407302856445
0.3,1,0.599484,0.9,10,0.68,0.12622730819174324,265,0.8333333333333333,0.6333333333333333,0.65,0.48333333333333334,0.8,0.680582857131958,0.021189498901367187
0.3,1,0.599484,0.9,20,0.7266666666666666,0.11185307823708343,112,0.8333333333333333,0.6166666666666667,0.8166666666666667,0.5666666666666667,0.8,0.6880122184753418,0.020982027053833008
0.3,1,0.599484,0.9,50,0.7100000000000001,0.15477582354991865,164,0.8333333333333333,0.6166666666666667,0.7333333333333334,0.4666666666666667,0.9,0.704539155960083,0.020928382873535156
0.3,1,2.15443,0.1,5,0.52,0.17556258776351588,718,0.8166666666666667,0.3333333333333333,0.3666666666666667,0.48333333333333334,0.6,0.7172407627105712,0.021304512023925783
0.3,1,2.15443,0.1,10,0.6199999999999999,0.14118545723031578,409,0.8166666666666667,0.4666666666666667,0.45,0.6666666666666666,0.7,0.7216554641723633,0.021142053604125976
0.3,1,2.15443,0.1,20,0.7333333333333333,0.11785113019775792,58,0.7333333333333334,0.65,0.8166666666666667,0.5666666666666667,0.9,0.7273527622222901,0.02104659080505371
0.3,1,2.15443,0.1,50,0.7100000000000001,0.15477582354991865,164,0.8333333333333333,0.6166666666666667,0.7333333333333334,0.4666666666666667,0.9,0.7415235042572021,0.021339607238769532
0.3,1,2.15443,0.3,5,0.5733333333333333,0.15369522511198005,604,0.6166666666666667,0.3333333333333333,0.4666666666666667,0.75,0.7,0.7918960094451905,0.021136045455932617
0.3,1,2.15443,0.3,10,0.6566666666666666,0.15260697523012798,340,0.7333333333333334,0.6333333333333333,0.45,0.5666666666666667,0.9,0.794750452041626,0.021195125579833985
0.3,1,2.15443,0.3,20,0.6933333333333334,0.17845011752432233,223,0.7333333333333334,0.6333333333333333,0.8166666666666667,0.3833333333333333,0.9,0.8053982257843018,0.02121601104736328
0.3,1,2.15443,0.3,50,0.67,0.14313940369055925,313,0.7333333333333334,0.6166666666666667,0.6333333333333333,0.4666666666666667,0.9,0.8150286197662353,0.021155500411987306
0.3,1,2.15443,0.5,5,0.5666666666666667,0.14643921757659195,629,0.8166666666666667,0.5666666666666667,0.3666666666666667,0.5833333333333334,0.5,0.8103983879089356,0.021008396148681642
0.3,1,2.15443,0.5,10,0.6399999999999999,0.15867506980549206,386,0.7333333333333334,0.55,0.45,0.5666666666666667,0.9,0.8126834869384766,0.02122359275817871
0.3,1,2.15443,0.5,20,0.7299999999999999,0.1829996964174774,93,0.8333333333333333,0.7166666666666667,0.8166666666666667,0.3833333333333333,0.9,0.8182338237762451,0.02107205390930176
0.3,1,2.15443,0.5,50,0.69,0.1569146972791976,259,0.8333333333333333,0.6166666666666667,0.6333333333333333,0.4666666666666667,0.9,0.8334112644195557,0.021220302581787108
0.3,1,2.15443,0.7,5,0.6466666666666667,0.06446359868604573,371,0.7333333333333334,0.5666666666666667,0.65,0.5833333333333334,0.7,0.8604810237884521,0.02131929397583008
0.3,1,2.15443,0.7,10,0.6766666666666666,0.12892719737209146,283,0.7333333333333334,0.6333333333333333,0.55,0.5666666666666667,0.9,0.8664365291595459,0.021187400817871092
0.3,1,2.15443,0.7,20,0.7299999999999999,0.1829996964174774,93,0.8333333333333333,0.7166666666666667,0.8166666666666667,0.3833333333333333,0.9,0.8713258743286133,0.021114826202392578
0.3,1,2.15443,0.7,50,0.71,0.15260697523012795,171,0.8333333333333333,0.7166666666666667,0.6333333333333333,0.4666666666666667,0.9,0.8873446941375732,0.02118673324584961
0.3,1,2.15443,0.9,5,0.6233333333333334,0.14360439485692011,403,0.7333333333333334,0.5666666666666667,0.3666666666666667,0.75,0.7,0.9548345565795898,0.020952320098876952
0.3,1,2.15443,0.9,10,0.7299999999999999,0.09854496999396319,93,0.8333333333333333,0.7166666666666667,0.55,0.75,0.8,0.9608120918273926,0.021099424362182616
0.3,1,2.15443,0.9,20,0.7466666666666666,0.13055437351710758,40,0.8333333333333333,0.6166666666666667,0.8166666666666667,0.5666666666666667,0.9,0.9655114650726319,0.021069955825805665
0.3,1,2.15443,0.9,50,0.7300000000000001,0.18208667044996882,74,0.8333333333333333,0.6166666666666667,0.7333333333333334,0.4666666666666667,1.0,0.9833559989929199,0.021641016006469727
0.3,1,7.74264,0.1,5,0.4666666666666667,0.13123346456686352,780,0.65,0.3333333333333333,0.3666666666666667,0.3833333333333333,0.6,0.7868501663208007,0.02125205993652344
0.3,1,7.74264,0.1,10,0.6066666666666667,0.13523641850067197,427,0.7333333333333334,0.4666666666666667,0.55,0.48333333333333334,0.8,0.7925912380218506,0.021828985214233397
0.3,1,7.74264,0.1,20,0.7166666666666667,0.11055415967851334,125,0.7333333333333334,0.65,0.7333333333333334,0.5666666666666667,0.9,0.7944889068603516,0.02116398811340332
0.3,1,7.74264,0.1,50,0.7133333333333334,0.20747155092793912,134,0.8333333333333333,0.6166666666666667,0.7333333333333334,0.3833333333333333,1.0,0.8089038372039795,0.020901823043823244
0.3,1,7.74264,0.3,5,0.6300000000000001,0.17524585904126555,401,0.8,0.3333333333333333,0.55,0.6666666666666666,0.8,0.9818814754486084,0.021094799041748047
0.3,1,7.74264,0.3,10,0.5633333333333332,0.09568466729604881,663,0.6333333333333333,0.4666666666666667,0.45,0.5666666666666667,0.7,0.9853476047515869,0.021155118942260742
0.3,1,7.74264,0.3,20,0.7333333333333333,0.11785113019775792,58,0.7333333333333334,0.65,0.8166666666666667,0.5666666666666667,0.9,0.9900391101837158,0.02100348472595215
0.3,1,7.74264,0.3,50,0.6533333333333333,0.1528979325490629,357,0.7333333333333334,0.5333333333333333,0.6333333333333333,0.4666666666666667,0.9,1.005962038040161,0.020999050140380858
0.3,1,7.74264,0.5,5,0.5933333333333334,0.16418147141366335,518,0.7166666666666667,0.3333333333333333,0.4666666666666667,0.75,0.7,1.0653977394104004,0.021215486526489257
0.3,1,7.74264,0.5,10,0.5966666666666667,0.10561986345169908,489,0.7333333333333334,0.5333333333333333,0.45,0.5666666666666667,0.7,1.0683710098266601,0.02108597755432129
0.3,1,7.74264,0.5,20,0.6766666666666666,0.18696404883173545,283,0.7333333333333334,0.55,0.8166666666666667,0.3833333333333333,0.9,1.073244857788086,0.021167421340942384
0.3,1,7.74264,0.5,50,0.69,0.1569146972791976,259,0.8333333333333333,0.6166666666666667,0.6333333333333333,0.4666666666666667,0.9,1.091758394241333,0.020996952056884767
0.3,1,7.74264,0.7,5,0.64,0.10360180178613368,380,0.8166666666666667,0.5666666666666667,0.55,0.5666666666666667,0.7,1.0904114246368408,0.021057701110839842
0.3,1,7.74264,0.7,10,0.6533333333333333,0.15684387141358122,357,0.7333333333333334,0.5333333333333333,0.45,0.65,0.9,1.0952887058258056,0.021212005615234376
0.3,1,7.74264,0.7,20,0.6900000000000001,0.1796910929592474,245,0.7333333333333334,0.6166666666666667,0.8166666666666667,0.3833333333333333,0.9,1.1012014865875244,0.021132421493530274
0.3,1,7.74264,0.7,50,0.69,0.1569146972791976,259,0.8333333333333333,0.6166666666666667,0.6333333333333333,0.4666666666666667,0.9,1.1193485736846924,0.02134256362915039
0.3,1,7.74264,0.9,5,0.6766666666666667,0.10360180178613368,268,0.8166666666666667,0.5666666666666667,0.55,0.75,0.7,1.1951409339904786,0.02123227119445801
0.3,1,7.74264,0.9,10,0.6399999999999999,0.15867506980549206,386,0.7333333333333334,0.55,0.45,0.5666666666666667,0.9,1.1983851432800292,0.02113504409790039
0.3,1,7.74264,0.9,20,0.7299999999999999,0.1829996964174774,93,0.8333333333333333,0.7166666666666667,0.8166666666666667,0.3833333333333333,0.9,1.2020375728607178,0.021215391159057618
0.3,1,7.74264,0.9,50,0.69,0.1569146972791976,259,0.8333333333333333,0.6166666666666667,0.6333333333333333,0.4666666666666667,0.9,1.2196197509765625,0.020955276489257813
0.3,1,27.8256,0.1,5,0.52,0.14583095236151575,718,0.7333333333333334,0.3333333333333333,0.55,0.3833333333333333,0.6,0.779415512084961,0.021283674240112304
0.3,1,27.8256,0.1,10,0.5700000000000001,0.16478942792411036,605,0.7333333333333334,0.4666666666666667,0.4666666666666667,0.3833333333333333,0.8,0.7835299015045166,0.021151018142700196
0.3,1,27.8256,0.1,20,0.7133333333333333,0.09392668535736914,147,0.7333333333333334,0.65,0.8166666666666667,0.5666666666666667,0.8,0.7876063823699951,0.021048307418823242
0.3,1,27.8256,0.1,50,0.7266666666666667,0.16076207402383325,103,0.8333333333333333,0.6166666666666667,0.8166666666666667,0.4666666666666667,0.9,0.8052592754364014,0.021105098724365234
0.3,1,27.8256,0.3,5,0.52,0.14583095236151575,718,0.7333333333333334,0.3333333333333333,0.55,0.3833333333333333,0.6,0.9363359451293946,0.02135047912597656
0.3,1,27.8256,0.3,10,0.6066666666666667,0.13523641850067197,427,0.7333333333333334,0.4666666666666667,0.55,0.48333333333333334,0.8,0.9411306381225586,0.02137932777404785
0.3,1,27.8256,0.3,20,0.7166666666666667,0.11055415967851334,125,0.7333333333333334,0.65,0.7333333333333334,0.5666666666666667,0.9,0.9461883544921875,0.020990467071533202
0.3,1,27.8256,0.3,50,0.6933333333333334,0.16786237749352229,223,0.8333333333333333,0.5333333333333333,0.7333333333333334,0.4666666666666667,0.9,0.9630667686462402,0.021140193939208983
0.3,1,27.8256,0.5,5,0.4833333333333334,0.15634719199411434,778,0.7333333333333334,0.3333333333333333,0.3666666666666667,0.3833333333333333,0.6000000000000001,1.1035106182098389,0.02254042625427246
0.3,1,27.8256,0.5,10,0.6433333333333333,0.12092238098144704,374,0.7333333333333334,0.4666666666666667,0.55,0.6666666666666666,0.8,1.1067845821380615,0.021754693984985352
0.3,1,27.8256,0.5,20,0.7333333333333333,0.11785113019775792,58,0.7333333333333334,0.65,0.8166666666666667,0.5666666666666667,0.9,1.1115862369537353,0.021078014373779298
0.3,1,27.8256,0.5,50,0.6933333333333334,0.16786237749352229,223,0.8333333333333333,0.5333333333333333,0.7333333333333334,0.4666666666666667,0.9,1.128960371017456,0.021018171310424806
0.3,1,27.8256,0.7,5,0.5733333333333334,0.1485485330343813,600,0.8,0.3333333333333333,0.55,0.5833333333333334,0.6000000000000001,1.2177008628845214,0.021058320999145508
0.3,1,27.8256,0.7,10,0.5833333333333334,0.07888106377466153,540,0.6333333333333333,0.4666666666666667,0.55,0.5666666666666667,0.7,1.2234949588775634,0.021226263046264647
0.3,1,27.8256,0.7,20,0.7333333333333333,0.11785113019775792,58,0.7333333333333334,0.65,0.8166666666666667,0.5666666666666667,0.9,1.2269340991973876,0.02113022804260254
0.3,1,27.8256,0.7,50,0.73,0.14772346537440223,77,0.8333333333333333,0.7166666666666667,0.7333333333333334,0.4666666666666667,0.9,1.2408015251159668,0.020972061157226562
0.3,1,27.8256,0.9,5,0.6433333333333333,0.1836663641860788,374,0.8,0.3333333333333333,0.55,0.8333333333333333,0.7,1.3048036098480225,0.021337556838989257
0.3,1,27.8256,0.9,10,0.5966666666666667,0.10561986345169908,489,0.7333333333333334,0.5333333333333333,0.45,0.5666666666666667,0.7,1.3077776908874512,0.021353483200073242
0.3,1,27.8256,0.9,20,0.7133333333333334,0.13719410418171119,134,0.7333333333333334,0.55,0.8166666666666667,0.5666666666666667,0.9,1.3079055786132812,0.02117810249328613
0.3,1,27.8256,0.9,50,0.6366666666666666,0.17524585904126558,395,0.7333333333333334,0.5333333333333333,0.6333333333333333,0.3833333333333333,0.9,1.3215510845184326,0.021100616455078124
0.3,1,100.0,0.1,5,0.52,0.14583095236151575,718,0.7333333333333334,0.3333333333333333,0.55,0.3833333333333333,0.6,0.8341231346130371,0.021053647994995116
0.3,1,100.0,0.1,10,0.5700000000000001,0.16478942792411036,605,0.7333333333333334,0.4666666666666667,0.4666666666666667,0.3833333333333333,0.8,0.8387999057769775,0.02135167121887207
0.3,1,100.0,0.1,20,0.7,0.11303883305208783,197,0.7333333333333334,0.65,0.65,0.5666666666666667,0.9,0.8421245098114014,0.02116837501525879
0.3,1,100.0,0.1,50,0.6733333333333333,0.17081503967091946,302,0.7333333333333334,0.6166666666666667,0.7333333333333334,0.3833333333333333,0.9,0.8567369937896728,0.02105822563171387
0.3,1,100.0,0.3,5,0.52,0.14583095236151575,718,0.7333333333333334,0.3333333333333333,0.55,0.3833333333333333,0.6,0.84000244140625,0.021280431747436525
0.3,1,100.0,0.3,10,0.5700000000000001,0.16478942792411036,605,0.7333333333333334,0.4666666666666667,0.4666666666666667,0.3833333333333333,0.8,0.8458951950073242,0.021062803268432618
0.3,1,100.0,0.3,20,0.7333333333333333,0.11785113019775792,58,0.7333333333333334,0.65,0.8166666666666667,0.5666666666666667,0.9,0.8568933486938477,0.021057844161987305
0.3,1,100.0,0.3,50,0.6933333333333334,0.18214768123085667,223,0.8333333333333333,0.6166666666666667,0.7333333333333334,0.3833333333333333,0.9,0.8677796363830567,0.02212681770324707
0.3,1,100.0,0.5,5,0.52,0.14583095236151575,718,0.7333333333333334,0.3333333333333333,0.55,0.3833333333333333,0.6,0.8670869827270508,0.02127223014831543
0.3,1,100.0,0.5,10,0.5700000000000001,0.16478942792411036,605,0.7333333333333334,0.4666666666666667,0.4666666666666667,0.3833333333333333,0.8,0.8718021869659424,0.021124267578125
0.3,1,100.0,0.5,20,0.7333333333333333,0.11785113019775792,58,0.7333333333333334,0.65,0.8166666666666667,0.5666666666666667,0.9,0.8793998718261719,0.022253131866455077
0.3,1,100.0,0.5,50,0.7066666666666668,0.15224249662225647,187,0.7333333333333334,0.6166666666666667,0.8166666666666667,0.4666666666666667,0.9,0.8897069931030274,0.021082305908203126
0.3,1,100.0,0.7,5,0.5166666666666667,0.14102797200870787,728,0.7166666666666667,0.3333333333333333,0.55,0.3833333333333333,0.6,0.9160556316375732,0.0213747501373291
0.3,1,100.0,0.7,10,0.6066666666666667,0.16485684025170985,427,0.8166666666666667,0.4666666666666667,0.4666666666666667,0.48333333333333334,0.8,0.9181739807128906,0.02105851173400879
0.3,1,100.0,0.7,20,0.7166666666666667,0.11055415967851334,125,0.7333333333333334,0.65,0.7333333333333334,0.5666666666666667,0.9,0.9230646133422852,0.021173477172851562
0.3,1,100.0,0.7,50,0.6900000000000001,0.14360439485692011,245,0.7333333333333334,0.6166666666666667,0.7333333333333334,0.4666666666666667,0.9,0.9394716739654541,0.021056699752807616
0.3,1,100.0,0.9,5,0.52,0.14583095236151575,718,0.7333333333333334,0.3333333333333333,0.55,0.3833333333333333,0.6,0.9962392330169678,0.02099614143371582
0.3,1,100.0,0.9,10,0.6066666666666667,0.13523641850067197,427,0.7333333333333334,0.4666666666666667,0.55,0.48333333333333334,0.8,0.9959640979766846,0.021308231353759765
0.3,1,100.0,0.9,20,0.7333333333333333,0.11785113019775792,58,0.7333333333333334,0.65,0.8166666666666667,0.5666666666666667,0.9,1.0002010822296143,0.021160221099853514
0.3,1,100.0,0.9,50,0.7100000000000001,0.15477582354991865,164,0.8333333333333333,0.6166666666666667,0.7333333333333334,0.4666666666666667,0.9,1.0180178165435791,0.021126985549926758
0.3,5,0.001,0.1,5,0.5666666666666667,0.11005049346146119,629,0.6333333333333333,0.45,0.5,0.75,0.5,0.4633453845977783,0.02091221809387207
0.3,5,0.001,0.1,10,0.5833333333333334,0.12427567921538166,540,0.7166666666666667,0.45,0.5,0.75,0.5,0.4654542446136475,0.020838022232055664
0.3,5,0.001,0.1,20,0.5133333333333333,0.0852447456836295,738,0.5333333333333333,0.65,0.5,0.3833333333333333,0.5,0.4712512016296387,0.020918655395507812
0.3,5,0.001,0.1,50,0.5866666666666667,0.08717797887081347,522,0.7166666666666667,0.55,0.6166666666666667,0.45,0.6000000000000001,0.48322100639343263,0.020902585983276368
0.3,5,0.001,0.3,5,0.5666666666666667,0.11005049346146119,629,0.6333333333333333,0.45,0.5,0.75,0.5,0.46336913108825684,0.020793056488037108
0.3,5,0.001,0.3,10,0.5833333333333334,0.12427567921538166,540,0.7166666666666667,0.45,0.5,0.75,0.5,0.4660825252532959,0.02090482711791992
0.3,5,0.001,0.3,20,0.5133333333333333,0.0852447456836295,738,0.5333333333333333,0.65,0.5,0.3833333333333333,0.5,0.4708893299102783,0.020951223373413087
0.3,5,0.001,0.3,50,0.5866666666666667,0.08717797887081347,522,0.7166666666666667,0.55,0.6166666666666667,0.45,0.6000000000000001,0.48386249542236326,0.020911026000976562
0.3,5,0.001,0.5,5,0.5666666666666667,0.11005049346146119,629,0.6333333333333333,0.45,0.5,0.75,0.5,0.4641856670379639,0.02104177474975586
0.3,5,0.001,0.5,10,0.5833333333333334,0.12427567921538166,540,0.7166666666666667,0.45,0.5,0.75,0.5,0.46500363349914553,0.02099156379699707
0.3,5,0.001,0.5,20,0.5133333333333333,0.0852447456836295,738,0.5333333333333333,0.65,0.5,0.3833333333333333,0.5,0.4705791473388672,0.020994949340820312
0.3,5,0.001,0.5,50,0.5866666666666667,0.08717797887081347,522,0.7166666666666667,0.55,0.6166666666666667,0.45,0.6000000000000001,0.48315253257751467,0.020917415618896484
0.3,5,0.001,0.7,5,0.5666666666666667,0.11005049346146119,629,0.6333333333333333,0.45,0.5,0.75,0.5,0.4649486541748047,0.02095375061035156
0.3,5,0.001,0.7,10,0.5833333333333334,0.12427567921538166,540,0.7166666666666667,0.45,0.5,0.75,0.5,0.46764507293701174,0.0208585262298584
0.3,5,0.001,0.7,20,0.5133333333333333,0.0852447456836295,738,0.5333333333333333,0.65,0.5,0.3833333333333333,0.5,0.4714635372161865,0.020920991897583008
0.3,5,0.001,0.7,50,0.5866666666666667,0.08717797887081347,522,0.7166666666666667,0.55,0.6166666666666667,0.45,0.6000000000000001,0.4877493381500244,0.02095828056335449
0.3,5,0.001,0.9,5,0.5666666666666667,0.11005049346146119,629,0.6333333333333333,0.45,0.5,0.75,0.5,0.4626018047332764,0.020747613906860352
0.3,5,0.001,0.9,10,0.5833333333333334,0.12427567921538166,540,0.7166666666666667,0.45,0.5,0.75,0.5,0.4654227256774902,0.020940303802490234
0.3,5,0.001,0.9,20,0.5133333333333333,0.0852447456836295,738,0.5333333333333333,0.65,0.5,0.3833333333333333,0.5,0.4716207981109619,0.021070003509521484
0.3,5,0.001,0.9,50,0.5866666666666667,0.08717797887081347,522,0.7166666666666667,0.55,0.6166666666666667,0.45,0.6000000000000001,0.4855447769165039,0.02088332176208496
0.3,5,0.00359381,0.1,5,0.5666666666666667,0.11005049346146119,629,0.6333333333333333,0.45,0.5,0.75,0.5,0.46454591751098634,0.02097158432006836
0.3,5,0.00359381,0.1,10,0.5833333333333334,0.12427567921538166,540,0.7166666666666667,0.45,0.5,0.75,0.5,0.46601366996765137,0.020920944213867188
0.3,5,0.00359381,0.1,20,0.5133333333333333,0.0852447456836295,738,0.5333333333333333,0.65,0.5,0.3833333333333333,0.5,0.4725398063659668,0.02089557647705078
0.3,5,0.00359381,0.1,50,0.5866666666666667,0.08717797887081347,522,0.7166666666666667,0.55,0.6166666666666667,0.45,0.6000000000000001,0.48680624961853025,0.020900869369506837
0.3,5,0.00359381,0.3,5,0.5666666666666667,0.11005049346146119,629,0.6333333333333333,0.45,0.5,0.75,0.5,0.46579766273498535,0.02099332809448242
0.3,5,0.00359381,0.3,10,0.5833333333333334,0.12427567921538166,540,0.7166666666666667,0.45,0.5,0.75,0.5,0.4686707019805908,0.020860624313354493
0.3,5,0.00359381,0.3,20,0.5133333333333333,0.0852447456836295,738,0.5333333333333333,0.65,0.5,0.3833333333333333,0.5,0.4714831352233887,0.021046972274780272
0.3,5,0.00359381,0.3,50,0.5866666666666667,0.08717797887081347,522,0.7166666666666667,0.55,0.6166666666666667,0.45,0.6000000000000001,0.4831655502319336,0.020963382720947266
0.3,5,0.00359381,0.5,5,0.5666666666666667,0.11005049346146119,629,0.6333333333333333,0.45,0.5,0.75,0.5,0.46201138496398925,0.020821905136108397
0.3,5,0.00359381,0.5,10,0.5833333333333334,0.12427567921538166,540,0.7166666666666667,0.45,0.5,0.75,0.5,0.4674346446990967,0.021017980575561524
0.3,5,0.00359381,0.5,20,0.5133333333333333,0.0852447456836295,738,0.5333333333333333,0.65,0.5,0.3833333333333333,0.5,0.47095317840576173,0.021048450469970705
0.3,5,0.00359381,0.5,50,0.5866666666666667,0.08717797887081347,522,0.7166666666666667,0.55,0.6166666666666667,0.45,0.6000000000000001,0.48270788192749026,0.020689010620117188
0.3,5,0.00359381,0.7,5,0.5666666666666667,0.11005049346146119,629,0.6333333333333333,0.45,0.5,0.75,0.5,0.4630144119262695,0.02092299461364746
0.3,5,0.00359381,0.7,10,0.5833333333333334,0.12427567921538166,540,0.7166666666666667,0.45,0.5,0.75,0.5,0.46610007286071775,0.020845699310302734
0.3,5,0.00359381,0.7,20,0.5133333333333333,0.0852447456836295,738,0.5333333333333333,0.65,0.5,0.3833333333333333,0.5,0.47043600082397463,0.020763206481933593
0.3,5,0.00359381,0.7,50,0.5866666666666667,0.08717797887081347,522,0.7166666666666667,0.55,0.6166666666666667,0.45,0.6000000000000001,0.4828361511230469,0.020898914337158202
0.3,5,0.00359381,0.9,5,0.5666666666666667,0.11005049346146119,629,0.6333333333333333,0.45,0.5,0.75,0.5,0.4644608497619629,0.020910882949829103
0.3,5,0.00359381,0.9,10,0.5833333333333334,0.12427567921538166,540,0.7166666666666667,0.45,0.5,0.75,0.5,0.46550164222717283,0.020842838287353515
0.3,5,0.00359381,0.9,20,0.5133333333333333,0.0852447456836295,738,0.5333333333333333,0.65,0.5,0.3833333333333333,0.5,0.4722855567932129,0.02084183692932129
0.3,5,0.00359381,0.9,50,0.5866666666666667,0.08717797887081347,522,0.7166666666666667,0.55,0.6166666666666667,0.45,0.6000000000000001,0.4830756664276123,0.020868539810180664
0.3,5,0.0129155,0.1,5,0.5333333333333333,0.0823272602348565,713,0.6166666666666667,0.5333333333333333,0.5333333333333333,0.3833333333333333,0.6000000000000001,0.48161911964416504,0.021282243728637695
0.3,5,0.0129155,0.1,10,0.6166666666666666,0.12292725943057184,418,0.6333333333333333,0.7333333333333334,0.6333333333333333,0.3833333333333333,0.7,0.4764984607696533,0.020798969268798827
0.3,5,0.0129155,0.1,20,0.6566666666666666,0.09404490653110592,340,0.6333333333333333,0.7333333333333334,0.7333333333333334,0.48333333333333334,0.7,0.48210434913635253,0.02090458869934082
0.3,5,0.0129155,0.1,50,0.6566666666666666,0.12454361128179606,340,0.7333333333333334,0.5333333333333333,0.7333333333333334,0.48333333333333334,0.8,0.4942770957946777,0.020769786834716798
0.3,5,0.0129155,0.3,5,0.5666666666666667,0.11005049346146119,629,0.6333333333333333,0.45,0.5,0.75,0.5,0.46445465087890625,0.020937728881835937
0.3,5,0.0129155,0.3,10,0.5833333333333334,0.12427567921538166,540,0.7166666666666667,0.45,0.5,0.75,0.5,0.46573481559753416,0.021035099029541017
0.3,5,0.0129155,0.3,20,0.5133333333333333,0.0852447456836295,738,0.5333333333333333,0.65,0.5,0.3833333333333333,0.5,0.47260870933532717,0.021069717407226563
0.3,5,0.0129155,0.3,50,0.5866666666666667,0.08717797887081347,522,0.7166666666666667,0.55,0.6166666666666667,0.45,0.6000000000000001,0.48477926254272463,0.020766353607177733
0.3,5,0.0129155,0.5,5,0.5666666666666667,0.11005049346146119,629,0.6333333333333333,0.45,0.5,0.75,0.5,0.4658819675445557,0.020870351791381837
0.3,5,0.0129155,0.5,10,0.5833333333333334,0.12427567921538166,540,0.7166666666666667,0.45,0.5,0.75,0.5,0.46630473136901857,0.02077593803405762
0.3,5,0.0129155,0.5,20,0.5133333333333333,0.0852447456836295,738,0.5333333333333333,0.65,0.5,0.3833333333333333,0.5,0.47196383476257325,0.020854854583740236
0.3,5,0.0129155,0.5,50,0.5866666666666667,0.08717797887081347,522,0.7166666666666667,0.55,0.6166666666666667,0.45,0.6000000000000001,0.483092737197876,0.020656490325927736
0.3,5,0.0129155,0.7,5,0.5666666666666667,0.11005049346146119,629,0.6333333333333333,0.45,0.5,0.75,0.5,0.46355299949645995,0.02083873748779297
0.3,5,0.0129155,0.7,10,0.5833333333333334,0.12427567921538166,540,0.7166666666666667,0.45,0.5,0.75,0.5,0.46657185554504393,0.021159934997558593
0.3,5,0.0129155,0.7,20,0.5133333333333333,0.0852447456836295,738,0.5333333333333333,0.65,0.5,0.3833333333333333,0.5,0.4705690860748291,0.020922327041625978
0.3,5,0.0129155,0.7,50,0.5866666666666667,0.08717797887081347,522,0.7166666666666667,0.55,0.6166666666666667,0.45,0.6000000000000001,0.483872652053833,0.020868587493896484
0.3,5,0.0129155,0.9,5,0.5666666666666667,0.11005049346146119,629,0.6333333333333333,0.45,0.5,0.75,0.5,0.46265830993652346,0.02086930274963379
0.3,5,0.0129155,0.9,10,0.5833333333333334,0.12427567921538166,540,0.7166666666666667,0.45,0.5,0.75,0.5,0.4658352375030518,0.02092013359069824
0.3,5,0.0129155,0.9,20,0.5133333333333333,0.0852447456836295,738,0.5333333333333333,0.65,0.5,0.3833333333333333,0.5,0.47136240005493163,0.021001815795898438
0.3,5,0.0129155,0.9,50,0.5866666666666667,0.08717797887081347,522,0.7166666666666667,0.55,0.6166666666666667,0.45,0.6000000000000001,0.4831800937652588,0.020859766006469726
0.3,5,0.0464159,0.1,5,0.5966666666666667,0.12927146286443544,489,0.6333333333333333,0.43333333333333335,0.6333333333333333,0.48333333333333334,0.8,0.4833826541900635,0.02091054916381836
0.3,5,0.0464159,0.1,10,0.6166666666666666,0.09545214042184236,418,0.6333333333333333,0.5333333333333333,0.7333333333333334,0.48333333333333334,0.7,0.48794918060302733,0.02086634635925293
0.3,5,0.0464159,0.1,20,0.7333333333333333,0.13944333775567927,58,0.7333333333333334,0.8166666666666667,0.7333333333333334,0.48333333333333334,0.9,0.492692232131958,0.02087268829345703
0.3,5,0.0464159,0.1,50,0.6900000000000001,0.20428737928059418,245,0.9,0.5333333333333333,0.7333333333333334,0.3833333333333333,0.9,0.5047245025634766,0.021018505096435547
0.3,5,0.0464159,0.3,5,0.5733333333333334,0.09637888196533974,600,0.6166666666666667,0.45,0.7166666666666667,0.48333333333333334,0.6000000000000001,0.485454797744751,0.020772171020507813
0.3,5,0.0464159,0.3,10,0.6966666666666667,0.15755069730795299,215,0.8166666666666667,0.7333333333333334,0.55,0.48333333333333334,0.9,0.4898381233215332,0.02086615562438965
0.3,5,0.0464159,0.3,20,0.7166666666666667,0.14337208778404378,125,0.8166666666666667,0.7333333333333334,0.65,0.48333333333333334,0.9,0.494707727432251,0.020884323120117187
0.3,5,0.0464159,0.3,50,0.7333333333333334,0.15527752931802824,51,0.9166666666666667,0.6333333333333333,0.8333333333333333,0.48333333333333334,0.8,0.5029299259185791,0.02102952003479004
0.3,5,0.0464159,0.5,5,0.5766666666666665,0.11035296904831232,598,0.6333333333333333,0.5333333333333333,0.6333333333333333,0.3833333333333333,0.7,0.4801884651184082,0.02075343132019043
0.3,5,0.0464159,0.5,10,0.6733333333333333,0.1688523352255192,302,0.7166666666666667,0.6333333333333333,0.7333333333333334,0.3833333333333333,0.9,0.4830196380615234,0.020965147018432616
0.3,5,0.0464159,0.5,20,0.6733333333333335,0.15867506980549206,292,0.8166666666666667,0.6333333333333333,0.7333333333333334,0.3833333333333333,0.8,0.4896247863769531,0.020889902114868165
0.3,5,0.0464159,0.5,50,0.71,0.15260697523012798,171,0.9166666666666667,0.6333333333333333,0.7333333333333334,0.4666666666666667,0.8,0.49940900802612304,0.02087712287902832
0.3,5,0.0464159,0.7,5,0.5666666666666667,0.11005049346146119,629,0.6333333333333333,0.45,0.5,0.75,0.5,0.46366443634033205,0.02091054916381836
0.3,5,0.0464159,0.7,10,0.5833333333333334,0.12427567921538166,540,0.7166666666666667,0.45,0.5,0.75,0.5,0.4662361145019531,0.02080192565917969
0.3,5,0.0464159,0.7,20,0.5133333333333333,0.0852447456836295,738,0.5333333333333333,0.65,0.5,0.3833333333333333,0.5,0.4730581760406494,0.02094874382019043
0.3,5,0.0464159,0.7,50,0.5866666666666667,0.08717797887081347,522,0.7166666666666667,0.55,0.6166666666666667,0.45,0.6000000000000001,0.4841505527496338,0.021239519119262695
0.3,5,0.0464159,0.9,5,0.5666666666666667,0.11005049346146119,629,0.6333333333333333,0.45,0.5,0.75,0.5,0.46365060806274416,0.02086162567138672
0.3,5,0.0464159,0.9,10,0.5833333333333334,0.12427567921538166,540,0.7166666666666667,0.45,0.5,0.75,0.5,0.46694049835205076,0.02104644775390625
0.3,5,0.0464159,0.9,20,0.5133333333333333,0.0852447456836295,738,0.5333333333333333,0.65,0.5,0.3833333333333333,0.5,0.48635015487670896,0.02104334831237793
0.3,5,0.0464159,0.9,50,0.5866666666666667,0.08717797887081347,522,0.7166666666666667,0.55,0.6166666666666667,0.45,0.6000000000000001,0.4844170570373535,0.021300363540649413
0.3,5,0.16681,0.1,5,0.6166666666666667,0.16295875415440422,416,0.6166666666666667,0.43333333333333335,0.65,0.48333333333333334,0.9,0.5151533603668212,0.020998239517211914
0.3,5,0.16681,0.1,10,0.6533333333333333,0.12265579661982734,357,0.7166666666666667,0.5333333333333333,0.7333333333333334,0.48333333333333334,0.8,0.5194542884826661,0.021030282974243163
0.3,5,0.16681,0.1,20,0.71,0.12229290885229427,171,0.8166666666666667,0.7333333333333334,0.8166666666666667,0.48333333333333334,0.7,0.524497652053833,0.021060085296630858
0.3,5,0.16681,0.1,50,0.6566666666666666,0.17938165396098285,340,0.7333333333333334,0.5333333333333333,0.7333333333333334,0.3833333333333333,0.9,0.5349618911743164,0.021036815643310548
0.3,5,0.16681,0.3,5,0.5599999999999999,0.12675435561221027,665,0.6333333333333333,0.35,0.6333333333333333,0.48333333333333334,0.7,0.5203951835632324,0.02098259925842285
0.3,5,0.16681,0.3,10,0.71,0.11953614051360738,171,0.8166666666666667,0.7166666666666667,0.7333333333333334,0.48333333333333334,0.8,0.5250356197357178,0.02099013328552246
0.3,5,0.16681,0.3,20,0.73,0.13960261060914617,77,0.7333333333333334,0.7166666666666667,0.8166666666666667,0.48333333333333334,0.9,0.529011583328247,0.020998620986938478
0.3,5,0.16681,0.3,50,0.73,0.24684678108764826,77,1.0,0.5333333333333333,0.7333333333333334,0.3833333333333333,1.0,0.5400630950927734,0.021111011505126953
0.3,5,0.16681,0.5,5,0.5966666666666667,0.13474255287605158,489,0.6166666666666667,0.6333333333333333,0.55,0.3833333333333333,0.8,0.5214833736419677,0.02088165283203125
0.3,5,0.16681,0.5,10,0.6900000000000001,0.1108552609887726,245,0.8166666666666667,0.7166666666666667,0.7333333333333334,0.48333333333333334,0.7,0.5254876613616943,0.02077646255493164
0.3,5,0.16681,0.5,20,0.6900000000000001,0.0928559218478941,245,0.8333333333333333,0.6166666666666667,0.7333333333333334,0.5666666666666667,0.7,0.5309692859649658,0.02094578742980957
0.3,5,0.16681,0.5,50,0.6733333333333335,0.19107880863955357,292,0.9166666666666667,0.5333333333333333,0.7333333333333334,0.3833333333333333,0.8,0.5416716575622559,0.02108621597290039
0.3,5,0.16681,0.7,5,0.6199999999999999,0.09273618495495704,409,0.7333333333333334,0.6333333333333333,0.55,0.48333333333333334,0.7,0.5182901382446289,0.020812845230102538
0.3,5,0.16681,0.7,10,0.71,0.09695359714832658,171,0.8166666666666667,0.65,0.8166666666666667,0.5666666666666667,0.7,0.5233452320098877,0.02111501693725586
0.3,5,0.16681,0.7,20,0.71,0.13274871834493251,171,0.8166666666666667,0.6333333333333333,0.8166666666666667,0.48333333333333334,0.8,0.5277819156646728,0.02095928192138672
0.3,5,0.16681,0.7,50,0.7133333333333333,0.14734690736866898,147,0.9166666666666667,0.6333333333333333,0.7333333333333334,0.48333333333333334,0.8,0.5385856628417969,0.021059703826904298
0.3,5,0.16681,0.9,5,0.6033333333333333,0.07702813338860894,436,0.65,0.6333333333333333,0.55,0.48333333333333334,0.7,0.5114806652069092,0.020877361297607422
0.3,5,0.16681,0.9,10,0.6766666666666667,0.1108552609887726,268,0.8166666666666667,0.65,0.7333333333333334,0.48333333333333334,0.7,0.5152974605560303,0.020899391174316405
0.3,5,0.16681,0.9,20,0.7133333333333333,0.11990737165736634,147,0.7333333333333334,0.7333333333333334,0.8166666666666667,0.48333333333333334,0.8,0.5211287498474121,0.02089862823486328
0.3,5,0.16681,0.9,50,0.7133333333333333,0.14734690736866898,147,0.9166666666666667,0.6333333333333333,0.7333333333333334,0.48333333333333334,0.8,0.5319383621215821,0.02180314064025879
0.3,5,0.599484,0.1,5,0.5366666666666667,0.10402991022884822,709,0.6166666666666667,0.43333333333333335,0.45,0.48333333333333334,0.7,0.582770824432373,0.020688819885253906
0.3,5,0.599484,0.1,10,0.6366666666666667,0.1185092588975412,390,0.7333333333333334,0.5333333333333333,0.6333333333333333,0.48333333333333334,0.8,0.5894561767578125,0.02088961601257324
0.3,5,0.599484,0.1,20,0.73,0.13960261060914617,77,0.7166666666666667,0.7333333333333334,0.8166666666666667,0.48333333333333334,0.9,0.5943568229675293,0.02091379165649414
0.3,5,0.599484,0.1,50,0.6566666666666666,0.17938165396098285,340,0.7333333333333334,0.5333333333333333,0.7333333333333334,0.3833333333333333,0.9,0.6026518821716309,0.021059417724609376
0.3,5,0.599484,0.3,5,0.6166666666666666,0.16261747890200626,418,0.6333333333333333,0.43333333333333335,0.6333333333333333,0.48333333333333334,0.9,0.5988710403442383,0.0210695743560791
0.3,5,0.599484,0.3,10,0.7133333333333333,0.09392668535736914,147,0.8166666666666667,0.65,0.7333333333333334,0.5666666666666667,0.8,0.6032974243164062,0.02094120979309082
0.3,5,0.599484,0.3,20,0.7466666666666666,0.14391355429948602,40,0.8166666666666667,0.7166666666666667,0.8166666666666667,0.48333333333333334,0.9,0.6073429584503174,0.020997285842895508
0.3,5,0.599484,0.3,50,0.6733333333333335,0.19107880863955357,292,0.9166666666666667,0.5333333333333333,0.7333333333333334,0.3833333333333333,0.8,0.6183711528778076,0.020903730392456056
0.3,5,0.599484,0.5,5,0.5966666666666667,0.14391355429948602,489,0.7333333333333334,0.43333333333333335,0.5333333333333333,0.48333333333333334,0.8,0.6183338165283203,0.0209017276763916
0.3,5,0.599484,0.5,10,0.6766666666666667,0.12229290885229428,268,0.8166666666666667,0.6333333333333333,0.65,0.48333333333333334,0.8,0.6222686767578125,0.021141910552978517
0.3,5,0.599484,0.5,20,0.7466666666666666,0.11125546178852425,40,0.7333333333333334,0.7166666666666667,0.8166666666666667,0.5666666666666667,0.9,0.62680082321167,0.021041345596313477
0.3,5,0.599484,0.5,50,0.73,0.21509687739868905,77,1.0,0.6333333333333333,0.7333333333333334,0.3833333333333333,0.9,0.6385363101959228,0.021132278442382812
0.3,5,0.599484,0.7,5,0.6199999999999999,0.1796292478040997,409,0.8333333333333333,0.43333333333333335,0.6333333333333333,0.4,0.8,0.6441219806671142,0.02097015380859375
0.3,5,0.599484,0.7,10,0.6900000000000001,0.12229290885229427,245,0.8166666666666667,0.7166666666666667,0.6333333333333333,0.48333333333333334,0.8,0.6491503715515137,0.02090873718261719
0.3,5,0.599484,0.7,20,0.6533333333333333,0.12534397117975446,357,0.7333333333333334,0.5333333333333333,0.8166666666666667,0.48333333333333334,0.7,0.653247880935669,0.021021509170532228
0.3,5,0.599484,0.7,50,0.73,0.21509687739868905,77,1.0,0.6333333333333333,0.7333333333333334,0.3833333333333333,0.9,0.6676112651824951,0.021211719512939452
0.3,5,0.599484,0.9,5,0.5533333333333333,0.18421002506197462,676,0.8333333333333333,0.35,0.48333333333333334,0.4,0.7,0.6740341186523438,0.021463727951049803
0.3,5,0.599484,0.9,10,0.7266666666666666,0.12719189352225943,112,0.8166666666666667,0.7166666666666667,0.8166666666666667,0.48333333333333334,0.8,0.6706037521362305,0.022100496292114257
0.3,5,0.599484,0.9,20,0.6533333333333333,0.12534397117975446,357,0.7333333333333334,0.5333333333333333,0.8166666666666667,0.48333333333333334,0.7,0.6750385284423828,0.021304559707641602
0.3,5,0.599484,0.9,50,0.6933333333333334,0.20779263167344936,223,0.9166666666666667,0.5333333333333333,0.7333333333333334,0.3833333333333333,0.9,0.6867619514465332,0.021169710159301757
0.3,5,2.15443,0.1,5,0.38333333333333336,0.12156388352540315,800,0.5166666666666667,0.43333333333333335,0.2833333333333333,0.48333333333333334,0.2,0.7041224002838135,0.021066951751708984
0.3,5,2.15443,0.1,10,0.5166666666666667,0.11785113019775793,728,0.7166666666666667,0.5333333333333333,0.35,0.48333333333333334,0.5,0.7093431949615479,0.021093082427978516
0.3,5,2.15443,0.1,20,0.75,0.14337208778404378,24,0.8166666666666667,0.7333333333333334,0.8166666666666667,0.48333333333333334,0.9,0.7130045890808105,0.021271276473999023
0.3,5,2.15443,0.1,50,0.6733333333333335,0.13848385385227327,292,0.8166666666666667,0.5333333333333333,0.7333333333333334,0.48333333333333334,0.8,0.7246983528137207,0.02101445198059082
0.3,5,2.15443,0.3,5,0.5333333333333333,0.07673909622147558,713,0.6166666666666667,0.43333333333333335,0.45,0.5666666666666667,0.6,0.7791930198669433,0.020723438262939452
0.3,5,2.15443,0.3,10,0.6533333333333334,0.18481221700838818,355,0.7333333333333334,0.7166666666666667,0.35,0.5666666666666667,0.9,0.7835391998291016,0.02094898223876953
0.3,5,2.15443,0.3,20,0.6900000000000001,0.16819301082057156,245,0.8166666666666667,0.6333333333333333,0.8166666666666667,0.3833333333333333,0.8,0.7916017532348633,0.020851707458496092
0.3,5,2.15443,0.3,50,0.69,0.17813852287849852,259,0.9,0.5333333333333333,0.6333333333333333,0.48333333333333334,0.9,0.7986749649047852,0.020973682403564453
0.3,5,2.15443,0.5,5,0.5666666666666667,0.17094508539944114,629,0.55,0.43333333333333335,0.4666666666666667,0.48333333333333334,0.9,0.8025131225585938,0.02090034484863281
0.3,5,2.15443,0.5,10,0.6699999999999999,0.17042430708218956,315,0.8166666666666667,0.7333333333333334,0.35,0.65,0.8,0.7994197368621826,0.021124553680419923
0.3,5,2.15443,0.5,20,0.7266666666666666,0.18123036292090916,112,0.8166666666666667,0.7166666666666667,0.8166666666666667,0.3833333333333333,0.9,0.805626106262207,0.022252225875854494
0.3,5,2.15443,0.5,50,0.6733333333333335,0.19107880863955357,292,0.9166666666666667,0.5333333333333333,0.7333333333333334,0.3833333333333333,0.8,0.8172322750091553,0.020937108993530275
0.3,5,2.15443,0.7,5,0.6,0.14259499757471625,485,0.7333333333333334,0.43333333333333335,0.55,0.48333333333333334,0.8,0.8561378479003906,0.020966482162475587
0.3,5,2.15443,0.7,10,0.6333333333333334,0.13038404810405294,396,0.8333333333333333,0.6333333333333333,0.45,0.55,0.7,0.8549217224121094,0.021124649047851562
0.3,5,2.15443,0.7,20,0.73,0.13960261060914617,77,0.7333333333333334,0.7166666666666667,0.8166666666666667,0.48333333333333334,0.9,0.8608278274536133,0.020932960510253906
0.3,5,2.15443,0.7,50,0.73,0.21509687739868905,77,1.0,0.6333333333333333,0.7333333333333334,0.3833333333333333,0.9,0.8710644721984864,0.021007442474365236
0.3,5,2.15443,0.9,5,0.5866666666666667,0.18926759422104517,522,0.8333333333333333,0.43333333333333335,0.4666666666666667,0.4,0.8,0.9431434631347656,0.02103896141052246
0.3,5,2.15443,0.9,10,0.7066666666666667,0.13316656236958785,189,0.8166666666666667,0.7166666666666667,0.45,0.75,0.8,0.9502784252166748,0.022283649444580077
0.3,5,2.15443,0.9,20,0.7133333333333334,0.14506703431325962,134,0.7333333333333334,0.6333333333333333,0.8166666666666667,0.48333333333333334,0.9,0.9521612644195556,0.020913219451904295
0.3,5,2.15443,0.9,50,0.73,0.21509687739868905,77,1.0,0.6333333333333333,0.7333333333333334,0.3833333333333333,0.9,0.9654437065124511,0.021195077896118165
0.3,5,7.74264,0.1,5,0.41000000000000003,0.15726834816113933,793,0.65,0.43333333333333335,0.2833333333333333,0.48333333333333334,0.2,0.7859336853027343,0.02087879180908203
0.3,5,7.74264,0.1,10,0.54,0.07644896627453143,694,0.6166666666666667,0.5333333333333333,0.55,0.4,0.6,0.7884628772735596,0.02100672721862793
0.3,5,7.74264,0.1,20,0.77,0.15755069730795299,11,0.9166666666666667,0.7333333333333334,0.8166666666666667,0.48333333333333334,0.9,0.7858426094055175,0.02102770805358887
0.3,5,7.74264,0.1,50,0.6933333333333334,0.21566434826162417,223,0.8166666666666667,0.5333333333333333,0.7333333333333334,0.3833333333333333,1.0,0.7977585792541504,0.02139315605163574
0.3,5,7.74264,0.3,5,0.54,0.10466878978738388,694,0.7166666666666667,0.43333333333333335,0.4666666666666667,0.48333333333333334,0.6000000000000001,0.970199728012085,0.02111063003540039
0.3,5,7.74264,0.3,10,0.54,0.1267543556122103,694,0.7333333333333334,0.5333333333333333,0.35,0.48333333333333334,0.6,0.9720893859863281,0.021123981475830077
0.3,5,7.74264,0.3,20,0.7066666666666668,0.14476033833738977,187,0.8,0.7333333333333334,0.6166666666666667,0.48333333333333334,0.9,0.9785605907440186,0.021171951293945314
0.3,5,7.74264,0.3,50,0.6566666666666666,0.17938165396098285,340,0.7333333333333334,0.5333333333333333,0.7333333333333334,0.3833333333333333,0.9,0.9916540145874023,0.02097330093383789
0.3,5,7.74264,0.5,5,0.49333333333333335,0.047842333648024406,760,0.5166666666666667,0.43333333333333335,0.45,0.5666666666666667,0.5,1.0578299045562745,0.020919990539550782
0.3,5,7.74264,0.5,10,0.5733333333333334,0.1267543556122103,600,0.7333333333333334,0.6333333333333333,0.35,0.55,0.6,1.0553301334381104,0.0211057186126709
0.3,5,7.74264,0.5,20,0.6733333333333335,0.17688665548562132,292,0.8166666666666667,0.55,0.8166666666666667,0.3833333333333333,0.8,1.0601062774658203,0.02099919319152832
0.3,5,7.74264,0.5,50,0.6900000000000001,0.21385353243127256,245,1.0,0.5333333333333333,0.7333333333333334,0.3833333333333333,0.8,1.0705281257629395,0.02111649513244629
0.3,5,7.74264,0.7,5,0.4966666666666667,0.08589399151150082,758,0.5166666666666667,0.43333333333333335,0.3666666666666667,0.5666666666666667,0.6,1.0818770408630372,0.02080564498901367
0.3,5,7.74264,0.7,10,0.5966666666666667,0.1359738536958076,489,0.7333333333333334,0.6333333333333333,0.35,0.5666666666666667,0.7,1.08544921875,0.020840215682983398
0.3,5,7.74264,0.7,20,0.7066666666666667,0.16586473739499638,189,0.8166666666666667,0.7166666666666667,0.8166666666666667,0.3833333333333333,0.8,1.0896726608276368,0.021143198013305664
0.3,5,7.74264,0.7,50,0.6933333333333334,0.19793377119071368,223,0.9166666666666667,0.6333333333333333,0.6333333333333333,0.3833333333333333,0.9,1.0990814208984374,0.021164798736572267
0.3,5,7.74264,0.9,5,0.4866666666666667,0.08259674462242578,777,0.55,0.43333333333333335,0.3666666666666667,0.48333333333333334,0.6,1.1780529975891114,0.020824527740478514
0.3,5,7.74264,0.9,10,0.6133333333333333,0.09741092797468304,423,0.7166666666666667,0.6333333333333333,0.45,0.5666666666666667,0.7,1.1860229969024658,0.02139625549316406
0.3,5,7.74264,0.9,20,0.7466666666666666,0.14391355429948602,40,0.8166666666666667,0.7166666666666667,0.8166666666666667,0.48333333333333334,0.9,1.1886377811431885,0.021132898330688477
0.3,5,7.74264,0.9,50,0.6933333333333334,0.17845011752432233,223,0.8166666666666667,0.6333333333333333,0.7333333333333334,0.3833333333333333,0.9,1.2001351356506347,0.0209869384765625
0.3,5,27.8256,0.1,5,0.40666666666666673,0.11953614051360739,795,0.55,0.43333333333333335,0.3666666666666667,0.48333333333333334,0.2,0.7663332939147949,0.02114386558532715
0.3,5,27.8256,0.1,10,0.54,0.06018490028422596,694,0.6166666666666667,0.5333333333333333,0.4666666666666667,0.48333333333333334,0.6,0.7739245891571045,0.021256494522094726
0.3,5,27.8256,0.1,20,0.7333333333333334,0.12952906151816965,51,0.8333333333333333,0.7333333333333334,0.8166666666666667,0.48333333333333334,0.8,0.7744483470916748,0.021009445190429688
0.3,5,27.8256,0.1,50,0.7133333333333334,0.18897383710744486,134,0.8166666666666667,0.5333333333333333,0.7333333333333334,0.48333333333333334,1.0,0.7873176574707031,0.02108144760131836
0.3,5,27.8256,0.3,5,0.44333333333333336,0.17371752294393844,791,0.7333333333333334,0.43333333333333335,0.3666666666666667,0.48333333333333334,0.2,0.923408317565918,0.021053552627563477
0.3,5,27.8256,0.3,10,0.54,0.07644896627453143,694,0.6166666666666667,0.5333333333333333,0.55,0.4,0.6,0.9285619735717774,0.02117133140563965
0.3,5,27.8256,0.3,20,0.77,0.15755069730795299,11,0.9166666666666667,0.7333333333333334,0.8166666666666667,0.48333333333333334,0.9,0.9318366527557373,0.021179819107055665
0.3,5,27.8256,0.3,50,0.7133333333333334,0.23031379560166268,134,0.9166666666666667,0.5333333333333333,0.7333333333333334,0.3833333333333333,1.0,0.942575740814209,0.021054601669311522
0.3,5,27.8256,0.5,5,0.41000000000000003,0.15726834816113933,793,0.65,0.43333333333333335,0.2833333333333333,0.48333333333333334,0.2,1.088053035736084,0.021052837371826172
0.3,5,27.8256,0.5,10,0.5166666666666667,0.0960324019392529,728,0.6166666666666667,0.5333333333333333,0.35,0.48333333333333334,0.6,1.0970563411712646,0.02133336067199707
0.3,5,27.8256,0.5,20,0.7299999999999999,0.08844332774281068,93,0.7333333333333334,0.7333333333333334,0.8166666666666667,0.5666666666666667,0.8,1.1030592918395996,0.020955514907836915
0.3,5,27.8256,0.5,50,0.7066666666666667,0.21044925490219465,189,0.9,0.5333333333333333,0.8166666666666667,0.3833333333333333,0.9,1.1106791019439697,0.02106485366821289
0.3,5,27.8256,0.7,5,0.4600000000000001,0.16418147141366335,785,0.7166666666666667,0.43333333333333335,0.4666666666666667,0.48333333333333334,0.2,1.210594654083252,0.021045351028442384
0.3,5,27.8256,0.7,10,0.5599999999999999,0.10033277962194942,665,0.7333333333333334,0.5333333333333333,0.45,0.48333333333333334,0.6,1.2112403392791748,0.021010780334472658
0.3,5,27.8256,0.7,20,0.7466666666666667,0.14197026292697904,33,0.9,0.7333333333333334,0.8166666666666667,0.48333333333333334,0.8,1.216353464126587,0.021073436737060545
0.3,5,27.8256,0.7,50,0.6566666666666666,0.17938165396098285,340,0.7333333333333334,0.5333333333333333,0.7333333333333334,0.3833333333333333,0.9,1.2312813758850099,0.021048212051391603
0.3,5,27.8256,0.9,5,0.52,0.10077477638553983,718,0.7166666666666667,0.43333333333333335,0.4666666666666667,0.48333333333333334,0.5,1.2958730220794679,0.02097635269165039
0.3,5,27.8256,0.9,10,0.5533333333333335,0.10614455552060438,674,0.6333333333333333,0.6333333333333333,0.35,0.55,0.6,1.2920919418334962,0.02118964195251465
0.3,5,27.8256,0.9,20,0.65,0.09486832980505139,370,0.7166666666666667,0.55,0.6166666666666667,0.5666666666666667,0.8,1.2967285633087158,0.021094083786010742
0.3,5,27.8256,0.9,50,0.6733333333333335,0.13848385385227327,292,0.8166666666666667,0.5333333333333333,0.7333333333333334,0.48333333333333334,0.8,1.3092816829681397,0.021341276168823243
0.3,5,100.0,0.1,5,0.40666666666666673,0.11953614051360739,795,0.55,0.43333333333333335,0.3666666666666667,0.48333333333333334,0.2,0.8298288345336914,0.021054410934448244
0.3,5,100.0,0.1,10,0.5566666666666668,0.05333333333333334,669,0.6166666666666667,0.5333333333333333,0.4666666666666667,0.5666666666666667,0.6,0.829017972946167,0.020852184295654295
0.3,5,100.0,0.1,20,0.68,0.10923979738782628,265,0.7333333333333334,0.7333333333333334,0.65,0.48333333333333334,0.8,0.8333532333374023,0.021212673187255858
0.3,5,100.0,0.1,50,0.6566666666666666,0.12454361128179606,340,0.7333333333333334,0.5333333333333333,0.7333333333333334,0.48333333333333334,0.8,0.8435428619384766,0.021147489547729492
0.3,5,100.0,0.3,5,0.40666666666666673,0.11953614051360739,795,0.55,0.43333333333333335,0.3666666666666667,0.48333333333333334,0.2,0.830813217163086,0.020930957794189454
0.3,5,100.0,0.3,10,0.5566666666666668,0.05333333333333334,669,0.6166666666666667,0.5333333333333333,0.4666666666666667,0.5666666666666667,0.6,0.8336546421051025,0.02099618911743164
0.3,5,100.0,0.3,20,0.7133333333333333,0.11990737165736634,147,0.7333333333333334,0.7333333333333334,0.8166666666666667,0.48333333333333334,0.8,0.8373568534851075,0.02136082649230957
0.3,5,100.0,0.3,50,0.6733333333333332,0.18932629094883904,307,0.7333333333333334,0.5333333333333333,0.8166666666666667,0.3833333333333333,0.9,0.8498672008514404,0.021073198318481444
0.3,5,100.0,0.5,5,0.40666666666666673,0.11953614051360739,795,0.55,0.43333333333333335,0.3666666666666667,0.48333333333333334,0.2,0.8541428089141846,0.020910024642944336
0.3,5,100.0,0.5,10,0.54,0.06018490028422596,694,0.6166666666666667,0.5333333333333333,0.4666666666666667,0.48333333333333334,0.6,0.8586911201477051,0.021116876602172853
0.3,5,100.0,0.5,20,0.7333333333333334,0.12952906151816965,51,0.8333333333333333,0.7333333333333334,0.8166666666666667,0.48333333333333334,0.8,0.8633296012878418,0.02106056213378906
0.3,5,100.0,0.5,50,0.6700000000000002,0.17931970208417022,312,0.8166666666666667,0.5333333333333333,0.8166666666666667,0.3833333333333333,0.8,0.8731425285339356,0.021116113662719725
0.3,5,100.0,0.7,5,0.40666666666666673,0.11953614051360739,795,0.55,0.43333333333333335,0.3666666666666667,0.48333333333333334,0.2,0.9026978015899658,0.021089887619018553
0.3,5,100.0,0.7,10,0.54,0.06018490028422596,694,0.6166666666666667,0.5333333333333333,0.4666666666666667,0.48333333333333334,0.6,0.9115433692932129,0.02114977836608887
0.3,5,100.0,0.7,20,0.75,0.14337208778404378,24,0.8166666666666667,0.7333333333333334,0.8166666666666667,0.48333333333333334,0.9,0.9127467155456543,0.021123409271240234
0.3,5,100.0,0.7,50,0.6533333333333333,0.16845705024657706,357,0.8166666666666667,0.5333333333333333,0.7333333333333334,0.3833333333333333,0.8,0.9261648654937744,0.021315288543701173
0.3,5,100.0,0.9,5,0.4633333333333334,0.16944353369518447,782,0.7333333333333334,0.43333333333333335,0.4666666666666667,0.48333333333333334,0.2,0.9856191635131836,0.02098984718322754
0.3,5,100.0,0.9,10,0.54,0.07644896627453143,694,0.6166666666666667,0.5333333333333333,0.55,0.4,0.6,0.9842312812805176,0.02110280990600586
0.3,5,100.0,0.9,20,0.7533333333333333,0.14506703431325962,21,0.8333333333333333,0.7333333333333334,0.8166666666666667,0.48333333333333334,0.9,0.9899945259094238,0.021147680282592774
0.3,5,100.0,0.9,50,0.6566666666666666,0.17938165396098285,340,0.7333333333333334,0.5333333333333333,0.7333333333333334,0.3833333333333333,0.9,1.0007696628570557,0.021195030212402342
