param_clf__shrink_threshold,param_selector__C,param_selector__l1_ratio,param_selector__top_k,mean_test_score,std_test_score,rank_test_score,split0_test_score,split1_test_score,split2_test_score,split3_test_score,split4_test_score,mean_fit_time,mean_score_time
,0.001,0.1,5,0.51,0.13767917618708922,673,0.5833333333333334,0.4666666666666667,0.5166666666666667,0.2833333333333333,0.7,0.003493213653564453,0.0015019893646240235
,0.001,0.1,10,0.52,0.054160256030906385,625,0.5666666666666667,0.4666666666666667,0.6,0.4666666666666667,0.5,0.003377056121826172,0.0015003681182861328
,0.001,0.1,20,0.5033333333333334,0.09333333333333335,689,0.4666666666666667,0.3666666666666667,0.6166666666666667,0.4666666666666667,0.6000000000000001,0.0034780025482177733,0.0015079021453857423
,0.001,0.1,50,0.5733333333333334,0.18427033281447003,542,0.5666666666666667,0.3666666666666667,0.43333333333333335,0.9,0.6000000000000001,0.00354151725769043,0.0015105247497558595
,0.001,0.3,5,0.51,0.13767917618708922,673,0.5833333333333334,0.4666666666666667,0.5166666666666667,0.2833333333333333,0.7,0.003438854217529297,0.0014919281005859376
,0.001,0.3,10,0.52,0.054160256030906385,625,0.5666666666666667,0.4666666666666667,0.6,0.4666666666666667,0.5,0.0034860610961914063,0.001468658447265625
,0.001,0.3,20,0.5033333333333334,0.09333333333333335,689,0.4666666666666667,0.3666666666666667,0.6166666666666667,0.4666666666666667,0.6000000000000001,0.0035228729248046875,0.001510953903198242
,0.001,0.3,50,0.5733333333333334,0.18427033281447003,542,0.5666666666666667,0.3666666666666667,0.43333333333333335,0.9,0.6000000000000001,0.003431844711303711,0.0014943122863769532
,0.001,0.5,5,0.51,0.13767917618708922,673,0.5833333333333334,0.4666666666666667,0.5166666666666667,0.2833333333333333,0.7,0.003454732894897461,0.0015171527862548827
,0.001,0.5,10,0.52,0.054160256030906385,625,0.5666666666666667,0.4666666666666667,0.6,0.4666666666666667,0.5,0.003390073776245117,0.001465606689453125
,0.001,0.5,20,0.5033333333333334,0.09333333333333335,689,0.4666666666666667,0.3666666666666667,0.6166666666666667,0.4666666666666667,0.6000000000000001,0.0041045665740966795,0.0015979290008544921
,0.001,0.5,50,0.5733333333333334,0.18427033281447003,542,0.5666666666666667,0.3666666666666667,0.43333333333333335,0.9,0.6000000000000001,0.003564453125,0.0015103340148925782
,0.001,0.7,5,0.51,0.13767917618708922,673,0.5833333333333334,0.4666666666666667,0.5166666666666667,0.2833333333333333,0.7,0.0034409523010253905,0.0014679908752441406
,0.001,0.7,10,0.52,0.054160256030906385,625,0.5666666666666667,0.4666666666666667,0.6,0.4666666666666667,0.5,0.003648519515991211,0.001524496078491211
,0.001,0.7,20,0.5033333333333334,0.09333333333333335,689,0.4666666666666667,0.3666666666666667,0.6166666666666667,0.4666666666666667,0.6000000000000001,0.0034877777099609373,0.001511383056640625
,0.001,0.7,50,0.5733333333333334,0.18427033281447003,542,0.5666666666666667,0.3666666666666667,0.43333333333333335,0.9,0.6000000000000001,0.003390073776245117,0.0015212535858154298
,0.001,0.9,5,0.51,0.13767917618708922,673,0.5833333333333334,0.4666666666666667,0.5166666666666667,0.2833333333333333,0.7,0.0033786773681640627,0.0014645576477050782
,0.001,0.9,10,0.52,0.054160256030906385,625,0.5666666666666667,0.4666666666666667,0.6,0.4666666666666667,0.5,0.0035492420196533204,0.0015264511108398437
,0.001,0.9,20,0.5033333333333334,0.09333333333333335,689,0.4666666666666667,0.3666666666666667,0.6166666666666667,0.4666666666666667,0.6000000000000001,0.003459930419921875,0.0015241146087646485
,0.001,0.9,50,0.5733333333333334,0.18427033281447003,542,0.5666666666666667,0.3666666666666667,0.43333333333333335,0.9,0.6000000000000001,0.0034490108489990236,0.0014967918395996094
,0.00359381,0.1,5,0.51,0.13767917618708922,673,0.5833333333333334,0.4666666666666667,0.5166666666666667,0.2833333333333333,0.7,0.0035057544708251955,0.0015032291412353516
,0.00359381,0.1,10,0.52,0.054160256030906385,625,0.5666666666666667,0.4666666666666667,0.6,0.4666666666666667,0.5,0.0036224365234375,0.001505565643310547
,0.00359381,0.1,20,0.5033333333333334,0.09333333333333335,689,0.4666666666666667,0.3666666666666667,0.6166666666666667,0.4666666666666667,0.6000000000000001,0.0036033153533935546,0.0015252590179443359
,0.00359381,0.1,50,0.5733333333333334,0.18427033281447003,542,0.5666666666666667,0.3666666666666667,0.43333333333333335,0.9,0.6000000000000001,0.0035733699798583983,0.00151824951171875
,0.00359381,0.3,5,0.51,0.13767917618708922,673,0.5833333333333334,0.4666666666666667,0.5166666666666667,0.2833333333333333,0.7,0.003537750244140625,0.0015138626098632813
,0.00359381,0.3,10,0.52,0.054160256030906385,625,0.5666666666666667,0.4666666666666667,0.6,0.4666666666666667,0.5,0.003506898880004883,0.0015130996704101562
,0.00359381,0.3,20,0.5033333333333334,0.09333333333333335,689,0.4666666666666667,0.3666666666666667,0.6166666666666667,0.4666666666666667,0.6000000000000001,0.0034586429595947266,0.0015243053436279296
,0.00359381,0.3,50,0.5733333333333334,0.18427033281447003,542,0.5666666666666667,0.3666666666666667,0.43333333333333335,0.9,0.6000000000000001,0.003486776351928711,0.001520252227783203
,0.00359381,0.5,5,0.51,0.13767917618708922,673,0.5833333333333334,0.4666666666666667,0.5166666666666667,0.2833333333333333,0.7,0.0035425662994384766,0.0015157222747802734
,0.00359381,0.5,10,0.52,0.054160256030906385,625,0.5666666666666667,0.4666666666666667,0.6,0.4666666666666667,0.5,0.0035040855407714845,0.0015169620513916016
,0.00359381,0.5,20,0.5033333333333334,0.09333333333333335,689,0.4666666666666667,0.3666666666666667,0.6166666666666667,0.4666666666666667,0.6000000000000001,0.0034499168395996094,0.0015110492706298829
,0.00359381,0.5,50,0.5733333333333334,0.18427033281447003,542,0.5666666666666667,0.3666666666666667,0.43333333333333335,0.9,0.6000000000000001,0.003486967086791992,0.0014756202697753906
,0.00359381,0.7,5,0.51,0.13767917618708922,673,0.5833333333333334,0.4666666666666667,0.5166666666666667,0.2833333333333333,0.7,0.003365945816040039,0.001528310775756836
,0.00359381,0.7,10,0.52,0.054160256030906385,625,0.5666666666666667,0.4666666666666667,0.6,0.4666666666666667,0.5,0.004235982894897461,0.0017407894134521484
,0.00359381,0.7,20,0.5033333333333334,0.09333333333333335,689,0.4666666666666667,0.3666666666666667,0.6166666666666667,0.4666666666666667,0.6000000000000001,0.00336151123046875,0.0014933109283447265
,0.00359381,0.7,50,0.5733333333333334,0.18427033281447003,542,0.5666666666666667,0.3666666666666667,0.43333333333333335,0.9,0.6000000000000001,0.0034760951995849608,0.0014841556549072266
,0.00359381,0.9,5,0.51,0.13767917618708922,673,0.5833333333333334,0.4666666666666667,0.5166666666666667,0.2833333333333333,0.7,0.003401517868041992,0.0014882564544677734
,0.00359381,0.9,10,0.52,0.054160256030906385,625,0.5666666666666667,0.4666666666666667,0.6,0.4666666666666667,0.5,0.0034404754638671874,0.001497650146484375
,0.00359381,0.9,20,0.5033333333333334,0.09333333333333335,689,0.4666666666666667,0.3666666666666667,0.6166666666666667,0.4666666666666667,0.6000000000000001,0.0034245014190673827,0.0015599727630615234
,0.00359381,0.9,50,0.5733333333333334,0.18427033281447003,542,0.5666666666666667,0.3666666666666667,0.43333333333333335,0.9,0.6000000000000001,0.003418302536010742,0.0014685630798339845
,0.0129155,0.1,5,0.71,0.11284207253207172,440,0.7166666666666667,0.7166666666666667,0.8166666666666667,0.8,0.5,0.012323570251464844,0.001495027542114258
,0.0129155,0.1,10,0.8033333333333333,0.10974718422102886,228,0.9,0.9,0.8166666666666667,0.8,0.6,0.012397050857543945,0.001480865478515625
,0.0129155,0.1,20,0.7833333333333333,0.11450376024878448,294,0.9,0.9,0.7166666666666667,0.8,0.6,0.012306118011474609,0.0014892578125
,0.0129155,0.1,50,0.7766666666666667,0.07348469228349536,300,0.9,0.75,0.8166666666666667,0.7166666666666667,0.7,0.012380027770996093,0.0014995574951171876
,0.0129155,0.3,5,0.51,0.13767917618708922,673,0.5833333333333334,0.4666666666666667,0.5166666666666667,0.2833333333333333,0.7,0.003952789306640625,0.0014910221099853516
,0.0129155,0.3,10,0.52,0.054160256030906385,625,0.5666666666666667,0.4666666666666667,0.6,0.4666666666666667,0.5,0.003995323181152343,0.0014965057373046875
,0.0129155,0.3,20,0.5033333333333334,0.09333333333333335,689,0.4666666666666667,0.3666666666666667,0.6166666666666667,0.4666666666666667,0.6000000000000001,0.0039542198181152345,0.0014855384826660157
,0.0129155,0.3,50,0.5733333333333334,0.18427033281447003,542,0.5666666666666667,0.3666666666666667,0.43333333333333335,0.9,0.6000000000000001,0.003910636901855469,0.0014952659606933595
,0.0129155,0.5,5,0.51,0.13767917618708922,673,0.5833333333333334,0.4666666666666667,0.5166666666666667,0.2833333333333333,0.7,0.003436422348022461,0.0015006542205810546
,0.0129155,0.5,10,0.52,0.054160256030906385,625,0.5666666666666667,0.4666666666666667,0.6,0.4666666666666667,0.5,0.0034933090209960938,0.0014946460723876953
,0.0129155,0.5,20,0.5033333333333334,0.09333333333333335,689,0.4666666666666667,0.3666666666666667,0.6166666666666667,0.4666666666666667,0.6000000000000001,0.0034774303436279296,0.001486063003540039
,0.0129155,0.5,50,0.5733333333333334,0.18427033281447003,542,0.5666666666666667,0.3666666666666667,0.43333333333333335,0.9,0.6000000000000001,0.003466796875,0.0014953136444091797
,0.0129155,0.7,5,0.51,0.13767917618708922,673,0.5833333333333334,0.4666666666666667,0.5166666666666667,0.2833333333333333,0.7,0.003431844711303711,0.0014824390411376954
,0.0129155,0.7,10,0.52,0.054160256030906385,625,0.5666666666666667,0.4666666666666667,0.6,0.4666666666666667,0.5,0.003433561325073242,0.0014829158782958985
,0.0129155,0.7,20,0.5033333333333334,0.09333333333333335,689,0.4666666666666667,0.3666666666666667,0.6166666666666667,0.4666666666666667,0.6000000000000001,0.0034848690032958985,0.0014927387237548828
,0.0129155,0.7,50,0.5733333333333334,0.18427033281447003,542,0.5666666666666667,0.3666666666666667,0.43333333333333335,0.9,0.6000000000000001,0.0034457683563232423,0.0015021800994873048
,0.0129155,0.9,5,0.51,0.13767917618708922,673,0.5833333333333334,0.4666666666666667,0.5166666666666667,0.2833333333333333,0.7,0.003414440155029297,0.0015001296997070312
,0.0129155,0.9,10,0.52,0.054160256030906385,625,0.5666666666666667,0.4666666666666667,0.6,0.4666666666666667,0.5,0.0035520553588867187,0.00148773193359375
,0.0129155,0.9,20,0.5033333333333334,0.09333333333333335,689,0.4666666666666667,0.3666666666666667,0.6166666666666667,0.4666666666666667,0.6000000000000001,0.0034395694732666016,0.0015047073364257812
,0.0129155,0.9,50,0.5733333333333334,0.18427033281447003,542,0.5666666666666667,0.3666666666666667,0.43333333333333335,0.9,0.6000000000000001,0.0034517765045166014,0.0014924049377441407
,0.0464159,0.1,5,0.7133333333333333,0.1132352516764202,429,0.8166666666666667,0.7166666666666667,0.7333333333333334,0.8,0.5,0.02307276725769043,0.0014921665191650391
,0.0464159,0.1,10,0.7899999999999999,0.15549205052920803,267,1.0,0.9166666666666667,0.6333333333333333,0.8,0.6,0.022740983963012697,0.0014889240264892578
,0.0464159,0.1,20,0.8066666666666666,0.14165686240583852,191,1.0,0.9166666666666667,0.7166666666666667,0.8,0.6,0.022684478759765626,0.0014750003814697266
,0.0464159,0.1,50,0.8466666666666667,0.11803954139750518,10,1.0,0.9166666666666667,0.7166666666666667,0.9,0.7,0.022902441024780274,0.0014659881591796875
,0.0464159,0.3,5,0.7666666666666666,0.1622754859285078,332,1.0,0.7166666666666667,0.8166666666666667,0.8,0.5,0.025062179565429686,0.0015038490295410157
,0.0464159,0.3,10,0.7666666666666667,0.12823589374447564,330,0.9,0.9,0.6333333333333333,0.8,0.6,0.02512955665588379,0.0014987468719482421
,0.0464159,0.3,20,0.7833333333333333,0.11450376024878448,294,0.9,0.9,0.7166666666666667,0.8,0.6,0.024910593032836915,0.0015078544616699218
,0.0464159,0.3,50,0.8266666666666668,0.11284207253207172,62,0.9,1.0,0.8166666666666667,0.7166666666666667,0.7,0.025040960311889647,0.0015088558197021485
,0.0464159,0.5,5,0.56,0.11382247385975916,590,0.6166666666666667,0.48333333333333334,0.7333333333333334,0.5666666666666667,0.4,0.020014142990112303,0.0014933109283447265
,0.0464159,0.5,10,0.7133333333333333,0.059066817155564506,429,0.7333333333333334,0.6666666666666666,0.8166666666666667,0.65,0.7,0.019912242889404297,0.0014692306518554687
,0.0464159,0.5,20,0.6899999999999998,0.0679869268479038,462,0.6333333333333333,0.6666666666666666,0.8166666666666667,0.6333333333333333,0.7,0.020026350021362306,0.0014729499816894531
,0.0464159,0.5,50,0.7166666666666666,0.07958224257542214,413,0.8,0.65,0.8166666666666667,0.6166666666666667,0.7,0.020150041580200194,0.0015110492706298829
,0.0464159,0.7,5,0.51,0.13767917618708922,673,0.5833333333333334,0.4666666666666667,0.5166666666666667,0.2833333333333333,0.7,0.004588270187377929,0.001466083526611328
,0.0464159,0.7,10,0.52,0.054160256030906385,625,0.5666666666666667,0.4666666666666667,0.6,0.4666666666666667,0.5,0.0046940803527832035,0.0014851093292236328
,0.0464159,0.7,20,0.5033333333333334,0.09333333333333335,689,0.4666666666666667,0.3666666666666667,0.6166666666666667,0.4666666666666667,0.6000000000000001,0.004636335372924805,0.0015022754669189453
,0.0464159,0.7,50,0.5733333333333334,0.18427033281447003,542,0.5666666666666667,0.3666666666666667,0.43333333333333335,0.9,0.6000000000000001,0.004658699035644531,0.0014791011810302735
,0.0464159,0.9,5,0.51,0.13767917618708922,673,0.5833333333333334,0.4666666666666667,0.5166666666666667,0.2833333333333333,0.7,0.004284191131591797,0.0015098094940185548
,0.0464159,0.9,10,0.52,0.054160256030906385,625,0.5666666666666667,0.4666666666666667,0.6,0.4666666666666667,0.5,0.0042362213134765625,0.0014783382415771485
,0.0464159,0.9,20,0.5033333333333334,0.09333333333333335,689,0.4666666666666667,0.3666666666666667,0.6166666666666667,0.4666666666666667,0.6000000000000001,0.004241037368774414,0.0014790058135986327
,0.0464159,0.9,50,0.5733333333333334,0.18427033281447003,542,0.5666666666666667,0.3666666666666667,0.43333333333333335,0.9,0.6000000000000001,0.004237079620361328,0.0014997959136962891
,0.16681,0.1,5,0.6233333333333333,0.12229290885229428,529,0.7166666666666667,0.45,0.7333333333333334,0.7166666666666667,0.5,0.052368879318237305,0.0015393733978271485
,0.16681,0.1,10,0.77,0.10614455552060441,322,0.9166666666666667,0.8166666666666667,0.7166666666666667,0.8,0.6,0.05228853225708008,0.0015206336975097656
,0.16681,0.1,20,0.8266666666666668,0.11575836902790228,62,1.0,0.9166666666666667,0.7166666666666667,0.8,0.7,0.04891538619995117,0.001396036148071289
,0.16681,0.1,50,0.8300000000000001,0.11224972160321824,31,1.0,0.9166666666666667,0.7166666666666667,0.7166666666666667,0.8,0.04905433654785156,0.0014665603637695312
,0.16681,0.3,5,0.6900000000000001,0.08919392106839766,460,0.8333333333333333,0.5666666666666667,0.6333333333333333,0.7166666666666667,0.7,0.05619091987609863,0.0015409469604492187
,0.16681,0.3,10,0.7966666666666666,0.1117536974282681,232,0.9166666666666667,0.8333333333333333,0.6333333333333333,0.9,0.7,0.055234336853027345,0.0014919281005859376
,0.16681,0.3,20,0.8066666666666666,0.14165686240583852,191,1.0,0.9166666666666667,0.7166666666666667,0.8,0.6,0.05489935874938965,0.0014899730682373046
,0.16681,0.3,50,0.8099999999999999,0.14165686240583852,131,1.0,0.9166666666666667,0.7166666666666667,0.8166666666666667,0.6,0.05511894226074219,0.0015187740325927734
,0.16681,0.5,5,0.6833333333333333,0.10903618155864084,469,0.8166666666666667,0.75,0.6333333333333333,0.7166666666666667,0.5,0.05868330001831055,0.0015185356140136718
,0.16681,0.5,10,0.8099999999999999,0.1348249894410446,131,1.0,0.9166666666666667,0.6333333333333333,0.8,0.7,0.058905744552612306,0.0015095233917236327
,0.16681,0.5,20,0.8066666666666669,0.08981462390204989,189,0.9,0.9166666666666667,0.7166666666666667,0.8,0.7,0.05838441848754883,0.0014885902404785157
,0.16681,0.5,50,0.7700000000000001,0.12083045973594574,319,0.9,0.9166666666666667,0.7166666666666667,0.7166666666666667,0.6,0.05849490165710449,0.0015044212341308594
,0.16681,0.7,5,0.6633333333333333,0.10402991022884824,495,0.8166666666666667,0.65,0.6333333333333333,0.7166666666666667,0.5,0.06750855445861817,0.0015255928039550782
,0.16681,0.7,10,0.8299999999999998,0.1240071682515885,55,1.0,0.9166666666666667,0.6333333333333333,0.8,0.8,0.0671426773071289,0.0014862537384033204
,0.16681,0.7,20,0.7533333333333334,0.10402991022884826,357,0.7333333333333334,0.9166666666666667,0.7166666666666667,0.8,0.6,0.06767897605895996,0.0015242576599121093
,0.16681,0.7,50,0.77,0.10295630140987001,322,0.9,0.8166666666666667,0.8166666666666667,0.7166666666666667,0.6,0.06759099960327149,0.0015270709991455078
,0.16681,0.9,5,0.8133333333333332,0.10718623460542352,120,1.0,0.8333333333333333,0.8166666666666667,0.7166666666666667,0.7,0.06526665687561035,0.0015216827392578124
,0.16681,0.9,10,0.7866666666666667,0.12400716825158851,283,1.0,0.8,0.6333333333333333,0.8,0.7,0.06534581184387207,0.0015099525451660156
,0.16681,0.9,20,0.77,0.10614455552060441,322,0.8166666666666667,0.9166666666666667,0.7166666666666667,0.8,0.6,0.06567902565002441,0.0015095233917236327
,0.16681,0.9,50,0.7733333333333334,0.07498147919467996,305,0.9,0.7333333333333334,0.8166666666666667,0.7166666666666667,0.7,0.06479458808898926,0.0014964580535888673
,0.599484,0.1,5,0.6733333333333333,0.0873053390247253,473,0.7166666666666667,0.7,0.7333333333333334,0.7166666666666667,0.5,0.11095080375671387,0.0015251636505126953
,0.599484,0.1,10,0.7166666666666666,0.14220486005134364,413,0.9166666666666667,0.7333333333333334,0.6333333333333333,0.8,0.5,0.11022214889526367,0.0015248298645019532
,0.599484,0.1,20,0.8266666666666665,0.14628738838327796,72,1.0,0.9166666666666667,0.7166666666666667,0.9,0.6,0.11354660987854004,0.0015555858612060548
,0.599484,0.1,50,0.8300000000000001,0.07257180352359083,31,0.9,0.9166666666666667,0.7166666666666667,0.8166666666666667,0.8,0.11348948478698731,0.0015599250793457032
,0.599484,0.3,5,0.7266666666666668,0.10143416036468623,395,0.8166666666666667,0.55,0.7333333333333334,0.8333333333333333,0.7,0.13417525291442872,0.0015682220458984376
,0.599484,0.3,10,0.7533333333333334,0.11897712198383167,357,0.9166666666666667,0.8166666666666667,0.6333333333333333,0.8,0.6,0.1344752788543701,0.0015670299530029298
,0.599484,0.3,20,0.8266666666666665,0.14628738838327796,72,1.0,0.9166666666666667,0.7166666666666667,0.9,0.6,0.13492159843444823,0.0015798568725585937
,0.599484,0.3,50,0.8100000000000002,0.08981462390204989,122,0.9,0.9166666666666667,0.7166666666666667,0.8166666666666667,0.7,0.13428936004638672,0.0015787124633789063
,0.599484,0.5,5,0.7300000000000001,0.10456258094238743,392,0.8333333333333333,0.55,0.7333333333333334,0.8333333333333333,0.7,0.1587747097015381,0.0015556812286376953
,0.599484,0.5,10,0.7733333333333333,0.1046687897873839,306,0.9166666666666667,0.8166666666666667,0.7333333333333334,0.8,0.6,0.16298527717590333,0.0015761375427246094
,0.599484,0.5,20,0.8266666666666665,0.14628738838327796,72,1.0,0.9166666666666667,0.7166666666666667,0.9,0.6,0.16092329025268554,0.0015824317932128906
,0.599484,0.5,50,0.7733333333333333,0.1072898462628739,306,0.8166666666666667,0.9166666666666667,0.7166666666666667,0.8166666666666667,0.6,0.16128735542297362,0.0015876293182373047
,0.599484,0.7,5,0.7266666666666668,0.06463573143221771,395,0.8333333333333333,0.7333333333333334,0.6333333333333333,0.7333333333333334,0.7,0.17351169586181642,0.001586008071899414
,0.599484,0.7,10,0.7966666666666666,0.03399346342395186,232,0.8333333333333333,0.8166666666666667,0.7333333333333334,0.8,0.8,0.17356419563293457,0.001561737060546875
,0.599484,0.7,20,0.8266666666666665,0.14628738838327796,72,1.0,0.9166666666666667,0.7166666666666667,0.9,0.6,0.17368221282958984,0.0015705585479736327
,0.599484,0.7,50,0.8099999999999999,0.14165686240583852,131,1.0,0.9166666666666667,0.7166666666666667,0.8166666666666667,0.6,0.1739253044128418,0.0015723705291748047
,0.599484,0.9,5,0.7433333333333334,0.046666666666666634,375,0.8333333333333333,0.7333333333333334,0.7166666666666667,0.7333333333333334,0.7,0.20469069480895996,0.0015786170959472656
,0.599484,0.9,10,0.7566666666666666,0.04422166387140534,355,0.7333333333333334,0.8166666666666667,0.7333333333333334,0.8,0.7,0.20789618492126466,0.0015716552734375
,0.599484,0.9,20,0.8266666666666665,0.14628738838327796,72,1.0,0.9166666666666667,0.7166666666666667,0.9,0.6,0.20792860984802247,0.0015643119812011718
,0.599484,0.9,50,0.8300000000000001,0.11518101695447333,31,1.0,0.9166666666666667,0.7166666666666667,0.8166666666666667,0.7,0.20521268844604493,0.0015671253204345703
,2.15443,0.1,5,0.6433333333333333,0.09809292646374775,525,0.7166666666666667,0.55,0.7333333333333334,0.7166666666666667,0.5,0.22367515563964843,0.0015703678131103516
,2.15443,0.1,10,0.7133333333333333,0.16034684627740928,429,0.9166666666666667,0.8,0.55,0.8,0.5,0.2198148250579834,0.0015590667724609375
,2.15443,0.1,20,0.8099999999999999,0.16179548132682134,131,1.0,0.9166666666666667,0.6333333333333333,0.9,0.6,0.2220895767211914,0.0015816688537597656
,2.15443,0.1,50,0.8466666666666667,0.07702813338860896,10,0.9,0.9166666666666667,0.7166666666666667,0.9,0.8,0.2234867572784424,0.0015951156616210937
,2.15443,0.3,5,0.71,0.14047538337136983,440,0.8333333333333333,0.45,0.7333333333333334,0.8333333333333333,0.7,0.2818938732147217,0.0015700817108154296
,2.15443,0.3,10,0.7366666666666666,0.11469767022723507,380,0.9166666666666667,0.7333333333333334,0.6333333333333333,0.8,0.6,0.27529101371765136,0.001564168930053711
,2.15443,0.3,20,0.8266666666666665,0.14628738838327796,72,1.0,0.9166666666666667,0.7166666666666667,0.9,0.6,0.2822627067565918,0.001566028594970703
,2.15443,0.3,50,0.8300000000000001,0.07257180352359083,31,0.9,0.9166666666666667,0.7166666666666667,0.8166666666666667,0.8,0.2821803569793701,0.001578950881958008
,2.15443,0.5,5,0.7066666666666668,0.1138224738597591,450,0.8166666666666667,0.55,0.7333333333333334,0.8333333333333333,0.6000000000000001,0.32787199020385743,0.0015805721282958984
,2.15443,0.5,10,0.7533333333333334,0.11897712198383167,357,0.9166666666666667,0.8166666666666667,0.6333333333333333,0.8,0.6,0.324764347076416,0.001556539535522461
,2.15443,0.5,20,0.8066666666666666,0.17907168024751058,191,1.0,0.9166666666666667,0.7166666666666667,0.9,0.5,0.3225270748138428,0.0015642166137695313
,2.15443,0.5,50,0.8100000000000002,0.08981462390204989,122,0.9,0.9166666666666667,0.7166666666666667,0.8166666666666667,0.7,0.3260688304901123,0.001638174057006836
,2.15443,0.7,5,0.7633333333333334,0.08969082698049134,347,0.8333333333333333,0.8166666666666667,0.7333333333333334,0.8333333333333333,0.6000000000000001,0.4085953712463379,0.001676321029663086
,2.15443,0.7,10,0.7733333333333333,0.1046687897873839,306,0.9166666666666667,0.8166666666666667,0.7333333333333334,0.8,0.6,0.41834020614624023,0.0017425060272216798
,2.15443,0.7,20,0.7733333333333333,0.17275544693133252,306,1.0,0.8166666666666667,0.55,0.9,0.6,0.41759648323059084,0.0017290592193603515
,2.15443,0.7,50,0.79,0.11860297916438133,262,0.8166666666666667,0.9166666666666667,0.7166666666666667,0.9,0.6,0.42185125350952146,0.0016947746276855468
,2.15443,0.9,5,0.7233333333333334,0.07423685817106691,405,0.7166666666666667,0.7333333333333334,0.7333333333333334,0.8333333333333333,0.6000000000000001,0.4639704704284668,0.001668834686279297
,2.15443,0.9,10,0.7933333333333333,0.1083205120618128,238,1.0,0.7333333333333334,0.7333333333333334,0.8,0.7,0.4621568202972412,0.0016536235809326172
,2.15443,0.9,20,0.8099999999999999,0.16179548132682134,131,1.0,0.9166666666666667,0.6333333333333333,0.9,0.6,0.4652132511138916,0.0016875267028808594
,2.15443,0.9,50,0.8099999999999999,0.14165686240583852,131,1.0,0.9166666666666667,0.7166666666666667,0.8166666666666667,0.6,0.4646171569824219,0.0016798973083496094
,7.74264,0.1,5,0.6466666666666667,0.10077477638553985,513,0.7333333333333334,0.55,0.7333333333333334,0.7166666666666667,0.5,0.29109206199646,0.0017460346221923827
,7.74264,0.1,10,0.7466666666666667,0.16944353369518447,372,1.0,0.8,0.6333333333333333,0.8,0.5,0.2915823936462402,0.0016813278198242188
,7.74264,0.1,20,0.7899999999999999,0.15549205052920803,267,1.0,0.9166666666666667,0.6333333333333333,0.8,0.6,0.2918660640716553,0.0016787052154541016
,7.74264,0.1,50,0.8066666666666666,0.12675435561221032,191,0.9,0.9166666666666667,0.7166666666666667,0.9,0.6,0.2892741680145264,0.0017000198364257812
,7.74264,0.3,5,0.6033333333333333,0.14659088951530683,533,0.7166666666666667,0.45,0.7333333333333334,0.7166666666666667,0.4,0.47049636840820314,0.0016633033752441405
,7.74264,0.3,10,0.7166666666666666,0.14220486005134364,413,0.9166666666666667,0.7333333333333334,0.6333333333333333,0.8,0.5,0.47240433692932127,0.0016761302947998046
,7.74264,0.3,20,0.8266666666666665,0.14628738838327796,72,1.0,0.9166666666666667,0.7166666666666667,0.9,0.6,0.46947789192199707,0.0016779899597167969
,7.74264,0.3,50,0.8100000000000002,0.08981462390204989,122,0.9,0.9166666666666667,0.7166666666666667,0.8166666666666667,0.7,0.4732078552246094,0.0016836166381835938
,7.74264,0.5,5,0.7266666666666668,0.15797327481430382,395,0.9166666666666667,0.45,0.7333333333333334,0.8333333333333333,0.7,0.5392882347106933,0.0016703605651855469
,7.74264,0.5,10,0.7166666666666666,0.14220486005134364,413,0.9166666666666667,0.7333333333333334,0.6333333333333333,0.8,0.5,0.5404717922210693,0.001664447784423828
,7.74264,0.5,20,0.8266666666666665,0.14628738838327796,72,1.0,0.9166666666666667,0.7166666666666667,0.9,0.6,0.5386958122253418,0.0016784191131591797
,7.74264,0.5,50,0.8300000000000001,0.07257180352359083,31,0.9,0.9166666666666667,0.7166666666666667,0.8166666666666667,0.8,0.5409221649169922,0.001724576950073242
,7.74264,0.7,5,0.6733333333333332,0.12675435561221027,477,0.75,0.55,0.7333333333333334,0.8333333333333333,0.5,0.5843393325805664,0.0016754627227783202
,7.74264,0.7,10,0.7766666666666666,0.11234866364235148,302,0.9166666666666667,0.7333333333333334,0.6333333333333333,0.9,0.7,0.5884646892547607,0.0016829013824462891
,7.74264,0.7,20,0.8266666666666665,0.14628738838327796,72,1.0,0.9166666666666667,0.7166666666666667,0.9,0.6,0.5879924297332764,0.001661062240600586
,7.74264,0.7,50,0.7900000000000001,0.11860297916438133,247,0.9,0.9166666666666667,0.7166666666666667,0.8166666666666667,0.6,0.5875028610229492,0.0016707897186279297
,7.74264,0.9,5,0.7100000000000001,0.11718930554164626,436,0.8333333333333333,0.55,0.7333333333333334,0.8333333333333333,0.6000000000000001,0.7199807643890381,0.0016780853271484374
,7.74264,0.9,10,0.7366666666666666,0.09910712498212337,380,0.8333333333333333,0.8166666666666667,0.6333333333333333,0.8,0.6,0.7211612701416016,0.0016690731048583985
,7.74264,0.9,20,0.8099999999999999,0.16179548132682134,131,1.0,0.9166666666666667,0.6333333333333333,0.9,0.6,0.7221922874450684,0.0016636848449707031
,7.74264,0.9,50,0.7900000000000001,0.11860297916438133,247,0.9,0.9166666666666667,0.7166666666666667,0.8166666666666667,0.6,0.7221043109893799,0.0016463279724121093
,27.8256,0.1,5,0.6666666666666667,0.1233783701554783,483,0.8333333333333333,0.55,0.7333333333333334,0.7166666666666667,0.5,0.29331178665161134,0.0016875743865966796
,27.8256,0.1,10,0.7866666666666666,0.12927146286443544,285,1.0,0.8,0.7333333333333334,0.8,0.6,0.29352750778198244,0.0016846179962158204
,27.8256,0.1,20,0.7899999999999999,0.15549205052920803,267,1.0,0.9166666666666667,0.6333333333333333,0.8,0.6,0.2934398174285889,0.0016901016235351563
,27.8256,0.1,50,0.8066666666666666,0.12675435561221032,191,0.9,0.9166666666666667,0.7166666666666667,0.9,0.6,0.29142398834228517,0.001658010482788086
,27.8256,0.3,5,0.6466666666666667,0.10077477638553985,513,0.7333333333333334,0.55,0.7333333333333334,0.7166666666666667,0.5,0.42517991065979005,0.0018004417419433595
,27.8256,0.3,10,0.7466666666666667,0.16944353369518447,372,1.0,0.8,0.6333333333333333,0.8,0.5,0.42430386543273924,0.001660633087158203
,27.8256,0.3,20,0.7899999999999999,0.15549205052920803,267,1.0,0.9166666666666667,0.6333333333333333,0.8,0.6,0.42313556671142577,0.001678609848022461
,27.8256,0.3,50,0.8266666666666665,0.14628738838327796,72,1.0,0.9166666666666667,0.7166666666666667,0.9,0.6,0.426282262802124,0.0016567707061767578
,27.8256,0.5,5,0.6466666666666667,0.10077477638553985,513,0.7333333333333334,0.55,0.7333333333333334,0.7166666666666667,0.5,0.6258059978485108,0.0016789436340332031
,27.8256,0.5,10,0.75,0.1605545943838973,371,0.9166666666666667,0.9,0.6333333333333333,0.8,0.5,0.6270748138427734,0.0016695022583007812
,27.8256,0.5,20,0.8099999999999999,0.16179548132682134,131,1.0,0.9166666666666667,0.6333333333333333,0.9,0.6,0.626127052307129,0.001647806167602539
,27.8256,0.5,50,0.8100000000000002,0.08981462390204989,122,0.9,0.9166666666666667,0.7166666666666667,0.8166666666666667,0.7,0.6269829750061036,0.001661396026611328
,27.8256,0.7,5,0.6033333333333333,0.14659088951530683,533,0.7166666666666667,0.45,0.7333333333333334,0.7166666666666667,0.4,0.6776034355163574,0.0016750335693359376
,27.8256,0.7,10,0.7166666666666666,0.14220486005134364,413,0.9166666666666667,0.7333333333333334,0.6333333333333333,0.8,0.5,0.6780874252319335,0.0016542434692382812
,27.8256,0.7,20,0.8266666666666665,0.14628738838327796,72,1.0,0.9166666666666667,0.7166666666666667,0.9,0.6,0.677957820892334,0.0016677379608154297
,27.8256,0.7,50,0.7700000000000001,0.12083045973594574,319,0.9,0.9166666666666667,0.7166666666666667,0.7166666666666667,0.6,0.6785108566284179,0.0016767501831054688
,27.8256,0.9,5,0.6866666666666668,0.1829996964174774,465,0.9166666666666667,0.45,0.7333333333333334,0.8333333333333333,0.5,0.7373194217681884,0.0016863822937011718
,27.8256,0.9,10,0.6966666666666665,0.17461067804945063,456,0.9166666666666667,0.7333333333333334,0.6333333333333333,0.8,0.4,0.7329628467559814,0.001674509048461914
,27.8256,0.9,20,0.8266666666666665,0.14628738838327796,72,1.0,0.9166666666666667,0.7166666666666667,0.9,0.6,0.7336617946624756,0.0016739368438720703
,27.8256,0.9,50,0.7900000000000001,0.11860297916438133,247,0.9,0.9166666666666667,0.7166666666666667,0.8166666666666667,0.6,0.7367670059204101,0.0016676902770996094
,100.0,0.1,5,0.6666666666666667,0.1233783701554783,483,0.8333333333333333,0.55,0.7333333333333334,0.7166666666666667,0.5,0.34287090301513673,0.0016744613647460937
,100.0,0.1,10,0.8066666666666666,0.13727506854649335,191,1.0,0.8,0.7333333333333334,0.9,0.6,0.34403443336486816,0.0016534805297851562
,100.0,0.1,20,0.7899999999999999,0.15549205052920803,267,1.0,0.9166666666666667,0.6333333333333333,0.8,0.6,0.34440293312072756,0.0016796112060546875
,100.0,0.1,50,0.8066666666666666,0.12675435561221032,191,0.9,0.9166666666666667,0.7166666666666667,0.9,0.6,0.3437756061553955,0.0016735076904296875
,100.0,0.3,5,0.6666666666666667,0.1233783701554783,483,0.8333333333333333,0.55,0.7333333333333334,0.7166666666666667,0.5,0.35494747161865237,0.0016731739044189454
,100.0,0.3,10,0.8066666666666666,0.13727506854649335,191,1.0,0.8,0.7333333333333334,0.9,0.6,0.3552391052246094,0.0016564369201660157
,100.0,0.3,20,0.7899999999999999,0.15549205052920803,267,1.0,0.9166666666666667,0.6333333333333333,0.8,0.6,0.3564597129821777,0.0016762256622314454
,100.0,0.3,50,0.8066666666666666,0.12675435561221032,191,0.9,0.9166666666666667,0.7166666666666667,0.9,0.6,0.35544843673706056,0.0017868995666503907
,100.0,0.5,5,0.6633333333333333,0.11897712198383165,495,0.8166666666666667,0.55,0.7333333333333334,0.7166666666666667,0.5,0.3818970680236816,0.0016763687133789062
,100.0,0.5,10,0.7866666666666666,0.12927146286443544,285,1.0,0.8,0.7333333333333334,0.8,0.6,0.38061676025390623,0.0016815185546875
,100.0,0.5,20,0.7899999999999999,0.15549205052920803,267,1.0,0.9166666666666667,0.6333333333333333,0.8,0.6,0.3817833423614502,0.0017316341400146484
,100.0,0.5,50,0.8066666666666666,0.12675435561221032,191,0.9,0.9166666666666667,0.7166666666666667,0.9,0.6,0.38322811126708983,0.0016854763031005859
,100.0,0.7,5,0.6633333333333333,0.11897712198383165,495,0.8166666666666667,0.55,0.7333333333333334,0.7166666666666667,0.5,0.42108473777770994,0.001668548583984375
,100.0,0.7,10,0.7666666666666666,0.16055459438389727,332,1.0,0.8,0.7333333333333334,0.8,0.5,0.42232184410095214,0.001690053939819336
,100.0,0.7,20,0.7899999999999999,0.15549205052920803,267,1.0,0.9166666666666667,0.6333333333333333,0.8,0.6,0.42366995811462405,0.0016904830932617187
,100.0,0.7,50,0.8066666666666666,0.12675435561221032,191,0.9,0.9166666666666667,0.7166666666666667,0.9,0.6,0.4210833549499512,0.0016547203063964843
,100.0,0.9,5,0.6633333333333333,0.11897712198383165,495,0.8166666666666667,0.55,0.7333333333333334,0.7166666666666667,0.5,0.48602948188781736,0.001665210723876953
,100.0,0.9,10,0.7466666666666667,0.16944353369518447,372,1.0,0.8,0.6333333333333333,0.8,0.5,0.48439621925354004,0.0016615867614746093
,100.0,0.9,20,0.7899999999999999,0.15549205052920803,267,1.0,0.9166666666666667,0.6333333333333333,0.8,0.6,0.4839937686920166,0.0016669750213623047
,100.0,0.9,50,0.8266666666666665,0.14628738838327796,72,1.0,0.9166666666666667,0.7166666666666667,0.9,0.6,0.48489971160888673,0.0017047882080078124
0.1,0.001,0.1,5,0.53,0.05312459150169742,593,0.5833333333333334,0.4666666666666667,0.5166666666666667,0.48333333333333334,0.6,0.003517913818359375,0.001499176025390625
0.1,0.001,0.1,10,0.53,0.04,593,0.5666666666666667,0.4666666666666667,0.55,0.5666666666666667,0.5,0.0034505367279052735,0.001499176025390625
0.1,0.001,0.1,20,0.45666666666666667,0.10143416036468629,769,0.48333333333333334,0.2833333333333333,0.45,0.4666666666666667,0.6000000000000001,0.0035039424896240235,0.001477956771850586
0.1,0.001,0.1,50,0.5733333333333334,0.18427033281447003,542,0.5666666666666667,0.3666666666666667,0.43333333333333335,0.9,0.6000000000000001,0.003417348861694336,0.0015072822570800781
0.1,0.001,0.3,5,0.53,0.05312459150169742,593,0.5833333333333334,0.4666666666666667,0.5166666666666667,0.48333333333333334,0.6,0.0034084320068359375,0.001479768753051758
0.1,0.001,0.3,10,0.53,0.04,593,0.5666666666666667,0.4666666666666667,0.55,0.5666666666666667,0.5,0.00346989631652832,0.001490020751953125
0.1,0.001,0.3,20,0.45666666666666667,0.10143416036468629,769,0.48333333333333334,0.2833333333333333,0.45,0.4666666666666667,0.6000000000000001,0.0033556461334228516,0.0015154361724853515
0.1,0.001,0.3,50,0.5733333333333334,0.18427033281447003,542,0.5666666666666667,0.3666666666666667,0.43333333333333335,0.9,0.6000000000000001,0.003393220901489258,0.0014983654022216798
0.1,0.001,0.5,5,0.53,0.05312459150169742,593,0.5833333333333334,0.4666666666666667,0.5166666666666667,0.48333333333333334,0.6,0.0033872127532958984,0.0014696121215820312
0.1,0.001,0.5,10,0.53,0.04,593,0.5666666666666667,0.4666666666666667,0.55,0.5666666666666667,0.5,0.003445291519165039,0.0014707565307617188
0.1,0.001,0.5,20,0.45666666666666667,0.10143416036468629,769,0.48333333333333334,0.2833333333333333,0.45,0.4666666666666667,0.6000000000000001,0.0034492015838623047,0.0014695167541503907
0.1,0.001,0.5,50,0.5733333333333334,0.18427033281447003,542,0.5666666666666667,0.3666666666666667,0.43333333333333335,0.9,0.6000000000000001,0.0033485889434814453,0.001454782485961914
0.1,0.001,0.7,5,0.53,0.05312459150169742,593,0.5833333333333334,0.4666666666666667,0.5166666666666667,0.48333333333333334,0.6,0.0033813953399658204,0.0014856815338134765
0.1,0.001,0.7,10,0.53,0.04,593,0.5666666666666667,0.4666666666666667,0.55,0.5666666666666667,0.5,0.003409147262573242,0.0015395164489746093
0.1,0.001,0.7,20,0.45666666666666667,0.10143416036468629,769,0.48333333333333334,0.2833333333333333,0.45,0.4666666666666667,0.6000000000000001,0.003381633758544922,0.0014490604400634766
0.1,0.001,0.7,50,0.5733333333333334,0.18427033281447003,542,0.5666666666666667,0.3666666666666667,0.43333333333333335,0.9,0.6000000000000001,0.0034513473510742188,0.001482677459716797
0.1,0.001,0.9,5,0.53,0.05312459150169742,593,0.5833333333333334,0.4666666666666667,0.5166666666666667,0.48333333333333334,0.6,0.0034021377563476563,0.001472139358520508
0.1,0.001,0.9,10,0.53,0.04,593,0.5666666666666667,0.4666666666666667,0.55,0.5666666666666667,0.5,0.0034857749938964843,0.0014915943145751953
0.1,0.001,0.9,20,0.45666666666666667,0.10143416036468629,769,0.48333333333333334,0.2833333333333333,0.45,0.4666666666666667,0.6000000000000001,0.0034467220306396485,0.0014727115631103516
0.1,0.001,0.9,50,0.5733333333333334,0.18427033281447003,542,0.5666666666666667,0.3666666666666667,0.43333333333333335,0.9,0.6000000000000001,0.003433084487915039,0.0014679908752441406
0.1,0.00359381,0.1,5,0.53,0.05312459150169742,593,0.5833333333333334,0.4666666666666667,0.5166666666666667,0.48333333333333334,0.6,0.0034829139709472655,0.0014574050903320313
0.1,0.00359381,0.1,10,0.53,0.04,593,0.5666666666666667,0.4666666666666667,0.55,0.5666666666666667,0.5,0.0035493850708007814,0.0014703750610351562
0.1,0.00359381,0.1,20,0.45666666666666667,0.10143416036468629,769,0.48333333333333334,0.2833333333333333,0.45,0.4666666666666667,0.6000000000000001,0.003528928756713867,0.0014762401580810547
0.1,0.00359381,0.1,50,0.5733333333333334,0.18427033281447003,542,0.5666666666666667,0.3666666666666667,0.43333333333333335,0.9,0.6000000000000001,0.0035782337188720705,0.001480245590209961
0.1,0.00359381,0.3,5,0.53,0.05312459150169742,593,0.5833333333333334,0.4666666666666667,0.5166666666666667,0.48333333333333334,0.6,0.0034368038177490234,0.0014873027801513671
0.1,0.00359381,0.3,10,0.53,0.04,593,0.5666666666666667,0.4666666666666667,0.55,0.5666666666666667,0.5,0.0034437179565429688,0.0014885902404785157
0.1,0.00359381,0.3,20,0.45666666666666667,0.10143416036468629,769,0.48333333333333334,0.2833333333333333,0.45,0.4666666666666667,0.6000000000000001,0.003404092788696289,0.0014841556549072266
0.1,0.00359381,0.3,50,0.5733333333333334,0.18427033281447003,542,0.5666666666666667,0.3666666666666667,0.43333333333333335,0.9,0.6000000000000001,0.003421926498413086,0.0014534473419189453
0.1,0.00359381,0.5,5,0.53,0.05312459150169742,593,0.5833333333333334,0.4666666666666667,0.5166666666666667,0.48333333333333334,0.6,0.003386688232421875,0.001448345184326172
0.1,0.00359381,0.5,10,0.53,0.04,593,0.5666666666666667,0.4666666666666667,0.55,0.5666666666666667,0.5,0.0033617496490478517,0.0014670848846435546
0.1,0.00359381,0.5,20,0.45666666666666667,0.10143416036468629,769,0.48333333333333334,0.2833333333333333,0.45,0.4666666666666667,0.6000000000000001,0.0034238815307617186,0.0014484882354736327
0.1,0.00359381,0.5,50,0.5733333333333334,0.18427033281447003,542,0.5666666666666667,0.3666666666666667,0.43333333333333335,0.9,0.6000000000000001,0.0034006595611572265,0.0014778614044189454
0.1,0.00359381,0.7,5,0.53,0.05312459150169742,593,0.5833333333333334,0.4666666666666667,0.5166666666666667,0.48333333333333334,0.6,0.003406047821044922,0.0014949798583984374
0.1,0.00359381,0.7,10,0.53,0.04,593,0.5666666666666667,0.4666666666666667,0.55,0.5666666666666667,0.5,0.0034131526947021483,0.001471567153930664
0.1,0.00359381,0.7,20,0.45666666666666667,0.10143416036468629,769,0.48333333333333334,0.2833333333333333,0.45,0.4666666666666667,0.6000000000000001,0.0033904552459716798,0.001436901092529297
0.1,0.00359381,0.7,50,0.5733333333333334,0.18427033281447003,542,0.5666666666666667,0.3666666666666667,0.43333333333333335,0.9,0.6000000000000001,0.003500223159790039,0.0014801025390625
0.1,0.00359381,0.9,5,0.53,0.05312459150169742,593,0.5833333333333334,0.4666666666666667,0.5166666666666667,0.48333333333333334,0.6,0.0033698081970214844,0.0014871597290039063
0.1,0.00359381,0.9,10,0.53,0.04,593,0.5666666666666667,0.4666666666666667,0.55,0.5666666666666667,0.5,0.0032602787017822266,0.0014187812805175782
0.1,0.00359381,0.9,20,0.45666666666666667,0.10143416036468629,769,0.48333333333333334,0.2833333333333333,0.45,0.4666666666666667,0.6000000000000001,0.0034506797790527345,0.001458454132080078
0.1,0.00359381,0.9,50,0.5733333333333334,0.18427033281447003,542,0.5666666666666667,0.3666666666666667,0.43333333333333335,0.9,0.6000000000000001,0.003524017333984375,0.0014923572540283202
0.1,0.0129155,0.1,5,0.71,0.11284207253207172,440,0.7166666666666667,0.7166666666666667,0.8166666666666667,0.8,0.5,0.012141275405883788,0.0014695167541503907
0.1,0.0129155,0.1,10,0.8033333333333333,0.10974718422102886,228,0.9,0.9,0.8166666666666667,0.8,0.6,0.012282705307006836,0.001529550552368164
0.1,0.0129155,0.1,20,0.7833333333333333,0.11450376024878448,294,0.9,0.9,0.7166666666666667,0.8,0.6,0.012267303466796876,0.0014964580535888673
0.1,0.0129155,0.1,50,0.7566666666666667,0.10033277962194942,351,0.9,0.75,0.8166666666666667,0.7166666666666667,0.6,0.012338781356811523,0.0014911651611328124
0.1,0.0129155,0.3,5,0.53,0.05312459150169742,593,0.5833333333333334,0.4666666666666667,0.5166666666666667,0.48333333333333334,0.6,0.0039786815643310545,0.0015680789947509766
0.1,0.0129155,0.3,10,0.53,0.04,593,0.5666666666666667,0.4666666666666667,0.55,0.5666666666666667,0.5,0.003914403915405274,0.0014719486236572266
0.1,0.0129155,0.3,20,0.45666666666666667,0.10143416036468629,769,0.48333333333333334,0.2833333333333333,0.45,0.4666666666666667,0.6000000000000001,0.003991222381591797,0.0014916419982910155
0.1,0.0129155,0.3,50,0.5733333333333334,0.18427033281447003,542,0.5666666666666667,0.3666666666666667,0.43333333333333335,0.9,0.6000000000000001,0.004056596755981445,0.0014894485473632812
0.1,0.0129155,0.5,5,0.53,0.05312459150169742,593,0.5833333333333334,0.4666666666666667,0.5166666666666667,0.48333333333333334,0.6,0.003461790084838867,0.0014969825744628907
0.1,0.0129155,0.5,10,0.53,0.04,593,0.5666666666666667,0.4666666666666667,0.55,0.5666666666666667,0.5,0.0034610271453857423,0.001483011245727539
0.1,0.0129155,0.5,20,0.45666666666666667,0.10143416036468629,769,0.48333333333333334,0.2833333333333333,0.45,0.4666666666666667,0.6000000000000001,0.003456306457519531,0.0014681339263916016
0.1,0.0129155,0.5,50,0.5733333333333334,0.18427033281447003,542,0.5666666666666667,0.3666666666666667,0.43333333333333335,0.9,0.6000000000000001,0.0035245418548583984,0.001493215560913086
0.1,0.0129155,0.7,5,0.53,0.05312459150169742,593,0.5833333333333334,0.4666666666666667,0.5166666666666667,0.48333333333333334,0.6,0.003466796875,0.0014702796936035157
0.1,0.0129155,0.7,10,0.53,0.04,593,0.5666666666666667,0.4666666666666667,0.55,0.5666666666666667,0.5,0.003469038009643555,0.001494121551513672
0.1,0.0129155,0.7,20,0.45666666666666667,0.10143416036468629,769,0.48333333333333334,0.2833333333333333,0.45,0.4666666666666667,0.6000000000000001,0.003483438491821289,0.0015557765960693359
0.1,0.0129155,0.7,50,0.5733333333333334,0.18427033281447003,542,0.5666666666666667,0.3666666666666667,0.43333333333333335,0.9,0.6000000000000001,0.0034817218780517577,0.0015059471130371093
0.1,0.0129155,0.9,5,0.53,0.05312459150169742,593,0.5833333333333334,0.4666666666666667,0.5166666666666667,0.48333333333333334,0.6,0.00341644287109375,0.0015011310577392578
0.1,0.0129155,0.9,10,0.53,0.04,593,0.5666666666666667,0.4666666666666667,0.55,0.5666666666666667,0.5,0.0034437179565429688,0.0014830589294433593
0.1,0.0129155,0.9,20,0.45666666666666667,0.10143416036468629,769,0.48333333333333334,0.2833333333333333,0.45,0.4666666666666667,0.6000000000000001,0.0035440921783447266,0.001493978500366211
0.1,0.0129155,0.9,50,0.5733333333333334,0.18427033281447003,542,0.5666666666666667,0.3666666666666667,0.43333333333333335,0.9,0.6000000000000001,0.0034819126129150392,0.0014902114868164062
0.1,0.0464159,0.1,5,0.7133333333333333,0.1132352516764202,429,0.8166666666666667,0.7166666666666667,0.7333333333333334,0.8,0.5,0.023179960250854493,0.001495361328125
0.1,0.0464159,0.1,10,0.7899999999999999,0.15549205052920803,267,1.0,0.9166666666666667,0.6333333333333333,0.8,0.6,0.023347234725952147,0.001528453826904297
0.1,0.0464159,0.1,20,0.8066666666666666,0.14165686240583852,191,1.0,0.9166666666666667,0.7166666666666667,0.8,0.6,0.023610639572143554,0.0015473365783691406
0.1,0.0464159,0.1,50,0.8466666666666667,0.11803954139750518,10,1.0,0.9166666666666667,0.7166666666666667,0.9,0.7,0.02317156791687012,0.0015172481536865235
0.1,0.0464159,0.3,5,0.7666666666666666,0.1622754859285078,332,1.0,0.7166666666666667,0.8166666666666667,0.8,0.5,0.025194740295410155,0.0014865398406982422
0.1,0.0464159,0.3,10,0.7500000000000001,0.11450376024878449,369,0.9,0.8166666666666667,0.6333333333333333,0.8,0.6,0.025250053405761717,0.001519632339477539
0.1,0.0464159,0.3,20,0.7833333333333333,0.11450376024878448,294,0.9,0.9,0.7166666666666667,0.8,0.6,0.025246810913085938,0.0015029430389404297
0.1,0.0464159,0.3,50,0.8066666666666666,0.1392838827718412,191,0.9,1.0,0.8166666666666667,0.7166666666666667,0.6,0.0251800537109375,0.0015106678009033203
0.1,0.0464159,0.5,5,0.56,0.11382247385975916,590,0.6166666666666667,0.48333333333333334,0.7333333333333334,0.5666666666666667,0.4,0.02010798454284668,0.0014921665191650391
0.1,0.0464159,0.5,10,0.7300000000000001,0.0498887651569859,392,0.7333333333333334,0.6666666666666666,0.8166666666666667,0.7333333333333334,0.7,0.02019081115722656,0.001503324508666992
0.1,0.0464159,0.5,20,0.6899999999999998,0.0679869268479038,462,0.6333333333333333,0.6666666666666666,0.8166666666666667,0.6333333333333333,0.7,0.020271921157836915,0.0015080928802490234
0.1,0.0464159,0.5,50,0.7366666666666667,0.08524474568362947,379,0.8,0.65,0.8166666666666667,0.6166666666666667,0.8,0.020367145538330078,0.001516103744506836
0.1,0.0464159,0.7,5,0.53,0.05312459150169742,593,0.5833333333333334,0.4666666666666667,0.5166666666666667,0.48333333333333334,0.6,0.004687118530273438,0.001502656936645508
0.1,0.0464159,0.7,10,0.53,0.04,593,0.5666666666666667,0.4666666666666667,0.55,0.5666666666666667,0.5,0.00473179817199707,0.0015029430389404297
0.1,0.0464159,0.7,20,0.45666666666666667,0.10143416036468629,769,0.48333333333333334,0.2833333333333333,0.45,0.4666666666666667,0.6000000000000001,0.004739522933959961,0.001508808135986328
0.1,0.0464159,0.7,50,0.5733333333333334,0.18427033281447003,542,0.5666666666666667,0.3666666666666667,0.43333333333333335,0.9,0.6000000000000001,0.004706239700317383,0.001515960693359375
0.1,0.0464159,0.9,5,0.53,0.05312459150169742,593,0.5833333333333334,0.4666666666666667,0.5166666666666667,0.48333333333333334,0.6,0.004266119003295899,0.0014999866485595702
0.1,0.0464159,0.9,10,0.53,0.04,593,0.5666666666666667,0.4666666666666667,0.55,0.5666666666666667,0.5,0.004375314712524414,0.0014885425567626952
0.1,0.0464159,0.9,20,0.45666666666666667,0.10143416036468629,769,0.48333333333333334,0.2833333333333333,0.45,0.4666666666666667,0.6000000000000001,0.004268646240234375,0.0014997482299804687
0.1,0.0464159,0.9,50,0.5733333333333334,0.18427033281447003,542,0.5666666666666667,0.3666666666666667,0.43333333333333335,0.9,0.6000000000000001,0.004226541519165039,0.0014741897583007812
0.1,0.16681,0.1,5,0.6233333333333333,0.12229290885229428,529,0.7166666666666667,0.45,0.7333333333333334,0.7166666666666667,0.5,0.052398300170898436,0.001528024673461914
0.1,0.16681,0.1,10,0.77,0.10614455552060441,322,0.9166666666666667,0.8166666666666667,0.7166666666666667,0.8,0.6,0.05266580581665039,0.0015354633331298828
0.1,0.16681,0.1,20,0.8266666666666668,0.11575836902790228,62,1.0,0.9166666666666667,0.7166666666666667,0.8,0.7,0.05230216979980469,0.0014968395233154296
0.1,0.16681,0.1,50,0.8300000000000001,0.11224972160321824,31,1.0,0.9166666666666667,0.7166666666666667,0.7166666666666667,0.8,0.05213074684143067,0.0015501976013183594
0.1,0.16681,0.3,5,0.6900000000000001,0.08919392106839766,460,0.8333333333333333,0.5666666666666667,0.6333333333333333,0.7166666666666667,0.7,0.05900731086730957,0.0015358924865722656
0.1,0.16681,0.3,10,0.7966666666666666,0.1117536974282681,232,0.9166666666666667,0.8333333333333333,0.6333333333333333,0.9,0.7,0.059220743179321286,0.0015516281127929688
0.1,0.16681,0.3,20,0.8066666666666666,0.14165686240583852,191,1.0,0.9166666666666667,0.7166666666666667,0.8,0.6,0.05938091278076172,0.0015527725219726563
0.1,0.16681,0.3,50,0.8099999999999999,0.14165686240583852,131,1.0,0.9166666666666667,0.7166666666666667,0.8166666666666667,0.6,0.05919127464294434,0.0015727519989013673
0.1,0.16681,0.5,5,0.6833333333333333,0.10903618155864084,469,0.8166666666666667,0.75,0.6333333333333333,0.7166666666666667,0.5,0.06259670257568359,0.0015248775482177735
0.1,0.16681,0.5,10,0.8099999999999999,0.1348249894410446,131,1.0,0.9166666666666667,0.6333333333333333,0.8,0.7,0.062302589416503906,0.0014955520629882813
0.1,0.16681,0.5,20,0.8066666666666669,0.08981462390204989,189,0.9,0.9166666666666667,0.7166666666666667,0.8,0.7,0.06233692169189453,0.0015377044677734376
0.1,0.16681,0.5,50,0.7899999999999999,0.13232955494186138,267,1.0,0.8333333333333333,0.7166666666666667,0.8,0.6,0.06228747367858887,0.001510763168334961
0.1,0.16681,0.7,5,0.6633333333333333,0.10402991022884824,495,0.8166666666666667,0.65,0.6333333333333333,0.7166666666666667,0.5,0.0720283031463623,0.0015306472778320312
0.1,0.16681,0.7,10,0.8299999999999998,0.1240071682515885,55,1.0,0.9166666666666667,0.6333333333333333,0.8,0.8,0.07223749160766602,0.0015628814697265625
0.1,0.16681,0.7,20,0.7733333333333333,0.10780641085864154,306,0.8333333333333333,0.9166666666666667,0.7166666666666667,0.8,0.6,0.07216291427612305,0.0015592098236083985
0.1,0.16681,0.7,50,0.7900000000000001,0.11860297916438133,247,0.9,0.9166666666666667,0.8166666666666667,0.7166666666666667,0.6,0.0719377040863037,0.0015658855438232422
0.1,0.16681,0.9,5,0.7933333333333333,0.13274871834493251,238,1.0,0.8333333333333333,0.8166666666666667,0.7166666666666667,0.6,0.06994752883911133,0.001561880111694336
0.1,0.16681,0.9,10,0.79,0.12183777921664712,262,1.0,0.7166666666666667,0.6333333333333333,0.8,0.8,0.06989293098449707,0.001538705825805664
0.1,0.16681,0.9,20,0.77,0.10614455552060441,322,0.8166666666666667,0.9166666666666667,0.7166666666666667,0.8,0.6,0.07007265090942383,0.0015493869781494141
0.1,0.16681,0.9,50,0.7533333333333334,0.10077477638553985,357,0.9,0.7333333333333334,0.8166666666666667,0.7166666666666667,0.6,0.06977839469909668,0.001543712615966797
0.1,0.599484,0.1,5,0.6733333333333333,0.0873053390247253,473,0.7166666666666667,0.7,0.7333333333333334,0.7166666666666667,0.5,0.11903915405273438,0.001599884033203125
0.1,0.599484,0.1,10,0.7166666666666666,0.14220486005134364,413,0.9166666666666667,0.7333333333333334,0.6333333333333333,0.8,0.5,0.11932778358459473,0.0016217708587646484
0.1,0.599484,0.1,20,0.8266666666666665,0.14628738838327796,72,1.0,0.9166666666666667,0.7166666666666667,0.9,0.6,0.11820573806762695,0.0015476703643798827
0.1,0.599484,0.1,50,0.8300000000000001,0.07257180352359083,31,0.9,0.9166666666666667,0.7166666666666667,0.8166666666666667,0.8,0.11775364875793456,0.0015718460083007813
0.1,0.599484,0.3,5,0.7266666666666668,0.10143416036468623,395,0.8166666666666667,0.55,0.7333333333333334,0.8333333333333333,0.7,0.14083433151245117,0.0016418933868408204
0.1,0.599484,0.3,10,0.7533333333333334,0.11897712198383167,357,0.9166666666666667,0.8166666666666667,0.6333333333333333,0.8,0.6,0.1408371925354004,0.001632356643676758
0.1,0.599484,0.3,20,0.8266666666666665,0.14628738838327796,72,1.0,0.9166666666666667,0.7166666666666667,0.9,0.6,0.1405330181121826,0.0015958309173583984
0.1,0.599484,0.3,50,0.8266666666666668,0.0969535971483266,62,0.9,0.9166666666666667,0.7166666666666667,0.9,0.7,0.14016451835632324,0.001619577407836914
0.1,0.599484,0.5,5,0.7300000000000001,0.10456258094238743,392,0.8333333333333333,0.55,0.7333333333333334,0.8333333333333333,0.7,0.17024788856506348,0.0016504764556884766
0.1,0.599484,0.5,10,0.7733333333333333,0.1046687897873839,306,0.9166666666666667,0.8166666666666667,0.7333333333333334,0.8,0.6,0.17108078002929689,0.0016284942626953124
0.1,0.599484,0.5,20,0.8266666666666665,0.14628738838327796,72,1.0,0.9166666666666667,0.7166666666666667,0.9,0.6,0.16839852333068847,0.001645517349243164
0.1,0.599484,0.5,50,0.7900000000000001,0.11860297916438133,247,0.9,0.9166666666666667,0.7166666666666667,0.8166666666666667,0.6,0.17017574310302735,0.0016511440277099609
0.1,0.599484,0.7,5,0.7266666666666668,0.06463573143221771,395,0.8333333333333333,0.7333333333333334,0.6333333333333333,0.7333333333333334,0.7,0.18159637451171876,0.00166015625
0.1,0.599484,0.7,10,0.8166666666666667,0.05374838498865698,116,0.8333333333333333,0.8166666666666667,0.7333333333333334,0.9,0.8,0.18232150077819825,0.001661396026611328
0.1,0.599484,0.7,20,0.8266666666666665,0.14628738838327796,72,1.0,0.9166666666666667,0.7166666666666667,0.9,0.6,0.18186726570129394,0.0016461849212646485
0.1,0.599484,0.7,50,0.8300000000000001,0.11518101695447333,31,1.0,0.9166666666666667,0.7166666666666667,0.8166666666666667,0.7,0.182059907913208,0.0016797542572021484
0.1,0.599484,0.9,5,0.7433333333333334,0.046666666666666634,375,0.8333333333333333,0.7333333333333334,0.7166666666666667,0.7333333333333334,0.7,0.21660079956054687,0.0016199588775634766
0.1,0.599484,0.9,10,0.7566666666666666,0.04422166387140534,355,0.7333333333333334,0.8166666666666667,0.7333333333333334,0.8,0.7,0.2170564651489258,0.001646280288696289
0.1,0.599484,0.9,20,0.8266666666666665,0.14628738838327796,72,1.0,0.9166666666666667,0.7166666666666667,0.9,0.6,0.21736769676208495,0.0016394615173339843
0.1,0.599484,0.9,50,0.8099999999999999,0.14165686240583852,131,1.0,0.9166666666666667,0.7166666666666667,0.8166666666666667,0.6,0.2182021141052246,0.001748371124267578
0.1,2.15443,0.1,5,0.6433333333333333,0.09809292646374775,525,0.7166666666666667,0.55,0.7333333333333334,0.7166666666666667,0.5,0.2345491886138916,0.0016675949096679687
0.1,2.15443,0.1,10,0.7133333333333333,0.16034684627740928,429,0.9166666666666667,0.8,0.55,0.8,0.5,0.23271021842956544,0.0016713142395019531
0.1,2.15443,0.1,20,0.8099999999999999,0.16179548132682134,131,1.0,0.9166666666666667,0.6333333333333333,0.9,0.6,0.23260092735290527,0.00163116455078125
0.1,2.15443,0.1,50,0.8466666666666667,0.07702813338860896,10,0.9,0.9166666666666667,0.7166666666666667,0.9,0.8,0.23484086990356445,0.0016818523406982421
0.1,2.15443,0.3,5,0.71,0.14047538337136983,440,0.8333333333333333,0.45,0.7333333333333334,0.8333333333333333,0.7,0.298323917388916,0.0018102169036865235
0.1,2.15443,0.3,10,0.7366666666666666,0.11469767022723507,380,0.9166666666666667,0.7333333333333334,0.6333333333333333,0.8,0.6,0.29598312377929686,0.0016853809356689453
0.1,2.15443,0.3,20,0.8266666666666665,0.14628738838327796,72,1.0,0.9166666666666667,0.7166666666666667,0.9,0.6,0.29465584754943847,0.0016742706298828124
0.1,2.15443,0.3,50,0.8300000000000001,0.07257180352359083,31,0.9,0.9166666666666667,0.7166666666666667,0.8166666666666667,0.8,0.29684057235717776,0.0016771793365478516
0.1,2.15443,0.5,5,0.7066666666666668,0.1138224738597591,450,0.8166666666666667,0.55,0.7333333333333334,0.8333333333333333,0.6000000000000001,0.3421346664428711,0.0016654491424560546
0.1,2.15443,0.5,10,0.7533333333333334,0.11897712198383167,357,0.9166666666666667,0.8166666666666667,0.6333333333333333,0.8,0.6,0.34060068130493165,0.0015949249267578126
0.1,2.15443,0.5,20,0.8066666666666666,0.17907168024751058,191,1.0,0.9166666666666667,0.7166666666666667,0.9,0.5,0.34200248718261717,0.0016706466674804687
0.1,2.15443,0.5,50,0.8100000000000002,0.08981462390204989,122,0.9,0.9166666666666667,0.7166666666666667,0.8166666666666667,0.7,0.34343228340148924,0.0017001628875732422
0.1,2.15443,0.7,5,0.7633333333333334,0.08969082698049134,347,0.8333333333333333,0.8166666666666667,0.7333333333333334,0.8333333333333333,0.6000000000000001,0.4204705238342285,0.0016667366027832032
0.1,2.15443,0.7,10,0.7733333333333333,0.1046687897873839,306,0.9166666666666667,0.8166666666666667,0.7333333333333334,0.8,0.6,0.42360334396362304,0.0016802310943603515
0.1,2.15443,0.7,20,0.7733333333333333,0.17275544693133252,306,1.0,0.8166666666666667,0.55,0.9,0.6,0.42203516960144044,0.0016986370086669923
0.1,2.15443,0.7,50,0.79,0.11860297916438133,262,0.8166666666666667,0.9166666666666667,0.7166666666666667,0.9,0.6,0.4343834400177002,0.0016253471374511718
0.1,2.15443,0.9,5,0.7233333333333334,0.07423685817106691,405,0.7166666666666667,0.7333333333333334,0.7333333333333334,0.8333333333333333,0.6000000000000001,0.4417549133300781,0.0015846729278564454
0.1,2.15443,0.9,10,0.7933333333333333,0.1083205120618128,238,1.0,0.7333333333333334,0.7333333333333334,0.8,0.7,0.4601621150970459,0.0016931056976318359
0.1,2.15443,0.9,20,0.8099999999999999,0.16179548132682134,131,1.0,0.9166666666666667,0.6333333333333333,0.9,0.6,0.458423376083374,0.001680898666381836
0.1,2.15443,0.9,50,0.8099999999999999,0.14165686240583852,131,1.0,0.9166666666666667,0.7166666666666667,0.8166666666666667,0.6,0.46111230850219725,0.0016856193542480469
0.1,7.74264,0.1,5,0.6466666666666667,0.10077477638553985,513,0.7333333333333334,0.55,0.7333333333333334,0.7166666666666667,0.5,0.28924055099487306,0.0016757488250732423
0.1,7.74264,0.1,10,0.7666666666666666,0.16055459438389727,332,1.0,0.8,0.7333333333333334,0.8,0.5,0.28922305107116697,0.0016823768615722655
0.1,7.74264,0.1,20,0.7899999999999999,0.15549205052920803,267,1.0,0.9166666666666667,0.6333333333333333,0.8,0.6,0.288636302947998,0.001680278778076172
0.1,7.74264,0.1,50,0.8066666666666666,0.12675435561221032,191,0.9,0.9166666666666667,0.7166666666666667,0.9,0.6,0.2866998195648193,0.0017387866973876953
0.1,7.74264,0.3,5,0.6033333333333333,0.14659088951530683,533,0.7166666666666667,0.45,0.7333333333333334,0.7166666666666667,0.4,0.4670266628265381,0.0016817569732666016
0.1,7.74264,0.3,10,0.7166666666666666,0.14220486005134364,413,0.9166666666666667,0.7333333333333334,0.6333333333333333,0.8,0.5,0.4679243564605713,0.001684856414794922
0.1,7.74264,0.3,20,0.8266666666666665,0.14628738838327796,72,1.0,0.9166666666666667,0.7166666666666667,0.9,0.6,0.4686020851135254,0.001682424545288086
0.1,7.74264,0.3,50,0.8100000000000002,0.08981462390204989,122,0.9,0.9166666666666667,0.7166666666666667,0.8166666666666667,0.7,0.4679715156555176,0.00167999267578125
0.1,7.74264,0.5,5,0.7266666666666668,0.15797327481430382,395,0.9166666666666667,0.45,0.7333333333333334,0.8333333333333333,0.7,0.542510986328125,0.0017375946044921875
0.1,7.74264,0.5,10,0.7166666666666666,0.14220486005134364,413,0.9166666666666667,0.7333333333333334,0.6333333333333333,0.8,0.5,0.5424595832824707,0.0016659736633300782
0.1,7.74264,0.5,20,0.8099999999999999,0.16179548132682134,131,1.0,0.9166666666666667,0.6333333333333333,0.9,0.6,0.5434047222137451,0.0016689300537109375
0.1,7.74264,0.5,50,0.8300000000000001,0.07257180352359083,31,0.9,0.9166666666666667,0.7166666666666667,0.8166666666666667,0.8,0.5430126667022706,0.0016732215881347656
0.1,7.74264,0.7,5,0.6733333333333332,0.12675435561221027,477,0.75,0.55,0.7333333333333334,0.8333333333333333,0.5,0.5847936630249023,0.0016713619232177734
0.1,7.74264,0.7,10,0.7733333333333333,0.13274871834493251,306,0.9166666666666667,0.8166666666666667,0.6333333333333333,0.9,0.6000000000000001,0.5852275371551514,0.0017674922943115234
0.1,7.74264,0.7,20,0.8266666666666665,0.14628738838327796,72,1.0,0.9166666666666667,0.7166666666666667,0.9,0.6,0.5853047847747803,0.0016871452331542968
0.1,7.74264,0.7,50,0.7900000000000001,0.11860297916438133,247,0.9,0.9166666666666667,0.7166666666666667,0.8166666666666667,0.6,0.5836581707000732,0.001668691635131836
0.1,7.74264,0.9,5,0.7100000000000001,0.11718930554164626,436,0.8333333333333333,0.55,0.7333333333333334,0.8333333333333333,0.6000000000000001,0.7201364994049072,0.0016908645629882812
0.1,7.74264,0.9,10,0.7366666666666666,0.09910712498212337,380,0.8333333333333333,0.8166666666666667,0.6333333333333333,0.8,0.6,0.7191582202911377,0.0016567707061767578
0.1,7.74264,0.9,20,0.8099999999999999,0.16179548132682134,131,1.0,0.9166666666666667,0.6333333333333333,0.9,0.6,0.7184219837188721,0.0016593456268310547
0.1,7.74264,0.9,50,0.7900000000000001,0.11860297916438133,247,0.9,0.9166666666666667,0.7166666666666667,0.8166666666666667,0.6,0.7158057212829589,0.0016878604888916015
0.1,27.8256,0.1,5,0.6666666666666667,0.1233783701554783,483,0.8333333333333333,0.55,0.7333333333333334,0.7166666666666667,0.5,0.29105267524719236,0.0016565799713134765
0.1,27.8256,0.1,10,0.7866666666666666,0.12927146286443544,285,1.0,0.8,0.7333333333333334,0.8,0.6,0.2908067226409912,0.0016736984252929688
0.1,27.8256,0.1,20,0.8099999999999999,0.16179548132682134,131,1.0,0.9166666666666667,0.6333333333333333,0.9,0.6,0.29096007347106934,0.0016891002655029298
0.1,27.8256,0.1,50,0.8066666666666666,0.12675435561221032,191,0.9,0.9166666666666667,0.7166666666666667,0.9,0.6,0.290666389465332,0.001687335968017578
0.1,27.8256,0.3,5,0.6466666666666667,0.10077477638553985,513,0.7333333333333334,0.55,0.7333333333333334,0.7166666666666667,0.5,0.42475070953369143,0.001710653305053711
0.1,27.8256,0.3,10,0.7666666666666666,0.16055459438389727,332,1.0,0.8,0.7333333333333334,0.8,0.5,0.42320880889892576,0.001680469512939453
0.1,27.8256,0.3,20,0.8099999999999999,0.16179548132682134,131,1.0,0.9166666666666667,0.6333333333333333,0.9,0.6,0.42192578315734863,0.001668262481689453
0.1,27.8256,0.3,50,0.8266666666666665,0.14628738838327796,72,1.0,0.9166666666666667,0.7166666666666667,0.9,0.6,0.4227424144744873,0.0016751766204833984
0.1,27.8256,0.5,5,0.6466666666666667,0.10077477638553985,513,0.7333333333333334,0.55,0.7333333333333334,0.7166666666666667,0.5,0.6290173053741455,0.001680469512939453
0.1,27.8256,0.5,10,0.7333333333333334,0.14794894014114768,386,0.9166666666666667,0.8166666666666667,0.6333333333333333,0.8,0.5,0.6269285678863525,0.0016992568969726562
0.1,27.8256,0.5,20,0.8099999999999999,0.16179548132682134,131,1.0,0.9166666666666667,0.6333333333333333,0.9,0.6,0.6289560794830322,0.0017191410064697266
0.1,27.8256,0.5,50,0.8100000000000002,0.08981462390204989,122,0.9,0.9166666666666667,0.7166666666666667,0.8166666666666667,0.7,0.623673677444458,0.0016711235046386718
0.1,27.8256,0.7,5,0.6033333333333333,0.14659088951530683,533,0.7166666666666667,0.45,0.7333333333333334,0.7166666666666667,0.4,0.6771125316619873,0.0016629695892333984
0.1,27.8256,0.7,10,0.7166666666666666,0.14220486005134364,413,0.9166666666666667,0.7333333333333334,0.6333333333333333,0.8,0.5,0.6758690357208252,0.0016721725463867188
0.1,27.8256,0.7,20,0.8266666666666665,0.14628738838327796,72,1.0,0.9166666666666667,0.7166666666666667,0.9,0.6,0.6762486934661865,0.0016836166381835938
0.1,27.8256,0.7,50,0.7700000000000001,0.12083045973594574,319,0.9,0.9166666666666667,0.7166666666666667,0.7166666666666667,0.6,0.6777125835418701,0.001811647415161133
0.1,27.8256,0.9,5,0.6866666666666668,0.1829996964174774,465,0.9166666666666667,0.45,0.7333333333333334,0.8333333333333333,0.5,0.7328438282012939,0.0017189979553222656
0.1,27.8256,0.9,10,0.6966666666666665,0.17461067804945063,456,0.9166666666666667,0.7333333333333334,0.6333333333333333,0.8,0.4,0.734766149520874,0.0017135143280029297
0.1,27.8256,0.9,20,0.8266666666666665,0.14628738838327796,72,1.0,0.9166666666666667,0.7166666666666667,0.9,0.6,0.7365152835845947,0.00173187255859375
0.1,27.8256,0.9,50,0.7900000000000001,0.11860297916438133,247,0.9,0.9166666666666667,0.7166666666666667,0.8166666666666667,0.6,0.7391355991363525,0.001750946044921875
0.1,100.0,0.1,5,0.6666666666666667,0.1233783701554783,483,0.8333333333333333,0.55,0.7333333333333334,0.7166666666666667,0.5,0.3442240715026855,0.0016826629638671876
0.1,100.0,0.1,10,0.8066666666666666,0.13727506854649335,191,1.0,0.8,0.7333333333333334,0.9,0.6,0.3434165000915527,0.0016904354095458984
0.1,100.0,0.1,20,0.8099999999999999,0.16179548132682134,131,1.0,0.9166666666666667,0.6333333333333333,0.9,0.6,0.3432003974914551,0.0016865730285644531
0.1,100.0,0.1,50,0.8066666666666666,0.12675435561221032,191,0.9,0.9166666666666667,0.7166666666666667,0.9,0.6,0.3433342456817627,0.0016858100891113282
0.1,100.0,0.3,5,0.6666666666666667,0.1233783701554783,483,0.8333333333333333,0.55,0.7333333333333334,0.7166666666666667,0.5,0.35445094108581543,0.0016790866851806641
0.1,100.0,0.3,10,0.8066666666666666,0.13727506854649335,191,1.0,0.8,0.7333333333333334,0.9,0.6,0.3548723220825195,0.0016825675964355468
0.1,100.0,0.3,20,0.8099999999999999,0.16179548132682134,131,1.0,0.9166666666666667,0.6333333333333333,0.9,0.6,0.3554678440093994,0.001692056655883789
0.1,100.0,0.3,50,0.8066666666666666,0.12675435561221032,191,0.9,0.9166666666666667,0.7166666666666667,0.9,0.6,0.3548101902008057,0.0017210006713867187
0.1,100.0,0.5,5,0.6633333333333333,0.11897712198383165,495,0.8166666666666667,0.55,0.7333333333333334,0.7166666666666667,0.5,0.38121533393859863,0.0016773700714111327
0.1,100.0,0.5,10,0.7866666666666666,0.12927146286443544,285,1.0,0.8,0.7333333333333334,0.8,0.6,0.38038158416748047,0.0016924381256103516
0.1,100.0,0.5,20,0.8099999999999999,0.16179548132682134,131,1.0,0.9166666666666667,0.6333333333333333,0.9,0.6,0.37960057258605956,0.0016357898712158203
0.1,100.0,0.5,50,0.8066666666666666,0.12675435561221032,191,0.9,0.9166666666666667,0.7166666666666667,0.9,0.6,0.3800051689147949,0.0016817569732666016
0.1,100.0,0.7,5,0.6633333333333333,0.11897712198383165,495,0.8166666666666667,0.55,0.7333333333333334,0.7166666666666667,0.5,0.4201024055480957,0.0016698837280273438
0.1,100.0,0.7,10,0.7666666666666666,0.16055459438389727,332,1.0,0.8,0.7333333333333334,0.8,0.5,0.42052464485168456,0.0017005443572998048
0.1,100.0,0.7,20,0.8099999999999999,0.16179548132682134,131,1.0,0.9166666666666667,0.6333333333333333,0.9,0.6,0.4205636501312256,0.0016760826110839844
0.1,100.0,0.7,50,0.8066666666666666,0.12675435561221032,191,0.9,0.9166666666666667,0.7166666666666667,0.9,0.6,0.42023887634277346,0.001687002182006836
0.1,100.0,0.9,5,0.6633333333333333,0.11897712198383165,495,0.8166666666666667,0.55,0.7333333333333334,0.7166666666666667,0.5,0.4818605899810791,0.0017019271850585937
0.1,100.0,0.9,10,0.7666666666666666,0.16055459438389727,332,1.0,0.8,0.7333333333333334,0.8,0.5,0.4813493251800537,0.0016852378845214843
0.1,100.0,0.9,20,0.8099999999999999,0.16179548132682134,131,1.0,0.9166666666666667,0.6333333333333333,0.9,0.6,0.4828080177307129,0.0016740322113037109
0.1,100.0,0.9,50,0.8266666666666665,0.14628738838327796,72,1.0,0.9166666666666667,0.7166666666666667,0.9,0.6,0.48082723617553713,0.0016733169555664062
0.2,0.001,0.1,5,0.49333333333333335,0.016996731711975962,705,0.5,0.4666666666666667,0.5166666666666667,0.48333333333333334,0.5,0.0034766197204589844,0.0014958381652832031
0.2,0.001,0.1,10,0.4800000000000001,0.09510228411791405,721,0.5666666666666667,0.3,0.55,0.48333333333333334,0.5,0.0034711360931396484,0.001484823226928711
0.2,0.001,0.1,20,0.42666666666666664,0.0793025150224688,785,0.48333333333333334,0.3,0.3666666666666667,0.48333333333333334,0.5,0.0035459041595458985,0.0014925479888916015
0.2,0.001,0.1,50,0.5733333333333334,0.18427033281447003,542,0.5666666666666667,0.3666666666666667,0.43333333333333335,0.9,0.6000000000000001,0.003461456298828125,0.0014870643615722656
0.2,0.001,0.3,5,0.49333333333333335,0.016996731711975962,705,0.5,0.4666666666666667,0.5166666666666667,0.48333333333333334,0.5,0.0034426212310791015,0.001481008529663086
0.2,0.001,0.3,10,0.4800000000000001,0.09510228411791405,721,0.5666666666666667,0.3,0.55,0.48333333333333334,0.5,0.0034236907958984375,0.0014875411987304687
0.2,0.001,0.3,20,0.42666666666666664,0.0793025150224688,785,0.48333333333333334,0.3,0.3666666666666667,0.48333333333333334,0.5,0.003539896011352539,0.001483583450317383
0.2,0.001,0.3,50,0.5733333333333334,0.18427033281447003,542,0.5666666666666667,0.3666666666666667,0.43333333333333335,0.9,0.6000000000000001,0.003446483612060547,0.001488494873046875
0.2,0.001,0.5,5,0.49333333333333335,0.016996731711975962,705,0.5,0.4666666666666667,0.5166666666666667,0.48333333333333334,0.5,0.0034090995788574217,0.0014899730682373046
0.2,0.001,0.5,10,0.4800000000000001,0.09510228411791405,721,0.5666666666666667,0.3,0.55,0.48333333333333334,0.5,0.003439474105834961,0.0014697074890136718
0.2,0.001,0.5,20,0.42666666666666664,0.0793025150224688,785,0.48333333333333334,0.3,0.3666666666666667,0.48333333333333334,0.5,0.0035759925842285155,0.001505136489868164
0.2,0.001,0.5,50,0.5733333333333334,0.18427033281447003,542,0.5666666666666667,0.3666666666666667,0.43333333333333335,0.9,0.6000000000000001,0.0034344673156738283,0.0014879703521728516
0.2,0.001,0.7,5,0.49333333333333335,0.016996731711975962,705,0.5,0.4666666666666667,0.5166666666666667,0.48333333333333334,0.5,0.003436851501464844,0.001480865478515625
0.2,0.001,0.7,10,0.4800000000000001,0.09510228411791405,721,0.5666666666666667,0.3,0.55,0.48333333333333334,0.5,0.003485250473022461,0.0014747142791748046
0.2,0.001,0.7,20,0.42666666666666664,0.0793025150224688,785,0.48333333333333334,0.3,0.3666666666666667,0.48333333333333334,0.5,0.003461933135986328,0.0014846324920654297
0.2,0.001,0.7,50,0.5733333333333334,0.18427033281447003,542,0.5666666666666667,0.3666666666666667,0.43333333333333335,0.9,0.6000000000000001,0.0034377574920654297,0.0014879226684570313
0.2,0.001,0.9,5,0.49333333333333335,0.016996731711975962,705,0.5,0.4666666666666667,0.5166666666666667,0.48333333333333334,0.5,0.003448486328125,0.0014783382415771485
0.2,0.001,0.9,10,0.4800000000000001,0.09510228411791405,721,0.5666666666666667,0.3,0.55,0.48333333333333334,0.5,0.0034969806671142577,0.0014705657958984375
0.2,0.001,0.9,20,0.42666666666666664,0.0793025150224688,785,0.48333333333333334,0.3,0.3666666666666667,0.48333333333333334,0.5,0.003471994400024414,0.0014781475067138672
0.2,0.001,0.9,50,0.5733333333333334,0.18427033281447003,542,0.5666666666666667,0.3666666666666667,0.43333333333333335,0.9,0.6000000000000001,0.0034608840942382812,0.001487874984741211
0.2,0.00359381,0.1,5,0.49333333333333335,0.016996731711975962,705,0.5,0.4666666666666667,0.5166666666666667,0.48333333333333334,0.5,0.0035283565521240234,0.0014767646789550781
0.2,0.00359381,0.1,10,0.4800000000000001,0.09510228411791405,721,0.5666666666666667,0.3,0.55,0.48333333333333334,0.5,0.0035548686981201174,0.0014806270599365234
0.2,0.00359381,0.1,20,0.42666666666666664,0.0793025150224688,785,0.48333333333333334,0.3,0.3666666666666667,0.48333333333333334,0.5,0.003565406799316406,0.0014783382415771485
0.2,0.00359381,0.1,50,0.5733333333333334,0.18427033281447003,542,0.5666666666666667,0.3666666666666667,0.43333333333333335,0.9,0.6000000000000001,0.0035625457763671874,0.001481342315673828
0.2,0.00359381,0.3,5,0.49333333333333335,0.016996731711975962,705,0.5,0.4666666666666667,0.5166666666666667,0.48333333333333334,0.5,0.003475666046142578,0.001477527618408203
0.2,0.00359381,0.3,10,0.4800000000000001,0.09510228411791405,721,0.5666666666666667,0.3,0.55,0.48333333333333334,0.5,0.0034150600433349608,0.0014763832092285155
0.2,0.00359381,0.3,20,0.42666666666666664,0.0793025150224688,785,0.48333333333333334,0.3,0.3666666666666667,0.48333333333333334,0.5,0.003487110137939453,0.0014759063720703124
0.2,0.00359381,0.3,50,0.5733333333333334,0.18427033281447003,542,0.5666666666666667,0.3666666666666667,0.43333333333333335,0.9,0.6000000000000001,0.003461933135986328,0.0014780044555664062
0.2,0.00359381,0.5,5,0.49333333333333335,0.016996731711975962,705,0.5,0.4666666666666667,0.5166666666666667,0.48333333333333334,0.5,0.003421306610107422,0.0015572547912597657
0.2,0.00359381,0.5,10,0.4800000000000001,0.09510228411791405,721,0.5666666666666667,0.3,0.55,0.48333333333333334,0.5,0.0034218788146972655,0.001480865478515625
0.2,0.00359381,0.5,20,0.42666666666666664,0.0793025150224688,785,0.48333333333333334,0.3,0.3666666666666667,0.48333333333333334,0.5,0.003467845916748047,0.0014882564544677734
0.2,0.00359381,0.5,50,0.5733333333333334,0.18427033281447003,542,0.5666666666666667,0.3666666666666667,0.43333333333333335,0.9,0.6000000000000001,0.0034198760986328125,0.0014760494232177734
0.2,0.00359381,0.7,5,0.49333333333333335,0.016996731711975962,705,0.5,0.4666666666666667,0.5166666666666667,0.48333333333333334,0.5,0.0034913063049316407,0.0014781475067138672
0.2,0.00359381,0.7,10,0.4800000000000001,0.09510228411791405,721,0.5666666666666667,0.3,0.55,0.48333333333333334,0.5,0.003394937515258789,0.0014739513397216796
0.2,0.00359381,0.7,20,0.42666666666666664,0.0793025150224688,785,0.48333333333333334,0.3,0.3666666666666667,0.48333333333333334,0.5,0.0034949779510498047,0.0014869213104248048
0.2,0.00359381,0.7,50,0.5733333333333334,0.18427033281447003,542,0.5666666666666667,0.3666666666666667,0.43333333333333335,0.9,0.6000000000000001,0.003508853912353516,0.0014740467071533204
0.2,0.00359381,0.9,5,0.49333333333333335,0.016996731711975962,705,0.5,0.4666666666666667,0.5166666666666667,0.48333333333333334,0.5,0.003417778015136719,0.0014801502227783203
0.2,0.00359381,0.9,10,0.4800000000000001,0.09510228411791405,721,0.5666666666666667,0.3,0.55,0.48333333333333334,0.5,0.0034235000610351564,0.0014908790588378906
0.2,0.00359381,0.9,20,0.42666666666666664,0.0793025150224688,785,0.48333333333333334,0.3,0.3666666666666667,0.48333333333333334,0.5,0.0034577369689941405,0.0014963150024414062
0.2,0.00359381,0.9,50,0.5733333333333334,0.18427033281447003,542,0.5666666666666667,0.3666666666666667,0.43333333333333335,0.9,0.6000000000000001,0.003416013717651367,0.0015420913696289062
0.2,0.0129155,0.1,5,0.71,0.11284207253207172,440,0.7166666666666667,0.7166666666666667,0.8166666666666667,0.8,0.5,0.01227574348449707,0.0014913082122802734
0.2,0.0129155,0.1,10,0.8033333333333333,0.10974718422102886,228,0.9,0.9,0.8166666666666667,0.8,0.6,0.012311124801635742,0.0015023708343505859
0.2,0.0129155,0.1,20,0.7833333333333333,0.11450376024878448,294,0.9,0.9,0.7166666666666667,0.8,0.6,0.01237502098083496,0.0015100955963134766
0.2,0.0129155,0.1,50,0.7566666666666667,0.10033277962194942,351,0.9,0.75,0.8166666666666667,0.7166666666666667,0.6,0.012381792068481445,0.0015074729919433594
0.2,0.0129155,0.3,5,0.49333333333333335,0.016996731711975962,705,0.5,0.4666666666666667,0.5166666666666667,0.48333333333333334,0.5,0.003956651687622071,0.001479339599609375
0.2,0.0129155,0.3,10,0.4800000000000001,0.09510228411791405,721,0.5666666666666667,0.3,0.55,0.48333333333333334,0.5,0.0039387702941894535,0.0014785289764404296
0.2,0.0129155,0.3,20,0.42666666666666664,0.0793025150224688,785,0.48333333333333334,0.3,0.3666666666666667,0.48333333333333334,0.5,0.003960371017456055,0.0014504432678222657
0.2,0.0129155,0.3,50,0.5733333333333334,0.18427033281447003,542,0.5666666666666667,0.3666666666666667,0.43333333333333335,0.9,0.6000000000000001,0.004035329818725586,0.0014871120452880859
0.2,0.0129155,0.5,5,0.49333333333333335,0.016996731711975962,705,0.5,0.4666666666666667,0.5166666666666667,0.48333333333333334,0.5,0.0034218788146972655,0.0014688968658447266
0.2,0.0129155,0.5,10,0.4800000000000001,0.09510228411791405,721,0.5666666666666667,0.3,0.55,0.48333333333333334,0.5,0.0034620285034179686,0.0014795780181884766
0.2,0.0129155,0.5,20,0.42666666666666664,0.0793025150224688,785,0.48333333333333334,0.3,0.3666666666666667,0.48333333333333334,0.5,0.0035413265228271484,0.0014888286590576173
0.2,0.0129155,0.5,50,0.5733333333333334,0.18427033281447003,542,0.5666666666666667,0.3666666666666667,0.43333333333333335,0.9,0.6000000000000001,0.003378152847290039,0.0014784812927246093
0.2,0.0129155,0.7,5,0.49333333333333335,0.016996731711975962,705,0.5,0.4666666666666667,0.5166666666666667,0.48333333333333334,0.5,0.0034316539764404296,0.0014813899993896484
0.2,0.0129155,0.7,10,0.4800000000000001,0.09510228411791405,721,0.5666666666666667,0.3,0.55,0.48333333333333334,0.5,0.0034166812896728516,0.0014882564544677734
0.2,0.0129155,0.7,20,0.42666666666666664,0.0793025150224688,785,0.48333333333333334,0.3,0.3666666666666667,0.48333333333333334,0.5,0.0034952163696289062,0.0014849185943603515
0.2,0.0129155,0.7,50,0.5733333333333334,0.18427033281447003,542,0.5666666666666667,0.3666666666666667,0.43333333333333335,0.9,0.6000000000000001,0.0034376144409179687,0.0014886856079101562
0.2,0.0129155,0.9,5,0.49333333333333335,0.016996731711975962,705,0.5,0.4666666666666667,0.5166666666666667,0.48333333333333334,0.5,0.003418159484863281,0.0014798164367675782
0.2,0.0129155,0.9,10,0.4800000000000001,0.09510228411791405,721,0.5666666666666667,0.3,0.55,0.48333333333333334,0.5,0.003418159484863281,0.001481008529663086
0.2,0.0129155,0.9,20,0.42666666666666664,0.0793025150224688,785,0.48333333333333334,0.3,0.3666666666666667,0.48333333333333334,0.5,0.0035732269287109377,0.0014891624450683594
0.2,0.0129155,0.9,50,0.5733333333333334,0.18427033281447003,542,0.5666666666666667,0.3666666666666667,0.43333333333333335,0.9,0.6000000000000001,0.0034527301788330076,0.0014781951904296875
0.2,0.0464159,0.1,5,0.7133333333333333,0.1132352516764202,429,0.8166666666666667,0.7166666666666667,0.7333333333333334,0.8,0.5,0.022980308532714842,0.001614856719970703
0.2,0.0464159,0.1,10,0.7899999999999999,0.15549205052920803,267,1.0,0.9166666666666667,0.6333333333333333,0.8,0.6,0.023002052307128908,0.0016132354736328124
0.2,0.0464159,0.1,20,0.8066666666666666,0.14165686240583852,191,1.0,0.9166666666666667,0.7166666666666667,0.8,0.6,0.023189687728881837,0.0015493869781494141
0.2,0.0464159,0.1,50,0.8466666666666667,0.11803954139750518,10,1.0,0.9166666666666667,0.7166666666666667,0.9,0.7,0.023099946975708007,0.0015538692474365234
0.2,0.0464159,0.3,5,0.7866666666666667,0.1610382977224155,283,1.0,0.8166666666666667,0.8166666666666667,0.8,0.5,0.025126123428344728,0.0015429973602294922
0.2,0.0464159,0.3,10,0.7500000000000001,0.11450376024878449,369,0.9,0.8166666666666667,0.6333333333333333,0.8,0.6,0.025120639801025392,0.0015429973602294922
0.2,0.0464159,0.3,20,0.7833333333333333,0.11450376024878448,294,0.9,0.9,0.7166666666666667,0.8,0.6,0.025182199478149415,0.0015313148498535157
0.2,0.0464159,0.3,50,0.7900000000000001,0.11860297916438133,247,0.9,0.9166666666666667,0.8166666666666667,0.7166666666666667,0.6,0.025124120712280273,0.00154571533203125
0.2,0.0464159,0.5,5,0.56,0.11382247385975916,590,0.6166666666666667,0.48333333333333334,0.7333333333333334,0.5666666666666667,0.4,0.020811128616333007,0.0016196250915527343
0.2,0.0464159,0.5,10,0.7133333333333333,0.059066817155564506,429,0.7333333333333334,0.6666666666666666,0.8166666666666667,0.65,0.7,0.020135259628295897,0.0015285015106201172
0.2,0.0464159,0.5,20,0.6899999999999998,0.0679869268479038,462,0.6333333333333333,0.6666666666666666,0.8166666666666667,0.6333333333333333,0.7,0.020145750045776366,0.0015264987945556641
0.2,0.0464159,0.5,50,0.74,0.05830951894845302,378,0.8,0.6666666666666666,0.8166666666666667,0.7166666666666667,0.7,0.020048904418945312,0.0015198707580566407
0.2,0.0464159,0.7,5,0.49333333333333335,0.016996731711975962,705,0.5,0.4666666666666667,0.5166666666666667,0.48333333333333334,0.5,0.004671669006347657,0.0015001773834228515
0.2,0.0464159,0.7,10,0.4800000000000001,0.09510228411791405,721,0.5666666666666667,0.3,0.55,0.48333333333333334,0.5,0.0046539306640625,0.001485157012939453
0.2,0.0464159,0.7,20,0.42666666666666664,0.0793025150224688,785,0.48333333333333334,0.3,0.3666666666666667,0.48333333333333334,0.5,0.004700565338134765,0.0014794349670410156
0.2,0.0464159,0.7,50,0.5733333333333334,0.18427033281447003,542,0.5666666666666667,0.3666666666666667,0.43333333333333335,0.9,0.6000000000000001,0.004668474197387695,0.0014822006225585938
0.2,0.0464159,0.9,5,0.49333333333333335,0.016996731711975962,705,0.5,0.4666666666666667,0.5166666666666667,0.48333333333333334,0.5,0.004254388809204102,0.001489543914794922
0.2,0.0464159,0.9,10,0.4800000000000001,0.09510228411791405,721,0.5666666666666667,0.3,0.55,0.48333333333333334,0.5,0.004232263565063477,0.0014839649200439453
0.2,0.0464159,0.9,20,0.42666666666666664,0.0793025150224688,785,0.48333333333333334,0.3,0.3666666666666667,0.48333333333333334,0.5,0.004262065887451172,0.0014957427978515626
0.2,0.0464159,0.9,50,0.5733333333333334,0.18427033281447003,542,0.5666666666666667,0.3666666666666667,0.43333333333333335,0.9,0.6000000000000001,0.004233932495117188,0.0014925003051757812
0.2,0.16681,0.1,5,0.6233333333333333,0.12229290885229428,529,0.7166666666666667,0.45,0.7333333333333334,0.7166666666666667,0.5,0.052276086807250974,0.0016333580017089844
0.2,0.16681,0.1,10,0.77,0.10614455552060441,322,0.9166666666666667,0.8166666666666667,0.7166666666666667,0.8,0.6,0.05243520736694336,0.0016405582427978516
0.2,0.16681,0.1,20,0.8266666666666668,0.11575836902790228,62,1.0,0.9166666666666667,0.7166666666666667,0.8,0.7,0.05227293968200684,0.0017154216766357422
0.2,0.16681,0.1,50,0.8300000000000001,0.11224972160321824,31,1.0,0.9166666666666667,0.7166666666666667,0.7166666666666667,0.8,0.0525296688079834,0.0016512393951416016
0.2,0.16681,0.3,5,0.6699999999999999,0.06182412330330471,481,0.7333333333333334,0.5666666666666667,0.6333333333333333,0.7166666666666667,0.7,0.05917487144470215,0.0016521453857421876
0.2,0.16681,0.3,10,0.7966666666666666,0.1117536974282681,232,0.9166666666666667,0.8333333333333333,0.6333333333333333,0.9,0.7,0.05904784202575684,0.0016448497772216797
0.2,0.16681,0.3,20,0.8066666666666666,0.14165686240583852,191,1.0,0.9166666666666667,0.7166666666666667,0.8,0.6,0.05918526649475098,0.0017220020294189454
0.2,0.16681,0.3,50,0.8300000000000001,0.11518101695447333,31,1.0,0.9166666666666667,0.7166666666666667,0.8166666666666667,0.7,0.05923051834106445,0.0016495704650878907
0.2,0.16681,0.5,5,0.6833333333333333,0.10903618155864084,469,0.8166666666666667,0.75,0.6333333333333333,0.7166666666666667,0.5,0.06279597282409669,0.0016297340393066407
0.2,0.16681,0.5,10,0.8099999999999999,0.1348249894410446,131,1.0,0.9166666666666667,0.6333333333333333,0.8,0.7,0.06280250549316406,0.0017286777496337891
0.2,0.16681,0.5,20,0.8266666666666668,0.07788880963698618,62,0.9,0.9166666666666667,0.8166666666666667,0.8,0.7,0.06284089088439941,0.0016510963439941406
0.2,0.16681,0.5,50,0.8266666666666668,0.11575836902790228,62,1.0,0.9166666666666667,0.7166666666666667,0.8,0.7,0.06286978721618652,0.001655435562133789
0.2,0.16681,0.7,5,0.6633333333333333,0.10402991022884824,495,0.8166666666666667,0.65,0.6333333333333333,0.7166666666666667,0.5,0.07186059951782227,0.0016535282135009765
0.2,0.16681,0.7,10,0.8299999999999998,0.1240071682515885,55,1.0,0.9166666666666667,0.6333333333333333,0.8,0.8,0.07196345329284667,0.001674985885620117
0.2,0.16681,0.7,20,0.7733333333333333,0.10780641085864154,306,0.8333333333333333,0.9166666666666667,0.7166666666666667,0.8,0.6,0.07209887504577636,0.0016729354858398438
0.2,0.16681,0.7,50,0.8099999999999999,0.14165686240583852,131,1.0,0.9166666666666667,0.8166666666666667,0.7166666666666667,0.6,0.07218499183654785,0.0016825675964355468
0.2,0.16681,0.9,5,0.7933333333333333,0.13274871834493251,238,1.0,0.8333333333333333,0.8166666666666667,0.7166666666666667,0.6,0.06989150047302246,0.0016443729400634766
0.2,0.16681,0.9,10,0.79,0.12183777921664712,262,1.0,0.7166666666666667,0.6333333333333333,0.8,0.8,0.06983776092529297,0.0016644001007080078
0.2,0.16681,0.9,20,0.77,0.10614455552060441,322,0.8166666666666667,0.9166666666666667,0.7166666666666667,0.8,0.6,0.06982531547546386,0.0016567707061767578
0.2,0.16681,0.9,50,0.7733333333333333,0.10466878978738388,306,0.9,0.8333333333333333,0.8166666666666667,0.7166666666666667,0.6,0.0698939323425293,0.0016544818878173827
0.2,0.599484,0.1,5,0.6733333333333333,0.0873053390247253,473,0.7166666666666667,0.7,0.7333333333333334,0.7166666666666667,0.5,0.11892528533935547,0.0016746997833251953
0.2,0.599484,0.1,10,0.7166666666666666,0.14220486005134364,413,0.9166666666666667,0.7333333333333334,0.6333333333333333,0.8,0.5,0.11850552558898926,0.0017384052276611327
0.2,0.599484,0.1,20,0.8266666666666665,0.14628738838327796,72,1.0,0.9166666666666667,0.7166666666666667,0.9,0.6,0.1186023235321045,0.0016869068145751952
0.2,0.599484,0.1,50,0.8466666666666667,0.07702813338860896,10,0.9,0.9166666666666667,0.7166666666666667,0.9,0.8,0.11838793754577637,0.0016802310943603515
0.2,0.599484,0.3,5,0.7266666666666668,0.10143416036468623,395,0.8166666666666667,0.55,0.7333333333333334,0.8333333333333333,0.7,0.14028687477111818,0.001699542999267578
0.2,0.599484,0.3,10,0.7533333333333334,0.11897712198383167,357,0.9166666666666667,0.8166666666666667,0.6333333333333333,0.8,0.6,0.1403275489807129,0.0017046451568603516
0.2,0.599484,0.3,20,0.8266666666666665,0.14628738838327796,72,1.0,0.9166666666666667,0.7166666666666667,0.9,0.6,0.13999977111816406,0.0016950130462646484
0.2,0.599484,0.3,50,0.8266666666666668,0.0969535971483266,62,0.9,0.9166666666666667,0.7166666666666667,0.9,0.7,0.13999180793762206,0.001681041717529297
0.2,0.599484,0.5,5,0.71,0.09165151389911677,440,0.7333333333333334,0.55,0.7333333333333334,0.8333333333333333,0.7,0.1694244384765625,0.00169219970703125
0.2,0.599484,0.5,10,0.7733333333333333,0.1046687897873839,306,0.9166666666666667,0.8166666666666667,0.7333333333333334,0.8,0.6,0.17004036903381348,0.0016736507415771485
0.2,0.599484,0.5,20,0.8266666666666665,0.14628738838327796,72,1.0,0.9166666666666667,0.7166666666666667,0.9,0.6,0.16982779502868653,0.0016841411590576172
0.2,0.599484,0.5,50,0.7900000000000001,0.11860297916438133,247,0.9,0.9166666666666667,0.7166666666666667,0.8166666666666667,0.6,0.16948513984680175,0.0016910076141357423
0.2,0.599484,0.7,5,0.7066666666666667,0.03887301263230204,454,0.7333333333333334,0.7333333333333334,0.6333333333333333,0.7333333333333334,0.7,0.18088960647583008,0.0016881942749023438
0.2,0.599484,0.7,10,0.8166666666666667,0.05374838498865698,116,0.8333333333333333,0.8166666666666667,0.7333333333333334,0.9,0.8,0.1807798385620117,0.0016934394836425782
0.2,0.599484,0.7,20,0.8266666666666665,0.14628738838327796,72,1.0,0.9166666666666667,0.7166666666666667,0.9,0.6,0.18125882148742675,0.0016963481903076172
0.2,0.599484,0.7,50,0.8300000000000001,0.11518101695447333,31,1.0,0.9166666666666667,0.7166666666666667,0.8166666666666667,0.7,0.18080310821533202,0.001686859130859375
0.2,0.599484,0.9,5,0.7233333333333334,0.013333333333333374,405,0.7333333333333334,0.7333333333333334,0.7166666666666667,0.7333333333333334,0.7,0.21659255027770996,0.001677083969116211
0.2,0.599484,0.9,10,0.7766666666666666,0.03590109871423001,302,0.7333333333333334,0.8166666666666667,0.7333333333333334,0.8,0.8,0.21641597747802735,0.0016872406005859375
0.2,0.599484,0.9,20,0.8266666666666665,0.14628738838327796,72,1.0,0.9166666666666667,0.7166666666666667,0.9,0.6,0.2167919635772705,0.0016969203948974609
0.2,0.599484,0.9,50,0.8099999999999999,0.14165686240583852,131,1.0,0.9166666666666667,0.7166666666666667,0.8166666666666667,0.6,0.21641092300415038,0.001693582534790039
0.2,2.15443,0.1,5,0.6433333333333333,0.09809292646374775,525,0.7166666666666667,0.55,0.7333333333333334,0.7166666666666667,0.5,0.23266997337341308,0.0016843318939208985
0.2,2.15443,0.1,10,0.7333333333333334,0.14414498873626438,386,0.9166666666666667,0.8,0.65,0.8,0.5,0.23277497291564941,0.001669454574584961
0.2,2.15443,0.1,20,0.8099999999999999,0.16179548132682134,131,1.0,0.9166666666666667,0.6333333333333333,0.9,0.6,0.2334352970123291,0.0016755104064941407
0.2,2.15443,0.1,50,0.8466666666666667,0.07702813338860896,10,0.9,0.9166666666666667,0.7166666666666667,0.9,0.8,0.23295364379882813,0.0016968250274658203
0.2,2.15443,0.3,5,0.71,0.14047538337136983,440,0.8333333333333333,0.45,0.7333333333333334,0.8333333333333333,0.7,0.2951725959777832,0.0017624855041503905
0.2,2.15443,0.3,10,0.7366666666666666,0.11469767022723507,380,0.9166666666666667,0.7333333333333334,0.6333333333333333,0.8,0.6,0.2948756694793701,0.0016882896423339843
0.2,2.15443,0.3,20,0.8266666666666665,0.14628738838327796,72,1.0,0.9166666666666667,0.7166666666666667,0.9,0.6,0.2943925380706787,0.0016897201538085937
0.2,2.15443,0.3,50,0.8300000000000001,0.07257180352359083,31,0.9,0.9166666666666667,0.7166666666666667,0.8166666666666667,0.8,0.2951818943023682,0.0017092227935791016
0.2,2.15443,0.5,5,0.7066666666666668,0.1138224738597591,450,0.8166666666666667,0.55,0.7333333333333334,0.8333333333333333,0.6000000000000001,0.3413829326629639,0.0016828536987304687
0.2,2.15443,0.5,10,0.7533333333333334,0.11897712198383167,357,0.9166666666666667,0.8166666666666667,0.6333333333333333,0.8,0.6,0.3418161392211914,0.001692056655883789
0.2,2.15443,0.5,20,0.8066666666666666,0.20374275719914833,191,1.0,1.0,0.6333333333333333,0.9,0.5,0.34128499031066895,0.0017062187194824218
0.2,2.15443,0.5,50,0.8100000000000002,0.08981462390204989,122,0.9,0.9166666666666667,0.7166666666666667,0.8166666666666667,0.7,0.34052190780639646,0.0016875743865966796
0.2,2.15443,0.7,5,0.7433333333333333,0.08273115763993899,377,0.7333333333333334,0.8166666666666667,0.7333333333333334,0.8333333333333333,0.6000000000000001,0.41999249458312987,0.0016866683959960937
0.2,2.15443,0.7,10,0.7566666666666667,0.08537498983243798,351,0.8333333333333333,0.8166666666666667,0.7333333333333334,0.8,0.6,0.41990318298339846,0.0016979217529296876
0.2,2.15443,0.7,20,0.8066666666666666,0.15972198067614587,191,1.0,0.9,0.6333333333333333,0.9,0.6,0.41975603103637693,0.0016790390014648437
0.2,2.15443,0.7,50,0.8066666666666666,0.12675435561221032,191,0.9,0.9166666666666667,0.7166666666666667,0.9,0.6,0.41891326904296877,0.001695537567138672
0.2,2.15443,0.9,5,0.7233333333333334,0.07423685817106691,405,0.7166666666666667,0.7333333333333334,0.7333333333333334,0.8333333333333333,0.6000000000000001,0.4611842155456543,0.0017146587371826172
0.2,2.15443,0.9,10,0.7933333333333333,0.1083205120618128,238,1.0,0.7333333333333334,0.7333333333333334,0.8,0.7,0.4608062744140625,0.001663541793823242
0.2,2.15443,0.9,20,0.8099999999999999,0.16179548132682134,131,1.0,0.9166666666666667,0.6333333333333333,0.9,0.6,0.46013593673706055,0.0016862869262695313
0.2,2.15443,0.9,50,0.8300000000000001,0.11518101695447333,31,1.0,0.9166666666666667,0.7166666666666667,0.8166666666666667,0.7,0.4602010250091553,0.0016767501831054688
0.2,7.74264,0.1,5,0.6466666666666667,0.10077477638553985,513,0.7333333333333334,0.55,0.7333333333333334,0.7166666666666667,0.5,0.2898705005645752,0.0018007755279541016
0.2,7.74264,0.1,10,0.7666666666666666,0.16055459438389727,332,1.0,0.8,0.7333333333333334,0.8,0.5,0.2736507892608643,0.001514768600463867
0.2,7.74264,0.1,20,0.8099999999999999,0.16179548132682134,131,1.0,0.9166666666666667,0.6333333333333333,0.9,0.6,0.26987514495849607,0.0015305042266845702
0.2,7.74264,0.1,50,0.8066666666666666,0.12675435561221032,191,0.9,0.9166666666666667,0.7166666666666667,0.9,0.6,0.2706015586853027,0.0015258312225341797
0.2,7.74264,0.3,5,0.6033333333333333,0.14659088951530683,533,0.7166666666666667,0.45,0.7333333333333334,0.7166666666666667,0.4,0.44814448356628417,0.0015408515930175782
0.2,7.74264,0.3,10,0.7166666666666666,0.14220486005134364,413,0.9166666666666667,0.7333333333333334,0.6333333333333333,0.8,0.5,0.44709157943725586,0.0015787601470947266
0.2,7.74264,0.3,20,0.8099999999999999,0.16179548132682134,131,1.0,0.9166666666666667,0.6333333333333333,0.9,0.6,0.4479729175567627,0.0015407562255859374
0.2,7.74264,0.3,50,0.8100000000000002,0.08981462390204989,122,0.9,0.9166666666666667,0.7166666666666667,0.8166666666666667,0.7,0.44898529052734376,0.0015378952026367187
0.2,7.74264,0.5,5,0.7266666666666668,0.15797327481430382,395,0.9166666666666667,0.45,0.7333333333333334,0.8333333333333333,0.7,0.5223433494567871,0.0015668869018554688
0.2,7.74264,0.5,10,0.7166666666666666,0.14220486005134364,413,0.9166666666666667,0.7333333333333334,0.6333333333333333,0.8,0.5,0.5235177516937256,0.0015336990356445313
0.2,7.74264,0.5,20,0.8099999999999999,0.16179548132682134,131,1.0,0.9166666666666667,0.6333333333333333,0.9,0.6,0.5232749938964844,0.0016144752502441407
0.2,7.74264,0.5,50,0.8466666666666667,0.07702813338860896,10,0.9,0.9166666666666667,0.7166666666666667,0.9,0.8,0.5475714683532715,0.0017024517059326173
0.2,7.74264,0.7,5,0.6733333333333332,0.12675435561221027,477,0.75,0.55,0.7333333333333334,0.8333333333333333,0.5,0.5653335094451905,0.0015459060668945312
0.2,7.74264,0.7,10,0.7733333333333333,0.13274871834493251,306,0.9166666666666667,0.8166666666666667,0.6333333333333333,0.9,0.6000000000000001,0.5604084491729736,0.0015522003173828124
0.2,7.74264,0.7,20,0.8099999999999999,0.16179548132682134,131,1.0,0.9166666666666667,0.6333333333333333,0.9,0.6,0.5606684684753418,0.0015572547912597657
0.2,7.74264,0.7,50,0.7900000000000001,0.11860297916438133,247,0.9,0.9166666666666667,0.7166666666666667,0.8166666666666667,0.6,0.5611021518707275,0.0015665531158447266
0.2,7.74264,0.9,5,0.7100000000000001,0.11718930554164626,436,0.8333333333333333,0.55,0.7333333333333334,0.8333333333333333,0.6000000000000001,0.714716625213623,0.0016502857208251954
0.2,7.74264,0.9,10,0.7366666666666666,0.09910712498212337,380,0.8333333333333333,0.8166666666666667,0.6333333333333333,0.8,0.6,0.7100757122039795,0.001566028594970703
0.2,7.74264,0.9,20,0.8266666666666665,0.1756258649642599,72,1.0,1.0,0.6333333333333333,0.9,0.6,0.6918512344360351,0.0015453338623046876
0.2,7.74264,0.9,50,0.7900000000000001,0.11860297916438133,247,0.9,0.9166666666666667,0.7166666666666667,0.8166666666666667,0.6,0.7030400276184082,0.0015910148620605468
0.2,27.8256,0.1,5,0.6666666666666667,0.1233783701554783,483,0.8333333333333333,0.55,0.7333333333333334,0.7166666666666667,0.5,0.2793744087219238,0.0015397071838378906
0.2,27.8256,0.1,10,0.7866666666666666,0.12927146286443544,285,1.0,0.8,0.7333333333333334,0.8,0.6,0.2854337215423584,0.0016294956207275391
0.2,27.8256,0.1,20,0.8099999999999999,0.16179548132682134,131,1.0,0.9166666666666667,0.6333333333333333,0.9,0.6,0.284928560256958,0.0015497207641601562
0.2,27.8256,0.1,50,0.8266666666666665,0.14628738838327796,72,1.0,0.9166666666666667,0.7166666666666667,0.9,0.6,0.2794355869293213,0.0015399456024169922
0.2,27.8256,0.3,5,0.6466666666666667,0.10077477638553985,513,0.7333333333333334,0.55,0.7333333333333334,0.7166666666666667,0.5,0.4088168144226074,0.0015773773193359375
0.2,27.8256,0.3,10,0.7666666666666666,0.16055459438389727,332,1.0,0.8,0.7333333333333334,0.8,0.5,0.4139190673828125,0.0015875816345214844
0.2,27.8256,0.3,20,0.8099999999999999,0.16179548132682134,131,1.0,0.9166666666666667,0.6333333333333333,0.9,0.6,0.40511407852172854,0.0016581058502197266
0.2,27.8256,0.3,50,0.8266666666666665,0.14628738838327796,72,1.0,0.9166666666666667,0.7166666666666667,0.9,0.6,0.4169957160949707,0.0016347885131835938
0.2,27.8256,0.5,5,0.6466666666666667,0.10077477638553985,513,0.7333333333333334,0.55,0.7333333333333334,0.7166666666666667,0.5,0.5985090255737304,0.0015461444854736328
0.2,27.8256,0.5,10,0.7533333333333333,0.1396026106091462,368,0.9166666666666667,0.8166666666666667,0.7333333333333334,0.8,0.5,0.611264419555664,0.0016040802001953125
0.2,27.8256,0.5,20,0.8099999999999999,0.16179548132682134,131,1.0,0.9166666666666667,0.6333333333333333,0.9,0.6,0.601734209060669,0.0016145706176757812
0.2,27.8256,0.5,50,0.8266666666666668,0.0969535971483266,62,0.9,0.9166666666666667,0.7166666666666667,0.9,0.7,0.6078012466430665,0.0015706539154052735
0.2,27.8256,0.7,5,0.6033333333333333,0.14659088951530683,533,0.7166666666666667,0.45,0.7333333333333334,0.7166666666666667,0.4,0.6609009265899658,0.0015964984893798828
0.2,27.8256,0.7,10,0.7166666666666666,0.14220486005134364,413,0.9166666666666667,0.7333333333333334,0.6333333333333333,0.8,0.5,0.647372817993164,0.0015454769134521484
0.2,27.8256,0.7,20,0.8099999999999999,0.16179548132682134,131,1.0,0.9166666666666667,0.6333333333333333,0.9,0.6,0.6608831405639648,0.0016055583953857421
0.2,27.8256,0.7,50,0.7900000000000001,0.11860297916438133,247,0.9,0.9166666666666667,0.7166666666666667,0.8166666666666667,0.6,0.6601966857910156,0.0015908241271972655
0.2,27.8256,0.9,5,0.6866666666666668,0.1829996964174774,465,0.9166666666666667,0.45,0.7333333333333334,0.8333333333333333,0.5,0.700595760345459,0.001536989212036133
0.2,27.8256,0.9,10,0.6966666666666665,0.17461067804945063,456,0.9166666666666667,0.7333333333333334,0.6333333333333333,0.8,0.4,0.7134429454803467,0.0015741825103759766
0.2,27.8256,0.9,20,0.8099999999999999,0.16179548132682134,131,1.0,0.9166666666666667,0.6333333333333333,0.9,0.6,0.7135819911956787,0.0016184806823730468
0.2,27.8256,0.9,50,0.8066666666666666,0.12675435561221032,191,0.9,0.9166666666666667,0.7166666666666667,0.9,0.6,0.7015211105346679,0.0015671730041503906
0.2,100.0,0.1,5,0.6666666666666667,0.1233783701554783,483,0.8333333333333333,0.55,0.7333333333333334,0.7166666666666667,0.5,0.3410960674285889,0.0016335487365722657
0.2,100.0,0.1,10,0.8066666666666666,0.13727506854649335,191,1.0,0.8,0.7333333333333334,0.9,0.6,0.32910499572753904,0.0015340805053710937
0.2,100.0,0.1,20,0.8099999999999999,0.16179548132682134,131,1.0,0.9166666666666667,0.6333333333333333,0.9,0.6,0.3290513515472412,0.0015239715576171875
0.2,100.0,0.1,50,0.8266666666666665,0.14628738838327796,72,1.0,0.9166666666666667,0.7166666666666667,0.9,0.6,0.3403358459472656,0.0016160011291503906
0.2,100.0,0.3,5,0.6666666666666667,0.1233783701554783,483,0.8333333333333333,0.55,0.7333333333333334,0.7166666666666667,0.5,0.3396651268005371,0.001521921157836914
0.2,100.0,0.3,10,0.8066666666666666,0.13727506854649335,191,1.0,0.8,0.7333333333333334,0.9,0.6,0.3399933338165283,0.0015285015106201172
0.2,100.0,0.3,20,0.8099999999999999,0.16179548132682134,131,1.0,0.9166666666666667,0.6333333333333333,0.9,0.6,0.35149369239807127,0.001621103286743164
0.2,100.0,0.3,50,0.8266666666666665,0.14628738838327796,72,1.0,0.9166666666666667,0.7166666666666667,0.9,0.6,0.3395590305328369,0.001535940170288086
0.2,100.0,0.5,5,0.6633333333333333,0.11897712198383165,495,0.8166666666666667,0.55,0.7333333333333334,0.7166666666666667,0.5,0.3660870552062988,0.001558828353881836
0.2,100.0,0.5,10,0.7866666666666666,0.12927146286443544,285,1.0,0.8,0.7333333333333334,0.8,0.6,0.3762809276580811,0.001702117919921875
0.2,100.0,0.5,20,0.8099999999999999,0.16179548132682134,131,1.0,0.9166666666666667,0.6333333333333333,0.9,0.6,0.3636924743652344,0.0015285968780517577
0.2,100.0,0.5,50,0.8266666666666665,0.14628738838327796,72,1.0,0.9166666666666667,0.7166666666666667,0.9,0.6,0.3704207420349121,0.001596975326538086
0.2,100.0,0.7,5,0.6633333333333333,0.11897712198383165,495,0.8166666666666667,0.55,0.7333333333333334,0.7166666666666667,0.5,0.40889558792114256,0.0015505313873291015
0.2,100.0,0.7,10,0.7666666666666666,0.16055459438389727,332,1.0,0.8,0.7333333333333334,0.8,0.5,0.4031482696533203,0.0015158653259277344
0.2,100.0,0.7,20,0.8099999999999999,0.16179548132682134,131,1.0,0.9166666666666667,0.6333333333333333,0.9,0.6,0.41495428085327146,0.0016478538513183595
0.2,100.0,0.7,50,0.8266666666666665,0.14628738838327796,72,1.0,0.9166666666666667,0.7166666666666667,0.9,0.6,0.40274338722229003,0.0015403270721435548
0.2,100.0,0.9,5,0.6633333333333333,0.11897712198383165,495,0.8166666666666667,0.55,0.7333333333333334,0.7166666666666667,0.5,0.4708925724029541,0.0015843868255615234
0.2,100.0,0.9,10,0.7666666666666666,0.16055459438389727,332,1.0,0.8,0.7333333333333334,0.8,0.5,0.4653305530548096,0.0015348434448242188
0.2,100.0,0.9,20,0.8099999999999999,0.16179548132682134,131,1.0,0.9166666666666667,0.6333333333333333,0.9,0.6,0.46673312187194826,0.0015603065490722655
0.2,100.0,0.9,50,0.8266666666666665,0.14628738838327796,72,1.0,0.9166666666666667,0.7166666666666667,0.9,0.6,0.4685699462890625,0.001550149917602539
0.5,0.001,0.1,5,0.5166666666666667,0.03333333333333335,641,0.5,0.5,0.5833333333333334,0.5,0.5,0.003299379348754883,0.0013800621032714843
0.5,0.001,0.1,10,0.4766666666666667,0.0940449065311059,753,0.5,0.3,0.5833333333333334,0.5,0.5,0.0031754016876220704,0.0013838768005371093
0.5,0.001,0.1,20,0.48,0.039999999999999994,737,0.5,0.4,0.5,0.5,0.5,0.0032488822937011717,0.0013842582702636719
0.5,0.001,0.1,50,0.5166666666666667,0.14643921757659198,641,0.5,0.3833333333333333,0.35,0.75,0.6,0.0031961441040039063,0.0013844490051269532
0.5,0.001,0.3,5,0.5166666666666667,0.03333333333333335,641,0.5,0.5,0.5833333333333334,0.5,0.5,0.003241157531738281,0.0013689041137695313
0.5,0.001,0.3,10,0.4766666666666667,0.0940449065311059,753,0.5,0.3,0.5833333333333334,0.5,0.5,0.003186655044555664,0.0013719558715820312
0.5,0.001,0.3,20,0.48,0.039999999999999994,737,0.5,0.4,0.5,0.5,0.5,0.0032412528991699217,0.0013640403747558593
0.5,0.001,0.3,50,0.5166666666666667,0.14643921757659198,641,0.5,0.3833333333333333,0.35,0.75,0.6,0.003250885009765625,0.0013868331909179688
0.5,0.001,0.5,5,0.5166666666666667,0.03333333333333335,641,0.5,0.5,0.5833333333333334,0.5,0.5,0.0032006263732910155,0.0013735294342041016
0.5,0.001,0.5,10,0.4766666666666667,0.0940449065311059,753,0.5,0.3,0.5833333333333334,0.5,0.5,0.0031800270080566406,0.0013834476470947266
0.5,0.001,0.5,20,0.48,0.039999999999999994,737,0.5,0.4,0.5,0.5,0.5,0.0032557010650634765,0.001371145248413086
0.5,0.001,0.5,50,0.5166666666666667,0.14643921757659198,641,0.5,0.3833333333333333,0.35,0.75,0.6,0.0032530784606933593,0.001386117935180664
0.5,0.001,0.7,5,0.5166666666666667,0.03333333333333335,641,0.5,0.5,0.5833333333333334,0.5,0.5,0.0031776905059814455,0.0013796329498291016
0.5,0.001,0.7,10,0.4766666666666667,0.0940449065311059,753,0.5,0.3,0.5833333333333334,0.5,0.5,0.0031954288482666016,0.0013634204864501954
0.5,0.001,0.7,20,0.48,0.039999999999999994,737,0.5,0.4,0.5,0.5,0.5,0.0032452106475830077,0.0013894081115722657
0.5,0.001,0.7,50,0.5166666666666667,0.14643921757659198,641,0.5,0.3833333333333333,0.35,0.75,0.6,0.003209638595581055,0.001442098617553711
0.5,0.001,0.9,5,0.5166666666666667,0.03333333333333335,641,0.5,0.5,0.5833333333333334,0.5,0.5,0.0031621456146240234,0.0013785839080810546
0.5,0.001,0.9,10,0.4766666666666667,0.0940449065311059,753,0.5,0.3,0.5833333333333334,0.5,0.5,0.0031826019287109373,0.0013824462890625
0.5,0.001,0.9,20,0.48,0.039999999999999994,737,0.5,0.4,0.5,0.5,0.5,0.003249502182006836,0.0013764381408691406
0.5,0.001,0.9,50,0.5166666666666667,0.14643921757659198,641,0.5,0.3833333333333333,0.35,0.75,0.6,0.003264045715332031,0.001391124725341797
0.5,0.00359381,0.1,5,0.5166666666666667,0.03333333333333335,641,0.5,0.5,0.5833333333333334,0.5,0.5,0.003268003463745117,0.0013763904571533203
0.5,0.00359381,0.1,10,0.4766666666666667,0.0940449065311059,753,0.5,0.3,0.5833333333333334,0.5,0.5,0.0032752037048339845,0.001369333267211914
0.5,0.00359381,0.1,20,0.48,0.039999999999999994,737,0.5,0.4,0.5,0.5,0.5,0.00332493782043457,0.0013738155364990234
0.5,0.00359381,0.1,50,0.5166666666666667,0.14643921757659198,641,0.5,0.3833333333333333,0.35,0.75,0.6,0.0033611297607421876,0.0013837814331054688
0.5,0.00359381,0.3,5,0.5166666666666667,0.03333333333333335,641,0.5,0.5,0.5833333333333334,0.5,0.5,0.0032071590423583983,0.0013741016387939452
0.5,0.00359381,0.3,10,0.4766666666666667,0.0940449065311059,753,0.5,0.3,0.5833333333333334,0.5,0.5,0.003191518783569336,0.00138397216796875
0.5,0.00359381,0.3,20,0.48,0.039999999999999994,737,0.5,0.4,0.5,0.5,0.5,0.0032436370849609373,0.0013697624206542968
0.5,0.00359381,0.3,50,0.5166666666666667,0.14643921757659198,641,0.5,0.3833333333333333,0.35,0.75,0.6,0.0032567501068115233,0.0013733863830566405
0.5,0.00359381,0.5,5,0.5166666666666667,0.03333333333333335,641,0.5,0.5,0.5833333333333334,0.5,0.5,0.003175020217895508,0.0013629913330078125
0.5,0.00359381,0.5,10,0.4766666666666667,0.0940449065311059,753,0.5,0.3,0.5833333333333334,0.5,0.5,0.0031818389892578126,0.0013778209686279297
0.5,0.00359381,0.5,20,0.48,0.039999999999999994,737,0.5,0.4,0.5,0.5,0.5,0.0032555580139160155,0.0013704776763916015
0.5,0.00359381,0.5,50,0.5166666666666667,0.14643921757659198,641,0.5,0.3833333333333333,0.35,0.75,0.6,0.003257417678833008,0.0013803958892822266
0.5,0.00359381,0.7,5,0.5166666666666667,0.03333333333333335,641,0.5,0.5,0.5833333333333334,0.5,0.5,0.0031787395477294923,0.0013803005218505859
0.5,0.00359381,0.7,10,0.4766666666666667,0.0940449065311059,753,0.5,0.3,0.5833333333333334,0.5,0.5,0.00318450927734375,0.001384735107421875
0.5,0.00359381,0.7,20,0.48,0.039999999999999994,737,0.5,0.4,0.5,0.5,0.5,0.003237628936767578,0.0013747692108154296
0.5,0.00359381,0.7,50,0.5166666666666667,0.14643921757659198,641,0.5,0.3833333333333333,0.35,0.75,0.6,0.003261899948120117,0.0013803482055664063
0.5,0.00359381,0.9,5,0.5166666666666667,0.03333333333333335,641,0.5,0.5,0.5833333333333334,0.5,0.5,0.0031691074371337892,0.0013724327087402343
0.5,0.00359381,0.9,10,0.4766666666666667,0.0940449065311059,753,0.5,0.3,0.5833333333333334,0.5,0.5,0.003190898895263672,0.001389312744140625
0.5,0.00359381,0.9,20,0.48,0.039999999999999994,737,0.5,0.4,0.5,0.5,0.5,0.0032552242279052734,0.001373434066772461
0.5,0.00359381,0.9,50,0.5166666666666667,0.14643921757659198,641,0.5,0.3833333333333333,0.35,0.75,0.6,0.003208827972412109,0.0014386177062988281
0.5,0.0129155,0.1,5,0.71,0.11284207253207172,440,0.7166666666666667,0.7166666666666667,0.8166666666666667,0.8,0.5,0.01165924072265625,0.0013817787170410157
0.5,0.0129155,0.1,10,0.7866666666666666,0.09966610925150703,285,0.9,0.8166666666666667,0.8166666666666667,0.8,0.6,0.011696290969848634,0.0013802528381347656
0.5,0.0129155,0.1,20,0.7666666666666667,0.10165300454651273,330,0.9,0.8166666666666667,0.7166666666666667,0.8,0.6,0.011781835556030273,0.0013874053955078125
0.5,0.0129155,0.1,50,0.8099999999999999,0.12719189352225943,131,1.0,0.8333333333333333,0.8166666666666667,0.8,0.6,0.011690187454223632,0.0013890266418457031
0.5,0.0129155,0.3,5,0.5166666666666667,0.03333333333333335,641,0.5,0.5,0.5833333333333334,0.5,0.5,0.0037610530853271484,0.0013686656951904298
0.5,0.0129155,0.3,10,0.4766666666666667,0.0940449065311059,753,0.5,0.3,0.5833333333333334,0.5,0.5,0.0036752700805664064,0.0013763427734375
0.5,0.0129155,0.3,20,0.48,0.039999999999999994,737,0.5,0.4,0.5,0.5,0.5,0.003744983673095703,0.0013826847076416015
0.5,0.0129155,0.3,50,0.5166666666666667,0.14643921757659198,641,0.5,0.3833333333333333,0.35,0.75,0.6,0.0037723541259765624,0.001372957229614258
0.5,0.0129155,0.5,5,0.5166666666666667,0.03333333333333335,641,0.5,0.5,0.5833333333333334,0.5,0.5,0.00317997932434082,0.0013767242431640624
0.5,0.0129155,0.5,10,0.4766666666666667,0.0940449065311059,753,0.5,0.3,0.5833333333333334,0.5,0.5,0.0031840324401855467,0.0013770103454589845
0.5,0.0129155,0.5,20,0.48,0.039999999999999994,737,0.5,0.4,0.5,0.5,0.5,0.003238868713378906,0.0013728141784667969
0.5,0.0129155,0.5,50,0.5166666666666667,0.14643921757659198,641,0.5,0.3833333333333333,0.35,0.75,0.6,0.0032111167907714843,0.0014421939849853516
0.5,0.0129155,0.7,5,0.5166666666666667,0.03333333333333335,641,0.5,0.5,0.5833333333333334,0.5,0.5,0.0031941890716552734,0.0013612747192382813
0.5,0.0129155,0.7,10,0.4766666666666667,0.0940449065311059,753,0.5,0.3,0.5833333333333334,0.5,0.5,0.0031763553619384766,0.0013758182525634766
0.5,0.0129155,0.7,20,0.48,0.039999999999999994,737,0.5,0.4,0.5,0.5,0.5,0.003236722946166992,0.0013893604278564452
0.5,0.0129155,0.7,50,0.5166666666666667,0.14643921757659198,641,0.5,0.3833333333333333,0.35,0.75,0.6,0.0032807350158691405,0.0013735294342041016
0.5,0.0129155,0.9,5,0.5166666666666667,0.03333333333333335,641,0.5,0.5,0.5833333333333334,0.5,0.5,0.003171348571777344,0.0013835906982421875
0.5,0.0129155,0.9,10,0.4766666666666667,0.0940449065311059,753,0.5,0.3,0.5833333333333334,0.5,0.5,0.003169536590576172,0.0013776302337646484
0.5,0.0129155,0.9,20,0.48,0.039999999999999994,737,0.5,0.4,0.5,0.5,0.5,0.0032435894012451173,0.0013881683349609374
0.5,0.0129155,0.9,50,0.5166666666666667,0.14643921757659198,641,0.5,0.3833333333333333,0.35,0.75,0.6,0.003256082534790039,0.0013777732849121094
0.5,0.0464159,0.1,5,0.7166666666666666,0.11352924243950935,413,0.8166666666666667,0.7333333333333334,0.7333333333333334,0.8,0.5,0.021856307983398438,0.001392507553100586
0.5,0.0464159,0.1,10,0.7899999999999999,0.15549205052920803,267,1.0,0.9166666666666667,0.6333333333333333,0.8,0.6,0.021862888336181642,0.0014469146728515625
0.5,0.0464159,0.1,20,0.8266666666666668,0.11575836902790228,62,1.0,0.9166666666666667,0.7166666666666667,0.8,0.7,0.021920490264892577,0.0013860702514648438
0.5,0.0464159,0.1,50,0.8666666666666666,0.09831920802501751,1,1.0,0.9166666666666667,0.7166666666666667,0.9,0.8,0.02216176986694336,0.0013935089111328125
0.5,0.0464159,0.3,5,0.7699999999999999,0.1411854572303158,329,0.9166666666666667,0.8166666666666667,0.8166666666666667,0.8,0.5,0.024950075149536132,0.001489734649658203
0.5,0.0464159,0.3,10,0.7899999999999999,0.12978614889287857,267,1.0,0.8166666666666667,0.7333333333333334,0.8,0.6,0.025451469421386718,0.001493692398071289
0.5,0.0464159,0.3,20,0.8033333333333333,0.139204086785474,228,0.9,1.0,0.7166666666666667,0.8,0.6,0.025283098220825195,0.0015201568603515625
0.5,0.0464159,0.3,50,0.8266666666666665,0.13441230102437302,72,1.0,0.9166666666666667,0.8166666666666667,0.8,0.6,0.02532353401184082,0.001509714126586914
0.5,0.0464159,0.5,5,0.58,0.12970050972229147,541,0.7166666666666667,0.48333333333333334,0.7333333333333334,0.5666666666666667,0.4,0.020157289505004884,0.0015101432800292969
0.5,0.0464159,0.5,10,0.6566666666666666,0.04422166387140533,511,0.6333333333333333,0.6666666666666666,0.7333333333333334,0.65,0.6000000000000001,0.02010788917541504,0.0015076160430908202
0.5,0.0464159,0.5,20,0.6533333333333333,0.1161416759345623,512,0.7333333333333334,0.6666666666666666,0.8166666666666667,0.55,0.5,0.020096588134765624,0.0015014171600341796
0.5,0.0464159,0.5,50,0.7233333333333334,0.04422166387140536,405,0.8,0.6666666666666666,0.7333333333333334,0.7166666666666667,0.7,0.020028162002563476,0.00150146484375
0.5,0.0464159,0.7,5,0.5166666666666667,0.03333333333333335,641,0.5,0.5,0.5833333333333334,0.5,0.5,0.0046844005584716795,0.0014505863189697265
0.5,0.0464159,0.7,10,0.4766666666666667,0.0940449065311059,753,0.5,0.3,0.5833333333333334,0.5,0.5,0.004614448547363282,0.0014567375183105469
0.5,0.0464159,0.7,20,0.48,0.039999999999999994,737,0.5,0.4,0.5,0.5,0.5,0.004646444320678711,0.0014861106872558593
0.5,0.0464159,0.7,50,0.5166666666666667,0.14643921757659198,641,0.5,0.3833333333333333,0.35,0.75,0.6,0.004644966125488282,0.001482534408569336
0.5,0.0464159,0.9,5,0.5166666666666667,0.03333333333333335,641,0.5,0.5,0.5833333333333334,0.5,0.5,0.004252004623413086,0.0014936447143554688
0.5,0.0464159,0.9,10,0.4766666666666667,0.0940449065311059,753,0.5,0.3,0.5833333333333334,0.5,0.5,0.004220008850097656,0.0014598369598388672
0.5,0.0464159,0.9,20,0.48,0.039999999999999994,737,0.5,0.4,0.5,0.5,0.5,0.004284811019897461,0.0014948844909667969
0.5,0.0464159,0.9,50,0.5166666666666667,0.14643921757659198,641,0.5,0.3833333333333333,0.35,0.75,0.6,0.004213666915893555,0.0014857769012451172
0.5,0.16681,0.1,5,0.6233333333333333,0.12229290885229428,529,0.7166666666666667,0.45,0.7333333333333334,0.7166666666666667,0.5,0.05049395561218262,0.0014272212982177734
0.5,0.16681,0.1,10,0.7533333333333334,0.11897712198383167,357,0.9166666666666667,0.8166666666666667,0.6333333333333333,0.8,0.6,0.04964041709899902,0.001383829116821289
0.5,0.16681,0.1,20,0.8066666666666666,0.14165686240583852,191,1.0,0.9166666666666667,0.7166666666666667,0.8,0.6,0.049726676940917966,0.0013857841491699218
0.5,0.16681,0.1,50,0.8466666666666667,0.09966610925150701,10,1.0,0.9166666666666667,0.7166666666666667,0.8,0.8,0.04969320297241211,0.0014124393463134765
0.5,0.16681,0.3,5,0.6699999999999999,0.06182412330330471,481,0.7333333333333334,0.5666666666666667,0.6333333333333333,0.7166666666666667,0.7,0.05621495246887207,0.0013885021209716797
0.5,0.16681,0.3,10,0.7966666666666666,0.1117536974282681,232,0.9166666666666667,0.8333333333333333,0.6333333333333333,0.9,0.7,0.05622696876525879,0.0013946533203125
0.5,0.16681,0.3,20,0.8066666666666666,0.14165686240583852,191,1.0,0.9166666666666667,0.7166666666666667,0.8,0.6,0.056144332885742186,0.0013905048370361328
0.5,0.16681,0.3,50,0.8666666666666666,0.09831920802501751,1,1.0,0.9166666666666667,0.7166666666666667,0.9,0.8,0.05620341300964356,0.0014529705047607421
0.5,0.16681,0.5,5,0.6833333333333333,0.10903618155864084,469,0.8166666666666667,0.75,0.6333333333333333,0.7166666666666667,0.5,0.060031557083129884,0.0013819694519042968
0.5,0.16681,0.5,10,0.7899999999999999,0.15549205052920803,267,1.0,0.9166666666666667,0.6333333333333333,0.8,0.6,0.059931612014770506,0.0014445781707763672
0.5,0.16681,0.5,20,0.8266666666666665,0.13441230102437302,72,1.0,0.9166666666666667,0.8166666666666667,0.8,0.6,0.05975608825683594,0.0013799667358398438
0.5,0.16681,0.5,50,0.8666666666666666,0.07958224257542214,1,1.0,0.9166666666666667,0.8166666666666667,0.8,0.8,0.05983600616455078,0.0013851165771484376
0.5,0.16681,0.7,5,0.6633333333333333,0.10402991022884824,495,0.8166666666666667,0.65,0.6333333333333333,0.7166666666666667,0.5,0.06850256919860839,0.001393270492553711
0.5,0.16681,0.7,10,0.8299999999999998,0.1240071682515885,55,1.0,0.9166666666666667,0.6333333333333333,0.8,0.8,0.07082958221435547,0.0015030384063720703
0.5,0.16681,0.7,20,0.8066666666666666,0.14165686240583852,191,1.0,0.9166666666666667,0.7166666666666667,0.8,0.6,0.07182960510253907,0.001585245132446289
0.5,0.16681,0.7,50,0.8300000000000001,0.11518101695447333,31,1.0,0.9166666666666667,0.8166666666666667,0.7166666666666667,0.7,0.0718142032623291,0.0015869140625
0.5,0.16681,0.9,5,0.7766666666666666,0.10883218478209673,302,0.9166666666666667,0.8333333333333333,0.8166666666666667,0.7166666666666667,0.6,0.0693014144897461,0.001534748077392578
0.5,0.16681,0.9,10,0.8099999999999999,0.10088497300281037,131,1.0,0.7166666666666667,0.7333333333333334,0.8,0.8,0.06656346321105958,0.0014019012451171875
0.5,0.16681,0.9,20,0.7900000000000001,0.12138094304022087,247,0.9166666666666667,0.9166666666666667,0.7166666666666667,0.8,0.6,0.06662721633911133,0.0013966560363769531
0.5,0.16681,0.9,50,0.8133333333333332,0.10718623460542352,120,1.0,0.8333333333333333,0.8166666666666667,0.7166666666666667,0.7,0.06654644012451172,0.001389312744140625
0.5,0.599484,0.1,5,0.6733333333333333,0.0873053390247253,473,0.7166666666666667,0.7,0.7333333333333334,0.7166666666666667,0.5,0.11307125091552735,0.0014249801635742188
0.5,0.599484,0.1,10,0.7333333333333334,0.14794894014114768,386,0.9166666666666667,0.8166666666666667,0.6333333333333333,0.8,0.5,0.11289291381835938,0.0014186382293701171
0.5,0.599484,0.1,20,0.8466666666666667,0.13638181696985857,10,1.0,0.9166666666666667,0.8166666666666667,0.9,0.6,0.11302270889282226,0.001420307159423828
0.5,0.599484,0.1,50,0.8666666666666666,0.09831920802501751,1,1.0,0.9166666666666667,0.7166666666666667,0.9,0.8,0.11313009262084961,0.001409292221069336
0.5,0.599484,0.3,5,0.7266666666666668,0.10143416036468623,395,0.8166666666666667,0.55,0.7333333333333334,0.8333333333333333,0.7,0.13639864921569825,0.0015221595764160155
0.5,0.599484,0.3,10,0.7533333333333334,0.11897712198383167,357,0.9166666666666667,0.8166666666666667,0.6333333333333333,0.8,0.6,0.14088330268859864,0.0016430377960205077
0.5,0.599484,0.3,20,0.8266666666666665,0.14628738838327796,72,1.0,0.9166666666666667,0.7166666666666667,0.9,0.6,0.13710989952087402,0.0015528202056884766
0.5,0.599484,0.3,50,0.85,0.1256096245427785,6,1.0,0.9166666666666667,0.6333333333333333,0.9,0.8,0.13385109901428222,0.0014487266540527343
0.5,0.599484,0.5,5,0.71,0.09165151389911677,440,0.7333333333333334,0.55,0.7333333333333334,0.8333333333333333,0.7,0.1632768154144287,0.0014421939849853516
0.5,0.599484,0.5,10,0.7933333333333333,0.11671427600007733,238,0.9166666666666667,0.8166666666666667,0.7333333333333334,0.9,0.6,0.16218209266662598,0.0014346122741699218
0.5,0.599484,0.5,20,0.8266666666666665,0.14628738838327796,72,1.0,0.9166666666666667,0.7166666666666667,0.9,0.6,0.162276554107666,0.0014616489410400391
0.5,0.599484,0.5,50,0.8300000000000001,0.07257180352359083,31,0.9,0.9166666666666667,0.7166666666666667,0.8166666666666667,0.8,0.16727933883666993,0.0016182422637939452
0.5,0.599484,0.7,5,0.7066666666666667,0.03887301263230204,454,0.7333333333333334,0.7333333333333334,0.6333333333333333,0.7333333333333334,0.7,0.18070425987243652,0.0016339778900146484
0.5,0.599484,0.7,10,0.8166666666666667,0.05374838498865698,116,0.8333333333333333,0.8166666666666667,0.7333333333333334,0.9,0.8,0.17342467308044435,0.0014541149139404297
0.5,0.599484,0.7,20,0.8099999999999999,0.16179548132682134,131,1.0,0.9166666666666667,0.6333333333333333,0.9,0.6,0.17352113723754883,0.0014408588409423827
0.5,0.599484,0.7,50,0.85,0.09831920802501751,6,1.0,0.9166666666666667,0.7166666666666667,0.8166666666666667,0.8,0.17356009483337403,0.0014446258544921875
0.5,0.599484,0.9,5,0.7233333333333334,0.013333333333333374,405,0.7333333333333334,0.7333333333333334,0.7166666666666667,0.7333333333333334,0.7,0.20715751647949218,0.001451396942138672
0.5,0.599484,0.9,10,0.8166666666666667,0.05374838498865698,116,0.8333333333333333,0.8166666666666667,0.7333333333333334,0.9,0.8,0.2177988052368164,0.0016465187072753906
0.5,0.599484,0.9,20,0.8300000000000001,0.14391355429948602,31,1.0,0.9166666666666667,0.7333333333333334,0.9,0.6,0.20964426994323732,0.001528167724609375
0.5,0.599484,0.9,50,0.7933333333333333,0.14007934259633797,238,1.0,0.9166666666666667,0.6333333333333333,0.7166666666666667,0.7,0.20754103660583495,0.0014804840087890626
0.5,2.15443,0.1,5,0.6433333333333333,0.09809292646374775,525,0.7166666666666667,0.55,0.7333333333333334,0.7166666666666667,0.5,0.22277684211730958,0.0014795780181884766
0.5,2.15443,0.1,10,0.7166666666666666,0.12560962454277846,413,0.8333333333333333,0.8,0.65,0.8,0.5,0.22630934715270995,0.0015275001525878907
0.5,2.15443,0.1,20,0.8099999999999999,0.16179548132682134,131,1.0,0.9166666666666667,0.6333333333333333,0.9,0.6,0.23295421600341798,0.0016026973724365234
0.5,2.15443,0.1,50,0.8666666666666666,0.09831920802501751,1,1.0,0.9166666666666667,0.7166666666666667,0.9,0.8,0.22314934730529784,0.0014684200286865234
0.5,2.15443,0.3,5,0.71,0.14047538337136983,440,0.8333333333333333,0.45,0.7333333333333334,0.8333333333333333,0.7,0.2860401153564453,0.0015001773834228515
0.5,2.15443,0.3,10,0.7533333333333334,0.11897712198383167,357,0.9166666666666667,0.8166666666666667,0.6333333333333333,0.8,0.6,0.2898875713348389,0.0015653133392333984
0.5,2.15443,0.3,20,0.8466666666666667,0.13638181696985857,10,1.0,0.9166666666666667,0.8166666666666667,0.9,0.6,0.2953610420227051,0.0015951633453369141
0.5,2.15443,0.3,50,0.85,0.1256096245427785,6,1.0,0.9166666666666667,0.6333333333333333,0.9,0.8,0.2866079330444336,0.0014923095703125
0.5,2.15443,0.5,5,0.7066666666666668,0.1138224738597591,450,0.8166666666666667,0.55,0.7333333333333334,0.8333333333333333,0.6000000000000001,0.3271190166473389,0.001535511016845703
0.5,2.15443,0.5,10,0.7566666666666667,0.12092238098144704,351,0.9166666666666667,0.8333333333333333,0.6333333333333333,0.8,0.6,0.3408759593963623,0.0017783164978027344
0.5,2.15443,0.5,20,0.8099999999999999,0.16179548132682134,131,1.0,0.9166666666666667,0.6333333333333333,0.9,0.6,0.3294253349304199,0.0015635490417480469
0.5,2.15443,0.5,50,0.8300000000000001,0.07257180352359083,31,0.9,0.9166666666666667,0.7166666666666667,0.8166666666666667,0.8,0.32913622856140134,0.0015673160552978516
0.5,2.15443,0.7,5,0.7100000000000001,0.07999999999999996,436,0.7333333333333334,0.65,0.7333333333333334,0.8333333333333333,0.6000000000000001,0.40413546562194824,0.0015395641326904296
0.5,2.15443,0.7,10,0.76,0.08793937305515279,349,0.8333333333333333,0.8333333333333333,0.7333333333333334,0.8,0.6,0.4032007694244385,0.0015210628509521485
0.5,2.15443,0.7,20,0.79,0.15333333333333335,262,1.0,0.8166666666666667,0.6333333333333333,0.9,0.6,0.40307035446166994,0.0015329360961914063
0.5,2.15443,0.7,50,0.8266666666666665,0.14628738838327796,72,1.0,0.9166666666666667,0.7166666666666667,0.9,0.6,0.40233192443847654,0.001526021957397461
0.5,2.15443,0.9,5,0.7233333333333334,0.07423685817106691,405,0.7166666666666667,0.7333333333333334,0.7333333333333334,0.8333333333333333,0.6000000000000001,0.4431722640991211,0.0015221595764160155
0.5,2.15443,0.9,10,0.7766666666666667,0.07717224601860152,300,0.9166666666666667,0.7333333333333334,0.7333333333333334,0.8,0.7,0.4436052322387695,0.0015157699584960938
0.5,2.15443,0.9,20,0.7933333333333332,0.15584892970081282,246,1.0,0.9166666666666667,0.6333333333333333,0.8166666666666667,0.6,0.4422290325164795,0.001529359817504883
0.5,2.15443,0.9,50,0.8333333333333333,0.12337837015547833,30,1.0,0.9166666666666667,0.6333333333333333,0.8166666666666667,0.8,0.4420941829681396,0.001520824432373047
0.5,7.74264,0.1,5,0.6466666666666667,0.10077477638553985,513,0.7333333333333334,0.55,0.7333333333333334,0.7166666666666667,0.5,0.27705159187316897,0.0015019416809082032
0.5,7.74264,0.1,10,0.7666666666666666,0.16055459438389727,332,1.0,0.8,0.7333333333333334,0.8,0.5,0.27675480842590333,0.0014983177185058593
0.5,7.74264,0.1,20,0.8099999999999999,0.16179548132682134,131,1.0,0.9166666666666667,0.6333333333333333,0.9,0.6,0.2815404891967773,0.001626729965209961
0.5,7.74264,0.1,50,0.8466666666666667,0.11803954139750518,10,1.0,0.9166666666666667,0.7166666666666667,0.9,0.7,0.2798116207122803,0.0015311717987060546
0.5,7.74264,0.3,5,0.6033333333333333,0.14659088951530683,533,0.7166666666666667,0.45,0.7333333333333334,0.7166666666666667,0.4,0.4482861518859863,0.001532125473022461
0.5,7.74264,0.3,10,0.7333333333333334,0.14794894014114768,386,0.9166666666666667,0.8166666666666667,0.6333333333333333,0.8,0.5,0.46267046928405764,0.0016357898712158203
0.5,7.74264,0.3,20,0.8300000000000001,0.14391355429948602,31,1.0,0.9166666666666667,0.7333333333333334,0.9,0.6,0.4723981857299805,0.001697397232055664
0.5,7.74264,0.3,50,0.8299999999999998,0.13920408678547402,55,1.0,0.9166666666666667,0.6333333333333333,0.9,0.7,0.4702169418334961,0.0016730308532714843
0.5,7.74264,0.5,5,0.7266666666666668,0.15797327481430382,395,0.9166666666666667,0.45,0.7333333333333334,0.8333333333333333,0.7,0.5281742572784424,0.0015619277954101562
0.5,7.74264,0.5,10,0.7333333333333334,0.14794894014114768,386,0.9166666666666667,0.8166666666666667,0.6333333333333333,0.8,0.5,0.5194121360778808,0.0015913009643554687
0.5,7.74264,0.5,20,0.8300000000000001,0.14391355429948602,31,1.0,0.9166666666666667,0.7333333333333334,0.9,0.6,0.5197365760803223,0.0015386581420898438
0.5,7.74264,0.5,50,0.85,0.1256096245427785,6,1.0,0.9166666666666667,0.6333333333333333,0.9,0.8,0.5207279205322266,0.0015542984008789062
0.5,7.74264,0.7,5,0.6733333333333332,0.12675435561221027,477,0.75,0.55,0.7333333333333334,0.8333333333333333,0.5,0.5628722190856934,0.0016129970550537109
0.5,7.74264,0.7,10,0.7933333333333333,0.1167142760000773,238,0.9166666666666667,0.8166666666666667,0.7333333333333334,0.9,0.6000000000000001,0.5602645874023438,0.0015441417694091798
0.5,7.74264,0.7,20,0.8300000000000001,0.14391355429948602,31,1.0,0.9166666666666667,0.7333333333333334,0.9,0.6,0.5593467712402344,0.001544809341430664
0.5,7.74264,0.7,50,0.7933333333333334,0.11671427600007733,237,0.9,0.9166666666666667,0.7333333333333334,0.8166666666666667,0.6,0.5633651733398437,0.0015570640563964844
0.5,7.74264,0.9,5,0.6933333333333332,0.10360180178613364,459,0.75,0.55,0.7333333333333334,0.8333333333333333,0.6000000000000001,0.6946157455444336,0.0016738414764404298
0.5,7.74264,0.9,10,0.76,0.08793937305515279,349,0.8333333333333333,0.8333333333333333,0.7333333333333334,0.8,0.6,0.7243204116821289,0.0017040252685546875
0.5,7.74264,0.9,20,0.8099999999999999,0.16179548132682134,131,1.0,0.9166666666666667,0.6333333333333333,0.9,0.6,0.7239751815795898,0.0016901493072509766
0.5,7.74264,0.9,50,0.7900000000000001,0.11860297916438133,247,0.9,0.9166666666666667,0.7166666666666667,0.8166666666666667,0.6,0.6880390644073486,0.0015474796295166016
0.5,27.8256,0.1,5,0.6666666666666667,0.1233783701554783,483,0.8333333333333333,0.55,0.7333333333333334,0.7166666666666667,0.5,0.2793848991394043,0.0015395641326904296
0.5,27.8256,0.1,10,0.7866666666666666,0.12927146286443544,285,1.0,0.8,0.7333333333333334,0.8,0.6,0.27913384437561034,0.0015498638153076173
0.5,27.8256,0.1,20,0.8099999999999999,0.16179548132682134,131,1.0,0.9166666666666667,0.6333333333333333,0.9,0.6,0.2793309688568115,0.001540374755859375
0.5,27.8256,0.1,50,0.8466666666666667,0.11803954139750518,10,1.0,0.9166666666666667,0.7166666666666667,0.9,0.7,0.27909674644470217,0.0015430450439453125
0.5,27.8256,0.3,5,0.6466666666666667,0.10077477638553985,513,0.7333333333333334,0.55,0.7333333333333334,0.7166666666666667,0.5,0.40404863357543946,0.001552438735961914
0.5,27.8256,0.3,10,0.7666666666666666,0.16055459438389727,332,1.0,0.8,0.7333333333333334,0.8,0.5,0.40473251342773436,0.0015484809875488282
0.5,27.8256,0.3,20,0.8099999999999999,0.16179548132682134,131,1.0,0.9166666666666667,0.6333333333333333,0.9,0.6,0.4056569576263428,0.0015532016754150391
0.5,27.8256,0.3,50,0.8466666666666667,0.11803954139750518,10,1.0,0.9166666666666667,0.7166666666666667,0.9,0.7,0.4070113182067871,0.0015630245208740235
0.5,27.8256,0.5,5,0.6466666666666667,0.10077477638553985,513,0.7333333333333334,0.55,0.7333333333333334,0.7166666666666667,0.5,0.5974483966827393,0.0015433311462402343
0.5,27.8256,0.5,10,0.72,0.11661903789690602,412,0.8333333333333333,0.7333333333333334,0.7333333333333334,0.8,0.5,0.5970544338226318,0.0015552043914794922
0.5,27.8256,0.5,20,0.8099999999999999,0.16179548132682134,131,1.0,0.9166666666666667,0.6333333333333333,0.9,0.6,0.6246979236602783,0.0016825675964355468
0.5,27.8256,0.5,50,0.8466666666666667,0.11803954139750518,10,1.0,0.9166666666666667,0.7166666666666667,0.9,0.7,0.6279884815216065,0.0016817569732666016
0.5,27.8256,0.7,5,0.6033333333333333,0.14659088951530683,533,0.7166666666666667,0.45,0.7333333333333334,0.7166666666666667,0.4,0.6641592979431152,0.0016187191009521484
0.5,27.8256,0.7,10,0.7333333333333334,0.14794894014114768,386,0.9166666666666667,0.8166666666666667,0.6333333333333333,0.8,0.5,0.6489081859588623,0.0015614986419677734
0.5,27.8256,0.7,20,0.8300000000000001,0.14391355429948602,31,1.0,0.9166666666666667,0.7333333333333334,0.9,0.6,0.6485013008117676,0.001543569564819336
0.5,27.8256,0.7,50,0.8299999999999998,0.13920408678547402,55,1.0,0.9166666666666667,0.6333333333333333,0.9,0.7,0.6472421169281006,0.0015650749206542968
0.5,27.8256,0.9,5,0.6866666666666668,0.1829996964174774,465,0.9166666666666667,0.45,0.7333333333333334,0.8333333333333333,0.5,0.7004001617431641,0.001551198959350586
0.5,27.8256,0.9,10,0.7133333333333334,0.1811690432226826,428,0.9166666666666667,0.8166666666666667,0.6333333333333333,0.8,0.4,0.7013957023620605,0.001570749282836914
0.5,27.8256,0.9,20,0.8300000000000001,0.14391355429948602,31,1.0,0.9166666666666667,0.7333333333333334,0.9,0.6,0.7026167392730713,0.0016926288604736327
0.5,27.8256,0.9,50,0.8299999999999998,0.13920408678547402,55,1.0,0.9166666666666667,0.6333333333333333,0.9,0.7,0.7248334407806396,0.001674985885620117
0.5,100.0,0.1,5,0.6666666666666667,0.1233783701554783,483,0.8333333333333333,0.55,0.7333333333333334,0.7166666666666667,0.5,0.3454438209533691,0.0016768932342529296
0.5,100.0,0.1,10,0.8066666666666666,0.13727506854649335,191,1.0,0.8,0.7333333333333334,0.9,0.6,0.34549636840820314,0.001680898666381836
0.5,100.0,0.1,20,0.8099999999999999,0.16179548132682134,131,1.0,0.9166666666666667,0.6333333333333333,0.9,0.6,0.34381976127624514,0.0016695022583007812
0.5,100.0,0.1,50,0.8466666666666667,0.11803954139750518,10,1.0,0.9166666666666667,0.7166666666666667,0.9,0.7,0.33127412796020506,0.0015503883361816407
0.5,100.0,0.3,5,0.6666666666666667,0.1233783701554783,483,0.8333333333333333,0.55,0.7333333333333334,0.7166666666666667,0.5,0.3397531986236572,0.0015422344207763673
0.5,100.0,0.3,10,0.8066666666666666,0.13727506854649335,191,1.0,0.8,0.7333333333333334,0.9,0.6,0.3399350643157959,0.0015417098999023437
0.5,100.0,0.3,20,0.8099999999999999,0.16179548132682134,131,1.0,0.9166666666666667,0.6333333333333333,0.9,0.6,0.34006662368774415,0.0015341281890869141
0.5,100.0,0.3,50,0.8466666666666667,0.11803954139750518,10,1.0,0.9166666666666667,0.7166666666666667,0.9,0.7,0.3407137393951416,0.0015367031097412109
0.5,100.0,0.5,5,0.6633333333333333,0.11897712198383165,495,0.8166666666666667,0.55,0.7333333333333334,0.7166666666666667,0.5,0.3642411231994629,0.0015508174896240235
0.5,100.0,0.5,10,0.7866666666666666,0.12927146286443544,285,1.0,0.8,0.7333333333333334,0.8,0.6,0.363629674911499,0.0015462398529052734
0.5,100.0,0.5,20,0.8099999999999999,0.16179548132682134,131,1.0,0.9166666666666667,0.6333333333333333,0.9,0.6,0.36394510269165037,0.001535654067993164
0.5,100.0,0.5,50,0.8466666666666667,0.11803954139750518,10,1.0,0.9166666666666667,0.7166666666666667,0.9,0.7,0.3642209529876709,0.0015388011932373046
0.5,100.0,0.7,5,0.6633333333333333,0.11897712198383165,495,0.8166666666666667,0.55,0.7333333333333334,0.7166666666666667,0.5,0.4023991584777832,0.0015572071075439452
0.5,100.0,0.7,10,0.7666666666666666,0.16055459438389727,332,1.0,0.8,0.7333333333333334,0.8,0.5,0.4030517578125,0.0015369415283203124
0.5,100.0,0.7,20,0.8099999999999999,0.16179548132682134,131,1.0,0.9166666666666667,0.6333333333333333,0.9,0.6,0.40428481101989744,0.001548433303833008
0.5,100.0,0.7,50,0.8466666666666667,0.11803954139750518,10,1.0,0.9166666666666667,0.7166666666666667,0.9,0.7,0.41007413864135744,0.0015850543975830078
0.5,100.0,0.9,5,0.6633333333333333,0.11897712198383165,495,0.8166666666666667,0.55,0.7333333333333334,0.7166666666666667,0.5,0.48495235443115237,0.001678800582885742
0.5,100.0,0.9,10,0.7666666666666666,0.16055459438389727,332,1.0,0.8,0.7333333333333334,0.8,0.5,0.48483810424804685,0.0017348289489746093
0.5,100.0,0.9,20,0.8099999999999999,0.16179548132682134,131,1.0,0.9166666666666667,0.6333333333333333,0.9,0.6,0.48381805419921875,0.0016522884368896484
0.5,100.0,0.9,50,0.8466666666666667,0.11803954139750518,10,1.0,0.9166666666666667,0.7166666666666667,0.9,0.7,0.46172142028808594,0.0015575885772705078
