param_clf__max_features,param_clf__min_samples_leaf,param_selector__C,param_selector__l1_ratio,param_selector__top_k,mean_test_score,std_test_score,rank_test_score,split0_test_score,split1_test_score,split2_test_score,split3_test_score,split4_test_score,mean_fit_time,mean_score_time
sqrt,1,0.001,0.1,5,0.61,0.16451950239004087,245,0.8333333333333333,0.45,0.6333333333333333,0.7333333333333334,0.4,0.48104681968688967,0.021294212341308592
sqrt,1,0.001,0.1,10,0.61,0.16350331291240963,245,0.9166666666666667,0.45,0.6166666666666667,0.5666666666666667,0.5,0.4848111629486084,0.021365022659301756
sqrt,1,0.001,0.1,20,0.6133333333333333,0.11850925889754116,193,0.8333333333333333,0.5333333333333333,0.6333333333333333,0.5666666666666667,0.5,0.4912867546081543,0.02135186195373535
sqrt,1,0.001,0.1,50,0.56,0.06463573143221772,577,0.65,0.55,0.6166666666666667,0.48333333333333334,0.5,0.5117496013641357,0.02125582695007324
sqrt,1,0.001,0.3,5,0.61,0.16451950239004087,245,0.8333333333333333,0.45,0.6333333333333333,0.7333333333333334,0.4,0.48357477188110354,0.021338987350463866
sqrt,1,0.001,0.3,10,0.61,0.16350331291240963,245,0.9166666666666667,0.45,0.6166666666666667,0.5666666666666667,0.5,0.48582916259765624,0.021251869201660157
sqrt,1,0.001,0.3,20,0.6133333333333333,0.11850925889754116,193,0.8333333333333333,0.5333333333333333,0.6333333333333333,0.5666666666666667,0.5,0.49206175804138186,0.021398210525512697
sqrt,1,0.001,0.3,50,0.56,0.06463573143221772,577,0.65,0.55,0.6166666666666667,0.48333333333333334,0.5,0.49836091995239257,0.021445798873901366
sqrt,1,0.001,0.5,5,0.61,0.16451950239004087,245,0.8333333333333333,0.45,0.6333333333333333,0.7333333333333334,0.4,0.4824854850769043,0.02143440246582031
sqrt,1,0.001,0.5,10,0.61,0.16350331291240963,245,0.9166666666666667,0.45,0.6166666666666667,0.5666666666666667,0.5,0.4857670783996582,0.021511220932006837
sqrt,1,0.001,0.5,20,0.6133333333333333,0.11850925889754116,193,0.8333333333333333,0.5333333333333333,0.6333333333333333,0.5666666666666667,0.5,0.4925281047821045,0.02136530876159668
sqrt,1,0.001,0.5,50,0.56,0.06463573143221772,577,0.65,0.55,0.6166666666666667,0.48333333333333334,0.5,0.4977241039276123,0.021435976028442383
sqrt,1,0.001,0.7,5,0.61,0.16451950239004087,245,0.8333333333333333,0.45,0.6333333333333333,0.7333333333333334,0.4,0.4810328483581543,0.021348905563354493
sqrt,1,0.001,0.7,10,0.61,0.16350331291240963,245,0.9166666666666667,0.45,0.6166666666666667,0.5666666666666667,0.5,0.48816356658935545,0.021667003631591797
sqrt,1,0.001,0.7,20,0.6133333333333333,0.11850925889754116,193,0.8333333333333333,0.5333333333333333,0.6333333333333333,0.5666666666666667,0.5,0.494304895401001,0.021369791030883788
sqrt,1,0.001,0.7,50,0.56,0.06463573143221772,577,0.65,0.55,0.6166666666666667,0.48333333333333334,0.5,0.4998623847961426,0.02137722969055176
sqrt,1,0.001,0.9,5,0.61,0.16451950239004087,245,0.8333333333333333,0.45,0.6333333333333333,0.7333333333333334,0.4,0.48453388214111326,0.021231460571289062
sqrt,1,0.001,0.9,10,0.61,0.16350331291240963,245,0.9166666666666667,0.45,0.6166666666666667,0.5666666666666667,0.5,0.4873198986053467,0.02133479118347168
sqrt,1,0.001,0.9,20,0.6133333333333333,0.11850925889754116,193,0.8333333333333333,0.5333333333333333,0.6333333333333333,0.5666666666666667,0.5,0.4940885066986084,0.021362113952636718
sqrt,1,0.001,0.9,50,0.56,0.06463573143221772,577,0.65,0.55,0.6166666666666667,0.48333333333333334,0.5,0.49796380996704104,0.02141280174255371
sqrt,1,0.00359381,0.1,5,0.61,0.16451950239004087,245,0.8333333333333333,0.45,0.6333333333333333,0.7333333333333334,0.4,0.4883204460144043,0.02137017250061035
sqrt,1,0.00359381,0.1,10,0.61,0.16350331291240963,245,0.9166666666666667,0.45,0.6166666666666667,0.5666666666666667,0.5,0.48740530014038086,0.021530628204345703
sqrt,1,0.00359381,0.1,20,0.6133333333333333,0.11850925889754116,193,0.8333333333333333,0.5333333333333333,0.6333333333333333,0.5666666666666667,0.5,0.49286422729492185,0.0214357852935791
sqrt,1,0.00359381,0.1,50,0.56,0.06463573143221772,577,0.65,0.55,0.6166666666666667,0.48333333333333334,0.5,0.4973165988922119,0.02153353691101074
sqrt,1,0.00359381,0.3,5,0.61,0.16451950239004087,245,0.8333333333333333,0.45,0.6333333333333333,0.7333333333333334,0.4,0.4841174125671387,0.021522092819213866
sqrt,1,0.00359381,0.3,10,0.61,0.16350331291240963,245,0.9166666666666667,0.45,0.6166666666666667,0.5666666666666667,0.5,0.48993215560913084,0.021633386611938477
sqrt,1,0.00359381,0.3,20,0.6133333333333333,0.11850925889754116,193,0.8333333333333333,0.5333333333333333,0.6333333333333333,0.5666666666666667,0.5,0.492732572555542,0.021388149261474608
sqrt,1,0.00359381,0.3,50,0.56,0.06463573143221772,577,0.65,0.55,0.6166666666666667,0.48333333333333334,0.5,0.4985675811767578,0.021518898010253907
sqrt,1,0.00359381,0.5,5,0.61,0.16451950239004087,245,0.8333333333333333,0.45,0.6333333333333333,0.7333333333333334,0.4,0.4839740753173828,0.021283054351806642
sqrt,1,0.00359381,0.5,10,0.61,0.16350331291240963,245,0.9166666666666667,0.45,0.6166666666666667,0.5666666666666667,0.5,0.4881324768066406,0.021261072158813475
sqrt,1,0.00359381,0.5,20,0.6133333333333333,0.11850925889754116,193,0.8333333333333333,0.5333333333333333,0.6333333333333333,0.5666666666666667,0.5,0.4934338092803955,0.021448135375976562
sqrt,1,0.00359381,0.5,50,0.56,0.06463573143221772,577,0.65,0.55,0.6166666666666667,0.48333333333333334,0.5,0.49830102920532227,0.021307945251464844
sqrt,1,0.00359381,0.7,5,0.61,0.16451950239004087,245,0.8333333333333333,0.45,0.6333333333333333,0.7333333333333334,0.4,0.48343658447265625,0.021288299560546876
sqrt,1,0.00359381,0.7,10,0.61,0.16350331291240963,245,0.9166666666666667,0.45,0.6166666666666667,0.5666666666666667,0.5,0.4873471260070801,0.021225452423095703
sqrt,1,0.00359381,0.7,20,0.6133333333333333,0.11850925889754116,193,0.8333333333333333,0.5333333333333333,0.6333333333333333,0.5666666666666667,0.5,0.4929793834686279,0.021294450759887694
sqrt,1,0.00359381,0.7,50,0.56,0.06463573143221772,577,0.65,0.55,0.6166666666666667,0.48333333333333334,0.5,0.49733500480651854,0.021385622024536134
sqrt,1,0.00359381,0.9,5,0.61,0.16451950239004087,245,0.8333333333333333,0.45,0.6333333333333333,0.7333333333333334,0.4,0.4821153163909912,0.022210454940795897
sqrt,1,0.00359381,0.9,10,0.61,0.16350331291240963,245,0.9166666666666667,0.45,0.6166666666666667,0.5666666666666667,0.5,0.48535642623901365,0.02146139144897461
sqrt,1,0.00359381,0.9,20,0.6133333333333333,0.11850925889754116,193,0.8333333333333333,0.5333333333333333,0.6333333333333333,0.5666666666666667,0.5,0.49184751510620117,0.02159457206726074
sqrt,1,0.00359381,0.9,50,0.56,0.06463573143221772,577,0.65,0.55,0.6166666666666667,0.48333333333333334,0.5,0.4981677055358887,0.021395015716552734
sqrt,1,0.0129155,0.1,5,0.5133333333333334,0.10561986345169908,744,0.3833333333333333,0.4166666666666667,0.6166666666666667,0.65,0.5,0.4926356315612793,0.021357297897338867
sqrt,1,0.0129155,0.1,10,0.5533333333333333,0.16069294390925268,634,0.3833333333333333,0.4166666666666667,0.8166666666666667,0.65,0.5,0.4950895309448242,0.021530342102050782
sqrt,1,0.0129155,0.1,20,0.5566666666666666,0.17782638224465522,617,0.3833333333333333,0.3333333333333333,0.8166666666666667,0.65,0.6000000000000001,0.49957451820373533,0.02123088836669922
sqrt,1,0.0129155,0.1,50,0.6133333333333334,0.09854496999396324,186,0.48333333333333334,0.5333333333333333,0.7166666666666667,0.7333333333333334,0.6000000000000001,0.5047660350799561,0.021392202377319335
sqrt,1,0.0129155,0.3,5,0.61,0.16451950239004087,245,0.8333333333333333,0.45,0.6333333333333333,0.7333333333333334,0.4,0.48490357398986816,0.02117748260498047
sqrt,1,0.0129155,0.3,10,0.61,0.16350331291240963,245,0.9166666666666667,0.45,0.6166666666666667,0.5666666666666667,0.5,0.4884474754333496,0.02153148651123047
sqrt,1,0.0129155,0.3,20,0.6133333333333333,0.11850925889754116,193,0.8333333333333333,0.5333333333333333,0.6333333333333333,0.5666666666666667,0.5,0.49158434867858886,0.0213259220123291
sqrt,1,0.0129155,0.3,50,0.56,0.06463573143221772,577,0.65,0.55,0.6166666666666667,0.48333333333333334,0.5,0.4969335556030273,0.021392154693603515
sqrt,1,0.0129155,0.5,5,0.61,0.16451950239004087,245,0.8333333333333333,0.45,0.6333333333333333,0.7333333333333334,0.4,0.48126907348632814,0.021407318115234376
sqrt,1,0.0129155,0.5,10,0.61,0.16350331291240963,245,0.9166666666666667,0.45,0.6166666666666667,0.5666666666666667,0.5,0.48589301109313965,0.021807098388671876
sqrt,1,0.0129155,0.5,20,0.6133333333333333,0.11850925889754116,193,0.8333333333333333,0.5333333333333333,0.6333333333333333,0.5666666666666667,0.5,0.4924188137054443,0.021427392959594727
sqrt,1,0.0129155,0.5,50,0.56,0.06463573143221772,577,0.65,0.55,0.6166666666666667,0.48333333333333334,0.5,0.49878807067871095,0.021287155151367188
sqrt,1,0.0129155,0.7,5,0.61,0.16451950239004087,245,0.8333333333333333,0.45,0.6333333333333333,0.7333333333333334,0.4,0.48158979415893555,0.021314477920532225
sqrt,1,0.0129155,0.7,10,0.61,0.16350331291240963,245,0.9166666666666667,0.45,0.6166666666666667,0.5666666666666667,0.5,0.4855381488800049,0.021211719512939452
sqrt,1,0.0129155,0.7,20,0.6133333333333333,0.11850925889754116,193,0.8333333333333333,0.5333333333333333,0.6333333333333333,0.5666666666666667,0.5,0.4911628723144531,0.021535062789916994
sqrt,1,0.0129155,0.7,50,0.56,0.06463573143221772,577,0.65,0.55,0.6166666666666667,0.48333333333333334,0.5,0.49602155685424804,0.021396589279174805
sqrt,1,0.0129155,0.9,5,0.61,0.16451950239004087,245,0.8333333333333333,0.45,0.6333333333333333,0.7333333333333334,0.4,0.48192386627197265,0.021670818328857422
sqrt,1,0.0129155,0.9,10,0.61,0.16350331291240963,245,0.9166666666666667,0.45,0.6166666666666667,0.5666666666666667,0.5,0.4851667881011963,0.021269941329956056
sqrt,1,0.0129155,0.9,20,0.6133333333333333,0.11850925889754116,193,0.8333333333333333,0.5333333333333333,0.6333333333333333,0.5666666666666667,0.5,0.4917433261871338,0.021649169921875
sqrt,1,0.0129155,0.9,50,0.56,0.06463573143221772,577,0.65,0.55,0.6166666666666667,0.48333333333333334,0.5,0.498456335067749,0.021471071243286132
sqrt,1,0.0464159,0.1,5,0.6000000000000001,0.13207741837439302,372,0.3833333333333333,0.6,0.6166666666666667,0.8,0.6,0.5046130657196045,0.02145538330078125
sqrt,1,0.0464159,0.1,10,0.55,0.1140175425099138,650,0.4666666666666667,0.4166666666666667,0.7166666666666667,0.65,0.5,0.5058874607086181,0.021526861190795898
sqrt,1,0.0464159,0.1,20,0.6166666666666667,0.0767390962214756,174,0.48333333333333334,0.6333333333333333,0.7166666666666667,0.65,0.6000000000000001,0.5079604148864746,0.021314382553100586
sqrt,1,0.0464159,0.1,50,0.6866666666666666,0.08259674462242574,8,0.65,0.6333333333333333,0.7166666666666667,0.8333333333333333,0.6000000000000001,0.5132248878479004,0.021397972106933595
sqrt,1,0.0464159,0.3,5,0.55,0.07958224257542214,650,0.65,0.4166666666666667,0.5166666666666667,0.5666666666666667,0.6,0.5049460411071778,0.021230506896972656
sqrt,1,0.0464159,0.3,10,0.6333333333333334,0.14452988925785867,125,0.3833333333333333,0.7166666666666667,0.8166666666666667,0.65,0.6,0.5064855575561523,0.02134695053100586
sqrt,1,0.0464159,0.3,20,0.63,0.13140268896284682,139,0.4666666666666667,0.7166666666666667,0.8166666666666667,0.65,0.5,0.5121406555175781,0.02152528762817383
sqrt,1,0.0464159,0.3,50,0.5966666666666667,0.12174654911833115,376,0.48333333333333334,0.6333333333333333,0.8166666666666667,0.55,0.5,0.5180111408233643,0.02124466896057129
sqrt,1,0.0464159,0.5,5,0.55,0.12110601416389968,650,0.5333333333333333,0.45,0.6333333333333333,0.7333333333333334,0.4,0.48703765869140625,0.02133665084838867
sqrt,1,0.0464159,0.5,10,0.54,0.05830951894845301,674,0.5666666666666667,0.45,0.6166666666666667,0.5666666666666667,0.5,0.4906966209411621,0.021819162368774413
sqrt,1,0.0464159,0.5,20,0.5766666666666667,0.057348835113617505,489,0.65,0.5333333333333333,0.6333333333333333,0.5666666666666667,0.5,0.49801182746887207,0.021478033065795897
sqrt,1,0.0464159,0.5,50,0.5566666666666666,0.06018490028422596,617,0.6333333333333333,0.55,0.6166666666666667,0.48333333333333334,0.5,0.5028600692749023,0.02134990692138672
sqrt,1,0.0464159,0.7,5,0.61,0.16451950239004087,245,0.8333333333333333,0.45,0.6333333333333333,0.7333333333333334,0.4,0.4859274387359619,0.02135920524597168
sqrt,1,0.0464159,0.7,10,0.61,0.16350331291240963,245,0.9166666666666667,0.45,0.6166666666666667,0.5666666666666667,0.5,0.49064044952392577,0.021357107162475585
sqrt,1,0.0464159,0.7,20,0.6133333333333333,0.11850925889754116,193,0.8333333333333333,0.5333333333333333,0.6333333333333333,0.5666666666666667,0.5,0.4961391448974609,0.021544408798217774
sqrt,1,0.0464159,0.7,50,0.56,0.06463573143221772,577,0.65,0.55,0.6166666666666667,0.48333333333333334,0.5,0.5016597270965576,0.021426296234130858
sqrt,1,0.0464159,0.9,5,0.61,0.16451950239004087,245,0.8333333333333333,0.45,0.6333333333333333,0.7333333333333334,0.4,0.4877115249633789,0.02117466926574707
sqrt,1,0.0464159,0.9,10,0.61,0.16350331291240963,245,0.9166666666666667,0.45,0.6166666666666667,0.5666666666666667,0.5,0.48885464668273926,0.021702003479003907
sqrt,1,0.0464159,0.9,20,0.6133333333333333,0.11850925889754116,193,0.8333333333333333,0.5333333333333333,0.6333333333333333,0.5666666666666667,0.5,0.49541478157043456,0.021489429473876952
sqrt,1,0.0464159,0.9,50,0.56,0.06463573143221772,577,0.65,0.55,0.6166666666666667,0.48333333333333334,0.5,0.5009308815002441,0.021581411361694336
sqrt,1,0.16681,0.1,5,0.6033333333333334,0.13266499161421602,343,0.3833333333333333,0.6333333333333333,0.6,0.8,0.6,0.5359896659851074,0.021433401107788085
sqrt,1,0.16681,0.1,10,0.5266666666666666,0.1558489297008128,718,0.3833333333333333,0.4166666666666667,0.7,0.7333333333333334,0.4,0.5379523754119873,0.021368741989135742
sqrt,1,0.16681,0.1,20,0.5900000000000001,0.09580071908799943,413,0.65,0.43333333333333335,0.7166666666666667,0.55,0.6000000000000001,0.5401989459991455,0.021303081512451173
sqrt,1,0.16681,0.1,50,0.65,0.09428090415820631,60,0.5666666666666667,0.6333333333333333,0.6166666666666667,0.8333333333333333,0.6000000000000001,0.5476329803466797,0.021463918685913085
sqrt,1,0.16681,0.3,5,0.6100000000000001,0.1474222959166399,232,0.3833333333333333,0.7333333333333334,0.5333333333333333,0.8,0.6000000000000001,0.5379017353057861,0.021304750442504884
sqrt,1,0.16681,0.3,10,0.6066666666666667,0.08472176684759225,300,0.4666666666666667,0.6166666666666667,0.6166666666666667,0.7333333333333334,0.6000000000000001,0.5404468059539795,0.021428489685058595
sqrt,1,0.16681,0.3,20,0.65,0.06055300708194982,60,0.5666666666666667,0.7166666666666667,0.7166666666666667,0.65,0.6000000000000001,0.5420207023620606,0.021384429931640626
sqrt,1,0.16681,0.3,50,0.6699999999999999,0.12036980056845191,27,0.5666666666666667,0.7333333333333334,0.7166666666666667,0.8333333333333333,0.5,0.5480617046356201,0.021375322341918947
sqrt,1,0.16681,0.5,5,0.5933333333333334,0.13441230102437304,385,0.3833333333333333,0.8,0.6333333333333333,0.55,0.6000000000000001,0.5474259376525878,0.021511316299438477
sqrt,1,0.16681,0.5,10,0.5833333333333334,0.12692955176439846,431,0.4666666666666667,0.5166666666666667,0.6166666666666667,0.8166666666666667,0.5,0.5478723526000977,0.021415233612060547
sqrt,1,0.16681,0.5,20,0.63,0.09966610925150701,139,0.4666666666666667,0.7166666666666667,0.6166666666666667,0.75,0.6000000000000001,0.5518398284912109,0.02134222984313965
sqrt,1,0.16681,0.5,50,0.6366666666666667,0.11897712198383165,120,0.48333333333333334,0.7333333333333334,0.7166666666666667,0.75,0.5,0.5571176052093506,0.02148756980895996
sqrt,1,0.16681,0.7,5,0.5533333333333335,0.10402991022884822,626,0.3833333333333333,0.7,0.5166666666666667,0.5666666666666667,0.6,0.551665210723877,0.021571874618530273
sqrt,1,0.16681,0.7,10,0.6699999999999999,0.15648926125740667,27,0.4666666666666667,0.7333333333333334,0.8166666666666667,0.8333333333333333,0.5,0.5537620067596436,0.021462202072143555
sqrt,1,0.16681,0.7,20,0.6133333333333334,0.08259674462242578,186,0.4666666666666667,0.6333333333333333,0.7166666666666667,0.65,0.6000000000000001,0.5567147731781006,0.021462297439575194
sqrt,1,0.16681,0.7,50,0.7233333333333334,0.07423685817106691,1,0.7333333333333334,0.7333333333333334,0.7166666666666667,0.8333333333333333,0.6000000000000001,0.563988733291626,0.021322011947631836
sqrt,1,0.16681,0.9,5,0.55,0.08432740427115679,650,0.3833333333333333,0.6,0.6,0.5666666666666667,0.6,0.5342412471771241,0.021339035034179686
sqrt,1,0.16681,0.9,10,0.65,0.17543596489254357,60,0.3833333333333333,0.8,0.8166666666666667,0.75,0.5,0.5382903099060059,0.021380615234375
sqrt,1,0.16681,0.9,20,0.6133333333333334,0.12310790208412928,186,0.3833333333333333,0.7166666666666667,0.7166666666666667,0.65,0.6000000000000001,0.540622615814209,0.021461629867553712
sqrt,1,0.16681,0.9,50,0.65,0.0649786289653931,60,0.5666666666666667,0.6333333333333333,0.7166666666666667,0.7333333333333334,0.6000000000000001,0.549756669998169,0.021443986892700197
sqrt,1,0.599484,0.1,5,0.5399999999999999,0.15726834816113935,679,0.3833333333333333,0.6333333333333333,0.8,0.48333333333333334,0.4,0.6030985355377197,0.021656036376953125
sqrt,1,0.599484,0.1,10,0.5566666666666666,0.13646326326972483,617,0.3833333333333333,0.5333333333333333,0.8,0.5666666666666667,0.5,0.6059257507324218,0.02144317626953125
sqrt,1,0.599484,0.1,20,0.5666666666666667,0.07817359599705716,567,0.65,0.6333333333333333,0.6,0.45,0.5,0.6080986499786377,0.021351957321166994
sqrt,1,0.599484,0.1,50,0.6366666666666667,0.08259674462242578,120,0.48333333333333334,0.6333333333333333,0.7166666666666667,0.65,0.7,0.613239049911499,0.021546697616577147
sqrt,1,0.599484,0.3,5,0.6100000000000001,0.18000000000000002,232,0.3833333333333333,0.7333333333333334,0.8,0.7333333333333334,0.4,0.6206516742706298,0.021430110931396483
sqrt,1,0.599484,0.3,10,0.5766666666666667,0.10624918300339485,489,0.3833333333333333,0.6333333333333333,0.7,0.5666666666666667,0.6,0.622776985168457,0.021582508087158205
sqrt,1,0.599484,0.3,20,0.5533333333333333,0.06944222218666554,634,0.65,0.5333333333333333,0.6166666666666667,0.4666666666666667,0.5,0.6237047672271728,0.021329736709594725
sqrt,1,0.599484,0.3,50,0.6733333333333333,0.07498147919467994,19,0.5666666666666667,0.7333333333333334,0.7166666666666667,0.75,0.6000000000000001,0.633488655090332,0.021330738067626955
sqrt,1,0.599484,0.5,5,0.61,0.16852299546352717,245,0.3833333333333333,0.6333333333333333,0.5333333333333333,0.9,0.6000000000000001,0.624675178527832,0.02147650718688965
sqrt,1,0.599484,0.5,10,0.5933333333333334,0.1057250101810247,385,0.4666666666666667,0.7166666666666667,0.7166666666666667,0.5666666666666667,0.5,0.6251452445983887,0.021494960784912108
sqrt,1,0.599484,0.5,20,0.61,0.050110987927909675,245,0.65,0.6333333333333333,0.5166666666666667,0.65,0.6000000000000001,0.6285866737365723,0.021460676193237306
sqrt,1,0.599484,0.5,50,0.6500000000000001,0.06992058987801013,58,0.5666666666666667,0.7333333333333334,0.6166666666666667,0.7333333333333334,0.6000000000000001,0.633601188659668,0.02121291160583496
sqrt,1,0.599484,0.7,5,0.5966666666666667,0.13182479955523463,376,0.3833333333333333,0.7333333333333334,0.5333333333333333,0.7333333333333334,0.6000000000000001,0.6680532932281494,0.02136201858520508
sqrt,1,0.599484,0.7,10,0.5900000000000001,0.1019803902718557,413,0.4666666666666667,0.7166666666666667,0.7,0.5666666666666667,0.5,0.6729899883270264,0.02135162353515625
sqrt,1,0.599484,0.7,20,0.6100000000000001,0.05333333333333331,232,0.55,0.6333333333333333,0.7,0.5666666666666667,0.6000000000000001,0.6757916927337646,0.02143688201904297
sqrt,1,0.599484,0.7,50,0.6433333333333333,0.0866666666666667,77,0.7333333333333334,0.6333333333333333,0.6166666666666667,0.7333333333333334,0.5,0.6797418117523193,0.021202754974365235
sqrt,1,0.599484,0.9,5,0.5933333333333334,0.15867506980549206,385,0.3833333333333333,0.7333333333333334,0.5333333333333333,0.8166666666666667,0.5,0.692328405380249,0.021465206146240236
sqrt,1,0.599484,0.9,10,0.5900000000000001,0.14047538337136986,413,0.4666666666666667,0.7166666666666667,0.8,0.4666666666666667,0.5,0.6953230381011963,0.02150411605834961
sqrt,1,0.599484,0.9,20,0.5933333333333334,0.08069145624606804,385,0.4666666666666667,0.7166666666666667,0.6166666666666667,0.5666666666666667,0.6000000000000001,0.6966655254364014,0.021563005447387696
sqrt,1,0.599484,0.9,50,0.63,0.06616477747093066,139,0.55,0.6333333333333333,0.6166666666666667,0.75,0.6000000000000001,0.7039387226104736,0.021117496490478515
sqrt,1,2.15443,0.1,5,0.5766666666666667,0.12631530214330944,489,0.48333333333333334,0.7333333333333334,0.7,0.5666666666666667,0.4,0.7276908874511718,0.02137789726257324
sqrt,1,2.15443,0.1,10,0.5,0.15599145275730122,754,0.3833333333333333,0.43333333333333335,0.8,0.3833333333333333,0.5,0.7293006420135498,0.02161436080932617
sqrt,1,2.15443,0.1,20,0.5333333333333334,0.0408248290463863,702,0.48333333333333334,0.5333333333333333,0.6,0.55,0.5,0.7332274913787842,0.021470117568969726
sqrt,1,2.15443,0.1,50,0.6700000000000002,0.06699917080747261,22,0.5666666666666667,0.7333333333333334,0.6166666666666667,0.7333333333333334,0.7,0.7367405891418457,0.021419525146484375
sqrt,1,2.15443,0.3,5,0.6433333333333333,0.2122891110412088,77,0.3833333333333333,0.7333333333333334,0.8,0.9,0.4,0.792382287979126,0.021706771850585938
sqrt,1,2.15443,0.3,10,0.5566666666666668,0.10306416555826871,613,0.3833333333333333,0.5333333333333333,0.7,0.5666666666666667,0.6000000000000001,0.793266773223877,0.021262216567993163
sqrt,1,2.15443,0.3,20,0.6066666666666667,0.071956777149743,300,0.65,0.6333333333333333,0.7,0.55,0.5,0.7941056728363037,0.021458816528320313
sqrt,1,2.15443,0.3,50,0.6133333333333333,0.12534397117975443,193,0.48333333333333334,0.6333333333333333,0.6166666666666667,0.8333333333333333,0.5,0.8018299102783203,0.021564340591430663
sqrt,1,2.15443,0.5,5,0.6633333333333333,0.192180470738661,41,0.3833333333333333,0.7333333333333334,0.8,0.9,0.5,0.8080137252807618,0.021509981155395506
sqrt,1,2.15443,0.5,10,0.5533333333333333,0.061824123303304675,634,0.4666666666666667,0.6333333333333333,0.6,0.5666666666666667,0.5,0.8096643447875976,0.021501779556274414
sqrt,1,2.15443,0.5,20,0.5533333333333333,0.061824123303304675,634,0.5666666666666667,0.6333333333333333,0.6,0.4666666666666667,0.5,0.813848352432251,0.021336984634399415
sqrt,1,2.15443,0.5,50,0.6199999999999999,0.12174654911833115,173,0.3833333333333333,0.6333333333333333,0.7166666666666667,0.6666666666666666,0.7,0.8180597305297852,0.021446657180786134
sqrt,1,2.15443,0.7,5,0.61,0.15187714333192692,245,0.3833333333333333,0.6333333333333333,0.8,0.7333333333333334,0.5,0.8160213470458985,0.021441173553466798
sqrt,1,2.15443,0.7,10,0.6033333333333333,0.10873004286866728,346,0.4666666666666667,0.7166666666666667,0.6,0.7333333333333334,0.5,0.8208549976348877,0.021475887298583983
sqrt,1,2.15443,0.7,20,0.4966666666666667,0.02666666666666667,764,0.4666666666666667,0.5333333333333333,0.5166666666666667,0.4666666666666667,0.5,0.8276969432830811,0.021224260330200195
sqrt,1,2.15443,0.7,50,0.6766666666666667,0.09809292646374775,15,0.48333333333333334,0.7333333333333334,0.7166666666666667,0.75,0.7,0.8330006122589111,0.021691608428955077
sqrt,1,2.15443,0.9,5,0.5700000000000001,0.1194431524477928,547,0.3833333333333333,0.6333333333333333,0.6,0.7333333333333334,0.5,0.862363338470459,0.02132129669189453
sqrt,1,2.15443,0.9,10,0.5733333333333334,0.08856886837057615,515,0.4666666666666667,0.7166666666666667,0.6166666666666667,0.5666666666666667,0.5,0.8622467041015625,0.021324920654296874
sqrt,1,2.15443,0.9,20,0.6100000000000001,0.03431876713662332,232,0.55,0.6333333333333333,0.6166666666666667,0.65,0.6000000000000001,0.8611710548400879,0.021435928344726563
sqrt,1,2.15443,0.9,50,0.6666666666666666,0.1038160766826496,36,0.65,0.6333333333333333,0.8,0.75,0.5,0.8654417991638184,0.02150421142578125
sqrt,1,7.74264,0.1,5,0.56,0.13767917618708922,577,0.48333333333333334,0.7333333333333334,0.7166666666666667,0.4666666666666667,0.4,0.8091453075408935,0.02149829864501953
sqrt,1,7.74264,0.1,10,0.5,0.10801234497346432,754,0.3833333333333333,0.43333333333333335,0.7,0.48333333333333334,0.5,0.8122836589813233,0.021408796310424805
sqrt,1,7.74264,0.1,20,0.5366666666666667,0.04268749491621898,683,0.5666666666666667,0.5333333333333333,0.6,0.48333333333333334,0.5,0.8126644611358642,0.021334218978881835
sqrt,1,7.74264,0.1,50,0.63,0.01943650631615098,139,0.65,0.6333333333333333,0.6166666666666667,0.65,0.6000000000000001,0.8205058097839355,0.021364545822143553
sqrt,1,7.74264,0.3,5,0.5399999999999999,0.13274871834493254,679,0.3833333333333333,0.7333333333333334,0.6166666666666667,0.5666666666666667,0.4,0.9931469917297363,0.021290922164916994
sqrt,1,7.74264,0.3,10,0.52,0.15253414918196737,728,0.3833333333333333,0.5333333333333333,0.8,0.3833333333333333,0.5,0.9957895755767823,0.02157907485961914
sqrt,1,7.74264,0.3,20,0.5833333333333334,0.08164965809277262,431,0.7333333333333334,0.5333333333333333,0.6,0.55,0.5,0.997365140914917,0.02145543098449707
sqrt,1,7.74264,0.3,50,0.6166666666666666,0.0760116950066092,181,0.5666666666666667,0.6333333333333333,0.7166666666666667,0.6666666666666666,0.5,1.004173755645752,0.021164894104003906
sqrt,1,7.74264,0.5,5,0.5766666666666667,0.1691810338726603,489,0.3833333333333333,0.7333333333333334,0.8,0.5666666666666667,0.4,1.0772333145141602,0.021586227416992187
sqrt,1,7.74264,0.5,10,0.48,0.11803954139750514,777,0.3833333333333333,0.43333333333333335,0.7,0.3833333333333333,0.5,1.0755233287811279,0.021245241165161133
sqrt,1,7.74264,0.5,20,0.59,0.09043106644167023,419,0.65,0.6333333333333333,0.7,0.4666666666666667,0.5,1.0769813060760498,0.02165226936340332
sqrt,1,7.74264,0.5,50,0.6,0.09249624617007739,374,0.48333333333333334,0.6333333333333333,0.7166666666666667,0.6666666666666666,0.5,1.0823429584503175,0.021295881271362303
sqrt,1,7.74264,0.7,5,0.6433333333333333,0.2122891110412088,77,0.3833333333333333,0.7333333333333334,0.8,0.9,0.4,1.086562204360962,0.021367406845092772
sqrt,1,7.74264,0.7,10,0.5366666666666666,0.12578641509408803,690,0.3833333333333333,0.6333333333333333,0.7,0.5666666666666667,0.4,1.0860910415649414,0.02133007049560547
sqrt,1,7.74264,0.7,20,0.5333333333333334,0.06992058987801009,702,0.4666666666666667,0.6333333333333333,0.6,0.4666666666666667,0.5,1.087456512451172,0.021303653717041016
sqrt,1,7.74264,0.7,50,0.6166666666666667,0.11642832797715323,174,0.48333333333333334,0.6333333333333333,0.8,0.6666666666666666,0.5,1.0987990379333497,0.021550750732421874
sqrt,1,7.74264,0.9,5,0.6433333333333333,0.18903262505010437,77,0.3833333333333333,0.6333333333333333,0.8,0.9,0.5,1.1487988471984862,0.02135157585144043
sqrt,1,7.74264,0.9,10,0.61,0.09043106644167025,245,0.55,0.7333333333333334,0.7,0.5666666666666667,0.5,1.146517276763916,0.021474504470825197
sqrt,1,7.74264,0.9,20,0.5333333333333334,0.05676462121975466,702,0.4666666666666667,0.6333333333333333,0.5166666666666667,0.55,0.5,1.1488502025604248,0.021566009521484374
sqrt,1,7.74264,0.9,50,0.6733333333333333,0.07498147919467994,19,0.5666666666666667,0.7333333333333334,0.7166666666666667,0.75,0.6000000000000001,1.1573431968688965,0.021637392044067384
sqrt,1,27.8256,0.1,5,0.5233333333333333,0.17657230184198705,720,0.48333333333333334,0.7333333333333334,0.7166666666666667,0.2833333333333333,0.4,0.7675067901611328,0.021581602096557618
sqrt,1,27.8256,0.1,10,0.48,0.16103829772241554,777,0.3833333333333333,0.43333333333333335,0.8,0.3833333333333333,0.4,0.7693256378173828,0.021419811248779296
sqrt,1,27.8256,0.1,20,0.5333333333333334,0.04714045207910316,702,0.5666666666666667,0.5333333333333333,0.6,0.4666666666666667,0.5,0.771433162689209,0.021449565887451172
sqrt,1,27.8256,0.1,50,0.7133333333333333,0.11897712198383169,4,0.5666666666666667,0.6333333333333333,0.9166666666666667,0.75,0.7,0.7743334293365478,0.02142224311828613
sqrt,1,27.8256,0.3,5,0.56,0.13767917618708922,577,0.48333333333333334,0.7333333333333334,0.7166666666666667,0.4666666666666667,0.4,0.9504599571228027,0.021506023406982423
sqrt,1,27.8256,0.3,10,0.52,0.09273618495495702,728,0.48333333333333334,0.43333333333333335,0.7,0.48333333333333334,0.5,0.9523971557617188,0.021271705627441406
sqrt,1,27.8256,0.3,20,0.5,0.07071067811865475,754,0.48333333333333334,0.5333333333333333,0.6,0.3833333333333333,0.5,0.9536308288574219,0.02138838768005371
sqrt,1,27.8256,0.3,50,0.6699999999999999,0.07774602526460403,27,0.5666666666666667,0.6333333333333333,0.8,0.65,0.7,0.9595976829528808,0.021253013610839845
sqrt,1,27.8256,0.5,5,0.5966666666666667,0.13224556283251584,376,0.48333333333333334,0.7333333333333334,0.7166666666666667,0.65,0.4,1.146580410003662,0.02140960693359375
sqrt,1,27.8256,0.5,10,0.52,0.10295630140986999,728,0.3833333333333333,0.5333333333333333,0.7,0.48333333333333334,0.5,1.1458000183105468,0.021378326416015624
sqrt,1,27.8256,0.5,20,0.5700000000000001,0.07333333333333333,547,0.65,0.6333333333333333,0.6,0.4666666666666667,0.5,1.147633695602417,0.021401262283325194
sqrt,1,27.8256,0.5,50,0.67,0.09910712498212335,24,0.5666666666666667,0.7333333333333334,0.6166666666666667,0.8333333333333333,0.6000000000000001,1.1562707901000977,0.02139906883239746
sqrt,1,27.8256,0.7,5,0.56,0.11382247385975916,577,0.48333333333333334,0.7333333333333334,0.6166666666666667,0.5666666666666667,0.4,1.2550110340118408,0.021586084365844728
sqrt,1,27.8256,0.7,10,0.52,0.15253414918196737,728,0.3833333333333333,0.5333333333333333,0.8,0.3833333333333333,0.5,1.2580989360809327,0.02142496109008789
sqrt,1,27.8256,0.7,20,0.55,0.06666666666666667,650,0.65,0.5333333333333333,0.6,0.4666666666666667,0.5,1.259489107131958,0.02148299217224121
sqrt,1,27.8256,0.7,50,0.67,0.05517648452415615,24,0.65,0.6333333333333333,0.7166666666666667,0.75,0.6000000000000001,1.2641930103302002,0.02126598358154297
sqrt,1,27.8256,0.9,5,0.5766666666666667,0.1691810338726603,489,0.3833333333333333,0.7333333333333334,0.8,0.5666666666666667,0.4,1.338369607925415,0.02156491279602051
sqrt,1,27.8256,0.9,10,0.5,0.1169045194450012,754,0.3833333333333333,0.5333333333333333,0.7,0.3833333333333333,0.5,1.3398133754730224,0.021428728103637697
sqrt,1,27.8256,0.9,20,0.5333333333333334,0.06992058987801009,702,0.4666666666666667,0.6333333333333333,0.6,0.4666666666666667,0.5,1.343897247314453,0.021115684509277345
sqrt,1,27.8256,0.9,50,0.62,0.11025223605694151,168,0.48333333333333334,0.6333333333333333,0.8166666666666667,0.5666666666666667,0.6000000000000001,1.3483550071716308,0.021146535873413086
sqrt,1,100.0,0.1,5,0.5033333333333333,0.15825436627292294,752,0.48333333333333334,0.7333333333333334,0.6166666666666667,0.2833333333333333,0.4,0.8093685150146485,0.0214139461517334
sqrt,1,100.0,0.1,10,0.48,0.16103829772241554,777,0.3833333333333333,0.43333333333333335,0.8,0.3833333333333333,0.4,0.8119791507720947,0.021449470520019533
sqrt,1,100.0,0.1,20,0.5733333333333334,0.0771722460186015,515,0.5666666666666667,0.5333333333333333,0.7,0.4666666666666667,0.6000000000000001,0.8142164707183838,0.02114591598510742
sqrt,1,100.0,0.1,50,0.7133333333333333,0.11897712198383169,4,0.5666666666666667,0.6333333333333333,0.9166666666666667,0.75,0.7,0.8191939353942871,0.021385812759399415
sqrt,1,100.0,0.3,5,0.5233333333333333,0.17657230184198705,720,0.48333333333333334,0.7333333333333334,0.7166666666666667,0.2833333333333333,0.4,0.8202515125274659,0.021524715423583984
sqrt,1,100.0,0.3,10,0.48,0.16103829772241554,777,0.3833333333333333,0.43333333333333335,0.8,0.3833333333333333,0.4,0.8221985816955566,0.021482515335083007
sqrt,1,100.0,0.3,20,0.5366666666666666,0.08459051693633012,690,0.48333333333333334,0.5333333333333333,0.7,0.4666666666666667,0.5,0.8255681991577148,0.021374607086181642
sqrt,1,100.0,0.3,50,0.6733333333333335,0.13274871834493254,18,0.5666666666666667,0.6333333333333333,0.9166666666666667,0.55,0.7,0.8320329189300537,0.021229362487792967
sqrt,1,100.0,0.5,5,0.5233333333333333,0.17657230184198705,720,0.48333333333333334,0.7333333333333334,0.7166666666666667,0.2833333333333333,0.4,0.8510611534118653,0.021514415740966797
sqrt,1,100.0,0.5,10,0.52,0.14583095236151575,728,0.48333333333333334,0.43333333333333335,0.8,0.3833333333333333,0.5,0.8530654430389404,0.021436405181884766
sqrt,1,100.0,0.5,20,0.5366666666666666,0.08459051693633012,690,0.48333333333333334,0.5333333333333333,0.7,0.4666666666666667,0.5,0.8548858165740967,0.02135491371154785
sqrt,1,100.0,0.5,50,0.6333333333333334,0.043461349368017654,125,0.5666666666666667,0.6333333333333333,0.6166666666666667,0.65,0.7,0.861198616027832,0.021486902236938478
sqrt,1,100.0,0.7,5,0.5233333333333333,0.17657230184198705,720,0.48333333333333334,0.7333333333333334,0.7166666666666667,0.2833333333333333,0.4,0.9097530841827393,0.021413898468017577
sqrt,1,100.0,0.7,10,0.5366666666666666,0.1499629583893599,690,0.3833333333333333,0.5333333333333333,0.8,0.5666666666666667,0.4,0.9103080749511718,0.021397113800048828
sqrt,1,100.0,0.7,20,0.5566666666666666,0.07717224601860148,617,0.5666666666666667,0.5333333333333333,0.7,0.48333333333333334,0.5,0.9164355278015137,0.02153487205505371
sqrt,1,100.0,0.7,50,0.6699999999999999,0.0755718936583642,27,0.65,0.6333333333333333,0.8166666666666667,0.65,0.6000000000000001,0.9186645030975342,0.021653509140014647
sqrt,1,100.0,0.9,5,0.54,0.1558489297008128,674,0.48333333333333334,0.7333333333333334,0.7166666666666667,0.3666666666666667,0.4,0.999983549118042,0.02150568962097168
sqrt,1,100.0,0.9,10,0.5933333333333334,0.11860297916438131,385,0.48333333333333334,0.5333333333333333,0.8,0.65,0.5,1.0024412631988526,0.021382474899291994
sqrt,1,100.0,0.9,20,0.52,0.10295630140986999,728,0.3833333333333333,0.5333333333333333,0.7,0.48333333333333334,0.5,1.0030406951904296,0.021435642242431642
sqrt,1,100.0,0.9,50,0.6733333333333333,0.12498888839501784,19,0.65,0.6333333333333333,0.9166666666666667,0.5666666666666667,0.6000000000000001,1.0170523643493652,0.02160334587097168
sqrt,5,0.001,0.1,5,0.5833333333333333,0.05374838498865698,435,0.5333333333333333,0.6,0.5166666666666667,0.6666666666666666,0.6000000000000001,0.4697768211364746,0.02122325897216797
sqrt,5,0.001,0.1,10,0.5833333333333333,0.05374838498865698,435,0.5333333333333333,0.6,0.5166666666666667,0.6666666666666666,0.6000000000000001,0.47043428421020506,0.021115922927856447
sqrt,5,0.001,0.1,20,0.6433333333333333,0.13605554421305702,77,0.8166666666666667,0.5166666666666667,0.5166666666666667,0.5666666666666667,0.8,0.47435855865478516,0.021215200424194336
sqrt,5,0.001,0.1,50,0.6066666666666667,0.1083205120618128,300,0.65,0.7166666666666667,0.6166666666666667,0.65,0.4,0.4813075542449951,0.02109813690185547
sqrt,5,0.001,0.3,5,0.5833333333333333,0.05374838498865698,435,0.5333333333333333,0.6,0.5166666666666667,0.6666666666666666,0.6000000000000001,0.4696351051330566,0.021254539489746094
sqrt,5,0.001,0.3,10,0.5833333333333333,0.05374838498865698,435,0.5333333333333333,0.6,0.5166666666666667,0.6666666666666666,0.6000000000000001,0.47095398902893065,0.02125272750854492
sqrt,5,0.001,0.3,20,0.6433333333333333,0.13605554421305702,77,0.8166666666666667,0.5166666666666667,0.5166666666666667,0.5666666666666667,0.8,0.4751397132873535,0.021037721633911134
sqrt,5,0.001,0.3,50,0.6066666666666667,0.1083205120618128,300,0.65,0.7166666666666667,0.6166666666666667,0.65,0.4,0.48024916648864746,0.021399545669555663
sqrt,5,0.001,0.5,5,0.5833333333333333,0.05374838498865698,435,0.5333333333333333,0.6,0.5166666666666667,0.6666666666666666,0.6000000000000001,0.46952333450317385,0.02121729850769043
sqrt,5,0.001,0.5,10,0.5833333333333333,0.05374838498865698,435,0.5333333333333333,0.6,0.5166666666666667,0.6666666666666666,0.6000000000000001,0.47290754318237305,0.021076202392578125
sqrt,5,0.001,0.5,20,0.6433333333333333,0.13605554421305702,77,0.8166666666666667,0.5166666666666667,0.5166666666666667,0.5666666666666667,0.8,0.4759641170501709,0.02163519859313965
sqrt,5,0.001,0.5,50,0.6066666666666667,0.1083205120618128,300,0.65,0.7166666666666667,0.6166666666666667,0.65,0.4,0.4800723075866699,0.02112154960632324
sqrt,5,0.001,0.7,5,0.5833333333333333,0.05374838498865698,435,0.5333333333333333,0.6,0.5166666666666667,0.6666666666666666,0.6000000000000001,0.4710418701171875,0.02120065689086914
sqrt,5,0.001,0.7,10,0.5833333333333333,0.05374838498865698,435,0.5333333333333333,0.6,0.5166666666666667,0.6666666666666666,0.6000000000000001,0.4718888282775879,0.021169567108154298
sqrt,5,0.001,0.7,20,0.6433333333333333,0.13605554421305702,77,0.8166666666666667,0.5166666666666667,0.5166666666666667,0.5666666666666667,0.8,0.4754055976867676,0.021790552139282226
sqrt,5,0.001,0.7,50,0.6066666666666667,0.1083205120618128,300,0.65,0.7166666666666667,0.6166666666666667,0.65,0.4,0.48045687675476073,0.02108154296875
sqrt,5,0.001,0.9,5,0.5833333333333333,0.05374838498865698,435,0.5333333333333333,0.6,0.5166666666666667,0.6666666666666666,0.6000000000000001,0.46961274147033694,0.021204376220703126
sqrt,5,0.001,0.9,10,0.5833333333333333,0.05374838498865698,435,0.5333333333333333,0.6,0.5166666666666667,0.6666666666666666,0.6000000000000001,0.4717253684997559,0.02107973098754883
sqrt,5,0.001,0.9,20,0.6433333333333333,0.13605554421305702,77,0.8166666666666667,0.5166666666666667,0.5166666666666667,0.5666666666666667,0.8,0.47550554275512696,0.021211814880371094
sqrt,5,0.001,0.9,50,0.6066666666666667,0.1083205120618128,300,0.65,0.7166666666666667,0.6166666666666667,0.65,0.4,0.47966680526733396,0.02156381607055664
sqrt,5,0.00359381,0.1,5,0.5833333333333333,0.05374838498865698,435,0.5333333333333333,0.6,0.5166666666666667,0.6666666666666666,0.6000000000000001,0.47061471939086913,0.02113032341003418
sqrt,5,0.00359381,0.1,10,0.5833333333333333,0.05374838498865698,435,0.5333333333333333,0.6,0.5166666666666667,0.6666666666666666,0.6000000000000001,0.47212696075439453,0.020972585678100585
sqrt,5,0.00359381,0.1,20,0.6433333333333333,0.13605554421305702,77,0.8166666666666667,0.5166666666666667,0.5166666666666667,0.5666666666666667,0.8,0.47542572021484375,0.021263647079467773
sqrt,5,0.00359381,0.1,50,0.6066666666666667,0.1083205120618128,300,0.65,0.7166666666666667,0.6166666666666667,0.65,0.4,0.48783345222473146,0.021132278442382812
sqrt,5,0.00359381,0.3,5,0.5833333333333333,0.05374838498865698,435,0.5333333333333333,0.6,0.5166666666666667,0.6666666666666666,0.6000000000000001,0.47122993469238283,0.021240234375
sqrt,5,0.00359381,0.3,10,0.5833333333333333,0.05374838498865698,435,0.5333333333333333,0.6,0.5166666666666667,0.6666666666666666,0.6000000000000001,0.4866082191467285,0.021361017227172853
sqrt,5,0.00359381,0.3,20,0.6433333333333333,0.13605554421305702,77,0.8166666666666667,0.5166666666666667,0.5166666666666667,0.5666666666666667,0.8,0.4745114803314209,0.02119894027709961
sqrt,5,0.00359381,0.3,50,0.6066666666666667,0.1083205120618128,300,0.65,0.7166666666666667,0.6166666666666667,0.65,0.4,0.4805130958557129,0.02111983299255371
sqrt,5,0.00359381,0.5,5,0.5833333333333333,0.05374838498865698,435,0.5333333333333333,0.6,0.5166666666666667,0.6666666666666666,0.6000000000000001,0.46945486068725584,0.02130866050720215
sqrt,5,0.00359381,0.5,10,0.5833333333333333,0.05374838498865698,435,0.5333333333333333,0.6,0.5166666666666667,0.6666666666666666,0.6000000000000001,0.4704690933227539,0.021339797973632814
sqrt,5,0.00359381,0.5,20,0.6433333333333333,0.13605554421305702,77,0.8166666666666667,0.5166666666666667,0.5166666666666667,0.5666666666666667,0.8,0.4761527061462402,0.021451282501220702
sqrt,5,0.00359381,0.5,50,0.6066666666666667,0.1083205120618128,300,0.65,0.7166666666666667,0.6166666666666667,0.65,0.4,0.4803788185119629,0.02137126922607422
sqrt,5,0.00359381,0.7,5,0.5833333333333333,0.05374838498865698,435,0.5333333333333333,0.6,0.5166666666666667,0.6666666666666666,0.6000000000000001,0.4715410709381104,0.021047115325927734
sqrt,5,0.00359381,0.7,10,0.5833333333333333,0.05374838498865698,435,0.5333333333333333,0.6,0.5166666666666667,0.6666666666666666,0.6000000000000001,0.4712862491607666,0.021164369583129884
sqrt,5,0.00359381,0.7,20,0.6433333333333333,0.13605554421305702,77,0.8166666666666667,0.5166666666666667,0.5166666666666667,0.5666666666666667,0.8,0.47550458908081056,0.021301412582397462
sqrt,5,0.00359381,0.7,50,0.6066666666666667,0.1083205120618128,300,0.65,0.7166666666666667,0.6166666666666667,0.65,0.4,0.48131847381591797,0.02123847007751465
sqrt,5,0.00359381,0.9,5,0.5833333333333333,0.05374838498865698,435,0.5333333333333333,0.6,0.5166666666666667,0.6666666666666666,0.6000000000000001,0.47110753059387206,0.021265029907226562
sqrt,5,0.00359381,0.9,10,0.5833333333333333,0.05374838498865698,435,0.5333333333333333,0.6,0.5166666666666667,0.6666666666666666,0.6000000000000001,0.47216000556945803,0.021275043487548828
sqrt,5,0.00359381,0.9,20,0.6433333333333333,0.13605554421305702,77,0.8166666666666667,0.5166666666666667,0.5166666666666667,0.5666666666666667,0.8,0.4763198375701904,0.021325016021728517
sqrt,5,0.00359381,0.9,50,0.6066666666666667,0.1083205120618128,300,0.65,0.7166666666666667,0.6166666666666667,0.65,0.4,0.4797667026519775,0.021221446990966796
sqrt,5,0.0129155,0.1,5,0.48999999999999994,0.09921917377424813,772,0.5333333333333333,0.35,0.6166666666666667,0.55,0.4,0.47977643013000487,0.021254491806030274
sqrt,5,0.0129155,0.1,10,0.5433333333333332,0.1492946378437246,672,0.5333333333333333,0.4166666666666667,0.8166666666666667,0.55,0.4,0.4822643280029297,0.021107959747314452
sqrt,5,0.0129155,0.1,20,0.55,0.132077418374393,650,0.55,0.3333333333333333,0.7166666666666667,0.65,0.5,0.48609938621521,0.02117915153503418
sqrt,5,0.0129155,0.1,50,0.6433333333333333,0.08339997335464533,77,0.6333333333333333,0.5166666666666667,0.7166666666666667,0.75,0.6000000000000001,0.4904843807220459,0.021161508560180665
sqrt,5,0.0129155,0.3,5,0.5833333333333333,0.05374838498865698,435,0.5333333333333333,0.6,0.5166666666666667,0.6666666666666666,0.6000000000000001,0.46997580528259275,0.021175193786621093
sqrt,5,0.0129155,0.3,10,0.5833333333333333,0.05374838498865698,435,0.5333333333333333,0.6,0.5166666666666667,0.6666666666666666,0.6000000000000001,0.47030043601989746,0.02120232582092285
sqrt,5,0.0129155,0.3,20,0.6433333333333333,0.13605554421305702,77,0.8166666666666667,0.5166666666666667,0.5166666666666667,0.5666666666666667,0.8,0.47539806365966797,0.020966100692749023
sqrt,5,0.0129155,0.3,50,0.6066666666666667,0.1083205120618128,300,0.65,0.7166666666666667,0.6166666666666667,0.65,0.4,0.4803597450256348,0.02123427391052246
sqrt,5,0.0129155,0.5,5,0.5833333333333333,0.05374838498865698,435,0.5333333333333333,0.6,0.5166666666666667,0.6666666666666666,0.6000000000000001,0.4705690860748291,0.02104644775390625
sqrt,5,0.0129155,0.5,10,0.5833333333333333,0.05374838498865698,435,0.5333333333333333,0.6,0.5166666666666667,0.6666666666666666,0.6000000000000001,0.4725060939788818,0.021039915084838868
sqrt,5,0.0129155,0.5,20,0.6433333333333333,0.13605554421305702,77,0.8166666666666667,0.5166666666666667,0.5166666666666667,0.5666666666666667,0.8,0.4748487949371338,0.021155548095703126
sqrt,5,0.0129155,0.5,50,0.6066666666666667,0.1083205120618128,300,0.65,0.7166666666666667,0.6166666666666667,0.65,0.4,0.48031978607177733,0.021542119979858398
sqrt,5,0.0129155,0.7,5,0.5833333333333333,0.05374838498865698,435,0.5333333333333333,0.6,0.5166666666666667,0.6666666666666666,0.6000000000000001,0.47080559730529786,0.020846080780029298
sqrt,5,0.0129155,0.7,10,0.5833333333333333,0.05374838498865698,435,0.5333333333333333,0.6,0.5166666666666667,0.6666666666666666,0.6000000000000001,0.4682620525360107,0.021080780029296874
sqrt,5,0.0129155,0.7,20,0.6433333333333333,0.13605554421305702,77,0.8166666666666667,0.5166666666666667,0.5166666666666667,0.5666666666666667,0.8,0.4768185615539551,0.02144451141357422
sqrt,5,0.0129155,0.7,50,0.6066666666666667,0.1083205120618128,300,0.65,0.7166666666666667,0.6166666666666667,0.65,0.4,0.48087544441223146,0.020925235748291016
sqrt,5,0.0129155,0.9,5,0.5833333333333333,0.05374838498865698,435,0.5333333333333333,0.6,0.5166666666666667,0.6666666666666666,0.6000000000000001,0.46941266059875486,0.021337270736694336
sqrt,5,0.0129155,0.9,10,0.5833333333333333,0.05374838498865698,435,0.5333333333333333,0.6,0.5166666666666667,0.6666666666666666,0.6000000000000001,0.47028317451477053,0.021372175216674803
sqrt,5,0.0129155,0.9,20,0.6433333333333333,0.13605554421305702,77,0.8166666666666667,0.5166666666666667,0.5166666666666667,0.5666666666666667,0.8,0.47473392486572263,0.021198558807373046
sqrt,5,0.0129155,0.9,50,0.6066666666666667,0.1083205120618128,300,0.65,0.7166666666666667,0.6166666666666667,0.65,0.4,0.48458142280578614,0.022676372528076173
sqrt,5,0.0464159,0.1,5,0.5166666666666666,0.17384539747207065,743,0.43333333333333335,0.43333333333333335,0.6166666666666667,0.8,0.3,0.4916988372802734,0.021053409576416014
sqrt,5,0.0464159,0.1,10,0.49333333333333335,0.13274871834493254,765,0.55,0.3333333333333333,0.7166666666666667,0.4666666666666667,0.4,0.4935317516326904,0.02097773551940918
sqrt,5,0.0464159,0.1,20,0.6266666666666667,0.12229290885229425,157,0.6333333333333333,0.43333333333333335,0.8166666666666667,0.65,0.6000000000000001,0.4956319332122803,0.021791934967041016
sqrt,5,0.0464159,0.1,50,0.7233333333333334,0.016996731711975965,1,0.7333333333333334,0.7166666666666667,0.7166666666666667,0.75,0.7,0.5041871547698975,0.021196889877319335
sqrt,5,0.0464159,0.3,5,0.5,0.09128709291752769,754,0.4666666666666667,0.35,0.6166666666666667,0.5666666666666667,0.5,0.4935904026031494,0.021164512634277342
sqrt,5,0.0464159,0.3,10,0.5833333333333333,0.14102797200870784,435,0.5333333333333333,0.5166666666666667,0.8166666666666667,0.65,0.4,0.4939133167266846,0.02093992233276367
sqrt,5,0.0464159,0.3,20,0.6066666666666667,0.11718930554164629,300,0.55,0.5166666666666667,0.8166666666666667,0.65,0.5,0.4948561668395996,0.021219539642333984
sqrt,5,0.0464159,0.3,50,0.63,0.12310790208412924,139,0.6333333333333333,0.43333333333333335,0.8166666666666667,0.6666666666666666,0.6000000000000001,0.49999032020568845,0.02125062942504883
sqrt,5,0.0464159,0.5,5,0.5700000000000001,0.07023769168568492,547,0.4666666666666667,0.6,0.5166666666666667,0.6666666666666666,0.6000000000000001,0.473709774017334,0.021290302276611328
sqrt,5,0.0464159,0.5,10,0.5700000000000001,0.07023769168568492,547,0.4666666666666667,0.6,0.5166666666666667,0.6666666666666666,0.6000000000000001,0.47440576553344727,0.021010303497314455
sqrt,5,0.0464159,0.5,20,0.5933333333333334,0.1057250101810247,385,0.5666666666666667,0.5166666666666667,0.5166666666666667,0.5666666666666667,0.8,0.4853370666503906,0.02117743492126465
sqrt,5,0.0464159,0.5,50,0.5866666666666667,0.10770329614269007,421,0.55,0.7166666666666667,0.6166666666666667,0.65,0.4,0.4850700855255127,0.02108111381530762
sqrt,5,0.0464159,0.7,5,0.5833333333333333,0.05374838498865698,435,0.5333333333333333,0.6,0.5166666666666667,0.6666666666666666,0.6000000000000001,0.46976075172424314,0.021070337295532225
sqrt,5,0.0464159,0.7,10,0.5833333333333333,0.05374838498865698,435,0.5333333333333333,0.6,0.5166666666666667,0.6666666666666666,0.6000000000000001,0.47129025459289553,0.021263742446899415
sqrt,5,0.0464159,0.7,20,0.6433333333333333,0.13605554421305702,77,0.8166666666666667,0.5166666666666667,0.5166666666666667,0.5666666666666667,0.8,0.47502870559692384,0.02090926170349121
sqrt,5,0.0464159,0.7,50,0.6066666666666667,0.1083205120618128,300,0.65,0.7166666666666667,0.6166666666666667,0.65,0.4,0.48024606704711914,0.021541881561279296
sqrt,5,0.0464159,0.9,5,0.5833333333333333,0.05374838498865698,435,0.5333333333333333,0.6,0.5166666666666667,0.6666666666666666,0.6000000000000001,0.47063379287719725,0.021229934692382813
sqrt,5,0.0464159,0.9,10,0.5833333333333333,0.05374838498865698,435,0.5333333333333333,0.6,0.5166666666666667,0.6666666666666666,0.6000000000000001,0.4740442276000977,0.02129087448120117
sqrt,5,0.0464159,0.9,20,0.6433333333333333,0.13605554421305702,77,0.8166666666666667,0.5166666666666667,0.5166666666666667,0.5666666666666667,0.8,0.48049211502075195,0.021102523803710936
sqrt,5,0.0464159,0.9,50,0.6066666666666667,0.1083205120618128,300,0.65,0.7166666666666667,0.6166666666666667,0.65,0.4,0.48064584732055665,0.02161269187927246
sqrt,5,0.16681,0.1,5,0.5733333333333333,0.1818424226264781,530,0.43333333333333335,0.6333333333333333,0.7,0.8,0.3,0.5225979804992675,0.021318960189819335
sqrt,5,0.16681,0.1,10,0.4933333333333333,0.10780641085864154,769,0.55,0.3333333333333333,0.6166666666666667,0.5666666666666667,0.4,0.5239842891693115,0.021429920196533205
sqrt,5,0.16681,0.1,20,0.5366666666666667,0.15107025591499545,683,0.55,0.43333333333333335,0.8166666666666667,0.3833333333333333,0.5,0.5272358894348145,0.021257638931274414
sqrt,5,0.16681,0.1,50,0.6666666666666667,0.057735026918962554,32,0.65,0.6166666666666667,0.7166666666666667,0.75,0.6000000000000001,0.5315058708190918,0.021494436264038085
sqrt,5,0.16681,0.3,5,0.5966666666666666,0.1564892612574067,383,0.43333333333333335,0.6333333333333333,0.7166666666666667,0.8,0.4,0.524891710281372,0.02119755744934082
sqrt,5,0.16681,0.3,10,0.6033333333333333,0.09392668535736913,346,0.43333333333333335,0.6166666666666667,0.7166666666666667,0.65,0.6000000000000001,0.5335498332977295,0.02137165069580078
sqrt,5,0.16681,0.3,20,0.5933333333333334,0.12498888839501783,385,0.55,0.43333333333333335,0.8166666666666667,0.5666666666666667,0.6000000000000001,0.5290178298950196,0.02137894630432129
sqrt,5,0.16681,0.3,50,0.72,0.09741092797468301,3,0.7333333333333334,0.6166666666666667,0.8166666666666667,0.8333333333333333,0.6000000000000001,0.5325876712799072,0.021176624298095702
sqrt,5,0.16681,0.5,5,0.5333333333333333,0.12823589374447564,711,0.43333333333333335,0.7333333333333334,0.6333333333333333,0.4666666666666667,0.4,0.5334550857543945,0.02118220329284668
sqrt,5,0.16681,0.5,10,0.51,0.12892719737209146,746,0.43333333333333335,0.3333333333333333,0.7166666666666667,0.5666666666666667,0.5,0.5355734825134277,0.021170711517333983
sqrt,5,0.16681,0.5,20,0.6666666666666666,0.10903618155864084,36,0.6333333333333333,0.6333333333333333,0.8166666666666667,0.75,0.5,0.5387600898742676,0.02122783660888672
sqrt,5,0.16681,0.5,50,0.6466666666666667,0.1322455628325158,71,0.6333333333333333,0.43333333333333335,0.8166666666666667,0.75,0.6000000000000001,0.544270372390747,0.021358966827392578
sqrt,5,0.16681,0.7,5,0.5866666666666667,0.13055437351710758,421,0.43333333333333335,0.6166666666666667,0.8166666666666667,0.5666666666666667,0.5,0.5408124446868896,0.021182870864868163
sqrt,5,0.16681,0.7,10,0.6233333333333333,0.0654896090146283,165,0.6333333333333333,0.5166666666666667,0.7166666666666667,0.65,0.6000000000000001,0.5422740936279297,0.021409225463867188
sqrt,5,0.16681,0.7,20,0.6666666666666666,0.07673909622147557,36,0.6333333333333333,0.6333333333333333,0.8166666666666667,0.65,0.6000000000000001,0.5435420513153076,0.021325063705444337
sqrt,5,0.16681,0.7,50,0.6633333333333333,0.1484737163421339,41,0.6333333333333333,0.43333333333333335,0.8166666666666667,0.8333333333333333,0.6000000000000001,0.54909348487854,0.021293449401855468
sqrt,5,0.16681,0.9,5,0.5066666666666666,0.054365021434333624,750,0.43333333333333335,0.5166666666666667,0.6,0.48333333333333334,0.5,0.5234578132629395,0.021423768997192384
sqrt,5,0.16681,0.9,10,0.5666666666666667,0.14869805348796974,567,0.43333333333333335,0.6166666666666667,0.8166666666666667,0.5666666666666667,0.4,0.5257407665252686,0.021301460266113282
sqrt,5,0.16681,0.9,20,0.5933333333333334,0.12046207333061766,385,0.4666666666666667,0.5166666666666667,0.8166666666666667,0.5666666666666667,0.6000000000000001,0.5296202659606933,0.02115631103515625
sqrt,5,0.16681,0.9,50,0.7,0.10274023338281624,7,0.6333333333333333,0.6166666666666667,0.8166666666666667,0.8333333333333333,0.6000000000000001,0.531154203414917,0.021266841888427736
sqrt,5,0.599484,0.1,5,0.5666666666666667,0.20221001184137471,567,0.43333333333333335,0.6333333333333333,0.9,0.5666666666666667,0.3,0.5908150196075439,0.02112860679626465
sqrt,5,0.599484,0.1,10,0.5733333333333335,0.08339997335464536,501,0.55,0.5333333333333333,0.7166666666666667,0.4666666666666667,0.6,0.5932451248168945,0.02109184265136719
sqrt,5,0.599484,0.1,20,0.55,0.038005847503304616,650,0.55,0.5333333333333333,0.6166666666666667,0.55,0.5,0.5969656467437744,0.02148261070251465
sqrt,5,0.599484,0.1,50,0.6633333333333333,0.05312459150169741,41,0.7333333333333334,0.6166666666666667,0.7166666666666667,0.65,0.6000000000000001,0.5999536514282227,0.021203041076660156
sqrt,5,0.599484,0.3,5,0.5766666666666668,0.24073960113690385,487,0.43333333333333335,0.6333333333333333,0.9,0.7166666666666667,0.2,0.6101572990417481,0.021321487426757813
sqrt,5,0.599484,0.3,10,0.5733333333333334,0.047842333648024406,515,0.55,0.6333333333333333,0.6166666666666667,0.5666666666666667,0.5,0.6110898494720459,0.021288204193115234
sqrt,5,0.599484,0.3,20,0.6033333333333333,0.16206994374857625,346,0.55,0.43333333333333335,0.9,0.6333333333333333,0.5,0.6142783641815186,0.021305084228515625
sqrt,5,0.599484,0.3,50,0.6833333333333333,0.06236095644623234,10,0.7333333333333334,0.7166666666666667,0.6166666666666667,0.75,0.6000000000000001,0.6170376300811767,0.021486997604370117
sqrt,5,0.599484,0.5,5,0.5366666666666666,0.18571184369578825,690,0.43333333333333335,0.3333333333333333,0.8,0.7166666666666667,0.4,0.6126530170440674,0.021212244033813478
sqrt,5,0.599484,0.5,10,0.5866666666666667,0.09153020145163987,421,0.43333333333333335,0.6166666666666667,0.7166666666666667,0.5666666666666667,0.6000000000000001,0.6157614231109619,0.021184444427490234
sqrt,5,0.599484,0.5,20,0.5900000000000001,0.1072898462628739,413,0.55,0.5333333333333333,0.8,0.5666666666666667,0.5,0.6214053630828857,0.021486234664916993
sqrt,5,0.599484,0.5,50,0.63,0.022110831935702624,139,0.6333333333333333,0.6333333333333333,0.6166666666666667,0.6666666666666666,0.6000000000000001,0.6249292373657227,0.021273279190063478
sqrt,5,0.599484,0.7,5,0.6033333333333333,0.14,346,0.43333333333333335,0.55,0.8,0.7333333333333334,0.5,0.667487621307373,0.021188974380493164
sqrt,5,0.599484,0.7,10,0.6266666666666667,0.13106402167558331,157,0.43333333333333335,0.7166666666666667,0.8166666666666667,0.5666666666666667,0.6000000000000001,0.6690985202789307,0.022428131103515624
sqrt,5,0.599484,0.7,20,0.5733333333333335,0.07498147919467994,501,0.55,0.5333333333333333,0.7166666666666667,0.5666666666666667,0.5,0.6744840145111084,0.021443986892700197
sqrt,5,0.599484,0.7,50,0.6666666666666667,0.10274023338281627,32,0.6333333333333333,0.5333333333333333,0.8166666666666667,0.75,0.6000000000000001,0.665890121459961,0.021357297897338867
sqrt,5,0.599484,0.9,5,0.6033333333333333,0.14,346,0.43333333333333335,0.55,0.8,0.7333333333333334,0.5,0.6797044277191162,0.021216487884521483
sqrt,5,0.599484,0.9,10,0.6033333333333334,0.10718623460542351,343,0.43333333333333335,0.7166666666666667,0.7166666666666667,0.55,0.6000000000000001,0.6822107315063477,0.021257495880126952
sqrt,5,0.599484,0.9,20,0.6333333333333333,0.09603240193925287,131,0.55,0.6333333333333333,0.8166666666666667,0.5666666666666667,0.6000000000000001,0.6832827568054199,0.021409130096435545
sqrt,5,0.599484,0.9,50,0.6466666666666667,0.1322455628325158,71,0.6333333333333333,0.43333333333333335,0.8166666666666667,0.75,0.6000000000000001,0.6874902248382568,0.021476888656616212
sqrt,5,2.15443,0.1,5,0.4866666666666667,0.17993826101687704,773,0.35,0.6333333333333333,0.6,0.65,0.2,0.7152819633483887,0.021272897720336914
sqrt,5,2.15443,0.1,10,0.5733333333333335,0.08339997335464536,501,0.55,0.5333333333333333,0.7166666666666667,0.4666666666666667,0.6,0.7183209419250488,0.021389341354370116
sqrt,5,2.15443,0.1,20,0.55,0.09006170724070864,650,0.55,0.5333333333333333,0.7166666666666667,0.45,0.5,0.72513427734375,0.021355056762695314
sqrt,5,2.15443,0.1,50,0.6266666666666667,0.01999999999999998,157,0.65,0.6166666666666667,0.6166666666666667,0.65,0.6000000000000001,0.7273459434509277,0.02133831977844238
sqrt,5,2.15443,0.3,5,0.6166666666666666,0.22558565754251508,181,0.43333333333333335,0.6333333333333333,0.9,0.8166666666666667,0.3,0.7864752769470215,0.02113499641418457
sqrt,5,2.15443,0.3,10,0.5733333333333335,0.07498147919467994,501,0.55,0.5333333333333333,0.7166666666666667,0.5666666666666667,0.5,0.7891952991485596,0.021392297744750977
sqrt,5,2.15443,0.3,20,0.5866666666666667,0.07483314773547882,421,0.55,0.6166666666666667,0.7166666666666667,0.55,0.5,0.7845608234405518,0.021331787109375
sqrt,5,2.15443,0.3,50,0.6266666666666667,0.08856886837057618,157,0.7333333333333334,0.6166666666666667,0.7166666666666667,0.5666666666666667,0.5,0.7877127647399902,0.021227121353149414
sqrt,5,2.15443,0.5,5,0.5966666666666667,0.2552558629210219,376,0.43333333333333335,0.6333333333333333,0.9,0.8166666666666667,0.2,0.7969545364379883,0.021205329895019533
sqrt,5,2.15443,0.5,10,0.6133333333333333,0.11025223605694151,193,0.55,0.6333333333333333,0.8166666666666667,0.5666666666666667,0.5,0.7986464023590087,0.021385002136230468
sqrt,5,2.15443,0.5,20,0.5700000000000001,0.07557189365836423,547,0.55,0.5333333333333333,0.7166666666666667,0.55,0.5,0.800556755065918,0.021418094635009766
sqrt,5,2.15443,0.5,50,0.6833333333333333,0.0699205898780101,10,0.6333333333333333,0.7166666666666667,0.8,0.6666666666666666,0.6000000000000001,0.8052335739135742,0.021246957778930663
sqrt,5,2.15443,0.7,5,0.5066666666666667,0.21044925490219463,749,0.43333333333333335,0.43333333333333335,0.8166666666666667,0.65,0.2,0.8071153163909912,0.021380186080932617
sqrt,5,2.15443,0.7,10,0.62,0.10187137859957415,168,0.43333333333333335,0.7166666666666667,0.7,0.65,0.6000000000000001,0.8090554237365722,0.02133522033691406
sqrt,5,2.15443,0.7,20,0.5700000000000001,0.1185092588975412,547,0.55,0.5333333333333333,0.8,0.4666666666666667,0.5,0.8105194091796875,0.02127666473388672
sqrt,5,2.15443,0.7,50,0.6133333333333334,0.06944222218666551,186,0.55,0.5333333333333333,0.7166666666666667,0.6666666666666666,0.6000000000000001,0.8150316715240479,0.02126622200012207
sqrt,5,2.15443,0.9,5,0.5433333333333333,0.11135528725660042,670,0.43333333333333335,0.43333333333333335,0.7,0.65,0.5,0.8567408561706543,0.021353435516357423
sqrt,5,2.15443,0.9,10,0.6466666666666667,0.11709445380166862,71,0.6333333333333333,0.7166666666666667,0.8166666666666667,0.4666666666666667,0.6000000000000001,0.8608365058898926,0.02224388122558594
sqrt,5,2.15443,0.9,20,0.5733333333333335,0.07498147919467994,501,0.55,0.5333333333333333,0.7166666666666667,0.5666666666666667,0.5,0.8543919563293457,0.021431112289428712
sqrt,5,2.15443,0.9,50,0.6666666666666667,0.10274023338281627,32,0.6333333333333333,0.5333333333333333,0.8166666666666667,0.75,0.6000000000000001,0.8566343784332275,0.021491098403930663
sqrt,5,7.74264,0.1,5,0.48,0.16779617264870958,777,0.26666666666666666,0.6333333333333333,0.7166666666666667,0.3833333333333333,0.4,0.8027648448944091,0.021304893493652343
sqrt,5,7.74264,0.1,10,0.5533333333333333,0.141970262926979,634,0.55,0.5333333333333333,0.8166666666666667,0.4666666666666667,0.4,0.8020145893096924,0.02119102478027344
sqrt,5,7.74264,0.1,20,0.5666666666666667,0.09718253158075499,567,0.55,0.43333333333333335,0.7,0.65,0.5,0.8052373886108398,0.02140812873840332
sqrt,5,7.74264,0.1,50,0.6633333333333333,0.05312459150169741,41,0.65,0.6166666666666667,0.7166666666666667,0.7333333333333334,0.6000000000000001,0.8145012378692627,0.02145276069641113
sqrt,5,7.74264,0.3,5,0.5266666666666667,0.20154955277107967,717,0.43333333333333335,0.6333333333333333,0.8,0.5666666666666667,0.2,0.9866969108581543,0.02116837501525879
sqrt,5,7.74264,0.3,10,0.5733333333333335,0.08339997335464536,501,0.55,0.5333333333333333,0.7166666666666667,0.4666666666666667,0.6,0.9870588779449463,0.021223974227905274
sqrt,5,7.74264,0.3,20,0.5833333333333334,0.17320508075688773,431,0.6333333333333333,0.43333333333333335,0.9,0.45,0.5,0.9886825084686279,0.021357917785644533
sqrt,5,7.74264,0.3,50,0.6266666666666667,0.09463379711052261,157,0.7333333333333334,0.5333333333333333,0.7166666666666667,0.65,0.5,0.9930881023406982,0.02130570411682129
sqrt,5,7.74264,0.5,5,0.6066666666666667,0.2080598204576965,300,0.4666666666666667,0.6333333333333333,0.9,0.7333333333333334,0.3,1.0609400749206543,0.021303701400756835
sqrt,5,7.74264,0.5,10,0.5533333333333335,0.08653836657164779,626,0.55,0.5333333333333333,0.7166666666666667,0.4666666666666667,0.5,1.0737558841705321,0.02129044532775879
sqrt,5,7.74264,0.5,20,0.6033333333333333,0.1077032961426901,346,0.55,0.5333333333333333,0.8,0.6333333333333333,0.5,1.066695499420166,0.021434593200683593
sqrt,5,7.74264,0.5,50,0.6433333333333333,0.08339997335464537,77,0.7333333333333334,0.6166666666666667,0.7166666666666667,0.65,0.5,1.072029209136963,0.02153620719909668
sqrt,5,7.74264,0.7,5,0.6166666666666666,0.22558565754251508,181,0.43333333333333335,0.6333333333333333,0.9,0.8166666666666667,0.3,1.0764527320861816,0.021230554580688475
sqrt,5,7.74264,0.7,10,0.5933333333333334,0.07498147919467994,385,0.55,0.6333333333333333,0.7166666666666667,0.5666666666666667,0.5,1.0750851154327392,0.021468162536621094
sqrt,5,7.74264,0.7,20,0.5866666666666667,0.1082178872049862,421,0.55,0.5333333333333333,0.8,0.55,0.5,1.0806284904479981,0.02122917175292969
sqrt,5,7.74264,0.7,50,0.68,0.1082178872049862,14,0.7333333333333334,0.6166666666666667,0.8,0.75,0.5,1.0827318668365478,0.02127833366394043
sqrt,5,7.74264,0.9,5,0.5566666666666666,0.2619584360585133,617,0.43333333333333335,0.43333333333333335,0.9,0.8166666666666667,0.2,1.1328856468200683,0.02105240821838379
sqrt,5,7.74264,0.9,10,0.5933333333333334,0.07498147919467994,385,0.55,0.6333333333333333,0.7166666666666667,0.5666666666666667,0.5,1.1363628387451172,0.02123427391052246
sqrt,5,7.74264,0.9,20,0.5533333333333335,0.08653836657164779,626,0.55,0.5333333333333333,0.7166666666666667,0.4666666666666667,0.5,1.1399567604064942,0.021512556076049804
sqrt,5,7.74264,0.9,50,0.7033333333333334,0.07483314773547882,6,0.7333333333333334,0.6333333333333333,0.8,0.75,0.6000000000000001,1.1446544170379638,0.02152256965637207
sqrt,5,27.8256,0.1,5,0.44000000000000006,0.20564262420249574,795,0.26666666666666666,0.6333333333333333,0.7166666666666667,0.18333333333333335,0.4,0.7533747673034668,0.02139439582824707
sqrt,5,27.8256,0.1,10,0.5933333333333334,0.12762793146051096,385,0.4666666666666667,0.5333333333333333,0.8166666666666667,0.65,0.5,0.7560165882110595,0.021451711654663086
sqrt,5,27.8256,0.1,20,0.53,0.06091888960832356,713,0.55,0.43333333333333335,0.6166666666666667,0.55,0.5,0.7594482898712158,0.021434736251831055
sqrt,5,27.8256,0.1,50,0.6633333333333333,0.11323525167642018,41,0.7333333333333334,0.5166666666666667,0.8166666666666667,0.55,0.7,0.7641961097717285,0.021210670471191406
sqrt,5,27.8256,0.3,5,0.44000000000000006,0.20237478982214052,795,0.26666666666666666,0.6333333333333333,0.7166666666666667,0.3833333333333333,0.2,0.938068437576294,0.021289873123168945
sqrt,5,27.8256,0.3,10,0.5366666666666666,0.14621141466307538,690,0.4666666666666667,0.5333333333333333,0.8166666666666667,0.4666666666666667,0.4,0.9441439628601074,0.021120691299438478
sqrt,5,27.8256,0.3,20,0.5700000000000001,0.1240071682515885,547,0.55,0.43333333333333335,0.8,0.5666666666666667,0.5,0.9430124282836914,0.02126736640930176
sqrt,5,27.8256,0.3,50,0.6100000000000001,0.02708012801545321,232,0.65,0.6166666666666667,0.6166666666666667,0.5666666666666667,0.6000000000000001,0.9462287902832032,0.021439266204833985
sqrt,5,27.8256,0.5,5,0.47333333333333333,0.19737161790783284,791,0.26666666666666666,0.6333333333333333,0.6166666666666667,0.65,0.2,1.1343994617462159,0.02129673957824707
sqrt,5,27.8256,0.5,10,0.5366666666666666,0.15542057635833023,690,0.55,0.5333333333333333,0.8166666666666667,0.3833333333333333,0.4,1.139662504196167,0.02142333984375
sqrt,5,27.8256,0.5,20,0.5700000000000001,0.07557189365836423,547,0.55,0.5333333333333333,0.7166666666666667,0.55,0.5,1.1475675582885743,0.021207284927368165
sqrt,5,27.8256,0.5,50,0.6433333333333333,0.1041366623454221,77,0.7333333333333334,0.5333333333333333,0.7166666666666667,0.7333333333333334,0.5,1.1420167446136475,0.021182918548583986
sqrt,5,27.8256,0.7,5,0.5433333333333333,0.23036203390894666,670,0.35,0.6333333333333333,0.8,0.7333333333333334,0.2,1.2484428882598877,0.021282529830932616
sqrt,5,27.8256,0.7,10,0.5733333333333335,0.08339997335464536,501,0.55,0.5333333333333333,0.7166666666666667,0.4666666666666667,0.6,1.249239158630371,0.021359920501708984
sqrt,5,27.8256,0.7,20,0.6033333333333333,0.16206994374857625,346,0.6333333333333333,0.43333333333333335,0.9,0.55,0.5,1.2544753551483154,0.02130732536315918
sqrt,5,27.8256,0.7,50,0.6066666666666667,0.07644896627453146,300,0.7333333333333334,0.6166666666666667,0.6166666666666667,0.5666666666666667,0.5,1.254152202606201,0.021270084381103515
sqrt,5,27.8256,0.9,5,0.5533333333333333,0.22764494771951832,634,0.4666666666666667,0.6333333333333333,0.9,0.5666666666666667,0.2,1.3288867473602295,0.02111659049987793
sqrt,5,27.8256,0.9,10,0.5700000000000001,0.07557189365836423,547,0.55,0.5333333333333333,0.7166666666666667,0.55,0.5,1.3355104446411132,0.021236562728881837
sqrt,5,27.8256,0.9,20,0.5866666666666667,0.1082178872049862,421,0.55,0.5333333333333333,0.8,0.55,0.5,1.3313604831695556,0.021291732788085938
sqrt,5,27.8256,0.9,50,0.66,0.10252370999486468,49,0.7333333333333334,0.6166666666666667,0.8,0.65,0.5,1.3331496715545654,0.021062326431274415
sqrt,5,100.0,0.1,5,0.44000000000000006,0.20564262420249574,795,0.26666666666666666,0.6333333333333333,0.7166666666666667,0.18333333333333335,0.4,0.7975261688232422,0.0211484432220459
sqrt,5,100.0,0.1,10,0.5933333333333334,0.12762793146051096,385,0.4666666666666667,0.5333333333333333,0.8166666666666667,0.65,0.5,0.7997949123382568,0.02140665054321289
sqrt,5,100.0,0.1,20,0.5666666666666667,0.12427567921538167,567,0.55,0.43333333333333335,0.8,0.55,0.5,0.8016198635101318,0.021366119384765625
sqrt,5,100.0,0.1,50,0.65,0.10381607668264957,60,0.65,0.5333333333333333,0.8166666666666667,0.55,0.7,0.8064637184143066,0.021134042739868165
sqrt,5,100.0,0.3,5,0.44000000000000006,0.20564262420249574,795,0.26666666666666666,0.6333333333333333,0.7166666666666667,0.18333333333333335,0.4,0.8120619773864746,0.02136373519897461
sqrt,5,100.0,0.3,10,0.5933333333333334,0.12762793146051096,385,0.4666666666666667,0.5333333333333333,0.8166666666666667,0.65,0.5,0.8127026557922363,0.021457147598266602
sqrt,5,100.0,0.3,20,0.53,0.06091888960832356,713,0.55,0.43333333333333335,0.6166666666666667,0.55,0.5,0.8246737957000733,0.02143125534057617
sqrt,5,100.0,0.3,50,0.6633333333333333,0.11323525167642018,41,0.7333333333333334,0.5166666666666667,0.8166666666666667,0.55,0.7,0.8182528972625732,0.021442127227783204
sqrt,5,100.0,0.5,5,0.44000000000000006,0.20564262420249574,795,0.26666666666666666,0.6333333333333333,0.7166666666666667,0.18333333333333335,0.4,0.8414226055145264,0.02112154960632324
sqrt,5,100.0,0.5,10,0.6100000000000001,0.1147945023848171,232,0.55,0.5333333333333333,0.8166666666666667,0.65,0.5,0.8436894893646241,0.021381139755249023
sqrt,5,100.0,0.5,20,0.53,0.06091888960832356,713,0.55,0.43333333333333335,0.6166666666666667,0.55,0.5,0.8511321067810058,0.021303462982177734
sqrt,5,100.0,0.5,50,0.6466666666666667,0.10770329614269006,71,0.65,0.5166666666666667,0.8166666666666667,0.55,0.7,0.8523244857788086,0.02141118049621582
sqrt,5,100.0,0.7,5,0.44000000000000006,0.20564262420249574,795,0.26666666666666666,0.6333333333333333,0.7166666666666667,0.18333333333333335,0.4,0.9006620883941651,0.02139620780944824
sqrt,5,100.0,0.7,10,0.5733333333333334,0.1470449666674185,515,0.4666666666666667,0.5333333333333333,0.8166666666666667,0.65,0.4,0.906858253479004,0.021389532089233398
sqrt,5,100.0,0.7,20,0.5700000000000001,0.1240071682515885,547,0.55,0.43333333333333335,0.8,0.5666666666666667,0.5,0.9081981182098389,0.02139286994934082
sqrt,5,100.0,0.7,50,0.6633333333333333,0.05312459150169741,41,0.65,0.6166666666666667,0.7166666666666667,0.7333333333333334,0.6000000000000001,0.9095937728881835,0.021412181854248046
sqrt,5,100.0,0.9,5,0.4566666666666667,0.20044395171163878,794,0.26666666666666666,0.6333333333333333,0.7166666666666667,0.4666666666666667,0.2,0.990623140335083,0.02214193344116211
sqrt,5,100.0,0.9,10,0.5533333333333333,0.14197026292697904,634,0.4666666666666667,0.5333333333333333,0.8166666666666667,0.55,0.4,0.9925492286682129,0.021321439743041994
sqrt,5,100.0,0.9,20,0.5700000000000001,0.1240071682515885,547,0.55,0.43333333333333335,0.8,0.5666666666666667,0.5,0.9927800178527832,0.021269559860229492
sqrt,5,100.0,0.9,50,0.6666666666666666,0.07745966692414831,36,0.65,0.6166666666666667,0.8166666666666667,0.65,0.6000000000000001,0.9957016944885254,0.021448278427124025
0.3,1,0.001,0.1,5,0.5733333333333333,0.15513435037626794,530,0.8333333333333333,0.45,0.5333333333333333,0.65,0.4,0.48139066696166993,0.02122797966003418
0.3,1,0.001,0.1,10,0.61,0.16350331291240963,245,0.9166666666666667,0.45,0.6166666666666667,0.5666666666666667,0.5,0.48682003021240233,0.02138524055480957
0.3,1,0.001,0.1,20,0.6133333333333333,0.11850925889754116,193,0.8333333333333333,0.5333333333333333,0.6333333333333333,0.5666666666666667,0.5,0.4964579105377197,0.021783208847045897
0.3,1,0.001,0.1,50,0.56,0.11623730516108464,577,0.65,0.55,0.7166666666666667,0.3833333333333333,0.5,0.5117336273193359,0.021284055709838868
0.3,1,0.001,0.3,5,0.5733333333333333,0.15513435037626794,530,0.8333333333333333,0.45,0.5333333333333333,0.65,0.4,0.4803922176361084,0.021729421615600587
0.3,1,0.001,0.3,10,0.61,0.16350331291240963,245,0.9166666666666667,0.45,0.6166666666666667,0.5666666666666667,0.5,0.48491683006286623,0.0218994140625
0.3,1,0.001,0.3,20,0.6133333333333333,0.11850925889754116,193,0.8333333333333333,0.5333333333333333,0.6333333333333333,0.5666666666666667,0.5,0.49481892585754395,0.021574020385742188
0.3,1,0.001,0.3,50,0.56,0.11623730516108464,577,0.65,0.55,0.7166666666666667,0.3833333333333333,0.5,0.5109151840209961,0.021452665328979492
0.3,1,0.001,0.5,5,0.5733333333333333,0.15513435037626794,530,0.8333333333333333,0.45,0.5333333333333333,0.65,0.4,0.4805574893951416,0.021323394775390626
0.3,1,0.001,0.5,10,0.61,0.16350331291240963,245,0.9166666666666667,0.45,0.6166666666666667,0.5666666666666667,0.5,0.4914547920227051,0.021379613876342775
0.3,1,0.001,0.5,20,0.6133333333333333,0.11850925889754116,193,0.8333333333333333,0.5333333333333333,0.6333333333333333,0.5666666666666667,0.5,0.49573802947998047,0.021692371368408202
0.3,1,0.001,0.5,50,0.56,0.11623730516108464,577,0.65,0.55,0.7166666666666667,0.3833333333333333,0.5,0.5109684467315674,0.02153024673461914
0.3,1,0.001,0.7,5,0.5733333333333333,0.15513435037626794,530,0.8333333333333333,0.45,0.5333333333333333,0.65,0.4,0.47993717193603513,0.021689081192016603
0.3,1,0.001,0.7,10,0.61,0.16350331291240963,245,0.9166666666666667,0.45,0.6166666666666667,0.5666666666666667,0.5,0.4837674140930176,0.02178812026977539
0.3,1,0.001,0.7,20,0.6133333333333333,0.11850925889754116,193,0.8333333333333333,0.5333333333333333,0.6333333333333333,0.5666666666666667,0.5,0.49617705345153806,0.021539640426635743
0.3,1,0.001,0.7,50,0.56,0.11623730516108464,577,0.65,0.55,0.7166666666666667,0.3833333333333333,0.5,0.5128150939941406,0.021586179733276367
0.3,1,0.001,0.9,5,0.5733333333333333,0.15513435037626794,530,0.8333333333333333,0.45,0.5333333333333333,0.65,0.4,0.4805436611175537,0.021445083618164062
0.3,1,0.001,0.9,10,0.61,0.16350331291240963,245,0.9166666666666667,0.45,0.6166666666666667,0.5666666666666667,0.5,0.48681416511535647,0.021437835693359376
0.3,1,0.001,0.9,20,0.6133333333333333,0.11850925889754116,193,0.8333333333333333,0.5333333333333333,0.6333333333333333,0.5666666666666667,0.5,0.49466304779052733,0.02148895263671875
0.3,1,0.001,0.9,50,0.56,0.11623730516108464,577,0.65,0.55,0.7166666666666667,0.3833333333333333,0.5,0.5125128746032714,0.02178020477294922
0.3,1,0.00359381,0.1,5,0.5733333333333333,0.15513435037626794,530,0.8333333333333333,0.45,0.5333333333333333,0.65,0.4,0.4827017307281494,0.021931028366088866
0.3,1,0.00359381,0.1,10,0.61,0.16350331291240963,245,0.9166666666666667,0.45,0.6166666666666667,0.5666666666666667,0.5,0.4859438896179199,0.021898508071899414
0.3,1,0.00359381,0.1,20,0.6133333333333333,0.11850925889754116,193,0.8333333333333333,0.5333333333333333,0.6333333333333333,0.5666666666666667,0.5,0.49946370124816897,0.021608638763427734
0.3,1,0.00359381,0.1,50,0.56,0.11623730516108464,577,0.65,0.55,0.7166666666666667,0.3833333333333333,0.5,0.5142617702484131,0.021506118774414062
0.3,1,0.00359381,0.3,5,0.5733333333333333,0.15513435037626794,530,0.8333333333333333,0.45,0.5333333333333333,0.65,0.4,0.4800858497619629,0.0217287540435791
0.3,1,0.00359381,0.3,10,0.61,0.16350331291240963,245,0.9166666666666667,0.45,0.6166666666666667,0.5666666666666667,0.5,0.48429231643676757,0.021450901031494142
0.3,1,0.00359381,0.3,20,0.6133333333333333,0.11850925889754116,193,0.8333333333333333,0.5333333333333333,0.6333333333333333,0.5666666666666667,0.5,0.4958196640014648,0.021556949615478514
0.3,1,0.00359381,0.3,50,0.56,0.11623730516108464,577,0.65,0.55,0.7166666666666667,0.3833333333333333,0.5,0.5120078563690186,0.021428489685058595
0.3,1,0.00359381,0.5,5,0.5733333333333333,0.15513435037626794,530,0.8333333333333333,0.45,0.5333333333333333,0.65,0.4,0.4805898666381836,0.021575927734375
0.3,1,0.00359381,0.5,10,0.61,0.16350331291240963,245,0.9166666666666667,0.45,0.6166666666666667,0.5666666666666667,0.5,0.486339807510376,0.02195115089416504
0.3,1,0.00359381,0.5,20,0.6133333333333333,0.11850925889754116,193,0.8333333333333333,0.5333333333333333,0.6333333333333333,0.5666666666666667,0.5,0.49490923881530763,0.02145066261291504
0.3,1,0.00359381,0.5,50,0.56,0.11623730516108464,577,0.65,0.55,0.7166666666666667,0.3833333333333333,0.5,0.5121855735778809,0.02150874137878418
0.3,1,0.00359381,0.7,5,0.5733333333333333,0.15513435037626794,530,0.8333333333333333,0.45,0.5333333333333333,0.65,0.4,0.48312554359436033,0.021443843841552734
0.3,1,0.00359381,0.7,10,0.61,0.16350331291240963,245,0.9166666666666667,0.45,0.6166666666666667,0.5666666666666667,0.5,0.48693146705627444,0.021462106704711915
0.3,1,0.00359381,0.7,20,0.6133333333333333,0.11850925889754116,193,0.8333333333333333,0.5333333333333333,0.6333333333333333,0.5666666666666667,0.5,0.49725890159606934,0.02175250053405762
0.3,1,0.00359381,0.7,50,0.56,0.11623730516108464,577,0.65,0.55,0.7166666666666667,0.3833333333333333,0.5,0.5122768402099609,0.021334123611450196
0.3,1,0.00359381,0.9,5,0.5733333333333333,0.15513435037626794,530,0.8333333333333333,0.45,0.5333333333333333,0.65,0.4,0.4843164920806885,0.021392202377319335
0.3,1,0.00359381,0.9,10,0.61,0.16350331291240963,245,0.9166666666666667,0.45,0.6166666666666667,0.5666666666666667,0.5,0.48685240745544434,0.021557092666625977
0.3,1,0.00359381,0.9,20,0.6133333333333333,0.11850925889754116,193,0.8333333333333333,0.5333333333333333,0.6333333333333333,0.5666666666666667,0.5,0.4954979419708252,0.021437549591064455
0.3,1,0.00359381,0.9,50,0.56,0.11623730516108464,577,0.65,0.55,0.7166666666666667,0.3833333333333333,0.5,0.5111112117767334,0.02161383628845215
0.3,1,0.0129155,0.1,5,0.5333333333333334,0.11055415967851334,702,0.3833333333333333,0.4166666666666667,0.6166666666666667,0.65,0.6,0.49118919372558595,0.02156205177307129
0.3,1,0.0129155,0.1,10,0.5533333333333333,0.16069294390925268,634,0.3833333333333333,0.4166666666666667,0.8166666666666667,0.65,0.5,0.4969024181365967,0.021193552017211913
0.3,1,0.0129155,0.1,20,0.5366666666666666,0.17745108872274887,690,0.3833333333333333,0.3333333333333333,0.8166666666666667,0.65,0.5,0.5046091079711914,0.021717023849487305
0.3,1,0.0129155,0.1,50,0.5933333333333334,0.12319812408384218,385,0.48333333333333334,0.5333333333333333,0.8166666666666667,0.6333333333333333,0.5,0.5190964221954346,0.021489858627319336
0.3,1,0.0129155,0.3,5,0.5733333333333333,0.15513435037626794,530,0.8333333333333333,0.45,0.5333333333333333,0.65,0.4,0.48506526947021483,0.022351551055908202
0.3,1,0.0129155,0.3,10,0.61,0.16350331291240963,245,0.9166666666666667,0.45,0.6166666666666667,0.5666666666666667,0.5,0.4901747226715088,0.021569347381591795
0.3,1,0.0129155,0.3,20,0.6133333333333333,0.11850925889754116,193,0.8333333333333333,0.5333333333333333,0.6333333333333333,0.5666666666666667,0.5,0.49671006202697754,0.021691370010375976
0.3,1,0.0129155,0.3,50,0.56,0.11623730516108464,577,0.65,0.55,0.7166666666666667,0.3833333333333333,0.5,0.5124332427978515,0.02149167060852051
0.3,1,0.0129155,0.5,5,0.5733333333333333,0.15513435037626794,530,0.8333333333333333,0.45,0.5333333333333333,0.65,0.4,0.49368972778320314,0.021430587768554686
0.3,1,0.0129155,0.5,10,0.61,0.16350331291240963,245,0.9166666666666667,0.45,0.6166666666666667,0.5666666666666667,0.5,0.48694443702697754,0.021381616592407227
0.3,1,0.0129155,0.5,20,0.6133333333333333,0.11850925889754116,193,0.8333333333333333,0.5333333333333333,0.6333333333333333,0.5666666666666667,0.5,0.49611577987670896,0.02163224220275879
0.3,1,0.0129155,0.5,50,0.56,0.11623730516108464,577,0.65,0.55,0.7166666666666667,0.3833333333333333,0.5,0.5118261814117432,0.02137455940246582
0.3,1,0.0129155,0.7,5,0.5733333333333333,0.15513435037626794,530,0.8333333333333333,0.45,0.5333333333333333,0.65,0.4,0.4815203189849854,0.021436548233032225
0.3,1,0.0129155,0.7,10,0.61,0.16350331291240963,245,0.9166666666666667,0.45,0.6166666666666667,0.5666666666666667,0.5,0.48656630516052246,0.02155928611755371
0.3,1,0.0129155,0.7,20,0.6133333333333333,0.11850925889754116,193,0.8333333333333333,0.5333333333333333,0.6333333333333333,0.5666666666666667,0.5,0.4969631195068359,0.021383047103881836
0.3,1,0.0129155,0.7,50,0.56,0.11623730516108464,577,0.65,0.55,0.7166666666666667,0.3833333333333333,0.5,0.513127326965332,0.021500301361083985
0.3,1,0.0129155,0.9,5,0.5733333333333333,0.15513435037626794,530,0.8333333333333333,0.45,0.5333333333333333,0.65,0.4,0.47909889221191404,0.021378231048583985
0.3,1,0.0129155,0.9,10,0.61,0.16350331291240963,245,0.9166666666666667,0.45,0.6166666666666667,0.5666666666666667,0.5,0.4879925727844238,0.02140469551086426
0.3,1,0.0129155,0.9,20,0.6133333333333333,0.11850925889754116,193,0.8333333333333333,0.5333333333333333,0.6333333333333333,0.5666666666666667,0.5,0.503272533416748,0.02158017158508301
0.3,1,0.0129155,0.9,50,0.56,0.11623730516108464,577,0.65,0.55,0.7166666666666667,0.3833333333333333,0.5,0.512104845046997,0.021411418914794922
0.3,1,0.0464159,0.1,5,0.5466666666666666,0.09392668535736914,668,0.3833333333333333,0.6,0.6166666666666667,0.6333333333333333,0.5,0.5009278297424317,0.021473789215087892
0.3,1,0.0464159,0.1,10,0.55,0.1140175425099138,650,0.4666666666666667,0.4166666666666667,0.7166666666666667,0.65,0.5,0.5049333095550537,0.02147951126098633
0.3,1,0.0464159,0.1,20,0.6166666666666667,0.0767390962214756,174,0.48333333333333334,0.6333333333333333,0.7166666666666667,0.65,0.6000000000000001,0.5104182243347168,0.021219301223754882
0.3,1,0.0464159,0.1,50,0.6333333333333333,0.050552502960343665,131,0.5666666666666667,0.6333333333333333,0.7166666666666667,0.65,0.6000000000000001,0.526990556716919,0.021397972106933595
0.3,1,0.0464159,0.3,5,0.5333333333333334,0.10697871023920806,702,0.5666666666666667,0.4166666666666667,0.4166666666666667,0.5666666666666667,0.7,0.4995157241821289,0.021480846405029296
0.3,1,0.0464159,0.3,10,0.6333333333333334,0.14452988925785867,125,0.3833333333333333,0.7166666666666667,0.8166666666666667,0.65,0.6,0.5069950580596924,0.02160778045654297
0.3,1,0.0464159,0.3,20,0.63,0.13140268896284682,139,0.4666666666666667,0.7166666666666667,0.8166666666666667,0.65,0.5,0.51270432472229,0.021316003799438477
0.3,1,0.0464159,0.3,50,0.6133333333333333,0.1561338457150716,193,0.3833333333333333,0.6333333333333333,0.8166666666666667,0.7333333333333334,0.5,0.5279656887054444,0.021412754058837892
0.3,1,0.0464159,0.5,5,0.4933333333333333,0.08981462390204986,769,0.43333333333333335,0.45,0.5333333333333333,0.65,0.4,0.48197083473205565,0.021434688568115236
0.3,1,0.0464159,0.5,10,0.54,0.05830951894845301,674,0.5666666666666667,0.45,0.6166666666666667,0.5666666666666667,0.5,0.4919255256652832,0.02137932777404785
0.3,1,0.0464159,0.5,20,0.5599999999999999,0.044221663871405324,612,0.5666666666666667,0.5333333333333333,0.6333333333333333,0.5666666666666667,0.5,0.4974228858947754,0.02148923873901367
0.3,1,0.0464159,0.5,50,0.5566666666666666,0.11382247385975916,617,0.6333333333333333,0.55,0.7166666666666667,0.3833333333333333,0.5,0.5139225959777832,0.021464967727661134
0.3,1,0.0464159,0.7,5,0.5733333333333333,0.15513435037626794,530,0.8333333333333333,0.45,0.5333333333333333,0.65,0.4,0.47949976921081544,0.021387004852294923
0.3,1,0.0464159,0.7,10,0.61,0.16350331291240963,245,0.9166666666666667,0.45,0.6166666666666667,0.5666666666666667,0.5,0.49125256538391116,0.022381162643432616
0.3,1,0.0464159,0.7,20,0.6133333333333333,0.11850925889754116,193,0.8333333333333333,0.5333333333333333,0.6333333333333333,0.5666666666666667,0.5,0.49745845794677734,0.02139878273010254
0.3,1,0.0464159,0.7,50,0.56,0.11623730516108464,577,0.65,0.55,0.7166666666666667,0.3833333333333333,0.5,0.5130581855773926,0.02136549949645996
0.3,1,0.0464159,0.9,5,0.5733333333333333,0.15513435037626794,530,0.8333333333333333,0.45,0.5333333333333333,0.65,0.4,0.48206629753112795,0.021297359466552736
0.3,1,0.0464159,0.9,10,0.61,0.16350331291240963,245,0.9166666666666667,0.45,0.6166666666666667,0.5666666666666667,0.5,0.49131293296813966,0.021431827545166017
0.3,1,0.0464159,0.9,20,0.6133333333333333,0.11850925889754116,193,0.8333333333333333,0.5333333333333333,0.6333333333333333,0.5666666666666667,0.5,0.49710564613342284,0.02144331932067871
0.3,1,0.0464159,0.9,50,0.56,0.11623730516108464,577,0.65,0.55,0.7166666666666667,0.3833333333333333,0.5,0.5120580196380615,0.021541023254394533
0.3,1,0.16681,0.1,5,0.5700000000000001,0.09451631252505216,547,0.3833333333333333,0.6333333333333333,0.6,0.6333333333333333,0.6,0.5320289611816407,0.02138242721557617
0.3,1,0.16681,0.1,10,0.5266666666666666,0.1558489297008128,718,0.3833333333333333,0.4166666666666667,0.7,0.7333333333333334,0.4,0.5365065574645996,0.021749162673950197
0.3,1,0.16681,0.1,20,0.5933333333333334,0.12498888839501783,385,0.5666666666666667,0.43333333333333335,0.8166666666666667,0.55,0.6000000000000001,0.5446089267730713,0.021643733978271483
0.3,1,0.16681,0.1,50,0.6333333333333334,0.09006170724070865,125,0.48333333333333334,0.6333333333333333,0.7166666666666667,0.7333333333333334,0.6000000000000001,0.5558665275573731,0.021357107162475585
0.3,1,0.16681,0.3,5,0.6100000000000001,0.1474222959166399,232,0.3833333333333333,0.7333333333333334,0.5333333333333333,0.8,0.6,0.5321827411651612,0.021444320678710938
0.3,1,0.16681,0.3,10,0.6066666666666667,0.08472176684759225,300,0.4666666666666667,0.6166666666666667,0.6166666666666667,0.7333333333333334,0.6000000000000001,0.5413183212280274,0.021342897415161134
0.3,1,0.16681,0.3,20,0.6100000000000001,0.08205689083394115,232,0.4666666666666667,0.7166666666666667,0.6166666666666667,0.65,0.6000000000000001,0.542847728729248,0.021360349655151368
0.3,1,0.16681,0.3,50,0.6533333333333333,0.138001610296563,52,0.48333333333333334,0.7333333333333334,0.7166666666666667,0.8333333333333333,0.5,0.5602599143981933,0.021371078491210938
0.3,1,0.16681,0.5,5,0.5966666666666667,0.13960261060914617,376,0.3833333333333333,0.8166666666666667,0.6333333333333333,0.55,0.6,0.5414225578308105,0.021638154983520508
0.3,1,0.16681,0.5,10,0.5833333333333334,0.12692955176439846,431,0.4666666666666667,0.5166666666666667,0.6166666666666667,0.8166666666666667,0.5,0.5476032257080078,0.0216188907623291
0.3,1,0.16681,0.5,20,0.63,0.09966610925150701,139,0.4666666666666667,0.7166666666666667,0.6166666666666667,0.75,0.6000000000000001,0.5514294624328613,0.021460628509521483
0.3,1,0.16681,0.5,50,0.65,0.11105554165971789,60,0.5666666666666667,0.8166666666666667,0.7166666666666667,0.65,0.5,0.5686164379119873,0.02127680778503418
0.3,1,0.16681,0.7,5,0.5933333333333334,0.14476033833738977,385,0.3833333333333333,0.8,0.5166666666666667,0.5666666666666667,0.7,0.5484164714813232,0.021218013763427735
0.3,1,0.16681,0.7,10,0.6699999999999999,0.15648926125740667,27,0.4666666666666667,0.7333333333333334,0.8166666666666667,0.8333333333333333,0.5,0.552297306060791,0.021493959426879882
0.3,1,0.16681,0.7,20,0.6333333333333334,0.1120515754264774,125,0.4666666666666667,0.6333333333333333,0.8166666666666667,0.65,0.6000000000000001,0.5587704181671143,0.021529674530029297
0.3,1,0.16681,0.7,50,0.6533333333333333,0.06446359868604573,52,0.5666666666666667,0.7333333333333334,0.7166666666666667,0.65,0.6000000000000001,0.5776046752929688,0.02129473686218262
0.3,1,0.16681,0.9,5,0.55,0.10540925533894598,650,0.3833333333333333,0.7,0.5,0.5666666666666667,0.6,0.5323217868804931,0.021483755111694335
0.3,1,0.16681,0.9,10,0.65,0.17543596489254357,60,0.3833333333333333,0.8,0.8166666666666667,0.75,0.5,0.5365657806396484,0.021708202362060548
0.3,1,0.16681,0.9,20,0.6533333333333334,0.15216949614017772,51,0.3833333333333333,0.7166666666666667,0.8166666666666667,0.75,0.6000000000000001,0.5419422149658203,0.021201515197753908
0.3,1,0.16681,0.9,50,0.63,0.08844332774281068,139,0.5666666666666667,0.6333333333333333,0.7166666666666667,0.7333333333333334,0.5,0.5592641830444336,0.021345233917236327
0.3,1,0.599484,0.1,5,0.5766666666666667,0.1691810338726603,489,0.3833333333333333,0.7333333333333334,0.8,0.5666666666666667,0.4,0.6029606342315674,0.021569061279296874
0.3,1,0.599484,0.1,10,0.5566666666666666,0.13646326326972483,617,0.3833333333333333,0.5333333333333333,0.8,0.5666666666666667,0.5,0.6040441036224365,0.02144923210144043
0.3,1,0.599484,0.1,20,0.5666666666666667,0.06992058987801009,567,0.5666666666666667,0.5333333333333333,0.7,0.5333333333333333,0.5,0.6099430561065674,0.021460962295532227
0.3,1,0.599484,0.1,50,0.6166666666666666,0.07226494462892932,181,0.48333333333333334,0.6333333333333333,0.6166666666666667,0.65,0.7,0.6284062385559082,0.021380138397216798
0.3,1,0.599484,0.3,5,0.6300000000000001,0.16000000000000003,137,0.3833333333333333,0.7333333333333334,0.8,0.7333333333333334,0.5,0.616203784942627,0.021480321884155273
0.3,1,0.599484,0.3,10,0.5766666666666667,0.10624918300339485,489,0.3833333333333333,0.6333333333333333,0.7,0.5666666666666667,0.6,0.6209615707397461,0.021552467346191408
0.3,1,0.599484,0.3,20,0.53,0.02449489742783177,713,0.5666666666666667,0.5166666666666667,0.5166666666666667,0.55,0.5,0.6288818359375,0.02117929458618164
0.3,1,0.599484,0.3,50,0.6366666666666667,0.09392668535736913,120,0.48333333333333334,0.6333333333333333,0.7166666666666667,0.75,0.6000000000000001,0.6446909427642822,0.021662282943725585
0.3,1,0.599484,0.5,5,0.6299999999999999,0.17204650534085256,156,0.3833333333333333,0.6333333333333333,0.5333333333333333,0.9,0.7,0.6180137157440185,0.021446371078491212
0.3,1,0.599484,0.5,10,0.5933333333333334,0.1057250101810247,385,0.4666666666666667,0.7166666666666667,0.7166666666666667,0.5666666666666667,0.5,0.625025463104248,0.02148127555847168
0.3,1,0.599484,0.5,20,0.63,0.01943650631615098,139,0.65,0.6333333333333333,0.6166666666666667,0.65,0.6000000000000001,0.6294846057891845,0.021297311782836913
0.3,1,0.599484,0.5,50,0.6366666666666667,0.09741092797468305,120,0.48333333333333334,0.7333333333333334,0.6166666666666667,0.75,0.6000000000000001,0.6470232009887695,0.021312379837036134
0.3,1,0.599484,0.7,5,0.5766666666666667,0.1558489297008128,489,0.3833333333333333,0.65,0.43333333333333335,0.8166666666666667,0.6000000000000001,0.6630395889282227,0.02147541046142578
0.3,1,0.599484,0.7,10,0.5900000000000001,0.1019803902718557,413,0.4666666666666667,0.7166666666666667,0.7,0.5666666666666667,0.5,0.6687904357910156,0.021661090850830077
0.3,1,0.599484,0.7,20,0.5733333333333334,0.07498147919467994,515,0.4666666666666667,0.6333333333333333,0.6166666666666667,0.65,0.5,0.6743433475494385,0.021381187438964843
0.3,1,0.599484,0.7,50,0.63,0.07557189365836424,139,0.65,0.7333333333333334,0.6166666666666667,0.65,0.5,0.6917336940765381,0.021541881561279296
0.3,1,0.599484,0.9,5,0.5966666666666666,0.14197026292697904,383,0.3833333333333333,0.65,0.5333333333333333,0.8166666666666667,0.6,0.6870442390441894,0.021437931060791015
0.3,1,0.599484,0.9,10,0.5900000000000001,0.14047538337136986,413,0.4666666666666667,0.7166666666666667,0.8,0.4666666666666667,0.5,0.6913227081298828,0.021557140350341796
0.3,1,0.599484,0.9,20,0.5766666666666667,0.05925462944877059,489,0.4666666666666667,0.6333333333333333,0.6166666666666667,0.5666666666666667,0.6000000000000001,0.6970230579376221,0.021620655059814455
0.3,1,0.599484,0.9,50,0.6333333333333334,0.0960324019392529,125,0.4666666666666667,0.7333333333333334,0.7166666666666667,0.65,0.6000000000000001,0.7142541408538818,0.02124943733215332
0.3,1,2.15443,0.1,5,0.5399999999999999,0.08730533902472529,679,0.48333333333333334,0.6333333333333333,0.6166666666666667,0.5666666666666667,0.4,0.7243898391723633,0.02152280807495117
0.3,1,2.15443,0.1,10,0.5,0.15599145275730122,754,0.3833333333333333,0.43333333333333335,0.8,0.3833333333333333,0.5,0.7283915519714356,0.02128434181213379
0.3,1,2.15443,0.1,20,0.5733333333333334,0.056371781750959214,515,0.48333333333333334,0.5333333333333333,0.6166666666666667,0.6333333333333333,0.6000000000000001,0.7344444751739502,0.021542739868164063
0.3,1,2.15443,0.1,50,0.6700000000000002,0.06699917080747261,22,0.5666666666666667,0.7333333333333334,0.6166666666666667,0.7333333333333334,0.7,0.7492854118347168,0.021238374710083007
0.3,1,2.15443,0.3,5,0.6433333333333333,0.2122891110412088,77,0.3833333333333333,0.7333333333333334,0.8,0.9,0.4,0.7875461578369141,0.0220766544342041
0.3,1,2.15443,0.3,10,0.5566666666666668,0.10306416555826871,613,0.3833333333333333,0.5333333333333333,0.7,0.5666666666666667,0.6000000000000001,0.7923065662384033,0.021476364135742186
0.3,1,2.15443,0.3,20,0.5566666666666666,0.06463573143221772,617,0.5666666666666667,0.6333333333333333,0.6166666666666667,0.4666666666666667,0.5,0.797267484664917,0.021477174758911134
0.3,1,2.15443,0.3,50,0.6000000000000001,0.0767390962214756,372,0.48333333333333334,0.6333333333333333,0.7166666666666667,0.5666666666666667,0.6000000000000001,0.8114471435546875,0.021347999572753906
0.3,1,2.15443,0.5,5,0.6833333333333333,0.1788854381999832,10,0.3833333333333333,0.7333333333333334,0.8,0.9,0.6,0.8082902908325196,0.02162175178527832
0.3,1,2.15443,0.5,10,0.5533333333333333,0.061824123303304675,634,0.4666666666666667,0.6333333333333333,0.6,0.5666666666666667,0.5,0.8074236869812011,0.021566438674926757
0.3,1,2.15443,0.5,20,0.5733333333333334,0.09285592184789411,515,0.4666666666666667,0.6333333333333333,0.7,0.4666666666666667,0.6000000000000001,0.8153071880340577,0.021373939514160157
0.3,1,2.15443,0.5,50,0.58,0.11025223605694154,485,0.3833333333333333,0.6333333333333333,0.7166666666666667,0.5666666666666667,0.6000000000000001,0.8351277828216552,0.021477127075195314
0.3,1,2.15443,0.7,5,0.63,0.1423610433604175,139,0.3833333333333333,0.6333333333333333,0.8,0.7333333333333334,0.6,0.8140821933746338,0.021540212631225585
0.3,1,2.15443,0.7,10,0.6033333333333333,0.10873004286866728,346,0.4666666666666667,0.7166666666666667,0.6,0.7333333333333334,0.5,0.8160528659820556,0.021497249603271484
0.3,1,2.15443,0.7,20,0.5166666666666667,0.061463629715285906,740,0.4666666666666667,0.6333333333333333,0.5166666666666667,0.4666666666666667,0.5,0.8223494529724121,0.02134051322937012
0.3,1,2.15443,0.7,50,0.6533333333333333,0.13391539617733778,52,0.48333333333333334,0.7333333333333334,0.8,0.75,0.5,0.8382812976837158,0.021439027786254884
0.3,1,2.15443,0.9,5,0.5700000000000001,0.1194431524477928,547,0.3833333333333333,0.6333333333333333,0.6,0.7333333333333334,0.5,0.8521630764007568,0.021688365936279298
0.3,1,2.15443,0.9,10,0.5733333333333334,0.08856886837057615,515,0.4666666666666667,0.7166666666666667,0.6166666666666667,0.5666666666666667,0.5,0.8592185497283935,0.02153916358947754
0.3,1,2.15443,0.9,20,0.6100000000000001,0.03431876713662332,232,0.55,0.6333333333333333,0.6166666666666667,0.65,0.6000000000000001,0.8622167110443115,0.021561574935913087
0.3,1,2.15443,0.9,50,0.6533333333333333,0.06446359868604573,52,0.5666666666666667,0.7333333333333334,0.7166666666666667,0.65,0.6000000000000001,0.8815587520599365,0.021378803253173827
0.3,1,7.74264,0.1,5,0.5566666666666668,0.11382247385975916,613,0.48333333333333334,0.7333333333333334,0.6166666666666667,0.55,0.4,0.8081122875213623,0.021563196182250978
0.3,1,7.74264,0.1,10,0.5,0.10801234497346432,754,0.3833333333333333,0.43333333333333335,0.7,0.48333333333333334,0.5,0.8126243591308594,0.02147254943847656
0.3,1,7.74264,0.1,20,0.5366666666666667,0.04268749491621898,683,0.5666666666666667,0.5333333333333333,0.6,0.48333333333333334,0.5,0.8149148464202881,0.021567058563232423
0.3,1,7.74264,0.1,50,0.6533333333333333,0.053124591501697425,52,0.5666666666666667,0.6333333333333333,0.7166666666666667,0.65,0.7,0.8318499565124512,0.02126903533935547
0.3,1,7.74264,0.3,5,0.5399999999999999,0.13274871834493254,679,0.3833333333333333,0.7333333333333334,0.6166666666666667,0.5666666666666667,0.4,0.990362024307251,0.02149038314819336
0.3,1,7.74264,0.3,10,0.52,0.15253414918196737,728,0.3833333333333333,0.5333333333333333,0.8,0.3833333333333333,0.5,0.994092607498169,0.02152552604675293
0.3,1,7.74264,0.3,20,0.5533333333333333,0.0805536398239638,634,0.5666666666666667,0.5333333333333333,0.7,0.4666666666666667,0.5,0.9989330291748046,0.02130584716796875
0.3,1,7.74264,0.3,50,0.6366666666666667,0.09030811456096045,120,0.48333333333333334,0.7333333333333334,0.7166666666666667,0.65,0.6000000000000001,1.018095350265503,0.02150115966796875
0.3,1,7.74264,0.5,5,0.5766666666666667,0.1691810338726603,489,0.3833333333333333,0.7333333333333334,0.8,0.5666666666666667,0.4,1.0678961753845215,0.021517562866210937
0.3,1,7.74264,0.5,10,0.48,0.11803954139750514,777,0.3833333333333333,0.43333333333333335,0.7,0.3833333333333333,0.5,1.076322078704834,0.022461462020874023
0.3,1,7.74264,0.5,20,0.5700000000000001,0.07333333333333333,547,0.65,0.6333333333333333,0.6,0.4666666666666667,0.5,1.0749942302703857,0.02164912223815918
0.3,1,7.74264,0.5,50,0.6533333333333333,0.08653836657164779,52,0.5666666666666667,0.6333333333333333,0.8166666666666667,0.65,0.6000000000000001,1.094954490661621,0.021604204177856447
0.3,1,7.74264,0.7,5,0.6433333333333333,0.2122891110412088,77,0.3833333333333333,0.7333333333333334,0.8,0.9,0.4,1.0800402641296387,0.02164797782897949
0.3,1,7.74264,0.7,10,0.5366666666666666,0.12578641509408803,690,0.3833333333333333,0.6333333333333333,0.7,0.5666666666666667,0.4,1.0855488777160645,0.021272611618041993
0.3,1,7.74264,0.7,20,0.5533333333333335,0.07180219742846006,626,0.4666666666666667,0.6333333333333333,0.6,0.4666666666666667,0.6000000000000001,1.0890084266662599,0.021440553665161132
0.3,1,7.74264,0.7,50,0.6166666666666667,0.07453559924999298,174,0.48333333333333334,0.6333333333333333,0.7,0.6666666666666666,0.6000000000000001,1.1082322120666503,0.021346139907836913
0.3,1,7.74264,0.9,5,0.6633333333333333,0.1777638883463118,41,0.3833333333333333,0.6333333333333333,0.8,0.9,0.6,1.1440007209777832,0.022869682312011717
0.3,1,7.74264,0.9,10,0.61,0.09043106644167025,245,0.55,0.7333333333333334,0.7,0.5666666666666667,0.5,1.1433751583099365,0.021726608276367188
0.3,1,7.74264,0.9,20,0.61,0.07644896627453143,245,0.55,0.6333333333333333,0.7166666666666667,0.65,0.5,1.1499747276306151,0.021589136123657225
0.3,1,7.74264,0.9,50,0.6166666666666667,0.08096638534327415,174,0.48333333333333334,0.7333333333333334,0.6166666666666667,0.65,0.6000000000000001,1.1707688331604005,0.02144198417663574
0.3,1,27.8256,0.1,5,0.5233333333333333,0.17657230184198705,720,0.48333333333333334,0.7333333333333334,0.7166666666666667,0.2833333333333333,0.4,0.7603856086730957,0.021627378463745118
0.3,1,27.8256,0.1,10,0.48,0.16103829772241554,777,0.3833333333333333,0.43333333333333335,0.8,0.3833333333333333,0.4,0.7690744400024414,0.02136392593383789
0.3,1,27.8256,0.1,20,0.5166666666666667,0.06992058987801011,740,0.48333333333333334,0.43333333333333335,0.6,0.4666666666666667,0.6000000000000001,0.7703811645507812,0.02177295684814453
0.3,1,27.8256,0.1,50,0.6599999999999999,0.14704496666741854,50,0.48333333333333334,0.6333333333333333,0.9166666666666667,0.5666666666666667,0.7,0.7856292247772216,0.021392965316772462
0.3,1,27.8256,0.3,5,0.52,0.13719410418171119,728,0.48333333333333334,0.7333333333333334,0.6166666666666667,0.3666666666666667,0.4,0.9521530151367188,0.021562910079956053
0.3,1,27.8256,0.3,10,0.52,0.09273618495495702,728,0.48333333333333334,0.43333333333333335,0.7,0.48333333333333334,0.5,0.955537748336792,0.02144308090209961
0.3,1,27.8256,0.3,20,0.5,0.1169045194450012,754,0.3833333333333333,0.5333333333333333,0.7,0.3833333333333333,0.5,0.961710786819458,0.021238183975219725
0.3,1,27.8256,0.3,50,0.65,0.08027729719194865,60,0.5666666666666667,0.6333333333333333,0.8,0.65,0.6000000000000001,0.9720592021942138,0.021319246292114256
0.3,1,27.8256,0.5,5,0.5933333333333334,0.1335830993967592,385,0.48333333333333334,0.7333333333333334,0.6166666666666667,0.7333333333333334,0.4,1.1395456790924072,0.021689605712890626
0.3,1,27.8256,0.5,10,0.52,0.10295630140986999,728,0.3833333333333333,0.5333333333333333,0.7,0.48333333333333334,0.5,1.1427952766418457,0.021476173400878908
0.3,1,27.8256,0.5,20,0.5366666666666667,0.052068331172711035,683,0.5666666666666667,0.5333333333333333,0.6166666666666667,0.4666666666666667,0.5,1.1503989696502686,0.0214052677154541
0.3,1,27.8256,0.5,50,0.6166666666666667,0.08096638534327415,174,0.48333333333333334,0.7333333333333334,0.6166666666666667,0.65,0.6000000000000001,1.1639540195465088,0.021387290954589844
0.3,1,27.8256,0.7,5,0.5766666666666667,0.1195361405136074,489,0.48333333333333334,0.7333333333333334,0.6166666666666667,0.65,0.4,1.2527020454406739,0.021475505828857423
0.3,1,27.8256,0.7,10,0.52,0.15253414918196737,728,0.3833333333333333,0.5333333333333333,0.8,0.3833333333333333,0.5,1.2577592849731445,0.022460031509399413
0.3,1,27.8256,0.7,20,0.55,0.06666666666666667,650,0.65,0.5333333333333333,0.6,0.4666666666666667,0.5,1.2624408721923828,0.022484254837036134
0.3,1,27.8256,0.7,50,0.62,0.09392668535736916,168,0.48333333333333334,0.7333333333333334,0.7166666666666667,0.5666666666666667,0.6000000000000001,1.2774681091308593,0.02152218818664551
0.3,1,27.8256,0.9,5,0.5566666666666666,0.1749920633120892,617,0.3833333333333333,0.7333333333333334,0.8,0.4666666666666667,0.4,1.3317347526550294,0.02140970230102539
0.3,1,27.8256,0.9,10,0.5,0.1169045194450012,754,0.3833333333333333,0.5333333333333333,0.7,0.3833333333333333,0.5,1.33887038230896,0.021555328369140626
0.3,1,27.8256,0.9,20,0.5333333333333334,0.06992058987801009,702,0.4666666666666667,0.6333333333333333,0.6,0.4666666666666667,0.5,1.340939998626709,0.021579837799072264
0.3,1,27.8256,0.9,50,0.63,0.08717797887081348,139,0.48333333333333334,0.6333333333333333,0.7,0.7333333333333334,0.6000000000000001,1.3579028606414796,0.02131814956665039
0.3,1,100.0,0.1,5,0.5033333333333333,0.15825436627292294,752,0.48333333333333334,0.7333333333333334,0.6166666666666667,0.2833333333333333,0.4,0.801732349395752,0.021651554107666015
0.3,1,100.0,0.1,10,0.48,0.16103829772241554,777,0.3833333333333333,0.43333333333333335,0.8,0.3833333333333333,0.4,0.8077754020690918,0.02147822380065918
0.3,1,100.0,0.1,20,0.5966666666666667,0.1586050300449376,376,0.48333333333333334,0.5333333333333333,0.9,0.4666666666666667,0.6000000000000001,0.8137037754058838,0.02198796272277832
0.3,1,100.0,0.1,50,0.6766666666666665,0.14007934259633797,16,0.48333333333333334,0.6333333333333333,0.9166666666666667,0.65,0.7,0.8291979312896729,0.02126936912536621
0.3,1,100.0,0.3,5,0.5233333333333333,0.17657230184198705,720,0.48333333333333334,0.7333333333333334,0.7166666666666667,0.2833333333333333,0.4,0.8156922817230224,0.021782398223876953
0.3,1,100.0,0.3,10,0.48,0.16103829772241554,777,0.3833333333333333,0.43333333333333335,0.8,0.3833333333333333,0.4,0.8213931083679199,0.021562576293945312
0.3,1,100.0,0.3,20,0.5166666666666667,0.06992058987801011,740,0.48333333333333334,0.43333333333333335,0.6,0.4666666666666667,0.6000000000000001,0.8247427463531494,0.02136707305908203
0.3,1,100.0,0.3,50,0.6766666666666665,0.14007934259633797,16,0.48333333333333334,0.6333333333333333,0.9166666666666667,0.65,0.7,0.8408495426177979,0.021372890472412108
0.3,1,100.0,0.5,5,0.5233333333333333,0.17657230184198705,720,0.48333333333333334,0.7333333333333334,0.7166666666666667,0.2833333333333333,0.4,0.8472075462341309,0.021692323684692382
0.3,1,100.0,0.5,10,0.52,0.14583095236151575,728,0.48333333333333334,0.43333333333333335,0.8,0.3833333333333333,0.5,0.8502555370330811,0.021678733825683593
0.3,1,100.0,0.5,20,0.5366666666666667,0.09910712498212337,683,0.48333333333333334,0.43333333333333335,0.7,0.4666666666666667,0.6000000000000001,0.8557692527770996,0.021635723114013673
0.3,1,100.0,0.5,50,0.64,0.11382247385975915,103,0.48333333333333334,0.6333333333333333,0.8166666666666667,0.5666666666666667,0.7,0.8714087009429932,0.02142510414123535
0.3,1,100.0,0.7,5,0.5233333333333333,0.17657230184198705,720,0.48333333333333334,0.7333333333333334,0.7166666666666667,0.2833333333333333,0.4,0.906721544265747,0.021469593048095703
0.3,1,100.0,0.7,10,0.5366666666666666,0.1499629583893599,690,0.3833333333333333,0.5333333333333333,0.8,0.5666666666666667,0.4,0.9072025775909424,0.02136654853820801
0.3,1,100.0,0.7,20,0.5,0.07071067811865475,754,0.3833333333333333,0.5333333333333333,0.6,0.48333333333333334,0.5,0.9118117332458496,0.02127690315246582
0.3,1,100.0,0.7,50,0.6133333333333334,0.028674417556808753,186,0.5666666666666667,0.6333333333333333,0.6166666666666667,0.65,0.6000000000000001,0.9273844718933105,0.021419572830200195
0.3,1,100.0,0.9,5,0.54,0.1558489297008128,674,0.48333333333333334,0.7333333333333334,0.7166666666666667,0.3666666666666667,0.4,0.9942470073699952,0.021455144882202147
0.3,1,100.0,0.9,10,0.5933333333333334,0.11860297916438131,385,0.48333333333333334,0.5333333333333333,0.8,0.65,0.5,0.995941162109375,0.021618175506591796
0.3,1,100.0,0.9,20,0.48,0.08524474568362948,777,0.3833333333333333,0.5333333333333333,0.6,0.3833333333333333,0.5,1.0010390758514405,0.02136063575744629
0.3,1,100.0,0.9,50,0.6200000000000001,0.08653836657164779,167,0.48333333333333334,0.6333333333333333,0.7166666666666667,0.5666666666666667,0.7,1.0160758018493652,0.021463680267333984
0.3,5,0.001,0.1,5,0.6033333333333333,0.07180219742846003,346,0.5333333333333333,0.7,0.5166666666666667,0.6666666666666666,0.6000000000000001,0.46394004821777346,0.021277952194213866
0.3,5,0.001,0.1,10,0.5833333333333333,0.05374838498865698,435,0.5333333333333333,0.6,0.5166666666666667,0.6666666666666666,0.6000000000000001,0.46683468818664553,0.021267032623291014
0.3,5,0.001,0.1,20,0.64,0.11430952132988162,103,0.8166666666666667,0.5166666666666667,0.5166666666666667,0.65,0.7,0.47604990005493164,0.02140073776245117
0.3,5,0.001,0.1,50,0.6066666666666667,0.1083205120618128,300,0.65,0.7166666666666667,0.6166666666666667,0.65,0.4,0.4881908893585205,0.021245336532592772
0.3,5,0.001,0.3,5,0.6033333333333333,0.07180219742846003,346,0.5333333333333333,0.7,0.5166666666666667,0.6666666666666666,0.6000000000000001,0.47306251525878906,0.022463893890380858
0.3,5,0.001,0.3,10,0.5833333333333333,0.05374838498865698,435,0.5333333333333333,0.6,0.5166666666666667,0.6666666666666666,0.6000000000000001,0.46703252792358396,0.021198272705078125
0.3,5,0.001,0.3,20,0.64,0.11430952132988162,103,0.8166666666666667,0.5166666666666667,0.5166666666666667,0.65,0.7,0.47401981353759765,0.021272850036621094
0.3,5,0.001,0.3,50,0.6066666666666667,0.1083205120618128,300,0.65,0.7166666666666667,0.6166666666666667,0.65,0.4,0.4859790802001953,0.021246671676635742
0.3,5,0.001,0.5,5,0.6033333333333333,0.07180219742846003,346,0.5333333333333333,0.7,0.5166666666666667,0.6666666666666666,0.6000000000000001,0.464016056060791,0.021169328689575197
0.3,5,0.001,0.5,10,0.5833333333333333,0.05374838498865698,435,0.5333333333333333,0.6,0.5166666666666667,0.6666666666666666,0.6000000000000001,0.46805973052978517,0.02112431526184082
0.3,5,0.001,0.5,20,0.64,0.11430952132988162,103,0.8166666666666667,0.5166666666666667,0.5166666666666667,0.65,0.7,0.472945499420166,0.021358346939086913
0.3,5,0.001,0.5,50,0.6066666666666667,0.1083205120618128,300,0.65,0.7166666666666667,0.6166666666666667,0.65,0.4,0.48686866760253905,0.02116537094116211
0.3,5,0.001,0.7,5,0.6033333333333333,0.07180219742846003,346,0.5333333333333333,0.7,0.5166666666666667,0.6666666666666666,0.6000000000000001,0.4644602298736572,0.021326780319213867
0.3,5,0.001,0.7,10,0.5833333333333333,0.05374838498865698,435,0.5333333333333333,0.6,0.5166666666666667,0.6666666666666666,0.6000000000000001,0.4671412467956543,0.021320343017578125
0.3,5,0.001,0.7,20,0.64,0.11430952132988162,103,0.8166666666666667,0.5166666666666667,0.5166666666666667,0.65,0.7,0.4755645751953125,0.021184253692626952
0.3,5,0.001,0.7,50,0.6066666666666667,0.1083205120618128,300,0.65,0.7166666666666667,0.6166666666666667,0.65,0.4,0.4858663082122803,0.021645736694335938
0.3,5,0.001,0.9,5,0.6033333333333333,0.07180219742846003,346,0.5333333333333333,0.7,0.5166666666666667,0.6666666666666666,0.6000000000000001,0.4664029121398926,0.02133626937866211
0.3,5,0.001,0.9,10,0.5833333333333333,0.05374838498865698,435,0.5333333333333333,0.6,0.5166666666666667,0.6666666666666666,0.6000000000000001,0.467180871963501,0.021285200119018556
0.3,5,0.001,0.9,20,0.64,0.11430952132988162,103,0.8166666666666667,0.5166666666666667,0.5166666666666667,0.65,0.7,0.47430052757263186,0.021389102935791014
0.3,5,0.001,0.9,50,0.6066666666666667,0.1083205120618128,300,0.65,0.7166666666666667,0.6166666666666667,0.65,0.4,0.4882152557373047,0.021453475952148436
0.3,5,0.00359381,0.1,5,0.6033333333333333,0.07180219742846003,346,0.5333333333333333,0.7,0.5166666666666667,0.6666666666666666,0.6000000000000001,0.46569390296936036,0.02122335433959961
0.3,5,0.00359381,0.1,10,0.5833333333333333,0.05374838498865698,435,0.5333333333333333,0.6,0.5166666666666667,0.6666666666666666,0.6000000000000001,0.46985654830932616,0.021352577209472656
0.3,5,0.00359381,0.1,20,0.64,0.11430952132988162,103,0.8166666666666667,0.5166666666666667,0.5166666666666667,0.65,0.7,0.47666139602661134,0.021351099014282227
0.3,5,0.00359381,0.1,50,0.6066666666666667,0.1083205120618128,300,0.65,0.7166666666666667,0.6166666666666667,0.65,0.4,0.487914514541626,0.021316385269165038
0.3,5,0.00359381,0.3,5,0.6033333333333333,0.07180219742846003,346,0.5333333333333333,0.7,0.5166666666666667,0.6666666666666666,0.6000000000000001,0.4668134212493896,0.02122788429260254
0.3,5,0.00359381,0.3,10,0.5833333333333333,0.05374838498865698,435,0.5333333333333333,0.6,0.5166666666666667,0.6666666666666666,0.6000000000000001,0.46913461685180663,0.021376752853393556
0.3,5,0.00359381,0.3,20,0.64,0.11430952132988162,103,0.8166666666666667,0.5166666666666667,0.5166666666666667,0.65,0.7,0.47912063598632815,0.021145057678222657
0.3,5,0.00359381,0.3,50,0.6066666666666667,0.1083205120618128,300,0.65,0.7166666666666667,0.6166666666666667,0.65,0.4,0.48904786109924314,0.021197080612182617
0.3,5,0.00359381,0.5,5,0.6033333333333333,0.07180219742846003,346,0.5333333333333333,0.7,0.5166666666666667,0.6666666666666666,0.6000000000000001,0.4676050662994385,0.02115774154663086
0.3,5,0.00359381,0.5,10,0.5833333333333333,0.05374838498865698,435,0.5333333333333333,0.6,0.5166666666666667,0.6666666666666666,0.6000000000000001,0.4684506893157959,0.021309709548950194
0.3,5,0.00359381,0.5,20,0.64,0.11430952132988162,103,0.8166666666666667,0.5166666666666667,0.5166666666666667,0.65,0.7,0.4781932830810547,0.021310186386108397
0.3,5,0.00359381,0.5,50,0.6066666666666667,0.1083205120618128,300,0.65,0.7166666666666667,0.6166666666666667,0.65,0.4,0.49107928276062013,0.02115015983581543
0.3,5,0.00359381,0.7,5,0.6033333333333333,0.07180219742846003,346,0.5333333333333333,0.7,0.5166666666666667,0.6666666666666666,0.6000000000000001,0.4696224212646484,0.02127532958984375
0.3,5,0.00359381,0.7,10,0.5833333333333333,0.05374838498865698,435,0.5333333333333333,0.6,0.5166666666666667,0.6666666666666666,0.6000000000000001,0.47150797843933107,0.02141680717468262
0.3,5,0.00359381,0.7,20,0.64,0.11430952132988162,103,0.8166666666666667,0.5166666666666667,0.5166666666666667,0.65,0.7,0.4774655818939209,0.020977544784545898
0.3,5,0.00359381,0.7,50,0.6066666666666667,0.1083205120618128,300,0.65,0.7166666666666667,0.6166666666666667,0.65,0.4,0.48863067626953127,0.02120552062988281
0.3,5,0.00359381,0.9,5,0.6033333333333333,0.07180219742846003,346,0.5333333333333333,0.7,0.5166666666666667,0.6666666666666666,0.6000000000000001,0.4673748016357422,0.021224260330200195
0.3,5,0.00359381,0.9,10,0.5833333333333333,0.05374838498865698,435,0.5333333333333333,0.6,0.5166666666666667,0.6666666666666666,0.6000000000000001,0.4701749324798584,0.02123732566833496
0.3,5,0.00359381,0.9,20,0.64,0.11430952132988162,103,0.8166666666666667,0.5166666666666667,0.5166666666666667,0.65,0.7,0.47708544731140134,0.021100234985351563
0.3,5,0.00359381,0.9,50,0.6066666666666667,0.1083205120618128,300,0.65,0.7166666666666667,0.6166666666666667,0.65,0.4,0.4887558460235596,0.02125835418701172
0.3,5,0.0129155,0.1,5,0.51,0.04294699575575043,746,0.55,0.43333333333333335,0.5166666666666667,0.55,0.5,0.4807718753814697,0.021261930465698242
0.3,5,0.0129155,0.1,10,0.5433333333333332,0.1492946378437246,672,0.5333333333333333,0.4166666666666667,0.8166666666666667,0.55,0.4,0.48615307807922364,0.02129230499267578
0.3,5,0.0129155,0.1,20,0.5533333333333333,0.15542057635833023,634,0.55,0.3333333333333333,0.8166666666666667,0.5666666666666667,0.5,0.48862228393554685,0.02112865447998047
0.3,5,0.0129155,0.1,50,0.5733333333333334,0.13523641850067197,515,0.55,0.43333333333333335,0.8166666666666667,0.4666666666666667,0.6000000000000001,0.5004138469696044,0.021492385864257814
0.3,5,0.0129155,0.3,5,0.6033333333333333,0.07180219742846003,346,0.5333333333333333,0.7,0.5166666666666667,0.6666666666666666,0.6000000000000001,0.46532840728759767,0.021213483810424805
0.3,5,0.0129155,0.3,10,0.5833333333333333,0.05374838498865698,435,0.5333333333333333,0.6,0.5166666666666667,0.6666666666666666,0.6000000000000001,0.47189922332763673,0.02104525566101074
0.3,5,0.0129155,0.3,20,0.64,0.11430952132988162,103,0.8166666666666667,0.5166666666666667,0.5166666666666667,0.65,0.7,0.49014840126037595,0.022351598739624022
0.3,5,0.0129155,0.3,50,0.6066666666666667,0.1083205120618128,300,0.65,0.7166666666666667,0.6166666666666667,0.65,0.4,0.48790655136108396,0.02126789093017578
0.3,5,0.0129155,0.5,5,0.6033333333333333,0.07180219742846003,346,0.5333333333333333,0.7,0.5166666666666667,0.6666666666666666,0.6000000000000001,0.47837815284729,0.020880365371704103
0.3,5,0.0129155,0.5,10,0.5833333333333333,0.05374838498865698,435,0.5333333333333333,0.6,0.5166666666666667,0.6666666666666666,0.6000000000000001,0.4726438045501709,0.02128767967224121
0.3,5,0.0129155,0.5,20,0.64,0.11430952132988162,103,0.8166666666666667,0.5166666666666667,0.5166666666666667,0.65,0.7,0.47701659202575686,0.02134594917297363
0.3,5,0.0129155,0.5,50,0.6066666666666667,0.1083205120618128,300,0.65,0.7166666666666667,0.6166666666666667,0.65,0.4,0.4873908042907715,0.021469736099243165
0.3,5,0.0129155,0.7,5,0.6033333333333333,0.07180219742846003,346,0.5333333333333333,0.7,0.5166666666666667,0.6666666666666666,0.6000000000000001,0.46848602294921876,0.021129846572875977
0.3,5,0.0129155,0.7,10,0.5833333333333333,0.05374838498865698,435,0.5333333333333333,0.6,0.5166666666666667,0.6666666666666666,0.6000000000000001,0.46896910667419434,0.02122840881347656
0.3,5,0.0129155,0.7,20,0.64,0.11430952132988162,103,0.8166666666666667,0.5166666666666667,0.5166666666666667,0.65,0.7,0.47573580741882326,0.02157454490661621
0.3,5,0.0129155,0.7,50,0.6066666666666667,0.1083205120618128,300,0.65,0.7166666666666667,0.6166666666666667,0.65,0.4,0.4871365547180176,0.021303701400756835
0.3,5,0.0129155,0.9,5,0.6033333333333333,0.07180219742846003,346,0.5333333333333333,0.7,0.5166666666666667,0.6666666666666666,0.6000000000000001,0.4672065258026123,0.02108144760131836
0.3,5,0.0129155,0.9,10,0.5833333333333333,0.05374838498865698,435,0.5333333333333333,0.6,0.5166666666666667,0.6666666666666666,0.6000000000000001,0.46976985931396487,0.021157598495483397
0.3,5,0.0129155,0.9,20,0.64,0.11430952132988162,103,0.8166666666666667,0.5166666666666667,0.5166666666666667,0.65,0.7,0.47667679786682127,0.021107578277587892
0.3,5,0.0129155,0.9,50,0.6066666666666667,0.1083205120618128,300,0.65,0.7166666666666667,0.6166666666666667,0.65,0.4,0.4915271759033203,0.021182537078857422
0.3,5,0.0464159,0.1,5,0.5366666666666667,0.18926759422104522,683,0.43333333333333335,0.43333333333333335,0.7166666666666667,0.8,0.3,0.4868590831756592,0.021101856231689455
0.3,5,0.0464159,0.1,10,0.49333333333333335,0.13274871834493254,765,0.55,0.3333333333333333,0.7166666666666667,0.4666666666666667,0.4,0.49160265922546387,0.021097278594970702
0.3,5,0.0464159,0.1,20,0.63,0.09910712498212336,139,0.6333333333333333,0.5333333333333333,0.8166666666666667,0.5666666666666667,0.6000000000000001,0.4971285820007324,0.021437883377075195
0.3,5,0.0464159,0.1,50,0.65,0.0875595035770913,60,0.5666666666666667,0.6166666666666667,0.8166666666666667,0.65,0.6000000000000001,0.5089267253875732,0.021116113662719725
0.3,5,0.0464159,0.3,5,0.4833333333333334,0.08498365855987976,774,0.4666666666666667,0.35,0.6166666666666667,0.48333333333333334,0.5,0.48955516815185546,0.02124481201171875
0.3,5,0.0464159,0.3,10,0.5833333333333333,0.14102797200870784,435,0.5333333333333333,0.5166666666666667,0.8166666666666667,0.65,0.4,0.4988236427307129,0.021092796325683595
0.3,5,0.0464159,0.3,20,0.6033333333333333,0.13960261060914614,346,0.6333333333333333,0.5166666666666667,0.8166666666666667,0.65,0.4,0.49950313568115234,0.02123603820800781
0.3,5,0.0464159,0.3,50,0.63,0.12310790208412924,139,0.6333333333333333,0.43333333333333335,0.8166666666666667,0.6666666666666666,0.6000000000000001,0.5118265628814698,0.021553516387939453
0.3,5,0.0464159,0.5,5,0.55,0.15491933384829668,650,0.26666666666666666,0.7,0.5166666666666667,0.6666666666666666,0.6000000000000001,0.4723525047302246,0.02125554084777832
0.3,5,0.0464159,0.5,10,0.5700000000000001,0.07023769168568492,547,0.4666666666666667,0.6,0.5166666666666667,0.6666666666666666,0.6000000000000001,0.47525296211242674,0.021249055862426758
0.3,5,0.0464159,0.5,20,0.57,0.08906926143924922,566,0.4666666666666667,0.5166666666666667,0.5166666666666667,0.65,0.7,0.493193244934082,0.021262359619140626
0.3,5,0.0464159,0.5,50,0.5866666666666667,0.10770329614269007,421,0.55,0.7166666666666667,0.6166666666666667,0.65,0.4,0.4898557662963867,0.021686220169067384
0.3,5,0.0464159,0.7,5,0.6033333333333333,0.07180219742846003,346,0.5333333333333333,0.7,0.5166666666666667,0.6666666666666666,0.6000000000000001,0.46779403686523435,0.021155357360839844
0.3,5,0.0464159,0.7,10,0.5833333333333333,0.05374838498865698,435,0.5333333333333333,0.6,0.5166666666666667,0.6666666666666666,0.6000000000000001,0.47006683349609374,0.021213436126708986
0.3,5,0.0464159,0.7,20,0.64,0.11430952132988162,103,0.8166666666666667,0.5166666666666667,0.5166666666666667,0.65,0.7,0.4764380931854248,0.021344089508056642
0.3,5,0.0464159,0.7,50,0.6066666666666667,0.1083205120618128,300,0.65,0.7166666666666667,0.6166666666666667,0.65,0.4,0.4891573429107666,0.021270179748535158
0.3,5,0.0464159,0.9,5,0.6033333333333333,0.07180219742846003,346,0.5333333333333333,0.7,0.5166666666666667,0.6666666666666666,0.6000000000000001,0.46752395629882815,0.021185016632080077
0.3,5,0.0464159,0.9,10,0.5833333333333333,0.05374838498865698,435,0.5333333333333333,0.6,0.5166666666666667,0.6666666666666666,0.6000000000000001,0.4704333782196045,0.021342706680297852
0.3,5,0.0464159,0.9,20,0.64,0.11430952132988162,103,0.8166666666666667,0.5166666666666667,0.5166666666666667,0.65,0.7,0.4779860019683838,0.02218313217163086
0.3,5,0.0464159,0.9,50,0.6066666666666667,0.1083205120618128,300,0.65,0.7166666666666667,0.6166666666666667,0.65,0.4,0.48953962326049805,0.02131972312927246
0.3,5,0.16681,0.1,5,0.5333333333333333,0.24765567494675614,711,0.43333333333333335,0.6333333333333333,0.7,0.8,0.1,0.5198117733001709,0.021412992477416994
0.3,5,0.16681,0.1,10,0.4933333333333333,0.10780641085864154,769,0.55,0.3333333333333333,0.6166666666666667,0.5666666666666667,0.4,0.5246426582336425,0.0212399959564209
0.3,5,0.16681,0.1,20,0.5566666666666668,0.1515109090315135,613,0.55,0.43333333333333335,0.8166666666666667,0.3833333333333333,0.6000000000000001,0.529600191116333,0.021372222900390626
0.3,5,0.16681,0.1,50,0.6333333333333333,0.06912147117775908,131,0.5666666666666667,0.7166666666666667,0.7166666666666667,0.5666666666666667,0.6000000000000001,0.5406929016113281,0.021327781677246093
0.3,5,0.16681,0.3,5,0.58,0.14696938456699069,485,0.43333333333333335,0.6333333333333333,0.8,0.6333333333333333,0.4,0.5210914134979248,0.0212613582611084
0.3,5,0.16681,0.3,10,0.6033333333333333,0.09392668535736913,346,0.43333333333333335,0.6166666666666667,0.7166666666666667,0.65,0.6000000000000001,0.5265743732452393,0.02127218246459961
0.3,5,0.16681,0.3,20,0.5733333333333334,0.1302134998974974,515,0.55,0.43333333333333335,0.8166666666666667,0.5666666666666667,0.5,0.5306974411010742,0.021352863311767577
0.3,5,0.16681,0.3,50,0.6300000000000001,0.12265579661982731,137,0.65,0.43333333333333335,0.8166666666666667,0.65,0.6000000000000001,0.5429037094116211,0.021385002136230468
0.3,5,0.16681,0.5,5,0.55,0.14452988925785867,650,0.43333333333333335,0.7333333333333334,0.7166666666666667,0.4666666666666667,0.4,0.532564640045166,0.021234750747680664
0.3,5,0.16681,0.5,10,0.51,0.12892719737209146,746,0.43333333333333335,0.3333333333333333,0.7166666666666667,0.5666666666666667,0.5,0.5377620697021485,0.0212982177734375
0.3,5,0.16681,0.5,20,0.6133333333333333,0.11025223605694151,193,0.55,0.6333333333333333,0.8166666666666667,0.5666666666666667,0.5,0.5438910007476807,0.021622705459594726
0.3,5,0.16681,0.5,50,0.6100000000000001,0.12364824660660938,232,0.6333333333333333,0.43333333333333335,0.8166666666666667,0.5666666666666667,0.6000000000000001,0.5518286228179932,0.021240425109863282
0.3,5,0.16681,0.7,5,0.5733333333333334,0.12587471725666138,515,0.43333333333333335,0.7333333333333334,0.7166666666666667,0.48333333333333334,0.5,0.5377564907073975,0.02107853889465332
0.3,5,0.16681,0.7,10,0.6233333333333333,0.0654896090146283,165,0.6333333333333333,0.5166666666666667,0.7166666666666667,0.65,0.6000000000000001,0.5396746158599853,0.021182966232299805
0.3,5,0.16681,0.7,20,0.65,0.09006170724070862,60,0.55,0.6333333333333333,0.8166666666666667,0.65,0.6000000000000001,0.5464780330657959,0.021288251876831053
0.3,5,0.16681,0.7,50,0.6466666666666667,0.1322455628325158,71,0.6333333333333333,0.43333333333333335,0.8166666666666667,0.75,0.6000000000000001,0.5569955348968506,0.0212890625
0.3,5,0.16681,0.9,5,0.4666666666666667,0.08096638534327413,792,0.43333333333333335,0.5166666666666667,0.6,0.3833333333333333,0.4,0.5201194286346436,0.021375465393066406
0.3,5,0.16681,0.9,10,0.5666666666666667,0.14869805348796974,567,0.43333333333333335,0.6166666666666667,0.8166666666666667,0.5666666666666667,0.4,0.5254414081573486,0.021375131607055665
0.3,5,0.16681,0.9,20,0.5933333333333334,0.12046207333061766,385,0.4666666666666667,0.5166666666666667,0.8166666666666667,0.5666666666666667,0.6000000000000001,0.5333802223205566,0.021624326705932617
0.3,5,0.16681,0.9,50,0.6433333333333333,0.12183777921664707,77,0.6333333333333333,0.5333333333333333,0.7166666666666667,0.8333333333333333,0.5,0.5389184951782227,0.02165064811706543
0.3,5,0.599484,0.1,5,0.5666666666666667,0.21934245168482802,567,0.35,0.6333333333333333,0.9,0.65,0.3,0.5875592231750488,0.02136220932006836
0.3,5,0.599484,0.1,10,0.5733333333333335,0.08339997335464536,501,0.55,0.5333333333333333,0.7166666666666667,0.4666666666666667,0.6,0.5927855014801026,0.02130136489868164
0.3,5,0.599484,0.1,20,0.5733333333333334,0.12498888839501783,515,0.55,0.5333333333333333,0.8166666666666667,0.4666666666666667,0.5,0.6005747795104981,0.021380138397216798
0.3,5,0.599484,0.1,50,0.5733333333333334,0.03431876713662334,515,0.5666666666666667,0.5166666666666667,0.6166666666666667,0.5666666666666667,0.6000000000000001,0.6083729267120361,0.021531963348388673
0.3,5,0.599484,0.3,5,0.5933333333333334,0.2524546163834865,385,0.43333333333333335,0.6333333333333333,0.9,0.8,0.2,0.6045422077178955,0.0214569091796875
0.3,5,0.599484,0.3,10,0.5733333333333334,0.047842333648024406,515,0.55,0.6333333333333333,0.6166666666666667,0.5666666666666667,0.5,0.6101408004760742,0.021095132827758788
0.3,5,0.599484,0.3,20,0.55,0.14643921757659195,650,0.55,0.43333333333333335,0.8166666666666667,0.55,0.4,0.615733003616333,0.02120628356933594
0.3,5,0.599484,0.3,50,0.6500000000000001,0.06055300708194983,58,0.65,0.7166666666666667,0.7166666666666667,0.5666666666666667,0.6000000000000001,0.6244460105895996,0.02136998176574707
0.3,5,0.599484,0.5,5,0.5933333333333334,0.18903262505010435,385,0.43333333333333335,0.3333333333333333,0.8,0.8,0.6,0.6082959651947022,0.021126413345336915
0.3,5,0.599484,0.5,10,0.5866666666666667,0.09153020145163987,421,0.43333333333333335,0.6166666666666667,0.7166666666666667,0.5666666666666667,0.6000000000000001,0.6117892265319824,0.021204090118408202
0.3,5,0.599484,0.5,20,0.5733333333333335,0.07498147919467994,501,0.55,0.5333333333333333,0.7166666666666667,0.5666666666666667,0.5,0.619027042388916,0.02162775993347168
0.3,5,0.599484,0.5,50,0.6133333333333334,0.03858612300930072,186,0.55,0.6333333333333333,0.6166666666666667,0.6666666666666666,0.6000000000000001,0.6286617279052734,0.021297454833984375
0.3,5,0.599484,0.7,5,0.61,0.11907047399661169,245,0.4666666666666667,0.65,0.8,0.6333333333333333,0.5,0.6525589942932128,0.021194934844970703
0.3,5,0.599484,0.7,10,0.6266666666666667,0.13106402167558331,157,0.43333333333333335,0.7166666666666667,0.8166666666666667,0.5666666666666667,0.6000000000000001,0.6573302745819092,0.021232223510742186
0.3,5,0.599484,0.7,20,0.5766666666666667,0.0873053390247253,489,0.55,0.6333333333333333,0.7166666666666667,0.48333333333333334,0.5,0.6628018856048584,0.02143831253051758
0.3,5,0.599484,0.7,50,0.63,0.12310790208412924,139,0.6333333333333333,0.43333333333333335,0.8166666666666667,0.6666666666666666,0.6000000000000001,0.6741739749908447,0.021318626403808594
0.3,5,0.599484,0.9,5,0.6066666666666667,0.15077577170531523,300,0.4666666666666667,0.65,0.8,0.7166666666666667,0.4,0.6767234325408935,0.0212069034576416
0.3,5,0.599484,0.9,10,0.6033333333333334,0.10718623460542351,343,0.43333333333333335,0.7166666666666667,0.7166666666666667,0.55,0.6000000000000001,0.6877722263336181,0.02176957130432129
0.3,5,0.599484,0.9,20,0.6333333333333333,0.09603240193925287,131,0.55,0.6333333333333333,0.8166666666666667,0.5666666666666667,0.6000000000000001,0.6885709285736084,0.021368741989135742
0.3,5,0.599484,0.9,50,0.6266666666666667,0.12229290885229425,157,0.6333333333333333,0.43333333333333335,0.8166666666666667,0.65,0.6000000000000001,0.696520471572876,0.021516990661621094
0.3,5,2.15443,0.1,5,0.5666666666666667,0.1735255344642716,567,0.4666666666666667,0.6333333333333333,0.6166666666666667,0.8166666666666667,0.3,0.7150753974914551,0.021598100662231445
0.3,5,2.15443,0.1,10,0.5733333333333335,0.08339997335464536,501,0.55,0.5333333333333333,0.7166666666666667,0.4666666666666667,0.6,0.7157248973846435,0.02124624252319336
0.3,5,2.15443,0.1,20,0.5700000000000001,0.07557189365836423,547,0.55,0.5333333333333333,0.7166666666666667,0.55,0.5,0.721263313293457,0.021638107299804688
0.3,5,2.15443,0.1,50,0.6333333333333333,0.06912147117775908,131,0.5666666666666667,0.7166666666666667,0.7166666666666667,0.5666666666666667,0.6000000000000001,0.7315108299255371,0.021175050735473634
0.3,5,2.15443,0.3,5,0.6,0.24106246309019394,374,0.35,0.6333333333333333,0.9,0.8166666666666667,0.3,0.7748184204101562,0.02128257751464844
0.3,5,2.15443,0.3,10,0.5733333333333335,0.07498147919467994,501,0.55,0.5333333333333333,0.7166666666666667,0.5666666666666667,0.5,0.7817658901214599,0.021301651000976564
0.3,5,2.15443,0.3,20,0.6066666666666667,0.11135528725660043,300,0.55,0.6166666666666667,0.8166666666666667,0.55,0.5,0.7893164157867432,0.021082735061645506
0.3,5,2.15443,0.3,50,0.6066666666666667,0.07644896627453146,300,0.7333333333333334,0.6166666666666667,0.6166666666666667,0.5666666666666667,0.5,0.79671311378479,0.02161722183227539
0.3,5,2.15443,0.5,5,0.5966666666666667,0.2552558629210219,376,0.43333333333333335,0.6333333333333333,0.9,0.8166666666666667,0.2,0.7916594982147217,0.021565771102905272
0.3,5,2.15443,0.5,10,0.6133333333333333,0.11025223605694151,193,0.55,0.6333333333333333,0.8166666666666667,0.5666666666666667,0.5,0.803538703918457,0.02135357856750488
0.3,5,2.15443,0.5,20,0.5866666666666667,0.1082178872049862,421,0.55,0.5333333333333333,0.8,0.55,0.5,0.8007891654968262,0.021646833419799803
0.3,5,2.15443,0.5,50,0.6333333333333333,0.056764621219754646,131,0.55,0.6333333333333333,0.7166666666666667,0.6666666666666666,0.6000000000000001,0.8126940250396728,0.021466684341430665
0.3,5,2.15443,0.7,5,0.54,0.2360790827950103,674,0.43333333333333335,0.3333333333333333,0.9,0.7333333333333334,0.30000000000000004,0.8026830673217773,0.021306228637695313
0.3,5,2.15443,0.7,10,0.62,0.10187137859957415,168,0.43333333333333335,0.7166666666666667,0.7,0.65,0.6000000000000001,0.8082147598266601,0.021382236480712892
0.3,5,2.15443,0.7,20,0.5533333333333335,0.08653836657164779,626,0.55,0.5333333333333333,0.7166666666666667,0.4666666666666667,0.5,0.8186659812927246,0.021378231048583985
0.3,5,2.15443,0.7,50,0.63,0.12310790208412924,139,0.6333333333333333,0.43333333333333335,0.8166666666666667,0.6666666666666666,0.6000000000000001,0.8284786701202392,0.021359586715698244
0.3,5,2.15443,0.9,5,0.5766666666666668,0.17499206331208916,487,0.43333333333333335,0.3333333333333333,0.6,0.8166666666666667,0.7,0.8406338691711426,0.02149543762207031
0.3,5,2.15443,0.9,10,0.6466666666666667,0.11709445380166862,71,0.6333333333333333,0.7166666666666667,0.8166666666666667,0.4666666666666667,0.6000000000000001,0.8476186275482178,0.021395397186279298
0.3,5,2.15443,0.9,20,0.5733333333333335,0.07498147919467994,501,0.55,0.5333333333333333,0.7166666666666667,0.5666666666666667,0.5,0.8552280902862549,0.021376657485961913
0.3,5,2.15443,0.9,50,0.6666666666666667,0.10274023338281627,32,0.6333333333333333,0.5333333333333333,0.8166666666666667,0.75,0.6000000000000001,0.8697354316711425,0.021135234832763673
0.3,5,7.74264,0.1,5,0.5533333333333335,0.11323525167642019,626,0.4666666666666667,0.6333333333333333,0.7166666666666667,0.55,0.4,0.7990084171295166,0.02200636863708496
0.3,5,7.74264,0.1,10,0.5533333333333333,0.141970262926979,634,0.55,0.5333333333333333,0.8166666666666667,0.4666666666666667,0.4,0.8034787178039551,0.021938323974609375
0.3,5,7.74264,0.1,20,0.55,0.08819171036881966,650,0.55,0.43333333333333335,0.7,0.5666666666666667,0.5,0.8098213195800781,0.021387147903442382
0.3,5,7.74264,0.1,50,0.6866666666666666,0.07845734863959879,8,0.65,0.6333333333333333,0.8166666666666667,0.7333333333333334,0.6000000000000001,0.8177410125732422,0.021295976638793946
0.3,5,7.74264,0.3,5,0.5066666666666666,0.150037032465692,750,0.35,0.6333333333333333,0.6,0.65,0.3,0.9890022277832031,0.022675418853759767
0.3,5,7.74264,0.3,10,0.5733333333333335,0.08339997335464536,501,0.55,0.5333333333333333,0.7166666666666667,0.4666666666666667,0.6,0.9868340969085694,0.021368074417114257
0.3,5,7.74264,0.3,20,0.5666666666666667,0.17159383568311667,567,0.55,0.43333333333333335,0.9,0.45,0.5,0.9878479957580566,0.021140050888061524
0.3,5,7.74264,0.3,50,0.5533333333333333,0.0784573486395988,634,0.65,0.43333333333333335,0.6166666666666667,0.5666666666666667,0.5,0.9990193367004394,0.02128596305847168
0.3,5,7.74264,0.5,5,0.6066666666666667,0.2080598204576965,300,0.4666666666666667,0.6333333333333333,0.9,0.7333333333333334,0.3,1.0625564098358153,0.021277523040771483
0.3,5,7.74264,0.5,10,0.5533333333333335,0.08653836657164779,626,0.55,0.5333333333333333,0.7166666666666667,0.4666666666666667,0.5,1.0595952033996583,0.021280574798583984
0.3,5,7.74264,0.5,20,0.62,0.10187137859957418,168,0.55,0.6166666666666667,0.8,0.6333333333333333,0.5,1.0656957149505615,0.021316671371459962
0.3,5,7.74264,0.5,50,0.6100000000000001,0.058309518948453,232,0.55,0.6166666666666667,0.7166666666666667,0.5666666666666667,0.6000000000000001,1.0818713188171387,0.021237897872924804
0.3,5,7.74264,0.7,5,0.6166666666666666,0.22558565754251508,181,0.43333333333333335,0.6333333333333333,0.9,0.8166666666666667,0.3,1.0697538375854492,0.0212460994720459
0.3,5,7.74264,0.7,10,0.5933333333333334,0.07498147919467994,385,0.55,0.6333333333333333,0.7166666666666667,0.5666666666666667,0.5,1.07478666305542,0.021530914306640624
0.3,5,7.74264,0.7,20,0.6066666666666667,0.14779866184930243,300,0.55,0.5333333333333333,0.9,0.55,0.5,1.0786684989929198,0.02117629051208496
0.3,5,7.74264,0.7,50,0.6833333333333333,0.06912147117775906,10,0.65,0.7166666666666667,0.8,0.65,0.6000000000000001,1.0886658668518066,0.021513748168945312
0.3,5,7.74264,0.9,5,0.5366666666666667,0.2741451359326945,683,0.43333333333333335,0.3333333333333333,0.9,0.8166666666666667,0.2,1.1345656871795655,0.021119976043701173
0.3,5,7.74264,0.9,10,0.5933333333333334,0.07498147919467994,385,0.55,0.6333333333333333,0.7166666666666667,0.5666666666666667,0.5,1.1341519832611084,0.02136235237121582
0.3,5,7.74264,0.9,20,0.5533333333333335,0.08653836657164779,626,0.55,0.5333333333333333,0.7166666666666667,0.4666666666666667,0.5,1.1394914150238038,0.021454811096191406
0.3,5,7.74264,0.9,50,0.67,0.049888765156985884,24,0.7333333333333334,0.6333333333333333,0.7166666666666667,0.6666666666666666,0.6000000000000001,1.1501069068908691,0.02124752998352051
0.3,5,27.8256,0.1,5,0.48,0.18660713336371204,777,0.4666666666666667,0.6333333333333333,0.7166666666666667,0.18333333333333335,0.4,0.7475411415100097,0.021266746520996093
0.3,5,27.8256,0.1,10,0.5933333333333334,0.12762793146051096,385,0.4666666666666667,0.5333333333333333,0.8166666666666667,0.65,0.5,0.7541438579559326,0.02146430015563965
0.3,5,27.8256,0.1,20,0.49333333333333335,0.0793025150224688,765,0.55,0.43333333333333335,0.6166666666666667,0.4666666666666667,0.4,0.7566127777099609,0.021243524551391602
0.3,5,27.8256,0.1,50,0.6133333333333333,0.1322455628325158,193,0.5666666666666667,0.43333333333333335,0.8166666666666667,0.55,0.7,0.7677196502685547,0.021230316162109374
0.3,5,27.8256,0.3,5,0.4800000000000001,0.1829996964174774,775,0.4666666666666667,0.6333333333333333,0.7166666666666667,0.3833333333333333,0.2,0.9344323158264161,0.02120037078857422
0.3,5,27.8256,0.3,10,0.5366666666666666,0.14621141466307538,690,0.4666666666666667,0.5333333333333333,0.8166666666666667,0.4666666666666667,0.4,0.9450679779052734,0.021493053436279295
0.3,5,27.8256,0.3,20,0.55,0.08819171036881966,650,0.55,0.43333333333333335,0.7,0.5666666666666667,0.5,0.94633469581604,0.021261119842529298
0.3,5,27.8256,0.3,50,0.6100000000000001,0.10934146311237818,232,0.7333333333333334,0.43333333333333335,0.7166666666666667,0.5666666666666667,0.6000000000000001,0.9557181835174561,0.021257734298706053
0.3,5,27.8256,0.5,5,0.55,0.19888578520235065,650,0.4666666666666667,0.6333333333333333,0.7166666666666667,0.7333333333333334,0.2,1.132896327972412,0.02138795852661133
0.3,5,27.8256,0.5,10,0.5366666666666666,0.15542057635833023,690,0.55,0.5333333333333333,0.8166666666666667,0.3833333333333333,0.4,1.1356146335601807,0.02129807472229004
0.3,5,27.8256,0.5,20,0.55,0.09368979548370131,650,0.55,0.43333333333333335,0.7166666666666667,0.55,0.5,1.1420432567596435,0.021426963806152343
0.3,5,27.8256,0.5,50,0.5933333333333334,0.0793025150224688,385,0.65,0.5333333333333333,0.7166666666666667,0.5666666666666667,0.5,1.1523610591888427,0.021332168579101564
0.3,5,27.8256,0.7,5,0.5466666666666666,0.1499629583893599,668,0.4666666666666667,0.6333333333333333,0.6,0.7333333333333334,0.3,1.2403059959411622,0.021288585662841798
0.3,5,27.8256,0.7,10,0.5733333333333335,0.08339997335464536,501,0.55,0.5333333333333333,0.7166666666666667,0.4666666666666667,0.6,1.2483523845672608,0.021315526962280274
0.3,5,27.8256,0.7,20,0.5866666666666667,0.16241236953439778,421,0.55,0.43333333333333335,0.9,0.55,0.5,1.2547038555145265,0.021494340896606446
0.3,5,27.8256,0.7,50,0.5533333333333333,0.0784573486395988,634,0.65,0.43333333333333335,0.6166666666666667,0.5666666666666667,0.5,1.2626942634582519,0.021479129791259766
0.3,5,27.8256,0.9,5,0.59,0.20044395171163878,419,0.4666666666666667,0.6333333333333333,0.9,0.65,0.3,1.3260931015014648,0.021367645263671874
0.3,5,27.8256,0.9,10,0.5700000000000001,0.07557189365836423,547,0.55,0.5333333333333333,0.7166666666666667,0.55,0.5,1.3290196895599364,0.02123732566833496
0.3,5,27.8256,0.9,20,0.5700000000000001,0.1185092588975412,547,0.55,0.5333333333333333,0.8,0.4666666666666667,0.5,1.3322067260742188,0.021283531188964845
0.3,5,27.8256,0.9,50,0.6266666666666667,0.07118052168020875,157,0.65,0.6166666666666667,0.7166666666666667,0.65,0.5,1.3461989402770995,0.021340227127075194
0.3,5,100.0,0.1,5,0.4600000000000001,0.16418147141366335,793,0.4666666666666667,0.6333333333333333,0.6166666666666667,0.18333333333333335,0.4,0.7930373668670654,0.02137446403503418
0.3,5,100.0,0.1,10,0.5933333333333334,0.12762793146051096,385,0.4666666666666667,0.5333333333333333,0.8166666666666667,0.65,0.5,0.7992293834686279,0.021370077133178712
0.3,5,100.0,0.1,20,0.5700000000000001,0.1240071682515885,547,0.55,0.43333333333333335,0.8,0.5666666666666667,0.5,0.8030026912689209,0.021250295639038085
0.3,5,100.0,0.1,50,0.65,0.0983192080250175,60,0.5666666666666667,0.6166666666666667,0.8166666666666667,0.55,0.7,0.8157976627349853,0.021342754364013672
0.3,5,100.0,0.3,5,0.48,0.18660713336371204,777,0.4666666666666667,0.6333333333333333,0.7166666666666667,0.18333333333333335,0.4,0.8137065410614014,0.021454858779907226
0.3,5,100.0,0.3,10,0.5933333333333334,0.12762793146051096,385,0.4666666666666667,0.5333333333333333,0.8166666666666667,0.65,0.5,0.8110105037689209,0.021275663375854494
0.3,5,100.0,0.3,20,0.49333333333333335,0.0793025150224688,765,0.55,0.43333333333333335,0.6166666666666667,0.4666666666666667,0.4,0.8152729511260987,0.02131795883178711
0.3,5,100.0,0.3,50,0.6133333333333333,0.1322455628325158,193,0.5666666666666667,0.43333333333333335,0.8166666666666667,0.55,0.7,0.8273356437683106,0.02157444953918457
0.3,5,100.0,0.5,5,0.48,0.18660713336371204,777,0.4666666666666667,0.6333333333333333,0.7166666666666667,0.18333333333333335,0.4,0.8382799625396729,0.02141571044921875
0.3,5,100.0,0.5,10,0.6100000000000001,0.1147945023848171,232,0.55,0.5333333333333333,0.8166666666666667,0.65,0.5,0.8442154407501221,0.02154226303100586
0.3,5,100.0,0.5,20,0.5133333333333334,0.06446359868604573,744,0.55,0.43333333333333335,0.6166666666666667,0.4666666666666667,0.5,0.8450032234191894,0.021405601501464845
0.3,5,100.0,0.5,50,0.6666666666666666,0.03651483716701106,36,0.65,0.6166666666666667,0.7166666666666667,0.65,0.7,0.8617177963256836,0.021364402770996094
0.3,5,100.0,0.7,5,0.48,0.18660713336371204,777,0.4666666666666667,0.6333333333333333,0.7166666666666667,0.18333333333333335,0.4,0.8919277667999268,0.02123231887817383
0.3,5,100.0,0.7,10,0.5733333333333334,0.1470449666674185,515,0.4666666666666667,0.5333333333333333,0.8166666666666667,0.65,0.4,0.901586389541626,0.02211794853210449
0.3,5,100.0,0.7,20,0.5533333333333333,0.09392668535736913,634,0.55,0.43333333333333335,0.7166666666666667,0.5666666666666667,0.5,0.9057278633117676,0.02141151428222656
0.3,5,100.0,0.7,50,0.6166666666666667,0.1021980647783726,174,0.5666666666666667,0.5333333333333333,0.8166666666666667,0.5666666666666667,0.6000000000000001,0.9149055480957031,0.02118401527404785
0.3,5,100.0,0.9,5,0.4800000000000001,0.1829996964174774,775,0.4666666666666667,0.6333333333333333,0.7166666666666667,0.3833333333333333,0.2,0.9855296611785889,0.02132420539855957
0.3,5,100.0,0.9,10,0.5533333333333333,0.14197026292697904,634,0.4666666666666667,0.5333333333333333,0.8166666666666667,0.55,0.4,0.9982778549194335,0.022443819046020507
0.3,5,100.0,0.9,20,0.5333333333333334,0.062360956446232366,702,0.55,0.43333333333333335,0.6166666666666667,0.5666666666666667,0.5,0.9969498157501221,0.02152729034423828
0.3,5,100.0,0.9,50,0.6133333333333334,0.12445436468396312,186,0.65,0.43333333333333335,0.8166666666666667,0.5666666666666667,0.6000000000000001,1.0043886184692383,0.02149543762207031
