param_clf__shrink_threshold,param_selector__C,param_selector__l1_ratio,param_selector__top_k,mean_test_score,std_test_score,rank_test_score,split0_test_score,split1_test_score,split2_test_score,split3_test_score,split4_test_score,mean_fit_time,mean_score_time
,0.001,0.1,5,0.39666666666666667,0.09092121131323905,769,0.5,0.26666666666666666,0.3666666666666667,0.35,0.5,0.0033349514007568358,0.0014284610748291015
,0.001,0.1,10,0.45666666666666667,0.08730533902472531,653,0.5,0.2833333333333333,0.5166666666666667,0.48333333333333334,0.5,0.003259563446044922,0.0014064788818359375
,0.001,0.1,20,0.3833333333333333,0.107496769977314,785,0.4166666666666667,0.2,0.3333333333333333,0.4666666666666667,0.5,0.0032997608184814455,0.0014092445373535157
,0.001,0.1,50,0.5333333333333334,0.09428090415820632,499,0.4166666666666667,0.55,0.5166666666666667,0.48333333333333334,0.7,0.003292703628540039,0.0014043807983398437
,0.001,0.3,5,0.39666666666666667,0.09092121131323905,769,0.5,0.26666666666666666,0.3666666666666667,0.35,0.5,0.0032381534576416014,0.001405477523803711
,0.001,0.3,10,0.45666666666666667,0.08730533902472531,653,0.5,0.2833333333333333,0.5166666666666667,0.48333333333333334,0.5,0.0032319068908691407,0.0014695167541503907
,0.001,0.3,20,0.3833333333333333,0.107496769977314,785,0.4166666666666667,0.2,0.3333333333333333,0.4666666666666667,0.5,0.0031903743743896484,0.00139923095703125
,0.001,0.3,50,0.5333333333333334,0.09428090415820632,499,0.4166666666666667,0.55,0.5166666666666667,0.48333333333333334,0.7,0.003250741958618164,0.0013917446136474609
,0.001,0.5,5,0.39666666666666667,0.09092121131323905,769,0.5,0.26666666666666666,0.3666666666666667,0.35,0.5,0.0032567501068115233,0.0013912200927734375
,0.001,0.5,10,0.45666666666666667,0.08730533902472531,653,0.5,0.2833333333333333,0.5166666666666667,0.48333333333333334,0.5,0.0033266544342041016,0.0014182090759277343
,0.001,0.5,20,0.3833333333333333,0.107496769977314,785,0.4166666666666667,0.2,0.3333333333333333,0.4666666666666667,0.5,0.003274965286254883,0.0014026641845703125
,0.001,0.5,50,0.5333333333333334,0.09428090415820632,499,0.4166666666666667,0.55,0.5166666666666667,0.48333333333333334,0.7,0.0033141613006591798,0.0014158725738525391
,0.001,0.7,5,0.39666666666666667,0.09092121131323905,769,0.5,0.26666666666666666,0.3666666666666667,0.35,0.5,0.003344106674194336,0.0014181137084960938
,0.001,0.7,10,0.45666666666666667,0.08730533902472531,653,0.5,0.2833333333333333,0.5166666666666667,0.48333333333333334,0.5,0.0032404422760009765,0.0014066696166992188
,0.001,0.7,20,0.3833333333333333,0.107496769977314,785,0.4166666666666667,0.2,0.3333333333333333,0.4666666666666667,0.5,0.0032587051391601562,0.0014203548431396484
,0.001,0.7,50,0.5333333333333334,0.09428090415820632,499,0.4166666666666667,0.55,0.5166666666666667,0.48333333333333334,0.7,0.0033150196075439455,0.0014157772064208984
,0.001,0.9,5,0.39666666666666667,0.09092121131323905,769,0.5,0.26666666666666666,0.3666666666666667,0.35,0.5,0.0033246994018554686,0.001401805877685547
,0.001,0.9,10,0.45666666666666667,0.08730533902472531,653,0.5,0.2833333333333333,0.5166666666666667,0.48333333333333334,0.5,0.0032306194305419924,0.0014128684997558594
,0.001,0.9,20,0.3833333333333333,0.107496769977314,785,0.4166666666666667,0.2,0.3333333333333333,0.4666666666666667,0.5,0.003275299072265625,0.0014184951782226563
,0.001,0.9,50,0.5333333333333334,0.09428090415820632,499,0.4166666666666667,0.55,0.5166666666666667,0.48333333333333334,0.7,0.0033434391021728515,0.0014224052429199219
,0.00359381,0.1,5,0.39666666666666667,0.09092121131323905,769,0.5,0.26666666666666666,0.3666666666666667,0.35,0.5,0.003703403472900391,0.0014119148254394531
,0.00359381,0.1,10,0.45666666666666667,0.08730533902472531,653,0.5,0.2833333333333333,0.5166666666666667,0.48333333333333334,0.5,0.0036288738250732423,0.001405191421508789
,0.00359381,0.1,20,0.3833333333333333,0.107496769977314,785,0.4166666666666667,0.2,0.3333333333333333,0.4666666666666667,0.5,0.0037227630615234374,0.001413249969482422
,0.00359381,0.1,50,0.5333333333333334,0.09428090415820632,499,0.4166666666666667,0.55,0.5166666666666667,0.48333333333333334,0.7,0.0036167144775390626,0.0014072418212890624
,0.00359381,0.3,5,0.39666666666666667,0.09092121131323905,769,0.5,0.26666666666666666,0.3666666666666667,0.35,0.5,0.0033081531524658202,0.0013957023620605469
,0.00359381,0.3,10,0.45666666666666667,0.08730533902472531,653,0.5,0.2833333333333333,0.5166666666666667,0.48333333333333334,0.5,0.0032509326934814452,0.0013918876647949219
,0.00359381,0.3,20,0.3833333333333333,0.107496769977314,785,0.4166666666666667,0.2,0.3333333333333333,0.4666666666666667,0.5,0.003236865997314453,0.0014132022857666015
,0.00359381,0.3,50,0.5333333333333334,0.09428090415820632,499,0.4166666666666667,0.55,0.5166666666666667,0.48333333333333334,0.7,0.003231239318847656,0.0014753341674804688
,0.00359381,0.5,5,0.39666666666666667,0.09092121131323905,769,0.5,0.26666666666666666,0.3666666666666667,0.35,0.5,0.003189754486083984,0.0014044761657714844
,0.00359381,0.5,10,0.45666666666666667,0.08730533902472531,653,0.5,0.2833333333333333,0.5166666666666667,0.48333333333333334,0.5,0.0032659530639648437,0.0014070034027099609
,0.00359381,0.5,20,0.3833333333333333,0.107496769977314,785,0.4166666666666667,0.2,0.3333333333333333,0.4666666666666667,0.5,0.0032489776611328127,0.0014422416687011718
,0.00359381,0.5,50,0.5333333333333334,0.09428090415820632,499,0.4166666666666667,0.55,0.5166666666666667,0.48333333333333334,0.7,0.003332185745239258,0.0014035701751708984
,0.00359381,0.7,5,0.39666666666666667,0.09092121131323905,769,0.5,0.26666666666666666,0.3666666666666667,0.35,0.5,0.003256368637084961,0.0013877391815185548
,0.00359381,0.7,10,0.45666666666666667,0.08730533902472531,653,0.5,0.2833333333333333,0.5166666666666667,0.48333333333333334,0.5,0.0032883644104003905,0.0013803958892822266
,0.00359381,0.7,20,0.3833333333333333,0.107496769977314,785,0.4166666666666667,0.2,0.3333333333333333,0.4666666666666667,0.5,0.003264331817626953,0.0014065742492675782
,0.00359381,0.7,50,0.5333333333333334,0.09428090415820632,499,0.4166666666666667,0.55,0.5166666666666667,0.48333333333333334,0.7,0.003344440460205078,0.0013913154602050782
,0.00359381,0.9,5,0.39666666666666667,0.09092121131323905,769,0.5,0.26666666666666666,0.3666666666666667,0.35,0.5,0.0032392024993896486,0.0013811111450195313
,0.00359381,0.9,10,0.45666666666666667,0.08730533902472531,653,0.5,0.2833333333333333,0.5166666666666667,0.48333333333333334,0.5,0.0032620906829833986,0.0013792037963867188
,0.00359381,0.9,20,0.3833333333333333,0.107496769977314,785,0.4166666666666667,0.2,0.3333333333333333,0.4666666666666667,0.5,0.0032509803771972657,0.0013852596282958984
,0.00359381,0.9,50,0.5333333333333334,0.09428090415820632,499,0.4166666666666667,0.55,0.5166666666666667,0.48333333333333334,0.7,0.0033275127410888673,0.0014163494110107423
,0.0129155,0.1,5,0.5700000000000001,0.14734690736866898,340,0.7333333333333334,0.6166666666666667,0.35,0.45,0.7,0.01180715560913086,0.0015032291412353516
,0.0129155,0.1,10,0.5133333333333333,0.1396026106091462,567,0.6333333333333333,0.6166666666666667,0.26666666666666666,0.45,0.6000000000000001,0.011905288696289063,0.001504659652709961
,0.0129155,0.1,20,0.5666666666666667,0.050552502960343665,377,0.6333333333333333,0.6166666666666667,0.5333333333333333,0.55,0.5,0.011964702606201172,0.0015290260314941406
,0.0129155,0.1,50,0.5900000000000001,0.08856886837057613,261,0.65,0.6166666666666667,0.5333333333333333,0.45,0.7,0.011902666091918946,0.0015103816986083984
,0.0129155,0.3,5,0.39666666666666667,0.09092121131323905,769,0.5,0.26666666666666666,0.3666666666666667,0.35,0.5,0.003928375244140625,0.0014377593994140624
,0.0129155,0.3,10,0.45666666666666667,0.08730533902472531,653,0.5,0.2833333333333333,0.5166666666666667,0.48333333333333334,0.5,0.0038575172424316407,0.0014197826385498047
,0.0129155,0.3,20,0.3833333333333333,0.107496769977314,785,0.4166666666666667,0.2,0.3333333333333333,0.4666666666666667,0.5,0.003813934326171875,0.0014126300811767578
,0.0129155,0.3,50,0.5333333333333334,0.09428090415820632,499,0.4166666666666667,0.55,0.5166666666666667,0.48333333333333334,0.7,0.0038833141326904295,0.001420736312866211
,0.0129155,0.5,5,0.39666666666666667,0.09092121131323905,769,0.5,0.26666666666666666,0.3666666666666667,0.35,0.5,0.003415822982788086,0.001399850845336914
,0.0129155,0.5,10,0.45666666666666667,0.08730533902472531,653,0.5,0.2833333333333333,0.5166666666666667,0.48333333333333334,0.5,0.003425455093383789,0.001393747329711914
,0.0129155,0.5,20,0.3833333333333333,0.107496769977314,785,0.4166666666666667,0.2,0.3333333333333333,0.4666666666666667,0.5,0.0034160614013671875,0.0014049530029296875
,0.0129155,0.5,50,0.5333333333333334,0.09428090415820632,499,0.4166666666666667,0.55,0.5166666666666667,0.48333333333333334,0.7,0.0034989356994628907,0.0014127731323242188
,0.0129155,0.7,5,0.39666666666666667,0.09092121131323905,769,0.5,0.26666666666666666,0.3666666666666667,0.35,0.5,0.003215599060058594,0.0013982772827148438
,0.0129155,0.7,10,0.45666666666666667,0.08730533902472531,653,0.5,0.2833333333333333,0.5166666666666667,0.48333333333333334,0.5,0.0032704353332519533,0.001404571533203125
,0.0129155,0.7,20,0.3833333333333333,0.107496769977314,785,0.4166666666666667,0.2,0.3333333333333333,0.4666666666666667,0.5,0.003263521194458008,0.0013980865478515625
,0.0129155,0.7,50,0.5333333333333334,0.09428090415820632,499,0.4166666666666667,0.55,0.5166666666666667,0.48333333333333334,0.7,0.003330421447753906,0.0014159202575683594
,0.0129155,0.9,5,0.39666666666666667,0.09092121131323905,769,0.5,0.26666666666666666,0.3666666666666667,0.35,0.5,0.003241825103759766,0.0013910293579101562
,0.0129155,0.9,10,0.45666666666666667,0.08730533902472531,653,0.5,0.2833333333333333,0.5166666666666667,0.48333333333333334,0.5,0.003274869918823242,0.0013987064361572266
,0.0129155,0.9,20,0.3833333333333333,0.107496769977314,785,0.4166666666666667,0.2,0.3333333333333333,0.4666666666666667,0.5,0.0032375812530517577,0.0013891696929931641
,0.0129155,0.9,50,0.5333333333333334,0.09428090415820632,499,0.4166666666666667,0.55,0.5166666666666667,0.48333333333333334,0.7,0.0033050537109375,0.001404571533203125
,0.0464159,0.1,5,0.5133333333333334,0.13391539617733778,561,0.6333333333333333,0.6333333333333333,0.35,0.35,0.6000000000000001,0.02257699966430664,0.0015708446502685548
,0.0464159,0.1,10,0.5666666666666667,0.050552502960343665,377,0.6333333333333333,0.6166666666666667,0.5333333333333333,0.55,0.5,0.022660160064697267,0.0015785694122314453
,0.0464159,0.1,20,0.5666666666666667,0.10327955589886445,377,0.7166666666666667,0.6166666666666667,0.45,0.45,0.6,0.022631502151489256,0.0015782833099365235
,0.0464159,0.1,50,0.5900000000000001,0.11766241729815193,261,0.6333333333333333,0.7166666666666667,0.45,0.45,0.7,0.022620296478271483,0.001566600799560547
,0.0464159,0.3,5,0.55,0.1676636845327906,432,0.7333333333333334,0.6166666666666667,0.35,0.35,0.7,0.021924877166748048,0.0015349864959716796
,0.0464159,0.3,10,0.49333333333333335,0.09043106644167026,590,0.55,0.6166666666666667,0.35,0.45,0.5,0.02206721305847168,0.0015595912933349609
,0.0464159,0.3,20,0.5133333333333333,0.08259674462242578,567,0.3666666666666667,0.6166666666666667,0.5333333333333333,0.55,0.5,0.022014856338500977,0.0015523433685302734
,0.0464159,0.3,50,0.5700000000000001,0.08393118874676113,340,0.55,0.6166666666666667,0.5333333333333333,0.45,0.7,0.022063446044921876,0.0015699386596679688
,0.0464159,0.5,5,0.43,0.10349449797506682,719,0.5,0.26666666666666666,0.5333333333333333,0.35,0.5,0.007773733139038086,0.0014958381652832031
,0.0464159,0.5,10,0.48,0.11224972160321824,615,0.5,0.2833333333333333,0.6333333333333333,0.48333333333333334,0.5,0.007759475708007812,0.0014598846435546875
,0.0464159,0.5,20,0.44333333333333336,0.1412641340027806,701,0.4166666666666667,0.2,0.6333333333333333,0.4666666666666667,0.5,0.007764196395874024,0.0014904499053955077
,0.0464159,0.5,50,0.5366666666666667,0.09392668535736912,480,0.4166666666666667,0.55,0.5333333333333333,0.48333333333333334,0.7,0.007708501815795898,0.001491546630859375
,0.0464159,0.7,5,0.39666666666666667,0.09092121131323905,769,0.5,0.26666666666666666,0.3666666666666667,0.35,0.5,0.004111289978027344,0.0014311790466308594
,0.0464159,0.7,10,0.45666666666666667,0.08730533902472531,653,0.5,0.2833333333333333,0.5166666666666667,0.48333333333333334,0.5,0.0040474414825439455,0.0014141559600830077
,0.0464159,0.7,20,0.3833333333333333,0.107496769977314,785,0.4166666666666667,0.2,0.3333333333333333,0.4666666666666667,0.5,0.004023408889770508,0.0014129638671875
,0.0464159,0.7,50,0.5333333333333334,0.09428090415820632,499,0.4166666666666667,0.55,0.5166666666666667,0.48333333333333334,0.7,0.004034757614135742,0.0015165328979492188
,0.0464159,0.9,5,0.39666666666666667,0.09092121131323905,769,0.5,0.26666666666666666,0.3666666666666667,0.35,0.5,0.0038152694702148437,0.001416921615600586
,0.0464159,0.9,10,0.45666666666666667,0.08730533902472531,653,0.5,0.2833333333333333,0.5166666666666667,0.48333333333333334,0.5,0.003907966613769531,0.0014200687408447265
,0.0464159,0.9,20,0.3833333333333333,0.107496769977314,785,0.4166666666666667,0.2,0.3333333333333333,0.4666666666666667,0.5,0.0038295269012451174,0.0014297962188720703
,0.0464159,0.9,50,0.5333333333333334,0.09428090415820632,499,0.4166666666666667,0.55,0.5166666666666667,0.48333333333333334,0.7,0.0039081573486328125,0.0014071464538574219
,0.16681,0.1,5,0.6066666666666667,0.13274871834493251,183,0.5333333333333333,0.8166666666666667,0.5333333333333333,0.45,0.7,0.05401124954223633,0.0017165660858154297
,0.16681,0.1,10,0.5700000000000001,0.1664665465224503,340,0.65,0.8166666666666667,0.3333333333333333,0.45,0.6,0.05349645614624023,0.001607656478881836
,0.16681,0.1,20,0.5766666666666667,0.16519348924485158,332,0.7166666666666667,0.8,0.3333333333333333,0.5333333333333333,0.5,0.05374131202697754,0.0016186237335205078
,0.16681,0.1,50,0.6433333333333333,0.12587471725666138,65,0.7166666666666667,0.8,0.55,0.45,0.7,0.05347661972045899,0.0016222953796386718
,0.16681,0.3,5,0.55,0.10645812948447542,432,0.6333333333333333,0.6333333333333333,0.5333333333333333,0.35,0.6000000000000001,0.060740995407104495,0.0016026496887207031
,0.16681,0.3,10,0.6100000000000001,0.10572501018102472,173,0.7333333333333334,0.7166666666666667,0.45,0.55,0.6,0.06066365242004394,0.0016066551208496094
,0.16681,0.3,20,0.64,0.12,84,0.6333333333333333,0.8,0.43333333333333335,0.6333333333333333,0.7,0.06065487861633301,0.0016008377075195312
,0.16681,0.3,50,0.5733333333333333,0.11623730516108462,337,0.55,0.7166666666666667,0.45,0.45,0.7,0.060778474807739256,0.0016094207763671874
,0.16681,0.5,5,0.5333333333333333,0.1140175425099138,521,0.6333333333333333,0.6333333333333333,0.45,0.35,0.6000000000000001,0.0611778736114502,0.0016017913818359374
,0.16681,0.5,10,0.5833333333333333,0.07601169500660919,318,0.6333333333333333,0.6166666666666667,0.43333333333333335,0.6333333333333333,0.6,0.06138448715209961,0.0015959739685058594
,0.16681,0.5,20,0.6066666666666667,0.08339997335464534,183,0.6333333333333333,0.6166666666666667,0.45,0.6333333333333333,0.7,0.06121559143066406,0.0016027927398681641
,0.16681,0.5,50,0.55,0.10055402085998903,432,0.55,0.6166666666666667,0.43333333333333335,0.45,0.7,0.061339378356933594,0.0016133308410644532
,0.16681,0.7,5,0.55,0.1345775282545757,432,0.7333333333333334,0.6166666666666667,0.45,0.35,0.6000000000000001,0.06505384445190429,0.0015946388244628905
,0.16681,0.7,10,0.6033333333333333,0.03711842908553348,226,0.6333333333333333,0.6166666666666667,0.5333333333333333,0.6333333333333333,0.6,0.06349220275878906,0.0016078948974609375
,0.16681,0.7,20,0.5533333333333333,0.1102522360569415,421,0.3666666666666667,0.6166666666666667,0.5333333333333333,0.55,0.7,0.06334166526794434,0.0016088008880615235
,0.16681,0.7,50,0.5700000000000001,0.08393118874676113,340,0.55,0.6166666666666667,0.5333333333333333,0.45,0.7,0.06316022872924805,0.0016233444213867188
,0.16681,0.9,5,0.55,0.19944367068868787,432,0.7333333333333334,0.7,0.26666666666666666,0.35,0.7,0.04566493034362793,0.0016820430755615234
,0.16681,0.9,10,0.53,0.055176484524156175,526,0.55,0.6166666666666667,0.5333333333333333,0.45,0.5,0.04558329582214356,0.0016692638397216796
,0.16681,0.9,20,0.4933333333333333,0.12762793146051096,593,0.26666666666666666,0.6166666666666667,0.5333333333333333,0.45,0.6,0.0457547664642334,0.0015999794006347657
,0.16681,0.9,50,0.5700000000000001,0.08393118874676113,340,0.55,0.6166666666666667,0.5333333333333333,0.45,0.7,0.04584321975708008,0.0016081809997558593
,0.599484,0.1,5,0.6599999999999999,0.11085526098877262,40,0.5333333333333333,0.8166666666666667,0.7166666666666667,0.5333333333333333,0.7,0.12254023551940918,0.0016183853149414062
,0.599484,0.1,10,0.6466666666666667,0.1889738371074449,57,0.65,1.0,0.5333333333333333,0.45,0.6,0.12256665229797363,0.0016013145446777343
,0.599484,0.1,20,0.58,0.14197026292697904,328,0.7166666666666667,0.7166666666666667,0.3333333333333333,0.5333333333333333,0.6,0.12233138084411621,0.0016126632690429688
,0.599484,0.1,50,0.6066666666666667,0.09865765724632494,183,0.7166666666666667,0.6166666666666667,0.55,0.45,0.7,0.12325782775878906,0.0016202926635742188
,0.599484,0.3,5,0.5900000000000001,0.12319812408384219,261,0.55,0.8166666666666667,0.5333333333333333,0.45,0.6000000000000001,0.14858860969543458,0.0016179084777832031
,0.599484,0.3,10,0.61,0.06716480559869958,176,0.65,0.6333333333333333,0.5166666666666667,0.55,0.7,0.14897685050964354,0.0016099929809570313
,0.599484,0.3,20,0.6,0.16898389140848769,247,0.7166666666666667,0.8166666666666667,0.3333333333333333,0.6333333333333333,0.5,0.1498577117919922,0.001621580123901367
,0.599484,0.3,50,0.6433333333333333,0.12587471725666138,65,0.7166666666666667,0.8,0.55,0.45,0.7,0.14910740852355958,0.001615619659423828
,0.599484,0.5,5,0.6266666666666666,0.11382247385975915,117,0.55,0.8166666666666667,0.5333333333333333,0.5333333333333333,0.7,0.17359819412231445,0.0016212940216064453
,0.599484,0.5,10,0.5700000000000001,0.08781293248212992,340,0.55,0.6166666666666667,0.43333333333333335,0.55,0.7,0.17319245338439943,0.0016112327575683594
,0.599484,0.5,20,0.6566666666666666,0.12364824660660939,45,0.7166666666666667,0.8,0.43333333333333335,0.6333333333333333,0.7,0.17298669815063478,0.0016349315643310546
,0.599484,0.5,50,0.5866666666666667,0.08653836657164779,275,0.6333333333333333,0.6166666666666667,0.5333333333333333,0.45,0.7,0.17222118377685547,0.0015956878662109375
,0.599484,0.7,5,0.5633333333333332,0.11944315244779277,405,0.6333333333333333,0.6,0.35,0.5333333333333333,0.7,0.19284381866455078,0.001631927490234375
,0.599484,0.7,10,0.6233333333333334,0.08339997335464534,121,0.7333333333333334,0.6166666666666667,0.5166666666666667,0.55,0.7,0.19282774925231932,0.0016125679016113282
,0.599484,0.7,20,0.6233333333333334,0.12274635093014646,121,0.5333333333333333,0.8,0.45,0.6333333333333333,0.7,0.19303340911865235,0.0016121864318847656
,0.599484,0.7,50,0.6066666666666667,0.06018490028422594,183,0.6333333333333333,0.6166666666666667,0.5333333333333333,0.55,0.7,0.18588318824768066,0.0014831066131591798
,0.599484,0.9,5,0.5266666666666667,0.21071307505705478,532,0.8166666666666667,0.5166666666666667,0.25,0.35,0.7,0.189404296875,0.0013879299163818359
,0.599484,0.9,10,0.6199999999999999,0.08653836657164779,164,0.7333333333333334,0.6166666666666667,0.5166666666666667,0.5333333333333333,0.7,0.18921990394592286,0.0014846324920654297
,0.599484,0.9,20,0.62,0.09797958971132714,150,0.5333333333333333,0.8,0.5333333333333333,0.6333333333333333,0.6000000000000001,0.18959341049194336,0.0015240192413330078
,0.599484,0.9,50,0.5866666666666667,0.0832666399786453,275,0.55,0.6166666666666667,0.6166666666666667,0.45,0.7,0.1916646957397461,0.0015716552734375
,2.15443,0.1,5,0.6766666666666665,0.16110727964792765,24,0.8,0.8166666666666667,0.43333333333333335,0.5333333333333333,0.8,0.23260941505432128,0.0015878677368164062
,2.15443,0.1,10,0.6033333333333333,0.10132456102380444,226,0.55,0.8,0.5333333333333333,0.5333333333333333,0.6,0.2335272789001465,0.0015293121337890624
,2.15443,0.1,20,0.62,0.09797958971132714,150,0.6333333333333333,0.8,0.5333333333333333,0.5333333333333333,0.6,0.24121575355529784,0.0015935420989990235
,2.15443,0.1,50,0.6433333333333333,0.12587471725666138,65,0.7166666666666667,0.8,0.55,0.45,0.7,0.24174232482910157,0.0016212940216064453
,2.15443,0.3,5,0.61,0.16485684025170985,176,0.5333333333333333,0.8166666666666667,0.45,0.45,0.8,0.30332212448120116,0.0016147613525390625
,2.15443,0.3,10,0.5666666666666667,0.08944271909999157,377,0.55,0.7166666666666667,0.5166666666666667,0.45,0.6000000000000001,0.303314733505249,0.0016819000244140624
,2.15443,0.3,20,0.58,0.1275408431313933,328,0.6333333333333333,0.8,0.43333333333333335,0.5333333333333333,0.5,0.30341191291809083,0.0016356945037841798
,2.15443,0.3,50,0.6033333333333333,0.138001610296563,226,0.6166666666666667,0.8,0.45,0.45,0.7,0.3033419132232666,0.0016104221343994141
,2.15443,0.5,5,0.5733333333333334,0.13482498944104457,335,0.55,0.8166666666666667,0.45,0.45,0.6000000000000001,0.3455385684967041,0.0016053199768066406
,2.15443,0.5,10,0.5666666666666667,0.08944271909999157,377,0.55,0.7166666666666667,0.5166666666666667,0.45,0.6000000000000001,0.3461585998535156,0.0015933513641357422
,2.15443,0.5,20,0.6366666666666666,0.16478942792411033,97,0.7166666666666667,0.9,0.43333333333333335,0.6333333333333333,0.5,0.3462468147277832,0.001618814468383789
,2.15443,0.5,50,0.5900000000000001,0.11766241729815193,261,0.6333333333333333,0.7166666666666667,0.45,0.45,0.7,0.34551401138305665,0.0016028404235839844
,2.15443,0.7,5,0.5666666666666667,0.12952906151816965,377,0.55,0.7,0.35,0.5333333333333333,0.7,0.4216496467590332,0.001601266860961914
,2.15443,0.7,10,0.5833333333333334,0.09006170724070862,312,0.65,0.7,0.5166666666666667,0.45,0.6000000000000001,0.42144575119018557,0.0015876293182373047
,2.15443,0.7,20,0.6533333333333333,0.1465908895153068,55,0.7166666666666667,0.9,0.5166666666666667,0.6333333333333333,0.5,0.42101268768310546,0.001611042022705078
,2.15443,0.7,50,0.5866666666666667,0.06944222218666551,275,0.6333333333333333,0.6166666666666667,0.6333333333333333,0.45,0.6,0.4205348491668701,0.0016219139099121094
,2.15443,0.9,5,0.5666666666666667,0.12952906151816965,377,0.55,0.7,0.35,0.5333333333333333,0.7,0.4360197067260742,0.0016080379486083985
,2.15443,0.9,10,0.5599999999999999,0.03431876713662334,413,0.55,0.6,0.5166666666666667,0.5333333333333333,0.6000000000000001,0.43643479347229003,0.0016037464141845704
,2.15443,0.9,20,0.6733333333333332,0.0946337971105226,33,0.7166666666666667,0.8,0.5166666666666667,0.6333333333333333,0.7,0.4331937789916992,0.0016147136688232423
,2.15443,0.9,50,0.6033333333333333,0.08259674462242576,226,0.6333333333333333,0.6166666666666667,0.6166666666666667,0.45,0.7,0.43587536811828614,0.0016175270080566405
,7.74264,0.1,5,0.6933333333333334,0.1046687897873839,9,0.8,0.7166666666666667,0.6166666666666667,0.5333333333333333,0.8,0.3061163902282715,0.0016089439392089843
,7.74264,0.1,10,0.5866666666666667,0.09030811456096045,275,0.6333333333333333,0.7166666666666667,0.45,0.5333333333333333,0.6,0.3062424659729004,0.001735687255859375
,7.74264,0.1,20,0.6566666666666666,0.10624918300339486,45,0.7166666666666667,0.8,0.5333333333333333,0.5333333333333333,0.7,0.3061790466308594,0.0016156673431396485
,7.74264,0.1,50,0.5866666666666667,0.11944315244779279,275,0.7166666666666667,0.7166666666666667,0.45,0.45,0.6,0.30710201263427733,0.0016649723052978515
,7.74264,0.3,5,0.7166666666666666,0.11352924243950936,1,0.8,0.8166666666666667,0.6333333333333333,0.5333333333333333,0.8,0.48326926231384276,0.0015880584716796875
,7.74264,0.3,10,0.5866666666666667,0.06944222218666553,275,0.55,0.7166666666666667,0.5333333333333333,0.5333333333333333,0.6,0.4710378170013428,0.0015679359436035155
,7.74264,0.3,20,0.5433333333333333,0.13316656236958788,473,0.45,0.8,0.43333333333333335,0.5333333333333333,0.5,0.4683835506439209,0.0015512943267822266
,7.74264,0.3,50,0.5666666666666667,0.08232726023485645,377,0.5333333333333333,0.7,0.55,0.45,0.6,0.4814286231994629,0.0016062736511230468
,7.74264,0.5,5,0.6633333333333333,0.12400716825158851,35,0.5333333333333333,0.8166666666666667,0.6333333333333333,0.5333333333333333,0.8,0.5370331764221191,0.0016006946563720704
,7.74264,0.5,10,0.5833333333333333,0.07226494462892932,318,0.55,0.7166666666666667,0.5166666666666667,0.5333333333333333,0.6,0.5368175506591797,0.0016194820404052735
,7.74264,0.5,20,0.56,0.14087031072743628,412,0.6333333333333333,0.8,0.4166666666666667,0.45,0.5,0.5389982223510742,0.0016074657440185546
,7.74264,0.5,50,0.6233333333333334,0.12046207333061767,121,0.6166666666666667,0.8,0.55,0.45,0.7,0.5373797416687012,0.0016184806823730468
,7.74264,0.7,5,0.6466666666666667,0.14429907214608909,57,0.5333333333333333,0.8166666666666667,0.6333333333333333,0.45,0.8,0.6410210609436036,0.001678133010864258
,7.74264,0.7,10,0.5666666666666667,0.08944271909999157,377,0.55,0.7166666666666667,0.5166666666666667,0.45,0.6,0.6433501243591309,0.0016037940979003907
,7.74264,0.7,20,0.5966666666666667,0.13638181696985857,248,0.7166666666666667,0.8,0.5166666666666667,0.45,0.5,0.6334762096405029,0.001616668701171875
,7.74264,0.7,50,0.57,0.11709445380166862,363,0.5333333333333333,0.7166666666666667,0.45,0.45,0.7,0.6333806991577149,0.0016137123107910155
,7.74264,0.9,5,0.6300000000000001,0.12534397117975443,105,0.55,0.8166666666666667,0.6333333333333333,0.45,0.7,0.6533800601959229,0.0016885757446289062
,7.74264,0.9,10,0.5633333333333334,0.08393118874676112,401,0.55,0.7,0.5166666666666667,0.45,0.6,0.6532689571380615,0.0016010284423828125
,7.74264,0.9,20,0.5966666666666667,0.13638181696985857,248,0.7166666666666667,0.8,0.5166666666666667,0.45,0.5,0.6574643611907959,0.001609039306640625
,7.74264,0.9,50,0.5666666666666667,0.11303883305208777,377,0.5333333333333333,0.7,0.45,0.45,0.7,0.657038688659668,0.0016049861907958985
,27.8256,0.1,5,0.6133333333333333,0.10402991022884826,171,0.8,0.6166666666666667,0.6166666666666667,0.5333333333333333,0.5,0.3034981250762939,0.001580810546875
,27.8256,0.1,10,0.62,0.059066817155564506,150,0.6333333333333333,0.7166666666666667,0.6166666666666667,0.5333333333333333,0.6,0.29735636711120605,0.0014757633209228516
,27.8256,0.1,20,0.64,0.1335830993967592,84,0.55,0.9,0.6166666666666667,0.5333333333333333,0.6,0.2987483501434326,0.001432514190673828
,27.8256,0.1,50,0.6433333333333333,0.12587471725666138,65,0.7166666666666667,0.8,0.55,0.45,0.7,0.29796600341796875,0.0015237808227539062
,27.8256,0.3,5,0.6933333333333334,0.1046687897873839,9,0.8,0.7166666666666667,0.6166666666666667,0.5333333333333333,0.8,0.4282930850982666,0.0015485286712646484
,27.8256,0.3,10,0.5866666666666667,0.09030811456096045,275,0.6333333333333333,0.7166666666666667,0.45,0.5333333333333333,0.6,0.4331777095794678,0.0017067909240722657
,27.8256,0.3,20,0.64,0.10198039027185571,84,0.6333333333333333,0.8,0.5333333333333333,0.5333333333333333,0.7,0.4430826663970947,0.00161895751953125
,27.8256,0.3,50,0.6033333333333334,0.1142122779934121,224,0.6166666666666667,0.8,0.55,0.45,0.6,0.44146037101745605,0.0016363143920898437
,27.8256,0.5,5,0.6566666666666666,0.13190905958272922,45,0.8,0.6166666666666667,0.6166666666666667,0.45,0.8,0.5718922138214111,0.0016074180603027344
,27.8256,0.5,10,0.5866666666666667,0.06944222218666553,275,0.55,0.7166666666666667,0.5333333333333333,0.5333333333333333,0.6,0.5725225448608399,0.0016252517700195313
,27.8256,0.5,20,0.5633333333333332,0.0832666399786453,405,0.45,0.7,0.5333333333333333,0.5333333333333333,0.6,0.5720958232879638,0.0016080856323242188
,27.8256,0.5,50,0.6066666666666667,0.1147945023848171,183,0.6333333333333333,0.8,0.55,0.45,0.6,0.5714376926422119,0.0016306400299072265
,27.8256,0.7,5,0.6766666666666665,0.16110727964792765,24,0.8,0.8166666666666667,0.43333333333333335,0.5333333333333333,0.8,0.6972882747650146,0.001623249053955078
,27.8256,0.7,10,0.5866666666666667,0.06944222218666553,275,0.55,0.7166666666666667,0.5333333333333333,0.5333333333333333,0.6,0.6994171142578125,0.0016161441802978516
,27.8256,0.7,20,0.54,0.13605554421305704,479,0.45,0.8,0.4166666666666667,0.5333333333333333,0.5,0.6964412689208984,0.0016093730926513671
,27.8256,0.7,50,0.5866666666666667,0.0985449699939632,275,0.5333333333333333,0.7,0.55,0.45,0.7,0.6969696521759033,0.0016118526458740235
,27.8256,0.9,5,0.68,0.12445436468396313,17,0.5333333333333333,0.8166666666666667,0.7166666666666667,0.5333333333333333,0.8,0.7786898136138916,0.0016114234924316407
,27.8256,0.9,10,0.5833333333333333,0.06324555320336757,318,0.55,0.7,0.5333333333333333,0.5333333333333333,0.6,0.7781604766845703,0.0016069412231445312
,27.8256,0.9,20,0.5633333333333334,0.12489995996796797,401,0.55,0.8,0.43333333333333335,0.5333333333333333,0.5,0.765372371673584,0.0015617847442626954
,27.8256,0.9,50,0.6033333333333334,0.1142122779934121,224,0.6166666666666667,0.8,0.55,0.45,0.6,0.7549723625183106,0.0015533924102783202
,100.0,0.1,5,0.5599999999999999,0.04784233364802443,413,0.5333333333333333,0.6166666666666667,0.6166666666666667,0.5333333333333333,0.5,0.35431928634643556,0.0015404701232910156
,100.0,0.1,10,0.62,0.0590668171555645,150,0.6333333333333333,0.7166666666666667,0.6166666666666667,0.5333333333333333,0.6000000000000001,0.3572677135467529,0.0015471458435058593
,100.0,0.1,20,0.6233333333333334,0.1231981240838422,121,0.55,0.8,0.7166666666666667,0.45,0.6,0.36866083145141604,0.001636362075805664
,100.0,0.1,50,0.6233333333333334,0.12046207333061767,121,0.6166666666666667,0.8,0.55,0.45,0.7,0.3664982795715332,0.001619577407836914
,100.0,0.3,5,0.5599999999999999,0.04784233364802443,413,0.5333333333333333,0.6166666666666667,0.6166666666666667,0.5333333333333333,0.5,0.37268633842468263,0.0016173839569091797
,100.0,0.3,10,0.62,0.0590668171555645,150,0.6333333333333333,0.7166666666666667,0.6166666666666667,0.5333333333333333,0.6000000000000001,0.37223448753356936,0.0016137123107910155
,100.0,0.3,20,0.62,0.09510228411791405,150,0.55,0.8,0.6166666666666667,0.5333333333333333,0.6,0.3725593566894531,0.0016097068786621095
,100.0,0.3,50,0.6233333333333334,0.12046207333061767,121,0.6166666666666667,0.8,0.55,0.45,0.7,0.37410783767700195,0.001737213134765625
,100.0,0.5,5,0.6133333333333333,0.10402991022884826,171,0.8,0.6166666666666667,0.6166666666666667,0.5333333333333333,0.5,0.3932694911956787,0.001612377166748047
,100.0,0.5,10,0.5866666666666667,0.09030811456096045,275,0.6333333333333333,0.7166666666666667,0.45,0.5333333333333333,0.6,0.3922879695892334,0.0016154766082763672
,100.0,0.5,20,0.64,0.1335830993967592,84,0.55,0.9,0.6166666666666667,0.5333333333333333,0.6,0.39488444328308103,0.0016084671020507812
,100.0,0.5,50,0.6233333333333333,0.1231981240838422,134,0.7166666666666667,0.8,0.55,0.45,0.6,0.3937372207641602,0.0016254425048828126
,100.0,0.7,5,0.6733333333333332,0.10780641085864154,33,0.8,0.6166666666666667,0.6166666666666667,0.5333333333333333,0.8,0.44396114349365234,0.0016262054443359375
,100.0,0.7,10,0.5866666666666667,0.09030811456096045,275,0.6333333333333333,0.7166666666666667,0.45,0.5333333333333333,0.6,0.44478330612182615,0.001608419418334961
,100.0,0.7,20,0.64,0.1335830993967592,84,0.55,0.9,0.6166666666666667,0.5333333333333333,0.6,0.44385838508605957,0.001614856719970703
,100.0,0.7,50,0.6233333333333333,0.1231981240838422,134,0.7166666666666667,0.8,0.55,0.45,0.6,0.44420685768127444,0.0016277790069580077
,100.0,0.9,5,0.71,0.08205689083394115,4,0.8,0.7166666666666667,0.6166666666666667,0.6166666666666667,0.8,0.5078439712524414,0.0016246795654296874
,100.0,0.9,10,0.5866666666666667,0.09030811456096045,275,0.6333333333333333,0.7166666666666667,0.45,0.5333333333333333,0.6,0.5106546401977539,0.001612234115600586
,100.0,0.9,20,0.6566666666666666,0.08919392106839769,45,0.6333333333333333,0.8,0.6166666666666667,0.5333333333333333,0.7,0.5110054969787597,0.0016277313232421875
,100.0,0.9,50,0.6233333333333333,0.1231981240838422,134,0.7166666666666667,0.8,0.55,0.45,0.6,0.5062764644622803,0.0015874862670898437
0.1,0.001,0.1,5,0.4366666666666667,0.06531972647421809,703,0.5,0.4666666666666667,0.3666666666666667,0.35,0.5,0.0031664371490478516,0.0013631343841552734
0.1,0.001,0.1,10,0.45666666666666667,0.08730533902472531,653,0.5,0.2833333333333333,0.5166666666666667,0.48333333333333334,0.5,0.00324397087097168,0.001376962661743164
0.1,0.001,0.1,20,0.4033333333333333,0.1284090685617215,737,0.4166666666666667,0.2,0.43333333333333335,0.3666666666666667,0.6000000000000001,0.003171539306640625,0.0013424873352050782
0.1,0.001,0.1,50,0.5166666666666667,0.10274023338281625,543,0.4166666666666667,0.55,0.43333333333333335,0.48333333333333334,0.7,0.0031646728515625,0.0013647079467773438
0.1,0.001,0.3,5,0.4366666666666667,0.06531972647421809,703,0.5,0.4666666666666667,0.3666666666666667,0.35,0.5,0.0031355857849121095,0.0013446807861328125
0.1,0.001,0.3,10,0.45666666666666667,0.08730533902472531,653,0.5,0.2833333333333333,0.5166666666666667,0.48333333333333334,0.5,0.0031311511993408203,0.0013582706451416016
0.1,0.001,0.3,20,0.4033333333333333,0.1284090685617215,737,0.4166666666666667,0.2,0.43333333333333335,0.3666666666666667,0.6000000000000001,0.0031889915466308595,0.0013333797454833985
0.1,0.001,0.3,50,0.5166666666666667,0.10274023338281625,543,0.4166666666666667,0.55,0.43333333333333335,0.48333333333333334,0.7,0.003133869171142578,0.0013433456420898437
0.1,0.001,0.5,5,0.4366666666666667,0.06531972647421809,703,0.5,0.4666666666666667,0.3666666666666667,0.35,0.5,0.003121089935302734,0.0013344764709472656
0.1,0.001,0.5,10,0.45666666666666667,0.08730533902472531,653,0.5,0.2833333333333333,0.5166666666666667,0.48333333333333334,0.5,0.003150653839111328,0.0013544559478759766
0.1,0.001,0.5,20,0.4033333333333333,0.1284090685617215,737,0.4166666666666667,0.2,0.43333333333333335,0.3666666666666667,0.6000000000000001,0.003185462951660156,0.0013378620147705077
0.1,0.001,0.5,50,0.5166666666666667,0.10274023338281625,543,0.4166666666666667,0.55,0.43333333333333335,0.48333333333333334,0.7,0.0031351566314697264,0.0013439655303955078
0.1,0.001,0.7,5,0.4366666666666667,0.06531972647421809,703,0.5,0.4666666666666667,0.3666666666666667,0.35,0.5,0.003115081787109375,0.001324939727783203
0.1,0.001,0.7,10,0.45666666666666667,0.08730533902472531,653,0.5,0.2833333333333333,0.5166666666666667,0.48333333333333334,0.5,0.003124046325683594,0.0013584613800048829
0.1,0.001,0.7,20,0.4033333333333333,0.1284090685617215,737,0.4166666666666667,0.2,0.43333333333333335,0.3666666666666667,0.6000000000000001,0.003183269500732422,0.0013425350189208984
0.1,0.001,0.7,50,0.5166666666666667,0.10274023338281625,543,0.4166666666666667,0.55,0.43333333333333335,0.48333333333333334,0.7,0.003122234344482422,0.0013404369354248046
0.1,0.001,0.9,5,0.4366666666666667,0.06531972647421809,703,0.5,0.4666666666666667,0.3666666666666667,0.35,0.5,0.0031076908111572266,0.0013237476348876953
0.1,0.001,0.9,10,0.45666666666666667,0.08730533902472531,653,0.5,0.2833333333333333,0.5166666666666667,0.48333333333333334,0.5,0.0031404495239257812,0.0013303756713867188
0.1,0.001,0.9,20,0.4033333333333333,0.1284090685617215,737,0.4166666666666667,0.2,0.43333333333333335,0.3666666666666667,0.6000000000000001,0.003187704086303711,0.0013435840606689452
0.1,0.001,0.9,50,0.5166666666666667,0.10274023338281625,543,0.4166666666666667,0.55,0.43333333333333335,0.48333333333333334,0.7,0.0031424999237060548,0.0013401508331298828
0.1,0.00359381,0.1,5,0.4366666666666667,0.06531972647421809,703,0.5,0.4666666666666667,0.3666666666666667,0.35,0.5,0.003446817398071289,0.001341104507446289
0.1,0.00359381,0.1,10,0.45666666666666667,0.08730533902472531,653,0.5,0.2833333333333333,0.5166666666666667,0.48333333333333334,0.5,0.003474998474121094,0.0013378143310546875
0.1,0.00359381,0.1,20,0.4033333333333333,0.1284090685617215,737,0.4166666666666667,0.2,0.43333333333333335,0.3666666666666667,0.6000000000000001,0.003479290008544922,0.0013408184051513672
0.1,0.00359381,0.1,50,0.5166666666666667,0.10274023338281625,543,0.4166666666666667,0.55,0.43333333333333335,0.48333333333333334,0.7,0.0034676074981689455,0.0013477325439453125
0.1,0.00359381,0.3,5,0.4366666666666667,0.06531972647421809,703,0.5,0.4666666666666667,0.3666666666666667,0.35,0.5,0.003114652633666992,0.001332569122314453
0.1,0.00359381,0.3,10,0.45666666666666667,0.08730533902472531,653,0.5,0.2833333333333333,0.5166666666666667,0.48333333333333334,0.5,0.003210115432739258,0.0013613700866699219
0.1,0.00359381,0.3,20,0.4033333333333333,0.1284090685617215,737,0.4166666666666667,0.2,0.43333333333333335,0.3666666666666667,0.6000000000000001,0.0031522274017333984,0.001349163055419922
0.1,0.00359381,0.3,50,0.5166666666666667,0.10274023338281625,543,0.4166666666666667,0.55,0.43333333333333335,0.48333333333333334,0.7,0.0031225204467773436,0.0013438224792480468
0.1,0.00359381,0.5,5,0.4366666666666667,0.06531972647421809,703,0.5,0.4666666666666667,0.3666666666666667,0.35,0.5,0.003079652786254883,0.001345205307006836
0.1,0.00359381,0.5,10,0.45666666666666667,0.08730533902472531,653,0.5,0.2833333333333333,0.5166666666666667,0.48333333333333334,0.5,0.0031612873077392577,0.0013272762298583984
0.1,0.00359381,0.5,20,0.4033333333333333,0.1284090685617215,737,0.4166666666666667,0.2,0.43333333333333335,0.3666666666666667,0.6000000000000001,0.0031656265258789063,0.0013403892517089844
0.1,0.00359381,0.5,50,0.5166666666666667,0.10274023338281625,543,0.4166666666666667,0.55,0.43333333333333335,0.48333333333333334,0.7,0.0031178474426269533,0.0013491153717041016
0.1,0.00359381,0.7,5,0.4366666666666667,0.06531972647421809,703,0.5,0.4666666666666667,0.3666666666666667,0.35,0.5,0.0031140804290771484,0.0013351917266845703
0.1,0.00359381,0.7,10,0.45666666666666667,0.08730533902472531,653,0.5,0.2833333333333333,0.5166666666666667,0.48333333333333334,0.5,0.0031420230865478516,0.0013355255126953126
0.1,0.00359381,0.7,20,0.4033333333333333,0.1284090685617215,737,0.4166666666666667,0.2,0.43333333333333335,0.3666666666666667,0.6000000000000001,0.0031541824340820313,0.0013509750366210937
0.1,0.00359381,0.7,50,0.5166666666666667,0.10274023338281625,543,0.4166666666666667,0.55,0.43333333333333335,0.48333333333333334,0.7,0.003114795684814453,0.001363372802734375
0.1,0.00359381,0.9,5,0.4366666666666667,0.06531972647421809,703,0.5,0.4666666666666667,0.3666666666666667,0.35,0.5,0.0030936241149902345,0.0013473987579345702
0.1,0.00359381,0.9,10,0.45666666666666667,0.08730533902472531,653,0.5,0.2833333333333333,0.5166666666666667,0.48333333333333334,0.5,0.0031264305114746095,0.0013475894927978515
0.1,0.00359381,0.9,20,0.4033333333333333,0.1284090685617215,737,0.4166666666666667,0.2,0.43333333333333335,0.3666666666666667,0.6000000000000001,0.0031252384185791017,0.001398324966430664
0.1,0.00359381,0.9,50,0.5166666666666667,0.10274023338281625,543,0.4166666666666667,0.55,0.43333333333333335,0.48333333333333334,0.7,0.003114604949951172,0.001336050033569336
0.1,0.0129155,0.1,5,0.5700000000000001,0.14734690736866898,340,0.7333333333333334,0.6166666666666667,0.35,0.45,0.7,0.011128807067871093,0.0013473033905029297
0.1,0.0129155,0.1,10,0.5133333333333333,0.1396026106091462,567,0.6333333333333333,0.6166666666666667,0.26666666666666666,0.45,0.6000000000000001,0.011263418197631835,0.0013462066650390624
0.1,0.0129155,0.1,20,0.5866666666666667,0.12754084313139324,275,0.8166666666666667,0.6166666666666667,0.45,0.55,0.5,0.011285972595214844,0.001347827911376953
0.1,0.0129155,0.1,50,0.5900000000000001,0.08856886837057613,261,0.65,0.6166666666666667,0.5333333333333333,0.45,0.7,0.011276674270629884,0.0013588905334472657
0.1,0.0129155,0.3,5,0.4366666666666667,0.06531972647421809,703,0.5,0.4666666666666667,0.3666666666666667,0.35,0.5,0.0036285877227783202,0.0013851165771484376
0.1,0.0129155,0.3,10,0.45666666666666667,0.08730533902472531,653,0.5,0.2833333333333333,0.5166666666666667,0.48333333333333334,0.5,0.0036434650421142576,0.0013439655303955078
0.1,0.0129155,0.3,20,0.4033333333333333,0.1284090685617215,737,0.4166666666666667,0.2,0.43333333333333335,0.3666666666666667,0.6000000000000001,0.0036184310913085936,0.0013418197631835938
0.1,0.0129155,0.3,50,0.5166666666666667,0.10274023338281625,543,0.4166666666666667,0.55,0.43333333333333335,0.48333333333333334,0.7,0.0037084579467773437,0.0013527393341064454
0.1,0.0129155,0.5,5,0.4366666666666667,0.06531972647421809,703,0.5,0.4666666666666667,0.3666666666666667,0.35,0.5,0.0032686710357666014,0.0013415813446044922
0.1,0.0129155,0.5,10,0.45666666666666667,0.08730533902472531,653,0.5,0.2833333333333333,0.5166666666666667,0.48333333333333334,0.5,0.0033272743225097657,0.0013332843780517578
0.1,0.0129155,0.5,20,0.4033333333333333,0.1284090685617215,737,0.4166666666666667,0.2,0.43333333333333335,0.3666666666666667,0.6000000000000001,0.0032760143280029298,0.0013472557067871094
0.1,0.0129155,0.5,50,0.5166666666666667,0.10274023338281625,543,0.4166666666666667,0.55,0.43333333333333335,0.48333333333333334,0.7,0.0033601760864257813,0.0013451099395751954
0.1,0.0129155,0.7,5,0.4366666666666667,0.06531972647421809,703,0.5,0.4666666666666667,0.3666666666666667,0.35,0.5,0.003099870681762695,0.0013383865356445313
0.1,0.0129155,0.7,10,0.45666666666666667,0.08730533902472531,653,0.5,0.2833333333333333,0.5166666666666667,0.48333333333333334,0.5,0.0146636962890625,0.0013625144958496094
0.1,0.0129155,0.7,20,0.4033333333333333,0.1284090685617215,737,0.4166666666666667,0.2,0.43333333333333335,0.3666666666666667,0.6000000000000001,0.0037251949310302735,0.0016364097595214845
0.1,0.0129155,0.7,50,0.5166666666666667,0.10274023338281625,543,0.4166666666666667,0.55,0.43333333333333335,0.48333333333333334,0.7,0.003278684616088867,0.0013539314270019532
0.1,0.0129155,0.9,5,0.4366666666666667,0.06531972647421809,703,0.5,0.4666666666666667,0.3666666666666667,0.35,0.5,0.0030891895294189453,0.0013402462005615234
0.1,0.0129155,0.9,10,0.45666666666666667,0.08730533902472531,653,0.5,0.2833333333333333,0.5166666666666667,0.48333333333333334,0.5,0.0031728267669677733,0.0013380050659179688
0.1,0.0129155,0.9,20,0.4033333333333333,0.1284090685617215,737,0.4166666666666667,0.2,0.43333333333333335,0.3666666666666667,0.6000000000000001,0.0031444549560546873,0.0013337135314941406
0.1,0.0129155,0.9,50,0.5166666666666667,0.10274023338281625,543,0.4166666666666667,0.55,0.43333333333333335,0.48333333333333334,0.7,0.003112506866455078,0.0013292312622070312
0.1,0.0464159,0.1,5,0.5133333333333334,0.13391539617733778,561,0.6333333333333333,0.6333333333333333,0.35,0.35,0.6000000000000001,0.021437597274780274,0.001352071762084961
0.1,0.0464159,0.1,10,0.5666666666666667,0.050552502960343665,377,0.6333333333333333,0.6166666666666667,0.5333333333333333,0.55,0.5,0.0215054988861084,0.001345062255859375
0.1,0.0464159,0.1,20,0.5666666666666667,0.10327955589886445,377,0.7166666666666667,0.6166666666666667,0.45,0.45,0.6,0.021486520767211914,0.0013491153717041016
0.1,0.0464159,0.1,50,0.5900000000000001,0.11766241729815193,261,0.6333333333333333,0.7166666666666667,0.45,0.45,0.7,0.021482372283935548,0.001348876953125
0.1,0.0464159,0.3,5,0.55,0.1676636845327906,432,0.7333333333333334,0.6166666666666667,0.35,0.35,0.7,0.020896148681640626,0.0013326168060302734
0.1,0.0464159,0.3,10,0.49333333333333335,0.09043106644167026,590,0.55,0.6166666666666667,0.35,0.45,0.5,0.020861196517944335,0.001333141326904297
0.1,0.0464159,0.3,20,0.5333333333333334,0.05055250296034368,499,0.4666666666666667,0.6166666666666667,0.5333333333333333,0.55,0.5,0.020958757400512694,0.0013448238372802735
0.1,0.0464159,0.3,50,0.5700000000000001,0.08393118874676113,340,0.55,0.6166666666666667,0.5333333333333333,0.45,0.7,0.020957517623901366,0.0013445377349853515
0.1,0.0464159,0.5,5,0.47000000000000003,0.06359594676112972,618,0.5,0.4666666666666667,0.5333333333333333,0.35,0.5,0.0073089599609375,0.0013353824615478516
0.1,0.0464159,0.5,10,0.48,0.11224972160321824,615,0.5,0.2833333333333333,0.6333333333333333,0.48333333333333334,0.5,0.007255744934082031,0.0013379573822021485
0.1,0.0464159,0.5,20,0.44333333333333336,0.1590248058916875,701,0.4166666666666667,0.2,0.6333333333333333,0.3666666666666667,0.6000000000000001,0.007292032241821289,0.001336669921875
0.1,0.0464159,0.5,50,0.5166666666666667,0.10274023338281625,543,0.4166666666666667,0.55,0.43333333333333335,0.48333333333333334,0.7,0.007294702529907227,0.0013417720794677735
0.1,0.0464159,0.7,5,0.4366666666666667,0.06531972647421809,703,0.5,0.4666666666666667,0.3666666666666667,0.35,0.5,0.0037935733795166015,0.0013336658477783204
0.1,0.0464159,0.7,10,0.45666666666666667,0.08730533902472531,653,0.5,0.2833333333333333,0.5166666666666667,0.48333333333333334,0.5,0.003860282897949219,0.0013554096221923828
0.1,0.0464159,0.7,20,0.4033333333333333,0.1284090685617215,737,0.4166666666666667,0.2,0.43333333333333335,0.3666666666666667,0.6000000000000001,0.0038109302520751955,0.0013235092163085937
0.1,0.0464159,0.7,50,0.5166666666666667,0.10274023338281625,543,0.4166666666666667,0.55,0.43333333333333335,0.48333333333333334,0.7,0.0038081645965576173,0.0013422012329101563
0.1,0.0464159,0.9,5,0.4366666666666667,0.06531972647421809,703,0.5,0.4666666666666667,0.3666666666666667,0.35,0.5,0.0036993026733398438,0.0013260841369628906
0.1,0.0464159,0.9,10,0.45666666666666667,0.08730533902472531,653,0.5,0.2833333333333333,0.5166666666666667,0.48333333333333334,0.5,0.003605079650878906,0.0013369083404541015
0.1,0.0464159,0.9,20,0.4033333333333333,0.1284090685617215,737,0.4166666666666667,0.2,0.43333333333333335,0.3666666666666667,0.6000000000000001,0.003627634048461914,0.0013374805450439454
0.1,0.0464159,0.9,50,0.5166666666666667,0.10274023338281625,543,0.4166666666666667,0.55,0.43333333333333335,0.48333333333333334,0.7,0.0036650180816650392,0.0013416767120361327
0.1,0.16681,0.1,5,0.6066666666666667,0.13274871834493251,183,0.5333333333333333,0.8166666666666667,0.5333333333333333,0.45,0.7,0.051024341583251955,0.0013446331024169922
0.1,0.16681,0.1,10,0.5700000000000001,0.1664665465224503,340,0.65,0.8166666666666667,0.3333333333333333,0.45,0.6,0.05095648765563965,0.0013493537902832032
0.1,0.16681,0.1,20,0.5599999999999999,0.14476033833738977,413,0.7166666666666667,0.7166666666666667,0.3333333333333333,0.5333333333333333,0.5,0.05103259086608887,0.001359272003173828
0.1,0.16681,0.1,50,0.6266666666666667,0.10832051206181278,108,0.7166666666666667,0.7166666666666667,0.55,0.45,0.7,0.05113320350646973,0.0013731956481933595
0.1,0.16681,0.3,5,0.55,0.10645812948447542,432,0.6333333333333333,0.6333333333333333,0.5333333333333333,0.35,0.6000000000000001,0.058022069931030276,0.0013478755950927734
0.1,0.16681,0.3,10,0.6100000000000001,0.10572501018102472,173,0.7333333333333334,0.7166666666666667,0.45,0.55,0.6,0.05811839103698731,0.0013430595397949218
0.1,0.16681,0.3,20,0.6233333333333334,0.10088497300281037,121,0.6333333333333333,0.7166666666666667,0.43333333333333335,0.6333333333333333,0.7,0.05812282562255859,0.0014173030853271485
0.1,0.16681,0.3,50,0.5733333333333333,0.11623730516108462,337,0.55,0.7166666666666667,0.45,0.45,0.7,0.05842533111572266,0.0014964580535888673
0.1,0.16681,0.5,5,0.5333333333333333,0.1140175425099138,521,0.6333333333333333,0.6333333333333333,0.45,0.35,0.6000000000000001,0.05886650085449219,0.0015370368957519532
0.1,0.16681,0.5,10,0.5833333333333333,0.07601169500660919,318,0.6333333333333333,0.6166666666666667,0.43333333333333335,0.6333333333333333,0.6,0.058785867691040036,0.0014961719512939452
0.1,0.16681,0.5,20,0.6066666666666667,0.08339997335464534,183,0.6333333333333333,0.6166666666666667,0.45,0.6333333333333333,0.7,0.05979633331298828,0.0015282630920410156
0.1,0.16681,0.5,50,0.5700000000000001,0.08781293248212992,340,0.55,0.6166666666666667,0.43333333333333335,0.55,0.7,0.05878357887268067,0.0014947891235351563
0.1,0.16681,0.7,5,0.55,0.1345775282545757,432,0.7333333333333334,0.6166666666666667,0.45,0.35,0.6000000000000001,0.06048541069030762,0.0014980792999267577
0.1,0.16681,0.7,10,0.6033333333333333,0.03711842908553348,226,0.6333333333333333,0.6166666666666667,0.5333333333333333,0.6333333333333333,0.6,0.060333776473999026,0.0014678001403808593
0.1,0.16681,0.7,20,0.5533333333333333,0.1102522360569415,421,0.3666666666666667,0.6166666666666667,0.5333333333333333,0.55,0.7,0.06025686264038086,0.0014745712280273438
0.1,0.16681,0.7,50,0.5700000000000001,0.08393118874676113,340,0.55,0.6166666666666667,0.5333333333333333,0.45,0.7,0.06040115356445312,0.0014774799346923828
0.1,0.16681,0.9,5,0.55,0.19944367068868787,432,0.7333333333333334,0.7,0.26666666666666666,0.35,0.7,0.043997335433959964,0.0014273166656494141
0.1,0.16681,0.9,10,0.55,0.058689389538863365,432,0.55,0.6166666666666667,0.5333333333333333,0.45,0.6,0.04378013610839844,0.001442718505859375
0.1,0.16681,0.9,20,0.4933333333333333,0.12762793146051096,593,0.26666666666666666,0.6166666666666667,0.5333333333333333,0.45,0.6,0.04390063285827637,0.0014992237091064453
0.1,0.16681,0.9,50,0.5700000000000001,0.08393118874676113,340,0.55,0.6166666666666667,0.5333333333333333,0.45,0.7,0.044011926651000975,0.0014912605285644532
0.1,0.599484,0.1,5,0.6599999999999999,0.11085526098877262,40,0.5333333333333333,0.8166666666666667,0.7166666666666667,0.5333333333333333,0.7,0.1179652214050293,0.0015277862548828125
0.1,0.599484,0.1,10,0.6466666666666667,0.1889738371074449,57,0.65,1.0,0.5333333333333333,0.45,0.6,0.11963167190551757,0.001536989212036133
0.1,0.599484,0.1,20,0.5599999999999999,0.14476033833738977,413,0.7166666666666667,0.7166666666666667,0.3333333333333333,0.5333333333333333,0.5,0.12333259582519532,0.001609039306640625
0.1,0.599484,0.1,50,0.5866666666666667,0.116619037896906,275,0.7166666666666667,0.6166666666666667,0.45,0.45,0.7,0.12287716865539551,0.0016098499298095703
0.1,0.599484,0.3,5,0.5900000000000001,0.12319812408384219,261,0.55,0.8166666666666667,0.5333333333333333,0.45,0.6000000000000001,0.14854516983032226,0.001598358154296875
0.1,0.599484,0.3,10,0.5933333333333334,0.09345230512584123,258,0.65,0.6333333333333333,0.43333333333333335,0.55,0.7,0.14828596115112305,0.0016096115112304687
0.1,0.599484,0.3,20,0.6199999999999999,0.18660713336371207,164,0.8166666666666667,0.8166666666666667,0.3333333333333333,0.6333333333333333,0.5,0.14868535995483398,0.0016179084777832031
0.1,0.599484,0.3,50,0.6433333333333333,0.12587471725666138,65,0.7166666666666667,0.8,0.55,0.45,0.7,0.14870123863220214,0.001613473892211914
0.1,0.599484,0.5,5,0.6266666666666666,0.11382247385975915,117,0.55,0.8166666666666667,0.5333333333333333,0.5333333333333333,0.7,0.1720367431640625,0.0016166210174560548
0.1,0.599484,0.5,10,0.5700000000000001,0.08781293248212992,340,0.55,0.6166666666666667,0.43333333333333335,0.55,0.7,0.17227435111999512,0.0016068458557128907
0.1,0.599484,0.5,20,0.64,0.12,84,0.6333333333333333,0.8,0.43333333333333335,0.6333333333333333,0.7,0.17211542129516602,0.0016282081604003906
0.1,0.599484,0.5,50,0.5866666666666667,0.08653836657164779,275,0.6333333333333333,0.6166666666666667,0.5333333333333333,0.45,0.7,0.17207832336425782,0.001630687713623047
0.1,0.599484,0.7,5,0.5833333333333333,0.13165611772087665,318,0.6333333333333333,0.7,0.35,0.5333333333333333,0.7,0.19303455352783203,0.0016064167022705079
0.1,0.599484,0.7,10,0.6066666666666667,0.10780641085864154,183,0.7333333333333334,0.6166666666666667,0.43333333333333335,0.55,0.7,0.19268007278442384,0.0016214370727539063
0.1,0.599484,0.7,20,0.6233333333333334,0.12274635093014646,121,0.5333333333333333,0.8,0.45,0.6333333333333333,0.7,0.19273982048034669,0.001611948013305664
0.1,0.599484,0.7,50,0.6066666666666667,0.06018490028422594,183,0.6333333333333333,0.6166666666666667,0.5333333333333333,0.55,0.7,0.19292654991149902,0.0016204357147216798
0.1,0.599484,0.9,5,0.5266666666666667,0.21071307505705478,532,0.8166666666666667,0.5166666666666667,0.25,0.35,0.7,0.1956733226776123,0.0015952110290527344
0.1,0.599484,0.9,10,0.6033333333333333,0.10974718422102886,226,0.7333333333333334,0.6166666666666667,0.43333333333333335,0.5333333333333333,0.7,0.19611663818359376,0.0016065597534179687
0.1,0.599484,0.9,20,0.6033333333333333,0.06863753427324668,226,0.5333333333333333,0.7166666666666667,0.5333333333333333,0.6333333333333333,0.6000000000000001,0.1959904670715332,0.0016217231750488281
0.1,0.599484,0.9,50,0.5866666666666667,0.0832666399786453,275,0.55,0.6166666666666667,0.6166666666666667,0.45,0.7,0.19572877883911133,0.0016160011291503906
0.1,2.15443,0.1,5,0.6766666666666665,0.16110727964792765,24,0.8,0.8166666666666667,0.43333333333333335,0.5333333333333333,0.8,0.2403334140777588,0.0016158580780029296
0.1,2.15443,0.1,10,0.6033333333333333,0.10132456102380444,226,0.55,0.8,0.5333333333333333,0.5333333333333333,0.6,0.24064278602600098,0.0015990257263183594
0.1,2.15443,0.1,20,0.62,0.09797958971132714,150,0.6333333333333333,0.8,0.5333333333333333,0.5333333333333333,0.6,0.24034409523010253,0.0016126155853271485
0.1,2.15443,0.1,50,0.6433333333333333,0.12587471725666138,65,0.7166666666666667,0.8,0.55,0.45,0.7,0.24060277938842772,0.0016027927398681641
0.1,2.15443,0.3,5,0.61,0.16485684025170985,176,0.5333333333333333,0.8166666666666667,0.45,0.45,0.8,0.3029168128967285,0.0015917301177978515
0.1,2.15443,0.3,10,0.55,0.10381607668264958,432,0.55,0.7166666666666667,0.43333333333333335,0.45,0.6000000000000001,0.30355405807495117,0.0017290592193603515
0.1,2.15443,0.3,20,0.58,0.1275408431313933,328,0.6333333333333333,0.8,0.43333333333333335,0.5333333333333333,0.5,0.302263069152832,0.0016117095947265625
0.1,2.15443,0.3,50,0.6033333333333333,0.138001610296563,226,0.6166666666666667,0.8,0.45,0.45,0.7,0.3034523963928223,0.0016291141510009766
0.1,2.15443,0.5,5,0.5733333333333334,0.13482498944104457,335,0.55,0.8166666666666667,0.45,0.45,0.6000000000000001,0.345491361618042,0.0016035079956054688
0.1,2.15443,0.5,10,0.55,0.10381607668264958,432,0.55,0.7166666666666667,0.43333333333333335,0.45,0.6000000000000001,0.3449399471282959,0.001611185073852539
0.1,2.15443,0.5,20,0.6366666666666666,0.16478942792411033,97,0.7166666666666667,0.9,0.43333333333333335,0.6333333333333333,0.5,0.34564409255981443,0.0016090869903564453
0.1,2.15443,0.5,50,0.5900000000000001,0.11766241729815193,261,0.6333333333333333,0.7166666666666667,0.45,0.45,0.7,0.34522409439086915,0.0016022205352783203
0.1,2.15443,0.7,5,0.5666666666666667,0.12952906151816965,377,0.55,0.7,0.35,0.5333333333333333,0.7,0.42030606269836424,0.0016127586364746093
0.1,2.15443,0.7,10,0.5866666666666667,0.1199073716573663,275,0.65,0.7,0.43333333333333335,0.45,0.7,0.4208341598510742,0.001592540740966797
0.1,2.15443,0.7,20,0.6533333333333333,0.1465908895153068,55,0.7166666666666667,0.9,0.5166666666666667,0.6333333333333333,0.5,0.41960129737854,0.0015757083892822266
0.1,2.15443,0.7,50,0.55,0.058689389538863365,432,0.5333333333333333,0.6166666666666667,0.55,0.45,0.6,0.4068592548370361,0.0015301227569580079
0.1,2.15443,0.9,5,0.5666666666666667,0.12952906151816965,377,0.55,0.7,0.35,0.5333333333333333,0.7,0.4150691032409668,0.001532125473022461
0.1,2.15443,0.9,10,0.5433333333333333,0.06110100926607787,473,0.55,0.6,0.43333333333333335,0.5333333333333333,0.6000000000000001,0.4178295135498047,0.0015320777893066406
0.1,2.15443,0.9,20,0.6566666666666666,0.0764489662745314,45,0.7166666666666667,0.7166666666666667,0.5166666666666667,0.6333333333333333,0.7,0.4292453765869141,0.0016121387481689454
0.1,2.15443,0.9,50,0.6033333333333333,0.08259674462242576,226,0.6333333333333333,0.6166666666666667,0.6166666666666667,0.45,0.7,0.42961668968200684,0.0016124725341796875
0.1,7.74264,0.1,5,0.6933333333333334,0.1046687897873839,9,0.8,0.7166666666666667,0.6166666666666667,0.5333333333333333,0.8,0.3059016227722168,0.0016087055206298827
0.1,7.74264,0.1,10,0.6233333333333333,0.0866666666666667,134,0.7333333333333334,0.7166666666666667,0.5333333333333333,0.5333333333333333,0.6,0.3057048797607422,0.0016081809997558593
0.1,7.74264,0.1,20,0.6566666666666666,0.10624918300339486,45,0.7166666666666667,0.8,0.5333333333333333,0.5333333333333333,0.7,0.30584492683410647,0.0016100883483886718
0.1,7.74264,0.1,50,0.6066666666666667,0.12806248474865697,183,0.7166666666666667,0.7166666666666667,0.45,0.45,0.7,0.3055114269256592,0.001600503921508789
0.1,7.74264,0.3,5,0.7166666666666666,0.11352924243950936,1,0.8,0.8166666666666667,0.6333333333333333,0.5333333333333333,0.8,0.4832154750823975,0.001602029800415039
0.1,7.74264,0.3,10,0.5866666666666667,0.06944222218666553,275,0.55,0.7166666666666667,0.5333333333333333,0.5333333333333333,0.6,0.4848461627960205,0.0016158103942871093
0.1,7.74264,0.3,20,0.5233333333333333,0.15405626677721793,539,0.45,0.8,0.3333333333333333,0.5333333333333333,0.5,0.48398356437683104,0.0016196250915527343
0.1,7.74264,0.3,50,0.57,0.08393118874676113,363,0.5333333333333333,0.6166666666666667,0.55,0.45,0.7,0.4838493824005127,0.0016102313995361329
0.1,7.74264,0.5,5,0.6633333333333333,0.12400716825158851,35,0.5333333333333333,0.8166666666666667,0.6333333333333333,0.5333333333333333,0.8,0.5363547801971436,0.0016110897064208984
0.1,7.74264,0.5,10,0.5666666666666667,0.09249624617007739,377,0.55,0.7166666666666667,0.43333333333333335,0.5333333333333333,0.6,0.5357582569122314,0.0016817569732666016
0.1,7.74264,0.5,20,0.5800000000000001,0.12534397117975446,327,0.6333333333333333,0.8,0.5166666666666667,0.45,0.5,0.5359903812408447,0.0016148090362548828
0.1,7.74264,0.5,50,0.6033333333333333,0.09510228411791401,226,0.6166666666666667,0.7,0.55,0.45,0.7,0.5372229099273682,0.0016115665435791015
0.1,7.74264,0.7,5,0.6466666666666667,0.14429907214608909,57,0.5333333333333333,0.8166666666666667,0.6333333333333333,0.45,0.8,0.6325582504272461,0.0016103744506835937
0.1,7.74264,0.7,10,0.55,0.10381607668264958,432,0.55,0.7166666666666667,0.43333333333333335,0.45,0.6,0.6334751605987549,0.0017389774322509766
0.1,7.74264,0.7,20,0.5966666666666667,0.13638181696985857,248,0.7166666666666667,0.8,0.5166666666666667,0.45,0.5,0.6316526889801025,0.0016120433807373046
0.1,7.74264,0.7,50,0.57,0.11709445380166862,363,0.5333333333333333,0.7166666666666667,0.45,0.45,0.7,0.6123326778411865,0.0015635013580322266
0.1,7.74264,0.9,5,0.6300000000000001,0.12534397117975443,105,0.55,0.8166666666666667,0.6333333333333333,0.45,0.7,0.6415030479431152,0.0015846729278564454
0.1,7.74264,0.9,10,0.5466666666666666,0.0985449699939632,466,0.55,0.7,0.43333333333333335,0.45,0.6,0.6530235767364502,0.0016205787658691406
0.1,7.74264,0.9,20,0.5966666666666667,0.13638181696985857,248,0.7166666666666667,0.8,0.5166666666666667,0.45,0.5,0.6540056705474854,0.0016828060150146484
0.1,7.74264,0.9,50,0.5666666666666667,0.11303883305208777,377,0.5333333333333333,0.7,0.45,0.45,0.7,0.6524959564208984,0.0016138553619384766
0.1,27.8256,0.1,5,0.6333333333333333,0.11205157542647742,100,0.8,0.7166666666666667,0.6166666666666667,0.5333333333333333,0.5,0.30866436958312987,0.001603984832763672
0.1,27.8256,0.1,10,0.64,0.07498147919467997,84,0.7333333333333334,0.7166666666666667,0.6166666666666667,0.5333333333333333,0.6,0.3081620693206787,0.001618194580078125
0.1,27.8256,0.1,20,0.62,0.09510228411791405,150,0.55,0.8,0.6166666666666667,0.5333333333333333,0.6,0.30822954177856443,0.001610136032104492
0.1,27.8256,0.1,50,0.6433333333333333,0.12587471725666138,65,0.7166666666666667,0.8,0.55,0.45,0.7,0.30863566398620607,0.001610565185546875
0.1,27.8256,0.3,5,0.6933333333333334,0.1046687897873839,9,0.8,0.7166666666666667,0.6166666666666667,0.5333333333333333,0.8,0.44225621223449707,0.0016236305236816406
0.1,27.8256,0.3,10,0.6233333333333333,0.0866666666666667,134,0.7333333333333334,0.7166666666666667,0.5333333333333333,0.5333333333333333,0.6,0.44195079803466797,0.0015984058380126953
0.1,27.8256,0.3,20,0.64,0.10198039027185571,84,0.6333333333333333,0.8,0.5333333333333333,0.5333333333333333,0.7,0.44081892967224123,0.0016186237335205078
0.1,27.8256,0.3,50,0.5866666666666667,0.08717797887081347,275,0.6166666666666667,0.7166666666666667,0.55,0.45,0.6,0.4423581600189209,0.0016180515289306641
0.1,27.8256,0.5,5,0.6566666666666666,0.13190905958272922,45,0.8,0.6166666666666667,0.6166666666666667,0.45,0.8,0.5714586257934571,0.001610136032104492
0.1,27.8256,0.5,10,0.5866666666666667,0.06944222218666553,275,0.55,0.7166666666666667,0.5333333333333333,0.5333333333333333,0.6,0.5716752529144287,0.001629781723022461
0.1,27.8256,0.5,20,0.5633333333333332,0.0832666399786453,405,0.45,0.7,0.5333333333333333,0.5333333333333333,0.6,0.5731783866882324,0.0016054630279541016
0.1,27.8256,0.5,50,0.6066666666666667,0.1147945023848171,183,0.6333333333333333,0.8,0.55,0.45,0.6,0.5719818592071533,0.0016241073608398438
0.1,27.8256,0.7,5,0.6766666666666665,0.16110727964792765,24,0.8,0.8166666666666667,0.43333333333333335,0.5333333333333333,0.8,0.6808258533477783,0.0015416622161865234
0.1,27.8256,0.7,10,0.5866666666666667,0.06944222218666553,275,0.55,0.7166666666666667,0.5333333333333333,0.5333333333333333,0.6,0.6813175201416015,0.0015605926513671876
0.1,27.8256,0.7,20,0.5233333333333333,0.15405626677721793,539,0.45,0.8,0.3333333333333333,0.5333333333333333,0.5,0.6970306873321533,0.0016008377075195312
0.1,27.8256,0.7,50,0.5866666666666667,0.0985449699939632,275,0.5333333333333333,0.7,0.55,0.45,0.7,0.6974104404449463,0.0017311573028564453
0.1,27.8256,0.9,5,0.68,0.12445436468396313,17,0.5333333333333333,0.8166666666666667,0.7166666666666667,0.5333333333333333,0.8,0.7768879890441894,0.0016222000122070312
0.1,27.8256,0.9,10,0.6033333333333333,0.10132456102380444,226,0.55,0.8,0.5333333333333333,0.5333333333333333,0.6,0.7780636787414551,0.001606893539428711
0.1,27.8256,0.9,20,0.5433333333333333,0.14966629547095767,473,0.55,0.8,0.3333333333333333,0.5333333333333333,0.5,0.7783750057220459,0.0016246318817138671
0.1,27.8256,0.9,50,0.5666666666666667,0.08232726023485645,377,0.5333333333333333,0.7,0.55,0.45,0.6,0.7764706611633301,0.0016280174255371093
0.1,100.0,0.1,5,0.5966666666666667,0.07557189365836424,248,0.6166666666666667,0.7166666666666667,0.6166666666666667,0.5333333333333333,0.5,0.3653078079223633,0.0016087055206298827
0.1,100.0,0.1,10,0.64,0.07498147919467996,84,0.7333333333333334,0.7166666666666667,0.6166666666666667,0.5333333333333333,0.6000000000000001,0.36621661186218263,0.001611948013305664
0.1,100.0,0.1,20,0.6233333333333334,0.1231981240838422,121,0.55,0.8,0.7166666666666667,0.45,0.6,0.36603569984436035,0.0016202449798583985
0.1,100.0,0.1,50,0.6066666666666667,0.09865765724632494,183,0.6166666666666667,0.7166666666666667,0.55,0.45,0.7,0.3665411949157715,0.0016284465789794921
0.1,100.0,0.3,5,0.5966666666666667,0.07557189365836424,248,0.6166666666666667,0.7166666666666667,0.6166666666666667,0.5333333333333333,0.5,0.37239532470703124,0.0015995025634765625
0.1,100.0,0.3,10,0.64,0.07498147919467996,84,0.7333333333333334,0.7166666666666667,0.6166666666666667,0.5333333333333333,0.6000000000000001,0.37265973091125487,0.0015947341918945313
0.1,100.0,0.3,20,0.62,0.09510228411791405,150,0.55,0.8,0.6166666666666667,0.5333333333333333,0.6,0.3649577617645264,0.0015610218048095702
0.1,100.0,0.3,50,0.6066666666666667,0.09865765724632494,183,0.6166666666666667,0.7166666666666667,0.55,0.45,0.7,0.35849690437316895,0.0014637947082519532
0.1,100.0,0.5,5,0.6333333333333333,0.11205157542647742,100,0.8,0.7166666666666667,0.6166666666666667,0.5333333333333333,0.5,0.37944893836975097,0.0015327930450439453
0.1,100.0,0.5,10,0.6066666666666667,0.10780641085864154,183,0.7333333333333334,0.7166666666666667,0.45,0.5333333333333333,0.6,0.378954553604126,0.001602506637573242
0.1,100.0,0.5,20,0.62,0.09510228411791405,150,0.55,0.8,0.6166666666666667,0.5333333333333333,0.6,0.3853865146636963,0.0015776634216308593
0.1,100.0,0.5,50,0.6233333333333333,0.1231981240838422,134,0.7166666666666667,0.8,0.55,0.45,0.6,0.3922565937042236,0.0015984058380126953
0.1,100.0,0.7,5,0.6933333333333334,0.1046687897873839,9,0.8,0.7166666666666667,0.6166666666666667,0.5333333333333333,0.8,0.4470387935638428,0.0016113758087158204
0.1,100.0,0.7,10,0.6066666666666667,0.10780641085864154,183,0.7333333333333334,0.7166666666666667,0.45,0.5333333333333333,0.6,0.4447630882263184,0.0016112327575683594
0.1,100.0,0.7,20,0.62,0.09510228411791405,150,0.55,0.8,0.6166666666666667,0.5333333333333333,0.6,0.44345979690551757,0.001627635955810547
0.1,100.0,0.7,50,0.6066666666666667,0.1019803902718557,183,0.7166666666666667,0.7166666666666667,0.55,0.45,0.6,0.4458928108215332,0.0016283988952636719
0.1,100.0,0.9,5,0.71,0.08205689083394115,4,0.8,0.7166666666666667,0.6166666666666667,0.6166666666666667,0.8,0.5117702484130859,0.0016997814178466796
0.1,100.0,0.9,10,0.6233333333333333,0.0866666666666667,134,0.7333333333333334,0.7166666666666667,0.5333333333333333,0.5333333333333333,0.6,0.5112068176269531,0.0016072750091552734
0.1,100.0,0.9,20,0.6566666666666666,0.08919392106839769,45,0.6333333333333333,0.8,0.6166666666666667,0.5333333333333333,0.7,0.5097544193267822,0.0016570091247558594
0.1,100.0,0.9,50,0.6066666666666667,0.1019803902718557,183,0.7166666666666667,0.7166666666666667,0.55,0.45,0.6,0.5087382316589355,0.0016074180603027344
0.2,0.001,0.1,5,0.45999999999999996,0.08069145624606805,637,0.5,0.5666666666666667,0.3833333333333333,0.35,0.5,0.003389739990234375,0.0014105796813964843
0.2,0.001,0.1,10,0.44666666666666666,0.08259674462242578,685,0.5,0.4666666666666667,0.2833333333333333,0.48333333333333334,0.5,0.0033618927001953123,0.001412343978881836
0.2,0.001,0.1,20,0.42000000000000004,0.10187137859957421,720,0.4166666666666667,0.3,0.43333333333333335,0.35,0.6000000000000001,0.0033521652221679688,0.001420879364013672
0.2,0.001,0.1,50,0.5366666666666667,0.1161416759345623,480,0.4166666666666667,0.65,0.43333333333333335,0.48333333333333334,0.7,0.0032886505126953126,0.0014054298400878907
0.2,0.001,0.3,5,0.45999999999999996,0.08069145624606805,637,0.5,0.5666666666666667,0.3833333333333333,0.35,0.5,0.0032435894012451173,0.00139617919921875
0.2,0.001,0.3,10,0.44666666666666666,0.08259674462242578,685,0.5,0.4666666666666667,0.2833333333333333,0.48333333333333334,0.5,0.0032905101776123046,0.0014893054962158204
0.2,0.001,0.3,20,0.42000000000000004,0.10187137859957421,720,0.4166666666666667,0.3,0.43333333333333335,0.35,0.6000000000000001,0.003299570083618164,0.0013825416564941407
0.2,0.001,0.3,50,0.5366666666666667,0.1161416759345623,480,0.4166666666666667,0.65,0.43333333333333335,0.48333333333333334,0.7,0.0032915592193603514,0.0014032363891601563
0.2,0.001,0.5,5,0.45999999999999996,0.08069145624606805,637,0.5,0.5666666666666667,0.3833333333333333,0.35,0.5,0.00328521728515625,0.0013887882232666016
0.2,0.001,0.5,10,0.44666666666666666,0.08259674462242578,685,0.5,0.4666666666666667,0.2833333333333333,0.48333333333333334,0.5,0.0033661365509033204,0.0014027118682861327
0.2,0.001,0.5,20,0.42000000000000004,0.10187137859957421,720,0.4166666666666667,0.3,0.43333333333333335,0.35,0.6000000000000001,0.0032873630523681642,0.001394176483154297
0.2,0.001,0.5,50,0.5366666666666667,0.1161416759345623,480,0.4166666666666667,0.65,0.43333333333333335,0.48333333333333334,0.7,0.0032442569732666015,0.0013980865478515625
0.2,0.001,0.7,5,0.45999999999999996,0.08069145624606805,637,0.5,0.5666666666666667,0.3833333333333333,0.35,0.5,0.0032464027404785155,0.00139617919921875
0.2,0.001,0.7,10,0.44666666666666666,0.08259674462242578,685,0.5,0.4666666666666667,0.2833333333333333,0.48333333333333334,0.5,0.003318929672241211,0.0013852596282958984
0.2,0.001,0.7,20,0.42000000000000004,0.10187137859957421,720,0.4166666666666667,0.3,0.43333333333333335,0.35,0.6000000000000001,0.003279447555541992,0.0013935565948486328
0.2,0.001,0.7,50,0.5366666666666667,0.1161416759345623,480,0.4166666666666667,0.65,0.43333333333333335,0.48333333333333334,0.7,0.003283119201660156,0.0013929367065429687
0.2,0.001,0.9,5,0.45999999999999996,0.08069145624606805,637,0.5,0.5666666666666667,0.3833333333333333,0.35,0.5,0.003267812728881836,0.0014248371124267578
0.2,0.001,0.9,10,0.44666666666666666,0.08259674462242578,685,0.5,0.4666666666666667,0.2833333333333333,0.48333333333333334,0.5,0.0033692359924316407,0.001412677764892578
0.2,0.001,0.9,20,0.42000000000000004,0.10187137859957421,720,0.4166666666666667,0.3,0.43333333333333335,0.35,0.6000000000000001,0.003317737579345703,0.001403951644897461
0.2,0.001,0.9,50,0.5366666666666667,0.1161416759345623,480,0.4166666666666667,0.65,0.43333333333333335,0.48333333333333334,0.7,0.0033139705657958983,0.0014008045196533202
0.2,0.00359381,0.1,5,0.45999999999999996,0.08069145624606805,637,0.5,0.5666666666666667,0.3833333333333333,0.35,0.5,0.003708171844482422,0.0014041900634765626
0.2,0.00359381,0.1,10,0.44666666666666666,0.08259674462242578,685,0.5,0.4666666666666667,0.2833333333333333,0.48333333333333334,0.5,0.003670930862426758,0.001390552520751953
0.2,0.00359381,0.1,20,0.42000000000000004,0.10187137859957421,720,0.4166666666666667,0.3,0.43333333333333335,0.35,0.6000000000000001,0.003667926788330078,0.0014130115509033204
0.2,0.00359381,0.1,50,0.5366666666666667,0.1161416759345623,480,0.4166666666666667,0.65,0.43333333333333335,0.48333333333333334,0.7,0.003661489486694336,0.001398181915283203
0.2,0.00359381,0.3,5,0.45999999999999996,0.08069145624606805,637,0.5,0.5666666666666667,0.3833333333333333,0.35,0.5,0.003353786468505859,0.0013973712921142578
0.2,0.00359381,0.3,10,0.44666666666666666,0.08259674462242578,685,0.5,0.4666666666666667,0.2833333333333333,0.48333333333333334,0.5,0.0032517433166503905,0.0014056682586669922
0.2,0.00359381,0.3,20,0.42000000000000004,0.10187137859957421,720,0.4166666666666667,0.3,0.43333333333333335,0.35,0.6000000000000001,0.0033233642578125,0.0014049530029296875
0.2,0.00359381,0.3,50,0.5366666666666667,0.1161416759345623,480,0.4166666666666667,0.65,0.43333333333333335,0.48333333333333334,0.7,0.0033059120178222656,0.0014044761657714844
0.2,0.00359381,0.5,5,0.45999999999999996,0.08069145624606805,637,0.5,0.5666666666666667,0.3833333333333333,0.35,0.5,0.0033719539642333984,0.0014159202575683594
0.2,0.00359381,0.5,10,0.44666666666666666,0.08259674462242578,685,0.5,0.4666666666666667,0.2833333333333333,0.48333333333333334,0.5,0.003299999237060547,0.0014102935791015625
0.2,0.00359381,0.5,20,0.42000000000000004,0.10187137859957421,720,0.4166666666666667,0.3,0.43333333333333335,0.35,0.6000000000000001,0.003358888626098633,0.001407766342163086
0.2,0.00359381,0.5,50,0.5366666666666667,0.1161416759345623,480,0.4166666666666667,0.65,0.43333333333333335,0.48333333333333334,0.7,0.003301239013671875,0.001420736312866211
0.2,0.00359381,0.7,5,0.45999999999999996,0.08069145624606805,637,0.5,0.5666666666666667,0.3833333333333333,0.35,0.5,0.0033563613891601563,0.0014085769653320312
0.2,0.00359381,0.7,10,0.44666666666666666,0.08259674462242578,685,0.5,0.4666666666666667,0.2833333333333333,0.48333333333333334,0.5,0.00326995849609375,0.0013913154602050782
0.2,0.00359381,0.7,20,0.42000000000000004,0.10187137859957421,720,0.4166666666666667,0.3,0.43333333333333335,0.35,0.6000000000000001,0.003303194046020508,0.001405477523803711
0.2,0.00359381,0.7,50,0.5366666666666667,0.1161416759345623,480,0.4166666666666667,0.65,0.43333333333333335,0.48333333333333334,0.7,0.003374624252319336,0.0014009952545166015
0.2,0.00359381,0.9,5,0.45999999999999996,0.08069145624606805,637,0.5,0.5666666666666667,0.3833333333333333,0.35,0.5,0.003286933898925781,0.0014061927795410156
0.2,0.00359381,0.9,10,0.44666666666666666,0.08259674462242578,685,0.5,0.4666666666666667,0.2833333333333333,0.48333333333333334,0.5,0.0032737255096435547,0.001405811309814453
0.2,0.00359381,0.9,20,0.42000000000000004,0.10187137859957421,720,0.4166666666666667,0.3,0.43333333333333335,0.35,0.6000000000000001,0.0033443927764892577,0.001412677764892578
0.2,0.00359381,0.9,50,0.5366666666666667,0.1161416759345623,480,0.4166666666666667,0.65,0.43333333333333335,0.48333333333333334,0.7,0.0033711910247802733,0.0014142513275146485
0.2,0.0129155,0.1,5,0.5700000000000001,0.14734690736866898,340,0.7333333333333334,0.6166666666666667,0.35,0.45,0.7,0.011827993392944335,0.0015130043029785156
0.2,0.0129155,0.1,10,0.5133333333333333,0.1396026106091462,567,0.6333333333333333,0.6166666666666667,0.26666666666666666,0.45,0.6000000000000001,0.011937332153320313,0.0015212535858154298
0.2,0.0129155,0.1,20,0.5866666666666667,0.12754084313139324,275,0.8166666666666667,0.6166666666666667,0.45,0.55,0.5,0.011977577209472656,0.001535320281982422
0.2,0.0129155,0.1,50,0.5733333333333333,0.10413666234542206,337,0.65,0.6166666666666667,0.45,0.45,0.7,0.011845636367797851,0.001482248306274414
0.2,0.0129155,0.3,5,0.45999999999999996,0.08069145624606805,637,0.5,0.5666666666666667,0.3833333333333333,0.35,0.5,0.0038637638092041014,0.0014915943145751953
0.2,0.0129155,0.3,10,0.44666666666666666,0.08259674462242578,685,0.5,0.4666666666666667,0.2833333333333333,0.48333333333333334,0.5,0.0038007259368896484,0.0013950824737548827
0.2,0.0129155,0.3,20,0.42000000000000004,0.10187137859957421,720,0.4166666666666667,0.3,0.43333333333333335,0.35,0.6000000000000001,0.0038859367370605467,0.0013875007629394532
0.2,0.0129155,0.3,50,0.5366666666666667,0.1161416759345623,480,0.4166666666666667,0.65,0.43333333333333335,0.48333333333333334,0.7,0.0038266658782958986,0.0014145851135253906
0.2,0.0129155,0.5,5,0.45999999999999996,0.08069145624606805,637,0.5,0.5666666666666667,0.3833333333333333,0.35,0.5,0.003527975082397461,0.0013966560363769531
0.2,0.0129155,0.5,10,0.44666666666666666,0.08259674462242578,685,0.5,0.4666666666666667,0.2833333333333333,0.48333333333333334,0.5,0.0034468650817871095,0.0014060020446777343
0.2,0.0129155,0.5,20,0.42000000000000004,0.10187137859957421,720,0.4166666666666667,0.3,0.43333333333333335,0.35,0.6000000000000001,0.003501129150390625,0.001401376724243164
0.2,0.0129155,0.5,50,0.5366666666666667,0.1161416759345623,480,0.4166666666666667,0.65,0.43333333333333335,0.48333333333333334,0.7,0.0035162448883056642,0.001413106918334961
0.2,0.0129155,0.7,5,0.45999999999999996,0.08069145624606805,637,0.5,0.5666666666666667,0.3833333333333333,0.35,0.5,0.003268909454345703,0.0014031887054443359
0.2,0.0129155,0.7,10,0.44666666666666666,0.08259674462242578,685,0.5,0.4666666666666667,0.2833333333333333,0.48333333333333334,0.5,0.0032557010650634765,0.0014089107513427734
0.2,0.0129155,0.7,20,0.42000000000000004,0.10187137859957421,720,0.4166666666666667,0.3,0.43333333333333335,0.35,0.6000000000000001,0.0033322811126708985,0.0013918876647949219
0.2,0.0129155,0.7,50,0.5366666666666667,0.1161416759345623,480,0.4166666666666667,0.65,0.43333333333333335,0.48333333333333334,0.7,0.0033957958221435547,0.0014153003692626953
0.2,0.0129155,0.9,5,0.45999999999999996,0.08069145624606805,637,0.5,0.5666666666666667,0.3833333333333333,0.35,0.5,0.0032796859741210938,0.0014030933380126953
0.2,0.0129155,0.9,10,0.44666666666666666,0.08259674462242578,685,0.5,0.4666666666666667,0.2833333333333333,0.48333333333333334,0.5,0.003287792205810547,0.0014049053192138673
0.2,0.0129155,0.9,20,0.42000000000000004,0.10187137859957421,720,0.4166666666666667,0.3,0.43333333333333335,0.35,0.6000000000000001,0.0033186912536621095,0.0014063358306884766
0.2,0.0129155,0.9,50,0.5366666666666667,0.1161416759345623,480,0.4166666666666667,0.65,0.43333333333333335,0.48333333333333334,0.7,0.0033771038055419923,0.0014197349548339844
0.2,0.0464159,0.1,5,0.5133333333333334,0.13391539617733778,561,0.6333333333333333,0.6333333333333333,0.35,0.35,0.6000000000000001,0.022633075714111328,0.0015737056732177735
0.2,0.0464159,0.1,10,0.5666666666666667,0.050552502960343665,377,0.6333333333333333,0.6166666666666667,0.5333333333333333,0.55,0.5,0.022615957260131835,0.0015644073486328126
0.2,0.0464159,0.1,20,0.5466666666666667,0.13012814197295425,463,0.7166666666666667,0.6166666666666667,0.35,0.45,0.6,0.022633457183837892,0.0018703937530517578
0.2,0.0464159,0.1,50,0.57,0.10187137859957415,363,0.6333333333333333,0.6166666666666667,0.45,0.45,0.7,0.023136997222900392,0.0016326427459716797
0.2,0.0464159,0.3,5,0.55,0.1676636845327906,432,0.7333333333333334,0.6166666666666667,0.35,0.35,0.7,0.022008085250854494,0.0015530109405517579
0.2,0.0464159,0.3,10,0.49333333333333335,0.09043106644167026,590,0.55,0.6166666666666667,0.35,0.45,0.5,0.021978092193603516,0.0015544414520263672
0.2,0.0464159,0.3,20,0.5333333333333334,0.05055250296034368,499,0.4666666666666667,0.6166666666666667,0.5333333333333333,0.55,0.5,0.02298150062561035,0.001683950424194336
0.2,0.0464159,0.3,50,0.5533333333333333,0.09683892697555964,421,0.55,0.6166666666666667,0.45,0.45,0.7,0.02212986946105957,0.0016646862030029296
0.2,0.0464159,0.5,5,0.49000000000000005,0.07423685817106697,597,0.5,0.5666666666666667,0.5333333333333333,0.35,0.5,0.00932002067565918,0.0015172958374023438
0.2,0.0464159,0.5,10,0.5166666666666667,0.059628479399994376,543,0.5,0.4666666666666667,0.6333333333333333,0.48333333333333334,0.5,0.007807397842407226,0.0014872550964355469
0.2,0.0464159,0.5,20,0.4600000000000001,0.13358309939675922,636,0.4166666666666667,0.3,0.6333333333333333,0.35,0.6000000000000001,0.00907740592956543,0.0016243934631347656
0.2,0.0464159,0.5,50,0.5199999999999999,0.13432961119739922,542,0.4166666666666667,0.65,0.35,0.48333333333333334,0.7,0.00781564712524414,0.0014924049377441407
0.2,0.0464159,0.7,5,0.45999999999999996,0.08069145624606805,637,0.5,0.5666666666666667,0.3833333333333333,0.35,0.5,0.004043388366699219,0.001416921615600586
0.2,0.0464159,0.7,10,0.44666666666666666,0.08259674462242578,685,0.5,0.4666666666666667,0.2833333333333333,0.48333333333333334,0.5,0.0040035247802734375,0.001409006118774414
0.2,0.0464159,0.7,20,0.42000000000000004,0.10187137859957421,720,0.4166666666666667,0.3,0.43333333333333335,0.35,0.6000000000000001,0.0040528297424316405,0.0015007972717285157
0.2,0.0464159,0.7,50,0.5366666666666667,0.1161416759345623,480,0.4166666666666667,0.65,0.43333333333333335,0.48333333333333334,0.7,0.004486274719238281,0.001627206802368164
0.2,0.0464159,0.9,5,0.45999999999999996,0.08069145624606805,637,0.5,0.5666666666666667,0.3833333333333333,0.35,0.5,0.003846883773803711,0.0014046669006347657
0.2,0.0464159,0.9,10,0.44666666666666666,0.08259674462242578,685,0.5,0.4666666666666667,0.2833333333333333,0.48333333333333334,0.5,0.0038310527801513673,0.0013862133026123046
0.2,0.0464159,0.9,20,0.42000000000000004,0.10187137859957421,720,0.4166666666666667,0.3,0.43333333333333335,0.35,0.6000000000000001,0.00393381118774414,0.0013998985290527345
0.2,0.0464159,0.9,50,0.5366666666666667,0.1161416759345623,480,0.4166666666666667,0.65,0.43333333333333335,0.48333333333333334,0.7,0.003828573226928711,0.0013878822326660156
0.2,0.16681,0.1,5,0.6066666666666667,0.13274871834493251,183,0.5333333333333333,0.8166666666666667,0.5333333333333333,0.45,0.7,0.05336918830871582,0.0015901565551757813
0.2,0.16681,0.1,10,0.55,0.16766368453279054,432,0.65,0.8166666666666667,0.3333333333333333,0.45,0.5,0.05336627960205078,0.0016039371490478515
0.2,0.16681,0.1,20,0.5599999999999999,0.14476033833738977,413,0.7166666666666667,0.7166666666666667,0.3333333333333333,0.5333333333333333,0.5,0.0534332275390625,0.0015964031219482422
0.2,0.16681,0.1,50,0.6266666666666667,0.10832051206181278,108,0.7166666666666667,0.7166666666666667,0.55,0.45,0.7,0.05350508689880371,0.0015958786010742188
0.2,0.16681,0.3,5,0.55,0.10645812948447542,432,0.6333333333333333,0.6333333333333333,0.5333333333333333,0.35,0.6000000000000001,0.06064629554748535,0.001602935791015625
0.2,0.16681,0.3,10,0.6100000000000001,0.10572501018102472,173,0.7333333333333334,0.7166666666666667,0.45,0.55,0.6,0.060638713836669925,0.0015941143035888671
0.2,0.16681,0.3,20,0.6233333333333334,0.10088497300281037,121,0.6333333333333333,0.7166666666666667,0.43333333333333335,0.6333333333333333,0.7,0.06111011505126953,0.00159759521484375
0.2,0.16681,0.3,50,0.5533333333333333,0.09683892697555964,421,0.55,0.6166666666666667,0.45,0.45,0.7,0.06091804504394531,0.0016167640686035156
0.2,0.16681,0.5,5,0.5333333333333333,0.1140175425099138,521,0.6333333333333333,0.6333333333333333,0.45,0.35,0.6000000000000001,0.06124544143676758,0.0015935897827148438
0.2,0.16681,0.5,10,0.5833333333333333,0.07601169500660919,318,0.6333333333333333,0.6166666666666667,0.43333333333333335,0.6333333333333333,0.6,0.06120038032531738,0.0015949726104736329
0.2,0.16681,0.5,20,0.6066666666666667,0.08339997335464534,183,0.6333333333333333,0.6166666666666667,0.45,0.6333333333333333,0.7,0.06110072135925293,0.0016095161437988282
0.2,0.16681,0.5,50,0.5700000000000001,0.08781293248212992,340,0.55,0.6166666666666667,0.43333333333333335,0.55,0.7,0.06119866371154785,0.0016028404235839844
0.2,0.16681,0.7,5,0.55,0.1345775282545757,432,0.7333333333333334,0.6166666666666667,0.45,0.35,0.6000000000000001,0.0628091812133789,0.001600360870361328
0.2,0.16681,0.7,10,0.6033333333333333,0.03711842908553348,226,0.6333333333333333,0.6166666666666667,0.5333333333333333,0.6333333333333333,0.6,0.06293201446533203,0.001607370376586914
0.2,0.16681,0.7,20,0.5533333333333333,0.1102522360569415,421,0.3666666666666667,0.6166666666666667,0.5333333333333333,0.55,0.7,0.06293153762817383,0.001594209671020508
0.2,0.16681,0.7,50,0.5533333333333333,0.09683892697555964,421,0.55,0.6166666666666667,0.45,0.45,0.7,0.06289086341857911,0.001608562469482422
0.2,0.16681,0.9,5,0.55,0.19944367068868787,432,0.7333333333333334,0.7,0.26666666666666666,0.35,0.7,0.04568867683410645,0.001594209671020508
0.2,0.16681,0.9,10,0.55,0.058689389538863365,432,0.55,0.6166666666666667,0.5333333333333333,0.45,0.6,0.045684003829956056,0.0016103267669677734
0.2,0.16681,0.9,20,0.4933333333333333,0.12762793146051096,593,0.26666666666666666,0.6166666666666667,0.5333333333333333,0.45,0.6,0.045725440979003905,0.0015931129455566406
0.2,0.16681,0.9,50,0.5533333333333333,0.09683892697555964,421,0.55,0.6166666666666667,0.45,0.45,0.7,0.04576630592346191,0.0015894412994384766
0.2,0.599484,0.1,5,0.6599999999999999,0.11085526098877262,40,0.5333333333333333,0.8166666666666667,0.7166666666666667,0.5333333333333333,0.7,0.12246284484863282,0.0016009807586669922
0.2,0.599484,0.1,10,0.6466666666666667,0.1889738371074449,57,0.65,1.0,0.5333333333333333,0.45,0.6,0.12249202728271484,0.0016101837158203126
0.2,0.599484,0.1,20,0.5433333333333333,0.1515109090315135,473,0.7166666666666667,0.7166666666666667,0.3333333333333333,0.45,0.5,0.12356581687927246,0.001607799530029297
0.2,0.599484,0.1,50,0.5866666666666667,0.116619037896906,275,0.7166666666666667,0.6166666666666667,0.45,0.45,0.7,0.1224740982055664,0.0016069412231445312
0.2,0.599484,0.3,5,0.61,0.13106402167558331,176,0.55,0.8166666666666667,0.5333333333333333,0.45,0.7,0.14857559204101561,0.0016078948974609375
0.2,0.599484,0.3,10,0.5933333333333334,0.09345230512584123,258,0.65,0.6333333333333333,0.43333333333333335,0.55,0.7,0.14879560470581055,0.0016017913818359374
0.2,0.599484,0.3,20,0.6199999999999999,0.18660713336371207,164,0.8166666666666667,0.8166666666666667,0.3333333333333333,0.6333333333333333,0.5,0.14851012229919433,0.0016255855560302734
0.2,0.599484,0.3,50,0.6433333333333333,0.12587471725666138,65,0.7166666666666667,0.8,0.55,0.45,0.7,0.1506633758544922,0.00161285400390625
0.2,0.599484,0.5,5,0.6266666666666666,0.11382247385975915,117,0.55,0.8166666666666667,0.5333333333333333,0.5333333333333333,0.7,0.17247257232666016,0.0015923500061035157
0.2,0.599484,0.5,10,0.5700000000000001,0.08781293248212992,340,0.55,0.6166666666666667,0.43333333333333335,0.55,0.7,0.17234382629394532,0.001596975326538086
0.2,0.599484,0.5,20,0.64,0.12,84,0.6333333333333333,0.8,0.43333333333333335,0.6333333333333333,0.7,0.17214436531066896,0.0016032218933105468
0.2,0.599484,0.5,50,0.6066666666666667,0.10143416036468625,183,0.6333333333333333,0.7166666666666667,0.5333333333333333,0.45,0.7,0.17078399658203125,0.0015752315521240234
0.2,0.599484,0.7,5,0.5833333333333333,0.13165611772087665,318,0.6333333333333333,0.7,0.35,0.5333333333333333,0.7,0.18544292449951172,0.0014112472534179687
0.2,0.599484,0.7,10,0.6066666666666667,0.10780641085864154,183,0.7333333333333334,0.6166666666666667,0.43333333333333335,0.55,0.7,0.1881171703338623,0.0014119148254394531
0.2,0.599484,0.7,20,0.6233333333333334,0.12274635093014646,121,0.5333333333333333,0.8,0.45,0.6333333333333333,0.7,0.18539810180664062,0.0014019489288330078
0.2,0.599484,0.7,50,0.6066666666666667,0.06018490028422594,183,0.6333333333333333,0.6166666666666667,0.5333333333333333,0.55,0.7,0.18599977493286132,0.001504659652709961
0.2,0.599484,0.9,5,0.5266666666666667,0.21071307505705478,532,0.8166666666666667,0.5166666666666667,0.25,0.35,0.7,0.18912620544433595,0.0015229225158691407
0.2,0.599484,0.9,10,0.6033333333333333,0.10974718422102886,226,0.7333333333333334,0.6166666666666667,0.43333333333333335,0.5333333333333333,0.7,0.18891263008117676,0.0015924453735351562
0.2,0.599484,0.9,20,0.6033333333333333,0.06863753427324668,226,0.5333333333333333,0.7166666666666667,0.5333333333333333,0.6333333333333333,0.6000000000000001,0.18879661560058594,0.0015368938446044921
0.2,0.599484,0.9,50,0.5700000000000001,0.08393118874676113,340,0.55,0.6166666666666667,0.5333333333333333,0.45,0.7,0.18921074867248536,0.0015472888946533204
0.2,2.15443,0.1,5,0.6766666666666665,0.16110727964792765,24,0.8,0.8166666666666667,0.43333333333333335,0.5333333333333333,0.8,0.23811922073364258,0.0015815258026123046
0.2,2.15443,0.1,10,0.6066666666666667,0.11766241729815195,183,0.65,0.8,0.45,0.5333333333333333,0.6,0.24057884216308595,0.0016093254089355469
0.2,2.15443,0.1,20,0.5866666666666667,0.09030811456096044,275,0.6333333333333333,0.7166666666666667,0.5333333333333333,0.45,0.6,0.24032196998596192,0.0015904903411865234
0.2,2.15443,0.1,50,0.6433333333333333,0.12587471725666138,65,0.7166666666666667,0.8,0.55,0.45,0.7,0.2405313491821289,0.0016319751739501953
0.2,2.15443,0.3,5,0.61,0.16485684025170985,176,0.5333333333333333,0.8166666666666667,0.45,0.45,0.8,0.30217719078063965,0.0016005992889404296
0.2,2.15443,0.3,10,0.5333333333333334,0.07958224257542215,499,0.55,0.6333333333333333,0.43333333333333335,0.45,0.6000000000000001,0.3021870136260986,0.001613950729370117
0.2,2.15443,0.3,20,0.58,0.1275408431313933,328,0.6333333333333333,0.8,0.43333333333333335,0.5333333333333333,0.5,0.30236473083496096,0.0016250133514404297
0.2,2.15443,0.3,50,0.57,0.11709445380166862,363,0.5333333333333333,0.7166666666666667,0.45,0.45,0.7,0.3026021957397461,0.001614856719970703
0.2,2.15443,0.5,5,0.5933333333333334,0.14437605218471808,258,0.55,0.8166666666666667,0.45,0.45,0.7,0.34548263549804686,0.001593637466430664
0.2,2.15443,0.5,10,0.5333333333333334,0.07958224257542215,499,0.55,0.6333333333333333,0.43333333333333335,0.45,0.6000000000000001,0.34581575393676756,0.001606893539428711
0.2,2.15443,0.5,20,0.6166666666666666,0.1349897115421106,170,0.7166666666666667,0.8,0.43333333333333335,0.6333333333333333,0.5,0.34553003311157227,0.0016098499298095703
0.2,2.15443,0.5,50,0.5900000000000001,0.11766241729815193,261,0.6333333333333333,0.7166666666666667,0.45,0.45,0.7,0.34477739334106444,0.0016054630279541016
0.2,2.15443,0.7,5,0.5666666666666667,0.12952906151816965,377,0.55,0.7,0.35,0.5333333333333333,0.7,0.4198142051696777,0.0015964984893798828
0.2,2.15443,0.7,10,0.5866666666666667,0.1199073716573663,275,0.65,0.7,0.43333333333333335,0.45,0.7,0.41967501640319826,0.0016071796417236328
0.2,2.15443,0.7,20,0.6333333333333333,0.11498792207106893,100,0.7166666666666667,0.8,0.5166666666666667,0.6333333333333333,0.5,0.420003080368042,0.0016100883483886718
0.2,2.15443,0.7,50,0.55,0.058689389538863365,432,0.5333333333333333,0.6166666666666667,0.55,0.45,0.6,0.4196732997894287,0.0016187667846679688
0.2,2.15443,0.9,5,0.5666666666666667,0.12952906151816965,377,0.55,0.7,0.35,0.5333333333333333,0.7,0.42847280502319335,0.0016033649444580078
0.2,2.15443,0.9,10,0.5433333333333333,0.06110100926607787,473,0.55,0.6,0.43333333333333335,0.5333333333333333,0.6000000000000001,0.42903594970703124,0.0016155242919921875
0.2,2.15443,0.9,20,0.6566666666666666,0.0764489662745314,45,0.7166666666666667,0.7166666666666667,0.5166666666666667,0.6333333333333333,0.7,0.42884087562561035,0.0016080856323242188
0.2,2.15443,0.9,50,0.6033333333333333,0.08259674462242576,226,0.6333333333333333,0.6166666666666667,0.6166666666666667,0.45,0.7,0.4296564102172852,0.0016009807586669922
0.2,7.74264,0.1,5,0.6933333333333334,0.1046687897873839,9,0.8,0.7166666666666667,0.6166666666666667,0.5333333333333333,0.8,0.30686211585998535,0.0017285346984863281
0.2,7.74264,0.1,10,0.6233333333333333,0.0866666666666667,134,0.7333333333333334,0.7166666666666667,0.5333333333333333,0.5333333333333333,0.6,0.30577521324157714,0.0016200542449951172
0.2,7.74264,0.1,20,0.6233333333333334,0.12274635093014646,121,0.6333333333333333,0.8,0.5333333333333333,0.45,0.7,0.30689496994018556,0.0016031265258789062
0.2,7.74264,0.1,50,0.6066666666666667,0.12806248474865697,183,0.7166666666666667,0.7166666666666667,0.45,0.45,0.7,0.2996519565582275,0.0015216350555419921
0.2,7.74264,0.3,5,0.7166666666666666,0.11352924243950936,1,0.8,0.8166666666666667,0.6333333333333333,0.5333333333333333,0.8,0.46808347702026365,0.0015029430389404297
0.2,7.74264,0.3,10,0.5700000000000001,0.08781293248212993,340,0.55,0.7166666666666667,0.45,0.5333333333333333,0.6,0.46675524711608884,0.0014837265014648437
0.2,7.74264,0.3,20,0.5266666666666666,0.15441646429200628,537,0.55,0.8,0.3333333333333333,0.45,0.5,0.46828184127807615,0.0015441417694091798
0.2,7.74264,0.3,50,0.57,0.08393118874676113,363,0.5333333333333333,0.6166666666666667,0.55,0.45,0.7,0.4682773590087891,0.0015665531158447266
0.2,7.74264,0.5,5,0.6633333333333333,0.12400716825158851,35,0.5333333333333333,0.8166666666666667,0.6333333333333333,0.5333333333333333,0.8,0.5279377460479736,0.0015630245208740235
0.2,7.74264,0.5,10,0.57,0.09092121131323902,363,0.55,0.6333333333333333,0.43333333333333335,0.5333333333333333,0.7,0.5367997169494629,0.0016047000885009766
0.2,7.74264,0.5,20,0.5633333333333334,0.13759844960366863,401,0.6333333333333333,0.8,0.43333333333333335,0.45,0.5,0.5378840923309326,0.001611804962158203
0.2,7.74264,0.5,50,0.55,0.09718253158075499,432,0.5333333333333333,0.6166666666666667,0.45,0.45,0.7,0.5369811534881592,0.0016130924224853516
0.2,7.74264,0.7,5,0.6466666666666667,0.14429907214608909,57,0.5333333333333333,0.8166666666666667,0.6333333333333333,0.45,0.8,0.6332285881042481,0.001602029800415039
0.2,7.74264,0.7,10,0.5333333333333334,0.07958224257542214,499,0.55,0.6333333333333333,0.43333333333333335,0.45,0.6,0.6336363792419434,0.001629209518432617
0.2,7.74264,0.7,20,0.5966666666666667,0.13638181696985857,248,0.7166666666666667,0.8,0.5166666666666667,0.45,0.5,0.6318297386169434,0.0016096115112304687
0.2,7.74264,0.7,50,0.57,0.11709445380166862,363,0.5333333333333333,0.7166666666666667,0.45,0.45,0.7,0.6316493034362793,0.0016160964965820312
0.2,7.74264,0.9,5,0.6300000000000001,0.12534397117975443,105,0.55,0.8166666666666667,0.6333333333333333,0.45,0.7,0.651917839050293,0.0016115665435791015
0.2,7.74264,0.9,10,0.5466666666666666,0.0985449699939632,466,0.55,0.7,0.43333333333333335,0.45,0.6,0.6530418395996094,0.001599264144897461
0.2,7.74264,0.9,20,0.5966666666666667,0.13638181696985857,248,0.7166666666666667,0.8,0.5166666666666667,0.45,0.5,0.6523020744323731,0.0016214847564697266
0.2,7.74264,0.9,50,0.55,0.09718253158075499,432,0.5333333333333333,0.6166666666666667,0.45,0.45,0.7,0.6534764766693115,0.0016255855560302734
0.2,27.8256,0.1,5,0.6333333333333333,0.11205157542647742,100,0.8,0.7166666666666667,0.6166666666666667,0.5333333333333333,0.5,0.307766056060791,0.0015942573547363282
0.2,27.8256,0.1,10,0.6233333333333333,0.0866666666666667,134,0.7333333333333334,0.7166666666666667,0.5333333333333333,0.5333333333333333,0.6,0.307843017578125,0.0016026496887207031
0.2,27.8256,0.1,20,0.64,0.1335830993967592,84,0.55,0.9,0.6166666666666667,0.5333333333333333,0.6,0.3076728343963623,0.001600790023803711
0.2,27.8256,0.1,50,0.6266666666666667,0.10832051206181278,108,0.7166666666666667,0.7166666666666667,0.55,0.45,0.7,0.3079710006713867,0.0016091346740722656
0.2,27.8256,0.3,5,0.6933333333333334,0.1046687897873839,9,0.8,0.7166666666666667,0.6166666666666667,0.5333333333333333,0.8,0.4354103565216064,0.0015835285186767579
0.2,27.8256,0.3,10,0.6233333333333333,0.0866666666666667,134,0.7333333333333334,0.7166666666666667,0.5333333333333333,0.5333333333333333,0.6,0.42752575874328613,0.0016617774963378906
0.2,27.8256,0.3,20,0.6433333333333333,0.1540562667772179,65,0.6333333333333333,0.9,0.5333333333333333,0.45,0.7,0.4355807304382324,0.0015518665313720703
0.2,27.8256,0.3,50,0.6066666666666667,0.1019803902718557,183,0.7166666666666667,0.7166666666666667,0.55,0.45,0.6,0.441879940032959,0.0016284942626953124
0.2,27.8256,0.5,5,0.6566666666666666,0.13190905958272922,45,0.8,0.6166666666666667,0.6166666666666667,0.45,0.8,0.573095703125,0.0016204357147216798
0.2,27.8256,0.5,10,0.6066666666666667,0.0703957069398096,183,0.65,0.7166666666666667,0.5333333333333333,0.5333333333333333,0.6,0.5707987785339356,0.0016156673431396485
0.2,27.8256,0.5,20,0.5866666666666667,0.11709445380166865,275,0.55,0.8,0.5333333333333333,0.45,0.6,0.5707059860229492,0.0016140937805175781
0.2,27.8256,0.5,50,0.6066666666666667,0.1147945023848171,183,0.6333333333333333,0.8,0.55,0.45,0.6,0.570296049118042,0.0016322135925292969
0.2,27.8256,0.7,5,0.6766666666666665,0.16110727964792765,24,0.8,0.8166666666666667,0.43333333333333335,0.5333333333333333,0.8,0.697793436050415,0.0016033649444580078
0.2,27.8256,0.7,10,0.5700000000000001,0.08781293248212993,340,0.55,0.7166666666666667,0.45,0.5333333333333333,0.6,0.6970885753631592,0.0016078472137451172
0.2,27.8256,0.7,20,0.5266666666666666,0.15441646429200628,537,0.55,0.8,0.3333333333333333,0.45,0.5,0.6967826843261719,0.001610136032104492
0.2,27.8256,0.7,50,0.57,0.08393118874676113,363,0.5333333333333333,0.6166666666666667,0.55,0.45,0.7,0.7003440856933594,0.001606130599975586
0.2,27.8256,0.9,5,0.68,0.12445436468396313,17,0.5333333333333333,0.8166666666666667,0.7166666666666667,0.5333333333333333,0.8,0.77810697555542,0.0016125679016113282
0.2,27.8256,0.9,10,0.6233333333333333,0.10832051206181281,134,0.55,0.8,0.5333333333333333,0.5333333333333333,0.7,0.7785161972045899,0.0016221046447753907
0.2,27.8256,0.9,20,0.5433333333333333,0.14966629547095767,473,0.55,0.8,0.3333333333333333,0.5333333333333333,0.5,0.758326530456543,0.0015498638153076173
0.2,27.8256,0.9,50,0.55,0.058689389538863365,432,0.5333333333333333,0.6166666666666667,0.55,0.45,0.6,0.7524524211883545,0.0015720367431640626
0.2,100.0,0.1,5,0.5966666666666667,0.07557189365836424,248,0.6166666666666667,0.7166666666666667,0.6166666666666667,0.5333333333333333,0.5,0.35657291412353515,0.001546192169189453
0.2,100.0,0.1,10,0.6233333333333333,0.08666666666666668,134,0.7333333333333334,0.7166666666666667,0.5333333333333333,0.5333333333333333,0.6000000000000001,0.36518359184265137,0.001611471176147461
0.2,100.0,0.1,20,0.6066666666666667,0.1147945023848171,183,0.55,0.8,0.6333333333333333,0.45,0.6,0.36704025268554685,0.001619434356689453
0.2,100.0,0.1,50,0.6066666666666667,0.09865765724632494,183,0.6166666666666667,0.7166666666666667,0.55,0.45,0.7,0.36783804893493655,0.0016415119171142578
0.2,100.0,0.3,5,0.5966666666666667,0.07557189365836424,248,0.6166666666666667,0.7166666666666667,0.6166666666666667,0.5333333333333333,0.5,0.37293496131896975,0.0016065120697021484
0.2,100.0,0.3,10,0.6233333333333333,0.08666666666666668,134,0.7333333333333334,0.7166666666666667,0.5333333333333333,0.5333333333333333,0.6000000000000001,0.37353858947753904,0.0016730785369873046
0.2,100.0,0.3,20,0.62,0.09510228411791405,150,0.55,0.8,0.6166666666666667,0.5333333333333333,0.6,0.3743250370025635,0.0016191959381103515
0.2,100.0,0.3,50,0.6066666666666667,0.09865765724632494,183,0.6166666666666667,0.7166666666666667,0.55,0.45,0.7,0.3749049663543701,0.0017094135284423829
0.2,100.0,0.5,5,0.6333333333333333,0.11205157542647742,100,0.8,0.7166666666666667,0.6166666666666667,0.5333333333333333,0.5,0.39257006645202636,0.0015877723693847657
0.2,100.0,0.5,10,0.6233333333333333,0.0866666666666667,134,0.7333333333333334,0.7166666666666667,0.5333333333333333,0.5333333333333333,0.6,0.3938418388366699,0.001590871810913086
0.2,100.0,0.5,20,0.64,0.1335830993967592,84,0.55,0.9,0.6166666666666667,0.5333333333333333,0.6,0.39468021392822267,0.0015974044799804688
0.2,100.0,0.5,50,0.6266666666666667,0.10832051206181278,108,0.7166666666666667,0.7166666666666667,0.55,0.45,0.7,0.3940593719482422,0.0016102790832519531
0.2,100.0,0.7,5,0.6933333333333334,0.1046687897873839,9,0.8,0.7166666666666667,0.6166666666666667,0.5333333333333333,0.8,0.4442744255065918,0.0015980720520019532
0.2,100.0,0.7,10,0.6233333333333333,0.0866666666666667,134,0.7333333333333334,0.7166666666666667,0.5333333333333333,0.5333333333333333,0.6,0.4461954593658447,0.00169219970703125
0.2,100.0,0.7,20,0.6233333333333334,0.150037032465692,121,0.55,0.9,0.6166666666666667,0.45,0.6,0.44617624282836915,0.0016218185424804687
0.2,100.0,0.7,50,0.6266666666666667,0.10832051206181278,108,0.7166666666666667,0.7166666666666667,0.55,0.45,0.7,0.4441700458526611,0.0016129970550537109
0.2,100.0,0.9,5,0.71,0.08205689083394115,4,0.8,0.7166666666666667,0.6166666666666667,0.6166666666666667,0.8,0.5101240158081055,0.0016186237335205078
0.2,100.0,0.9,10,0.6233333333333333,0.0866666666666667,134,0.7333333333333334,0.7166666666666667,0.5333333333333333,0.5333333333333333,0.6,0.5131385326385498,0.0016136646270751953
0.2,100.0,0.9,20,0.6599999999999999,0.1455258663529538,40,0.6333333333333333,0.9,0.6166666666666667,0.45,0.7,0.5101874351501465,0.0016125202178955077
0.2,100.0,0.9,50,0.6066666666666667,0.1019803902718557,183,0.7166666666666667,0.7166666666666667,0.55,0.45,0.6,0.5081699371337891,0.0015932559967041016
0.5,0.001,0.1,5,0.4800000000000001,0.032317865716108854,599,0.4166666666666667,0.5,0.48333333333333334,0.5,0.5,0.003158855438232422,0.0013563156127929688
0.5,0.001,0.1,10,0.4966666666666667,0.04760952285695232,574,0.4166666666666667,0.5,0.5,0.5666666666666667,0.5,0.0031780719757080076,0.001336812973022461
0.5,0.001,0.1,20,0.4,0.10540925533894598,753,0.2,0.4,0.4666666666666667,0.43333333333333335,0.5,0.003140878677368164,0.001341390609741211
0.5,0.001,0.1,50,0.47000000000000003,0.10770329614269007,618,0.3333333333333333,0.55,0.43333333333333335,0.6333333333333333,0.4,0.003189229965209961,0.001340198516845703
0.5,0.001,0.3,5,0.4800000000000001,0.032317865716108854,599,0.4166666666666667,0.5,0.48333333333333334,0.5,0.5,0.00311427116394043,0.0013397693634033202
0.5,0.001,0.3,10,0.4966666666666667,0.04760952285695232,574,0.4166666666666667,0.5,0.5,0.5666666666666667,0.5,0.003145599365234375,0.0013521671295166015
0.5,0.001,0.3,20,0.4,0.10540925533894598,753,0.2,0.4,0.4666666666666667,0.43333333333333335,0.5,0.0031441688537597657,0.0013432025909423829
0.5,0.001,0.3,50,0.47000000000000003,0.10770329614269007,618,0.3333333333333333,0.55,0.43333333333333335,0.6333333333333333,0.4,0.003192567825317383,0.001342630386352539
0.5,0.001,0.5,5,0.4800000000000001,0.032317865716108854,599,0.4166666666666667,0.5,0.48333333333333334,0.5,0.5,0.003117942810058594,0.0013382911682128906
0.5,0.001,0.5,10,0.4966666666666667,0.04760952285695232,574,0.4166666666666667,0.5,0.5,0.5666666666666667,0.5,0.003201150894165039,0.0013600826263427735
0.5,0.001,0.5,20,0.4,0.10540925533894598,753,0.2,0.4,0.4666666666666667,0.43333333333333335,0.5,0.0031445503234863283,0.0013422489166259766
0.5,0.001,0.5,50,0.47000000000000003,0.10770329614269007,618,0.3333333333333333,0.55,0.43333333333333335,0.6333333333333333,0.4,0.0031917572021484377,0.001345062255859375
0.5,0.001,0.7,5,0.4800000000000001,0.032317865716108854,599,0.4166666666666667,0.5,0.48333333333333334,0.5,0.5,0.0031115531921386717,0.0013352394104003905
0.5,0.001,0.7,10,0.4966666666666667,0.04760952285695232,574,0.4166666666666667,0.5,0.5,0.5666666666666667,0.5,0.003140544891357422,0.001340341567993164
0.5,0.001,0.7,20,0.4,0.10540925533894598,753,0.2,0.4,0.4666666666666667,0.43333333333333335,0.5,0.003140544891357422,0.001325368881225586
0.5,0.001,0.7,50,0.47000000000000003,0.10770329614269007,618,0.3333333333333333,0.55,0.43333333333333335,0.6333333333333333,0.4,0.003171348571777344,0.001355600357055664
0.5,0.001,0.9,5,0.4800000000000001,0.032317865716108854,599,0.4166666666666667,0.5,0.48333333333333334,0.5,0.5,0.0031151771545410156,0.001339292526245117
0.5,0.001,0.9,10,0.4966666666666667,0.04760952285695232,574,0.4166666666666667,0.5,0.5,0.5666666666666667,0.5,0.003145122528076172,0.001397991180419922
0.5,0.001,0.9,20,0.4,0.10540925533894598,753,0.2,0.4,0.4666666666666667,0.43333333333333335,0.5,0.003149557113647461,0.0013400554656982423
0.5,0.001,0.9,50,0.47000000000000003,0.10770329614269007,618,0.3333333333333333,0.55,0.43333333333333335,0.6333333333333333,0.4,0.003177452087402344,0.0013489246368408204
0.5,0.00359381,0.1,5,0.4800000000000001,0.032317865716108854,599,0.4166666666666667,0.5,0.48333333333333334,0.5,0.5,0.0034575462341308594,0.001331186294555664
0.5,0.00359381,0.1,10,0.4966666666666667,0.04760952285695232,574,0.4166666666666667,0.5,0.5,0.5666666666666667,0.5,0.0035413265228271484,0.0013323783874511718
0.5,0.00359381,0.1,20,0.4,0.10540925533894598,753,0.2,0.4,0.4666666666666667,0.43333333333333335,0.5,0.0034511566162109377,0.0013448715209960938
0.5,0.00359381,0.1,50,0.47000000000000003,0.10770329614269007,618,0.3333333333333333,0.55,0.43333333333333335,0.6333333333333333,0.4,0.003530263900756836,0.001344013214111328
0.5,0.00359381,0.3,5,0.4800000000000001,0.032317865716108854,599,0.4166666666666667,0.5,0.48333333333333334,0.5,0.5,0.0031497001647949217,0.0013314247131347655
0.5,0.00359381,0.3,10,0.4966666666666667,0.04760952285695232,574,0.4166666666666667,0.5,0.5,0.5666666666666667,0.5,0.003125619888305664,0.0013457775115966798
0.5,0.00359381,0.3,20,0.4,0.10540925533894598,753,0.2,0.4,0.4666666666666667,0.43333333333333335,0.5,0.0031412124633789064,0.001336669921875
0.5,0.00359381,0.3,50,0.47000000000000003,0.10770329614269007,618,0.3333333333333333,0.55,0.43333333333333335,0.6333333333333333,0.4,0.003193950653076172,0.0013498783111572266
0.5,0.00359381,0.5,5,0.4800000000000001,0.032317865716108854,599,0.4166666666666667,0.5,0.48333333333333334,0.5,0.5,0.0031433582305908205,0.0013332843780517578
0.5,0.00359381,0.5,10,0.4966666666666667,0.04760952285695232,574,0.4166666666666667,0.5,0.5,0.5666666666666667,0.5,0.0031136035919189452,0.0013484954833984375
0.5,0.00359381,0.5,20,0.4,0.10540925533894598,753,0.2,0.4,0.4666666666666667,0.43333333333333335,0.5,0.00312957763671875,0.0013411998748779296
0.5,0.00359381,0.5,50,0.47000000000000003,0.10770329614269007,618,0.3333333333333333,0.55,0.43333333333333335,0.6333333333333333,0.4,0.003168153762817383,0.0013412952423095704
0.5,0.00359381,0.7,5,0.4800000000000001,0.032317865716108854,599,0.4166666666666667,0.5,0.48333333333333334,0.5,0.5,0.0031694412231445313,0.0013593196868896484
0.5,0.00359381,0.7,10,0.4966666666666667,0.04760952285695232,574,0.4166666666666667,0.5,0.5,0.5666666666666667,0.5,0.003136873245239258,0.0013380050659179688
0.5,0.00359381,0.7,20,0.4,0.10540925533894598,753,0.2,0.4,0.4666666666666667,0.43333333333333335,0.5,0.003108501434326172,0.0013501644134521484
0.5,0.00359381,0.7,50,0.47000000000000003,0.10770329614269007,618,0.3333333333333333,0.55,0.43333333333333335,0.6333333333333333,0.4,0.0031827449798583984,0.001340770721435547
0.5,0.00359381,0.9,5,0.4800000000000001,0.032317865716108854,599,0.4166666666666667,0.5,0.48333333333333334,0.5,0.5,0.0031450271606445314,0.0013405323028564454
0.5,0.00359381,0.9,10,0.4966666666666667,0.04760952285695232,574,0.4166666666666667,0.5,0.5,0.5666666666666667,0.5,0.0031558513641357423,0.00133056640625
0.5,0.00359381,0.9,20,0.4,0.10540925533894598,753,0.2,0.4,0.4666666666666667,0.43333333333333335,0.5,0.0031288623809814452,0.0013519763946533204
0.5,0.00359381,0.9,50,0.47000000000000003,0.10770329614269007,618,0.3333333333333333,0.55,0.43333333333333335,0.6333333333333333,0.4,0.003186464309692383,0.0013345241546630859
0.5,0.0129155,0.1,5,0.5700000000000001,0.14734690736866898,340,0.7333333333333334,0.6166666666666667,0.35,0.45,0.7,0.011209249496459961,0.0013476848602294923
0.5,0.0129155,0.1,10,0.55,0.170293863659264,432,0.7166666666666667,0.6166666666666667,0.26666666666666666,0.45,0.7,0.011206293106079101,0.0013457298278808593
0.5,0.0129155,0.1,20,0.5466666666666666,0.15362291495737213,466,0.8166666666666667,0.6166666666666667,0.45,0.45,0.4,0.011210966110229491,0.0013529300689697266
0.5,0.0129155,0.1,50,0.5733333333333335,0.14243907079481,333,0.7333333333333334,0.6166666666666667,0.3666666666666667,0.45,0.7,0.011311101913452148,0.0013499736785888671
0.5,0.0129155,0.3,5,0.4800000000000001,0.032317865716108854,599,0.4166666666666667,0.5,0.48333333333333334,0.5,0.5,0.003652334213256836,0.0013359546661376952
0.5,0.0129155,0.3,10,0.4966666666666667,0.04760952285695232,574,0.4166666666666667,0.5,0.5,0.5666666666666667,0.5,0.003658008575439453,0.0013367652893066407
0.5,0.0129155,0.3,20,0.4,0.10540925533894598,753,0.2,0.4,0.4666666666666667,0.43333333333333335,0.5,0.0037472724914550783,0.0013536453247070313
0.5,0.0129155,0.3,50,0.47000000000000003,0.10770329614269007,618,0.3333333333333333,0.55,0.43333333333333335,0.6333333333333333,0.4,0.0037024974822998046,0.0013466835021972655
0.5,0.0129155,0.5,5,0.4800000000000001,0.032317865716108854,599,0.4166666666666667,0.5,0.48333333333333334,0.5,0.5,0.003298377990722656,0.0013311386108398437
0.5,0.0129155,0.5,10,0.4966666666666667,0.04760952285695232,574,0.4166666666666667,0.5,0.5,0.5666666666666667,0.5,0.0032838821411132813,0.001337718963623047
0.5,0.0129155,0.5,20,0.4,0.10540925533894598,753,0.2,0.4,0.4666666666666667,0.43333333333333335,0.5,0.0033603191375732424,0.001345062255859375
0.5,0.0129155,0.5,50,0.47000000000000003,0.10770329614269007,618,0.3333333333333333,0.55,0.43333333333333335,0.6333333333333333,0.4,0.0033284664154052735,0.0013514518737792968
0.5,0.0129155,0.7,5,0.4800000000000001,0.032317865716108854,599,0.4166666666666667,0.5,0.48333333333333334,0.5,0.5,0.0031160831451416014,0.0013356208801269531
0.5,0.0129155,0.7,10,0.4966666666666667,0.04760952285695232,574,0.4166666666666667,0.5,0.5,0.5666666666666667,0.5,0.003111600875854492,0.0013451099395751954
0.5,0.0129155,0.7,20,0.4,0.10540925533894598,753,0.2,0.4,0.4666666666666667,0.43333333333333335,0.5,0.0032126903533935547,0.0013451576232910156
0.5,0.0129155,0.7,50,0.47000000000000003,0.10770329614269007,618,0.3333333333333333,0.55,0.43333333333333335,0.6333333333333333,0.4,0.0031568050384521485,0.0013441085815429688
0.5,0.0129155,0.9,5,0.4800000000000001,0.032317865716108854,599,0.4166666666666667,0.5,0.48333333333333334,0.5,0.5,0.0030980587005615236,0.0013365745544433594
0.5,0.0129155,0.9,10,0.4966666666666667,0.04760952285695232,574,0.4166666666666667,0.5,0.5,0.5666666666666667,0.5,0.003105497360229492,0.001337289810180664
0.5,0.0129155,0.9,20,0.4,0.10540925533894598,753,0.2,0.4,0.4666666666666667,0.43333333333333335,0.5,0.0032253265380859375,0.0013510704040527344
0.5,0.0129155,0.9,50,0.47000000000000003,0.10770329614269007,618,0.3333333333333333,0.55,0.43333333333333335,0.6333333333333333,0.4,0.003288936614990234,0.001405954360961914
0.5,0.0464159,0.1,5,0.5133333333333334,0.13391539617733778,561,0.6333333333333333,0.6333333333333333,0.35,0.35,0.6000000000000001,0.022072744369506837,0.001381683349609375
0.5,0.0464159,0.1,10,0.5466666666666666,0.06944222218666553,466,0.6333333333333333,0.6166666666666667,0.5333333333333333,0.45,0.5,0.02162909507751465,0.0013864994049072265
0.5,0.0464159,0.1,20,0.5466666666666667,0.13012814197295425,463,0.7166666666666667,0.6166666666666667,0.35,0.45,0.6,0.02163558006286621,0.00137176513671875
0.5,0.0464159,0.1,50,0.5900000000000001,0.08472176684759221,261,0.6333333333333333,0.6166666666666667,0.55,0.45,0.7,0.021669435501098632,0.00138092041015625
0.5,0.0464159,0.3,5,0.55,0.1676636845327906,432,0.7333333333333334,0.6166666666666667,0.35,0.35,0.7,0.020965433120727538,0.0013740062713623047
0.5,0.0464159,0.3,10,0.49000000000000005,0.09580071908799945,597,0.55,0.6166666666666667,0.3333333333333333,0.45,0.5,0.02106328010559082,0.001367950439453125
0.5,0.0464159,0.3,20,0.5533333333333335,0.053124591501697425,420,0.4666666666666667,0.6166666666666667,0.5333333333333333,0.55,0.6,0.02096242904663086,0.0013776302337646484
0.5,0.0464159,0.3,50,0.5366666666666667,0.10295630140986999,480,0.4666666666666667,0.6166666666666667,0.45,0.45,0.7,0.021004343032836915,0.0013731002807617187
0.5,0.0464159,0.5,5,0.47000000000000003,0.03711842908553347,618,0.4166666666666667,0.5,0.43333333333333335,0.5,0.5,0.007389163970947266,0.001346445083618164
0.5,0.0464159,0.5,10,0.5233333333333333,0.07272474743090475,539,0.4166666666666667,0.5,0.6333333333333333,0.5666666666666667,0.5,0.007315349578857422,0.0013437271118164062
0.5,0.0464159,0.5,20,0.4133333333333333,0.116619037896906,736,0.2,0.4,0.5333333333333333,0.43333333333333335,0.5,0.007353591918945313,0.0013448238372802735
0.5,0.0464159,0.5,50,0.47333333333333333,0.1067707825203131,617,0.3333333333333333,0.55,0.45,0.6333333333333333,0.4,0.007361078262329101,0.001351308822631836
0.5,0.0464159,0.7,5,0.4800000000000001,0.032317865716108854,599,0.4166666666666667,0.5,0.48333333333333334,0.5,0.5,0.0038358211517333985,0.001334810256958008
0.5,0.0464159,0.7,10,0.4966666666666667,0.04760952285695232,574,0.4166666666666667,0.5,0.5,0.5666666666666667,0.5,0.0038480758666992188,0.0014075756072998047
0.5,0.0464159,0.7,20,0.4,0.10540925533894598,753,0.2,0.4,0.4666666666666667,0.43333333333333335,0.5,0.003825855255126953,0.001340627670288086
0.5,0.0464159,0.7,50,0.47000000000000003,0.10770329614269007,618,0.3333333333333333,0.55,0.43333333333333335,0.6333333333333333,0.4,0.0038918018341064452,0.0013430595397949218
0.5,0.0464159,0.9,5,0.4800000000000001,0.032317865716108854,599,0.4166666666666667,0.5,0.48333333333333334,0.5,0.5,0.003657245635986328,0.001333761215209961
0.5,0.0464159,0.9,10,0.4966666666666667,0.04760952285695232,574,0.4166666666666667,0.5,0.5,0.5666666666666667,0.5,0.003652524948120117,0.0013487815856933593
0.5,0.0464159,0.9,20,0.4,0.10540925533894598,753,0.2,0.4,0.4666666666666667,0.43333333333333335,0.5,0.0036555767059326173,0.0013282299041748047
0.5,0.0464159,0.9,50,0.47000000000000003,0.10770329614269007,618,0.3333333333333333,0.55,0.43333333333333335,0.6333333333333333,0.4,0.0036922454833984374,0.001343536376953125
0.5,0.16681,0.1,5,0.5900000000000001,0.1455258663529538,261,0.5333333333333333,0.8166666666666667,0.45,0.45,0.7,0.051481008529663086,0.0014390945434570312
0.5,0.16681,0.1,10,0.5133333333333334,0.1634353422950835,561,0.65,0.7166666666666667,0.25,0.45,0.5,0.051555538177490236,0.0014751434326171875
0.5,0.16681,0.1,20,0.5599999999999999,0.14476033833738977,413,0.7166666666666667,0.7166666666666667,0.3333333333333333,0.5333333333333333,0.5,0.05157761573791504,0.0015093326568603516
0.5,0.16681,0.1,50,0.6066666666666667,0.09865765724632494,183,0.7166666666666667,0.6166666666666667,0.55,0.45,0.7,0.051589679718017575,0.0015079975128173828
0.5,0.16681,0.3,5,0.5333333333333333,0.1140175425099138,521,0.6333333333333333,0.6333333333333333,0.45,0.35,0.6000000000000001,0.05847301483154297,0.001503753662109375
0.5,0.16681,0.3,10,0.5700000000000001,0.14959203781544586,340,0.7333333333333334,0.7166666666666667,0.35,0.45,0.6,0.05855369567871094,0.0015048503875732422
0.5,0.16681,0.3,20,0.5833333333333334,0.09545214042184234,312,0.6333333333333333,0.7166666666666667,0.43333333333333335,0.5333333333333333,0.6,0.058614158630371095,0.001521921157836914
0.5,0.16681,0.3,50,0.5333333333333333,0.12292725943057184,521,0.55,0.6166666666666667,0.35,0.45,0.7,0.05855979919433594,0.001525735855102539
0.5,0.16681,0.5,5,0.5133333333333334,0.13391539617733778,561,0.6333333333333333,0.6333333333333333,0.35,0.35,0.6000000000000001,0.05883498191833496,0.0014687538146972655
0.5,0.16681,0.5,10,0.5833333333333333,0.07601169500660919,318,0.6333333333333333,0.6166666666666667,0.43333333333333335,0.6333333333333333,0.6,0.0587000846862793,0.0014503955841064452
0.5,0.16681,0.5,20,0.6066666666666667,0.08339997335464534,183,0.6333333333333333,0.6166666666666667,0.45,0.6333333333333333,0.7,0.05878405570983887,0.0014564037322998048
0.5,0.16681,0.5,50,0.57,0.11990737165736633,363,0.55,0.6166666666666667,0.35,0.6333333333333333,0.7,0.05860328674316406,0.0014582633972167968
0.5,0.16681,0.7,5,0.53,0.15398412616601465,526,0.7333333333333334,0.6166666666666667,0.35,0.35,0.6000000000000001,0.06076936721801758,0.0014682292938232421
0.5,0.16681,0.7,10,0.6033333333333333,0.03711842908553348,226,0.6333333333333333,0.6166666666666667,0.5333333333333333,0.6333333333333333,0.6,0.061187124252319335,0.0015009403228759765
0.5,0.16681,0.7,20,0.57,0.114697670227235,363,0.3666666666666667,0.6166666666666667,0.5333333333333333,0.6333333333333333,0.7,0.060736227035522464,0.0015148639678955079
0.5,0.16681,0.7,50,0.5533333333333333,0.09683892697555964,421,0.55,0.6166666666666667,0.45,0.45,0.7,0.060756349563598634,0.001486349105834961
0.5,0.16681,0.9,5,0.55,0.19944367068868787,432,0.7333333333333334,0.7,0.26666666666666666,0.35,0.7,0.04395136833190918,0.0014566898345947266
0.5,0.16681,0.9,10,0.55,0.058689389538863365,432,0.55,0.6166666666666667,0.5333333333333333,0.45,0.6,0.04412097930908203,0.0014089107513427734
0.5,0.16681,0.9,20,0.4933333333333333,0.12762793146051096,593,0.26666666666666666,0.6166666666666667,0.5333333333333333,0.45,0.6,0.04546380043029785,0.001486825942993164
0.5,0.16681,0.9,50,0.5366666666666667,0.10295630140986999,480,0.4666666666666667,0.6166666666666667,0.45,0.45,0.7,0.04539036750793457,0.001517915725708008
0.5,0.599484,0.1,5,0.6599999999999999,0.11085526098877262,40,0.5333333333333333,0.8166666666666667,0.7166666666666667,0.5333333333333333,0.7,0.12262425422668458,0.0015934467315673827
0.5,0.599484,0.1,10,0.5733333333333335,0.19708993998792645,333,0.65,0.9166666666666667,0.35,0.45,0.5,0.12248497009277344,0.0015964031219482422
0.5,0.599484,0.1,20,0.5633333333333332,0.17745108872274887,405,0.8166666666666667,0.7166666666666667,0.3333333333333333,0.45,0.5,0.12250523567199707,0.0016147613525390625
0.5,0.599484,0.1,50,0.5866666666666667,0.116619037896906,275,0.7166666666666667,0.6166666666666667,0.45,0.45,0.7,0.12232584953308105,0.0016123294830322266
0.5,0.599484,0.3,5,0.61,0.14321700705960555,176,0.6333333333333333,0.8166666666666667,0.45,0.45,0.7,0.148903226852417,0.0016035079956054688
0.5,0.599484,0.3,10,0.5533333333333333,0.09273618495495703,421,0.65,0.6333333333333333,0.43333333333333335,0.45,0.6,0.14888057708740235,0.001599884033203125
0.5,0.599484,0.3,20,0.5833333333333334,0.14981470036162822,312,0.7333333333333334,0.7166666666666667,0.3333333333333333,0.6333333333333333,0.5,0.14845972061157225,0.0016126155853271485
0.5,0.599484,0.3,50,0.6066666666666667,0.09865765724632494,183,0.7166666666666667,0.6166666666666667,0.55,0.45,0.7,0.14885468482971193,0.0016074657440185546
0.5,0.599484,0.5,5,0.6266666666666666,0.12762793146051096,117,0.6333333333333333,0.8166666666666667,0.45,0.5333333333333333,0.7,0.1725008487701416,0.0015988349914550781
0.5,0.599484,0.5,10,0.55,0.10055402085998903,432,0.55,0.6166666666666667,0.43333333333333335,0.45,0.7,0.1725684642791748,0.0016115665435791015
0.5,0.599484,0.5,20,0.6033333333333333,0.139204086785474,226,0.6333333333333333,0.7166666666666667,0.3333333333333333,0.6333333333333333,0.7,0.17241849899291992,0.0016070365905761718
0.5,0.599484,0.5,50,0.57,0.10187137859957415,363,0.6333333333333333,0.6166666666666667,0.45,0.45,0.7,0.17298464775085448,0.001600790023803711
0.5,0.599484,0.7,5,0.5833333333333333,0.13165611772087665,318,0.6333333333333333,0.7,0.35,0.5333333333333333,0.7,0.19333844184875487,0.0016745567321777345
0.5,0.599484,0.7,10,0.5866666666666667,0.12445436468396313,275,0.7333333333333334,0.6166666666666667,0.43333333333333335,0.45,0.7,0.1937087059020996,0.001622629165649414
0.5,0.599484,0.7,20,0.6066666666666667,0.10143416036468625,183,0.5333333333333333,0.7166666666666667,0.45,0.6333333333333333,0.7,0.1930976390838623,0.0016019344329833984
0.5,0.599484,0.7,50,0.5666666666666667,0.1206464071390257,377,0.6333333333333333,0.6166666666666667,0.35,0.5333333333333333,0.7,0.193165922164917,0.0015952587127685547
0.5,0.599484,0.9,5,0.5266666666666667,0.21071307505705478,532,0.8166666666666667,0.5166666666666667,0.25,0.35,0.7,0.19614238739013673,0.0016976356506347655
0.5,0.599484,0.9,10,0.6033333333333333,0.10974718422102886,226,0.7333333333333334,0.6166666666666667,0.43333333333333335,0.5333333333333333,0.7,0.19597373008728028,0.0016920089721679688
0.5,0.599484,0.9,20,0.6033333333333333,0.0635959467611297,226,0.5333333333333333,0.6166666666666667,0.5333333333333333,0.6333333333333333,0.7,0.19615249633789061,0.0016160964965820312
0.5,0.599484,0.9,50,0.6033333333333333,0.08969082698049138,226,0.6333333333333333,0.6166666666666667,0.43333333333333335,0.6333333333333333,0.7,0.19626994132995607,0.00161590576171875
0.5,2.15443,0.1,5,0.6766666666666665,0.16110727964792765,24,0.8,0.8166666666666667,0.43333333333333335,0.5333333333333333,0.8,0.2409085750579834,0.0016121864318847656
0.5,2.15443,0.1,10,0.6266666666666667,0.1522424966222565,108,0.65,0.9,0.45,0.5333333333333333,0.6,0.24064788818359376,0.0016303062438964844
0.5,2.15443,0.1,20,0.5700000000000001,0.14959203781544586,340,0.7333333333333334,0.7166666666666667,0.35,0.45,0.6,0.2421563148498535,0.0016206264495849609
0.5,2.15443,0.1,50,0.5666666666666668,0.14375905768565217,376,0.7166666666666667,0.6166666666666667,0.35,0.45,0.7,0.2422468662261963,0.0016077041625976562
0.5,2.15443,0.3,5,0.6266666666666667,0.15151090903151349,108,0.5333333333333333,0.8166666666666667,0.45,0.5333333333333333,0.8,0.30411615371704104,0.0017334461212158204
0.5,2.15443,0.3,10,0.5533333333333333,0.10295630140986997,421,0.55,0.6333333333333333,0.43333333333333335,0.45,0.7,0.30352129936218264,0.0016142845153808594
0.5,2.15443,0.3,20,0.5666666666666667,0.09603240193925289,377,0.6333333333333333,0.7166666666666667,0.5333333333333333,0.45,0.5,0.3047946929931641,0.0016134262084960937
0.5,2.15443,0.3,50,0.53,0.07102425250887505,526,0.5333333333333333,0.6166666666666667,0.45,0.45,0.6,0.30457558631896975,0.0016256809234619141
0.5,2.15443,0.5,5,0.61,0.14321700705960555,176,0.6333333333333333,0.8166666666666667,0.45,0.45,0.7,0.3452415943145752,0.0016088008880615235
0.5,2.15443,0.5,10,0.5533333333333333,0.10295630140986997,421,0.55,0.6333333333333333,0.43333333333333335,0.45,0.7,0.34762182235717776,0.0016048431396484375
0.5,2.15443,0.5,20,0.6199999999999999,0.13960261060914614,164,0.8166666666666667,0.7166666666666667,0.43333333333333335,0.6333333333333333,0.5,0.34788899421691893,0.0016000747680664062
0.5,2.15443,0.5,50,0.5700000000000001,0.06616477747093068,340,0.6333333333333333,0.6166666666666667,0.55,0.45,0.6,0.34703898429870605,0.0016348838806152343
0.5,2.15443,0.7,5,0.5633333333333332,0.11944315244779277,405,0.6333333333333333,0.6,0.35,0.5333333333333333,0.7,0.4204132556915283,0.0015795707702636718
0.5,2.15443,0.7,10,0.5866666666666667,0.1199073716573663,275,0.65,0.7,0.43333333333333335,0.45,0.7,0.4137252330780029,0.0015311717987060546
0.5,2.15443,0.7,20,0.6366666666666666,0.07986099033807294,97,0.7166666666666667,0.7166666666666667,0.6166666666666667,0.6333333333333333,0.5,0.4057830810546875,0.0014842033386230468
0.5,2.15443,0.7,50,0.55,0.058689389538863365,432,0.5333333333333333,0.6166666666666667,0.55,0.45,0.6,0.40684309005737307,0.0015426158905029296
0.5,2.15443,0.9,5,0.5633333333333332,0.11944315244779277,405,0.6333333333333333,0.6,0.35,0.5333333333333333,0.7,0.4176159858703613,0.001539468765258789
0.5,2.15443,0.9,10,0.5266666666666667,0.054365021434333624,532,0.55,0.5166666666666667,0.43333333333333335,0.5333333333333333,0.6,0.42203340530395506,0.0015716075897216797
0.5,2.15443,0.9,20,0.6766666666666665,0.042946995755750415,24,0.7166666666666667,0.7166666666666667,0.6166666666666667,0.6333333333333333,0.7,0.43046250343322756,0.0016130924224853516
0.5,2.15443,0.9,50,0.5833333333333334,0.08881941729649484,312,0.6333333333333333,0.6166666666666667,0.5166666666666667,0.45,0.7,0.4292302131652832,0.0016152381896972657
0.5,7.74264,0.1,5,0.6799999999999999,0.11709445380166865,21,0.8,0.7166666666666667,0.55,0.5333333333333333,0.8,0.3057443618774414,0.0016171932220458984
0.5,7.74264,0.1,10,0.6433333333333333,0.11333333333333334,65,0.7333333333333334,0.8166666666666667,0.5333333333333333,0.5333333333333333,0.6,0.30622544288635256,0.0016320228576660156
0.5,7.74264,0.1,20,0.5900000000000001,0.1231981240838422,261,0.7333333333333334,0.7166666666666667,0.45,0.45,0.6,0.306307315826416,0.0016342639923095704
0.5,7.74264,0.1,50,0.5866666666666667,0.116619037896906,275,0.7166666666666667,0.6166666666666667,0.45,0.45,0.7,0.3059562683105469,0.0016041278839111328
0.5,7.74264,0.3,5,0.6966666666666667,0.13349989596333858,7,0.8,0.8166666666666667,0.5333333333333333,0.5333333333333333,0.8,0.4847165584564209,0.001599884033203125
0.5,7.74264,0.3,10,0.5900000000000001,0.1231981240838422,261,0.55,0.8166666666666667,0.45,0.5333333333333333,0.6,0.48409361839294435,0.0016109466552734375
0.5,7.74264,0.3,20,0.5466666666666666,0.1561338457150716,466,0.6333333333333333,0.8,0.35,0.45,0.5,0.4836700916290283,0.0016328811645507813
0.5,7.74264,0.3,50,0.5133333333333333,0.077746025264604,567,0.45,0.6166666666666667,0.45,0.45,0.6,0.4849759578704834,0.0016048431396484375
0.5,7.74264,0.5,5,0.6433333333333333,0.13482498944104457,65,0.5333333333333333,0.8166666666666667,0.5333333333333333,0.5333333333333333,0.8,0.5367793083190918,0.0016122817993164062
0.5,7.74264,0.5,10,0.57,0.09092121131323902,363,0.55,0.6333333333333333,0.43333333333333335,0.5333333333333333,0.7,0.5374717712402344,0.0016042709350585938
0.5,7.74264,0.5,20,0.5633333333333334,0.13759844960366863,401,0.6333333333333333,0.8,0.43333333333333335,0.45,0.5,0.5375884532928467,0.0016083240509033204
0.5,7.74264,0.5,50,0.53,0.07102425250887505,526,0.5333333333333333,0.6166666666666667,0.45,0.45,0.6,0.5361414909362793,0.0016202449798583985
0.5,7.74264,0.7,5,0.6466666666666667,0.14429907214608909,57,0.5333333333333333,0.8166666666666667,0.6333333333333333,0.45,0.8,0.6309900760650635,0.0016166210174560548
0.5,7.74264,0.7,10,0.5333333333333334,0.07958224257542214,499,0.55,0.6333333333333333,0.43333333333333335,0.45,0.6,0.6319279193878173,0.0017253875732421875
0.5,7.74264,0.7,20,0.62,0.13515423288475528,150,0.8166666666666667,0.7166666666666667,0.6166666666666667,0.45,0.5,0.6177889347076416,0.0015599250793457032
0.5,7.74264,0.7,50,0.53,0.07102425250887505,526,0.5333333333333333,0.6166666666666667,0.45,0.45,0.6,0.6095552444458008,0.0015210151672363282
0.5,7.74264,0.9,5,0.6466666666666667,0.11897712198383163,57,0.6333333333333333,0.8166666666666667,0.6333333333333333,0.45,0.7,0.6323353290557862,0.001575136184692383
0.5,7.74264,0.9,10,0.5466666666666666,0.0985449699939632,466,0.55,0.7,0.43333333333333335,0.45,0.6,0.6432384490966797,0.0015911102294921876
0.5,7.74264,0.9,20,0.62,0.13515423288475528,150,0.8166666666666667,0.7166666666666667,0.6166666666666667,0.45,0.5,0.6526639461517334,0.0016087532043457032
0.5,7.74264,0.9,50,0.55,0.09718253158075499,432,0.5333333333333333,0.6166666666666667,0.45,0.45,0.7,0.6532027244567871,0.0016252517700195313
0.5,27.8256,0.1,5,0.6199999999999999,0.11709445380166865,164,0.8,0.7166666666666667,0.55,0.5333333333333333,0.5,0.30768513679504395,0.0016053199768066406
0.5,27.8256,0.1,10,0.6433333333333333,0.11333333333333334,65,0.7333333333333334,0.8166666666666667,0.5333333333333333,0.5333333333333333,0.6,0.30858922004699707,0.0015892982482910156
0.5,27.8256,0.1,20,0.6066666666666667,0.0873053390247253,183,0.6333333333333333,0.7166666666666667,0.6333333333333333,0.45,0.6,0.3098929405212402,0.0016124248504638672
0.5,27.8256,0.1,50,0.5866666666666667,0.116619037896906,275,0.7166666666666667,0.6166666666666667,0.45,0.45,0.7,0.3111110687255859,0.0016037940979003907
0.5,27.8256,0.3,5,0.6799999999999999,0.11709445380166865,21,0.8,0.7166666666666667,0.55,0.5333333333333333,0.8,0.44650888442993164,0.0016148090362548828
0.5,27.8256,0.3,10,0.6433333333333333,0.11333333333333334,65,0.7333333333333334,0.8166666666666667,0.5333333333333333,0.5333333333333333,0.6,0.44242181777954104,0.0016244411468505859
0.5,27.8256,0.3,20,0.6266666666666667,0.17275544693133252,108,0.7333333333333334,0.9,0.45,0.45,0.6,0.44162402153015134,0.0016205310821533203
0.5,27.8256,0.3,50,0.5666666666666667,0.10327955589886445,377,0.7166666666666667,0.6166666666666667,0.45,0.45,0.6,0.4421748161315918,0.0016218185424804687
0.5,27.8256,0.5,5,0.6433333333333333,0.13848385385227327,65,0.8,0.6166666666666667,0.55,0.45,0.8,0.5707311630249023,0.0016027450561523437
0.5,27.8256,0.5,10,0.6266666666666667,0.10466878978738388,108,0.65,0.8166666666666667,0.5333333333333333,0.5333333333333333,0.6,0.5722162246704101,0.0016746997833251953
0.5,27.8256,0.5,20,0.5666666666666667,0.13457752825457567,377,0.6333333333333333,0.8,0.45,0.45,0.5,0.5710727214813233,0.0016128063201904298
0.5,27.8256,0.5,50,0.5133333333333333,0.10022197585581939,567,0.55,0.6166666666666667,0.35,0.45,0.6,0.5711499691009522,0.0016040802001953125
0.5,27.8256,0.7,5,0.6766666666666665,0.16110727964792765,24,0.8,0.8166666666666667,0.43333333333333335,0.5333333333333333,0.8,0.6968176364898682,0.0015945911407470703
0.5,27.8256,0.7,10,0.5900000000000001,0.1231981240838422,261,0.55,0.8166666666666667,0.45,0.5333333333333333,0.6,0.6940707206726074,0.001586008071899414
0.5,27.8256,0.7,20,0.5466666666666666,0.1561338457150716,466,0.6333333333333333,0.8,0.35,0.45,0.5,0.6718173503875733,0.0015484809875488282
0.5,27.8256,0.7,50,0.5133333333333333,0.077746025264604,567,0.45,0.6166666666666667,0.45,0.45,0.6,0.6842414855957031,0.0017163753509521484
0.5,27.8256,0.9,5,0.68,0.12445436468396313,17,0.5333333333333333,0.8166666666666667,0.7166666666666667,0.5333333333333333,0.8,0.7756879329681396,0.0016102790832519531
0.5,27.8256,0.9,10,0.6066666666666667,0.12587471725666138,183,0.55,0.8,0.45,0.5333333333333333,0.7,0.7762723922729492,0.001617288589477539
0.5,27.8256,0.9,20,0.5633333333333332,0.1492201952373293,405,0.6333333333333333,0.8,0.35,0.5333333333333333,0.5,0.7766945362091064,0.0016185283660888673
0.5,27.8256,0.9,50,0.53,0.07102425250887505,526,0.5333333333333333,0.6166666666666667,0.45,0.45,0.6,0.7773279666900634,0.0016155719757080078
0.5,100.0,0.1,5,0.5833333333333334,0.0767390962214756,312,0.6166666666666667,0.7166666666666667,0.55,0.5333333333333333,0.5,0.36518521308898927,0.0015968799591064454
0.5,100.0,0.1,10,0.6433333333333333,0.09043106644167026,65,0.7333333333333334,0.7166666666666667,0.5333333333333333,0.5333333333333333,0.7,0.3649782180786133,0.0016769886016845704
0.5,100.0,0.1,20,0.6066666666666667,0.0873053390247253,183,0.6333333333333333,0.7166666666666667,0.6333333333333333,0.45,0.6,0.36577491760253905,0.0016255855560302734
0.5,100.0,0.1,50,0.5866666666666667,0.116619037896906,275,0.7166666666666667,0.6166666666666667,0.45,0.45,0.7,0.36544060707092285,0.0016055583953857421
0.5,100.0,0.3,5,0.5833333333333334,0.0767390962214756,312,0.6166666666666667,0.7166666666666667,0.55,0.5333333333333333,0.5,0.37204432487487793,0.0015984535217285155
0.5,100.0,0.3,10,0.6633333333333333,0.11274356350191843,35,0.7333333333333334,0.8166666666666667,0.5333333333333333,0.5333333333333333,0.7,0.3721898078918457,0.0015858173370361327
0.5,100.0,0.3,20,0.6066666666666667,0.0873053390247253,183,0.6333333333333333,0.7166666666666667,0.6333333333333333,0.45,0.6,0.3723452568054199,0.0015952587127685547
0.5,100.0,0.3,50,0.5866666666666667,0.116619037896906,275,0.7166666666666667,0.6166666666666667,0.45,0.45,0.7,0.3727609157562256,0.001605653762817383
0.5,100.0,0.5,5,0.6199999999999999,0.11709445380166865,164,0.8,0.7166666666666667,0.55,0.5333333333333333,0.5,0.39290995597839357,0.001587677001953125
0.5,100.0,0.5,10,0.6433333333333333,0.11333333333333334,65,0.7333333333333334,0.8166666666666667,0.5333333333333333,0.5333333333333333,0.6,0.39228038787841796,0.0015944957733154297
0.5,100.0,0.5,20,0.6066666666666667,0.0873053390247253,183,0.6333333333333333,0.7166666666666667,0.6333333333333333,0.45,0.6,0.3927467823028564,0.0016148090362548828
0.5,100.0,0.5,50,0.5866666666666667,0.116619037896906,275,0.7166666666666667,0.6166666666666667,0.45,0.45,0.7,0.3926651954650879,0.001591634750366211
0.5,100.0,0.7,5,0.6799999999999999,0.11709445380166865,21,0.8,0.7166666666666667,0.55,0.5333333333333333,0.8,0.43343563079833985,0.0015604972839355468
0.5,100.0,0.7,10,0.6433333333333333,0.11333333333333334,65,0.7333333333333334,0.8166666666666667,0.5333333333333333,0.5333333333333333,0.6,0.42835149765014646,0.0015290260314941406
0.5,100.0,0.7,20,0.6066666666666667,0.0873053390247253,183,0.6333333333333333,0.7166666666666667,0.6333333333333333,0.45,0.6,0.4282595157623291,0.0015433311462402343
0.5,100.0,0.7,50,0.5866666666666667,0.116619037896906,275,0.7166666666666667,0.6166666666666667,0.45,0.45,0.7,0.43476171493530275,0.0015588760375976562
0.5,100.0,0.9,5,0.6966666666666667,0.09966610925150703,7,0.8,0.7166666666666667,0.55,0.6166666666666667,0.8,0.5094636440277099,0.0016191482543945312
0.5,100.0,0.9,10,0.6433333333333333,0.11333333333333334,65,0.7333333333333334,0.8166666666666667,0.5333333333333333,0.5333333333333333,0.6,0.5087348937988281,0.0016092300415039063
0.5,100.0,0.9,20,0.6633333333333333,0.1492201952373293,35,0.7333333333333334,0.9,0.6333333333333333,0.45,0.6,0.5096359729766846,0.0016089916229248048
0.5,100.0,0.9,50,0.5466666666666667,0.13012814197295425,463,0.7166666666666667,0.6166666666666667,0.35,0.45,0.6,0.5101200103759765,0.0016170501708984374
