param_clf__shrink_threshold,param_selector__C,param_selector__l1_ratio,param_selector__top_k,mean_test_score,std_test_score,rank_test_score,split0_test_score,split1_test_score,split2_test_score,split3_test_score,split4_test_score,mean_fit_time,mean_score_time
,0.001,0.1,5,0.44666666666666666,0.0590668171555645,721,0.5,0.3833333333333333,0.48333333333333334,0.3666666666666667,0.5,0.0033901214599609377,0.0014502525329589844
,0.001,0.1,10,0.51,0.04163331998932266,609,0.4666666666666667,0.55,0.5666666666666667,0.4666666666666667,0.5,0.0032474040985107423,0.0014202117919921875
,0.001,0.1,20,0.35,0.055777335102271716,785,0.3666666666666667,0.3,0.45,0.3,0.3333333333333333,0.003265714645385742,0.0014164447784423828
,0.001,0.1,50,0.59,0.1821476812308567,534,0.35,0.9,0.5166666666666667,0.65,0.5333333333333333,0.0033483028411865233,0.001446104049682617
,0.001,0.3,5,0.44666666666666666,0.0590668171555645,721,0.5,0.3833333333333333,0.48333333333333334,0.3666666666666667,0.5,0.0032516956329345704,0.001414346694946289
,0.001,0.3,10,0.51,0.04163331998932266,609,0.4666666666666667,0.55,0.5666666666666667,0.4666666666666667,0.5,0.0032691478729248045,0.0014208316802978515
,0.001,0.3,20,0.35,0.055777335102271716,785,0.3666666666666667,0.3,0.45,0.3,0.3333333333333333,0.0032755374908447266,0.0014228343963623047
,0.001,0.3,50,0.59,0.1821476812308567,534,0.35,0.9,0.5166666666666667,0.65,0.5333333333333333,0.0033350467681884767,0.00142974853515625
,0.001,0.5,5,0.44666666666666666,0.0590668171555645,721,0.5,0.3833333333333333,0.48333333333333334,0.3666666666666667,0.5,0.0032474040985107423,0.0014133930206298828
,0.001,0.5,10,0.51,0.04163331998932266,609,0.4666666666666667,0.55,0.5666666666666667,0.4666666666666667,0.5,0.00324249267578125,0.0014222621917724609
,0.001,0.5,20,0.35,0.055777335102271716,785,0.3666666666666667,0.3,0.45,0.3,0.3333333333333333,0.0032732486724853516,0.001428079605102539
,0.001,0.5,50,0.59,0.1821476812308567,534,0.35,0.9,0.5166666666666667,0.65,0.5333333333333333,0.0033521652221679688,0.0014250755310058593
,0.001,0.7,5,0.44666666666666666,0.0590668171555645,721,0.5,0.3833333333333333,0.48333333333333334,0.3666666666666667,0.5,0.0032666206359863283,0.0014211177825927735
,0.001,0.7,10,0.51,0.04163331998932266,609,0.4666666666666667,0.55,0.5666666666666667,0.4666666666666667,0.5,0.003245115280151367,0.0014147758483886719
,0.001,0.7,20,0.35,0.055777335102271716,785,0.3666666666666667,0.3,0.45,0.3,0.3333333333333333,0.003262901306152344,0.0015132904052734375
,0.001,0.7,50,0.59,0.1821476812308567,534,0.35,0.9,0.5166666666666667,0.65,0.5333333333333333,0.003289318084716797,0.0014261245727539063
,0.001,0.9,5,0.44666666666666666,0.0590668171555645,721,0.5,0.3833333333333333,0.48333333333333334,0.3666666666666667,0.5,0.0032296180725097656,0.0014158725738525391
,0.001,0.9,10,0.51,0.04163331998932266,609,0.4666666666666667,0.55,0.5666666666666667,0.4666666666666667,0.5,0.0032485485076904296,0.001415252685546875
,0.001,0.9,20,0.35,0.055777335102271716,785,0.3666666666666667,0.3,0.45,0.3,0.3333333333333333,0.0033390045166015623,0.0014295578002929688
,0.001,0.9,50,0.59,0.1821476812308567,534,0.35,0.9,0.5166666666666667,0.65,0.5333333333333333,0.0032622814178466797,0.0014159202575683594
,0.00359381,0.1,5,0.44666666666666666,0.0590668171555645,721,0.5,0.3833333333333333,0.48333333333333334,0.3666666666666667,0.5,0.003932762145996094,0.0014165401458740234
,0.00359381,0.1,10,0.51,0.04163331998932266,609,0.4666666666666667,0.55,0.5666666666666667,0.4666666666666667,0.5,0.003920698165893554,0.0014160633087158202
,0.00359381,0.1,20,0.35,0.055777335102271716,785,0.3666666666666667,0.3,0.45,0.3,0.3333333333333333,0.004014730453491211,0.0014301300048828124
,0.00359381,0.1,50,0.59,0.1821476812308567,534,0.35,0.9,0.5166666666666667,0.65,0.5333333333333333,0.003943443298339844,0.0014120578765869141
,0.00359381,0.3,5,0.44666666666666666,0.0590668171555645,721,0.5,0.3833333333333333,0.48333333333333334,0.3666666666666667,0.5,0.003240203857421875,0.001403474807739258
,0.00359381,0.3,10,0.51,0.04163331998932266,609,0.4666666666666667,0.55,0.5666666666666667,0.4666666666666667,0.5,0.0032454013824462892,0.0014110565185546874
,0.00359381,0.3,20,0.35,0.055777335102271716,785,0.3666666666666667,0.3,0.45,0.3,0.3333333333333333,0.0033054351806640625,0.0014235973358154297
,0.00359381,0.3,50,0.59,0.1821476812308567,534,0.35,0.9,0.5166666666666667,0.65,0.5333333333333333,0.00328826904296875,0.0014221668243408203
,0.00359381,0.5,5,0.44666666666666666,0.0590668171555645,721,0.5,0.3833333333333333,0.48333333333333334,0.3666666666666667,0.5,0.0032251358032226564,0.0014119148254394531
,0.00359381,0.5,10,0.51,0.04163331998932266,609,0.4666666666666667,0.55,0.5666666666666667,0.4666666666666667,0.5,0.003246784210205078,0.0014780044555664062
,0.00359381,0.5,20,0.35,0.055777335102271716,785,0.3666666666666667,0.3,0.45,0.3,0.3333333333333333,0.0032989978790283203,0.0014163970947265625
,0.00359381,0.5,50,0.59,0.1821476812308567,534,0.35,0.9,0.5166666666666667,0.65,0.5333333333333333,0.0032393932342529297,0.0014186859130859374
,0.00359381,0.7,5,0.44666666666666666,0.0590668171555645,721,0.5,0.3833333333333333,0.48333333333333334,0.3666666666666667,0.5,0.003236675262451172,0.0014048576354980468
,0.00359381,0.7,10,0.51,0.04163331998932266,609,0.4666666666666667,0.55,0.5666666666666667,0.4666666666666667,0.5,0.0033109188079833984,0.001415586471557617
,0.00359381,0.7,20,0.35,0.055777335102271716,785,0.3666666666666667,0.3,0.45,0.3,0.3333333333333333,0.003254127502441406,0.001398468017578125
,0.00359381,0.7,50,0.59,0.1821476812308567,534,0.35,0.9,0.5166666666666667,0.65,0.5333333333333333,0.0032494068145751953,0.0014082431793212891
,0.00359381,0.9,5,0.44666666666666666,0.0590668171555645,721,0.5,0.3833333333333333,0.48333333333333334,0.3666666666666667,0.5,0.0032206058502197267,0.0014037609100341797
,0.00359381,0.9,10,0.51,0.04163331998932266,609,0.4666666666666667,0.55,0.5666666666666667,0.4666666666666667,0.5,0.003294038772583008,0.001435089111328125
,0.00359381,0.9,20,0.35,0.055777335102271716,785,0.3666666666666667,0.3,0.45,0.3,0.3333333333333333,0.0032358646392822267,0.0014001846313476563
,0.00359381,0.9,50,0.59,0.1821476812308567,534,0.35,0.9,0.5166666666666667,0.65,0.5333333333333333,0.0032460689544677734,0.0014107704162597656
,0.0129155,0.1,5,0.6599999999999999,0.08666666666666666,397,0.55,0.65,0.6333333333333333,0.65,0.8166666666666667,0.011952590942382813,0.002086973190307617
,0.0129155,0.1,10,0.7166666666666666,0.1386442289539028,216,0.45,0.75,0.7333333333333334,0.8333333333333333,0.8166666666666667,0.011776494979858398,0.0014244556427001954
,0.0129155,0.1,20,0.7166666666666666,0.0960324019392529,216,0.5333333333333333,0.75,0.7333333333333334,0.75,0.8166666666666667,0.011832189559936524,0.0013997077941894532
,0.0129155,0.1,50,0.7166666666666666,0.1406334873981932,216,0.45,0.8333333333333333,0.7333333333333334,0.8333333333333333,0.7333333333333334,0.01175675392150879,0.0014152050018310547
,0.0129155,0.3,5,0.44666666666666666,0.0590668171555645,721,0.5,0.3833333333333333,0.48333333333333334,0.3666666666666667,0.5,0.003937530517578125,0.0014021873474121093
,0.0129155,0.3,10,0.51,0.04163331998932266,609,0.4666666666666667,0.55,0.5666666666666667,0.4666666666666667,0.5,0.003901386260986328,0.0013939380645751954
,0.0129155,0.3,20,0.35,0.055777335102271716,785,0.3666666666666667,0.3,0.45,0.3,0.3333333333333333,0.003976583480834961,0.0014057636260986328
,0.0129155,0.3,50,0.59,0.1821476812308567,534,0.35,0.9,0.5166666666666667,0.65,0.5333333333333333,0.003946113586425781,0.0014082908630371094
,0.0129155,0.5,5,0.44666666666666666,0.0590668171555645,721,0.5,0.3833333333333333,0.48333333333333334,0.3666666666666667,0.5,0.0034819602966308593,0.0013972282409667968
,0.0129155,0.5,10,0.51,0.04163331998932266,609,0.4666666666666667,0.55,0.5666666666666667,0.4666666666666667,0.5,0.0035089969635009764,0.0014812946319580078
,0.0129155,0.5,20,0.35,0.055777335102271716,785,0.3666666666666667,0.3,0.45,0.3,0.3333333333333333,0.0035180091857910157,0.0013988494873046875
,0.0129155,0.5,50,0.59,0.1821476812308567,534,0.35,0.9,0.5166666666666667,0.65,0.5333333333333333,0.0035349369049072266,0.0014009475708007812
,0.0129155,0.7,5,0.44666666666666666,0.0590668171555645,721,0.5,0.3833333333333333,0.48333333333333334,0.3666666666666667,0.5,0.0032247066497802734,0.001394510269165039
,0.0129155,0.7,10,0.51,0.04163331998932266,609,0.4666666666666667,0.55,0.5666666666666667,0.4666666666666667,0.5,0.0032817363739013673,0.0013976097106933594
,0.0129155,0.7,20,0.35,0.055777335102271716,785,0.3666666666666667,0.3,0.45,0.3,0.3333333333333333,0.003244972229003906,0.001401805877685547
,0.0129155,0.7,50,0.59,0.1821476812308567,534,0.35,0.9,0.5166666666666667,0.65,0.5333333333333333,0.0032396316528320312,0.0014039039611816405
,0.0129155,0.9,5,0.44666666666666666,0.0590668171555645,721,0.5,0.3833333333333333,0.48333333333333334,0.3666666666666667,0.5,0.0032207489013671873,0.0014116764068603516
,0.0129155,0.9,10,0.51,0.04163331998932266,609,0.4666666666666667,0.55,0.5666666666666667,0.4666666666666667,0.5,0.0032720565795898438,0.001409435272216797
,0.0129155,0.9,20,0.35,0.055777335102271716,785,0.3666666666666667,0.3,0.45,0.3,0.3333333333333333,0.0032243251800537108,0.0014021873474121093
,0.0129155,0.9,50,0.59,0.1821476812308567,534,0.35,0.9,0.5166666666666667,0.65,0.5333333333333333,0.003236198425292969,0.0014005661010742187
,0.0464159,0.1,5,0.7133333333333335,0.23556079658739673,232,0.26666666666666666,0.9,0.7333333333333334,0.75,0.9166666666666667,0.022292566299438477,0.0014212608337402343
,0.0464159,0.1,10,0.64,0.11623730516108462,488,0.45,0.6333333333333333,0.65,0.65,0.8166666666666667,0.022330665588378908,0.0014253616333007812
,0.0464159,0.1,20,0.6933333333333334,0.09580071908799943,303,0.5333333333333333,0.65,0.7333333333333334,0.7333333333333334,0.8166666666666667,0.022252750396728516,0.0014047622680664062
,0.0464159,0.1,50,0.7300000000000001,0.07102425250887506,154,0.6,0.75,0.7333333333333334,0.75,0.8166666666666667,0.02231454849243164,0.0014251708984375
,0.0464159,0.3,5,0.6533333333333333,0.12036980056845191,459,0.45,0.65,0.7166666666666667,0.6333333333333333,0.8166666666666667,0.022841119766235353,0.0014163017272949218
,0.0464159,0.3,10,0.6900000000000001,0.0793025150224688,318,0.6166666666666667,0.75,0.6333333333333333,0.6333333333333333,0.8166666666666667,0.022733402252197266,0.0014105796813964843
,0.0464159,0.3,20,0.7466666666666667,0.07702813338860892,87,0.6166666666666667,0.8333333333333333,0.7333333333333334,0.7333333333333334,0.8166666666666667,0.02278299331665039,0.001416158676147461
,0.0464159,0.3,50,0.75,0.0802772971919486,64,0.6166666666666667,0.8333333333333333,0.7333333333333334,0.7333333333333334,0.8333333333333333,0.022754955291748046,0.0014202594757080078
,0.0464159,0.5,5,0.5533333333333333,0.1194431524477928,558,0.43333333333333335,0.3833333333333333,0.65,0.65,0.65,0.014377689361572266,0.0013967990875244141
,0.0464159,0.5,10,0.64,0.08602325267042628,488,0.5333333333333333,0.55,0.7333333333333334,0.65,0.7333333333333334,0.014410066604614257,0.0014039993286132813
,0.0464159,0.5,20,0.55,0.16124515496597097,576,0.43333333333333335,0.3,0.6333333333333333,0.75,0.6333333333333333,0.014303350448608398,0.0014093399047851562
,0.0464159,0.5,50,0.6233333333333333,0.19165942015286735,512,0.35,0.9,0.48333333333333334,0.65,0.7333333333333334,0.014362907409667969,0.0014213085174560546
,0.0464159,0.7,5,0.44666666666666666,0.0590668171555645,721,0.5,0.3833333333333333,0.48333333333333334,0.3666666666666667,0.5,0.004299640655517578,0.0014064311981201172
,0.0464159,0.7,10,0.51,0.04163331998932266,609,0.4666666666666667,0.55,0.5666666666666667,0.4666666666666667,0.5,0.004287910461425781,0.001401376724243164
,0.0464159,0.7,20,0.35,0.055777335102271716,785,0.3666666666666667,0.3,0.45,0.3,0.3333333333333333,0.00425572395324707,0.0014103889465332032
,0.0464159,0.7,50,0.59,0.1821476812308567,534,0.35,0.9,0.5166666666666667,0.65,0.5333333333333333,0.004285478591918945,0.001412820816040039
,0.0464159,0.9,5,0.44666666666666666,0.0590668171555645,721,0.5,0.3833333333333333,0.48333333333333334,0.3666666666666667,0.5,0.0039348602294921875,0.0014745235443115235
,0.0464159,0.9,10,0.51,0.04163331998932266,609,0.4666666666666667,0.55,0.5666666666666667,0.4666666666666667,0.5,0.003906774520874024,0.0013907909393310546
,0.0464159,0.9,20,0.35,0.055777335102271716,785,0.3666666666666667,0.3,0.45,0.3,0.3333333333333333,0.0038834571838378905,0.001409435272216797
,0.0464159,0.9,50,0.59,0.1821476812308567,534,0.35,0.9,0.5166666666666667,0.65,0.5333333333333333,0.00398550033569336,0.0014190673828125
,0.16681,0.1,5,0.6866666666666668,0.09626352718795768,345,0.5333333333333333,0.7166666666666667,0.6333333333333333,0.7333333333333334,0.8166666666666667,0.05147051811218262,0.0014164447784423828
,0.16681,0.1,10,0.6033333333333333,0.13474255287605158,526,0.45,0.4666666666666667,0.6333333333333333,0.65,0.8166666666666667,0.05155305862426758,0.0014165401458740234
,0.16681,0.1,20,0.7300000000000001,0.08653836657164776,154,0.6166666666666667,0.8333333333333333,0.7333333333333334,0.65,0.8166666666666667,0.05159106254577637,0.0014274120330810547
,0.16681,0.1,50,0.7833333333333332,0.055777335102271675,26,0.7,0.8333333333333333,0.7333333333333334,0.8333333333333333,0.8166666666666667,0.051673364639282224,0.0014310836791992187
,0.16681,0.3,5,0.6566666666666666,0.13767917618708925,416,0.55,0.65,0.6333333333333333,0.5333333333333333,0.9166666666666667,0.057803678512573245,0.001502656936645508
,0.16681,0.3,10,0.6766666666666665,0.14007934259633795,361,0.45,0.6333333333333333,0.8333333333333333,0.65,0.8166666666666667,0.05788145065307617,0.001513195037841797
,0.16681,0.3,20,0.75,0.11205157542647741,64,0.6166666666666667,0.8333333333333333,0.7333333333333334,0.65,0.9166666666666667,0.05817337036132812,0.0015526771545410155
,0.16681,0.3,50,0.7666666666666668,0.1378404875209022,33,0.5166666666666667,0.8333333333333333,0.7333333333333334,0.8333333333333333,0.9166666666666667,0.057602310180664064,0.0014289379119873046
,0.16681,0.5,5,0.6533333333333333,0.1624123695343978,459,0.45,0.6333333333333333,0.7333333333333334,0.5333333333333333,0.9166666666666667,0.06306161880493164,0.0014336585998535156
,0.16681,0.5,10,0.7366666666666667,0.12754084313139327,131,0.55,0.75,0.9166666666666667,0.65,0.8166666666666667,0.06453399658203125,0.0015278339385986328
,0.16681,0.5,20,0.7133333333333333,0.11756794725698928,233,0.5166666666666667,0.75,0.8166666666666667,0.65,0.8333333333333333,0.06352820396423339,0.001569223403930664
,0.16681,0.5,50,0.7300000000000001,0.11566234381931643,154,0.5166666666666667,0.8333333333333333,0.7333333333333334,0.7333333333333334,0.8333333333333333,0.06357998847961426,0.0015574932098388673
,0.16681,0.7,5,0.6733333333333332,0.15441646429200626,375,0.45,0.7333333333333334,0.8333333333333333,0.5333333333333333,0.8166666666666667,0.060300159454345706,0.0015506267547607422
,0.16681,0.7,10,0.7166666666666666,0.15238839267549947,216,0.5333333333333333,0.75,0.8333333333333333,0.55,0.9166666666666667,0.060305213928222655,0.0015255928039550782
,0.16681,0.7,20,0.7333333333333332,0.11005049346146116,148,0.5333333333333333,0.75,0.7166666666666667,0.8333333333333333,0.8333333333333333,0.06093044281005859,0.0016376495361328125
,0.16681,0.7,50,0.7300000000000001,0.11566234381931643,154,0.5166666666666667,0.8333333333333333,0.7333333333333334,0.7333333333333334,0.8333333333333333,0.0601926326751709,0.0014684677124023437
,0.16681,0.9,5,0.6599999999999999,0.124543611281796,397,0.45,0.65,0.7166666666666667,0.65,0.8333333333333333,0.048163557052612306,0.0014164447784423828
,0.16681,0.9,10,0.7299999999999999,0.15755069730795296,201,0.5333333333333333,0.9166666666666667,0.8333333333333333,0.55,0.8166666666666667,0.04811563491821289,0.001430845260620117
,0.16681,0.9,20,0.8200000000000001,0.13224556283251584,2,0.7166666666666667,1.0,0.6333333333333333,0.8333333333333333,0.9166666666666667,0.04816470146179199,0.0014276504516601562
,0.16681,0.9,50,0.71,0.14476033833738974,247,0.5166666666666667,0.9166666666666667,0.65,0.6333333333333333,0.8333333333333333,0.04811263084411621,0.0014279842376708984
,0.599484,0.1,5,0.6966666666666667,0.09392668535736912,286,0.55,0.7166666666666667,0.65,0.7333333333333334,0.8333333333333333,0.11876478195190429,0.0014971256256103515
,0.599484,0.1,10,0.6533333333333333,0.1454494948618095,459,0.45,0.8166666666666667,0.6333333333333333,0.55,0.8166666666666667,0.11866269111633301,0.0015032291412353516
,0.599484,0.1,20,0.7300000000000001,0.08653836657164776,154,0.6166666666666667,0.8333333333333333,0.7333333333333334,0.65,0.8166666666666667,0.11870317459106446,0.0014923572540283202
,0.599484,0.1,50,0.7633333333333333,0.08969082698049138,49,0.6,0.8333333333333333,0.7333333333333334,0.8333333333333333,0.8166666666666667,0.12007908821105957,0.001659727096557617
,0.599484,0.3,5,0.6666666666666666,0.09486832980505139,395,0.5333333333333333,0.7166666666666667,0.6333333333333333,0.6333333333333333,0.8166666666666667,0.1400825023651123,0.0015066146850585937
,0.599484,0.3,10,0.6533333333333333,0.08781293248212993,459,0.55,0.6333333333333333,0.6333333333333333,0.6333333333333333,0.8166666666666667,0.14237070083618164,0.0015866279602050782
,0.599484,0.3,20,0.7466666666666667,0.07702813338860892,87,0.6166666666666667,0.8333333333333333,0.7333333333333334,0.7333333333333334,0.8166666666666667,0.13966612815856932,0.0015891075134277343
,0.599484,0.3,50,0.7633333333333333,0.10132456102380442,49,0.6,0.8333333333333333,0.7333333333333334,0.75,0.9,0.1397407054901123,0.0015907764434814453
,0.599484,0.5,5,0.65,0.09249624617007739,483,0.5333333333333333,0.65,0.6166666666666667,0.6333333333333333,0.8166666666666667,0.16394009590148925,0.001604318618774414
,0.599484,0.5,10,0.7266666666666668,0.12138094304022082,204,0.5333333333333333,0.8166666666666667,0.8333333333333333,0.6333333333333333,0.8166666666666667,0.16389694213867187,0.0017008781433105469
,0.599484,0.5,20,0.7300000000000001,0.08653836657164776,154,0.6166666666666667,0.8333333333333333,0.7333333333333334,0.65,0.8166666666666667,0.16363525390625,0.0015207290649414062
,0.599484,0.5,50,0.7466666666666667,0.13391539617733775,87,0.5166666666666667,0.8333333333333333,0.7333333333333334,0.7333333333333334,0.9166666666666667,0.1639248847961426,0.0015204906463623046
,0.599484,0.7,5,0.6900000000000001,0.12498888839501784,318,0.55,0.7166666666666667,0.6333333333333333,0.6333333333333333,0.9166666666666667,0.15209498405456542,0.0015176296234130859
,0.599484,0.7,10,0.7300000000000001,0.11614167593456233,154,0.6333333333333333,0.9166666666666667,0.65,0.6333333333333333,0.8166666666666667,0.15199413299560546,0.0015160083770751954
,0.599484,0.7,20,0.7666666666666666,0.08366600265340753,37,0.6166666666666667,0.8333333333333333,0.8166666666666667,0.7333333333333334,0.8333333333333333,0.15193114280700684,0.0015051841735839843
,0.599484,0.7,50,0.7300000000000001,0.11566234381931643,154,0.5166666666666667,0.8333333333333333,0.7333333333333334,0.7333333333333334,0.8333333333333333,0.15234951972961425,0.0015253543853759766
,0.599484,0.9,5,0.6599999999999999,0.16179548132682128,397,0.55,0.75,0.45,0.6333333333333333,0.9166666666666667,0.15009551048278807,0.0016405105590820313
,0.599484,0.9,10,0.75,0.13621877827801704,64,0.6333333333333333,0.9166666666666667,0.65,0.6333333333333333,0.9166666666666667,0.14937834739685057,0.001527261734008789
,0.599484,0.9,20,0.7266666666666668,0.11575836902790221,204,0.5166666666666667,0.8333333333333333,0.7166666666666667,0.7333333333333334,0.8333333333333333,0.14996905326843263,0.001621580123901367
,0.599484,0.9,50,0.7300000000000001,0.11566234381931643,154,0.5166666666666667,0.8333333333333333,0.7333333333333334,0.7333333333333334,0.8333333333333333,0.1499035358428955,0.0016084671020507812
,2.15443,0.1,5,0.6533333333333333,0.1624123695343978,459,0.45,0.6333333333333333,0.7333333333333334,0.5333333333333333,0.9166666666666667,0.24005517959594727,0.0015655994415283204
,2.15443,0.1,10,0.6533333333333333,0.1454494948618095,459,0.45,0.8166666666666667,0.6333333333333333,0.55,0.8166666666666667,0.23987035751342772,0.00156402587890625
,2.15443,0.1,20,0.6933333333333334,0.1284955684493092,303,0.5333333333333333,0.8333333333333333,0.7333333333333334,0.55,0.8166666666666667,0.24023351669311524,0.0015652179718017578
,2.15443,0.1,50,0.7633333333333333,0.08969082698049138,49,0.6,0.8333333333333333,0.7333333333333334,0.8333333333333333,0.8166666666666667,0.24004483222961426,0.00166168212890625
,2.15443,0.3,5,0.65,0.10593499054713801,483,0.55,0.7166666666666667,0.6333333333333333,0.5333333333333333,0.8166666666666667,0.3093761444091797,0.0015896320343017577
,2.15443,0.3,10,0.6933333333333334,0.12587471725666138,303,0.55,0.7333333333333334,0.6333333333333333,0.6333333333333333,0.9166666666666667,0.30846500396728516,0.0015640735626220703
,2.15443,0.3,20,0.7300000000000001,0.08653836657164776,154,0.6166666666666667,0.8333333333333333,0.7333333333333334,0.65,0.8166666666666667,0.3087784767150879,0.0015649795532226562
,2.15443,0.3,50,0.7466666666666667,0.08259674462242576,87,0.6,0.8333333333333333,0.7333333333333334,0.75,0.8166666666666667,0.3088049411773682,0.0015639305114746095
,2.15443,0.5,5,0.6699999999999999,0.09030811456096043,389,0.55,0.7166666666666667,0.6333333333333333,0.6333333333333333,0.8166666666666667,0.34584498405456543,0.0015673160552978516
,2.15443,0.5,10,0.7266666666666667,0.1515109090315135,212,0.55,0.9166666666666667,0.6333333333333333,0.6333333333333333,0.9,0.3474250793457031,0.0017096996307373047
,2.15443,0.5,20,0.7300000000000001,0.08653836657164776,154,0.6166666666666667,0.8333333333333333,0.7333333333333334,0.65,0.8166666666666667,0.34662251472473143,0.0015653610229492188
,2.15443,0.5,50,0.7833333333333333,0.13165611772087665,15,0.6,0.8333333333333333,0.7333333333333334,0.75,1.0,0.34740452766418456,0.0015709400177001953
,2.15443,0.7,5,0.6566666666666666,0.08730533902472529,416,0.55,0.65,0.6333333333333333,0.6333333333333333,0.8166666666666667,0.4135301113128662,0.0016225814819335938
,2.15443,0.7,10,0.71,0.14204850501775013,247,0.5333333333333333,0.9166666666666667,0.6333333333333333,0.6333333333333333,0.8333333333333333,0.41312179565429685,0.0015614032745361328
,2.15443,0.7,20,0.7333333333333334,0.09775252199076785,137,0.55,0.75,0.8166666666666667,0.7333333333333334,0.8166666666666667,0.4111777782440186,0.0015842437744140625
,2.15443,0.7,50,0.7833333333333334,0.10852547064066471,12,0.6,0.8333333333333333,0.7333333333333334,0.8333333333333333,0.9166666666666667,0.4097071647644043,0.0015487194061279297
,2.15443,0.9,5,0.6900000000000001,0.0703957069398096,318,0.7166666666666667,0.65,0.6333333333333333,0.6333333333333333,0.8166666666666667,0.4060675144195557,0.0016753673553466797
,2.15443,0.9,10,0.71,0.14204850501775013,247,0.5333333333333333,0.9166666666666667,0.6333333333333333,0.6333333333333333,0.8333333333333333,0.40622472763061523,0.0015646457672119141
,2.15443,0.9,20,0.7466666666666667,0.07333333333333332,87,0.6166666666666667,0.75,0.8166666666666667,0.7333333333333334,0.8166666666666667,0.406520938873291,0.0015460014343261718
,2.15443,0.9,50,0.7133333333333333,0.10509255180289627,233,0.5166666666666667,0.75,0.7333333333333334,0.7333333333333334,0.8333333333333333,0.40647006034851074,0.0015584945678710938
,7.74264,0.1,5,0.6566666666666666,0.16213848676020415,416,0.45,0.65,0.7333333333333334,0.5333333333333333,0.9166666666666667,0.3104794979095459,0.0015335559844970703
,7.74264,0.1,10,0.6566666666666666,0.10780641085864154,416,0.5333333333333333,0.7333333333333334,0.65,0.55,0.8166666666666667,0.3096776962280273,0.0015329360961914063
,7.74264,0.1,20,0.6966666666666667,0.13960261060914614,286,0.45,0.7333333333333334,0.8333333333333333,0.65,0.8166666666666667,0.3095740795135498,0.0015163421630859375
,7.74264,0.1,50,0.7466666666666667,0.12083045973594567,87,0.5166666666666667,0.8333333333333333,0.7333333333333334,0.8333333333333333,0.8166666666666667,0.3095727443695068,0.0015198230743408204
,7.74264,0.3,5,0.6700000000000002,0.16377491328717664,387,0.45,0.7166666666666667,0.7333333333333334,0.5333333333333333,0.9166666666666667,0.48500728607177734,0.0015665054321289062
,7.74264,0.3,10,0.5966666666666667,0.1664665465224503,529,0.45,0.55,0.6333333333333333,0.45,0.9,0.48224539756774903,0.0017092704772949218
,7.74264,0.3,20,0.71,0.07039570693980958,247,0.6166666666666667,0.7333333333333334,0.7333333333333334,0.65,0.8166666666666667,0.4824850559234619,0.001597452163696289
,7.74264,0.3,50,0.7633333333333333,0.08969082698049138,49,0.6,0.8333333333333333,0.7333333333333334,0.8333333333333333,0.8166666666666667,0.48410539627075194,0.0015926361083984375
,7.74264,0.5,5,0.6566666666666666,0.11085526098877257,416,0.55,0.7166666666666667,0.65,0.5333333333333333,0.8333333333333333,0.5587612152099609,0.0015984058380126953
,7.74264,0.5,10,0.6966666666666667,0.12710450643291749,286,0.55,0.75,0.6333333333333333,0.6333333333333333,0.9166666666666667,0.5612895488739014,0.0015844345092773438
,7.74264,0.5,20,0.6900000000000001,0.09463379711052258,318,0.6166666666666667,0.7333333333333334,0.7333333333333334,0.55,0.8166666666666667,0.5618736743927002,0.0016057014465332032
,7.74264,0.5,50,0.7833333333333333,0.13165611772087665,15,0.6,0.8333333333333333,0.7333333333333334,0.75,1.0,0.5614109516143799,0.0015923500061035157
,7.74264,0.7,5,0.6733333333333332,0.08919392106839766,375,0.55,0.7166666666666667,0.65,0.6333333333333333,0.8166666666666667,0.6515259265899658,0.0017007827758789063
,7.74264,0.7,10,0.6966666666666667,0.12710450643291749,286,0.55,0.75,0.6333333333333333,0.6333333333333333,0.9166666666666667,0.6504817008972168,0.0015915393829345702
,7.74264,0.7,20,0.7066666666666667,0.06960204339273698,274,0.6166666666666667,0.7166666666666667,0.7333333333333334,0.65,0.8166666666666667,0.6491323947906494,0.001593780517578125
,7.74264,0.7,50,0.7833333333333333,0.13165611772087665,15,0.6,0.8333333333333333,0.7333333333333334,0.75,1.0,0.6479797840118409,0.0015924453735351562
,7.74264,0.9,5,0.6699999999999999,0.09030811456096043,389,0.55,0.7166666666666667,0.6333333333333333,0.6333333333333333,0.8166666666666667,0.7254813194274903,0.0015913009643554687
,7.74264,0.9,10,0.6966666666666667,0.12710450643291749,286,0.55,0.75,0.6333333333333333,0.6333333333333333,0.9166666666666667,0.7251620769500733,0.0015998363494873046
,7.74264,0.9,20,0.7066666666666667,0.10728984626287387,274,0.5333333333333333,0.7166666666666667,0.8166666666666667,0.65,0.8166666666666667,0.7225983619689942,0.0015811443328857422
,7.74264,0.9,50,0.7666666666666666,0.10593499054713804,37,0.6,0.8333333333333333,0.7333333333333334,0.75,0.9166666666666667,0.7225551128387451,0.0015876293182373047
,27.8256,0.1,5,0.6566666666666666,0.16213848676020415,416,0.45,0.65,0.7333333333333334,0.5333333333333333,0.9166666666666667,0.2825172901153564,0.0015693187713623046
,27.8256,0.1,10,0.6900000000000001,0.07498147919467994,318,0.6166666666666667,0.7333333333333334,0.65,0.6333333333333333,0.8166666666666667,0.28275551795959475,0.001569843292236328
,27.8256,0.1,20,0.71,0.15369522511198003,247,0.43333333333333335,0.8166666666666667,0.8333333333333333,0.65,0.8166666666666667,0.28295254707336426,0.0016798973083496094
,27.8256,0.1,50,0.7833333333333332,0.09189365834726812,26,0.6,0.8333333333333333,0.8333333333333333,0.8333333333333333,0.8166666666666667,0.28239078521728517,0.0015717506408691405
,27.8256,0.3,5,0.6566666666666666,0.16213848676020415,416,0.45,0.65,0.7333333333333334,0.5333333333333333,0.9166666666666667,0.46991405487060545,0.001585674285888672
,27.8256,0.3,10,0.64,0.12978614889287857,488,0.45,0.7333333333333334,0.65,0.55,0.8166666666666667,0.47011823654174806,0.0015819072723388672
,27.8256,0.3,20,0.6966666666666667,0.13960261060914614,286,0.45,0.7333333333333334,0.8333333333333333,0.65,0.8166666666666667,0.47035865783691405,0.0015851497650146485
,27.8256,0.3,50,0.7466666666666667,0.12083045973594567,87,0.5166666666666667,0.8333333333333333,0.7333333333333334,0.8333333333333333,0.8166666666666667,0.47067995071411134,0.0015857696533203125
,27.8256,0.5,5,0.6866666666666668,0.14352700094407325,345,0.5333333333333333,0.7166666666666667,0.7333333333333334,0.5333333333333333,0.9166666666666667,0.6437095642089844,0.0015918254852294923
,27.8256,0.5,10,0.69,0.13564659966250536,340,0.5333333333333333,0.7333333333333334,0.7333333333333334,0.55,0.9,0.6430047512054443,0.0015800952911376952
,27.8256,0.5,20,0.71,0.07039570693980958,247,0.6166666666666667,0.7333333333333334,0.7333333333333334,0.65,0.8166666666666667,0.6431362628936768,0.001589059829711914
,27.8256,0.5,50,0.7633333333333333,0.08969082698049138,49,0.6,0.8333333333333333,0.7333333333333334,0.8333333333333333,0.8166666666666667,0.6446177959442139,0.0015923023223876954
,27.8256,0.7,5,0.6700000000000002,0.16377491328717664,387,0.45,0.7166666666666667,0.7333333333333334,0.5333333333333333,0.9166666666666667,0.6925447940826416,0.0015871047973632813
,27.8256,0.7,10,0.5966666666666667,0.1664665465224503,529,0.45,0.55,0.6333333333333333,0.45,0.9,0.6908408164978027,0.0015912532806396484
,27.8256,0.7,20,0.71,0.07039570693980958,247,0.6166666666666667,0.7333333333333334,0.7333333333333334,0.65,0.8166666666666667,0.6936807632446289,0.001584768295288086
,27.8256,0.7,50,0.7300000000000001,0.11323525167642015,154,0.5166666666666667,0.8333333333333333,0.7333333333333334,0.75,0.8166666666666667,0.6908041000366211,0.001701688766479492
,27.8256,0.9,5,0.65,0.08881941729649485,483,0.55,0.7166666666666667,0.7333333333333334,0.5333333333333333,0.7166666666666667,0.7713132858276367,0.0015787601470947266
,27.8256,0.9,10,0.6933333333333332,0.12138094304022083,315,0.55,0.75,0.6333333333333333,0.6333333333333333,0.9,0.7702147006988526,0.0015875816345214844
,27.8256,0.9,20,0.6900000000000001,0.09463379711052258,318,0.6166666666666667,0.7333333333333334,0.7333333333333334,0.55,0.8166666666666667,0.7712363243103028,0.0015883922576904296
,27.8256,0.9,50,0.75,0.13374935098492585,64,0.5166666666666667,0.8333333333333333,0.7333333333333334,0.75,0.9166666666666667,0.7712390899658204,0.0015859603881835938
,100.0,0.1,5,0.6566666666666666,0.16213848676020415,416,0.45,0.65,0.7333333333333334,0.5333333333333333,0.9166666666666667,0.3260514259338379,0.0015418052673339844
,100.0,0.1,10,0.6900000000000001,0.07498147919467994,318,0.6166666666666667,0.7333333333333334,0.65,0.6333333333333333,0.8166666666666667,0.3258469581604004,0.0015245437622070312
,100.0,0.1,20,0.7266666666666668,0.08273115763993903,204,0.6166666666666667,0.8166666666666667,0.7333333333333334,0.65,0.8166666666666667,0.3265854835510254,0.0015398025512695312
,100.0,0.1,50,0.7866666666666665,0.05312459150169741,9,0.7,0.8333333333333333,0.8333333333333333,0.75,0.8166666666666667,0.32602343559265134,0.0015292167663574219
,100.0,0.3,5,0.6566666666666666,0.16213848676020415,416,0.45,0.65,0.7333333333333334,0.5333333333333333,0.9166666666666667,0.3411135673522949,0.0015359878540039062
,100.0,0.3,10,0.6900000000000001,0.07498147919467994,318,0.6166666666666667,0.7333333333333334,0.65,0.6333333333333333,0.8166666666666667,0.3414270877838135,0.001558542251586914
,100.0,0.3,20,0.6899999999999998,0.16619934483090543,343,0.43333333333333335,0.8166666666666667,0.8333333333333333,0.55,0.8166666666666667,0.34157915115356446,0.0015416622161865234
,100.0,0.3,50,0.7833333333333332,0.09189365834726812,26,0.6,0.8333333333333333,0.8333333333333333,0.8333333333333333,0.8166666666666667,0.34107203483581544,0.001536989212036133
,100.0,0.5,5,0.6566666666666666,0.16213848676020415,416,0.45,0.65,0.7333333333333334,0.5333333333333333,0.9166666666666667,0.377822208404541,0.0015549182891845704
,100.0,0.5,10,0.6566666666666666,0.12229290885229427,416,0.45,0.7333333333333334,0.65,0.6333333333333333,0.8166666666666667,0.37778916358947756,0.0015521526336669921
,100.0,0.5,20,0.71,0.15369522511198003,247,0.43333333333333335,0.8166666666666667,0.8333333333333333,0.65,0.8166666666666667,0.3778010368347168,0.0015514850616455077
,100.0,0.5,50,0.7666666666666666,0.1251665557034572,37,0.5166666666666667,0.8333333333333333,0.8333333333333333,0.8333333333333333,0.8166666666666667,0.3777011394500732,0.0015464305877685546
,100.0,0.7,5,0.6566666666666666,0.16213848676020415,416,0.45,0.65,0.7333333333333334,0.5333333333333333,0.9166666666666667,0.44711918830871583,0.0015725135803222657
,100.0,0.7,10,0.6566666666666666,0.12229290885229427,416,0.45,0.7333333333333334,0.65,0.6333333333333333,0.8166666666666667,0.4478433609008789,0.0015736103057861328
,100.0,0.7,20,0.71,0.15369522511198003,247,0.43333333333333335,0.8166666666666667,0.8333333333333333,0.65,0.8166666666666667,0.44948511123657225,0.0015775203704833985
,100.0,0.7,50,0.7466666666666667,0.12083045973594567,87,0.5166666666666667,0.8333333333333333,0.7333333333333334,0.8333333333333333,0.8166666666666667,0.44924163818359375,0.0016880512237548828
,100.0,0.9,5,0.6566666666666666,0.16213848676020415,416,0.45,0.65,0.7333333333333334,0.5333333333333333,0.9166666666666667,0.5495923519134521,0.0015901565551757813
,100.0,0.9,10,0.64,0.12978614889287857,488,0.45,0.7333333333333334,0.65,0.55,0.8166666666666667,0.5500287532806396,0.001598358154296875
,100.0,0.9,20,0.6766666666666665,0.15151090903151346,361,0.45,0.7333333333333334,0.8333333333333333,0.55,0.8166666666666667,0.5516705513000488,0.001586008071899414
,100.0,0.9,50,0.7466666666666667,0.12083045973594567,87,0.5166666666666667,0.8333333333333333,0.7333333333333334,0.8333333333333333,0.8166666666666667,0.5478185176849365,0.0015724658966064452
0.1,0.001,0.1,5,0.4866666666666667,0.06446359868604574,673,0.5,0.3833333333333333,0.5833333333333334,0.4666666666666667,0.5,0.0033248424530029296,0.001430177688598633
0.1,0.001,0.1,10,0.4633333333333334,0.07557189365836425,705,0.3833333333333333,0.3833333333333333,0.5833333333333334,0.4666666666666667,0.5,0.003307533264160156,0.0014014244079589844
0.1,0.001,0.1,20,0.35333333333333333,0.07408703590297624,769,0.2833333333333333,0.3,0.4666666666666667,0.3,0.4166666666666667,0.0033231735229492187,0.001413249969482422
0.1,0.001,0.1,50,0.5533333333333333,0.12578641509408806,558,0.35,0.7166666666666667,0.5166666666666667,0.65,0.5333333333333333,0.0032929420471191407,0.0014101028442382812
0.1,0.001,0.3,5,0.4866666666666667,0.06446359868604574,673,0.5,0.3833333333333333,0.5833333333333334,0.4666666666666667,0.5,0.00326385498046875,0.0014079093933105468
0.1,0.001,0.3,10,0.4633333333333334,0.07557189365836425,705,0.3833333333333333,0.3833333333333333,0.5833333333333334,0.4666666666666667,0.5,0.0033191680908203126,0.0013889312744140626
0.1,0.001,0.3,20,0.35333333333333333,0.07408703590297624,769,0.2833333333333333,0.3,0.4666666666666667,0.3,0.4166666666666667,0.0032303333282470703,0.0014008045196533202
0.1,0.001,0.3,50,0.5533333333333333,0.12578641509408806,558,0.35,0.7166666666666667,0.5166666666666667,0.65,0.5333333333333333,0.0032529354095458983,0.0013854026794433594
0.1,0.001,0.5,5,0.4866666666666667,0.06446359868604574,673,0.5,0.3833333333333333,0.5833333333333334,0.4666666666666667,0.5,0.003238677978515625,0.001387786865234375
0.1,0.001,0.5,10,0.4633333333333334,0.07557189365836425,705,0.3833333333333333,0.3833333333333333,0.5833333333333334,0.4666666666666667,0.5,0.00329737663269043,0.0014030933380126953
0.1,0.001,0.5,20,0.35333333333333333,0.07408703590297624,769,0.2833333333333333,0.3,0.4666666666666667,0.3,0.4166666666666667,0.00324101448059082,0.0013826847076416015
0.1,0.001,0.5,50,0.5533333333333333,0.12578641509408806,558,0.35,0.7166666666666667,0.5166666666666667,0.65,0.5333333333333333,0.003244829177856445,0.0013917446136474609
0.1,0.001,0.7,5,0.4866666666666667,0.06446359868604574,673,0.5,0.3833333333333333,0.5833333333333334,0.4666666666666667,0.5,0.0032218456268310546,0.0013987064361572266
0.1,0.001,0.7,10,0.4633333333333334,0.07557189365836425,705,0.3833333333333333,0.3833333333333333,0.5833333333333334,0.4666666666666667,0.5,0.0033111095428466795,0.0013867855072021485
0.1,0.001,0.7,20,0.35333333333333333,0.07408703590297624,769,0.2833333333333333,0.3,0.4666666666666667,0.3,0.4166666666666667,0.0032253265380859375,0.0013919353485107421
0.1,0.001,0.7,50,0.5533333333333333,0.12578641509408806,558,0.35,0.7166666666666667,0.5166666666666667,0.65,0.5333333333333333,0.0032384395599365234,0.0013973712921142578
0.1,0.001,0.9,5,0.4866666666666667,0.06446359868604574,673,0.5,0.3833333333333333,0.5833333333333334,0.4666666666666667,0.5,0.003240537643432617,0.0013874053955078125
0.1,0.001,0.9,10,0.4633333333333334,0.07557189365836425,705,0.3833333333333333,0.3833333333333333,0.5833333333333334,0.4666666666666667,0.5,0.003319120407104492,0.001395845413208008
0.1,0.001,0.9,20,0.35333333333333333,0.07408703590297624,769,0.2833333333333333,0.3,0.4666666666666667,0.3,0.4166666666666667,0.003227710723876953,0.0013868331909179688
0.1,0.001,0.9,50,0.5533333333333333,0.12578641509408806,558,0.35,0.7166666666666667,0.5166666666666667,0.65,0.5333333333333333,0.003248929977416992,0.0013867855072021485
0.1,0.00359381,0.1,5,0.4866666666666667,0.06446359868604574,673,0.5,0.3833333333333333,0.5833333333333334,0.4666666666666667,0.5,0.003932428359985351,0.0013877391815185548
0.1,0.00359381,0.1,10,0.4633333333333334,0.07557189365836425,705,0.3833333333333333,0.3833333333333333,0.5833333333333334,0.4666666666666667,0.5,0.00397181510925293,0.0013934135437011718
0.1,0.00359381,0.1,20,0.35333333333333333,0.07408703590297624,769,0.2833333333333333,0.3,0.4666666666666667,0.3,0.4166666666666667,0.003913784027099609,0.001391124725341797
0.1,0.00359381,0.1,50,0.5533333333333333,0.12578641509408806,558,0.35,0.7166666666666667,0.5166666666666667,0.65,0.5333333333333333,0.0039256572723388675,0.0013897418975830078
0.1,0.00359381,0.3,5,0.4866666666666667,0.06446359868604574,673,0.5,0.3833333333333333,0.5833333333333334,0.4666666666666667,0.5,0.0032794952392578127,0.0013920783996582032
0.1,0.00359381,0.3,10,0.4633333333333334,0.07557189365836425,705,0.3833333333333333,0.3833333333333333,0.5833333333333334,0.4666666666666667,0.5,0.0032668113708496094,0.001381063461303711
0.1,0.00359381,0.3,20,0.35333333333333333,0.07408703590297624,769,0.2833333333333333,0.3,0.4666666666666667,0.3,0.4166666666666667,0.003228569030761719,0.001372385025024414
0.1,0.00359381,0.3,50,0.5533333333333333,0.12578641509408806,558,0.35,0.7166666666666667,0.5166666666666667,0.65,0.5333333333333333,0.0032334327697753906,0.0014206886291503907
0.1,0.00359381,0.5,5,0.4866666666666667,0.06446359868604574,673,0.5,0.3833333333333333,0.5833333333333334,0.4666666666666667,0.5,0.003243827819824219,0.0013819694519042968
0.1,0.00359381,0.5,10,0.4633333333333334,0.07557189365836425,705,0.3833333333333333,0.3833333333333333,0.5833333333333334,0.4666666666666667,0.5,0.003249645233154297,0.0013873577117919922
0.1,0.00359381,0.5,20,0.35333333333333333,0.07408703590297624,769,0.2833333333333333,0.3,0.4666666666666667,0.3,0.4166666666666667,0.003234577178955078,0.001383352279663086
0.1,0.00359381,0.5,50,0.5533333333333333,0.12578641509408806,558,0.35,0.7166666666666667,0.5166666666666667,0.65,0.5333333333333333,0.0032467365264892576,0.0013980388641357422
0.1,0.00359381,0.7,5,0.4866666666666667,0.06446359868604574,673,0.5,0.3833333333333333,0.5833333333333334,0.4666666666666667,0.5,0.003270673751831055,0.0013851165771484376
0.1,0.00359381,0.7,10,0.4633333333333334,0.07557189365836425,705,0.3833333333333333,0.3833333333333333,0.5833333333333334,0.4666666666666667,0.5,0.0032281875610351562,0.0013935565948486328
0.1,0.00359381,0.7,20,0.35333333333333333,0.07408703590297624,769,0.2833333333333333,0.3,0.4666666666666667,0.3,0.4166666666666667,0.0032338619232177733,0.001380586624145508
0.1,0.00359381,0.7,50,0.5533333333333333,0.12578641509408806,558,0.35,0.7166666666666667,0.5166666666666667,0.65,0.5333333333333333,0.0032618045806884766,0.001391458511352539
0.1,0.00359381,0.9,5,0.4866666666666667,0.06446359868604574,673,0.5,0.3833333333333333,0.5833333333333334,0.4666666666666667,0.5,0.0032695770263671876,0.0013846397399902345
0.1,0.00359381,0.9,10,0.4633333333333334,0.07557189365836425,705,0.3833333333333333,0.3833333333333333,0.5833333333333334,0.4666666666666667,0.5,0.003224802017211914,0.0013877391815185548
0.1,0.00359381,0.9,20,0.35333333333333333,0.07408703590297624,769,0.2833333333333333,0.3,0.4666666666666667,0.3,0.4166666666666667,0.0032369613647460936,0.0013842105865478516
0.1,0.00359381,0.9,50,0.5533333333333333,0.12578641509408806,558,0.35,0.7166666666666667,0.5166666666666667,0.65,0.5333333333333333,0.0032518863677978515,0.001407957077026367
0.1,0.0129155,0.1,5,0.6599999999999999,0.08666666666666666,397,0.55,0.65,0.6333333333333333,0.65,0.8166666666666667,0.011762332916259766,0.001390981674194336
0.1,0.0129155,0.1,10,0.7166666666666666,0.1386442289539028,216,0.45,0.75,0.7333333333333334,0.8333333333333333,0.8166666666666667,0.011907243728637695,0.0013837337493896485
0.1,0.0129155,0.1,20,0.7166666666666666,0.0960324019392529,216,0.5333333333333333,0.75,0.7333333333333334,0.75,0.8166666666666667,0.01174163818359375,0.0013932228088378907
0.1,0.0129155,0.1,50,0.7166666666666666,0.1406334873981932,216,0.45,0.8333333333333333,0.7333333333333334,0.8333333333333333,0.7333333333333334,0.01175847053527832,0.0013955593109130859
0.1,0.0129155,0.3,5,0.4866666666666667,0.06446359868604574,673,0.5,0.3833333333333333,0.5833333333333334,0.4666666666666667,0.5,0.003925037384033203,0.0013867855072021485
0.1,0.0129155,0.3,10,0.4633333333333334,0.07557189365836425,705,0.3833333333333333,0.3833333333333333,0.5833333333333334,0.4666666666666667,0.5,0.004012250900268554,0.0013926506042480468
0.1,0.0129155,0.3,20,0.35333333333333333,0.07408703590297624,769,0.2833333333333333,0.3,0.4666666666666667,0.3,0.4166666666666667,0.003916501998901367,0.001388216018676758
0.1,0.0129155,0.3,50,0.5533333333333333,0.12578641509408806,558,0.35,0.7166666666666667,0.5166666666666667,0.65,0.5333333333333333,0.003941917419433593,0.001396942138671875
0.1,0.0129155,0.5,5,0.4866666666666667,0.06446359868604574,673,0.5,0.3833333333333333,0.5833333333333334,0.4666666666666667,0.5,0.0035369873046875,0.001394033432006836
0.1,0.0129155,0.5,10,0.4633333333333334,0.07557189365836425,705,0.3833333333333333,0.3833333333333333,0.5833333333333334,0.4666666666666667,0.5,0.0035373687744140623,0.0013665199279785157
0.1,0.0129155,0.5,20,0.35333333333333333,0.07408703590297624,769,0.2833333333333333,0.3,0.4666666666666667,0.3,0.4166666666666667,0.0035099506378173826,0.0013904094696044922
0.1,0.0129155,0.5,50,0.5533333333333333,0.12578641509408806,558,0.35,0.7166666666666667,0.5166666666666667,0.65,0.5333333333333333,0.003534221649169922,0.0013903141021728515
0.1,0.0129155,0.7,5,0.4866666666666667,0.06446359868604574,673,0.5,0.3833333333333333,0.5833333333333334,0.4666666666666667,0.5,0.003235912322998047,0.0014476299285888672
0.1,0.0129155,0.7,10,0.4633333333333334,0.07557189365836425,705,0.3833333333333333,0.3833333333333333,0.5833333333333334,0.4666666666666667,0.5,0.0032335758209228516,0.001390981674194336
0.1,0.0129155,0.7,20,0.35333333333333333,0.07408703590297624,769,0.2833333333333333,0.3,0.4666666666666667,0.3,0.4166666666666667,0.003254270553588867,0.001405811309814453
0.1,0.0129155,0.7,50,0.5533333333333333,0.12578641509408806,558,0.35,0.7166666666666667,0.5166666666666667,0.65,0.5333333333333333,0.003259706497192383,0.0013781547546386718
0.1,0.0129155,0.9,5,0.4866666666666667,0.06446359868604574,673,0.5,0.3833333333333333,0.5833333333333334,0.4666666666666667,0.5,0.003264904022216797,0.0013832569122314454
0.1,0.0129155,0.9,10,0.4633333333333334,0.07557189365836425,705,0.3833333333333333,0.3833333333333333,0.5833333333333334,0.4666666666666667,0.5,0.003252410888671875,0.0013912200927734375
0.1,0.0129155,0.9,20,0.35333333333333333,0.07408703590297624,769,0.2833333333333333,0.3,0.4666666666666667,0.3,0.4166666666666667,0.0032264232635498048,0.0014000892639160155
0.1,0.0129155,0.9,50,0.5533333333333333,0.12578641509408806,558,0.35,0.7166666666666667,0.5166666666666667,0.65,0.5333333333333333,0.003244161605834961,0.0013966560363769531
0.1,0.0464159,0.1,5,0.7333333333333334,0.19804601036683933,137,0.3666666666666667,0.9,0.7333333333333334,0.75,0.9166666666666667,0.02245941162109375,0.0014071941375732421
0.1,0.0464159,0.1,10,0.64,0.11623730516108462,488,0.45,0.6333333333333333,0.65,0.65,0.8166666666666667,0.022486495971679687,0.0014075756072998047
0.1,0.0464159,0.1,20,0.7133333333333333,0.06616477747093069,233,0.6333333333333333,0.65,0.7333333333333334,0.7333333333333334,0.8166666666666667,0.022359228134155272,0.001394510269165039
0.1,0.0464159,0.1,50,0.7300000000000001,0.07102425250887506,154,0.6,0.75,0.7333333333333334,0.75,0.8166666666666667,0.02243523597717285,0.0014076709747314453
0.1,0.0464159,0.3,5,0.6533333333333333,0.12036980056845191,459,0.45,0.65,0.7166666666666667,0.6333333333333333,0.8166666666666667,0.022944211959838867,0.0013977527618408204
0.1,0.0464159,0.3,10,0.6900000000000001,0.0793025150224688,318,0.6166666666666667,0.75,0.6333333333333333,0.6333333333333333,0.8166666666666667,0.0229311466217041,0.001398181915283203
0.1,0.0464159,0.3,20,0.7466666666666667,0.07702813338860892,87,0.6166666666666667,0.8333333333333333,0.7333333333333334,0.7333333333333334,0.8166666666666667,0.0228731632232666,0.001391458511352539
0.1,0.0464159,0.3,50,0.75,0.0802772971919486,64,0.6166666666666667,0.8333333333333333,0.7333333333333334,0.7333333333333334,0.8333333333333333,0.022947072982788086,0.0014104366302490235
0.1,0.0464159,0.5,5,0.5533333333333333,0.1194431524477928,558,0.43333333333333335,0.3833333333333333,0.65,0.65,0.65,0.014385843276977539,0.0014553546905517578
0.1,0.0464159,0.5,10,0.6066666666666667,0.13358309939675922,524,0.5333333333333333,0.3833333333333333,0.7333333333333334,0.65,0.7333333333333334,0.014497709274291993,0.0013930320739746094
0.1,0.0464159,0.5,20,0.5700000000000001,0.1758787461103056,556,0.43333333333333335,0.3,0.7333333333333334,0.75,0.6333333333333333,0.01445164680480957,0.0014458179473876953
0.1,0.0464159,0.5,50,0.6033333333333333,0.12265579661982734,526,0.43333333333333335,0.7166666666666667,0.48333333333333334,0.65,0.7333333333333334,0.014423418045043945,0.0014630794525146485
0.1,0.0464159,0.7,5,0.4866666666666667,0.06446359868604574,673,0.5,0.3833333333333333,0.5833333333333334,0.4666666666666667,0.5,0.004255819320678711,0.0013869762420654296
0.1,0.0464159,0.7,10,0.4633333333333334,0.07557189365836425,705,0.3833333333333333,0.3833333333333333,0.5833333333333334,0.4666666666666667,0.5,0.0042988300323486325,0.0013872623443603516
0.1,0.0464159,0.7,20,0.35333333333333333,0.07408703590297624,769,0.2833333333333333,0.3,0.4666666666666667,0.3,0.4166666666666667,0.004275798797607422,0.0013967990875244141
0.1,0.0464159,0.7,50,0.5533333333333333,0.12578641509408806,558,0.35,0.7166666666666667,0.5166666666666667,0.65,0.5333333333333333,0.004322719573974609,0.0014073371887207032
0.1,0.0464159,0.9,5,0.4866666666666667,0.06446359868604574,673,0.5,0.3833333333333333,0.5833333333333334,0.4666666666666667,0.5,0.0039120674133300785,0.0013792991638183593
0.1,0.0464159,0.9,10,0.4633333333333334,0.07557189365836425,705,0.3833333333333333,0.3833333333333333,0.5833333333333334,0.4666666666666667,0.5,0.0039463043212890625,0.0014032840728759766
0.1,0.0464159,0.9,20,0.35333333333333333,0.07408703590297624,769,0.2833333333333333,0.3,0.4666666666666667,0.3,0.4166666666666667,0.003967714309692383,0.0013886451721191405
0.1,0.0464159,0.9,50,0.5533333333333333,0.12578641509408806,558,0.35,0.7166666666666667,0.5166666666666667,0.65,0.5333333333333333,0.003935623168945313,0.0013966560363769531
0.1,0.16681,0.1,5,0.6900000000000001,0.07423685817106698,318,0.6333333333333333,0.6333333333333333,0.6333333333333333,0.7333333333333334,0.8166666666666667,0.05201940536499024,0.0014078617095947266
0.1,0.16681,0.1,10,0.6033333333333333,0.13474255287605158,526,0.45,0.4666666666666667,0.6333333333333333,0.65,0.8166666666666667,0.05206222534179687,0.001409006118774414
0.1,0.16681,0.1,20,0.7300000000000001,0.08653836657164776,154,0.6166666666666667,0.8333333333333333,0.7333333333333334,0.65,0.8166666666666667,0.0519378662109375,0.0014168262481689454
0.1,0.16681,0.1,50,0.7633333333333333,0.08969082698049138,49,0.6,0.8333333333333333,0.7333333333333334,0.8333333333333333,0.8166666666666667,0.051755428314208984,0.0014277458190917968
0.1,0.16681,0.3,5,0.6766666666666667,0.12498888839501786,353,0.55,0.65,0.6333333333333333,0.6333333333333333,0.9166666666666667,0.05766892433166504,0.0014196395874023437
0.1,0.16681,0.3,10,0.6766666666666665,0.14007934259633795,361,0.45,0.6333333333333333,0.8333333333333333,0.65,0.8166666666666667,0.05789847373962402,0.001430654525756836
0.1,0.16681,0.3,20,0.75,0.11205157542647741,64,0.6166666666666667,0.8333333333333333,0.7333333333333334,0.65,0.9166666666666667,0.05776853561401367,0.00144195556640625
0.1,0.16681,0.3,50,0.7666666666666668,0.1378404875209022,33,0.5166666666666667,0.8333333333333333,0.7333333333333334,0.8333333333333333,0.9166666666666667,0.05770621299743652,0.0014585018157958984
0.1,0.16681,0.5,5,0.6733333333333335,0.15224249662225653,370,0.45,0.6333333333333333,0.7333333333333334,0.6333333333333333,0.9166666666666667,0.063037109375,0.0014523506164550782
0.1,0.16681,0.5,10,0.7366666666666667,0.12754084313139327,131,0.55,0.75,0.9166666666666667,0.65,0.8166666666666667,0.0635653018951416,0.0014577388763427734
0.1,0.16681,0.5,20,0.7133333333333333,0.11756794725698928,233,0.5166666666666667,0.75,0.8166666666666667,0.65,0.8333333333333333,0.06348519325256348,0.0014483928680419922
0.1,0.16681,0.5,50,0.7300000000000001,0.11566234381931643,154,0.5166666666666667,0.8333333333333333,0.7333333333333334,0.7333333333333334,0.8333333333333333,0.06333341598510742,0.0014430046081542968
0.1,0.16681,0.7,5,0.6933333333333334,0.14087031072743625,303,0.45,0.7333333333333334,0.8333333333333333,0.6333333333333333,0.8166666666666667,0.06055402755737305,0.0014509201049804688
0.1,0.16681,0.7,10,0.7366666666666666,0.13474255287605158,135,0.5333333333333333,0.75,0.8333333333333333,0.65,0.9166666666666667,0.06035194396972656,0.0014485359191894532
0.1,0.16681,0.7,20,0.7333333333333332,0.11005049346146116,148,0.5333333333333333,0.75,0.7166666666666667,0.8333333333333333,0.8333333333333333,0.0605684757232666,0.00142364501953125
0.1,0.16681,0.7,50,0.7300000000000001,0.11566234381931643,154,0.5166666666666667,0.8333333333333333,0.7333333333333334,0.7333333333333334,0.8333333333333333,0.06060395240783691,0.0014281272888183594
0.1,0.16681,0.9,5,0.6599999999999999,0.124543611281796,397,0.45,0.65,0.7166666666666667,0.65,0.8333333333333333,0.04844789505004883,0.001425027847290039
0.1,0.16681,0.9,10,0.75,0.13864422895390283,64,0.5333333333333333,0.9166666666666667,0.8333333333333333,0.65,0.8166666666666667,0.04862751960754395,0.0014073371887207032
0.1,0.16681,0.9,20,0.8,0.0924962461700774,6,0.8,0.9166666666666667,0.6333333333333333,0.8333333333333333,0.8166666666666667,0.04846391677856445,0.001412343978881836
0.1,0.16681,0.9,50,0.71,0.14476033833738974,247,0.5166666666666667,0.9166666666666667,0.65,0.6333333333333333,0.8333333333333333,0.04854640960693359,0.001405191421508789
0.1,0.599484,0.1,5,0.68,0.09626352718795765,348,0.55,0.6333333333333333,0.65,0.7333333333333334,0.8333333333333333,0.12002301216125488,0.0014842033386230468
0.1,0.599484,0.1,10,0.6533333333333333,0.1454494948618095,459,0.45,0.8166666666666667,0.6333333333333333,0.55,0.8166666666666667,0.11966190338134766,0.0014775753021240234
0.1,0.599484,0.1,20,0.7300000000000001,0.08653836657164776,154,0.6166666666666667,0.8333333333333333,0.7333333333333334,0.65,0.8166666666666667,0.11971001625061035,0.0014832973480224609
0.1,0.599484,0.1,50,0.7633333333333333,0.08969082698049138,49,0.6,0.8333333333333333,0.7333333333333334,0.8333333333333333,0.8166666666666667,0.11978917121887207,0.0014849662780761718
0.1,0.599484,0.3,5,0.6699999999999999,0.07333333333333333,389,0.6333333333333333,0.6333333333333333,0.6333333333333333,0.6333333333333333,0.8166666666666667,0.14041638374328613,0.0015255928039550782
0.1,0.599484,0.3,10,0.6533333333333333,0.08781293248212993,459,0.55,0.6333333333333333,0.6333333333333333,0.6333333333333333,0.8166666666666667,0.14016427993774414,0.001485729217529297
0.1,0.599484,0.3,20,0.7633333333333334,0.09683892697555964,46,0.6166666666666667,0.8333333333333333,0.7333333333333334,0.7333333333333334,0.9,0.14033961296081543,0.0014885425567626952
0.1,0.599484,0.3,50,0.7633333333333333,0.10132456102380442,49,0.6,0.8333333333333333,0.7333333333333334,0.75,0.9,0.14053878784179688,0.0014869213104248048
0.1,0.599484,0.5,5,0.6699999999999999,0.07408703590297622,389,0.6333333333333333,0.65,0.6166666666666667,0.6333333333333333,0.8166666666666667,0.16504034996032715,0.0014921665191650391
0.1,0.599484,0.5,10,0.7266666666666668,0.12138094304022082,204,0.5333333333333333,0.8166666666666667,0.8333333333333333,0.6333333333333333,0.8166666666666667,0.16520276069641113,0.001496124267578125
0.1,0.599484,0.5,20,0.7300000000000001,0.08653836657164776,154,0.6166666666666667,0.8333333333333333,0.7333333333333334,0.65,0.8166666666666667,0.16525869369506835,0.0014963626861572265
0.1,0.599484,0.5,50,0.7466666666666667,0.13391539617733775,87,0.5166666666666667,0.8333333333333333,0.7333333333333334,0.7333333333333334,0.9166666666666667,0.16614365577697754,0.0014855384826660157
0.1,0.599484,0.7,5,0.6733333333333335,0.12587471725666138,370,0.55,0.6333333333333333,0.6333333333333333,0.6333333333333333,0.9166666666666667,0.15616674423217775,0.0014629840850830078
0.1,0.599484,0.7,10,0.7300000000000001,0.11614167593456233,154,0.6333333333333333,0.9166666666666667,0.65,0.6333333333333333,0.8166666666666667,0.15657148361206055,0.0014739990234375
0.1,0.599484,0.7,20,0.7666666666666666,0.08366600265340753,37,0.6166666666666667,0.8333333333333333,0.8166666666666667,0.7333333333333334,0.8333333333333333,0.15660514831542968,0.001485300064086914
0.1,0.599484,0.7,50,0.7300000000000001,0.11566234381931643,154,0.5166666666666667,0.8333333333333333,0.7333333333333334,0.7333333333333334,0.8333333333333333,0.15435190200805665,0.0014768600463867187
0.1,0.599484,0.9,5,0.6599999999999999,0.16179548132682128,397,0.55,0.75,0.45,0.6333333333333333,0.9166666666666667,0.1499495506286621,0.0014583587646484375
0.1,0.599484,0.9,10,0.75,0.13621877827801704,64,0.6333333333333333,0.9166666666666667,0.65,0.6333333333333333,0.9166666666666667,0.14998407363891603,0.0014710426330566406
0.1,0.599484,0.9,20,0.7266666666666668,0.11575836902790221,204,0.5166666666666667,0.8333333333333333,0.7166666666666667,0.7333333333333334,0.8333333333333333,0.15077342987060546,0.0014599323272705077
0.1,0.599484,0.9,50,0.7300000000000001,0.11566234381931643,154,0.5166666666666667,0.8333333333333333,0.7333333333333334,0.7333333333333334,0.8333333333333333,0.15131888389587403,0.001465749740600586
0.1,2.15443,0.1,5,0.6533333333333333,0.1624123695343978,459,0.45,0.6333333333333333,0.7333333333333334,0.5333333333333333,0.9166666666666667,0.24205822944641114,0.0015181541442871095
0.1,2.15443,0.1,10,0.6533333333333333,0.1454494948618095,459,0.45,0.8166666666666667,0.6333333333333333,0.55,0.8166666666666667,0.24210362434387206,0.001503133773803711
0.1,2.15443,0.1,20,0.6933333333333334,0.1284955684493092,303,0.5333333333333333,0.8333333333333333,0.7333333333333334,0.55,0.8166666666666667,0.2428764820098877,0.0015245914459228516
0.1,2.15443,0.1,50,0.7633333333333333,0.08969082698049138,49,0.6,0.8333333333333333,0.7333333333333334,0.8333333333333333,0.8166666666666667,0.2454987049102783,0.001504993438720703
0.1,2.15443,0.3,5,0.6333333333333334,0.10055402085998903,509,0.55,0.6333333333333333,0.6333333333333333,0.5333333333333333,0.8166666666666667,0.3090920925140381,0.0015459537506103515
0.1,2.15443,0.3,10,0.6933333333333334,0.12587471725666138,303,0.55,0.7333333333333334,0.6333333333333333,0.6333333333333333,0.9166666666666667,0.3093678951263428,0.0015371322631835937
0.1,2.15443,0.3,20,0.7466666666666667,0.1071862346054235,87,0.6166666666666667,0.8333333333333333,0.7333333333333334,0.65,0.9,0.31018314361572263,0.0015428543090820312
0.1,2.15443,0.3,50,0.7466666666666667,0.08259674462242576,87,0.6,0.8333333333333333,0.7333333333333334,0.75,0.8166666666666667,0.30976428985595705,0.0015610694885253907
0.1,2.15443,0.5,5,0.6533333333333333,0.08781293248212993,459,0.55,0.6333333333333333,0.6333333333333333,0.6333333333333333,0.8166666666666667,0.34636363983154295,0.0016071319580078125
0.1,2.15443,0.5,10,0.7266666666666667,0.1515109090315135,212,0.55,0.9166666666666667,0.6333333333333333,0.6333333333333333,0.9,0.3456693649291992,0.001544809341430664
0.1,2.15443,0.5,20,0.7300000000000001,0.08653836657164776,154,0.6166666666666667,0.8333333333333333,0.7333333333333334,0.65,0.8166666666666667,0.34648828506469725,0.0015515804290771485
0.1,2.15443,0.5,50,0.7833333333333333,0.13165611772087665,15,0.6,0.8333333333333333,0.7333333333333334,0.75,1.0,0.3462247371673584,0.001545286178588867
0.1,2.15443,0.7,5,0.6566666666666666,0.08730533902472529,416,0.55,0.65,0.6333333333333333,0.6333333333333333,0.8166666666666667,0.4104093074798584,0.0015501976013183594
0.1,2.15443,0.7,10,0.71,0.14204850501775013,247,0.5333333333333333,0.9166666666666667,0.6333333333333333,0.6333333333333333,0.8333333333333333,0.410526704788208,0.001546192169189453
0.1,2.15443,0.7,20,0.7333333333333334,0.09775252199076785,137,0.55,0.75,0.8166666666666667,0.7333333333333334,0.8166666666666667,0.4103029727935791,0.0016546249389648438
0.1,2.15443,0.7,50,0.7833333333333334,0.10852547064066471,12,0.6,0.8333333333333333,0.7333333333333334,0.8333333333333333,0.9166666666666667,0.4097757339477539,0.0015569686889648437
0.1,2.15443,0.9,5,0.6900000000000001,0.0703957069398096,318,0.7166666666666667,0.65,0.6333333333333333,0.6333333333333333,0.8166666666666667,0.4058476448059082,0.0015977859497070313
0.1,2.15443,0.9,10,0.71,0.14204850501775013,247,0.5333333333333333,0.9166666666666667,0.6333333333333333,0.6333333333333333,0.8333333333333333,0.4054098606109619,0.001541900634765625
0.1,2.15443,0.9,20,0.7466666666666667,0.07333333333333332,87,0.6166666666666667,0.75,0.8166666666666667,0.7333333333333334,0.8166666666666667,0.40595259666442873,0.001541280746459961
0.1,2.15443,0.9,50,0.7133333333333333,0.10509255180289627,233,0.5166666666666667,0.75,0.7333333333333334,0.7333333333333334,0.8333333333333333,0.40584559440612794,0.0015427112579345704
0.1,7.74264,0.1,5,0.6566666666666666,0.16213848676020415,416,0.45,0.65,0.7333333333333334,0.5333333333333333,0.9166666666666667,0.3095734119415283,0.0015138149261474609
0.1,7.74264,0.1,10,0.6566666666666666,0.10780641085864154,416,0.5333333333333333,0.7333333333333334,0.65,0.55,0.8166666666666667,0.3087519645690918,0.0015213489532470703
0.1,7.74264,0.1,20,0.6966666666666667,0.13960261060914614,286,0.45,0.7333333333333334,0.8333333333333333,0.65,0.8166666666666667,0.3083340644836426,0.0015248775482177735
0.1,7.74264,0.1,50,0.7466666666666667,0.12083045973594567,87,0.5166666666666667,0.8333333333333333,0.7333333333333334,0.8333333333333333,0.8166666666666667,0.30804786682128904,0.0015338897705078126
0.1,7.74264,0.3,5,0.6533333333333333,0.1624123695343978,459,0.45,0.6333333333333333,0.7333333333333334,0.5333333333333333,0.9166666666666667,0.4812334060668945,0.001547527313232422
0.1,7.74264,0.3,10,0.5966666666666667,0.1664665465224503,529,0.45,0.55,0.6333333333333333,0.45,0.9,0.48020386695861816,0.0015551090240478516
0.1,7.74264,0.3,20,0.71,0.07039570693980958,247,0.6166666666666667,0.7333333333333334,0.7333333333333334,0.65,0.8166666666666667,0.48102526664733886,0.0015622615814208985
0.1,7.74264,0.3,50,0.7466666666666667,0.08259674462242576,87,0.6,0.8333333333333333,0.7333333333333334,0.75,0.8166666666666667,0.4838284969329834,0.0015499114990234375
0.1,7.74264,0.5,5,0.64,0.10677078252031308,488,0.55,0.6333333333333333,0.65,0.5333333333333333,0.8333333333333333,0.5566392421722413,0.0015597820281982421
0.1,7.74264,0.5,10,0.68,0.12445436468396316,348,0.55,0.6666666666666666,0.6333333333333333,0.6333333333333333,0.9166666666666667,0.5553476333618164,0.001592540740966797
0.1,7.74264,0.5,20,0.6900000000000001,0.09463379711052258,318,0.6166666666666667,0.7333333333333334,0.7333333333333334,0.55,0.8166666666666667,0.554651403427124,0.0015662193298339843
0.1,7.74264,0.5,50,0.7833333333333333,0.13165611772087665,15,0.6,0.8333333333333333,0.7333333333333334,0.75,1.0,0.5553816318511963,0.001566171646118164
0.1,7.74264,0.7,5,0.6566666666666666,0.08730533902472529,416,0.55,0.6333333333333333,0.65,0.6333333333333333,0.8166666666666667,0.6451261043548584,0.0015642642974853516
0.1,7.74264,0.7,10,0.6966666666666667,0.12710450643291749,286,0.55,0.75,0.6333333333333333,0.6333333333333333,0.9166666666666667,0.6449307918548584,0.0015667438507080077
0.1,7.74264,0.7,20,0.7066666666666667,0.06960204339273698,274,0.6166666666666667,0.7166666666666667,0.7333333333333334,0.65,0.8166666666666667,0.6464476585388184,0.0015600204467773437
0.1,7.74264,0.7,50,0.7833333333333333,0.13165611772087665,15,0.6,0.8333333333333333,0.7333333333333334,0.75,1.0,0.6457376480102539,0.0015655040740966796
0.1,7.74264,0.9,5,0.6533333333333333,0.08781293248212993,459,0.55,0.6333333333333333,0.6333333333333333,0.6333333333333333,0.8166666666666667,0.7231545925140381,0.0015785694122314453
0.1,7.74264,0.9,10,0.6966666666666667,0.12710450643291749,286,0.55,0.75,0.6333333333333333,0.6333333333333333,0.9166666666666667,0.7234480381011963,0.0015678882598876953
0.1,7.74264,0.9,20,0.7066666666666667,0.10728984626287387,274,0.5333333333333333,0.7166666666666667,0.8166666666666667,0.65,0.8166666666666667,0.7295067787170411,0.0016802310943603515
0.1,7.74264,0.9,50,0.7833333333333333,0.13165611772087665,15,0.6,0.8333333333333333,0.7333333333333334,0.75,1.0,0.7254204273223877,0.0015726566314697265
0.1,27.8256,0.1,5,0.6566666666666666,0.16213848676020415,416,0.45,0.65,0.7333333333333334,0.5333333333333333,0.9166666666666667,0.28244814872741697,0.001540374755859375
0.1,27.8256,0.1,10,0.6900000000000001,0.07498147919467994,318,0.6166666666666667,0.7333333333333334,0.65,0.6333333333333333,0.8166666666666667,0.2823326110839844,0.0015320777893066406
0.1,27.8256,0.1,20,0.71,0.15369522511198003,247,0.43333333333333335,0.8166666666666667,0.8333333333333333,0.65,0.8166666666666667,0.282694673538208,0.0015402793884277343
0.1,27.8256,0.1,50,0.7833333333333332,0.09189365834726812,26,0.6,0.8333333333333333,0.8333333333333333,0.8333333333333333,0.8166666666666667,0.28244194984436033,0.001536989212036133
0.1,27.8256,0.3,5,0.6566666666666666,0.16213848676020415,416,0.45,0.65,0.7333333333333334,0.5333333333333333,0.9166666666666667,0.4708548545837402,0.0015594005584716798
0.1,27.8256,0.3,10,0.64,0.12978614889287857,488,0.45,0.7333333333333334,0.65,0.55,0.8166666666666667,0.4741837024688721,0.0015685081481933594
0.1,27.8256,0.3,20,0.6966666666666667,0.13960261060914614,286,0.45,0.7333333333333334,0.8333333333333333,0.65,0.8166666666666667,0.4718302249908447,0.0015531063079833984
0.1,27.8256,0.3,50,0.7466666666666667,0.12083045973594567,87,0.5166666666666667,0.8333333333333333,0.7333333333333334,0.8333333333333333,0.8166666666666667,0.4724857807159424,0.0015676021575927734
0.1,27.8256,0.5,5,0.6699999999999999,0.14391355429948605,389,0.5333333333333333,0.6333333333333333,0.7333333333333334,0.5333333333333333,0.9166666666666667,0.6434310913085938,0.0015773773193359375
0.1,27.8256,0.5,10,0.69,0.13564659966250536,340,0.5333333333333333,0.7333333333333334,0.7333333333333334,0.55,0.9,0.6463099956512451,0.001562023162841797
0.1,27.8256,0.5,20,0.6933333333333334,0.09580071908799943,303,0.5333333333333333,0.7333333333333334,0.7333333333333334,0.65,0.8166666666666667,0.6478423595428466,0.0015797138214111329
0.1,27.8256,0.5,50,0.7466666666666667,0.12083045973594567,87,0.5166666666666667,0.8333333333333333,0.7333333333333334,0.8333333333333333,0.8166666666666667,0.64549560546875,0.0015773296356201172
0.1,27.8256,0.7,5,0.6533333333333333,0.1624123695343978,459,0.45,0.6333333333333333,0.7333333333333334,0.5333333333333333,0.9166666666666667,0.6925322532653808,0.0015812397003173828
0.1,27.8256,0.7,10,0.5966666666666667,0.1664665465224503,529,0.45,0.55,0.6333333333333333,0.45,0.9,0.6924917697906494,0.0015777111053466796
0.1,27.8256,0.7,20,0.71,0.07039570693980958,247,0.6166666666666667,0.7333333333333334,0.7333333333333334,0.65,0.8166666666666667,0.6957197666168213,0.0015840530395507812
0.1,27.8256,0.7,50,0.7300000000000001,0.11323525167642015,154,0.5166666666666667,0.8333333333333333,0.7333333333333334,0.75,0.8166666666666667,0.6963244915008545,0.0015677928924560547
0.1,27.8256,0.9,5,0.65,0.10327955589886446,483,0.55,0.6333333333333333,0.7333333333333334,0.5333333333333333,0.8,0.7782371044158936,0.0015977859497070313
0.1,27.8256,0.9,10,0.6933333333333332,0.12138094304022083,315,0.55,0.75,0.6333333333333333,0.6333333333333333,0.9,0.7759247779846191,0.0015736103057861328
0.1,27.8256,0.9,20,0.6900000000000001,0.09463379711052258,318,0.6166666666666667,0.7333333333333334,0.7333333333333334,0.55,0.8166666666666667,0.7756283283233643,0.0015701770782470704
0.1,27.8256,0.9,50,0.7300000000000001,0.11323525167642015,154,0.5166666666666667,0.8333333333333333,0.7333333333333334,0.75,0.8166666666666667,0.7773328304290772,0.0017015933990478516
0.1,100.0,0.1,5,0.6566666666666666,0.16213848676020415,416,0.45,0.65,0.7333333333333334,0.5333333333333333,0.9166666666666667,0.32898502349853515,0.0015686511993408202
0.1,100.0,0.1,10,0.6900000000000001,0.07498147919467994,318,0.6166666666666667,0.7333333333333334,0.65,0.6333333333333333,0.8166666666666667,0.32815847396850584,0.0015722751617431641
0.1,100.0,0.1,20,0.7266666666666668,0.08273115763993903,204,0.6166666666666667,0.8166666666666667,0.7333333333333334,0.65,0.8166666666666667,0.32793498039245605,0.0015096664428710938
0.1,100.0,0.1,50,0.7866666666666665,0.05312459150169741,9,0.7,0.8333333333333333,0.8333333333333333,0.75,0.8166666666666667,0.32847113609313966,0.001511383056640625
0.1,100.0,0.3,5,0.6566666666666666,0.16213848676020415,416,0.45,0.65,0.7333333333333334,0.5333333333333333,0.9166666666666667,0.3414767742156982,0.0015069961547851563
0.1,100.0,0.3,10,0.6900000000000001,0.07498147919467994,318,0.6166666666666667,0.7333333333333334,0.65,0.6333333333333333,0.8166666666666667,0.3414853572845459,0.001523303985595703
0.1,100.0,0.3,20,0.6899999999999998,0.16619934483090543,343,0.43333333333333335,0.8166666666666667,0.8333333333333333,0.55,0.8166666666666667,0.3416562080383301,0.001519918441772461
0.1,100.0,0.3,50,0.7833333333333332,0.09189365834726812,26,0.6,0.8333333333333333,0.8333333333333333,0.8333333333333333,0.8166666666666667,0.3427140235900879,0.0015326499938964843
0.1,100.0,0.5,5,0.6566666666666666,0.16213848676020415,416,0.45,0.65,0.7333333333333334,0.5333333333333333,0.9166666666666667,0.37903199195861814,0.0015849590301513672
0.1,100.0,0.5,10,0.6566666666666666,0.12229290885229427,416,0.45,0.7333333333333334,0.65,0.6333333333333333,0.8166666666666667,0.3775318145751953,0.0015281200408935546
0.1,100.0,0.5,20,0.71,0.15369522511198003,247,0.43333333333333335,0.8166666666666667,0.8333333333333333,0.65,0.8166666666666667,0.3773781776428223,0.0015495777130126952
0.1,100.0,0.5,50,0.7666666666666666,0.1251665557034572,37,0.5166666666666667,0.8333333333333333,0.8333333333333333,0.8333333333333333,0.8166666666666667,0.37746500968933105,0.0015271663665771484
0.1,100.0,0.7,5,0.6566666666666666,0.16213848676020415,416,0.45,0.65,0.7333333333333334,0.5333333333333333,0.9166666666666667,0.4461648941040039,0.0015408992767333984
0.1,100.0,0.7,10,0.6566666666666666,0.12229290885229427,416,0.45,0.7333333333333334,0.65,0.6333333333333333,0.8166666666666667,0.44635686874389646,0.0015448570251464845
0.1,100.0,0.7,20,0.71,0.15369522511198003,247,0.43333333333333335,0.8166666666666667,0.8333333333333333,0.65,0.8166666666666667,0.4468689918518066,0.0015520095825195313
0.1,100.0,0.7,50,0.7466666666666667,0.12083045973594567,87,0.5166666666666667,0.8333333333333333,0.7333333333333334,0.8333333333333333,0.8166666666666667,0.44637722969055177,0.001558685302734375
0.1,100.0,0.9,5,0.6566666666666666,0.16213848676020415,416,0.45,0.65,0.7333333333333334,0.5333333333333333,0.9166666666666667,0.5445978164672851,0.0015545368194580078
0.1,100.0,0.9,10,0.64,0.12978614889287857,488,0.45,0.7333333333333334,0.65,0.55,0.8166666666666667,0.5455212116241455,0.0015489578247070313
0.1,100.0,0.9,20,0.6766666666666665,0.15151090903151346,361,0.45,0.7333333333333334,0.8333333333333333,0.55,0.8166666666666667,0.5459468841552735,0.0015499114990234375
0.1,100.0,0.9,50,0.7466666666666667,0.12083045973594567,87,0.5166666666666667,0.8333333333333333,0.7333333333333334,0.8333333333333333,0.8166666666666667,0.5443150997161865,0.0015485763549804687
0.2,0.001,0.1,5,0.47000000000000003,0.04521553322083513,689,0.5,0.3833333333333333,0.5,0.4666666666666667,0.5,0.0033185482025146484,0.0013858795166015625
0.2,0.001,0.1,10,0.44666666666666666,0.05312459150169744,721,0.3833333333333333,0.3833333333333333,0.5,0.4666666666666667,0.5,0.0032338619232177733,0.0013906002044677735
0.2,0.001,0.1,20,0.43000000000000005,0.09333333333333334,753,0.3833333333333333,0.4,0.5666666666666667,0.3,0.5,0.0032640933990478516,0.0013826847076416015
0.2,0.001,0.1,50,0.5399999999999999,0.10677078252031312,593,0.35,0.6333333333333333,0.5333333333333333,0.65,0.5333333333333333,0.0032599925994873046,0.0013946533203125
0.2,0.001,0.3,5,0.47000000000000003,0.04521553322083513,689,0.5,0.3833333333333333,0.5,0.4666666666666667,0.5,0.003263521194458008,0.0013947010040283204
0.2,0.001,0.3,10,0.44666666666666666,0.05312459150169744,721,0.3833333333333333,0.3833333333333333,0.5,0.4666666666666667,0.5,0.0032056331634521484,0.0013777256011962891
0.2,0.001,0.3,20,0.43000000000000005,0.09333333333333334,753,0.3833333333333333,0.4,0.5666666666666667,0.3,0.5,0.0032628536224365234,0.00137481689453125
0.2,0.001,0.3,50,0.5399999999999999,0.10677078252031312,593,0.35,0.6333333333333333,0.5333333333333333,0.65,0.5333333333333333,0.003240966796875,0.0013881206512451171
0.2,0.001,0.5,5,0.47000000000000003,0.04521553322083513,689,0.5,0.3833333333333333,0.5,0.4666666666666667,0.5,0.0032479286193847655,0.0013849735260009766
0.2,0.001,0.5,10,0.44666666666666666,0.05312459150169744,721,0.3833333333333333,0.3833333333333333,0.5,0.4666666666666667,0.5,0.0032122135162353516,0.001390981674194336
0.2,0.001,0.5,20,0.43000000000000005,0.09333333333333334,753,0.3833333333333333,0.4,0.5666666666666667,0.3,0.5,0.003254413604736328,0.001386547088623047
0.2,0.001,0.5,50,0.5399999999999999,0.10677078252031312,593,0.35,0.6333333333333333,0.5333333333333333,0.65,0.5333333333333333,0.0032577037811279295,0.0013936996459960938
0.2,0.001,0.7,5,0.47000000000000003,0.04521553322083513,689,0.5,0.3833333333333333,0.5,0.4666666666666667,0.5,0.003269815444946289,0.0013869285583496093
0.2,0.001,0.7,10,0.44666666666666666,0.05312459150169744,721,0.3833333333333333,0.3833333333333333,0.5,0.4666666666666667,0.5,0.003232717514038086,0.001382160186767578
0.2,0.001,0.7,20,0.43000000000000005,0.09333333333333334,753,0.3833333333333333,0.4,0.5666666666666667,0.3,0.5,0.0032643795013427733,0.0013718605041503906
0.2,0.001,0.7,50,0.5399999999999999,0.10677078252031312,593,0.35,0.6333333333333333,0.5333333333333333,0.65,0.5333333333333333,0.003260087966918945,0.0013828754425048828
0.2,0.001,0.9,5,0.47000000000000003,0.04521553322083513,689,0.5,0.3833333333333333,0.5,0.4666666666666667,0.5,0.003253793716430664,0.0013935565948486328
0.2,0.001,0.9,10,0.44666666666666666,0.05312459150169744,721,0.3833333333333333,0.3833333333333333,0.5,0.4666666666666667,0.5,0.0032073497772216798,0.0013941287994384765
0.2,0.001,0.9,20,0.43000000000000005,0.09333333333333334,753,0.3833333333333333,0.4,0.5666666666666667,0.3,0.5,0.003262758255004883,0.0013892173767089844
0.2,0.001,0.9,50,0.5399999999999999,0.10677078252031312,593,0.35,0.6333333333333333,0.5333333333333333,0.65,0.5333333333333333,0.003236246109008789,0.0013972759246826173
0.2,0.00359381,0.1,5,0.47000000000000003,0.04521553322083513,689,0.5,0.3833333333333333,0.5,0.4666666666666667,0.5,0.0038786888122558593,0.001453733444213867
0.2,0.00359381,0.1,10,0.44666666666666666,0.05312459150169744,721,0.3833333333333333,0.3833333333333333,0.5,0.4666666666666667,0.5,0.003885793685913086,0.0013907909393310546
0.2,0.00359381,0.1,20,0.43000000000000005,0.09333333333333334,753,0.3833333333333333,0.4,0.5666666666666667,0.3,0.5,0.003966903686523438,0.0013976097106933594
0.2,0.00359381,0.1,50,0.5399999999999999,0.10677078252031312,593,0.35,0.6333333333333333,0.5333333333333333,0.65,0.5333333333333333,0.00397343635559082,0.0014009475708007812
0.2,0.00359381,0.3,5,0.47000000000000003,0.04521553322083513,689,0.5,0.3833333333333333,0.5,0.4666666666666667,0.5,0.0032042980194091795,0.0013898849487304688
0.2,0.00359381,0.3,10,0.44666666666666666,0.05312459150169744,721,0.3833333333333333,0.3833333333333333,0.5,0.4666666666666667,0.5,0.003233814239501953,0.0013758182525634766
0.2,0.00359381,0.3,20,0.43000000000000005,0.09333333333333334,753,0.3833333333333333,0.4,0.5666666666666667,0.3,0.5,0.003256702423095703,0.0013951778411865235
0.2,0.00359381,0.3,50,0.5399999999999999,0.10677078252031312,593,0.35,0.6333333333333333,0.5333333333333333,0.65,0.5333333333333333,0.003309011459350586,0.0013968944549560547
0.2,0.00359381,0.5,5,0.47000000000000003,0.04521553322083513,689,0.5,0.3833333333333333,0.5,0.4666666666666667,0.5,0.003197002410888672,0.0013880252838134766
0.2,0.00359381,0.5,10,0.44666666666666666,0.05312459150169744,721,0.3833333333333333,0.3833333333333333,0.5,0.4666666666666667,0.5,0.0032158374786376955,0.001386547088623047
0.2,0.00359381,0.5,20,0.43000000000000005,0.09333333333333334,753,0.3833333333333333,0.4,0.5666666666666667,0.3,0.5,0.0032776832580566407,0.0014031887054443359
0.2,0.00359381,0.5,50,0.5399999999999999,0.10677078252031312,593,0.35,0.6333333333333333,0.5333333333333333,0.65,0.5333333333333333,0.0033009529113769533,0.001389455795288086
0.2,0.00359381,0.7,5,0.47000000000000003,0.04521553322083513,689,0.5,0.3833333333333333,0.5,0.4666666666666667,0.5,0.0032034397125244142,0.0013794422149658204
0.2,0.00359381,0.7,10,0.44666666666666666,0.05312459150169744,721,0.3833333333333333,0.3833333333333333,0.5,0.4666666666666667,0.5,0.0032228469848632813,0.0013810157775878905
0.2,0.00359381,0.7,20,0.43000000000000005,0.09333333333333334,753,0.3833333333333333,0.4,0.5666666666666667,0.3,0.5,0.0032930850982666017,0.001390552520751953
0.2,0.00359381,0.7,50,0.5399999999999999,0.10677078252031312,593,0.35,0.6333333333333333,0.5333333333333333,0.65,0.5333333333333333,0.0033060550689697266,0.0013824462890625
0.2,0.00359381,0.9,5,0.47000000000000003,0.04521553322083513,689,0.5,0.3833333333333333,0.5,0.4666666666666667,0.5,0.003204059600830078,0.0013820171356201173
0.2,0.00359381,0.9,10,0.44666666666666666,0.05312459150169744,721,0.3833333333333333,0.3833333333333333,0.5,0.4666666666666667,0.5,0.0032323360443115234,0.0013860225677490234
0.2,0.00359381,0.9,20,0.43000000000000005,0.09333333333333334,753,0.3833333333333333,0.4,0.5666666666666667,0.3,0.5,0.003259420394897461,0.001386547088623047
0.2,0.00359381,0.9,50,0.5399999999999999,0.10677078252031312,593,0.35,0.6333333333333333,0.5333333333333333,0.65,0.5333333333333333,0.003263425827026367,0.0013895034790039062
0.2,0.0129155,0.1,5,0.6599999999999999,0.08666666666666666,397,0.55,0.65,0.6333333333333333,0.65,0.8166666666666667,0.011696910858154297,0.001385068893432617
0.2,0.0129155,0.1,10,0.7166666666666666,0.1386442289539028,216,0.45,0.75,0.7333333333333334,0.8333333333333333,0.8166666666666667,0.011731624603271484,0.0013887405395507813
0.2,0.0129155,0.1,20,0.7166666666666666,0.0960324019392529,216,0.5333333333333333,0.75,0.7333333333333334,0.75,0.8166666666666667,0.01185779571533203,0.0014082431793212891
0.2,0.0129155,0.1,50,0.7166666666666666,0.1406334873981932,216,0.45,0.8333333333333333,0.7333333333333334,0.8333333333333333,0.7333333333333334,0.011685419082641601,0.001403474807739258
0.2,0.0129155,0.3,5,0.47000000000000003,0.04521553322083513,689,0.5,0.3833333333333333,0.5,0.4666666666666667,0.5,0.003948640823364258,0.0013971805572509765
0.2,0.0129155,0.3,10,0.44666666666666666,0.05312459150169744,721,0.3833333333333333,0.3833333333333333,0.5,0.4666666666666667,0.5,0.0038787364959716798,0.0013913154602050782
0.2,0.0129155,0.3,20,0.43000000000000005,0.09333333333333334,753,0.3833333333333333,0.4,0.5666666666666667,0.3,0.5,0.003963375091552734,0.0013841152191162109
0.2,0.0129155,0.3,50,0.5399999999999999,0.10677078252031312,593,0.35,0.6333333333333333,0.5333333333333333,0.65,0.5333333333333333,0.0039650917053222655,0.001395845413208008
0.2,0.0129155,0.5,5,0.47000000000000003,0.04521553322083513,689,0.5,0.3833333333333333,0.5,0.4666666666666667,0.5,0.0034722805023193358,0.0013905048370361328
0.2,0.0129155,0.5,10,0.44666666666666666,0.05312459150169744,721,0.3833333333333333,0.3833333333333333,0.5,0.4666666666666667,0.5,0.0034995079040527344,0.0013776779174804687
0.2,0.0129155,0.5,20,0.43000000000000005,0.09333333333333334,753,0.3833333333333333,0.4,0.5666666666666667,0.3,0.5,0.0035560131072998047,0.0013898372650146484
0.2,0.0129155,0.5,50,0.5399999999999999,0.10677078252031312,593,0.35,0.6333333333333333,0.5333333333333333,0.65,0.5333333333333333,0.003582620620727539,0.0013878345489501953
0.2,0.0129155,0.7,5,0.47000000000000003,0.04521553322083513,689,0.5,0.3833333333333333,0.5,0.4666666666666667,0.5,0.0032124042510986326,0.0013729095458984374
0.2,0.0129155,0.7,10,0.44666666666666666,0.05312459150169744,721,0.3833333333333333,0.3833333333333333,0.5,0.4666666666666667,0.5,0.0032073020935058593,0.0013846874237060547
0.2,0.0129155,0.7,20,0.43000000000000005,0.09333333333333334,753,0.3833333333333333,0.4,0.5666666666666667,0.3,0.5,0.003285503387451172,0.0013803005218505859
0.2,0.0129155,0.7,50,0.5399999999999999,0.10677078252031312,593,0.35,0.6333333333333333,0.5333333333333333,0.65,0.5333333333333333,0.003271627426147461,0.0014026165008544922
0.2,0.0129155,0.9,5,0.47000000000000003,0.04521553322083513,689,0.5,0.3833333333333333,0.5,0.4666666666666667,0.5,0.0032018184661865234,0.0013839244842529298
0.2,0.0129155,0.9,10,0.44666666666666666,0.05312459150169744,721,0.3833333333333333,0.3833333333333333,0.5,0.4666666666666667,0.5,0.0032376766204833983,0.0013901233673095704
0.2,0.0129155,0.9,20,0.43000000000000005,0.09333333333333334,753,0.3833333333333333,0.4,0.5666666666666667,0.3,0.5,0.003238821029663086,0.001392507553100586
0.2,0.0129155,0.9,50,0.5399999999999999,0.10677078252031312,593,0.35,0.6333333333333333,0.5333333333333333,0.65,0.5333333333333333,0.0032762527465820313,0.0013786792755126954
0.2,0.0464159,0.1,5,0.7333333333333334,0.19804601036683933,137,0.3666666666666667,0.9,0.7333333333333334,0.75,0.9166666666666667,0.022472190856933593,0.0013909339904785156
0.2,0.0464159,0.1,10,0.64,0.11623730516108462,488,0.45,0.6333333333333333,0.65,0.65,0.8166666666666667,0.022401809692382812,0.0014003753662109376
0.2,0.0464159,0.1,20,0.7333333333333334,0.05868938953886337,137,0.6333333333333333,0.75,0.7333333333333334,0.7333333333333334,0.8166666666666667,0.02237734794616699,0.0013980865478515625
0.2,0.0464159,0.1,50,0.7300000000000001,0.07102425250887506,154,0.6,0.75,0.7333333333333334,0.75,0.8166666666666667,0.022351598739624022,0.0014175891876220704
0.2,0.0464159,0.3,5,0.6533333333333333,0.12036980056845191,459,0.45,0.65,0.7166666666666667,0.6333333333333333,0.8166666666666667,0.022791290283203126,0.0013896465301513673
0.2,0.0464159,0.3,10,0.6733333333333332,0.0992191737742481,375,0.5333333333333333,0.75,0.6333333333333333,0.6333333333333333,0.8166666666666667,0.02279524803161621,0.0013949871063232422
0.2,0.0464159,0.3,20,0.7466666666666667,0.07702813338860892,87,0.6166666666666667,0.8333333333333333,0.7333333333333334,0.7333333333333334,0.8166666666666667,0.022870635986328124,0.001386547088623047
0.2,0.0464159,0.3,50,0.7166666666666666,0.11450376024878443,216,0.5333333333333333,0.8333333333333333,0.7333333333333334,0.65,0.8333333333333333,0.0228212833404541,0.0013901233673095704
0.2,0.0464159,0.5,5,0.5733333333333334,0.14047538337136986,553,0.43333333333333335,0.3833333333333333,0.65,0.65,0.75,0.014443540573120117,0.0013826847076416015
0.2,0.0464159,0.5,10,0.6066666666666667,0.13358309939675922,524,0.5333333333333333,0.3833333333333333,0.7333333333333334,0.65,0.7333333333333334,0.014394617080688477,0.0013921260833740234
0.2,0.0464159,0.5,20,0.5733333333333334,0.13441230102437302,553,0.43333333333333335,0.4,0.65,0.75,0.6333333333333333,0.01448197364807129,0.0013906478881835938
0.2,0.0464159,0.5,50,0.5866666666666667,0.14959203781544586,550,0.35,0.6333333333333333,0.48333333333333334,0.7333333333333334,0.7333333333333334,0.014381647109985352,0.0013872146606445312
0.2,0.0464159,0.7,5,0.47000000000000003,0.04521553322083513,689,0.5,0.3833333333333333,0.5,0.4666666666666667,0.5,0.004253292083740234,0.0013754844665527343
0.2,0.0464159,0.7,10,0.44666666666666666,0.05312459150169744,721,0.3833333333333333,0.3833333333333333,0.5,0.4666666666666667,0.5,0.004283905029296875,0.001375865936279297
0.2,0.0464159,0.7,20,0.43000000000000005,0.09333333333333334,753,0.3833333333333333,0.4,0.5666666666666667,0.3,0.5,0.004358863830566407,0.0013772964477539063
0.2,0.0464159,0.7,50,0.5399999999999999,0.10677078252031312,593,0.35,0.6333333333333333,0.5333333333333333,0.65,0.5333333333333333,0.004269266128540039,0.0013927936553955079
0.2,0.0464159,0.9,5,0.47000000000000003,0.04521553322083513,689,0.5,0.3833333333333333,0.5,0.4666666666666667,0.5,0.0038990497589111326,0.0013989448547363282
0.2,0.0464159,0.9,10,0.44666666666666666,0.05312459150169744,721,0.3833333333333333,0.3833333333333333,0.5,0.4666666666666667,0.5,0.0038969039916992186,0.0014498233795166016
0.2,0.0464159,0.9,20,0.43000000000000005,0.09333333333333334,753,0.3833333333333333,0.4,0.5666666666666667,0.3,0.5,0.00394291877746582,0.0013874530792236327
0.2,0.0464159,0.9,50,0.5399999999999999,0.10677078252031312,593,0.35,0.6333333333333333,0.5333333333333333,0.65,0.5333333333333333,0.003914546966552734,0.0013970375061035157
0.2,0.16681,0.1,5,0.71,0.06960204339273701,247,0.6333333333333333,0.6333333333333333,0.7333333333333334,0.7333333333333334,0.8166666666666667,0.05154261589050293,0.0013967990875244141
0.2,0.16681,0.1,10,0.6233333333333333,0.11953614051360738,512,0.45,0.5666666666666667,0.6333333333333333,0.65,0.8166666666666667,0.05156464576721191,0.001393270492553711
0.2,0.16681,0.1,20,0.7300000000000001,0.08653836657164776,154,0.6166666666666667,0.8333333333333333,0.7333333333333334,0.65,0.8166666666666667,0.05157217979431152,0.0014233589172363281
0.2,0.16681,0.1,50,0.7633333333333333,0.08969082698049138,49,0.6,0.8333333333333333,0.7333333333333334,0.8333333333333333,0.8166666666666667,0.05154461860656738,0.0014186859130859374
0.2,0.16681,0.3,5,0.6766666666666667,0.12498888839501786,353,0.55,0.65,0.6333333333333333,0.6333333333333333,0.9166666666666667,0.05749711990356445,0.0014072418212890624
0.2,0.16681,0.3,10,0.6766666666666665,0.14007934259633795,361,0.45,0.6333333333333333,0.8333333333333333,0.65,0.8166666666666667,0.058055973052978514,0.0014226913452148437
0.2,0.16681,0.3,20,0.7300000000000001,0.08653836657164776,154,0.6166666666666667,0.8333333333333333,0.7333333333333334,0.65,0.8166666666666667,0.05768394470214844,0.0014272212982177734
0.2,0.16681,0.3,50,0.7466666666666667,0.12083045973594567,87,0.5166666666666667,0.8333333333333333,0.7333333333333334,0.8333333333333333,0.8166666666666667,0.057580757141113284,0.0014119148254394531
0.2,0.16681,0.5,5,0.6733333333333335,0.15224249662225653,370,0.45,0.6333333333333333,0.7333333333333334,0.6333333333333333,0.9166666666666667,0.06297149658203124,0.0014026641845703125
0.2,0.16681,0.5,10,0.7366666666666667,0.12754084313139327,131,0.55,0.75,0.9166666666666667,0.65,0.8166666666666667,0.06298317909240722,0.0013939857482910157
0.2,0.16681,0.5,20,0.7299999999999999,0.13759844960366863,201,0.5166666666666667,0.75,0.8166666666666667,0.65,0.9166666666666667,0.06300163269042969,0.0014133453369140625
0.2,0.16681,0.5,50,0.7300000000000001,0.11566234381931643,154,0.5166666666666667,0.8333333333333333,0.7333333333333334,0.7333333333333334,0.8333333333333333,0.06303634643554687,0.0014156341552734376
0.2,0.16681,0.7,5,0.6933333333333334,0.14087031072743625,303,0.45,0.7333333333333334,0.8333333333333333,0.6333333333333333,0.8166666666666667,0.060044288635253906,0.0014197826385498047
0.2,0.16681,0.7,10,0.7366666666666666,0.13474255287605158,135,0.5333333333333333,0.75,0.8333333333333333,0.65,0.9166666666666667,0.06052618026733399,0.0014125347137451173
0.2,0.16681,0.7,20,0.7333333333333332,0.11005049346146116,148,0.5333333333333333,0.75,0.7166666666666667,0.8333333333333333,0.8333333333333333,0.06012163162231445,0.001404571533203125
0.2,0.16681,0.7,50,0.7133333333333333,0.11990737165736627,233,0.5166666666666667,0.8333333333333333,0.7333333333333334,0.65,0.8333333333333333,0.060094165802001956,0.001421642303466797
0.2,0.16681,0.9,5,0.6599999999999999,0.124543611281796,397,0.45,0.65,0.7166666666666667,0.65,0.8333333333333333,0.04814324378967285,0.0013992786407470703
0.2,0.16681,0.9,10,0.75,0.13864422895390283,64,0.5333333333333333,0.9166666666666667,0.8333333333333333,0.65,0.8166666666666667,0.048081159591674805,0.0013993263244628906
0.2,0.16681,0.9,20,0.8,0.0924962461700774,6,0.8,0.9166666666666667,0.6333333333333333,0.8333333333333333,0.8166666666666667,0.04815616607666016,0.0014045238494873047
0.2,0.16681,0.9,50,0.7300000000000001,0.12174654911833116,154,0.6166666666666667,0.9166666666666667,0.65,0.6333333333333333,0.8333333333333333,0.04806022644042969,0.0014096736907958985
0.2,0.599484,0.1,5,0.68,0.09626352718795765,348,0.55,0.6333333333333333,0.65,0.7333333333333334,0.8333333333333333,0.11854734420776367,0.001442098617553711
0.2,0.599484,0.1,10,0.6533333333333333,0.1454494948618095,459,0.45,0.8166666666666667,0.6333333333333333,0.55,0.8166666666666667,0.11882610321044922,0.0014561653137207032
0.2,0.599484,0.1,20,0.7300000000000001,0.08653836657164776,154,0.6166666666666667,0.8333333333333333,0.7333333333333334,0.65,0.8166666666666667,0.11851315498352051,0.0014749526977539062
0.2,0.599484,0.1,50,0.7633333333333333,0.08969082698049138,49,0.6,0.8333333333333333,0.7333333333333334,0.8333333333333333,0.8166666666666667,0.11842355728149415,0.0014743328094482422
0.2,0.599484,0.3,5,0.6900000000000001,0.07423685817106698,318,0.6333333333333333,0.6333333333333333,0.7333333333333334,0.6333333333333333,0.8166666666666667,0.13933515548706055,0.0014845371246337891
0.2,0.599484,0.3,10,0.6533333333333333,0.08781293248212993,459,0.55,0.6333333333333333,0.6333333333333333,0.6333333333333333,0.8166666666666667,0.14000406265258789,0.0014807701110839844
0.2,0.599484,0.3,20,0.7633333333333334,0.09683892697555964,46,0.6166666666666667,0.8333333333333333,0.7333333333333334,0.7333333333333334,0.9,0.1390352725982666,0.0015006065368652344
0.2,0.599484,0.3,50,0.7633333333333333,0.10132456102380442,49,0.6,0.8333333333333333,0.7333333333333334,0.75,0.9,0.13906559944152833,0.0014949321746826171
0.2,0.599484,0.5,5,0.6733333333333332,0.07195677714974301,375,0.6333333333333333,0.65,0.6333333333333333,0.6333333333333333,0.8166666666666667,0.16392974853515624,0.0015023231506347656
0.2,0.599484,0.5,10,0.71,0.11333333333333331,247,0.5333333333333333,0.7333333333333334,0.8333333333333333,0.6333333333333333,0.8166666666666667,0.16432719230651854,0.0016203880310058593
0.2,0.599484,0.5,20,0.75,0.09603240193925285,64,0.6166666666666667,0.8333333333333333,0.8333333333333333,0.65,0.8166666666666667,0.1636740207672119,0.0015002727508544923
0.2,0.599484,0.5,50,0.7466666666666667,0.13391539617733775,87,0.5166666666666667,0.8333333333333333,0.7333333333333334,0.7333333333333334,0.9166666666666667,0.16360154151916503,0.0015082836151123046
0.2,0.599484,0.7,5,0.6733333333333335,0.12587471725666138,370,0.55,0.6333333333333333,0.6333333333333333,0.6333333333333333,0.9166666666666667,0.1522522449493408,0.0014771461486816407
0.2,0.599484,0.7,10,0.7300000000000001,0.11614167593456233,154,0.6333333333333333,0.9166666666666667,0.65,0.6333333333333333,0.8166666666666667,0.15195798873901367,0.0014771461486816407
0.2,0.599484,0.7,20,0.7666666666666666,0.08366600265340753,37,0.6166666666666667,0.8333333333333333,0.8166666666666667,0.7333333333333334,0.8333333333333333,0.1519838809967041,0.0014969348907470704
0.2,0.599484,0.7,50,0.7300000000000001,0.11566234381931643,154,0.5166666666666667,0.8333333333333333,0.7333333333333334,0.7333333333333334,0.8333333333333333,0.1521453380584717,0.0014752388000488282
0.2,0.599484,0.9,5,0.6599999999999999,0.16179548132682128,397,0.55,0.75,0.45,0.6333333333333333,0.9166666666666667,0.14931907653808593,0.001475048065185547
0.2,0.599484,0.9,10,0.75,0.13621877827801704,64,0.6333333333333333,0.9166666666666667,0.65,0.6333333333333333,0.9166666666666667,0.149055814743042,0.0014696598052978515
0.2,0.599484,0.9,20,0.7266666666666668,0.11575836902790221,204,0.5166666666666667,0.8333333333333333,0.7166666666666667,0.7333333333333334,0.8333333333333333,0.14922833442687988,0.0014678001403808593
0.2,0.599484,0.9,50,0.7300000000000001,0.11566234381931643,154,0.5166666666666667,0.8333333333333333,0.7333333333333334,0.7333333333333334,0.8333333333333333,0.150706148147583,0.0014699459075927734
0.2,2.15443,0.1,5,0.6533333333333333,0.1624123695343978,459,0.45,0.6333333333333333,0.7333333333333334,0.5333333333333333,0.9166666666666667,0.23974876403808593,0.0015621662139892578
0.2,2.15443,0.1,10,0.6533333333333333,0.1454494948618095,459,0.45,0.8166666666666667,0.6333333333333333,0.55,0.8166666666666667,0.23974533081054689,0.0015175342559814453
0.2,2.15443,0.1,20,0.6933333333333334,0.1284955684493092,303,0.5333333333333333,0.8333333333333333,0.7333333333333334,0.55,0.8166666666666667,0.23958740234375,0.0015239715576171875
0.2,2.15443,0.1,50,0.7633333333333333,0.08969082698049138,49,0.6,0.8333333333333333,0.7333333333333334,0.8333333333333333,0.8166666666666667,0.24126620292663575,0.001508331298828125
0.2,2.15443,0.3,5,0.6333333333333334,0.10055402085998903,509,0.55,0.6333333333333333,0.6333333333333333,0.5333333333333333,0.8166666666666667,0.30796313285827637,0.0015301227569580079
0.2,2.15443,0.3,10,0.6933333333333334,0.12587471725666138,303,0.55,0.7333333333333334,0.6333333333333333,0.6333333333333333,0.9166666666666667,0.3082254886627197,0.0015320777893066406
0.2,2.15443,0.3,20,0.7466666666666667,0.1071862346054235,87,0.6166666666666667,0.8333333333333333,0.7333333333333334,0.65,0.9,0.30815944671630857,0.0015306949615478515
0.2,2.15443,0.3,50,0.7466666666666667,0.08259674462242576,87,0.6,0.8333333333333333,0.7333333333333334,0.75,0.8166666666666667,0.31119508743286134,0.001533365249633789
0.2,2.15443,0.5,5,0.6733333333333332,0.09225568335398698,375,0.55,0.6333333333333333,0.7333333333333334,0.6333333333333333,0.8166666666666667,0.34593024253845217,0.0015361309051513672
0.2,2.15443,0.5,10,0.7266666666666667,0.1515109090315135,212,0.55,0.9166666666666667,0.6333333333333333,0.6333333333333333,0.9,0.3470949649810791,0.0015848159790039062
0.2,2.15443,0.5,20,0.7300000000000001,0.08653836657164776,154,0.6166666666666667,0.8333333333333333,0.7333333333333334,0.65,0.8166666666666667,0.34529972076416016,0.0015363216400146485
0.2,2.15443,0.5,50,0.7833333333333333,0.13165611772087665,15,0.6,0.8333333333333333,0.7333333333333334,0.75,1.0,0.34581470489501953,0.001539325714111328
0.2,2.15443,0.7,5,0.6766666666666667,0.09104333522498441,353,0.55,0.65,0.7333333333333334,0.6333333333333333,0.8166666666666667,0.4099106311798096,0.0015513896942138672
0.2,2.15443,0.7,10,0.7266666666666668,0.15937377450509232,204,0.5333333333333333,0.9166666666666667,0.6333333333333333,0.6333333333333333,0.9166666666666667,0.41046142578125,0.0015443325042724609
0.2,2.15443,0.7,20,0.75,0.0674948557710553,64,0.6333333333333333,0.75,0.8166666666666667,0.7333333333333334,0.8166666666666667,0.41123332977294924,0.001548624038696289
0.2,2.15443,0.7,50,0.8033333333333333,0.07774602526460402,3,0.7,0.8333333333333333,0.7333333333333334,0.8333333333333333,0.9166666666666667,0.40996513366699217,0.0015530109405517579
0.2,2.15443,0.9,5,0.71,0.06548960901462833,247,0.7166666666666667,0.65,0.7333333333333334,0.6333333333333333,0.8166666666666667,0.4052579879760742,0.0016049861907958985
0.2,2.15443,0.9,10,0.71,0.14204850501775013,247,0.5333333333333333,0.9166666666666667,0.6333333333333333,0.6333333333333333,0.8333333333333333,0.4054591178894043,0.0015391826629638672
0.2,2.15443,0.9,20,0.7466666666666667,0.07333333333333332,87,0.6166666666666667,0.75,0.8166666666666667,0.7333333333333334,0.8166666666666667,0.4077596187591553,0.0015501022338867188
0.2,2.15443,0.9,50,0.8033333333333333,0.10666666666666666,3,0.7166666666666667,0.8333333333333333,0.7333333333333334,0.7333333333333334,1.0,0.4057440280914307,0.001555633544921875
0.2,7.74264,0.1,5,0.6566666666666666,0.16213848676020415,416,0.45,0.65,0.7333333333333334,0.5333333333333333,0.9166666666666667,0.3092838764190674,0.0015392780303955078
0.2,7.74264,0.1,10,0.6566666666666666,0.10780641085864154,416,0.5333333333333333,0.7333333333333334,0.65,0.55,0.8166666666666667,0.30870609283447265,0.001516246795654297
0.2,7.74264,0.1,20,0.7166666666666666,0.1386442289539028,216,0.45,0.7333333333333334,0.8333333333333333,0.75,0.8166666666666667,0.3090275764465332,0.0015358448028564454
0.2,7.74264,0.1,50,0.7466666666666667,0.12083045973594567,87,0.5166666666666667,0.8333333333333333,0.7333333333333334,0.8333333333333333,0.8166666666666667,0.31001787185668944,0.0015373706817626953
0.2,7.74264,0.3,5,0.6533333333333333,0.1624123695343978,459,0.45,0.6333333333333333,0.7333333333333334,0.5333333333333333,0.9166666666666667,0.4826852798461914,0.0015591621398925782
0.2,7.74264,0.3,10,0.6166666666666667,0.17543596489254357,521,0.45,0.55,0.7333333333333334,0.45,0.9,0.48475918769836424,0.001558971405029297
0.2,7.74264,0.3,20,0.71,0.07039570693980958,247,0.6166666666666667,0.7333333333333334,0.7333333333333334,0.65,0.8166666666666667,0.4850199222564697,0.0015667438507080077
0.2,7.74264,0.3,50,0.7466666666666667,0.08259674462242576,87,0.6,0.8333333333333333,0.7333333333333334,0.75,0.8166666666666667,0.48537044525146483,0.0015519142150878906
0.2,7.74264,0.5,5,0.64,0.10677078252031308,488,0.55,0.6333333333333333,0.65,0.5333333333333333,0.8333333333333333,0.5606953144073487,0.0016889095306396485
0.2,7.74264,0.5,10,0.7,0.12337837015547834,280,0.55,0.6666666666666666,0.7333333333333334,0.6333333333333333,0.9166666666666667,0.5605469226837159,0.0015630245208740235
0.2,7.74264,0.5,20,0.6900000000000001,0.09463379711052258,318,0.6166666666666667,0.7333333333333334,0.7333333333333334,0.55,0.8166666666666667,0.5580428600311279,0.0015680789947509766
0.2,7.74264,0.5,50,0.7833333333333333,0.13165611772087665,15,0.6,0.8333333333333333,0.7333333333333334,0.75,1.0,0.5589455127716064,0.0015742778778076172
0.2,7.74264,0.7,5,0.6566666666666666,0.08730533902472529,416,0.55,0.6333333333333333,0.65,0.6333333333333333,0.8166666666666667,0.6497337341308593,0.0015622615814208985
0.2,7.74264,0.7,10,0.6966666666666667,0.12710450643291749,286,0.55,0.75,0.6333333333333333,0.6333333333333333,0.9166666666666667,0.6514706134796142,0.0015777111053466796
0.2,7.74264,0.7,20,0.7066666666666667,0.06960204339273698,274,0.6166666666666667,0.7166666666666667,0.7333333333333334,0.65,0.8166666666666667,0.6500255584716796,0.001573801040649414
0.2,7.74264,0.7,50,0.7833333333333333,0.13165611772087665,15,0.6,0.8333333333333333,0.7333333333333334,0.75,1.0,0.6471424102783203,0.0015701770782470704
0.2,7.74264,0.9,5,0.6733333333333332,0.09225568335398698,375,0.55,0.6333333333333333,0.7333333333333334,0.6333333333333333,0.8166666666666667,0.7280467510223388,0.0015756607055664063
0.2,7.74264,0.9,10,0.6966666666666667,0.12710450643291749,286,0.55,0.75,0.6333333333333333,0.6333333333333333,0.9166666666666667,0.7255172252655029,0.0015828132629394532
0.2,7.74264,0.9,20,0.7066666666666667,0.10728984626287387,274,0.5333333333333333,0.7166666666666667,0.8166666666666667,0.65,0.8166666666666667,0.7286967277526856,0.0015790462493896484
0.2,7.74264,0.9,50,0.7833333333333333,0.13165611772087665,15,0.6,0.8333333333333333,0.7333333333333334,0.75,1.0,0.7251973628997803,0.0015906810760498047
0.2,27.8256,0.1,5,0.6566666666666666,0.16213848676020415,416,0.45,0.65,0.7333333333333334,0.5333333333333333,0.9166666666666667,0.28445162773132326,0.0015424728393554688
0.2,27.8256,0.1,10,0.6900000000000001,0.07498147919467994,318,0.6166666666666667,0.7333333333333334,0.65,0.6333333333333333,0.8166666666666667,0.28365254402160645,0.001603555679321289
0.2,27.8256,0.1,20,0.7333333333333332,0.10697871023920807,148,0.5333333333333333,0.7333333333333334,0.8333333333333333,0.75,0.8166666666666667,0.2826991081237793,0.0015403270721435548
0.2,27.8256,0.1,50,0.7833333333333332,0.09189365834726812,26,0.6,0.8333333333333333,0.8333333333333333,0.8333333333333333,0.8166666666666667,0.2828807353973389,0.0015501976013183594
0.2,27.8256,0.3,5,0.6566666666666666,0.16213848676020415,416,0.45,0.65,0.7333333333333334,0.5333333333333333,0.9166666666666667,0.4704792022705078,0.0015659332275390625
0.2,27.8256,0.3,10,0.64,0.12978614889287857,488,0.45,0.7333333333333334,0.65,0.55,0.8166666666666667,0.4700908184051514,0.0015709400177001953
0.2,27.8256,0.3,20,0.6966666666666667,0.13960261060914614,286,0.45,0.7333333333333334,0.8333333333333333,0.65,0.8166666666666667,0.4703690528869629,0.0016216278076171876
0.2,27.8256,0.3,50,0.7466666666666667,0.12083045973594567,87,0.5166666666666667,0.8333333333333333,0.7333333333333334,0.8333333333333333,0.8166666666666667,0.4698166847229004,0.0015688896179199218
0.2,27.8256,0.5,5,0.6699999999999999,0.14391355429948605,389,0.5333333333333333,0.6333333333333333,0.7333333333333334,0.5333333333333333,0.9166666666666667,0.6430857658386231,0.0015773296356201172
0.2,27.8256,0.5,10,0.69,0.13564659966250536,340,0.5333333333333333,0.7333333333333334,0.7333333333333334,0.55,0.9,0.6427510261535645,0.001573657989501953
0.2,27.8256,0.5,20,0.6766666666666667,0.12498888839501783,353,0.45,0.7333333333333334,0.7333333333333334,0.65,0.8166666666666667,0.6441818714141846,0.0016934871673583984
0.2,27.8256,0.5,50,0.7466666666666667,0.12083045973594567,87,0.5166666666666667,0.8333333333333333,0.7333333333333334,0.8333333333333333,0.8166666666666667,0.6433024883270264,0.0015773773193359375
0.2,27.8256,0.7,5,0.6533333333333333,0.1624123695343978,459,0.45,0.6333333333333333,0.7333333333333334,0.5333333333333333,0.9166666666666667,0.6921939849853516,0.001578378677368164
0.2,27.8256,0.7,10,0.6166666666666667,0.17543596489254357,521,0.45,0.55,0.7333333333333334,0.45,0.9,0.6910511016845703,0.001572895050048828
0.2,27.8256,0.7,20,0.71,0.07039570693980958,247,0.6166666666666667,0.7333333333333334,0.7333333333333334,0.65,0.8166666666666667,0.691217041015625,0.001567506790161133
0.2,27.8256,0.7,50,0.7300000000000001,0.11323525167642015,154,0.5166666666666667,0.8333333333333333,0.7333333333333334,0.75,0.8166666666666667,0.6919885635375976,0.0015775203704833985
0.2,27.8256,0.9,5,0.65,0.10327955589886446,483,0.55,0.6333333333333333,0.7333333333333334,0.5333333333333333,0.8,0.7705522060394288,0.0015782833099365235
0.2,27.8256,0.9,10,0.6933333333333332,0.12138094304022083,315,0.55,0.75,0.6333333333333333,0.6333333333333333,0.9,0.777959680557251,0.0015872001647949218
0.2,27.8256,0.9,20,0.6900000000000001,0.09463379711052258,318,0.6166666666666667,0.7333333333333334,0.7333333333333334,0.55,0.8166666666666667,0.7719649791717529,0.0015802383422851562
0.2,27.8256,0.9,50,0.7300000000000001,0.11323525167642015,154,0.5166666666666667,0.8333333333333333,0.7333333333333334,0.75,0.8166666666666667,0.7711135387420655,0.0015804290771484375
0.2,100.0,0.1,5,0.6566666666666666,0.16213848676020415,416,0.45,0.65,0.7333333333333334,0.5333333333333333,0.9166666666666667,0.32603988647460935,0.0015685558319091797
0.2,100.0,0.1,10,0.6900000000000001,0.07498147919467994,318,0.6166666666666667,0.7333333333333334,0.65,0.6333333333333333,0.8166666666666667,0.32633213996887206,0.001507568359375
0.2,100.0,0.1,20,0.7300000000000001,0.0644635986860457,154,0.6166666666666667,0.7333333333333334,0.7333333333333334,0.75,0.8166666666666667,0.3260473728179932,0.001523590087890625
0.2,100.0,0.1,50,0.7866666666666665,0.05312459150169741,9,0.7,0.8333333333333333,0.8333333333333333,0.75,0.8166666666666667,0.3262172698974609,0.0015247344970703125
0.2,100.0,0.3,5,0.6566666666666666,0.16213848676020415,416,0.45,0.65,0.7333333333333334,0.5333333333333333,0.9166666666666667,0.34043278694152834,0.001515674591064453
0.2,100.0,0.3,10,0.6900000000000001,0.07498147919467994,318,0.6166666666666667,0.7333333333333334,0.65,0.6333333333333333,0.8166666666666667,0.34076557159423826,0.0015105247497558595
0.2,100.0,0.3,20,0.7133333333333333,0.11125546178852423,233,0.5333333333333333,0.7333333333333334,0.8333333333333333,0.65,0.8166666666666667,0.3402519226074219,0.0015069007873535155
0.2,100.0,0.3,50,0.7833333333333332,0.09189365834726812,26,0.6,0.8333333333333333,0.8333333333333333,0.8333333333333333,0.8166666666666667,0.34110264778137206,0.0015143394470214845
0.2,100.0,0.5,5,0.6566666666666666,0.16213848676020415,416,0.45,0.65,0.7333333333333334,0.5333333333333333,0.9166666666666667,0.37750940322875975,0.0015175342559814453
0.2,100.0,0.5,10,0.6566666666666666,0.12229290885229427,416,0.45,0.7333333333333334,0.65,0.6333333333333333,0.8166666666666667,0.37714457511901855,0.0015218734741210937
0.2,100.0,0.5,20,0.7333333333333332,0.10697871023920807,148,0.5333333333333333,0.7333333333333334,0.8333333333333333,0.75,0.8166666666666667,0.37725071907043456,0.001537179946899414
0.2,100.0,0.5,50,0.7666666666666666,0.1251665557034572,37,0.5166666666666667,0.8333333333333333,0.8333333333333333,0.8333333333333333,0.8166666666666667,0.3775742530822754,0.0015462398529052734
0.2,100.0,0.7,5,0.6566666666666666,0.16213848676020415,416,0.45,0.65,0.7333333333333334,0.5333333333333333,0.9166666666666667,0.44652109146118163,0.0015574932098388673
0.2,100.0,0.7,10,0.6566666666666666,0.12229290885229427,416,0.45,0.7333333333333334,0.65,0.6333333333333333,0.8166666666666667,0.4472515106201172,0.0016765117645263672
0.2,100.0,0.7,20,0.7333333333333332,0.10697871023920807,148,0.5333333333333333,0.7333333333333334,0.8333333333333333,0.75,0.8166666666666667,0.44660296440124514,0.001546621322631836
0.2,100.0,0.7,50,0.7466666666666667,0.12083045973594567,87,0.5166666666666667,0.8333333333333333,0.7333333333333334,0.8333333333333333,0.8166666666666667,0.4471432209014893,0.0015635967254638671
0.2,100.0,0.9,5,0.6566666666666666,0.16213848676020415,416,0.45,0.65,0.7333333333333334,0.5333333333333333,0.9166666666666667,0.5460030555725097,0.001567697525024414
0.2,100.0,0.9,10,0.64,0.12978614889287857,488,0.45,0.7333333333333334,0.65,0.55,0.8166666666666667,0.5472792625427246,0.0015694618225097657
0.2,100.0,0.9,20,0.6766666666666665,0.15151090903151346,361,0.45,0.7333333333333334,0.8333333333333333,0.55,0.8166666666666667,0.5469636440277099,0.0015653133392333984
0.2,100.0,0.9,50,0.7466666666666667,0.12083045973594567,87,0.5166666666666667,0.8333333333333333,0.7333333333333334,0.8333333333333333,0.8166666666666667,0.5475244998931885,0.0015796661376953126
0.5,0.001,0.1,5,0.5,0.0,625,0.5,0.5,0.5,0.5,0.5,0.003309488296508789,0.0013829708099365235
0.5,0.001,0.1,10,0.5,0.0,625,0.5,0.5,0.5,0.5,0.5,0.0032903194427490235,0.0013947486877441406
0.5,0.001,0.1,20,0.5,0.0,625,0.5,0.5,0.5,0.5,0.5,0.003248262405395508,0.0013796329498291016
0.5,0.001,0.1,50,0.5433333333333333,0.10780641085864151,577,0.45,0.4666666666666667,0.5333333333333333,0.75,0.5166666666666667,0.0032913684844970703,0.001394176483154297
0.5,0.001,0.3,5,0.5,0.0,625,0.5,0.5,0.5,0.5,0.5,0.003240633010864258,0.0013747692108154296
0.5,0.001,0.3,10,0.5,0.0,625,0.5,0.5,0.5,0.5,0.5,0.0032860279083251954,0.001386260986328125
0.5,0.001,0.3,20,0.5,0.0,625,0.5,0.5,0.5,0.5,0.5,0.00323028564453125,0.0014003753662109376
0.5,0.001,0.3,50,0.5433333333333333,0.10780641085864151,577,0.45,0.4666666666666667,0.5333333333333333,0.75,0.5166666666666667,0.003293943405151367,0.001380586624145508
0.5,0.001,0.5,5,0.5,0.0,625,0.5,0.5,0.5,0.5,0.5,0.0032286643981933594,0.0013924598693847655
0.5,0.001,0.5,10,0.5,0.0,625,0.5,0.5,0.5,0.5,0.5,0.0033052444458007814,0.0013971328735351562
0.5,0.001,0.5,20,0.5,0.0,625,0.5,0.5,0.5,0.5,0.5,0.003245687484741211,0.0013831615447998046
0.5,0.001,0.5,50,0.5433333333333333,0.10780641085864151,577,0.45,0.4666666666666667,0.5333333333333333,0.75,0.5166666666666667,0.003253746032714844,0.0014021873474121093
0.5,0.001,0.7,5,0.5,0.0,625,0.5,0.5,0.5,0.5,0.5,0.0032437324523925783,0.0013855934143066407
0.5,0.001,0.7,10,0.5,0.0,625,0.5,0.5,0.5,0.5,0.5,0.0032866954803466796,0.0013894081115722657
0.5,0.001,0.7,20,0.5,0.0,625,0.5,0.5,0.5,0.5,0.5,0.003238534927368164,0.0013962745666503905
0.5,0.001,0.7,50,0.5433333333333333,0.10780641085864151,577,0.45,0.4666666666666667,0.5333333333333333,0.75,0.5166666666666667,0.003274965286254883,0.0013948917388916016
0.5,0.001,0.9,5,0.5,0.0,625,0.5,0.5,0.5,0.5,0.5,0.003222751617431641,0.0013980388641357422
0.5,0.001,0.9,10,0.5,0.0,625,0.5,0.5,0.5,0.5,0.5,0.0032682418823242188,0.0013953208923339843
0.5,0.001,0.9,20,0.5,0.0,625,0.5,0.5,0.5,0.5,0.5,0.0032367706298828125,0.0013858318328857423
0.5,0.001,0.9,50,0.5433333333333333,0.10780641085864151,577,0.45,0.4666666666666667,0.5333333333333333,0.75,0.5166666666666667,0.0032752513885498046,0.001413726806640625
0.5,0.00359381,0.1,5,0.5,0.0,625,0.5,0.5,0.5,0.5,0.5,0.003973770141601563,0.0013890743255615234
0.5,0.00359381,0.1,10,0.5,0.0,625,0.5,0.5,0.5,0.5,0.5,0.0038959503173828123,0.0013908863067626954
0.5,0.00359381,0.1,20,0.5,0.0,625,0.5,0.5,0.5,0.5,0.5,0.00391077995300293,0.0013946533203125
0.5,0.00359381,0.1,50,0.5433333333333333,0.10780641085864151,577,0.45,0.4666666666666667,0.5333333333333333,0.75,0.5166666666666667,0.0039669513702392575,0.001392507553100586
0.5,0.00359381,0.3,5,0.5,0.0,625,0.5,0.5,0.5,0.5,0.5,0.003265380859375,0.0013895988464355468
0.5,0.00359381,0.3,10,0.5,0.0,625,0.5,0.5,0.5,0.5,0.5,0.003234529495239258,0.0013790607452392578
0.5,0.00359381,0.3,20,0.5,0.0,625,0.5,0.5,0.5,0.5,0.5,0.0032347679138183595,0.0013951778411865235
0.5,0.00359381,0.3,50,0.5433333333333333,0.10780641085864151,577,0.45,0.4666666666666667,0.5333333333333333,0.75,0.5166666666666667,0.003299856185913086,0.0013992786407470703
0.5,0.00359381,0.5,5,0.5,0.0,625,0.5,0.5,0.5,0.5,0.5,0.003268909454345703,0.0014024734497070312
0.5,0.00359381,0.5,10,0.5,0.0,625,0.5,0.5,0.5,0.5,0.5,0.0032268047332763674,0.0013889312744140626
0.5,0.00359381,0.5,20,0.5,0.0,625,0.5,0.5,0.5,0.5,0.5,0.0032349586486816405,0.0013894081115722657
0.5,0.00359381,0.5,50,0.5433333333333333,0.10780641085864151,577,0.45,0.4666666666666667,0.5333333333333333,0.75,0.5166666666666667,0.0032799243927001953,0.0013912200927734375
0.5,0.00359381,0.7,5,0.5,0.0,625,0.5,0.5,0.5,0.5,0.5,0.003300380706787109,0.0013782978057861328
0.5,0.00359381,0.7,10,0.5,0.0,625,0.5,0.5,0.5,0.5,0.5,0.003203678131103516,0.0013942241668701172
0.5,0.00359381,0.7,20,0.5,0.0,625,0.5,0.5,0.5,0.5,0.5,0.0032454013824462892,0.0013978958129882812
0.5,0.00359381,0.7,50,0.5433333333333333,0.10780641085864151,577,0.45,0.4666666666666667,0.5333333333333333,0.75,0.5166666666666667,0.0032833576202392577,0.0014127731323242188
0.5,0.00359381,0.9,5,0.5,0.0,625,0.5,0.5,0.5,0.5,0.5,0.003280162811279297,0.0013889312744140626
0.5,0.00359381,0.9,10,0.5,0.0,625,0.5,0.5,0.5,0.5,0.5,0.003236532211303711,0.0013811588287353516
0.5,0.00359381,0.9,20,0.5,0.0,625,0.5,0.5,0.5,0.5,0.5,0.003276491165161133,0.0013909339904785156
0.5,0.00359381,0.9,50,0.5433333333333333,0.10780641085864151,577,0.45,0.4666666666666667,0.5333333333333333,0.75,0.5166666666666667,0.0033268451690673826,0.0013939380645751954
0.5,0.0129155,0.1,5,0.6599999999999999,0.08666666666666666,397,0.55,0.65,0.6333333333333333,0.65,0.8166666666666667,0.011696100234985352,0.0013818740844726562
0.5,0.0129155,0.1,10,0.6766666666666665,0.127627931460511,361,0.45,0.75,0.7333333333333334,0.6333333333333333,0.8166666666666667,0.01175241470336914,0.0013942241668701172
0.5,0.0129155,0.1,20,0.7166666666666666,0.0960324019392529,216,0.5333333333333333,0.75,0.7333333333333334,0.75,0.8166666666666667,0.011743927001953125,0.0013998985290527345
0.5,0.0129155,0.1,50,0.75,0.11450376024878443,64,0.5333333333333333,0.8333333333333333,0.7333333333333334,0.8333333333333333,0.8166666666666667,0.011755847930908203,0.0014071464538574219
0.5,0.0129155,0.3,5,0.5,0.0,625,0.5,0.5,0.5,0.5,0.5,0.003986263275146484,0.0013828754425048828
0.5,0.0129155,0.3,10,0.5,0.0,625,0.5,0.5,0.5,0.5,0.5,0.003939533233642578,0.0013772964477539063
0.5,0.0129155,0.3,20,0.5,0.0,625,0.5,0.5,0.5,0.5,0.5,0.003922605514526367,0.0014123916625976562
0.5,0.0129155,0.3,50,0.5433333333333333,0.10780641085864151,577,0.45,0.4666666666666667,0.5333333333333333,0.75,0.5166666666666667,0.003970289230346679,0.0014024734497070312
0.5,0.0129155,0.5,5,0.5,0.0,625,0.5,0.5,0.5,0.5,0.5,0.0034968376159667967,0.0014607429504394532
0.5,0.0129155,0.5,10,0.5,0.0,625,0.5,0.5,0.5,0.5,0.5,0.0034933090209960938,0.0013822078704833984
0.5,0.0129155,0.5,20,0.5,0.0,625,0.5,0.5,0.5,0.5,0.5,0.0035213470458984376,0.0013973712921142578
0.5,0.0129155,0.5,50,0.5433333333333333,0.10780641085864151,577,0.45,0.4666666666666667,0.5333333333333333,0.75,0.5166666666666667,0.0035879135131835936,0.001394510269165039
0.5,0.0129155,0.7,5,0.5,0.0,625,0.5,0.5,0.5,0.5,0.5,0.0032731056213378905,0.0013912200927734375
0.5,0.0129155,0.7,10,0.5,0.0,625,0.5,0.5,0.5,0.5,0.5,0.0032414913177490233,0.0013840198516845703
0.5,0.0129155,0.7,20,0.5,0.0,625,0.5,0.5,0.5,0.5,0.5,0.003261232376098633,0.0014054298400878907
0.5,0.0129155,0.7,50,0.5433333333333333,0.10780641085864151,577,0.45,0.4666666666666667,0.5333333333333333,0.75,0.5166666666666667,0.0033590316772460936,0.0014022350311279296
0.5,0.0129155,0.9,5,0.5,0.0,625,0.5,0.5,0.5,0.5,0.5,0.0032349586486816405,0.001394510269165039
0.5,0.0129155,0.9,10,0.5,0.0,625,0.5,0.5,0.5,0.5,0.5,0.0032357692718505858,0.0013903141021728515
0.5,0.0129155,0.9,20,0.5,0.0,625,0.5,0.5,0.5,0.5,0.5,0.003231239318847656,0.0014008045196533202
0.5,0.0129155,0.9,50,0.5433333333333333,0.10780641085864151,577,0.45,0.4666666666666667,0.5333333333333333,0.75,0.5166666666666667,0.003283071517944336,0.0014542102813720702
0.5,0.0464159,0.1,5,0.7333333333333334,0.19804601036683933,137,0.3666666666666667,0.9,0.7333333333333334,0.75,0.9166666666666667,0.022485971450805664,0.0013997077941894532
0.5,0.0464159,0.1,10,0.6233333333333333,0.12183777921664708,512,0.45,0.55,0.65,0.65,0.8166666666666667,0.022455167770385743,0.0014075279235839845
0.5,0.0464159,0.1,20,0.7333333333333334,0.05868938953886337,137,0.6333333333333333,0.75,0.7333333333333334,0.7333333333333334,0.8166666666666667,0.02246861457824707,0.001421976089477539
0.5,0.0464159,0.1,50,0.7300000000000001,0.07102425250887506,154,0.6,0.75,0.7333333333333334,0.75,0.8166666666666667,0.02245163917541504,0.0014120101928710937
0.5,0.0464159,0.3,5,0.6566666666666666,0.12229290885229427,416,0.45,0.65,0.7333333333333334,0.6333333333333333,0.8166666666666667,0.02289862632751465,0.0013892650604248047
0.5,0.0464159,0.3,10,0.6733333333333332,0.0992191737742481,375,0.5333333333333333,0.75,0.6333333333333333,0.6333333333333333,0.8166666666666667,0.022822141647338867,0.0013993263244628906
0.5,0.0464159,0.3,20,0.7300000000000001,0.0644635986860457,154,0.6166666666666667,0.75,0.7333333333333334,0.7333333333333334,0.8166666666666667,0.02291412353515625,0.001401662826538086
0.5,0.0464159,0.3,50,0.7333333333333334,0.10697871023920807,137,0.5333333333333333,0.8333333333333333,0.7333333333333334,0.75,0.8166666666666667,0.023063039779663085,0.0014034271240234374
0.5,0.0464159,0.5,5,0.5700000000000001,0.1644519517805868,556,0.2833333333333333,0.5,0.65,0.6666666666666666,0.75,0.014489269256591797,0.0013950347900390625
0.5,0.0464159,0.5,10,0.6133333333333334,0.11803954139750517,523,0.45,0.5,0.7333333333333334,0.65,0.7333333333333334,0.014446544647216796,0.0013898849487304688
0.5,0.0464159,0.5,20,0.5966666666666666,0.08844332774281066,533,0.5333333333333333,0.5,0.5666666666666667,0.75,0.6333333333333333,0.014412832260131837,0.0013946056365966796
0.5,0.0464159,0.5,50,0.5733333333333334,0.10780641085864154,553,0.45,0.4666666666666667,0.5666666666666667,0.65,0.7333333333333334,0.014464569091796876,0.0014023780822753906
0.5,0.0464159,0.7,5,0.5,0.0,625,0.5,0.5,0.5,0.5,0.5,0.004264020919799804,0.0013794422149658204
0.5,0.0464159,0.7,10,0.5,0.0,625,0.5,0.5,0.5,0.5,0.5,0.004262399673461914,0.0013956069946289063
0.5,0.0464159,0.7,20,0.5,0.0,625,0.5,0.5,0.5,0.5,0.5,0.004328584671020508,0.0013976573944091796
0.5,0.0464159,0.7,50,0.5433333333333333,0.10780641085864151,577,0.45,0.4666666666666667,0.5333333333333333,0.75,0.5166666666666667,0.004311037063598633,0.0013909339904785156
0.5,0.0464159,0.9,5,0.5,0.0,625,0.5,0.5,0.5,0.5,0.5,0.0039000511169433594,0.0013819694519042968
0.5,0.0464159,0.9,10,0.5,0.0,625,0.5,0.5,0.5,0.5,0.5,0.003921318054199219,0.0013765335083007813
0.5,0.0464159,0.9,20,0.5,0.0,625,0.5,0.5,0.5,0.5,0.5,0.003947257995605469,0.0013888359069824218
0.5,0.0464159,0.9,50,0.5433333333333333,0.10780641085864151,577,0.45,0.4666666666666667,0.5333333333333333,0.75,0.5166666666666667,0.003967905044555664,0.0014013290405273438
0.5,0.16681,0.1,5,0.6766666666666667,0.12000000000000001,353,0.4666666666666667,0.6333333333333333,0.7333333333333334,0.7333333333333334,0.8166666666666667,0.05214338302612305,0.0014310359954833984
0.5,0.16681,0.1,10,0.6233333333333333,0.11953614051360738,512,0.45,0.5666666666666667,0.6333333333333333,0.65,0.8166666666666667,0.05202064514160156,0.0014094829559326172
0.5,0.16681,0.1,20,0.7133333333333333,0.07180219742846004,233,0.6166666666666667,0.75,0.7333333333333334,0.65,0.8166666666666667,0.051890325546264646,0.0014147281646728516
0.5,0.16681,0.1,50,0.7633333333333333,0.08969082698049138,49,0.6,0.8333333333333333,0.7333333333333334,0.8333333333333333,0.8166666666666667,0.053023147583007815,0.0014076709747314453
0.5,0.16681,0.3,5,0.68,0.12400716825158851,348,0.55,0.65,0.65,0.6333333333333333,0.9166666666666667,0.05787272453308105,0.001405811309814453
0.5,0.16681,0.3,10,0.6766666666666665,0.14007934259633795,361,0.45,0.6333333333333333,0.8333333333333333,0.65,0.8166666666666667,0.057928943634033205,0.0014610767364501953
0.5,0.16681,0.3,20,0.7133333333333333,0.07180219742846004,233,0.6166666666666667,0.75,0.7333333333333334,0.65,0.8166666666666667,0.05784611701965332,0.0014103889465332032
0.5,0.16681,0.3,50,0.7299999999999999,0.11323525167642016,201,0.5166666666666667,0.75,0.7333333333333334,0.8333333333333333,0.8166666666666667,0.057912254333496095,0.001421642303466797
0.5,0.16681,0.5,5,0.6733333333333335,0.15224249662225653,370,0.45,0.6333333333333333,0.7333333333333334,0.6333333333333333,0.9166666666666667,0.06332240104675294,0.0014103412628173827
0.5,0.16681,0.5,10,0.7166666666666666,0.1591644851508443,216,0.45,0.75,0.9166666666666667,0.65,0.8166666666666667,0.06311163902282715,0.0014027595520019532
0.5,0.16681,0.5,20,0.75,0.10954451150103323,64,0.6166666666666667,0.75,0.8166666666666667,0.65,0.9166666666666667,0.06326637268066407,0.0014174938201904296
0.5,0.16681,0.5,50,0.7333333333333334,0.1043498389499902,137,0.6166666666666667,0.75,0.7333333333333334,0.65,0.9166666666666667,0.06322240829467773,0.0014137744903564454
0.5,0.16681,0.7,5,0.6933333333333334,0.14087031072743625,303,0.45,0.7333333333333334,0.8333333333333333,0.6333333333333333,0.8166666666666667,0.06040468215942383,0.00139923095703125
0.5,0.16681,0.7,10,0.7366666666666667,0.08259674462242576,131,0.6333333333333333,0.75,0.8333333333333333,0.65,0.8166666666666667,0.06033143997192383,0.0014019012451171875
0.5,0.16681,0.7,20,0.7333333333333334,0.1370320319406298,137,0.5333333333333333,0.75,0.6333333333333333,0.8333333333333333,0.9166666666666667,0.06038756370544433,0.0014142036437988282
0.5,0.16681,0.7,50,0.7166666666666666,0.07673909622147555,216,0.6166666666666667,0.75,0.7333333333333334,0.65,0.8333333333333333,0.06035490036010742,0.0014113903045654297
0.5,0.16681,0.9,5,0.6633333333333333,0.12622730819174321,396,0.45,0.65,0.7333333333333334,0.65,0.8333333333333333,0.048189306259155275,0.001402902603149414
0.5,0.16681,0.9,10,0.75,0.13864422895390283,64,0.5333333333333333,0.9166666666666667,0.8333333333333333,0.65,0.8166666666666667,0.048205089569091794,0.0013978004455566407
0.5,0.16681,0.9,20,0.8033333333333333,0.07257180352359081,3,0.7166666666666667,0.9166666666666667,0.7333333333333334,0.8333333333333333,0.8166666666666667,0.04818148612976074,0.0014030933380126953
0.5,0.16681,0.9,50,0.7133333333333333,0.08844332774281065,233,0.7166666666666667,0.75,0.7333333333333334,0.55,0.8166666666666667,0.048115873336791994,0.001413583755493164
0.5,0.599484,0.1,5,0.68,0.09626352718795765,348,0.55,0.6333333333333333,0.65,0.7333333333333334,0.8333333333333333,0.1192131519317627,0.0014287471771240235
0.5,0.599484,0.1,10,0.6533333333333333,0.12265579661982733,459,0.45,0.7333333333333334,0.6333333333333333,0.6333333333333333,0.8166666666666667,0.11954903602600098,0.0014334678649902343
0.5,0.599484,0.1,20,0.7133333333333333,0.11125546178852423,233,0.5333333333333333,0.8333333333333333,0.7333333333333334,0.65,0.8166666666666667,0.11927862167358398,0.0014379501342773437
0.5,0.599484,0.1,50,0.7466666666666667,0.12083045973594567,87,0.5166666666666667,0.8333333333333333,0.7333333333333334,0.8333333333333333,0.8166666666666667,0.11908922195434571,0.0014415264129638671
0.5,0.599484,0.3,5,0.6566666666666666,0.11718930554164632,416,0.4666666666666667,0.6333333333333333,0.7333333333333334,0.6333333333333333,0.8166666666666667,0.1397940158843994,0.0014575004577636718
0.5,0.599484,0.3,10,0.6566666666666666,0.10466878978738388,416,0.55,0.55,0.7333333333333334,0.6333333333333333,0.8166666666666667,0.14084696769714355,0.0014484882354736327
0.5,0.599484,0.3,20,0.7466666666666667,0.09030811456096044,87,0.6166666666666667,0.75,0.7333333333333334,0.7333333333333334,0.9,0.14028687477111818,0.001453733444213867
0.5,0.599484,0.3,50,0.75,0.09006170724070864,64,0.6166666666666667,0.75,0.7333333333333334,0.75,0.9,0.14014821052551268,0.0014602184295654298
0.5,0.599484,0.5,5,0.6233333333333333,0.11430952132988165,512,0.4666666666666667,0.5666666666666667,0.6333333333333333,0.6333333333333333,0.8166666666666667,0.16533236503601073,0.0014617919921875
0.5,0.599484,0.5,10,0.71,0.15832456116050556,247,0.45,0.7333333333333334,0.8333333333333333,0.6333333333333333,0.9,0.16527981758117677,0.0014635562896728516
0.5,0.599484,0.5,20,0.7333333333333334,0.08692269873603528,137,0.6166666666666667,0.75,0.8333333333333333,0.65,0.8166666666666667,0.16513209342956542,0.001459217071533203
0.5,0.599484,0.5,50,0.75,0.09006170724070864,64,0.6166666666666667,0.75,0.7333333333333334,0.75,0.9,0.16504693031311035,0.0014702796936035157
0.5,0.599484,0.7,5,0.6766666666666667,0.12498888839501786,353,0.55,0.6333333333333333,0.65,0.6333333333333333,0.9166666666666667,0.15310201644897461,0.0014490127563476563
0.5,0.599484,0.7,10,0.75,0.10903618155864088,64,0.6333333333333333,0.9166666666666667,0.75,0.6333333333333333,0.8166666666666667,0.153016996383667,0.0014506816864013673
0.5,0.599484,0.7,20,0.75,0.0960324019392529,64,0.6166666666666667,0.75,0.7333333333333334,0.7333333333333334,0.9166666666666667,0.15259861946105957,0.0014310836791992187
0.5,0.599484,0.7,50,0.75,0.11205157542647741,64,0.6166666666666667,0.8333333333333333,0.7333333333333334,0.65,0.9166666666666667,0.15250120162963868,0.0014522552490234375
0.5,0.599484,0.9,5,0.64,0.15549205052920803,488,0.55,0.65,0.45,0.6333333333333333,0.9166666666666667,0.15049238204956056,0.0014362335205078125
0.5,0.599484,0.9,10,0.75,0.10903618155864088,64,0.6333333333333333,0.9166666666666667,0.75,0.6333333333333333,0.8166666666666667,0.14975929260253906,0.0014810562133789062
0.5,0.599484,0.9,20,0.7633333333333334,0.13638181696985854,46,0.5166666666666667,0.8333333333333333,0.8166666666666667,0.7333333333333334,0.9166666666666667,0.14975733757019044,0.0015289306640625
0.5,0.599484,0.9,50,0.7833333333333334,0.08027729719194865,12,0.7,0.8333333333333333,0.7333333333333334,0.7333333333333334,0.9166666666666667,0.1497342109680176,0.0015072345733642579
0.5,2.15443,0.1,5,0.6199999999999999,0.17931970208417022,520,0.3666666666666667,0.6333333333333333,0.65,0.5333333333333333,0.9166666666666667,0.24048933982849122,0.0015464305877685546
0.5,2.15443,0.1,10,0.6366666666666667,0.12970050972229147,505,0.45,0.7333333333333334,0.6333333333333333,0.55,0.8166666666666667,0.24146933555603028,0.00152587890625
0.5,2.15443,0.1,20,0.6933333333333334,0.1284955684493092,303,0.5333333333333333,0.8333333333333333,0.7333333333333334,0.55,0.8166666666666667,0.24144082069396972,0.0015321731567382812
0.5,2.15443,0.1,50,0.7300000000000001,0.11323525167642015,154,0.5166666666666667,0.8333333333333333,0.7333333333333334,0.75,0.8166666666666667,0.24103937149047852,0.0015380859375
0.5,2.15443,0.3,5,0.6533333333333333,0.10821788720498618,459,0.55,0.6333333333333333,0.7333333333333334,0.5333333333333333,0.8166666666666667,0.30980606079101564,0.0015408992767333984
0.5,2.15443,0.3,10,0.6966666666666667,0.12445436468396316,286,0.55,0.65,0.7333333333333334,0.6333333333333333,0.9166666666666667,0.31052203178405763,0.0015974044799804688
0.5,2.15443,0.3,20,0.7466666666666667,0.1071862346054235,87,0.6166666666666667,0.8333333333333333,0.7333333333333334,0.65,0.9,0.310868501663208,0.0015361309051513672
0.5,2.15443,0.3,50,0.7666666666666667,0.09603240193925287,36,0.6166666666666667,0.8333333333333333,0.7333333333333334,0.75,0.9,0.31171836853027346,0.001546478271484375
0.5,2.15443,0.5,5,0.6733333333333332,0.09225568335398698,375,0.55,0.6333333333333333,0.7333333333333334,0.6333333333333333,0.8166666666666667,0.34791259765625,0.0015443325042724609
0.5,2.15443,0.5,10,0.7466666666666667,0.1442990721460891,87,0.55,0.9166666666666667,0.7333333333333334,0.6333333333333333,0.9,0.3480082035064697,0.0015348434448242188
0.5,2.15443,0.5,20,0.7300000000000001,0.08653836657164776,154,0.6166666666666667,0.8333333333333333,0.7333333333333334,0.65,0.8166666666666667,0.3492222785949707,0.0015324592590332032
0.5,2.15443,0.5,50,0.73,0.12265579661982731,197,0.5166666666666667,0.75,0.7333333333333334,0.75,0.9,0.348337984085083,0.001539468765258789
0.5,2.15443,0.7,5,0.6599999999999999,0.10143416036468626,397,0.55,0.5666666666666667,0.7333333333333334,0.6333333333333333,0.8166666666666667,0.41426525115966795,0.001661396026611328
0.5,2.15443,0.7,10,0.7466666666666667,0.19703355608175532,87,0.45,0.9166666666666667,0.7333333333333334,0.6333333333333333,1.0,0.41243734359741213,0.001559877395629883
0.5,2.15443,0.7,20,0.7533333333333333,0.10295630140987004,63,0.6333333333333333,0.6666666666666666,0.9166666666666667,0.7333333333333334,0.8166666666666667,0.411600399017334,0.0015363693237304688
0.5,2.15443,0.7,50,0.7866666666666666,0.06091888960832355,8,0.8,0.75,0.7333333333333334,0.75,0.9,0.415330171585083,0.001559877395629883
0.5,2.15443,0.9,5,0.6766666666666665,0.08793937305515281,361,0.6333333333333333,0.5666666666666667,0.7333333333333334,0.6333333333333333,0.8166666666666667,0.41132221221923826,0.0015506267547607422
0.5,2.15443,0.9,10,0.7133333333333333,0.2047763007121023,233,0.3666666666666667,0.9166666666666667,0.7333333333333334,0.6333333333333333,0.9166666666666667,0.40824599266052247,0.0015551090240478516
0.5,2.15443,0.9,20,0.75,0.14181364924121764,64,0.5166666666666667,0.6666666666666666,0.9166666666666667,0.8333333333333333,0.8166666666666667,0.4061159133911133,0.0015641212463378905
0.5,2.15443,0.9,50,0.8400000000000001,0.10198039027185568,1,0.9,0.8333333333333333,0.7333333333333334,0.7333333333333334,1.0,0.40536155700683596,0.0015609264373779297
0.5,7.74264,0.1,5,0.6599999999999999,0.14892205269125786,397,0.45,0.65,0.65,0.6333333333333333,0.9166666666666667,0.3082151412963867,0.001555156707763672
0.5,7.74264,0.1,10,0.6233333333333333,0.1218377792166471,512,0.45,0.65,0.65,0.55,0.8166666666666667,0.3084287643432617,0.0015375614166259766
0.5,7.74264,0.1,20,0.7166666666666666,0.1386442289539028,216,0.45,0.7333333333333334,0.8333333333333333,0.75,0.8166666666666667,0.30835585594177245,0.0015336990356445313
0.5,7.74264,0.1,50,0.7466666666666667,0.12083045973594567,87,0.5166666666666667,0.8333333333333333,0.7333333333333334,0.8333333333333333,0.8166666666666667,0.30804595947265623,0.0015439033508300782
0.5,7.74264,0.3,5,0.6366666666666667,0.15755069730795299,505,0.45,0.6333333333333333,0.65,0.5333333333333333,0.9166666666666667,0.48120555877685545,0.0015578746795654296
0.5,7.74264,0.3,10,0.5866666666666667,0.1664665465224503,550,0.3666666666666667,0.4666666666666667,0.7333333333333334,0.55,0.8166666666666667,0.4823822021484375,0.001574563980102539
0.5,7.74264,0.3,20,0.71,0.07039570693980958,247,0.6166666666666667,0.7333333333333334,0.7333333333333334,0.65,0.8166666666666667,0.4802260398864746,0.0015653133392333984
0.5,7.74264,0.3,50,0.7300000000000001,0.11323525167642015,154,0.5166666666666667,0.8333333333333333,0.7333333333333334,0.75,0.8166666666666667,0.48018245697021483,0.001569986343383789
0.5,7.74264,0.5,5,0.64,0.10677078252031308,488,0.55,0.6333333333333333,0.65,0.5333333333333333,0.8333333333333333,0.5565594673156739,0.001561880111694336
0.5,7.74264,0.5,10,0.7200000000000001,0.11897712198383166,215,0.55,0.6666666666666666,0.7333333333333334,0.7333333333333334,0.9166666666666667,0.5554639816284179,0.0015590190887451172
0.5,7.74264,0.5,20,0.6766666666666667,0.0946337971105226,353,0.5333333333333333,0.65,0.7333333333333334,0.65,0.8166666666666667,0.5560811519622803,0.0016397476196289063
0.5,7.74264,0.5,50,0.73,0.12265579661982731,197,0.5166666666666667,0.75,0.7333333333333334,0.75,0.9,0.5549418449401855,0.0015648365020751952
0.5,7.74264,0.7,5,0.6566666666666666,0.08730533902472529,416,0.55,0.6333333333333333,0.65,0.6333333333333333,0.8166666666666667,0.6463817119598388,0.001570749282836914
0.5,7.74264,0.7,10,0.7,0.12337837015547834,280,0.55,0.6666666666666666,0.7333333333333334,0.6333333333333333,0.9166666666666667,0.6440353393554688,0.0015907764434814453
0.5,7.74264,0.7,20,0.7466666666666667,0.10974718422102886,87,0.6166666666666667,0.9166666666666667,0.7333333333333334,0.65,0.8166666666666667,0.6442918300628662,0.0015826225280761719
0.5,7.74264,0.7,50,0.73,0.12265579661982731,197,0.5166666666666667,0.75,0.7333333333333334,0.75,0.9,0.6455196380615235,0.0015677452087402345
0.5,7.74264,0.9,5,0.6733333333333332,0.09225568335398698,375,0.55,0.6333333333333333,0.7333333333333334,0.6333333333333333,0.8166666666666667,0.724738597869873,0.0015584945678710938
0.5,7.74264,0.9,10,0.7,0.12337837015547834,280,0.55,0.6666666666666666,0.7333333333333334,0.6333333333333333,0.9166666666666667,0.7227497100830078,0.0016849040985107422
0.5,7.74264,0.9,20,0.7666666666666668,0.15202339001321843,33,0.5333333333333333,0.9166666666666667,0.9166666666666667,0.65,0.8166666666666667,0.7226207733154297,0.001566028594970703
0.5,7.74264,0.9,50,0.73,0.12265579661982731,197,0.5166666666666667,0.75,0.7333333333333334,0.75,0.9,0.730323076248169,0.0015982627868652345
0.5,27.8256,0.1,5,0.6599999999999999,0.14892205269125786,397,0.45,0.65,0.65,0.6333333333333333,0.9166666666666667,0.28241691589355467,0.0015478134155273438
0.5,27.8256,0.1,10,0.6733333333333332,0.07272474743090475,375,0.6166666666666667,0.65,0.65,0.6333333333333333,0.8166666666666667,0.2820752620697021,0.0015392303466796875
0.5,27.8256,0.1,20,0.7,0.1406334873981932,280,0.45,0.65,0.8333333333333333,0.75,0.8166666666666667,0.2823725700378418,0.0015456676483154297
0.5,27.8256,0.1,50,0.7466666666666667,0.12083045973594567,87,0.5166666666666667,0.8333333333333333,0.7333333333333334,0.8333333333333333,0.8166666666666667,0.28291015625,0.0015540599822998046
0.5,27.8256,0.3,5,0.6599999999999999,0.14892205269125786,397,0.45,0.65,0.65,0.6333333333333333,0.9166666666666667,0.4695553779602051,0.001553964614868164
0.5,27.8256,0.3,10,0.6233333333333333,0.1218377792166471,512,0.45,0.65,0.65,0.55,0.8166666666666667,0.469453763961792,0.0015634059906005859
0.5,27.8256,0.3,20,0.6966666666666667,0.13960261060914614,286,0.45,0.7333333333333334,0.8333333333333333,0.65,0.8166666666666667,0.46976757049560547,0.0015729427337646484
0.5,27.8256,0.3,50,0.7466666666666667,0.12083045973594567,87,0.5166666666666667,0.8333333333333333,0.7333333333333334,0.8333333333333333,0.8166666666666667,0.47038092613220217,0.0015574455261230468
0.5,27.8256,0.5,5,0.6366666666666667,0.15755069730795299,505,0.45,0.6333333333333333,0.65,0.5333333333333333,0.9166666666666667,0.644626522064209,0.0015644550323486329
0.5,27.8256,0.5,10,0.64,0.12978614889287857,488,0.45,0.65,0.7333333333333334,0.55,0.8166666666666667,0.6440371036529541,0.001562023162841797
0.5,27.8256,0.5,20,0.6766666666666667,0.12498888839501783,353,0.45,0.7333333333333334,0.7333333333333334,0.65,0.8166666666666667,0.6436135292053222,0.0015779495239257812
0.5,27.8256,0.5,50,0.75,0.07673909622147555,64,0.6166666666666667,0.8333333333333333,0.7333333333333334,0.75,0.8166666666666667,0.6446682929992675,0.0015796661376953126
0.5,27.8256,0.7,5,0.6366666666666667,0.15755069730795299,505,0.45,0.6333333333333333,0.65,0.5333333333333333,0.9166666666666667,0.6942235946655273,0.0015738964080810546
0.5,27.8256,0.7,10,0.5866666666666667,0.1664665465224503,550,0.3666666666666667,0.4666666666666667,0.7333333333333334,0.55,0.8166666666666667,0.6962365627288818,0.0016016006469726563
0.5,27.8256,0.7,20,0.71,0.07039570693980958,247,0.6166666666666667,0.7333333333333334,0.7333333333333334,0.65,0.8166666666666667,0.6976105690002441,0.0015764713287353515
0.5,27.8256,0.7,50,0.7300000000000001,0.11323525167642015,154,0.5166666666666667,0.8333333333333333,0.7333333333333334,0.75,0.8166666666666667,0.69766845703125,0.0015820980072021485
0.5,27.8256,0.9,5,0.6333333333333334,0.09486832980505139,509,0.55,0.6333333333333333,0.65,0.5333333333333333,0.8,0.7792701244354248,0.0015710830688476563
0.5,27.8256,0.9,10,0.6966666666666667,0.09392668535736913,286,0.55,0.75,0.7333333333333334,0.6333333333333333,0.8166666666666667,0.7780480861663819,0.0015734195709228515
0.5,27.8256,0.9,20,0.71,0.07039570693980958,247,0.6166666666666667,0.7333333333333334,0.7333333333333334,0.65,0.8166666666666667,0.7835942268371582,0.0017498493194580077
0.5,27.8256,0.9,50,0.7133333333333333,0.10241527663824809,233,0.5166666666666667,0.75,0.7333333333333334,0.75,0.8166666666666667,0.7858400821685791,0.001587820053100586
0.5,100.0,0.1,5,0.6599999999999999,0.14892205269125786,397,0.45,0.65,0.65,0.6333333333333333,0.9166666666666667,0.3307706356048584,0.0015200138092041015
0.5,100.0,0.1,10,0.6733333333333332,0.07272474743090475,375,0.6166666666666667,0.65,0.65,0.6333333333333333,0.8166666666666667,0.33169922828674314,0.001524209976196289
0.5,100.0,0.1,20,0.7133333333333333,0.07180219742846004,233,0.6166666666666667,0.65,0.7333333333333334,0.75,0.8166666666666667,0.3294205665588379,0.001524066925048828
0.5,100.0,0.1,50,0.7466666666666667,0.08259674462242576,87,0.6,0.8333333333333333,0.7333333333333334,0.75,0.8166666666666667,0.3294070720672607,0.0015157222747802734
0.5,100.0,0.3,5,0.6599999999999999,0.14892205269125786,397,0.45,0.65,0.65,0.6333333333333333,0.9166666666666667,0.3466508388519287,0.0015377998352050781
0.5,100.0,0.3,10,0.6733333333333332,0.07272474743090475,375,0.6166666666666667,0.65,0.65,0.6333333333333333,0.8166666666666667,0.34487433433532716,0.0015190601348876952
0.5,100.0,0.3,20,0.7,0.1406334873981932,280,0.45,0.65,0.8333333333333333,0.75,0.8166666666666667,0.3455351829528809,0.0015231609344482423
0.5,100.0,0.3,50,0.7466666666666667,0.12083045973594567,87,0.5166666666666667,0.8333333333333333,0.7333333333333334,0.8333333333333333,0.8166666666666667,0.3458821773529053,0.0015444755554199219
0.5,100.0,0.5,5,0.6599999999999999,0.14892205269125786,397,0.45,0.65,0.65,0.6333333333333333,0.9166666666666667,0.3829069137573242,0.0015840530395507812
0.5,100.0,0.5,10,0.64,0.11623730516108462,488,0.45,0.65,0.65,0.6333333333333333,0.8166666666666667,0.3782160758972168,0.0015251636505126953
0.5,100.0,0.5,20,0.7,0.1406334873981932,280,0.45,0.65,0.8333333333333333,0.75,0.8166666666666667,0.37731027603149414,0.0015306949615478515
0.5,100.0,0.5,50,0.7666666666666666,0.08366600265340753,37,0.6166666666666667,0.8333333333333333,0.7333333333333334,0.8333333333333333,0.8166666666666667,0.3776845455169678,0.0015419483184814452
0.5,100.0,0.7,5,0.6599999999999999,0.14892205269125786,397,0.45,0.65,0.65,0.6333333333333333,0.9166666666666667,0.44652576446533204,0.00155029296875
0.5,100.0,0.7,10,0.64,0.11623730516108462,488,0.45,0.65,0.65,0.6333333333333333,0.8166666666666667,0.44637861251831057,0.0015501022338867188
0.5,100.0,0.7,20,0.6833333333333332,0.15018507101425077,347,0.45,0.5666666666666667,0.8333333333333333,0.75,0.8166666666666667,0.4466599464416504,0.0015502452850341796
0.5,100.0,0.7,50,0.7666666666666666,0.08366600265340753,37,0.6166666666666667,0.8333333333333333,0.7333333333333334,0.8333333333333333,0.8166666666666667,0.44643430709838866,0.0015429019927978515
0.5,100.0,0.9,5,0.6599999999999999,0.14892205269125786,397,0.45,0.65,0.65,0.6333333333333333,0.9166666666666667,0.5455140590667724,0.001560354232788086
0.5,100.0,0.9,10,0.6233333333333333,0.1218377792166471,512,0.45,0.65,0.65,0.55,0.8166666666666667,0.5454772472381592,0.0015612602233886718
0.5,100.0,0.9,20,0.6966666666666667,0.13960261060914614,286,0.45,0.7333333333333334,0.8333333333333333,0.65,0.8166666666666667,0.5456311225891113,0.001571512222290039
0.5,100.0,0.9,50,0.7466666666666667,0.12083045973594567,87,0.5166666666666667,0.8333333333333333,0.7333333333333334,0.8333333333333333,0.8166666666666667,0.5452253818511963,0.0015686511993408202
