param_clf__max_features,param_clf__min_samples_leaf,param_selector__C,param_selector__l1_ratio,param_selector__top_k,mean_test_score,std_test_score,rank_test_score,split0_test_score,split1_test_score,split2_test_score,split3_test_score,split4_test_score,mean_fit_time,mean_score_time
sqrt,1,0.001,0.1,5,0.6166666666666667,0.07888106377466154,563,0.5333333333333333,0.7,0.7166666666666667,0.5333333333333333,0.6000000000000001,0.482198429107666,0.020870447158813477
sqrt,1,0.001,0.1,10,0.52,0.11421227799341208,769,0.35,0.6,0.4166666666666667,0.6333333333333333,0.6,0.4866472244262695,0.02086801528930664
sqrt,1,0.001,0.1,20,0.6633333333333334,0.17931970208417022,275,0.9166666666666667,0.5333333333333333,0.4166666666666667,0.65,0.8,0.4927048206329346,0.020964336395263673
sqrt,1,0.001,0.1,50,0.6233333333333333,0.12364824660660938,509,0.5333333333333333,0.6,0.8166666666666667,0.4666666666666667,0.7,0.4963250160217285,0.02114553451538086
sqrt,1,0.001,0.3,5,0.6166666666666667,0.07888106377466154,563,0.5333333333333333,0.7,0.7166666666666667,0.5333333333333333,0.6000000000000001,0.482758092880249,0.021184730529785156
sqrt,1,0.001,0.3,10,0.52,0.11421227799341208,769,0.35,0.6,0.4166666666666667,0.6333333333333333,0.6,0.48421144485473633,0.021413373947143554
sqrt,1,0.001,0.3,20,0.6633333333333334,0.17931970208417022,275,0.9166666666666667,0.5333333333333333,0.4166666666666667,0.65,0.8,0.4955723285675049,0.021150970458984376
sqrt,1,0.001,0.3,50,0.6233333333333333,0.12364824660660938,509,0.5333333333333333,0.6,0.8166666666666667,0.4666666666666667,0.7,0.4995118141174316,0.021195411682128906
sqrt,1,0.001,0.5,5,0.6166666666666667,0.07888106377466154,563,0.5333333333333333,0.7,0.7166666666666667,0.5333333333333333,0.6000000000000001,0.48126935958862305,0.021340084075927735
sqrt,1,0.001,0.5,10,0.52,0.11421227799341208,769,0.35,0.6,0.4166666666666667,0.6333333333333333,0.6,0.4854305267333984,0.020926713943481445
sqrt,1,0.001,0.5,20,0.6633333333333334,0.17931970208417022,275,0.9166666666666667,0.5333333333333333,0.4166666666666667,0.65,0.8,0.4915901184082031,0.020969915390014648
sqrt,1,0.001,0.5,50,0.6233333333333333,0.12364824660660938,509,0.5333333333333333,0.6,0.8166666666666667,0.4666666666666667,0.7,0.49949822425842283,0.021118879318237305
sqrt,1,0.001,0.7,5,0.6166666666666667,0.07888106377466154,563,0.5333333333333333,0.7,0.7166666666666667,0.5333333333333333,0.6000000000000001,0.48170199394226076,0.021024084091186522
sqrt,1,0.001,0.7,10,0.52,0.11421227799341208,769,0.35,0.6,0.4166666666666667,0.6333333333333333,0.6,0.4862517833709717,0.020934057235717774
sqrt,1,0.001,0.7,20,0.6633333333333334,0.17931970208417022,275,0.9166666666666667,0.5333333333333333,0.4166666666666667,0.65,0.8,0.4942965507507324,0.020998430252075196
sqrt,1,0.001,0.7,50,0.6233333333333333,0.12364824660660938,509,0.5333333333333333,0.6,0.8166666666666667,0.4666666666666667,0.7,0.4963733673095703,0.021097612380981446
sqrt,1,0.001,0.9,5,0.6166666666666667,0.07888106377466154,563,0.5333333333333333,0.7,0.7166666666666667,0.5333333333333333,0.6000000000000001,0.4798978328704834,0.021122217178344727
sqrt,1,0.001,0.9,10,0.52,0.11421227799341208,769,0.35,0.6,0.4166666666666667,0.6333333333333333,0.6,0.48466057777404786,0.020777416229248048
sqrt,1,0.001,0.9,20,0.6633333333333334,0.17931970208417022,275,0.9166666666666667,0.5333333333333333,0.4166666666666667,0.65,0.8,0.49141688346862794,0.020892858505249023
sqrt,1,0.001,0.9,50,0.6233333333333333,0.12364824660660938,509,0.5333333333333333,0.6,0.8166666666666667,0.4666666666666667,0.7,0.5001800060272217,0.021144533157348634
sqrt,1,0.00359381,0.1,5,0.6166666666666667,0.07888106377466154,563,0.5333333333333333,0.7,0.7166666666666667,0.5333333333333333,0.6000000000000001,0.4814949035644531,0.02087225914001465
sqrt,1,0.00359381,0.1,10,0.52,0.11421227799341208,769,0.35,0.6,0.4166666666666667,0.6333333333333333,0.6,0.48572578430175783,0.021288681030273437
sqrt,1,0.00359381,0.1,20,0.6633333333333334,0.17931970208417022,275,0.9166666666666667,0.5333333333333333,0.4166666666666667,0.65,0.8,0.4934650421142578,0.02095785140991211
sqrt,1,0.00359381,0.1,50,0.6233333333333333,0.12364824660660938,509,0.5333333333333333,0.6,0.8166666666666667,0.4666666666666667,0.7,0.4962414264678955,0.02094883918762207
sqrt,1,0.00359381,0.3,5,0.6166666666666667,0.07888106377466154,563,0.5333333333333333,0.7,0.7166666666666667,0.5333333333333333,0.6000000000000001,0.4814299583435059,0.02116870880126953
sqrt,1,0.00359381,0.3,10,0.52,0.11421227799341208,769,0.35,0.6,0.4166666666666667,0.6333333333333333,0.6,0.4844696044921875,0.02093048095703125
sqrt,1,0.00359381,0.3,20,0.6633333333333334,0.17931970208417022,275,0.9166666666666667,0.5333333333333333,0.4166666666666667,0.65,0.8,0.4913791656494141,0.02098398208618164
sqrt,1,0.00359381,0.3,50,0.6233333333333333,0.12364824660660938,509,0.5333333333333333,0.6,0.8166666666666667,0.4666666666666667,0.7,0.49674034118652344,0.021072196960449218
sqrt,1,0.00359381,0.5,5,0.6166666666666667,0.07888106377466154,563,0.5333333333333333,0.7,0.7166666666666667,0.5333333333333333,0.6000000000000001,0.4821422576904297,0.02123398780822754
sqrt,1,0.00359381,0.5,10,0.52,0.11421227799341208,769,0.35,0.6,0.4166666666666667,0.6333333333333333,0.6,0.48338913917541504,0.020938873291015625
sqrt,1,0.00359381,0.5,20,0.6633333333333334,0.17931970208417022,275,0.9166666666666667,0.5333333333333333,0.4166666666666667,0.65,0.8,0.4932469367980957,0.021130800247192383
sqrt,1,0.00359381,0.5,50,0.6233333333333333,0.12364824660660938,509,0.5333333333333333,0.6,0.8166666666666667,0.4666666666666667,0.7,0.4967808723449707,0.020961618423461913
sqrt,1,0.00359381,0.7,5,0.6166666666666667,0.07888106377466154,563,0.5333333333333333,0.7,0.7166666666666667,0.5333333333333333,0.6000000000000001,0.4820293426513672,0.021387481689453126
sqrt,1,0.00359381,0.7,10,0.52,0.11421227799341208,769,0.35,0.6,0.4166666666666667,0.6333333333333333,0.6,0.4864040851593018,0.021377182006835936
sqrt,1,0.00359381,0.7,20,0.6633333333333334,0.17931970208417022,275,0.9166666666666667,0.5333333333333333,0.4166666666666667,0.65,0.8,0.4926213264465332,0.021079540252685547
sqrt,1,0.00359381,0.7,50,0.6233333333333333,0.12364824660660938,509,0.5333333333333333,0.6,0.8166666666666667,0.4666666666666667,0.7,0.49931917190551756,0.02105822563171387
sqrt,1,0.00359381,0.9,5,0.6166666666666667,0.07888106377466154,563,0.5333333333333333,0.7,0.7166666666666667,0.5333333333333333,0.6000000000000001,0.4833552837371826,0.020930910110473634
sqrt,1,0.00359381,0.9,10,0.52,0.11421227799341208,769,0.35,0.6,0.4166666666666667,0.6333333333333333,0.6,0.4889962196350098,0.020927953720092773
sqrt,1,0.00359381,0.9,20,0.6633333333333334,0.17931970208417022,275,0.9166666666666667,0.5333333333333333,0.4166666666666667,0.65,0.8,0.4933192729949951,0.02100672721862793
sqrt,1,0.00359381,0.9,50,0.6233333333333333,0.12364824660660938,509,0.5333333333333333,0.6,0.8166666666666667,0.4666666666666667,0.7,0.4984450817108154,0.021088886260986327
sqrt,1,0.0129155,0.1,5,0.72,0.07102425250887504,63,0.8333333333333333,0.6166666666666667,0.7,0.75,0.7,0.4942047595977783,0.020839405059814454
sqrt,1,0.0129155,0.1,10,0.7733333333333334,0.10252370999486468,6,0.9166666666666667,0.8,0.6,0.75,0.8,0.49526681900024416,0.021112966537475585
sqrt,1,0.0129155,0.1,20,0.77,0.10666666666666665,15,0.8166666666666667,0.9,0.7,0.8333333333333333,0.6000000000000001,0.5006887435913085,0.020955276489257813
sqrt,1,0.0129155,0.1,50,0.7566666666666667,0.12364824660660935,17,0.8333333333333333,0.9,0.6166666666666667,0.8333333333333333,0.6000000000000001,0.5065149784088134,0.02100405693054199
sqrt,1,0.0129155,0.3,5,0.6166666666666667,0.07888106377466154,563,0.5333333333333333,0.7,0.7166666666666667,0.5333333333333333,0.6000000000000001,0.48359079360961915,0.020795059204101563
sqrt,1,0.0129155,0.3,10,0.52,0.11421227799341208,769,0.35,0.6,0.4166666666666667,0.6333333333333333,0.6,0.4936228275299072,0.020806074142456055
sqrt,1,0.0129155,0.3,20,0.6633333333333334,0.17931970208417022,275,0.9166666666666667,0.5333333333333333,0.4166666666666667,0.65,0.8,0.4920660018920898,0.02097663879394531
sqrt,1,0.0129155,0.3,50,0.6233333333333333,0.12364824660660938,509,0.5333333333333333,0.6,0.8166666666666667,0.4666666666666667,0.7,0.5015022277832031,0.021164703369140624
sqrt,1,0.0129155,0.5,5,0.6166666666666667,0.07888106377466154,563,0.5333333333333333,0.7,0.7166666666666667,0.5333333333333333,0.6000000000000001,0.48484601974487307,0.02117466926574707
sqrt,1,0.0129155,0.5,10,0.52,0.11421227799341208,769,0.35,0.6,0.4166666666666667,0.6333333333333333,0.6,0.4889090538024902,0.021071386337280274
sqrt,1,0.0129155,0.5,20,0.6633333333333334,0.17931970208417022,275,0.9166666666666667,0.5333333333333333,0.4166666666666667,0.65,0.8,0.4948277950286865,0.0208831787109375
sqrt,1,0.0129155,0.5,50,0.6233333333333333,0.12364824660660938,509,0.5333333333333333,0.6,0.8166666666666667,0.4666666666666667,0.7,0.49848341941833496,0.020997285842895508
sqrt,1,0.0129155,0.7,5,0.6166666666666667,0.07888106377466154,563,0.5333333333333333,0.7,0.7166666666666667,0.5333333333333333,0.6000000000000001,0.4858877658843994,0.020877361297607422
sqrt,1,0.0129155,0.7,10,0.52,0.11421227799341208,769,0.35,0.6,0.4166666666666667,0.6333333333333333,0.6,0.48654732704162595,0.0208646297454834
sqrt,1,0.0129155,0.7,20,0.6633333333333334,0.17931970208417022,275,0.9166666666666667,0.5333333333333333,0.4166666666666667,0.65,0.8,0.4954655647277832,0.021113157272338867
sqrt,1,0.0129155,0.7,50,0.6233333333333333,0.12364824660660938,509,0.5333333333333333,0.6,0.8166666666666667,0.4666666666666667,0.7,0.497877836227417,0.021126747131347656
sqrt,1,0.0129155,0.9,5,0.6166666666666667,0.07888106377466154,563,0.5333333333333333,0.7,0.7166666666666667,0.5333333333333333,0.6000000000000001,0.4878997325897217,0.020870542526245116
sqrt,1,0.0129155,0.9,10,0.52,0.11421227799341208,769,0.35,0.6,0.4166666666666667,0.6333333333333333,0.6,0.4872273445129395,0.021063852310180663
sqrt,1,0.0129155,0.9,20,0.6633333333333334,0.17931970208417022,275,0.9166666666666667,0.5333333333333333,0.4166666666666667,0.65,0.8,0.4934673309326172,0.020943212509155273
sqrt,1,0.0129155,0.9,50,0.6233333333333333,0.12364824660660938,509,0.5333333333333333,0.6,0.8166666666666667,0.4666666666666667,0.7,0.499666690826416,0.021020269393920897
sqrt,1,0.0464159,0.1,5,0.6666666666666666,0.12472191289246472,263,0.7333333333333334,0.8,0.43333333333333335,0.6666666666666666,0.7,0.5027146816253663,0.02101287841796875
sqrt,1,0.0464159,0.1,10,0.6466666666666667,0.039999999999999966,382,0.6666666666666666,0.7,0.6,0.6666666666666666,0.6000000000000001,0.5039579391479492,0.021069717407226563
sqrt,1,0.0464159,0.1,20,0.6666666666666666,0.05477225575051661,263,0.6666666666666666,0.6166666666666667,0.6,0.75,0.7,0.5091172218322754,0.02092399597167969
sqrt,1,0.0464159,0.1,50,0.7533333333333333,0.09092121131323905,22,0.8333333333333333,0.8,0.6,0.8333333333333333,0.7,0.5155577659606934,0.020856857299804688
sqrt,1,0.0464159,0.3,5,0.6900000000000001,0.07788880963698615,189,0.7166666666666667,0.6166666666666667,0.6,0.8166666666666667,0.7,0.5037944793701172,0.020949792861938477
sqrt,1,0.0464159,0.3,10,0.74,0.07348469228349536,32,0.75,0.8,0.6,0.75,0.8,0.5065820217132568,0.021055841445922853
sqrt,1,0.0464159,0.3,20,0.7566666666666666,0.10413666234542203,18,0.75,0.9,0.7,0.8333333333333333,0.6000000000000001,0.5100106716156005,0.02082662582397461
sqrt,1,0.0464159,0.3,50,0.7533333333333332,0.10456258094238745,28,0.7333333333333334,0.9,0.7,0.8333333333333333,0.6000000000000001,0.5172326564788818,0.021007013320922852
sqrt,1,0.0464159,0.5,5,0.6133333333333333,0.07845734863959877,617,0.6166666666666667,0.7,0.5166666666666667,0.5333333333333333,0.7,0.49172196388244627,0.021347665786743165
sqrt,1,0.0464159,0.5,10,0.6566666666666666,0.05120763831912407,333,0.7333333333333334,0.6,0.6166666666666667,0.6333333333333333,0.7,0.49818835258483884,0.020928668975830077
sqrt,1,0.0464159,0.5,20,0.6266666666666666,0.054365021434333624,503,0.6333333333333333,0.5333333333333333,0.6166666666666667,0.65,0.7,0.5007164955139161,0.021234941482543946
sqrt,1,0.0464159,0.5,50,0.6433333333333333,0.12092238098144699,405,0.8333333333333333,0.6,0.6166666666666667,0.4666666666666667,0.7,0.507706594467163,0.021132135391235353
sqrt,1,0.0464159,0.7,5,0.6166666666666667,0.07888106377466154,563,0.5333333333333333,0.7,0.7166666666666667,0.5333333333333333,0.6000000000000001,0.4834444522857666,0.020947599411010744
sqrt,1,0.0464159,0.7,10,0.52,0.11421227799341208,769,0.35,0.6,0.4166666666666667,0.6333333333333333,0.6,0.4877819061279297,0.020949697494506835
sqrt,1,0.0464159,0.7,20,0.6633333333333334,0.17931970208417022,275,0.9166666666666667,0.5333333333333333,0.4166666666666667,0.65,0.8,0.49329252243041993,0.02100362777709961
sqrt,1,0.0464159,0.7,50,0.6233333333333333,0.12364824660660938,509,0.5333333333333333,0.6,0.8166666666666667,0.4666666666666667,0.7,0.49708051681518556,0.02107086181640625
sqrt,1,0.0464159,0.9,5,0.6166666666666667,0.07888106377466154,563,0.5333333333333333,0.7,0.7166666666666667,0.5333333333333333,0.6000000000000001,0.4806082725524902,0.021190071105957033
sqrt,1,0.0464159,0.9,10,0.52,0.11421227799341208,769,0.35,0.6,0.4166666666666667,0.6333333333333333,0.6,0.48455209732055665,0.02142043113708496
sqrt,1,0.0464159,0.9,20,0.6633333333333334,0.17931970208417022,275,0.9166666666666667,0.5333333333333333,0.4166666666666667,0.65,0.8,0.4910900592803955,0.021349096298217775
sqrt,1,0.0464159,0.9,50,0.6233333333333333,0.12364824660660938,509,0.5333333333333333,0.6,0.8166666666666667,0.4666666666666667,0.7,0.49718508720397947,0.020869874954223634
sqrt,1,0.16681,0.1,5,0.6300000000000001,0.04760952285695232,444,0.6666666666666666,0.6166666666666667,0.6,0.5666666666666667,0.7,0.5322219848632812,0.020929813385009766
sqrt,1,0.16681,0.1,10,0.6633333333333333,0.06699917080747261,291,0.5666666666666667,0.7166666666666667,0.6,0.7333333333333334,0.7,0.5461462497711181,0.02109079360961914
sqrt,1,0.16681,0.1,20,0.6266666666666667,0.10832051206181281,456,0.6666666666666666,0.8,0.6,0.4666666666666667,0.6000000000000001,0.5351723194122314,0.021002864837646483
sqrt,1,0.16681,0.1,50,0.7333333333333333,0.10954451150103318,53,0.8333333333333333,0.8,0.6,0.8333333333333333,0.6000000000000001,0.5407445430755615,0.021172761917114258
sqrt,1,0.16681,0.3,5,0.6799999999999999,0.11421227799341208,218,0.7333333333333334,0.8166666666666667,0.5,0.75,0.6000000000000001,0.5380210399627685,0.020989465713500976
sqrt,1,0.16681,0.3,10,0.7366666666666667,0.0819213715162967,43,0.8333333333333333,0.8,0.6,0.75,0.7,0.5407103538513184,0.021174860000610352
sqrt,1,0.16681,0.3,20,0.6666666666666667,0.09128709291752767,259,0.6666666666666666,0.8166666666666667,0.6,0.55,0.7,0.5426149368286133,0.021050262451171874
sqrt,1,0.16681,0.3,50,0.77,0.10974718422102885,15,0.9166666666666667,0.8,0.7,0.8333333333333333,0.6000000000000001,0.5498862743377686,0.020992040634155273
sqrt,1,0.16681,0.5,5,0.7033333333333334,0.07180219742846007,127,0.7333333333333334,0.8166666666666667,0.6,0.6666666666666666,0.7,0.5387168407440186,0.020905685424804688
sqrt,1,0.16681,0.5,10,0.7366666666666667,0.0819213715162967,43,0.8333333333333333,0.8,0.6,0.75,0.7,0.5431131362915039,0.021007871627807616
sqrt,1,0.16681,0.5,20,0.72,0.09510228411791402,63,0.75,0.6166666666666667,0.6,0.8333333333333333,0.8,0.5446340560913085,0.021015024185180663
sqrt,1,0.16681,0.5,50,0.7200000000000001,0.08589399151150083,62,0.6666666666666666,0.8,0.6,0.8333333333333333,0.7,0.5509386539459229,0.02108941078186035
sqrt,1,0.16681,0.7,5,0.7033333333333334,0.07180219742846007,127,0.7333333333333334,0.8166666666666667,0.6,0.6666666666666666,0.7,0.5341415405273438,0.021112918853759766
sqrt,1,0.16681,0.7,10,0.74,0.0969535971483266,32,0.75,0.9,0.6,0.75,0.7,0.5394150257110596,0.021028852462768553
sqrt,1,0.16681,0.7,20,0.7566666666666666,0.10413666234542203,18,0.75,0.9,0.7,0.8333333333333333,0.6000000000000001,0.5407447338104248,0.021096420288085938
sqrt,1,0.16681,0.7,50,0.74,0.07644896627453142,32,0.75,0.8,0.6166666666666667,0.8333333333333333,0.7,0.5487077713012696,0.02102947235107422
sqrt,1,0.16681,0.9,5,0.7033333333333334,0.07180219742846007,127,0.7333333333333334,0.8166666666666667,0.6,0.6666666666666666,0.7,0.5268341541290283,0.02091250419616699
sqrt,1,0.16681,0.9,10,0.74,0.0969535971483266,32,0.75,0.9,0.6,0.75,0.7,0.5295610427856445,0.021113204956054687
sqrt,1,0.16681,0.9,20,0.7166666666666667,0.12560962454277846,72,0.65,0.9,0.6,0.8333333333333333,0.6000000000000001,0.5320925235748291,0.021251440048217773
sqrt,1,0.16681,0.9,50,0.7566666666666666,0.08537498983243795,18,0.8333333333333333,0.8,0.6166666666666667,0.8333333333333333,0.7,0.5409626960754395,0.021013593673706053
sqrt,1,0.599484,0.1,5,0.6033333333333333,0.092135166407235,661,0.6666666666666666,0.6166666666666667,0.6,0.43333333333333335,0.7,0.6071994781494141,0.02100262641906738
sqrt,1,0.599484,0.1,10,0.6666666666666666,0.054772255750516606,263,0.5666666666666667,0.7166666666666667,0.7,0.65,0.7,0.6080721378326416,0.02101125717163086
sqrt,1,0.599484,0.1,20,0.64,0.080691456246068,422,0.75,0.7,0.5166666666666667,0.6333333333333333,0.6000000000000001,0.6122023105621338,0.021001291275024415
sqrt,1,0.599484,0.1,50,0.7133333333333334,0.10456258094238743,86,0.8333333333333333,0.7,0.6,0.8333333333333333,0.6000000000000001,0.6161120891571045,0.02110123634338379
sqrt,1,0.599484,0.3,5,0.5366666666666667,0.07333333333333335,732,0.4666666666666667,0.6166666666666667,0.43333333333333335,0.5666666666666667,0.6000000000000001,0.6236403942108154,0.021069812774658202
sqrt,1,0.599484,0.3,10,0.6833333333333333,0.0829993306532582,202,0.6666666666666666,0.6166666666666667,0.6,0.8333333333333333,0.7,0.6251630783081055,0.020883893966674803
sqrt,1,0.599484,0.3,20,0.6633333333333333,0.0755718936583642,291,0.75,0.7166666666666667,0.7,0.55,0.6000000000000001,0.6285922527313232,0.020950794219970703
sqrt,1,0.599484,0.3,50,0.7333333333333333,0.10954451150103318,53,0.8333333333333333,0.8,0.6,0.8333333333333333,0.6000000000000001,0.6360427379608155,0.021180391311645508
sqrt,1,0.599484,0.5,5,0.65,0.13498971154211056,365,0.7333333333333334,0.8166666666666667,0.43333333333333335,0.5666666666666667,0.7,0.6434689044952393,0.021026182174682616
sqrt,1,0.599484,0.5,10,0.6833333333333333,0.09067647005823626,202,0.5666666666666667,0.6166666666666667,0.7,0.8333333333333333,0.7,0.6475195407867431,0.020801448822021486
sqrt,1,0.599484,0.5,20,0.72,0.07557189365836418,63,0.75,0.7166666666666667,0.7,0.8333333333333333,0.6000000000000001,0.6523826122283936,0.021071672439575195
sqrt,1,0.599484,0.5,50,0.7133333333333334,0.10456258094238743,86,0.8333333333333333,0.7,0.6,0.8333333333333333,0.6000000000000001,0.6561499118804932,0.02124495506286621
sqrt,1,0.599484,0.7,5,0.6866666666666668,0.13224556283251582,191,0.7333333333333334,0.8166666666666667,0.43333333333333335,0.75,0.7,0.6463756561279297,0.02090115547180176
sqrt,1,0.599484,0.7,10,0.7,0.07378647873726214,150,0.65,0.6166666666666667,0.7,0.8333333333333333,0.7,0.6465757846832275,0.021080160140991212
sqrt,1,0.599484,0.7,20,0.7166666666666667,0.10434983894999014,72,0.8333333333333333,0.7166666666666667,0.6,0.8333333333333333,0.6000000000000001,0.6468133926391602,0.02093791961669922
sqrt,1,0.599484,0.7,50,0.7733333333333332,0.061101009266077866,10,0.8333333333333333,0.8,0.7,0.8333333333333333,0.7,0.655237865447998,0.02102656364440918
sqrt,1,0.599484,0.9,5,0.7033333333333334,0.07180219742846003,127,0.7333333333333334,0.8166666666666667,0.7,0.6666666666666666,0.6000000000000001,0.6617542266845703,0.021100711822509766
sqrt,1,0.599484,0.9,10,0.7333333333333333,0.08944271909999153,53,0.8333333333333333,0.7,0.7,0.8333333333333333,0.6000000000000001,0.6627228736877442,0.021136999130249023
sqrt,1,0.599484,0.9,20,0.7,0.07817359599705713,150,0.8333333333333333,0.7166666666666667,0.6,0.65,0.7,0.6665232181549072,0.021019172668457032
sqrt,1,0.599484,0.9,50,0.7733333333333332,0.061101009266077866,10,0.8333333333333333,0.8,0.7,0.8333333333333333,0.7,0.6728139877319336,0.021076059341430663
sqrt,1,2.15443,0.1,5,0.6033333333333333,0.092135166407235,661,0.6666666666666666,0.6166666666666667,0.6,0.43333333333333335,0.7,0.7386378765106201,0.021045923233032227
sqrt,1,2.15443,0.1,10,0.5900000000000001,0.07571877794400364,676,0.5666666666666667,0.6166666666666667,0.7,0.4666666666666667,0.6000000000000001,0.7419722557067872,0.021279668807983397
sqrt,1,2.15443,0.1,20,0.6433333333333333,0.06798692684790376,405,0.6666666666666666,0.7,0.5166666666666667,0.6333333333333333,0.7,0.7432665348052978,0.02106313705444336
sqrt,1,2.15443,0.1,50,0.66,0.09695359714832656,311,0.75,0.7,0.5,0.75,0.6000000000000001,0.7505980014801026,0.021209096908569335
sqrt,1,2.15443,0.3,5,0.5633333333333335,0.09910712498212335,723,0.4666666666666667,0.6166666666666667,0.6,0.43333333333333335,0.7,0.7984616756439209,0.021080207824707032
sqrt,1,2.15443,0.3,10,0.6266666666666667,0.05228129047119374,456,0.5666666666666667,0.7166666666666667,0.6,0.65,0.6000000000000001,0.8001198291778564,0.021151065826416016
sqrt,1,2.15443,0.3,20,0.6433333333333333,0.08730533902472529,405,0.75,0.6166666666666667,0.5166666666666667,0.7333333333333334,0.6000000000000001,0.8116075038909912,0.020902681350708007
sqrt,1,2.15443,0.3,50,0.6933333333333334,0.13063945294843612,175,0.8333333333333333,0.7,0.6,0.8333333333333333,0.5,0.8110006809234619,0.021143579483032228
sqrt,1,2.15443,0.5,5,0.5233333333333333,0.07272474743090478,765,0.4666666666666667,0.6166666666666667,0.5,0.43333333333333335,0.6000000000000001,0.8439188003540039,0.021239662170410158
sqrt,1,2.15443,0.5,10,0.6833333333333333,0.059628479399994404,202,0.5666666666666667,0.7166666666666667,0.7,0.7333333333333334,0.7,0.8480832576751709,0.021210908889770508
sqrt,1,2.15443,0.5,20,0.6833333333333333,0.06411794687223782,202,0.75,0.6166666666666667,0.6,0.75,0.7,0.8497621536254882,0.020990753173828126
sqrt,1,2.15443,0.5,50,0.7133333333333333,0.1222020185321557,102,0.8333333333333333,0.7,0.7,0.8333333333333333,0.5,0.8585860252380371,0.021009302139282225
sqrt,1,2.15443,0.7,5,0.59,0.12274635093014646,707,0.4666666666666667,0.8166666666666667,0.5,0.5666666666666667,0.6000000000000001,0.8778496742248535,0.021354818344116212
sqrt,1,2.15443,0.7,10,0.6633333333333333,0.061824123303304696,291,0.5666666666666667,0.6166666666666667,0.7,0.7333333333333334,0.7,0.8799914360046387,0.02107396125793457
sqrt,1,2.15443,0.7,20,0.7233333333333334,0.07039570693980955,60,0.75,0.7166666666666667,0.6166666666666667,0.8333333333333333,0.7,0.8827824115753173,0.021146488189697266
sqrt,1,2.15443,0.7,50,0.6933333333333334,0.13063945294843612,175,0.8333333333333333,0.7,0.6,0.8333333333333333,0.5,0.8908264636993408,0.021227025985717775
sqrt,1,2.15443,0.9,5,0.5766666666666667,0.13482498944104454,715,0.4666666666666667,0.8166666666666667,0.43333333333333335,0.5666666666666667,0.6000000000000001,0.921541166305542,0.02112998962402344
sqrt,1,2.15443,0.9,10,0.6633333333333333,0.061824123303304696,291,0.5666666666666667,0.6166666666666667,0.7,0.7333333333333334,0.7,0.9211875915527343,0.02114071846008301
sqrt,1,2.15443,0.9,20,0.7166666666666666,0.07601169500660919,76,0.75,0.7,0.6,0.8333333333333333,0.7,0.9247604846954346,0.021233558654785156
sqrt,1,2.15443,0.9,50,0.7133333333333334,0.10456258094238745,86,0.8333333333333333,0.7,0.6,0.8333333333333333,0.6,0.9323173522949219,0.021255302429199218
sqrt,1,7.74264,0.1,5,0.6233333333333333,0.06289320754704403,509,0.6666666666666666,0.5333333333333333,0.6,0.7166666666666667,0.6,0.7857218265533448,0.021297502517700195
sqrt,1,7.74264,0.1,10,0.6300000000000001,0.04760952285695232,444,0.6666666666666666,0.6166666666666667,0.6,0.5666666666666667,0.7,0.7871034145355225,0.021125364303588866
sqrt,1,7.74264,0.1,20,0.5866666666666667,0.12622730819174321,709,0.6666666666666666,0.7,0.4166666666666667,0.45,0.7,0.788956594467163,0.021160078048706055
sqrt,1,7.74264,0.1,50,0.6966666666666667,0.08969082698049136,162,0.8333333333333333,0.7,0.6,0.75,0.6000000000000001,0.7947628021240234,0.021011781692504884
sqrt,1,7.74264,0.3,5,0.6200000000000001,0.10821788720498617,551,0.75,0.6166666666666667,0.6,0.43333333333333335,0.7,1.00557861328125,0.021202898025512694
sqrt,1,7.74264,0.3,10,0.6233333333333333,0.06463573143221768,509,0.5666666666666667,0.7,0.7,0.55,0.6000000000000001,1.010101842880249,0.021188879013061525
sqrt,1,7.74264,0.3,20,0.6266666666666666,0.07348469228349531,503,0.5666666666666667,0.7,0.5166666666666667,0.65,0.7,1.0136186599731445,0.021268606185913086
sqrt,1,7.74264,0.3,50,0.7133333333333334,0.10456258094238743,86,0.8333333333333333,0.7,0.6,0.8333333333333333,0.6000000000000001,1.016780185699463,0.020893955230712892
sqrt,1,7.74264,0.5,5,0.5633333333333335,0.09910712498212335,723,0.4666666666666667,0.6166666666666667,0.6,0.43333333333333335,0.7,1.0889649868011475,0.020998716354370117
sqrt,1,7.74264,0.5,10,0.6233333333333333,0.05734883511361753,509,0.5666666666666667,0.6166666666666667,0.6,0.7333333333333334,0.6000000000000001,1.0917882919311523,0.021227264404296876
sqrt,1,7.74264,0.5,20,0.6233333333333333,0.08856886837057612,509,0.75,0.7,0.5166666666666667,0.55,0.6000000000000001,1.0929677486419678,0.021161270141601563
sqrt,1,7.74264,0.5,50,0.6933333333333334,0.08793937305515276,175,0.8333333333333333,0.7,0.6,0.7333333333333334,0.6000000000000001,1.1010998249053956,0.02109661102294922
sqrt,1,7.74264,0.7,5,0.5233333333333333,0.07272474743090478,765,0.4666666666666667,0.6166666666666667,0.5,0.43333333333333335,0.6000000000000001,1.1530754089355468,0.021244049072265625
sqrt,1,7.74264,0.7,10,0.6633333333333333,0.061824123303304696,291,0.5666666666666667,0.6166666666666667,0.7,0.7333333333333334,0.7,1.1567086219787597,0.021079111099243163
sqrt,1,7.74264,0.7,20,0.6633333333333333,0.09153020145163984,291,0.75,0.7,0.5166666666666667,0.75,0.6000000000000001,1.1583621501922607,0.021158790588378905
sqrt,1,7.74264,0.7,50,0.6933333333333334,0.13063945294843612,175,0.8333333333333333,0.7,0.6,0.8333333333333333,0.5,1.1671563625335692,0.021124935150146483
sqrt,1,7.74264,0.9,5,0.5433333333333333,0.10306416555826872,731,0.4666666666666667,0.7166666666666667,0.5,0.43333333333333335,0.6000000000000001,1.2286001682281493,0.02108321189880371
sqrt,1,7.74264,0.9,10,0.6633333333333333,0.061824123303304696,291,0.5666666666666667,0.6166666666666667,0.7,0.7333333333333334,0.7,1.2308680534362793,0.0211637020111084
sqrt,1,7.74264,0.9,20,0.6799999999999999,0.11125546178852419,218,0.75,0.7,0.5166666666666667,0.8333333333333333,0.6000000000000001,1.23375563621521,0.02120380401611328
sqrt,1,7.74264,0.9,50,0.6566666666666666,0.11035296904831231,333,0.8333333333333333,0.7,0.6,0.65,0.5,1.2404850006103516,0.021034669876098634
sqrt,1,27.8256,0.1,5,0.62,0.07483314773547882,555,0.75,0.5166666666666667,0.6166666666666667,0.6166666666666667,0.6,0.7978678703308105,0.021100234985351563
sqrt,1,27.8256,0.1,10,0.6666666666666666,0.07071067811865477,263,0.6666666666666666,0.6166666666666667,0.6,0.65,0.8,0.7960819721221923,0.02115292549133301
sqrt,1,27.8256,0.1,20,0.6599999999999999,0.07348469228349531,314,0.75,0.7,0.6,0.55,0.7,0.797170352935791,0.02108345031738281
sqrt,1,27.8256,0.1,50,0.6766666666666666,0.08666666666666663,227,0.8333333333333333,0.7,0.6,0.65,0.6000000000000001,0.80372314453125,0.021033048629760742
sqrt,1,27.8256,0.3,5,0.6233333333333333,0.06289320754704403,509,0.6666666666666666,0.5333333333333333,0.6,0.7166666666666667,0.6,0.9243469715118409,0.021410274505615234
sqrt,1,27.8256,0.3,10,0.7066666666666667,0.04898979485566359,117,0.6666666666666666,0.7,0.7,0.6666666666666666,0.8,0.9260824680328369,0.021225404739379884
sqrt,1,27.8256,0.3,20,0.5900000000000001,0.08793937305515276,676,0.6666666666666666,0.7,0.5166666666666667,0.4666666666666667,0.6000000000000001,0.9289514064788819,0.02100830078125
sqrt,1,27.8256,0.3,50,0.7133333333333334,0.10456258094238743,86,0.8333333333333333,0.7,0.6,0.8333333333333333,0.6000000000000001,0.9343255996704102,0.021021270751953126
sqrt,1,27.8256,0.5,5,0.6266666666666667,0.054365021434333645,456,0.5833333333333334,0.6166666666666667,0.6,0.7333333333333334,0.6000000000000001,1.1751285552978517,0.021207761764526368
sqrt,1,27.8256,0.5,10,0.63,0.05811865258054228,452,0.5833333333333334,0.7,0.7,0.5666666666666667,0.6000000000000001,1.1781288623809814,0.021111536026000976
sqrt,1,27.8256,0.5,20,0.6066666666666667,0.08205689083394112,633,0.6666666666666666,0.7,0.5166666666666667,0.65,0.5,1.1818286895751953,0.02136507034301758
sqrt,1,27.8256,0.5,50,0.6966666666666667,0.08969082698049136,162,0.8333333333333333,0.7,0.6,0.75,0.6000000000000001,1.1875267505645752,0.021283483505249022
sqrt,1,27.8256,0.7,5,0.5866666666666667,0.08653836657164779,709,0.5833333333333334,0.6166666666666667,0.6,0.43333333333333335,0.7,1.2584341526031495,0.02107686996459961
sqrt,1,27.8256,0.7,10,0.5866666666666667,0.07483314773547882,709,0.5666666666666667,0.7,0.6,0.4666666666666667,0.6000000000000001,1.2604209423065185,0.020996713638305665
sqrt,1,27.8256,0.7,20,0.6266666666666667,0.06110100926607785,456,0.5666666666666667,0.7,0.6,0.5666666666666667,0.7,1.2633963108062745,0.02114105224609375
sqrt,1,27.8256,0.7,50,0.7133333333333334,0.10456258094238743,86,0.8333333333333333,0.7,0.6,0.8333333333333333,0.6000000000000001,1.267034912109375,0.021176576614379883
sqrt,1,27.8256,0.9,5,0.6200000000000001,0.10821788720498617,551,0.75,0.6166666666666667,0.6,0.43333333333333335,0.7,1.3467229366302491,0.021019363403320314
sqrt,1,27.8256,0.9,10,0.5700000000000001,0.05416025603090641,718,0.5666666666666667,0.6166666666666667,0.6,0.4666666666666667,0.6000000000000001,1.3513465404510498,0.021280431747436525
sqrt,1,27.8256,0.9,20,0.6799999999999999,0.05099019513592784,218,0.75,0.7,0.6,0.65,0.7,1.3494073390960692,0.021017742156982423
sqrt,1,27.8256,0.9,50,0.6933333333333334,0.13063945294843612,175,0.8333333333333333,0.7,0.6,0.8333333333333333,0.5,1.356224536895752,0.02119870185852051
sqrt,1,100.0,0.1,5,0.64,0.07999999999999997,422,0.75,0.5166666666666667,0.6166666666666667,0.6166666666666667,0.7,0.8607996463775635,0.02100229263305664
sqrt,1,100.0,0.1,10,0.6666666666666666,0.09128709291752768,263,0.6666666666666666,0.5166666666666667,0.7,0.65,0.8,0.8637655735015869,0.021150636672973632
sqrt,1,100.0,0.1,20,0.6233333333333333,0.11623730516108462,509,0.75,0.7,0.5,0.4666666666666667,0.7,0.8708452701568603,0.02219424247741699
sqrt,1,100.0,0.1,50,0.6366666666666666,0.11850925889754116,436,0.8333333333333333,0.7,0.5,0.55,0.6000000000000001,0.8725245952606201,0.02101292610168457
sqrt,1,100.0,0.3,5,0.62,0.07483314773547882,555,0.75,0.5166666666666667,0.6166666666666667,0.6166666666666667,0.6,0.8599690914154052,0.021090364456176756
sqrt,1,100.0,0.3,10,0.6666666666666666,0.07071067811865477,263,0.6666666666666666,0.6166666666666667,0.6,0.65,0.8,0.8623088836669922,0.02114710807800293
sqrt,1,100.0,0.3,20,0.6433333333333333,0.10088497300281037,405,0.75,0.7,0.6,0.4666666666666667,0.7,0.8659844875335694,0.02116231918334961
sqrt,1,100.0,0.3,50,0.6599999999999999,0.05830951894845299,314,0.75,0.7,0.6,0.65,0.6000000000000001,0.8712742805480957,0.021059703826904298
sqrt,1,100.0,0.5,5,0.62,0.07483314773547882,555,0.75,0.5166666666666667,0.6166666666666667,0.6166666666666667,0.6,0.8751980304718018,0.021145439147949217
sqrt,1,100.0,0.5,10,0.6466666666666667,0.03559026084010435,382,0.6666666666666666,0.6166666666666667,0.6,0.65,0.7,0.8820568561553955,0.021404743194580078
sqrt,1,100.0,0.5,20,0.6233333333333334,0.08273115763993902,507,0.6666666666666666,0.7,0.5,0.55,0.7,0.8794217109680176,0.021052169799804687
sqrt,1,100.0,0.5,50,0.6966666666666667,0.08969082698049136,162,0.8333333333333333,0.7,0.6,0.75,0.6000000000000001,0.8875951766967773,0.021229362487792967
sqrt,1,100.0,0.7,5,0.62,0.06782329983125267,555,0.6666666666666666,0.5166666666666667,0.6,0.7166666666666667,0.6,0.9118047237396241,0.02087082862854004
sqrt,1,100.0,0.7,10,0.6333333333333334,0.043461349368017634,439,0.6666666666666666,0.6166666666666667,0.6,0.5833333333333334,0.7,0.9072752475738526,0.021183252334594727
sqrt,1,100.0,0.7,20,0.55,0.1498147003616282,728,0.6666666666666666,0.7,0.5,0.2833333333333333,0.6000000000000001,0.9100900173187256,0.021381330490112305
sqrt,1,100.0,0.7,50,0.6566666666666667,0.10088497300281032,331,0.8333333333333333,0.7,0.6,0.55,0.6000000000000001,0.9168281078338623,0.021059703826904298
sqrt,1,100.0,0.9,5,0.6,0.08366600265340754,667,0.6666666666666666,0.5166666666666667,0.6,0.7166666666666667,0.5,0.9820701122283936,0.021194314956665038
sqrt,1,100.0,0.9,10,0.6533333333333333,0.04642796092394703,360,0.6666666666666666,0.6166666666666667,0.7,0.5833333333333334,0.7,0.9813255310058594,0.021147823333740233
sqrt,1,100.0,0.9,20,0.55,0.13416407864998736,728,0.6666666666666666,0.7,0.4166666666666667,0.3666666666666667,0.6000000000000001,0.9841621398925782,0.021172046661376953
sqrt,1,100.0,0.9,50,0.6766666666666666,0.08666666666666663,227,0.8333333333333333,0.7,0.6,0.65,0.6000000000000001,0.9948723793029786,0.02128634452819824
sqrt,5,0.001,0.1,5,0.5900000000000001,0.09752492558885195,676,0.5333333333333333,0.5,0.7166666666666667,0.7,0.5,0.4740921974182129,0.020915126800537108
sqrt,5,0.001,0.1,10,0.53,0.09333333333333331,733,0.5333333333333333,0.5,0.4166666666666667,0.7,0.5,0.4757412910461426,0.02072734832763672
sqrt,5,0.001,0.1,20,0.6266666666666667,0.08205689083394115,456,0.7166666666666667,0.6,0.5,0.7166666666666667,0.6,0.4810080051422119,0.020846462249755858
sqrt,5,0.001,0.1,50,0.6166666666666666,0.05962847939999436,595,0.6333333333333333,0.6,0.5166666666666667,0.6333333333333333,0.7,0.4826348304748535,0.021329069137573244
sqrt,5,0.001,0.3,5,0.5900000000000001,0.09752492558885195,676,0.5333333333333333,0.5,0.7166666666666667,0.7,0.5,0.47469305992126465,0.02086749076843262
sqrt,5,0.001,0.3,10,0.53,0.09333333333333331,733,0.5333333333333333,0.5,0.4166666666666667,0.7,0.5,0.47549986839294434,0.020911741256713866
sqrt,5,0.001,0.3,20,0.6266666666666667,0.08205689083394115,456,0.7166666666666667,0.6,0.5,0.7166666666666667,0.6,0.47884502410888674,0.020798206329345703
sqrt,5,0.001,0.3,50,0.6166666666666666,0.05962847939999436,595,0.6333333333333333,0.6,0.5166666666666667,0.6333333333333333,0.7,0.4837233066558838,0.020826148986816406
sqrt,5,0.001,0.5,5,0.5900000000000001,0.09752492558885195,676,0.5333333333333333,0.5,0.7166666666666667,0.7,0.5,0.4728273391723633,0.02092256546020508
sqrt,5,0.001,0.5,10,0.53,0.09333333333333331,733,0.5333333333333333,0.5,0.4166666666666667,0.7,0.5,0.47396321296691896,0.02096257209777832
sqrt,5,0.001,0.5,20,0.6266666666666667,0.08205689083394115,456,0.7166666666666667,0.6,0.5,0.7166666666666667,0.6,0.4791201114654541,0.02086300849914551
sqrt,5,0.001,0.5,50,0.6166666666666666,0.05962847939999436,595,0.6333333333333333,0.6,0.5166666666666667,0.6333333333333333,0.7,0.4827552795410156,0.020972394943237306
sqrt,5,0.001,0.7,5,0.5900000000000001,0.09752492558885195,676,0.5333333333333333,0.5,0.7166666666666667,0.7,0.5,0.47569985389709474,0.020952796936035155
sqrt,5,0.001,0.7,10,0.53,0.09333333333333331,733,0.5333333333333333,0.5,0.4166666666666667,0.7,0.5,0.47603592872619627,0.020650959014892577
sqrt,5,0.001,0.7,20,0.6266666666666667,0.08205689083394115,456,0.7166666666666667,0.6,0.5,0.7166666666666667,0.6,0.47634472846984866,0.02092609405517578
sqrt,5,0.001,0.7,50,0.6166666666666666,0.05962847939999436,595,0.6333333333333333,0.6,0.5166666666666667,0.6333333333333333,0.7,0.48781633377075195,0.02087883949279785
sqrt,5,0.001,0.9,5,0.5900000000000001,0.09752492558885195,676,0.5333333333333333,0.5,0.7166666666666667,0.7,0.5,0.475992488861084,0.020830583572387696
sqrt,5,0.001,0.9,10,0.53,0.09333333333333331,733,0.5333333333333333,0.5,0.4166666666666667,0.7,0.5,0.47606792449951174,0.02086296081542969
sqrt,5,0.001,0.9,20,0.6266666666666667,0.08205689083394115,456,0.7166666666666667,0.6,0.5,0.7166666666666667,0.6,0.4843766689300537,0.02090425491333008
sqrt,5,0.001,0.9,50,0.6166666666666666,0.05962847939999436,595,0.6333333333333333,0.6,0.5166666666666667,0.6333333333333333,0.7,0.48463897705078124,0.020898723602294923
sqrt,5,0.00359381,0.1,5,0.5900000000000001,0.09752492558885195,676,0.5333333333333333,0.5,0.7166666666666667,0.7,0.5,0.4747768878936768,0.02094721794128418
sqrt,5,0.00359381,0.1,10,0.53,0.09333333333333331,733,0.5333333333333333,0.5,0.4166666666666667,0.7,0.5,0.47613277435302737,0.020945024490356446
sqrt,5,0.00359381,0.1,20,0.6266666666666667,0.08205689083394115,456,0.7166666666666667,0.6,0.5,0.7166666666666667,0.6,0.4784091949462891,0.02109675407409668
sqrt,5,0.00359381,0.1,50,0.6166666666666666,0.05962847939999436,595,0.6333333333333333,0.6,0.5166666666666667,0.6333333333333333,0.7,0.48314838409423827,0.020957231521606445
sqrt,5,0.00359381,0.3,5,0.5900000000000001,0.09752492558885195,676,0.5333333333333333,0.5,0.7166666666666667,0.7,0.5,0.4763154983520508,0.020720720291137695
sqrt,5,0.00359381,0.3,10,0.53,0.09333333333333331,733,0.5333333333333333,0.5,0.4166666666666667,0.7,0.5,0.4756925106048584,0.021123743057250975
sqrt,5,0.00359381,0.3,20,0.6266666666666667,0.08205689083394115,456,0.7166666666666667,0.6,0.5,0.7166666666666667,0.6,0.48108706474304197,0.020859956741333008
sqrt,5,0.00359381,0.3,50,0.6166666666666666,0.05962847939999436,595,0.6333333333333333,0.6,0.5166666666666667,0.6333333333333333,0.7,0.4873034477233887,0.02104191780090332
sqrt,5,0.00359381,0.5,5,0.5900000000000001,0.09752492558885195,676,0.5333333333333333,0.5,0.7166666666666667,0.7,0.5,0.47695531845092776,0.021229314804077148
sqrt,5,0.00359381,0.5,10,0.53,0.09333333333333331,733,0.5333333333333333,0.5,0.4166666666666667,0.7,0.5,0.4775379657745361,0.02093348503112793
sqrt,5,0.00359381,0.5,20,0.6266666666666667,0.08205689083394115,456,0.7166666666666667,0.6,0.5,0.7166666666666667,0.6,0.4835204124450684,0.021668195724487305
sqrt,5,0.00359381,0.5,50,0.6166666666666666,0.05962847939999436,595,0.6333333333333333,0.6,0.5166666666666667,0.6333333333333333,0.7,0.48451805114746094,0.020885229110717773
sqrt,5,0.00359381,0.7,5,0.5900000000000001,0.09752492558885195,676,0.5333333333333333,0.5,0.7166666666666667,0.7,0.5,0.47631006240844725,0.02102203369140625
sqrt,5,0.00359381,0.7,10,0.53,0.09333333333333331,733,0.5333333333333333,0.5,0.4166666666666667,0.7,0.5,0.4765984535217285,0.020867109298706055
sqrt,5,0.00359381,0.7,20,0.6266666666666667,0.08205689083394115,456,0.7166666666666667,0.6,0.5,0.7166666666666667,0.6,0.4780712604522705,0.02130885124206543
sqrt,5,0.00359381,0.7,50,0.6166666666666666,0.05962847939999436,595,0.6333333333333333,0.6,0.5166666666666667,0.6333333333333333,0.7,0.48333516120910647,0.021155548095703126
sqrt,5,0.00359381,0.9,5,0.5900000000000001,0.09752492558885195,676,0.5333333333333333,0.5,0.7166666666666667,0.7,0.5,0.4747805118560791,0.02084507942199707
sqrt,5,0.00359381,0.9,10,0.53,0.09333333333333331,733,0.5333333333333333,0.5,0.4166666666666667,0.7,0.5,0.47678289413452146,0.021077632904052734
sqrt,5,0.00359381,0.9,20,0.6266666666666667,0.08205689083394115,456,0.7166666666666667,0.6,0.5,0.7166666666666667,0.6,0.47878336906433105,0.020983076095581053
sqrt,5,0.00359381,0.9,50,0.6166666666666666,0.05962847939999436,595,0.6333333333333333,0.6,0.5166666666666667,0.6333333333333333,0.7,0.4851534366607666,0.02095961570739746
sqrt,5,0.0129155,0.1,5,0.6633333333333333,0.09741092797468302,291,0.7333333333333334,0.8166666666666667,0.6166666666666667,0.55,0.6000000000000001,0.48679122924804685,0.02082834243774414
sqrt,5,0.0129155,0.1,10,0.7366666666666667,0.08717797887081348,43,0.8166666666666667,0.8,0.6,0.6666666666666666,0.8,0.48911285400390625,0.020875072479248045
sqrt,5,0.0129155,0.1,20,0.7133333333333333,0.0653197264742181,102,0.7333333333333334,0.8,0.6,0.7333333333333334,0.7,0.4900496006011963,0.020859241485595703
sqrt,5,0.0129155,0.1,50,0.7533333333333333,0.0661647774709307,22,0.8166666666666667,0.8,0.7,0.65,0.8,0.4924893379211426,0.020853710174560548
sqrt,5,0.0129155,0.3,5,0.5900000000000001,0.09752492558885195,676,0.5333333333333333,0.5,0.7166666666666667,0.7,0.5,0.4768932342529297,0.020902681350708007
sqrt,5,0.0129155,0.3,10,0.53,0.09333333333333331,733,0.5333333333333333,0.5,0.4166666666666667,0.7,0.5,0.47458806037902834,0.02100534439086914
sqrt,5,0.0129155,0.3,20,0.6266666666666667,0.08205689083394115,456,0.7166666666666667,0.6,0.5,0.7166666666666667,0.6,0.4788974761962891,0.021058082580566406
sqrt,5,0.0129155,0.3,50,0.6166666666666666,0.05962847939999436,595,0.6333333333333333,0.6,0.5166666666666667,0.6333333333333333,0.7,0.4880237579345703,0.020885992050170898
sqrt,5,0.0129155,0.5,5,0.5900000000000001,0.09752492558885195,676,0.5333333333333333,0.5,0.7166666666666667,0.7,0.5,0.47452340126037595,0.02097783088684082
sqrt,5,0.0129155,0.5,10,0.53,0.09333333333333331,733,0.5333333333333333,0.5,0.4166666666666667,0.7,0.5,0.47621860504150393,0.020642995834350586
sqrt,5,0.0129155,0.5,20,0.6266666666666667,0.08205689083394115,456,0.7166666666666667,0.6,0.5,0.7166666666666667,0.6,0.47815580368041993,0.021046972274780272
sqrt,5,0.0129155,0.5,50,0.6166666666666666,0.05962847939999436,595,0.6333333333333333,0.6,0.5166666666666667,0.6333333333333333,0.7,0.48461213111877444,0.020821619033813476
sqrt,5,0.0129155,0.7,5,0.5900000000000001,0.09752492558885195,676,0.5333333333333333,0.5,0.7166666666666667,0.7,0.5,0.4763020515441895,0.021108531951904298
sqrt,5,0.0129155,0.7,10,0.53,0.09333333333333331,733,0.5333333333333333,0.5,0.4166666666666667,0.7,0.5,0.4749274253845215,0.020878934860229494
sqrt,5,0.0129155,0.7,20,0.6266666666666667,0.08205689083394115,456,0.7166666666666667,0.6,0.5,0.7166666666666667,0.6,0.47799115180969237,0.020860767364501952
sqrt,5,0.0129155,0.7,50,0.6166666666666666,0.05962847939999436,595,0.6333333333333333,0.6,0.5166666666666667,0.6333333333333333,0.7,0.4821621894836426,0.021383047103881836
sqrt,5,0.0129155,0.9,5,0.5900000000000001,0.09752492558885195,676,0.5333333333333333,0.5,0.7166666666666667,0.7,0.5,0.4760251998901367,0.020762062072753905
sqrt,5,0.0129155,0.9,10,0.53,0.09333333333333331,733,0.5333333333333333,0.5,0.4166666666666667,0.7,0.5,0.47800569534301757,0.021496295928955078
sqrt,5,0.0129155,0.9,20,0.6266666666666667,0.08205689083394115,456,0.7166666666666667,0.6,0.5,0.7166666666666667,0.6,0.4768237590789795,0.020827770233154297
sqrt,5,0.0129155,0.9,50,0.6166666666666666,0.05962847939999436,595,0.6333333333333333,0.6,0.5166666666666667,0.6333333333333333,0.7,0.48285861015319825,0.02081432342529297
sqrt,5,0.0464159,0.1,5,0.6666666666666666,0.12692955176439846,263,0.65,0.7,0.43333333333333335,0.75,0.8,0.5043065071105957,0.02104916572570801
sqrt,5,0.0464159,0.1,10,0.6866666666666668,0.09797958971132716,191,0.6666666666666666,0.8,0.6,0.5666666666666667,0.8,0.4972562313079834,0.02090139389038086
sqrt,5,0.0464159,0.1,20,0.7,0.07071067811865477,150,0.75,0.7,0.6,0.65,0.8,0.4994657516479492,0.021079063415527344
sqrt,5,0.0464159,0.1,50,0.7133333333333333,0.09797958971132713,102,0.8333333333333333,0.6,0.6,0.7333333333333334,0.8,0.5056859016418457,0.021156978607177735
sqrt,5,0.0464159,0.3,5,0.6433333333333333,0.13274871834493251,405,0.7166666666666667,0.8166666666666667,0.5333333333333333,0.45,0.7,0.4958157539367676,0.020762825012207033
sqrt,5,0.0464159,0.3,10,0.7733333333333334,0.09921917377424813,6,0.8166666666666667,0.9,0.6,0.75,0.8,0.4961865901947021,0.02087745666503906
sqrt,5,0.0464159,0.3,20,0.7766666666666667,0.0442216638714053,3,0.8333333333333333,0.8,0.7166666666666667,0.7333333333333334,0.8,0.4978774070739746,0.020762014389038085
sqrt,5,0.0464159,0.3,50,0.7766666666666666,0.09043106644167026,4,0.65,0.9,0.7,0.8333333333333333,0.8,0.5025070190429688,0.020975112915039062
sqrt,5,0.0464159,0.5,5,0.5700000000000001,0.07483314773547882,718,0.55,0.5,0.5,0.7,0.6000000000000001,0.4907974720001221,0.020650768280029298
sqrt,5,0.0464159,0.5,10,0.61,0.12000000000000001,621,0.55,0.5,0.5,0.7,0.8,0.48799962997436525,0.020853185653686525
sqrt,5,0.0464159,0.5,20,0.6333333333333334,0.1100504934614612,439,0.55,0.6,0.5,0.7166666666666667,0.8,0.48967370986938474,0.020754671096801756
sqrt,5,0.0464159,0.5,50,0.64,0.09225568335398698,422,0.65,0.6,0.5166666666666667,0.6333333333333333,0.8,0.49277544021606445,0.020946168899536134
sqrt,5,0.0464159,0.7,5,0.5900000000000001,0.09752492558885195,676,0.5333333333333333,0.5,0.7166666666666667,0.7,0.5,0.4752793788909912,0.020981311798095703
sqrt,5,0.0464159,0.7,10,0.53,0.09333333333333331,733,0.5333333333333333,0.5,0.4166666666666667,0.7,0.5,0.4745316982269287,0.020845413208007812
sqrt,5,0.0464159,0.7,20,0.6266666666666667,0.08205689083394115,456,0.7166666666666667,0.6,0.5,0.7166666666666667,0.6,0.47707839012145997,0.020941972732543945
sqrt,5,0.0464159,0.7,50,0.6166666666666666,0.05962847939999436,595,0.6333333333333333,0.6,0.5166666666666667,0.6333333333333333,0.7,0.4825597763061523,0.021078205108642577
sqrt,5,0.0464159,0.9,5,0.5900000000000001,0.09752492558885195,676,0.5333333333333333,0.5,0.7166666666666667,0.7,0.5,0.47580585479736326,0.020975780487060548
sqrt,5,0.0464159,0.9,10,0.53,0.09333333333333331,733,0.5333333333333333,0.5,0.4166666666666667,0.7,0.5,0.4766801357269287,0.021096515655517577
sqrt,5,0.0464159,0.9,20,0.6266666666666667,0.08205689083394115,456,0.7166666666666667,0.6,0.5,0.7166666666666667,0.6,0.478809118270874,0.020718765258789063
sqrt,5,0.0464159,0.9,50,0.6166666666666666,0.05962847939999436,595,0.6333333333333333,0.6,0.5166666666666667,0.6333333333333333,0.7,0.48320484161376953,0.02098984718322754
sqrt,5,0.16681,0.1,5,0.6699999999999999,0.08969082698049143,255,0.75,0.6333333333333333,0.6,0.5666666666666667,0.8,0.5236751556396484,0.02079000473022461
sqrt,5,0.16681,0.1,10,0.7066666666666667,0.08406346808612326,117,0.75,0.7166666666666667,0.7166666666666667,0.55,0.8,0.5267761707305908,0.02099266052246094
sqrt,5,0.16681,0.1,20,0.6599999999999999,0.05637178175095921,314,0.75,0.6166666666666667,0.6,0.6333333333333333,0.7,0.5293913364410401,0.02098994255065918
sqrt,5,0.16681,0.1,50,0.7133333333333334,0.10456258094238743,86,0.8333333333333333,0.7,0.6,0.8333333333333333,0.6000000000000001,0.5319693565368653,0.021142578125
sqrt,5,0.16681,0.3,5,0.6133333333333334,0.09741092797468304,615,0.65,0.7166666666666667,0.43333333333333335,0.6666666666666666,0.6,0.530908203125,0.020760440826416017
sqrt,5,0.16681,0.3,10,0.6633333333333333,0.13597385369580758,291,0.8333333333333333,0.6166666666666667,0.6,0.4666666666666667,0.8,0.5337117671966553,0.020965147018432616
sqrt,5,0.16681,0.3,20,0.6966666666666667,0.07333333333333336,162,0.75,0.7,0.6,0.6333333333333333,0.8,0.5369548797607422,0.020807266235351562
sqrt,5,0.16681,0.3,50,0.7333333333333332,0.10954451150103321,59,0.8333333333333333,0.6,0.6,0.8333333333333333,0.8,0.5393994331359864,0.021044254302978516
sqrt,5,0.16681,0.5,5,0.6733333333333332,0.1293573860795484,252,0.65,0.7333333333333334,0.43333333333333335,0.75,0.8,0.5323785781860352,0.02085533142089844
sqrt,5,0.16681,0.5,10,0.6066666666666667,0.09977753031397177,633,0.7333333333333334,0.5333333333333333,0.6,0.4666666666666667,0.7,0.535184907913208,0.020674848556518556
sqrt,5,0.16681,0.5,20,0.7133333333333333,0.0653197264742181,102,0.7333333333333334,0.7,0.6,0.7333333333333334,0.8,0.5383000373840332,0.021028614044189452
sqrt,5,0.16681,0.5,50,0.7533333333333333,0.08326663997864532,22,0.8333333333333333,0.8,0.6,0.7333333333333334,0.8,0.541243028640747,0.020919656753540038
sqrt,5,0.16681,0.7,5,0.6699999999999999,0.12797569213634977,255,0.65,0.7166666666666667,0.43333333333333335,0.75,0.8,0.5288468360900879,0.02075991630554199
sqrt,5,0.16681,0.7,10,0.72,0.12265579661982733,63,0.8333333333333333,0.6166666666666667,0.6,0.65,0.9,0.5298751831054688,0.02091107368469238
sqrt,5,0.16681,0.7,20,0.7166666666666666,0.059628479399994404,76,0.7333333333333334,0.7,0.6166666666666667,0.7333333333333334,0.8,0.5319180011749267,0.020995712280273436
sqrt,5,0.16681,0.7,50,0.7766666666666666,0.09637888196533971,4,0.7333333333333334,0.8,0.6166666666666667,0.8333333333333333,0.9,0.535447645187378,0.02105879783630371
sqrt,5,0.16681,0.9,5,0.65,0.1130388330520878,365,0.65,0.7166666666666667,0.43333333333333335,0.75,0.7,0.5177064895629883,0.020876598358154298
sqrt,5,0.16681,0.9,10,0.74,0.11185307823708346,32,0.8333333333333333,0.7166666666666667,0.6,0.65,0.9,0.5197669982910156,0.020942306518554686
sqrt,5,0.16681,0.9,20,0.7033333333333334,0.07408703590297623,127,0.75,0.6166666666666667,0.6166666666666667,0.7333333333333334,0.8,0.523259162902832,0.021076011657714843
sqrt,5,0.16681,0.9,50,0.8100000000000002,0.08981462390204989,1,0.8166666666666667,0.7166666666666667,0.7,0.9166666666666667,0.9,0.5271410942077637,0.021097707748413085
sqrt,5,0.599484,0.1,5,0.65,0.11737877907772674,365,0.75,0.6333333333333333,0.6,0.4666666666666667,0.8,0.5982392787933349,0.021087503433227538
sqrt,5,0.599484,0.1,10,0.7033333333333334,0.032317865716108854,127,0.75,0.7166666666666667,0.7,0.65,0.7,0.6001725196838379,0.020956802368164062
sqrt,5,0.599484,0.1,20,0.6766666666666665,0.10934146311237815,232,0.8333333333333333,0.6,0.5166666666666667,0.7333333333333334,0.7,0.6009325981140137,0.02096095085144043
sqrt,5,0.599484,0.1,50,0.6733333333333332,0.12543258481484518,252,0.8333333333333333,0.6,0.5,0.6333333333333333,0.8,0.6044776439666748,0.02100515365600586
sqrt,5,0.599484,0.3,5,0.5766666666666667,0.08137703743822466,715,0.55,0.6333333333333333,0.43333333333333335,0.6666666666666666,0.6,0.629466199874878,0.020771265029907227
sqrt,5,0.599484,0.3,10,0.65,0.09128709291752767,365,0.75,0.7166666666666667,0.5166666666666667,0.5666666666666667,0.7,0.6169059753417969,0.0208895206451416
sqrt,5,0.599484,0.3,20,0.7,0.09603240193925287,150,0.8333333333333333,0.6166666666666667,0.6166666666666667,0.6333333333333333,0.8,0.6189685344696045,0.02113766670227051
sqrt,5,0.599484,0.3,50,0.7166666666666666,0.09888264649460884,76,0.8333333333333333,0.6,0.6,0.75,0.8,0.624791955947876,0.02078413963317871
sqrt,5,0.599484,0.5,5,0.6133333333333333,0.10402991022884822,617,0.65,0.7166666666666667,0.43333333333333335,0.5666666666666667,0.7,0.6385183811187745,0.020903778076171876
sqrt,5,0.599484,0.5,10,0.65,0.09486832980505137,365,0.65,0.7166666666666667,0.7166666666666667,0.4666666666666667,0.7,0.643606424331665,0.020858383178710936
sqrt,5,0.599484,0.5,20,0.6599999999999999,0.07195677714974302,314,0.65,0.6166666666666667,0.6,0.6333333333333333,0.8,0.6409437656402588,0.020859956741333008
sqrt,5,0.599484,0.5,50,0.7133333333333333,0.10456258094238745,102,0.8333333333333333,0.6,0.6,0.8333333333333333,0.7,0.6473122119903565,0.020942306518554686
sqrt,5,0.599484,0.7,5,0.61,0.1057250101810247,621,0.65,0.7166666666666667,0.43333333333333335,0.55,0.7,0.6339169502258301,0.020863151550292967
sqrt,5,0.599484,0.7,10,0.6366666666666667,0.11566234381931649,432,0.5666666666666667,0.6333333333333333,0.7166666666666667,0.4666666666666667,0.8,0.6356169700622558,0.020838022232055664
sqrt,5,0.599484,0.7,20,0.6599999999999999,0.09521904571390469,314,0.7333333333333334,0.5333333333333333,0.6,0.6333333333333333,0.8,0.6380694389343262,0.02087864875793457
sqrt,5,0.599484,0.7,50,0.7166666666666666,0.11737877907772673,76,0.8333333333333333,0.8,0.5,0.75,0.7,0.640513563156128,0.020975351333618164
sqrt,5,0.599484,0.9,5,0.6833333333333333,0.12337837015547833,202,0.65,0.7166666666666667,0.5333333333333333,0.6166666666666667,0.9,0.6504565715789795,0.020860862731933594
sqrt,5,0.599484,0.9,10,0.7,0.09006170724070861,150,0.8333333333333333,0.7,0.7166666666666667,0.55,0.7,0.654549503326416,0.02089529037475586
sqrt,5,0.599484,0.9,20,0.6966666666666667,0.076303487615064,162,0.7333333333333334,0.6166666666666667,0.6,0.7333333333333334,0.8,0.660706615447998,0.020853042602539062
sqrt,5,0.599484,0.9,50,0.72,0.11125546178852422,63,0.8333333333333333,0.8,0.5166666666666667,0.75,0.7,0.6565872669219971,0.020920848846435545
sqrt,5,2.15443,0.1,5,0.65,0.10540925533894599,365,0.75,0.7333333333333334,0.6,0.4666666666666667,0.7,0.7291470050811768,0.02104926109313965
sqrt,5,2.15443,0.1,10,0.6066666666666667,0.0778888096369861,633,0.5666666666666667,0.5166666666666667,0.7,0.55,0.7,0.7377009391784668,0.020904922485351564
sqrt,5,2.15443,0.1,20,0.68,0.13719410418171116,214,0.8333333333333333,0.5166666666666667,0.5166666666666667,0.7333333333333334,0.8,0.7344144344329834,0.02119154930114746
sqrt,5,2.15443,0.1,50,0.6533333333333333,0.11661903789690599,360,0.8333333333333333,0.6,0.5,0.7333333333333334,0.6000000000000001,0.7375093460083008,0.021084403991699217
sqrt,5,2.15443,0.3,5,0.6266666666666667,0.12587471725666138,456,0.55,0.7333333333333334,0.6,0.45,0.8,0.795137357711792,0.02077479362487793
sqrt,5,2.15443,0.3,10,0.7066666666666667,0.10780641085864154,117,0.75,0.6333333333333333,0.6166666666666667,0.6333333333333333,0.9,0.7960484027862549,0.020836782455444337
sqrt,5,2.15443,0.3,20,0.6633333333333333,0.08653836657164779,291,0.75,0.5166666666666667,0.6166666666666667,0.7333333333333334,0.7,0.7939928531646728,0.021052169799804687
sqrt,5,2.15443,0.3,50,0.7133333333333333,0.10456258094238745,102,0.8333333333333333,0.6,0.6,0.8333333333333333,0.7,0.7990260601043702,0.020942497253417968
sqrt,5,2.15443,0.5,5,0.61,0.09043106644167025,621,0.5666666666666667,0.7333333333333334,0.5,0.55,0.7,0.8377420425415039,0.02080955505371094
sqrt,5,2.15443,0.5,10,0.6833333333333333,0.0960324019392529,202,0.75,0.7166666666666667,0.6166666666666667,0.5333333333333333,0.8,0.8383439064025879,0.02097349166870117
sqrt,5,2.15443,0.5,20,0.6833333333333333,0.09944289260117531,202,0.75,0.5166666666666667,0.7166666666666667,0.6333333333333333,0.8,0.8414923667907714,0.020995330810546876
sqrt,5,2.15443,0.5,50,0.6366666666666666,0.10974718422102882,436,0.8333333333333333,0.6,0.6,0.65,0.5,0.8444837093353271,0.021102046966552733
sqrt,5,2.15443,0.7,5,0.6,0.059628479399994376,667,0.5666666666666667,0.6333333333333333,0.5333333333333333,0.5666666666666667,0.7,0.8713936328887939,0.021289300918579102
sqrt,5,2.15443,0.7,10,0.7033333333333334,0.15648926125740673,127,0.5666666666666667,0.7166666666666667,0.6,0.6333333333333333,1.0,0.870930814743042,0.020958948135375976
sqrt,5,2.15443,0.7,20,0.7033333333333334,0.11274356350191841,127,0.8333333333333333,0.5333333333333333,0.6166666666666667,0.7333333333333334,0.8,0.8766103267669678,0.021083736419677736
sqrt,5,2.15443,0.7,50,0.6599999999999999,0.11479450238481706,314,0.8333333333333333,0.6,0.5166666666666667,0.75,0.6,0.8792230129241944,0.021117734909057616
sqrt,5,2.15443,0.9,5,0.6,0.1192569587999888,667,0.5666666666666667,0.6333333333333333,0.43333333333333335,0.5666666666666667,0.8,0.912426233291626,0.0211392879486084
sqrt,5,2.15443,0.9,10,0.6866666666666668,0.06616477747093072,191,0.6666666666666666,0.7166666666666667,0.6166666666666667,0.6333333333333333,0.8,0.9122849941253662,0.02078084945678711
sqrt,5,2.15443,0.9,20,0.7,0.11547005383792515,150,0.8333333333333333,0.5333333333333333,0.6,0.7333333333333334,0.8,0.9151612758636475,0.020719146728515624
sqrt,5,2.15443,0.9,50,0.7166666666666666,0.09888264649460884,76,0.8333333333333333,0.6,0.6,0.75,0.8,0.9259908676147461,0.020932722091674804
sqrt,5,7.74264,0.1,5,0.6333333333333334,0.12427567921538167,439,0.75,0.55,0.6,0.4666666666666667,0.8,0.7892914772033691,0.020917558670043947
sqrt,5,7.74264,0.1,10,0.6300000000000001,0.09966610925150701,444,0.6666666666666666,0.5166666666666667,0.6166666666666667,0.55,0.8,0.7830614566802978,0.021059274673461914
sqrt,5,7.74264,0.1,20,0.64,0.11953614051360734,422,0.8333333333333333,0.5166666666666667,0.5166666666666667,0.6333333333333333,0.7,0.784369945526123,0.02078404426574707
sqrt,5,7.74264,0.1,50,0.6933333333333334,0.13063945294843615,175,0.8333333333333333,0.6,0.5,0.8333333333333333,0.7,0.7830116748809814,0.021154451370239257
sqrt,5,7.74264,0.3,5,0.6300000000000001,0.12666666666666668,444,0.75,0.5333333333333333,0.6,0.4666666666666667,0.8,0.9958686351776123,0.020904684066772462
sqrt,5,7.74264,0.3,10,0.6433333333333333,0.09225568335398696,405,0.75,0.5166666666666667,0.7,0.55,0.7,1.0013592720031739,0.020877790451049805
sqrt,5,7.74264,0.3,20,0.6766666666666665,0.08537498983243796,232,0.8333333333333333,0.6,0.6166666666666667,0.6333333333333333,0.7,1.0015223503112793,0.02100982666015625
sqrt,5,7.74264,0.3,50,0.6766666666666665,0.11623730516108462,232,0.8333333333333333,0.6,0.5,0.75,0.7,1.0073342800140381,0.021021556854248048
sqrt,5,7.74264,0.5,5,0.5900000000000001,0.11333333333333334,676,0.55,0.5333333333333333,0.6,0.4666666666666667,0.8,1.0805830001831054,0.020867061614990235
sqrt,5,7.74264,0.5,10,0.63,0.15470401847829723,452,0.6666666666666666,0.6166666666666667,0.5166666666666667,0.45,0.9,1.0827946186065673,0.021001052856445313
sqrt,5,7.74264,0.5,20,0.6433333333333333,0.07930251502246877,405,0.75,0.5166666666666667,0.6166666666666667,0.6333333333333333,0.7,1.0843360424041748,0.021093463897705077
sqrt,5,7.74264,0.5,50,0.6933333333333332,0.11430952132988162,188,0.8333333333333333,0.6,0.6,0.8333333333333333,0.6,1.0880301475524903,0.02106499671936035
sqrt,5,7.74264,0.7,5,0.6266666666666667,0.11766241729815194,456,0.55,0.7333333333333334,0.5,0.55,0.8,1.145353078842163,0.020889902114868165
sqrt,5,7.74264,0.7,10,0.6599999999999999,0.14087031072743625,314,0.8333333333333333,0.6166666666666667,0.6,0.45,0.8,1.1486973762512207,0.02084770202636719
sqrt,5,7.74264,0.7,20,0.6666666666666666,0.08096638534327415,263,0.75,0.6166666666666667,0.5333333333333333,0.7333333333333334,0.7,1.152968978881836,0.021100759506225586
sqrt,5,7.74264,0.7,50,0.6766666666666666,0.09752492558885195,227,0.8333333333333333,0.6,0.6,0.75,0.6,1.158591890335083,0.021057891845703124
sqrt,5,7.74264,0.9,5,0.6,0.11352924243950936,667,0.5666666666666667,0.6333333333333333,0.5333333333333333,0.4666666666666667,0.8,1.2244568824768067,0.021092844009399415
sqrt,5,7.74264,0.9,10,0.6766666666666665,0.118133634311129,232,0.8333333333333333,0.6166666666666667,0.6,0.5333333333333333,0.8,1.2241006374359131,0.021726036071777345
sqrt,5,7.74264,0.9,20,0.68,0.10718623460542348,214,0.8333333333333333,0.5166666666666667,0.6166666666666667,0.7333333333333334,0.7,1.226889181137085,0.021109533309936524
sqrt,5,7.74264,0.9,50,0.6766666666666666,0.09752492558885195,227,0.8333333333333333,0.6,0.6,0.75,0.6,1.225789213180542,0.020921611785888673
sqrt,5,27.8256,0.1,5,0.61,0.14817407180595243,621,0.8333333333333333,0.43333333333333335,0.6166666666666667,0.4666666666666667,0.7,0.7842970848083496,0.02108030319213867
sqrt,5,27.8256,0.1,10,0.6633333333333333,0.11323525167642015,291,0.75,0.5166666666666667,0.6166666666666667,0.8333333333333333,0.6000000000000001,0.7893855094909668,0.021314239501953124
sqrt,5,27.8256,0.1,20,0.6366666666666667,0.07630348761506398,432,0.7333333333333334,0.5166666666666667,0.6,0.6333333333333333,0.7,0.7916544437408447,0.020894384384155272
sqrt,5,27.8256,0.1,50,0.6566666666666666,0.10088497300281034,333,0.8333333333333333,0.6,0.6,0.55,0.7,0.8021226406097413,0.021174812316894533
sqrt,5,27.8256,0.3,5,0.6333333333333334,0.12427567921538167,439,0.75,0.55,0.6,0.4666666666666667,0.8,0.9178598403930665,0.020856571197509766
sqrt,5,27.8256,0.3,10,0.7033333333333334,0.11897712198383162,127,0.75,0.5166666666666667,0.6166666666666667,0.8333333333333333,0.8,0.9153615474700928,0.021228551864624023
sqrt,5,27.8256,0.3,20,0.6433333333333333,0.1138224738597591,405,0.8333333333333333,0.5166666666666667,0.6166666666666667,0.55,0.7,0.9198426246643067,0.021101903915405274
sqrt,5,27.8256,0.3,50,0.6533333333333333,0.090921211313239,360,0.8333333333333333,0.6,0.6,0.6333333333333333,0.6000000000000001,0.9222436428070069,0.021144723892211913
sqrt,5,27.8256,0.5,5,0.65,0.07071067811865474,365,0.75,0.55,0.6,0.65,0.7,1.1727016925811768,0.0222567081451416
sqrt,5,27.8256,0.5,10,0.6266666666666667,0.0778888096369861,456,0.6666666666666666,0.5166666666666667,0.7,0.55,0.7,1.17306489944458,0.020959997177124025
sqrt,5,27.8256,0.5,20,0.6266666666666667,0.11430952132988162,456,0.75,0.6166666666666667,0.4166666666666667,0.65,0.7,1.1727697372436523,0.021045684814453125
sqrt,5,27.8256,0.5,50,0.6966666666666667,0.0896908269804914,162,0.8333333333333333,0.6,0.6,0.75,0.7,1.1774917125701905,0.021018266677856445
sqrt,5,27.8256,0.7,5,0.6300000000000001,0.12666666666666668,444,0.75,0.5333333333333333,0.6,0.4666666666666667,0.8,1.2473613262176513,0.02125072479248047
sqrt,5,27.8256,0.7,10,0.6066666666666667,0.09865765724632491,633,0.75,0.5166666666666667,0.5166666666666667,0.55,0.7,1.2481621742248534,0.02100057601928711
sqrt,5,27.8256,0.7,20,0.6599999999999999,0.10466878978738384,314,0.8333333333333333,0.5166666666666667,0.6166666666666667,0.6333333333333333,0.7,1.2491724014282226,0.021025419235229492
sqrt,5,27.8256,0.7,50,0.6966666666666667,0.10022197585581939,162,0.8333333333333333,0.6,0.6,0.65,0.8,1.2533051013946532,0.02104363441467285
sqrt,5,27.8256,0.9,5,0.6300000000000001,0.12666666666666668,444,0.75,0.5333333333333333,0.6,0.4666666666666667,0.8,1.337127685546875,0.021073150634765624
sqrt,5,27.8256,0.9,10,0.5900000000000001,0.11766241729815191,676,0.75,0.43333333333333335,0.5166666666666667,0.55,0.7,1.3385852336883546,0.02099924087524414
sqrt,5,27.8256,0.9,20,0.6433333333333333,0.07930251502246877,405,0.75,0.5166666666666667,0.6166666666666667,0.6333333333333333,0.7,1.3458695888519288,0.02127981185913086
sqrt,5,27.8256,0.9,50,0.6933333333333334,0.08793937305515279,175,0.8333333333333333,0.6,0.6,0.7333333333333334,0.7,1.3470215320587158,0.020916271209716796
sqrt,5,100.0,0.1,5,0.5700000000000001,0.10873004286866729,718,0.7333333333333334,0.43333333333333335,0.6166666666666667,0.4666666666666667,0.6,0.8514071941375733,0.02101435661315918
sqrt,5,100.0,0.1,10,0.65,0.07958224257542212,365,0.75,0.5166666666666667,0.6166666666666667,0.6666666666666666,0.7,0.8559321403503418,0.021070098876953124
sqrt,5,100.0,0.1,20,0.5966666666666667,0.08459051693633014,672,0.7333333333333334,0.5166666666666667,0.5,0.6333333333333333,0.6,0.8590342044830322,0.021066665649414062
sqrt,5,100.0,0.1,50,0.6766666666666665,0.12454361128179602,232,0.8333333333333333,0.6,0.5,0.65,0.8,0.8628700733184814,0.02122974395751953
sqrt,5,100.0,0.3,5,0.61,0.14817407180595243,621,0.8333333333333333,0.43333333333333335,0.6166666666666667,0.4666666666666667,0.7,0.8515248775482178,0.02107095718383789
sqrt,5,100.0,0.3,10,0.65,0.07958224257542212,365,0.75,0.5166666666666667,0.6166666666666667,0.6666666666666666,0.7,0.8567461490631103,0.02097325325012207
sqrt,5,100.0,0.3,20,0.6566666666666666,0.08537498983243798,333,0.7333333333333334,0.5166666666666667,0.6,0.7333333333333334,0.7,0.8577899932861328,0.020975780487060548
sqrt,5,100.0,0.3,50,0.6966666666666667,0.10022197585581939,162,0.8333333333333333,0.6,0.6,0.65,0.8,0.8596161842346192,0.021203947067260743
sqrt,5,100.0,0.5,5,0.61,0.14817407180595243,621,0.8333333333333333,0.43333333333333335,0.6166666666666667,0.4666666666666667,0.7,0.8655522346496582,0.021567916870117186
sqrt,5,100.0,0.5,10,0.7066666666666667,0.13063945294843615,117,0.75,0.5166666666666667,0.6166666666666667,0.75,0.9,0.8650714874267578,0.021056604385375977
sqrt,5,100.0,0.5,20,0.6433333333333333,0.07930251502246877,405,0.75,0.5166666666666667,0.6166666666666667,0.6333333333333333,0.7,0.8688203811645507,0.02166094779968262
sqrt,5,100.0,0.5,50,0.6766666666666665,0.12454361128179602,232,0.8333333333333333,0.6,0.5,0.65,0.8,0.8728161334991456,0.02111783027648926
sqrt,5,100.0,0.7,5,0.5900000000000001,0.124543611281796,676,0.75,0.43333333333333335,0.6,0.4666666666666667,0.7,0.8960353851318359,0.020995187759399413
sqrt,5,100.0,0.7,10,0.7033333333333334,0.11897712198383162,127,0.75,0.5166666666666667,0.6166666666666667,0.8333333333333333,0.8,0.8965563297271728,0.021001625061035156
sqrt,5,100.0,0.7,20,0.6433333333333333,0.07930251502246877,405,0.75,0.5166666666666667,0.6166666666666667,0.6333333333333333,0.7,0.8975445747375488,0.02091803550720215
sqrt,5,100.0,0.7,50,0.6766666666666665,0.08666666666666664,232,0.8333333333333333,0.6,0.6,0.65,0.7,0.9025511264801025,0.02094111442565918
sqrt,5,100.0,0.9,5,0.5900000000000001,0.124543611281796,676,0.75,0.43333333333333335,0.6,0.4666666666666667,0.7,0.9701004505157471,0.021006298065185548
sqrt,5,100.0,0.9,10,0.7066666666666667,0.13063945294843615,117,0.75,0.5166666666666667,0.6166666666666667,0.75,0.9,0.9733320713043213,0.021059799194335937
sqrt,5,100.0,0.9,20,0.6466666666666667,0.11075498483890765,382,0.75,0.5166666666666667,0.6166666666666667,0.55,0.8,0.9732266902923584,0.021153736114501952
sqrt,5,100.0,0.9,50,0.6566666666666666,0.1103529690483123,333,0.8333333333333333,0.6,0.5,0.65,0.7,0.9802987575531006,0.02238574028015137
0.3,1,0.001,0.1,5,0.6166666666666667,0.07888106377466154,563,0.5333333333333333,0.7,0.7166666666666667,0.5333333333333333,0.6000000000000001,0.48030362129211424,0.02100691795349121
0.3,1,0.001,0.1,10,0.52,0.11421227799341208,769,0.35,0.6,0.4166666666666667,0.6333333333333333,0.6,0.4870429039001465,0.021344566345214845
0.3,1,0.001,0.1,20,0.6266666666666667,0.13767917618708922,456,0.7333333333333334,0.5333333333333333,0.4166666666666667,0.65,0.8,0.4976232051849365,0.02130260467529297
0.3,1,0.001,0.1,50,0.6233333333333333,0.11234866364235144,509,0.5333333333333333,0.6,0.8166666666666667,0.6666666666666666,0.5,0.5141674518585205,0.021867132186889647
0.3,1,0.001,0.3,5,0.6166666666666667,0.07888106377466154,563,0.5333333333333333,0.7,0.7166666666666667,0.5333333333333333,0.6000000000000001,0.48151960372924807,0.021297264099121093
0.3,1,0.001,0.3,10,0.52,0.11421227799341208,769,0.35,0.6,0.4166666666666667,0.6333333333333333,0.6,0.4853929042816162,0.021046257019042967
0.3,1,0.001,0.3,20,0.6266666666666667,0.13767917618708922,456,0.7333333333333334,0.5333333333333333,0.4166666666666667,0.65,0.8,0.49714064598083496,0.02133321762084961
0.3,1,0.001,0.3,50,0.6233333333333333,0.11234866364235144,509,0.5333333333333333,0.6,0.8166666666666667,0.6666666666666666,0.5,0.5118395328521729,0.021216630935668945
0.3,1,0.001,0.5,5,0.6166666666666667,0.07888106377466154,563,0.5333333333333333,0.7,0.7166666666666667,0.5333333333333333,0.6000000000000001,0.4789005756378174,0.02109065055847168
0.3,1,0.001,0.5,10,0.52,0.11421227799341208,769,0.35,0.6,0.4166666666666667,0.6333333333333333,0.6,0.48881959915161133,0.021173906326293946
0.3,1,0.001,0.5,20,0.6266666666666667,0.13767917618708922,456,0.7333333333333334,0.5333333333333333,0.4166666666666667,0.65,0.8,0.4954820156097412,0.021178817749023436
0.3,1,0.001,0.5,50,0.6233333333333333,0.11234866364235144,509,0.5333333333333333,0.6,0.8166666666666667,0.6666666666666666,0.5,0.5101420402526855,0.02127985954284668
0.3,1,0.001,0.7,5,0.6166666666666667,0.07888106377466154,563,0.5333333333333333,0.7,0.7166666666666667,0.5333333333333333,0.6000000000000001,0.4787696361541748,0.021171951293945314
0.3,1,0.001,0.7,10,0.52,0.11421227799341208,769,0.35,0.6,0.4166666666666667,0.6333333333333333,0.6,0.4858405590057373,0.021153831481933595
0.3,1,0.001,0.7,20,0.6266666666666667,0.13767917618708922,456,0.7333333333333334,0.5333333333333333,0.4166666666666667,0.65,0.8,0.4953725337982178,0.02138175964355469
0.3,1,0.001,0.7,50,0.6233333333333333,0.11234866364235144,509,0.5333333333333333,0.6,0.8166666666666667,0.6666666666666666,0.5,0.5123693466186523,0.021362447738647462
0.3,1,0.001,0.9,5,0.6166666666666667,0.07888106377466154,563,0.5333333333333333,0.7,0.7166666666666667,0.5333333333333333,0.6000000000000001,0.48314919471740725,0.021549367904663087
0.3,1,0.001,0.9,10,0.52,0.11421227799341208,769,0.35,0.6,0.4166666666666667,0.6333333333333333,0.6,0.48540644645690917,0.021591377258300782
0.3,1,0.001,0.9,20,0.6266666666666667,0.13767917618708922,456,0.7333333333333334,0.5333333333333333,0.4166666666666667,0.65,0.8,0.49534096717834475,0.02128610610961914
0.3,1,0.001,0.9,50,0.6233333333333333,0.11234866364235144,509,0.5333333333333333,0.6,0.8166666666666667,0.6666666666666666,0.5,0.5115290641784668,0.02117447853088379
0.3,1,0.00359381,0.1,5,0.6166666666666667,0.07888106377466154,563,0.5333333333333333,0.7,0.7166666666666667,0.5333333333333333,0.6000000000000001,0.48184633255004883,0.021403980255126954
0.3,1,0.00359381,0.1,10,0.52,0.11421227799341208,769,0.35,0.6,0.4166666666666667,0.6333333333333333,0.6,0.4851657867431641,0.021155023574829103
0.3,1,0.00359381,0.1,20,0.6266666666666667,0.13767917618708922,456,0.7333333333333334,0.5333333333333333,0.4166666666666667,0.65,0.8,0.4951953887939453,0.021253013610839845
0.3,1,0.00359381,0.1,50,0.6233333333333333,0.11234866364235144,509,0.5333333333333333,0.6,0.8166666666666667,0.6666666666666666,0.5,0.511453104019165,0.02129817008972168
0.3,1,0.00359381,0.3,5,0.6166666666666667,0.07888106377466154,563,0.5333333333333333,0.7,0.7166666666666667,0.5333333333333333,0.6000000000000001,0.4782139778137207,0.02115044593811035
0.3,1,0.00359381,0.3,10,0.52,0.11421227799341208,769,0.35,0.6,0.4166666666666667,0.6333333333333333,0.6,0.4884748935699463,0.021141624450683592
0.3,1,0.00359381,0.3,20,0.6266666666666667,0.13767917618708922,456,0.7333333333333334,0.5333333333333333,0.4166666666666667,0.65,0.8,0.4955297470092773,0.021095466613769532
0.3,1,0.00359381,0.3,50,0.6233333333333333,0.11234866364235144,509,0.5333333333333333,0.6,0.8166666666666667,0.6666666666666666,0.5,0.5093116283416748,0.021149301528930665
0.3,1,0.00359381,0.5,5,0.6166666666666667,0.07888106377466154,563,0.5333333333333333,0.7,0.7166666666666667,0.5333333333333333,0.6000000000000001,0.4784407138824463,0.02117161750793457
0.3,1,0.00359381,0.5,10,0.52,0.11421227799341208,769,0.35,0.6,0.4166666666666667,0.6333333333333333,0.6,0.4851959705352783,0.021174097061157228
0.3,1,0.00359381,0.5,20,0.6266666666666667,0.13767917618708922,456,0.7333333333333334,0.5333333333333333,0.4166666666666667,0.65,0.8,0.49428615570068357,0.021178674697875977
0.3,1,0.00359381,0.5,50,0.6233333333333333,0.11234866364235144,509,0.5333333333333333,0.6,0.8166666666666667,0.6666666666666666,0.5,0.510384464263916,0.021140146255493163
0.3,1,0.00359381,0.7,5,0.6166666666666667,0.07888106377466154,563,0.5333333333333333,0.7,0.7166666666666667,0.5333333333333333,0.6000000000000001,0.4776108741760254,0.020940065383911133
0.3,1,0.00359381,0.7,10,0.52,0.11421227799341208,769,0.35,0.6,0.4166666666666667,0.6333333333333333,0.6,0.4837390422821045,0.021234560012817382
0.3,1,0.00359381,0.7,20,0.6266666666666667,0.13767917618708922,456,0.7333333333333334,0.5333333333333333,0.4166666666666667,0.65,0.8,0.49502978324890134,0.021187782287597656
0.3,1,0.00359381,0.7,50,0.6233333333333333,0.11234866364235144,509,0.5333333333333333,0.6,0.8166666666666667,0.6666666666666666,0.5,0.511195182800293,0.021008729934692383
0.3,1,0.00359381,0.9,5,0.6166666666666667,0.07888106377466154,563,0.5333333333333333,0.7,0.7166666666666667,0.5333333333333333,0.6000000000000001,0.4766965866088867,0.021017169952392577
0.3,1,0.00359381,0.9,10,0.52,0.11421227799341208,769,0.35,0.6,0.4166666666666667,0.6333333333333333,0.6,0.48256373405456543,0.021178674697875977
0.3,1,0.00359381,0.9,20,0.6266666666666667,0.13767917618708922,456,0.7333333333333334,0.5333333333333333,0.4166666666666667,0.65,0.8,0.49443683624267576,0.021245193481445313
0.3,1,0.00359381,0.9,50,0.6233333333333333,0.11234866364235144,509,0.5333333333333333,0.6,0.8166666666666667,0.6666666666666666,0.5,0.5085577487945556,0.021171188354492186
0.3,1,0.0129155,0.1,5,0.7,0.08628119403696519,150,0.8333333333333333,0.6166666666666667,0.7,0.75,0.6000000000000001,0.48578801155090334,0.021187686920166017
0.3,1,0.0129155,0.1,10,0.7733333333333334,0.10252370999486468,6,0.9166666666666667,0.8,0.6,0.75,0.8,0.4921677589416504,0.021035099029541017
0.3,1,0.0129155,0.1,20,0.7133333333333334,0.09797958971132709,86,0.7333333333333334,0.8,0.6,0.8333333333333333,0.6000000000000001,0.49835801124572754,0.021145725250244142
0.3,1,0.0129155,0.1,50,0.7166666666666667,0.0942809041582063,72,0.7333333333333334,0.8,0.6166666666666667,0.8333333333333333,0.6000000000000001,0.5191148281097412,0.020955371856689452
0.3,1,0.0129155,0.3,5,0.6166666666666667,0.07888106377466154,563,0.5333333333333333,0.7,0.7166666666666667,0.5333333333333333,0.6000000000000001,0.4774294376373291,0.02125997543334961
0.3,1,0.0129155,0.3,10,0.52,0.11421227799341208,769,0.35,0.6,0.4166666666666667,0.6333333333333333,0.6,0.48543591499328614,0.02138047218322754
0.3,1,0.0129155,0.3,20,0.6266666666666667,0.13767917618708922,456,0.7333333333333334,0.5333333333333333,0.4166666666666667,0.65,0.8,0.4949515342712402,0.021074771881103516
0.3,1,0.0129155,0.3,50,0.6233333333333333,0.11234866364235144,509,0.5333333333333333,0.6,0.8166666666666667,0.6666666666666666,0.5,0.511456298828125,0.021405124664306642
0.3,1,0.0129155,0.5,5,0.6166666666666667,0.07888106377466154,563,0.5333333333333333,0.7,0.7166666666666667,0.5333333333333333,0.6000000000000001,0.4805483818054199,0.021103715896606444
0.3,1,0.0129155,0.5,10,0.52,0.11421227799341208,769,0.35,0.6,0.4166666666666667,0.6333333333333333,0.6,0.4880528926849365,0.021126651763916017
0.3,1,0.0129155,0.5,20,0.6266666666666667,0.13767917618708922,456,0.7333333333333334,0.5333333333333333,0.4166666666666667,0.65,0.8,0.4956167221069336,0.02120184898376465
0.3,1,0.0129155,0.5,50,0.6233333333333333,0.11234866364235144,509,0.5333333333333333,0.6,0.8166666666666667,0.6666666666666666,0.5,0.5108600616455078,0.021210145950317384
0.3,1,0.0129155,0.7,5,0.6166666666666667,0.07888106377466154,563,0.5333333333333333,0.7,0.7166666666666667,0.5333333333333333,0.6000000000000001,0.4791022777557373,0.02131686210632324
0.3,1,0.0129155,0.7,10,0.52,0.11421227799341208,769,0.35,0.6,0.4166666666666667,0.6333333333333333,0.6,0.4846754550933838,0.021268510818481447
0.3,1,0.0129155,0.7,20,0.6266666666666667,0.13767917618708922,456,0.7333333333333334,0.5333333333333333,0.4166666666666667,0.65,0.8,0.4955855369567871,0.021107959747314452
0.3,1,0.0129155,0.7,50,0.6233333333333333,0.11234866364235144,509,0.5333333333333333,0.6,0.8166666666666667,0.6666666666666666,0.5,0.5101106643676758,0.02133660316467285
0.3,1,0.0129155,0.9,5,0.6166666666666667,0.07888106377466154,563,0.5333333333333333,0.7,0.7166666666666667,0.5333333333333333,0.6000000000000001,0.4764247417449951,0.021248006820678712
0.3,1,0.0129155,0.9,10,0.52,0.11421227799341208,769,0.35,0.6,0.4166666666666667,0.6333333333333333,0.6,0.48371281623840334,0.02130427360534668
0.3,1,0.0129155,0.9,20,0.6266666666666667,0.13767917618708922,456,0.7333333333333334,0.5333333333333333,0.4166666666666667,0.65,0.8,0.4935595512390137,0.02132859230041504
0.3,1,0.0129155,0.9,50,0.6233333333333333,0.11234866364235144,509,0.5333333333333333,0.6,0.8166666666666667,0.6666666666666666,0.5,0.5092666625976563,0.021186113357543945
0.3,1,0.0464159,0.1,5,0.6633333333333333,0.116619037896906,291,0.7333333333333334,0.7,0.43333333333333335,0.75,0.7,0.4994558811187744,0.021237850189208984
0.3,1,0.0464159,0.1,10,0.6466666666666667,0.039999999999999966,382,0.6666666666666666,0.7,0.6,0.6666666666666666,0.6000000000000001,0.5018064022064209,0.020991182327270506
0.3,1,0.0464159,0.1,20,0.6799999999999999,0.095102284117914,218,0.75,0.6166666666666667,0.6,0.8333333333333333,0.6000000000000001,0.5096861839294433,0.021274089813232422
0.3,1,0.0464159,0.1,50,0.7733333333333332,0.08793937305515279,10,0.8333333333333333,0.8,0.6,0.8333333333333333,0.8,0.5256781101226806,0.021066617965698243
0.3,1,0.0464159,0.3,5,0.71,0.09345230512584124,115,0.8166666666666667,0.6166666666666667,0.6,0.8166666666666667,0.7,0.49684810638427734,0.021193742752075195
0.3,1,0.0464159,0.3,10,0.74,0.07348469228349536,32,0.75,0.8,0.6,0.75,0.8,0.5029147624969482,0.021218156814575194
0.3,1,0.0464159,0.3,20,0.74,0.08602325267042629,32,0.65,0.9,0.7,0.75,0.7,0.5106301307678223,0.02116050720214844
0.3,1,0.0464159,0.3,50,0.7533333333333333,0.0541602560309064,22,0.7333333333333334,0.8,0.7,0.8333333333333333,0.7,0.5276734828948975,0.021180438995361327
0.3,1,0.0464159,0.5,5,0.5933333333333334,0.0654896090146283,674,0.6166666666666667,0.7,0.5166666666666667,0.5333333333333333,0.6,0.48653426170349123,0.02102627754211426
0.3,1,0.0464159,0.5,10,0.6566666666666666,0.05120763831912407,333,0.7333333333333334,0.6,0.6166666666666667,0.6333333333333333,0.7,0.49700379371643066,0.02128458023071289
0.3,1,0.0464159,0.5,20,0.6266666666666666,0.054365021434333624,503,0.6333333333333333,0.5333333333333333,0.6166666666666667,0.65,0.7,0.5050427436828613,0.021204280853271484
0.3,1,0.0464159,0.5,50,0.6433333333333333,0.03590109871423001,405,0.6333333333333333,0.6,0.6166666666666667,0.6666666666666666,0.7,0.5185444831848145,0.021086931228637695
0.3,1,0.0464159,0.7,5,0.6166666666666667,0.07888106377466154,563,0.5333333333333333,0.7,0.7166666666666667,0.5333333333333333,0.6000000000000001,0.4776500701904297,0.021191501617431642
0.3,1,0.0464159,0.7,10,0.52,0.11421227799341208,769,0.35,0.6,0.4166666666666667,0.6333333333333333,0.6,0.4839282512664795,0.021290159225463866
0.3,1,0.0464159,0.7,20,0.6266666666666667,0.13767917618708922,456,0.7333333333333334,0.5333333333333333,0.4166666666666667,0.65,0.8,0.49536833763122556,0.021414804458618163
0.3,1,0.0464159,0.7,50,0.6233333333333333,0.11234866364235144,509,0.5333333333333333,0.6,0.8166666666666667,0.6666666666666666,0.5,0.5118688106536865,0.021392059326171876
0.3,1,0.0464159,0.9,5,0.6166666666666667,0.07888106377466154,563,0.5333333333333333,0.7,0.7166666666666667,0.5333333333333333,0.6000000000000001,0.4818476676940918,0.021248674392700194
0.3,1,0.0464159,0.9,10,0.52,0.11421227799341208,769,0.35,0.6,0.4166666666666667,0.6333333333333333,0.6,0.4853470802307129,0.021285009384155274
0.3,1,0.0464159,0.9,20,0.6266666666666667,0.13767917618708922,456,0.7333333333333334,0.5333333333333333,0.4166666666666667,0.65,0.8,0.4929628372192383,0.021251392364501954
0.3,1,0.0464159,0.9,50,0.6233333333333333,0.11234866364235144,509,0.5333333333333333,0.6,0.8166666666666667,0.6666666666666666,0.5,0.5100174427032471,0.02120199203491211
0.3,1,0.16681,0.1,5,0.65,0.05773502691896258,365,0.6666666666666666,0.7166666666666667,0.6,0.5666666666666667,0.7,0.5287237644195557,0.021326065063476562
0.3,1,0.16681,0.1,10,0.6633333333333333,0.06699917080747261,291,0.5666666666666667,0.7166666666666667,0.6,0.7333333333333334,0.7,0.5338200092315674,0.021051836013793946
0.3,1,0.16681,0.1,20,0.6233333333333333,0.09752492558885195,509,0.75,0.7,0.6,0.4666666666666667,0.6000000000000001,0.5395888805389404,0.02110943794250488
0.3,1,0.16681,0.1,50,0.7333333333333333,0.10954451150103318,53,0.8333333333333333,0.8,0.6,0.8333333333333333,0.6000000000000001,0.5551325798034668,0.021108007431030272
0.3,1,0.16681,0.3,5,0.6866666666666668,0.10402991022884822,191,0.7333333333333334,0.8166666666666667,0.5333333333333333,0.75,0.6000000000000001,0.5367011070251465,0.02117600440979004
0.3,1,0.16681,0.3,10,0.7366666666666667,0.0819213715162967,43,0.8333333333333333,0.8,0.6,0.75,0.7,0.540214729309082,0.02135806083679199
0.3,1,0.16681,0.3,20,0.6666666666666667,0.07958224257542214,259,0.6666666666666666,0.8166666666666667,0.6,0.65,0.6000000000000001,0.545987606048584,0.021179342269897462
0.3,1,0.16681,0.3,50,0.7533333333333332,0.09092121131323899,28,0.8333333333333333,0.8,0.7,0.8333333333333333,0.6000000000000001,0.5620862960815429,0.02120814323425293
0.3,1,0.16681,0.5,5,0.7033333333333334,0.07180219742846007,127,0.7333333333333334,0.8166666666666667,0.6,0.6666666666666666,0.7,0.5371812343597412,0.021352148056030272
0.3,1,0.16681,0.5,10,0.7366666666666667,0.0819213715162967,43,0.8333333333333333,0.8,0.6,0.75,0.7,0.5420783519744873,0.021138811111450197
0.3,1,0.16681,0.5,20,0.7,0.0862811940369652,150,0.75,0.6166666666666667,0.6,0.8333333333333333,0.7,0.5478037357330322,0.02125415802001953
0.3,1,0.16681,0.5,50,0.7,0.07601169500660919,150,0.6666666666666666,0.7,0.6,0.8333333333333333,0.7,0.5674812316894531,0.02111663818359375
0.3,1,0.16681,0.7,5,0.7033333333333334,0.07180219742846007,127,0.7333333333333334,0.8166666666666667,0.6,0.6666666666666666,0.7,0.5305814266204834,0.021113491058349608
0.3,1,0.16681,0.7,10,0.74,0.0969535971483266,32,0.75,0.9,0.6,0.75,0.7,0.5353529453277588,0.021262741088867186
0.3,1,0.16681,0.7,20,0.72,0.10295630140987,63,0.65,0.9,0.7,0.75,0.6000000000000001,0.5467163562774658,0.02133021354675293
0.3,1,0.16681,0.7,50,0.7433333333333334,0.10624918300339485,31,0.6666666666666666,0.9,0.6166666666666667,0.8333333333333333,0.7,0.5638195991516113,0.021181869506835937
0.3,1,0.16681,0.9,5,0.7033333333333334,0.07180219742846007,127,0.7333333333333334,0.8166666666666667,0.6,0.6666666666666666,0.7,0.5209105968475342,0.021142101287841795
0.3,1,0.16681,0.9,10,0.74,0.0969535971483266,32,0.75,0.9,0.6,0.75,0.7,0.5276772975921631,0.021599006652832032
0.3,1,0.16681,0.9,20,0.7366666666666667,0.11274356350191841,43,0.65,0.9,0.6,0.8333333333333333,0.7,0.5330642223358154,0.02134990692138672
0.3,1,0.16681,0.9,50,0.7333333333333334,0.07302967433402216,50,0.6333333333333333,0.8,0.7,0.8333333333333333,0.7,0.5529653072357178,0.021032238006591798
0.3,1,0.599484,0.1,5,0.6033333333333333,0.092135166407235,661,0.6666666666666666,0.6166666666666667,0.6,0.43333333333333335,0.7,0.6020750522613525,0.021315765380859376
0.3,1,0.599484,0.1,10,0.6666666666666666,0.054772255750516606,263,0.5666666666666667,0.7166666666666667,0.7,0.65,0.7,0.6058728218078613,0.021326208114624025
0.3,1,0.599484,0.1,20,0.6233333333333333,0.062003584125794216,509,0.65,0.7,0.5166666666666667,0.65,0.6000000000000001,0.6122596263885498,0.02118964195251465
0.3,1,0.599484,0.1,50,0.7333333333333334,0.08944271909999157,50,0.8333333333333333,0.7,0.6,0.8333333333333333,0.7,0.6288019180297851,0.021208763122558594
0.3,1,0.599484,0.3,5,0.55,0.057735026918962595,728,0.4666666666666667,0.6166666666666667,0.5,0.5666666666666667,0.6000000000000001,0.6192684650421143,0.021362829208374023
0.3,1,0.599484,0.3,10,0.6833333333333333,0.0829993306532582,202,0.6666666666666666,0.6166666666666667,0.6,0.8333333333333333,0.7,0.6254515171051025,0.022057199478149415
0.3,1,0.599484,0.3,20,0.6433333333333334,0.0764489662745314,404,0.75,0.7166666666666667,0.6,0.55,0.6000000000000001,0.6306378364562988,0.021140146255493163
0.3,1,0.599484,0.3,50,0.7333333333333333,0.10954451150103318,53,0.8333333333333333,0.8,0.6,0.8333333333333333,0.6000000000000001,0.6466132164001465,0.020964336395263673
0.3,1,0.599484,0.5,5,0.65,0.13498971154211056,365,0.7333333333333334,0.8166666666666667,0.43333333333333335,0.5666666666666667,0.7,0.6407648086547851,0.021216106414794923
0.3,1,0.599484,0.5,10,0.6833333333333333,0.09067647005823626,202,0.5666666666666667,0.6166666666666667,0.7,0.8333333333333333,0.7,0.6461740016937256,0.021326541900634766
0.3,1,0.599484,0.5,20,0.72,0.07557189365836418,63,0.75,0.7166666666666667,0.7,0.8333333333333333,0.6000000000000001,0.6512842655181885,0.021329593658447266
0.3,1,0.599484,0.5,50,0.7133333333333334,0.10456258094238743,86,0.8333333333333333,0.7,0.6,0.8333333333333333,0.6000000000000001,0.6670994758605957,0.02120046615600586
0.3,1,0.599484,0.7,5,0.7233333333333334,0.10728984626287386,60,0.7333333333333334,0.8166666666666667,0.5333333333333333,0.8333333333333333,0.7,0.6365886211395264,0.021063470840454103
0.3,1,0.599484,0.7,10,0.7,0.07378647873726214,150,0.65,0.6166666666666667,0.7,0.8333333333333333,0.7,0.6431037902832031,0.021233272552490235
0.3,1,0.599484,0.7,20,0.7000000000000001,0.09006170724070861,148,0.75,0.7166666666666667,0.6,0.8333333333333333,0.6000000000000001,0.6487722396850586,0.021327733993530273
0.3,1,0.599484,0.7,50,0.7166666666666667,0.09888264649460882,72,0.75,0.8,0.6,0.8333333333333333,0.6000000000000001,0.6667327880859375,0.021063518524169923
0.3,1,0.599484,0.9,5,0.7033333333333334,0.07180219742846003,127,0.7333333333333334,0.8166666666666667,0.7,0.6666666666666666,0.6000000000000001,0.653587532043457,0.02136693000793457
0.3,1,0.599484,0.9,10,0.7333333333333333,0.08944271909999153,53,0.8333333333333333,0.7,0.7,0.8333333333333333,0.6000000000000001,0.6602665901184082,0.021055030822753906
0.3,1,0.599484,0.9,20,0.7166666666666666,0.07453559924999298,76,0.8333333333333333,0.7166666666666667,0.6,0.7333333333333334,0.7,0.6660327434539794,0.021056365966796876
0.3,1,0.599484,0.9,50,0.7000000000000001,0.09006170724070861,148,0.75,0.7166666666666667,0.6,0.8333333333333333,0.6000000000000001,0.6833282947540283,0.021343278884887695
0.3,1,2.15443,0.1,5,0.6033333333333333,0.092135166407235,661,0.6666666666666666,0.6166666666666667,0.6,0.43333333333333335,0.7,0.7352287292480468,0.021358203887939454
0.3,1,2.15443,0.1,10,0.5900000000000001,0.07571877794400364,676,0.5666666666666667,0.6166666666666667,0.7,0.4666666666666667,0.6000000000000001,0.7423590183258056,0.02121138572692871
0.3,1,2.15443,0.1,20,0.6599999999999999,0.080691456246068,314,0.75,0.7,0.5166666666666667,0.6333333333333333,0.7,0.7452298641204834,0.021144342422485352
0.3,1,2.15443,0.1,50,0.6966666666666665,0.08969082698049136,173,0.75,0.7,0.6,0.8333333333333333,0.6000000000000001,0.763338851928711,0.02125401496887207
0.3,1,2.15443,0.3,5,0.5633333333333335,0.09910712498212335,723,0.4666666666666667,0.6166666666666667,0.6,0.43333333333333335,0.7,0.7962847709655761,0.021242904663085937
0.3,1,2.15443,0.3,10,0.6266666666666667,0.05228129047119374,456,0.5666666666666667,0.7166666666666667,0.6,0.65,0.6000000000000001,0.7983335018157959,0.021166181564331053
0.3,1,2.15443,0.3,20,0.66,0.08856886837057613,311,0.75,0.7,0.5166666666666667,0.7333333333333334,0.6000000000000001,0.8068515300750733,0.021185636520385742
0.3,1,2.15443,0.3,50,0.7133333333333334,0.10456258094238743,86,0.8333333333333333,0.7,0.6,0.8333333333333333,0.6000000000000001,0.8243795394897461,0.022330379486083983
0.3,1,2.15443,0.5,5,0.5233333333333333,0.07272474743090478,765,0.4666666666666667,0.6166666666666667,0.5,0.43333333333333335,0.6000000000000001,0.8436676025390625,0.021381521224975587
0.3,1,2.15443,0.5,10,0.6833333333333333,0.059628479399994404,202,0.5666666666666667,0.7166666666666667,0.7,0.7333333333333334,0.7,0.8675616264343262,0.02117314338684082
0.3,1,2.15443,0.5,20,0.6866666666666668,0.059999999999999984,191,0.75,0.6166666666666667,0.6166666666666667,0.75,0.7,0.8582792758941651,0.021186113357543945
0.3,1,2.15443,0.5,50,0.7133333333333334,0.10456258094238743,86,0.8333333333333333,0.7,0.6,0.8333333333333333,0.6000000000000001,0.8734952449798584,0.02130589485168457
0.3,1,2.15443,0.7,5,0.6066666666666667,0.11575836902790225,633,0.4666666666666667,0.8166666666666667,0.6,0.55,0.6000000000000001,0.8778543949127198,0.022083282470703125
0.3,1,2.15443,0.7,10,0.6633333333333333,0.061824123303304696,291,0.5666666666666667,0.6166666666666667,0.7,0.7333333333333334,0.7,0.8816484451293946,0.021256780624389647
0.3,1,2.15443,0.7,20,0.72,0.07102425250887504,63,0.75,0.6166666666666667,0.7,0.8333333333333333,0.7,0.8894001483917237,0.021158123016357423
0.3,1,2.15443,0.7,50,0.6933333333333334,0.13063945294843612,175,0.8333333333333333,0.7,0.6,0.8333333333333333,0.5,0.9097036838531494,0.021892404556274413
0.3,1,2.15443,0.9,5,0.5733333333333334,0.13274871834493251,717,0.4666666666666667,0.8166666666666667,0.5333333333333333,0.45,0.6000000000000001,0.9226563930511474,0.02134995460510254
0.3,1,2.15443,0.9,10,0.6633333333333333,0.061824123303304696,291,0.5666666666666667,0.6166666666666667,0.7,0.7333333333333334,0.7,0.9264813899993897,0.021233654022216795
0.3,1,2.15443,0.9,20,0.7166666666666666,0.07601169500660919,76,0.75,0.7,0.6,0.8333333333333333,0.7,0.9292257308959961,0.021299314498901368
0.3,1,2.15443,0.9,50,0.6933333333333334,0.13063945294843612,175,0.8333333333333333,0.7,0.6,0.8333333333333333,0.5,0.944628095626831,0.021233224868774415
0.3,1,7.74264,0.1,5,0.6033333333333333,0.04268749491621898,661,0.6666666666666666,0.5333333333333333,0.6,0.6166666666666667,0.6,0.7814260005950928,0.021222972869873048
0.3,1,7.74264,0.1,10,0.6300000000000001,0.04760952285695232,444,0.6666666666666666,0.6166666666666667,0.6,0.5666666666666667,0.7,0.7877025604248047,0.020989036560058592
0.3,1,7.74264,0.1,20,0.6266666666666667,0.0778888096369861,456,0.6666666666666666,0.7,0.5166666666666667,0.55,0.7,0.79566330909729,0.021144008636474608
0.3,1,7.74264,0.1,50,0.6733333333333333,0.08793937305515276,250,0.8333333333333333,0.7,0.6,0.6333333333333333,0.6000000000000001,0.8093113422393798,0.02118573188781738
0.3,1,7.74264,0.3,5,0.6200000000000001,0.10821788720498617,551,0.75,0.6166666666666667,0.6,0.43333333333333335,0.7,1.0025475025177002,0.02142610549926758
0.3,1,7.74264,0.3,10,0.6233333333333333,0.06463573143221768,509,0.5666666666666667,0.7,0.7,0.55,0.6000000000000001,1.0076091289520264,0.02120051383972168
0.3,1,7.74264,0.3,20,0.6266666666666666,0.07348469228349531,503,0.5666666666666667,0.7,0.5166666666666667,0.65,0.7,1.0134092330932618,0.021233224868774415
0.3,1,7.74264,0.3,50,0.7133333333333334,0.10456258094238743,86,0.8333333333333333,0.7,0.6,0.8333333333333333,0.6000000000000001,1.0321846961975099,0.021155357360839844
0.3,1,7.74264,0.5,5,0.5633333333333335,0.09910712498212335,723,0.4666666666666667,0.6166666666666667,0.6,0.43333333333333335,0.7,1.088217544555664,0.02107539176940918
0.3,1,7.74264,0.5,10,0.6233333333333333,0.05734883511361753,509,0.5666666666666667,0.6166666666666667,0.6,0.7333333333333334,0.6000000000000001,1.1014583110809326,0.021204805374145506
0.3,1,7.74264,0.5,20,0.6433333333333333,0.080691456246068,405,0.75,0.7,0.5166666666666667,0.65,0.6000000000000001,1.098343563079834,0.02100224494934082
0.3,1,7.74264,0.5,50,0.7133333333333334,0.10456258094238743,86,0.8333333333333333,0.7,0.6,0.8333333333333333,0.6000000000000001,1.1165335178375244,0.021180009841918944
0.3,1,7.74264,0.7,5,0.5233333333333333,0.07272474743090478,765,0.4666666666666667,0.6166666666666667,0.5,0.43333333333333335,0.6000000000000001,1.156282091140747,0.02139129638671875
0.3,1,7.74264,0.7,10,0.6633333333333333,0.061824123303304696,291,0.5666666666666667,0.6166666666666667,0.7,0.7333333333333334,0.7,1.1688820362091064,0.021160888671875
0.3,1,7.74264,0.7,20,0.66,0.10572501018102466,311,0.65,0.7,0.5166666666666667,0.8333333333333333,0.6000000000000001,1.1649733066558838,0.021183872222900392
0.3,1,7.74264,0.7,50,0.7133333333333334,0.10456258094238743,86,0.8333333333333333,0.7,0.6,0.8333333333333333,0.6000000000000001,1.177345085144043,0.021420001983642578
0.3,1,7.74264,0.9,5,0.5633333333333334,0.1024152766382481,727,0.4666666666666667,0.7166666666666667,0.6,0.43333333333333335,0.6000000000000001,1.2226784229278564,0.02130575180053711
0.3,1,7.74264,0.9,10,0.6633333333333333,0.061824123303304696,291,0.5666666666666667,0.6166666666666667,0.7,0.7333333333333334,0.7,1.2291126728057862,0.02192239761352539
0.3,1,7.74264,0.9,20,0.6799999999999999,0.11125546178852419,218,0.75,0.7,0.5166666666666667,0.8333333333333333,0.6000000000000001,1.232283639907837,0.021097135543823243
0.3,1,7.74264,0.9,50,0.6933333333333334,0.13063945294843612,175,0.8333333333333333,0.7,0.6,0.8333333333333333,0.5,1.249509572982788,0.021240901947021485
0.3,1,27.8256,0.1,5,0.62,0.07483314773547882,555,0.75,0.5166666666666667,0.6166666666666667,0.6166666666666667,0.6,0.7876350402832031,0.021151638031005858
0.3,1,27.8256,0.1,10,0.6666666666666666,0.07071067811865477,263,0.6666666666666666,0.6166666666666667,0.6,0.65,0.8,0.7931305408477783,0.021216583251953126
0.3,1,27.8256,0.1,20,0.6766666666666665,0.05333333333333334,232,0.75,0.7,0.6,0.6333333333333333,0.7,0.8018982887268067,0.021027088165283203
0.3,1,27.8256,0.1,50,0.6799999999999999,0.05099019513592784,218,0.75,0.7,0.6,0.65,0.7,0.8149208068847656,0.021226835250854493
0.3,1,27.8256,0.3,5,0.6033333333333333,0.04268749491621898,661,0.6666666666666666,0.5333333333333333,0.6,0.6166666666666667,0.6,0.917385482788086,0.021149253845214842
0.3,1,27.8256,0.3,10,0.7066666666666667,0.04898979485566359,117,0.6666666666666666,0.7,0.7,0.6666666666666666,0.8,0.9248197078704834,0.021170711517333983
0.3,1,27.8256,0.3,20,0.5900000000000001,0.09521904571390463,676,0.5666666666666667,0.7,0.5166666666666667,0.4666666666666667,0.7,0.9296739578247071,0.021235895156860352
0.3,1,27.8256,0.3,50,0.6766666666666665,0.11623730516108462,232,0.75,0.7,0.6,0.8333333333333333,0.5,0.9478227138519287,0.021460962295532227
0.3,1,27.8256,0.5,5,0.6266666666666667,0.054365021434333645,456,0.5833333333333334,0.6166666666666667,0.6,0.7333333333333334,0.6000000000000001,1.1691035270690917,0.02138071060180664
0.3,1,27.8256,0.5,10,0.63,0.05811865258054228,452,0.5833333333333334,0.7,0.7,0.5666666666666667,0.6000000000000001,1.1736379146575928,0.021286582946777342
0.3,1,27.8256,0.5,20,0.6066666666666667,0.06377042156569661,633,0.5666666666666667,0.7,0.5166666666666667,0.65,0.6000000000000001,1.1797856330871581,0.021177196502685548
0.3,1,27.8256,0.5,50,0.7133333333333334,0.10456258094238743,86,0.8333333333333333,0.7,0.6,0.8333333333333333,0.6000000000000001,1.198538637161255,0.021027469635009767
0.3,1,27.8256,0.7,5,0.5866666666666667,0.08653836657164779,709,0.5833333333333334,0.6166666666666667,0.6,0.43333333333333335,0.7,1.2496999263763429,0.021198844909667967
0.3,1,27.8256,0.7,10,0.5866666666666667,0.07483314773547882,709,0.5666666666666667,0.7,0.6,0.4666666666666667,0.6000000000000001,1.2664836406707765,0.021138334274291994
0.3,1,27.8256,0.7,20,0.61,0.07571877794400363,621,0.5666666666666667,0.7,0.5166666666666667,0.5666666666666667,0.7,1.264260196685791,0.021178293228149413
0.3,1,27.8256,0.7,50,0.6966666666666665,0.08969082698049136,173,0.75,0.7,0.6,0.8333333333333333,0.6000000000000001,1.2860901832580567,0.02124934196472168
0.3,1,27.8256,0.9,5,0.6200000000000001,0.10821788720498617,551,0.75,0.6166666666666667,0.6,0.43333333333333335,0.7,1.340474796295166,0.02226366996765137
0.3,1,27.8256,0.9,10,0.5700000000000001,0.05416025603090641,718,0.5666666666666667,0.6166666666666667,0.6,0.4666666666666667,0.6000000000000001,1.3473318576812745,0.02133488655090332
0.3,1,27.8256,0.9,20,0.64,0.05830951894845298,422,0.65,0.7,0.6,0.55,0.7,1.3512664318084717,0.02125997543334961
0.3,1,27.8256,0.9,50,0.7133333333333334,0.10456258094238743,86,0.8333333333333333,0.7,0.6,0.8333333333333333,0.6000000000000001,1.3715252876281738,0.021202659606933592
0.3,1,100.0,0.1,5,0.64,0.07999999999999997,422,0.75,0.5166666666666667,0.6166666666666667,0.6166666666666667,0.7,0.8565630435943603,0.021222925186157225
0.3,1,100.0,0.1,10,0.6666666666666666,0.09128709291752768,263,0.6666666666666666,0.5166666666666667,0.7,0.65,0.8,0.866800594329834,0.021203279495239258
0.3,1,100.0,0.1,20,0.6566666666666666,0.08666666666666666,333,0.75,0.7,0.5,0.6333333333333333,0.7,0.8650786399841308,0.021207427978515624
0.3,1,100.0,0.1,50,0.6399999999999999,0.07348469228349531,431,0.75,0.7,0.6,0.55,0.6000000000000001,0.881488561630249,0.02107529640197754
0.3,1,100.0,0.3,5,0.62,0.07483314773547882,555,0.75,0.5166666666666667,0.6166666666666667,0.6166666666666667,0.6,0.8549248695373535,0.021245527267456054
0.3,1,100.0,0.3,10,0.6666666666666666,0.07071067811865477,263,0.6666666666666666,0.6166666666666667,0.6,0.65,0.8,0.8624213695526123,0.021350526809692384
0.3,1,100.0,0.3,20,0.6566666666666666,0.07859884081701063,333,0.75,0.7,0.6,0.5333333333333333,0.7,0.8690579414367676,0.021074819564819335
0.3,1,100.0,0.3,50,0.6599999999999999,0.07348469228349531,314,0.75,0.7,0.6,0.55,0.7,0.8844610214233398,0.021236419677734375
0.3,1,100.0,0.5,5,0.62,0.07483314773547882,555,0.75,0.5166666666666667,0.6166666666666667,0.6166666666666667,0.6,0.8719429969787598,0.021097373962402344
0.3,1,100.0,0.5,10,0.6466666666666667,0.03559026084010435,382,0.6666666666666666,0.6166666666666667,0.6,0.65,0.7,0.8746620178222656,0.021016597747802734
0.3,1,100.0,0.5,20,0.6066666666666667,0.08793937305515277,633,0.5666666666666667,0.7,0.6,0.4666666666666667,0.7,0.8804373264312744,0.021098899841308593
0.3,1,100.0,0.5,50,0.6566666666666667,0.10088497300281032,331,0.8333333333333333,0.7,0.6,0.55,0.6000000000000001,0.8946700096130371,0.021238088607788086
0.3,1,100.0,0.7,5,0.6,0.04830458915396477,667,0.6666666666666666,0.5166666666666667,0.6,0.6166666666666667,0.6,0.8995658397674561,0.021231651306152344
0.3,1,100.0,0.7,10,0.6333333333333334,0.043461349368017634,439,0.6666666666666666,0.6166666666666667,0.6,0.5833333333333334,0.7,0.9044939041137695,0.021244907379150392
0.3,1,100.0,0.7,20,0.57,0.11661903789690599,722,0.5666666666666667,0.7,0.4166666666666667,0.4666666666666667,0.7,0.9104307651519775,0.021213006973266602
0.3,1,100.0,0.7,50,0.6599999999999999,0.05830951894845299,314,0.75,0.7,0.6,0.65,0.6000000000000001,0.9247904777526855,0.021181440353393553
0.3,1,100.0,0.9,5,0.58,0.06271629240742257,714,0.6666666666666666,0.5166666666666667,0.6,0.6166666666666667,0.5,0.9727898120880127,0.021225881576538087
0.3,1,100.0,0.9,10,0.6533333333333333,0.04642796092394703,360,0.6666666666666666,0.6166666666666667,0.7,0.5833333333333334,0.7,0.9789371967315674,0.02125129699707031
0.3,1,100.0,0.9,20,0.5900000000000001,0.09521904571390463,676,0.5666666666666667,0.7,0.5166666666666667,0.4666666666666667,0.7,0.9885402202606202,0.02107715606689453
0.3,1,100.0,0.9,50,0.6599999999999999,0.05830951894845299,314,0.75,0.7,0.6,0.65,0.6000000000000001,1.0063678741455078,0.02108874320983887
0.3,5,0.001,0.1,5,0.6066666666666667,0.12183777921664711,633,0.5333333333333333,0.5,0.8,0.7,0.5,0.47473297119140623,0.020865678787231445
0.3,5,0.001,0.1,10,0.53,0.09333333333333331,733,0.5333333333333333,0.5,0.4166666666666667,0.7,0.5,0.4714306354522705,0.02087082862854004
0.3,5,0.001,0.1,20,0.6466666666666667,0.08524474568362948,382,0.7166666666666667,0.6,0.5,0.7166666666666667,0.7,0.4791419506072998,0.021295642852783202
0.3,5,0.001,0.1,50,0.6566666666666666,0.07717224601860152,333,0.5333333333333333,0.6,0.7166666666666667,0.7333333333333334,0.7,0.4886716365814209,0.021126508712768555
0.3,5,0.001,0.3,5,0.6066666666666667,0.12183777921664711,633,0.5333333333333333,0.5,0.8,0.7,0.5,0.4672402381896973,0.021027374267578124
0.3,5,0.001,0.3,10,0.53,0.09333333333333331,733,0.5333333333333333,0.5,0.4166666666666667,0.7,0.5,0.47034912109375,0.021065187454223634
0.3,5,0.001,0.3,20,0.6466666666666667,0.08524474568362948,382,0.7166666666666667,0.6,0.5,0.7166666666666667,0.7,0.4763936996459961,0.021097517013549803
0.3,5,0.001,0.3,50,0.6566666666666666,0.07717224601860152,333,0.5333333333333333,0.6,0.7166666666666667,0.7333333333333334,0.7,0.487289571762085,0.021329975128173827
0.3,5,0.001,0.5,5,0.6066666666666667,0.12183777921664711,633,0.5333333333333333,0.5,0.8,0.7,0.5,0.4685849666595459,0.020996999740600587
0.3,5,0.001,0.5,10,0.53,0.09333333333333331,733,0.5333333333333333,0.5,0.4166666666666667,0.7,0.5,0.46903157234191895,0.020895719528198242
0.3,5,0.001,0.5,20,0.6466666666666667,0.08524474568362948,382,0.7166666666666667,0.6,0.5,0.7166666666666667,0.7,0.47416129112243655,0.021045875549316407
0.3,5,0.001,0.5,50,0.6566666666666666,0.07717224601860152,333,0.5333333333333333,0.6,0.7166666666666667,0.7333333333333334,0.7,0.4909671783447266,0.020874834060668944
0.3,5,0.001,0.7,5,0.6066666666666667,0.12183777921664711,633,0.5333333333333333,0.5,0.8,0.7,0.5,0.4685853958129883,0.021036720275878905
0.3,5,0.001,0.7,10,0.53,0.09333333333333331,733,0.5333333333333333,0.5,0.4166666666666667,0.7,0.5,0.47214293479919434,0.02094416618347168
0.3,5,0.001,0.7,20,0.6466666666666667,0.08524474568362948,382,0.7166666666666667,0.6,0.5,0.7166666666666667,0.7,0.47518467903137207,0.020881128311157227
0.3,5,0.001,0.7,50,0.6566666666666666,0.07717224601860152,333,0.5333333333333333,0.6,0.7166666666666667,0.7333333333333334,0.7,0.48962035179138186,0.02114706039428711
0.3,5,0.001,0.9,5,0.6066666666666667,0.12183777921664711,633,0.5333333333333333,0.5,0.8,0.7,0.5,0.4700156211853027,0.021045684814453125
0.3,5,0.001,0.9,10,0.53,0.09333333333333331,733,0.5333333333333333,0.5,0.4166666666666667,0.7,0.5,0.47136406898498534,0.021246576309204103
0.3,5,0.001,0.9,20,0.6466666666666667,0.08524474568362948,382,0.7166666666666667,0.6,0.5,0.7166666666666667,0.7,0.47570157051086426,0.02097325325012207
0.3,5,0.001,0.9,50,0.6566666666666666,0.07717224601860152,333,0.5333333333333333,0.6,0.7166666666666667,0.7333333333333334,0.7,0.48793344497680663,0.020994949340820312
0.3,5,0.00359381,0.1,5,0.6066666666666667,0.12183777921664711,633,0.5333333333333333,0.5,0.8,0.7,0.5,0.46705942153930663,0.02100028991699219
0.3,5,0.00359381,0.1,10,0.53,0.09333333333333331,733,0.5333333333333333,0.5,0.4166666666666667,0.7,0.5,0.46921553611755373,0.02096390724182129
0.3,5,0.00359381,0.1,20,0.6466666666666667,0.08524474568362948,382,0.7166666666666667,0.6,0.5,0.7166666666666667,0.7,0.4761402130126953,0.020996809005737305
0.3,5,0.00359381,0.1,50,0.6566666666666666,0.07717224601860152,333,0.5333333333333333,0.6,0.7166666666666667,0.7333333333333334,0.7,0.4870003700256348,0.021001911163330077
0.3,5,0.00359381,0.3,5,0.6066666666666667,0.12183777921664711,633,0.5333333333333333,0.5,0.8,0.7,0.5,0.46706857681274416,0.021123409271240234
0.3,5,0.00359381,0.3,10,0.53,0.09333333333333331,733,0.5333333333333333,0.5,0.4166666666666667,0.7,0.5,0.47536144256591795,0.021239280700683594
0.3,5,0.00359381,0.3,20,0.6466666666666667,0.08524474568362948,382,0.7166666666666667,0.6,0.5,0.7166666666666667,0.7,0.4761955738067627,0.020937108993530275
0.3,5,0.00359381,0.3,50,0.6566666666666666,0.07717224601860152,333,0.5333333333333333,0.6,0.7166666666666667,0.7333333333333334,0.7,0.48681182861328126,0.020976543426513672
0.3,5,0.00359381,0.5,5,0.6066666666666667,0.12183777921664711,633,0.5333333333333333,0.5,0.8,0.7,0.5,0.4672694683074951,0.02114901542663574
0.3,5,0.00359381,0.5,10,0.53,0.09333333333333331,733,0.5333333333333333,0.5,0.4166666666666667,0.7,0.5,0.468508243560791,0.020918846130371094
0.3,5,0.00359381,0.5,20,0.6466666666666667,0.08524474568362948,382,0.7166666666666667,0.6,0.5,0.7166666666666667,0.7,0.4750255584716797,0.021096324920654295
0.3,5,0.00359381,0.5,50,0.6566666666666666,0.07717224601860152,333,0.5333333333333333,0.6,0.7166666666666667,0.7333333333333334,0.7,0.4854774475097656,0.02092266082763672
0.3,5,0.00359381,0.7,5,0.6066666666666667,0.12183777921664711,633,0.5333333333333333,0.5,0.8,0.7,0.5,0.46711273193359376,0.02095770835876465
0.3,5,0.00359381,0.7,10,0.53,0.09333333333333331,733,0.5333333333333333,0.5,0.4166666666666667,0.7,0.5,0.471253490447998,0.021000385284423828
0.3,5,0.00359381,0.7,20,0.6466666666666667,0.08524474568362948,382,0.7166666666666667,0.6,0.5,0.7166666666666667,0.7,0.47516703605651855,0.02100238800048828
0.3,5,0.00359381,0.7,50,0.6566666666666666,0.07717224601860152,333,0.5333333333333333,0.6,0.7166666666666667,0.7333333333333334,0.7,0.4872602939605713,0.020930385589599608
0.3,5,0.00359381,0.9,5,0.6066666666666667,0.12183777921664711,633,0.5333333333333333,0.5,0.8,0.7,0.5,0.4674838542938232,0.02093362808227539
0.3,5,0.00359381,0.9,10,0.53,0.09333333333333331,733,0.5333333333333333,0.5,0.4166666666666667,0.7,0.5,0.471527099609375,0.02096104621887207
0.3,5,0.00359381,0.9,20,0.6466666666666667,0.08524474568362948,382,0.7166666666666667,0.6,0.5,0.7166666666666667,0.7,0.4764899253845215,0.020852136611938476
0.3,5,0.00359381,0.9,50,0.6566666666666666,0.07717224601860152,333,0.5333333333333333,0.6,0.7166666666666667,0.7333333333333334,0.7,0.48906240463256834,0.021039152145385744
0.3,5,0.0129155,0.1,5,0.6799999999999999,0.12534397117975443,218,0.7333333333333334,0.9,0.6166666666666667,0.55,0.6000000000000001,0.47846074104309083,0.02101106643676758
0.3,5,0.0129155,0.1,10,0.7366666666666667,0.08717797887081348,43,0.8166666666666667,0.8,0.6,0.6666666666666666,0.8,0.4799642562866211,0.021101045608520507
0.3,5,0.0129155,0.1,20,0.6933333333333334,0.07118052168020877,175,0.6333333333333333,0.8,0.6,0.7333333333333334,0.7,0.48424606323242186,0.02086029052734375
0.3,5,0.0129155,0.1,50,0.7533333333333333,0.09153020145163988,22,0.8166666666666667,0.9,0.7,0.65,0.7,0.49697232246398926,0.021092033386230467
0.3,5,0.0129155,0.3,5,0.6066666666666667,0.12183777921664711,633,0.5333333333333333,0.5,0.8,0.7,0.5,0.4676034927368164,0.020930147171020506
0.3,5,0.0129155,0.3,10,0.53,0.09333333333333331,733,0.5333333333333333,0.5,0.4166666666666667,0.7,0.5,0.46968488693237304,0.020859336853027342
0.3,5,0.0129155,0.3,20,0.6466666666666667,0.08524474568362948,382,0.7166666666666667,0.6,0.5,0.7166666666666667,0.7,0.4762895584106445,0.021127939224243164
0.3,5,0.0129155,0.3,50,0.6566666666666666,0.07717224601860152,333,0.5333333333333333,0.6,0.7166666666666667,0.7333333333333334,0.7,0.49071450233459474,0.020963239669799804
0.3,5,0.0129155,0.5,5,0.6066666666666667,0.12183777921664711,633,0.5333333333333333,0.5,0.8,0.7,0.5,0.4683577060699463,0.02082514762878418
0.3,5,0.0129155,0.5,10,0.53,0.09333333333333331,733,0.5333333333333333,0.5,0.4166666666666667,0.7,0.5,0.47006049156188967,0.02110142707824707
0.3,5,0.0129155,0.5,20,0.6466666666666667,0.08524474568362948,382,0.7166666666666667,0.6,0.5,0.7166666666666667,0.7,0.476785945892334,0.021129894256591796
0.3,5,0.0129155,0.5,50,0.6566666666666666,0.07717224601860152,333,0.5333333333333333,0.6,0.7166666666666667,0.7333333333333334,0.7,0.4889682769775391,0.021001768112182618
0.3,5,0.0129155,0.7,5,0.6066666666666667,0.12183777921664711,633,0.5333333333333333,0.5,0.8,0.7,0.5,0.46903648376464846,0.02090177536010742
0.3,5,0.0129155,0.7,10,0.53,0.09333333333333331,733,0.5333333333333333,0.5,0.4166666666666667,0.7,0.5,0.4708701133728027,0.021005582809448243
0.3,5,0.0129155,0.7,20,0.6466666666666667,0.08524474568362948,382,0.7166666666666667,0.6,0.5,0.7166666666666667,0.7,0.47696385383605955,0.02098221778869629
0.3,5,0.0129155,0.7,50,0.6566666666666666,0.07717224601860152,333,0.5333333333333333,0.6,0.7166666666666667,0.7333333333333334,0.7,0.4891401767730713,0.020958852767944337
0.3,5,0.0129155,0.9,5,0.6066666666666667,0.12183777921664711,633,0.5333333333333333,0.5,0.8,0.7,0.5,0.4686070442199707,0.02106509208679199
0.3,5,0.0129155,0.9,10,0.53,0.09333333333333331,733,0.5333333333333333,0.5,0.4166666666666667,0.7,0.5,0.4709609031677246,0.02102527618408203
0.3,5,0.0129155,0.9,20,0.6466666666666667,0.08524474568362948,382,0.7166666666666667,0.6,0.5,0.7166666666666667,0.7,0.4772759437561035,0.020712995529174806
0.3,5,0.0129155,0.9,50,0.6566666666666666,0.07717224601860152,333,0.5333333333333333,0.6,0.7166666666666667,0.7333333333333334,0.7,0.4885083198547363,0.02102370262145996
0.3,5,0.0464159,0.1,5,0.6866666666666668,0.13800161029656302,191,0.65,0.8,0.43333333333333335,0.75,0.8,0.48823962211608884,0.02091207504272461
0.3,5,0.0464159,0.1,10,0.6866666666666668,0.09797958971132716,191,0.6666666666666666,0.8,0.6,0.5666666666666667,0.8,0.49312896728515626,0.020917797088623048
0.3,5,0.0464159,0.1,20,0.7333333333333334,0.0816496580927726,50,0.8333333333333333,0.7,0.6,0.7333333333333334,0.8,0.4966688632965088,0.02092466354370117
0.3,5,0.0464159,0.1,50,0.7133333333333333,0.09797958971132713,102,0.8333333333333333,0.6,0.6,0.7333333333333334,0.8,0.507437801361084,0.020967531204223632
0.3,5,0.0464159,0.3,5,0.7033333333333334,0.14696938456699069,127,0.8333333333333333,0.9,0.5333333333333333,0.55,0.7,0.48668475151062013,0.02125720977783203
0.3,5,0.0464159,0.3,10,0.7733333333333334,0.09921917377424813,6,0.8166666666666667,0.9,0.6,0.75,0.8,0.49493913650512694,0.02094430923461914
0.3,5,0.0464159,0.3,20,0.74,0.1083205120618128,32,0.8333333333333333,0.8,0.5333333333333333,0.7333333333333334,0.8,0.49631319046020506,0.020852947235107423
0.3,5,0.0464159,0.3,50,0.7733333333333332,0.10198039027185571,10,0.7333333333333334,0.9,0.6,0.8333333333333333,0.8,0.5075868606567383,0.02120370864868164
0.3,5,0.0464159,0.5,5,0.59,0.06633249580710798,707,0.55,0.5,0.6,0.7,0.6000000000000001,0.479278564453125,0.020896482467651366
0.3,5,0.0464159,0.5,10,0.61,0.12000000000000001,621,0.55,0.5,0.5,0.7,0.8,0.4819169044494629,0.021070337295532225
0.3,5,0.0464159,0.5,20,0.6133333333333333,0.1305543735171076,617,0.45,0.6,0.5,0.7166666666666667,0.8,0.48760242462158204,0.020981884002685545
0.3,5,0.0464159,0.5,50,0.6599999999999999,0.09921917377424812,314,0.65,0.6,0.5166666666666667,0.7333333333333334,0.8,0.49833145141601565,0.020956039428710938
0.3,5,0.0464159,0.7,5,0.6066666666666667,0.12183777921664711,633,0.5333333333333333,0.5,0.8,0.7,0.5,0.4673048973083496,0.02102518081665039
0.3,5,0.0464159,0.7,10,0.53,0.09333333333333331,733,0.5333333333333333,0.5,0.4166666666666667,0.7,0.5,0.4706120491027832,0.02087430953979492
0.3,5,0.0464159,0.7,20,0.6466666666666667,0.08524474568362948,382,0.7166666666666667,0.6,0.5,0.7166666666666667,0.7,0.4779073715209961,0.02148094177246094
0.3,5,0.0464159,0.7,50,0.6566666666666666,0.07717224601860152,333,0.5333333333333333,0.6,0.7166666666666667,0.7333333333333334,0.7,0.48935770988464355,0.021048927307128908
0.3,5,0.0464159,0.9,5,0.6066666666666667,0.12183777921664711,633,0.5333333333333333,0.5,0.8,0.7,0.5,0.46797757148742675,0.020940208435058595
0.3,5,0.0464159,0.9,10,0.53,0.09333333333333331,733,0.5333333333333333,0.5,0.4166666666666667,0.7,0.5,0.47207045555114746,0.020897722244262694
0.3,5,0.0464159,0.9,20,0.6466666666666667,0.08524474568362948,382,0.7166666666666667,0.6,0.5,0.7166666666666667,0.7,0.4774332523345947,0.02110886573791504
0.3,5,0.0464159,0.9,50,0.6566666666666666,0.07717224601860152,333,0.5333333333333333,0.6,0.7166666666666667,0.7333333333333334,0.7,0.48921685218811034,0.02106194496154785
0.3,5,0.16681,0.1,5,0.6699999999999999,0.052068331172711035,255,0.75,0.6333333333333333,0.6,0.6666666666666666,0.7,0.5206202507019043,0.021041345596313477
0.3,5,0.16681,0.1,10,0.7066666666666667,0.08406346808612326,117,0.75,0.7166666666666667,0.7166666666666667,0.55,0.8,0.5281630992889405,0.021065759658813476
0.3,5,0.16681,0.1,20,0.6766666666666665,0.08537498983243796,232,0.8333333333333333,0.6166666666666667,0.6,0.6333333333333333,0.7,0.5301581859588623,0.02106614112854004
0.3,5,0.16681,0.1,50,0.7133333333333333,0.09797958971132713,102,0.8333333333333333,0.6,0.6,0.7333333333333334,0.8,0.5404417991638184,0.02107229232788086
0.3,5,0.16681,0.3,5,0.6133333333333334,0.09741092797468304,615,0.65,0.7166666666666667,0.43333333333333335,0.6666666666666666,0.6,0.5329991340637207,0.02111706733703613
0.3,5,0.16681,0.3,10,0.6633333333333333,0.13597385369580758,291,0.8333333333333333,0.6166666666666667,0.6,0.4666666666666667,0.8,0.5323118209838867,0.021005964279174803
0.3,5,0.16681,0.3,20,0.64,0.12587471725666136,422,0.8333333333333333,0.6166666666666667,0.6,0.45,0.7,0.5361668586730957,0.02095651626586914
0.3,5,0.16681,0.3,50,0.7533333333333332,0.09092121131323902,28,0.8333333333333333,0.6,0.7,0.8333333333333333,0.8,0.5459794521331787,0.02115769386291504
0.3,5,0.16681,0.5,5,0.6900000000000001,0.14087031072743628,189,0.65,0.8166666666666667,0.43333333333333335,0.75,0.8,0.5293117523193359,0.020987653732299806
0.3,5,0.16681,0.5,10,0.6066666666666667,0.09977753031397177,633,0.7333333333333334,0.5333333333333333,0.6,0.4666666666666667,0.7,0.5334429264068603,0.02113943099975586
0.3,5,0.16681,0.5,20,0.7133333333333333,0.0653197264742181,102,0.7333333333333334,0.7,0.6,0.7333333333333334,0.8,0.5379602909088135,0.0210390567779541
0.3,5,0.16681,0.5,50,0.7533333333333333,0.08326663997864532,22,0.8333333333333333,0.8,0.6,0.7333333333333334,0.8,0.5488511562347412,0.021063804626464844
0.3,5,0.16681,0.7,5,0.6866666666666668,0.14197026292697904,191,0.65,0.7166666666666667,0.43333333333333335,0.8333333333333333,0.8,0.5247663497924805,0.020934438705444335
0.3,5,0.16681,0.7,10,0.72,0.12265579661982733,63,0.8333333333333333,0.6166666666666667,0.6,0.65,0.9,0.5291650772094727,0.020984840393066407
0.3,5,0.16681,0.7,20,0.7166666666666666,0.059628479399994404,76,0.7333333333333334,0.7,0.6166666666666667,0.7333333333333334,0.8,0.5319436550140381,0.020930719375610352
0.3,5,0.16681,0.7,50,0.7566666666666666,0.07717224601860148,18,0.7333333333333334,0.8,0.6166666666666667,0.8333333333333333,0.8,0.5454582691192627,0.02107868194580078
0.3,5,0.16681,0.9,5,0.6699999999999999,0.07557189365836423,255,0.65,0.7166666666666667,0.5333333333333333,0.75,0.7,0.5158813953399658,0.02116994857788086
0.3,5,0.16681,0.9,10,0.74,0.11185307823708346,32,0.8333333333333333,0.7166666666666667,0.6,0.65,0.9,0.5177933216094971,0.02105116844177246
0.3,5,0.16681,0.9,20,0.68,0.07408703590297624,214,0.7333333333333334,0.6166666666666667,0.6166666666666667,0.6333333333333333,0.8,0.5234578609466553,0.020956707000732423
0.3,5,0.16681,0.9,50,0.8099999999999999,0.06463573143221774,2,0.8166666666666667,0.8,0.7,0.8333333333333333,0.9,0.5339833259582519,0.021064376831054686
0.3,5,0.599484,0.1,5,0.6666666666666667,0.15092308563562362,259,0.75,0.6333333333333333,0.6,0.45,0.9,0.593858289718628,0.021060848236083986
0.3,5,0.599484,0.1,10,0.7033333333333334,0.032317865716108854,127,0.75,0.7166666666666667,0.7,0.65,0.7,0.5981617450714112,0.02120037078857422
0.3,5,0.599484,0.1,20,0.68,0.10402991022884821,214,0.8333333333333333,0.5166666666666667,0.7166666666666667,0.6333333333333333,0.7,0.6060970783233642,0.021055030822753906
0.3,5,0.599484,0.1,50,0.6766666666666665,0.12454361128179602,232,0.8333333333333333,0.6,0.5,0.65,0.8,0.6172591209411621,0.021123886108398438
0.3,5,0.599484,0.3,5,0.6199999999999999,0.10873004286866726,562,0.5666666666666667,0.7333333333333334,0.43333333333333335,0.6666666666666666,0.7,0.6126275062561035,0.020895719528198242
0.3,5,0.599484,0.3,10,0.65,0.09128709291752767,365,0.75,0.7166666666666667,0.5166666666666667,0.5666666666666667,0.7,0.6185689449310303,0.021149730682373045
0.3,5,0.599484,0.3,20,0.6966666666666667,0.09910712498212337,162,0.8333333333333333,0.6166666666666667,0.6,0.6333333333333333,0.8,0.6220238685607911,0.020932483673095702
0.3,5,0.599484,0.3,50,0.7133333333333333,0.09797958971132713,102,0.8333333333333333,0.6,0.6,0.7333333333333334,0.8,0.6348425388336182,0.021045637130737305
0.3,5,0.599484,0.5,5,0.5966666666666667,0.10349449797506682,672,0.5666666666666667,0.7166666666666667,0.43333333333333335,0.5666666666666667,0.7,0.6326128005981445,0.021076536178588866
0.3,5,0.599484,0.5,10,0.65,0.09486832980505137,365,0.65,0.7166666666666667,0.7166666666666667,0.4666666666666667,0.7,0.6379136562347412,0.021109771728515626
0.3,5,0.599484,0.5,20,0.6766666666666667,0.07717224601860152,225,0.7333333333333334,0.6166666666666667,0.6,0.6333333333333333,0.8,0.641445255279541,0.021056509017944335
0.3,5,0.599484,0.5,50,0.6933333333333334,0.08793937305515279,175,0.8333333333333333,0.6,0.6,0.7333333333333334,0.7,0.6514389514923096,0.02113814353942871
0.3,5,0.599484,0.7,5,0.6166666666666666,0.10540925533894596,595,0.5666666666666667,0.7166666666666667,0.43333333333333335,0.6666666666666666,0.7,0.6416389465332031,0.021298551559448244
0.3,5,0.599484,0.7,10,0.6366666666666667,0.11566234381931649,432,0.5666666666666667,0.6333333333333333,0.7166666666666667,0.4666666666666667,0.8,0.6363364219665527,0.021021127700805664
0.3,5,0.599484,0.7,20,0.6766666666666667,0.07717224601860152,225,0.7333333333333334,0.6166666666666667,0.6,0.6333333333333333,0.8,0.6399439334869385,0.02106642723083496
0.3,5,0.599484,0.7,50,0.7133333333333333,0.11075498483890768,102,0.7333333333333334,0.8,0.5,0.7333333333333334,0.8,0.6503132820129395,0.0210695743560791
0.3,5,0.599484,0.9,5,0.71,0.12046207333061769,115,0.65,0.7166666666666667,0.5333333333333333,0.75,0.9,0.6458462715148926,0.020840883255004883
0.3,5,0.599484,0.9,10,0.7,0.09006170724070861,150,0.8333333333333333,0.7,0.7166666666666667,0.55,0.7,0.6489160060882568,0.021024227142333984
0.3,5,0.599484,0.9,20,0.6966666666666667,0.076303487615064,162,0.7333333333333334,0.6166666666666667,0.6,0.7333333333333334,0.8,0.6553096771240234,0.02113504409790039
0.3,5,0.599484,0.9,50,0.7733333333333332,0.08793937305515279,10,0.8333333333333333,0.8,0.6,0.8333333333333333,0.8,0.6685592651367187,0.021137237548828125
0.3,5,2.15443,0.1,5,0.6466666666666667,0.07986099033807292,382,0.75,0.7333333333333334,0.6,0.55,0.6000000000000001,0.7363540172576905,0.020782852172851564
0.3,5,2.15443,0.1,10,0.6066666666666667,0.0778888096369861,633,0.5666666666666667,0.5166666666666667,0.7,0.55,0.7,0.7362789630889892,0.020919275283813477
0.3,5,2.15443,0.1,20,0.64,0.14476033833738974,422,0.8333333333333333,0.5166666666666667,0.5166666666666667,0.5333333333333333,0.8,0.7374281406402587,0.021106433868408204
0.3,5,2.15443,0.1,50,0.6533333333333333,0.11075498483890764,360,0.8333333333333333,0.6,0.5,0.6333333333333333,0.7,0.7470069885253906,0.02124943733215332
0.3,5,2.15443,0.3,5,0.65,0.09888264649460886,365,0.5666666666666667,0.7333333333333334,0.6,0.55,0.8,0.786937952041626,0.020802021026611328
0.3,5,2.15443,0.3,10,0.7066666666666667,0.10780641085864154,117,0.75,0.6333333333333333,0.6166666666666667,0.6333333333333333,0.9,0.7912246227264405,0.020862722396850587
0.3,5,2.15443,0.3,20,0.6433333333333333,0.07930251502246877,405,0.75,0.5166666666666667,0.6166666666666667,0.6333333333333333,0.7,0.7974953174591064,0.02102036476135254
0.3,5,2.15443,0.3,50,0.7166666666666666,0.09888264649460884,76,0.8333333333333333,0.6,0.6,0.75,0.8,0.8058831691741943,0.021050357818603517
0.3,5,2.15443,0.5,5,0.61,0.09043106644167025,621,0.5666666666666667,0.7333333333333334,0.5,0.55,0.7,0.8331120014190674,0.021023321151733398
0.3,5,2.15443,0.5,10,0.6833333333333333,0.0960324019392529,202,0.75,0.7166666666666667,0.6166666666666667,0.5333333333333333,0.8,0.8397095203399658,0.020917987823486327
0.3,5,2.15443,0.5,20,0.6633333333333333,0.10077477638553982,291,0.75,0.5166666666666667,0.6166666666666667,0.6333333333333333,0.8,0.8468599796295166,0.02117757797241211
0.3,5,2.15443,0.5,50,0.7133333333333333,0.10456258094238745,102,0.8333333333333333,0.6,0.6,0.8333333333333333,0.7,0.8593328475952149,0.02107529640197754
0.3,5,2.15443,0.7,5,0.5900000000000001,0.05333333333333333,676,0.5666666666666667,0.6333333333333333,0.5,0.65,0.6,0.868765115737915,0.02127552032470703
0.3,5,2.15443,0.7,10,0.7033333333333334,0.15648926125740673,127,0.5666666666666667,0.7166666666666667,0.6,0.6333333333333333,1.0,0.8755270957946777,0.02102203369140625
0.3,5,2.15443,0.7,20,0.7033333333333334,0.11274356350191841,127,0.8333333333333333,0.5333333333333333,0.6166666666666667,0.7333333333333334,0.8,0.8792033672332764,0.021027088165283203
0.3,5,2.15443,0.7,50,0.7166666666666666,0.09888264649460884,76,0.8333333333333333,0.6,0.6,0.75,0.8,0.8911117553710938,0.021114110946655273
0.3,5,2.15443,0.9,5,0.6166666666666666,0.1192569587999888,595,0.5666666666666667,0.6333333333333333,0.43333333333333335,0.65,0.8,0.9072461128234863,0.020914459228515626
0.3,5,2.15443,0.9,10,0.6866666666666668,0.06616477747093072,191,0.6666666666666666,0.7166666666666667,0.6166666666666667,0.6333333333333333,0.8,0.9123075008392334,0.02095661163330078
0.3,5,2.15443,0.9,20,0.6833333333333333,0.13333333333333333,202,0.8333333333333333,0.5333333333333333,0.5166666666666667,0.7333333333333334,0.8,0.917941665649414,0.02129073143005371
0.3,5,2.15443,0.9,50,0.6766666666666665,0.08666666666666664,232,0.8333333333333333,0.6,0.6,0.65,0.7,0.9302512168884277,0.02115521430969238
0.3,5,7.74264,0.1,5,0.5933333333333334,0.12046207333061767,674,0.75,0.45,0.6,0.4666666666666667,0.7,0.772240161895752,0.020912551879882814
0.3,5,7.74264,0.1,10,0.6300000000000001,0.09966610925150701,444,0.6666666666666666,0.5166666666666667,0.6166666666666667,0.55,0.8,0.7766829490661621,0.02126450538635254
0.3,5,7.74264,0.1,20,0.6599999999999999,0.1327487183449325,314,0.8333333333333333,0.5166666666666667,0.6166666666666667,0.5333333333333333,0.8,0.7811672210693359,0.021125602722167968
0.3,5,7.74264,0.1,50,0.7133333333333333,0.09797958971132713,102,0.8333333333333333,0.6,0.6,0.7333333333333334,0.8,0.7964083671569824,0.021214628219604494
0.3,5,7.74264,0.3,5,0.6866666666666668,0.09510228411791405,191,0.75,0.7333333333333334,0.6,0.55,0.8,0.9993581295013427,0.02107105255126953
0.3,5,7.74264,0.3,10,0.6433333333333333,0.09225568335398696,405,0.75,0.5166666666666667,0.7,0.55,0.7,0.9989378929138184,0.02121577262878418
0.3,5,7.74264,0.3,20,0.6599999999999999,0.10466878978738384,314,0.8333333333333333,0.5166666666666667,0.6166666666666667,0.6333333333333333,0.7,0.9978456497192383,0.02109246253967285
0.3,5,7.74264,0.3,50,0.6966666666666667,0.12666666666666665,162,0.8333333333333333,0.6,0.5,0.75,0.8,1.0156095981597901,0.021096324920654295
0.3,5,7.74264,0.5,5,0.65,0.09888264649460886,365,0.5666666666666667,0.7333333333333334,0.6,0.55,0.8,1.0846697330474853,0.02100515365600586
0.3,5,7.74264,0.5,10,0.63,0.15470401847829723,452,0.6666666666666666,0.6166666666666667,0.5166666666666667,0.45,0.9,1.0850409507751464,0.020976686477661134
0.3,5,7.74264,0.5,20,0.6433333333333333,0.07930251502246877,405,0.75,0.5166666666666667,0.6166666666666667,0.6333333333333333,0.7,1.0880735397338868,0.021186685562133788
0.3,5,7.74264,0.5,50,0.6733333333333333,0.09521904571390465,250,0.8333333333333333,0.6,0.6,0.7333333333333334,0.6,1.1075422286987304,0.021241474151611327
0.3,5,7.74264,0.7,5,0.6266666666666667,0.11766241729815194,456,0.55,0.7333333333333334,0.5,0.55,0.8,1.1384530544281006,0.021073579788208008
0.3,5,7.74264,0.7,10,0.6599999999999999,0.14087031072743625,314,0.8333333333333333,0.6166666666666667,0.6,0.45,0.8,1.1444015502929688,0.021137094497680663
0.3,5,7.74264,0.7,20,0.7,0.08096638534327409,150,0.8333333333333333,0.6166666666666667,0.6166666666666667,0.7333333333333334,0.7,1.1530035972595214,0.02097611427307129
0.3,5,7.74264,0.7,50,0.6766666666666666,0.09752492558885195,227,0.8333333333333333,0.6,0.6,0.75,0.6,1.1625362873077392,0.021004772186279295
0.3,5,7.74264,0.9,5,0.5900000000000001,0.12183777921664712,676,0.5666666666666667,0.6333333333333333,0.5,0.45,0.8,1.2181394577026368,0.020858573913574218
0.3,5,7.74264,0.9,10,0.6766666666666665,0.118133634311129,232,0.8333333333333333,0.6166666666666667,0.6,0.5333333333333333,0.8,1.2196127414703368,0.02104640007019043
0.3,5,7.74264,0.9,20,0.6599999999999999,0.13523641850067192,314,0.8333333333333333,0.5166666666666667,0.5166666666666667,0.6333333333333333,0.8,1.224625301361084,0.02101292610168457
0.3,5,7.74264,0.9,50,0.6566666666666666,0.09043106644167022,333,0.8333333333333333,0.6,0.6,0.65,0.6,1.2373507976531983,0.02107701301574707
0.3,5,27.8256,0.1,5,0.61,0.14817407180595243,621,0.8333333333333333,0.43333333333333335,0.6166666666666667,0.4666666666666667,0.7,0.7832964420318603,0.02078280448913574
0.3,5,27.8256,0.1,10,0.6633333333333333,0.11323525167642015,291,0.75,0.5166666666666667,0.6166666666666667,0.8333333333333333,0.6000000000000001,0.7852493286132812,0.02089409828186035
0.3,5,27.8256,0.1,20,0.6166666666666666,0.08692269873603531,595,0.7333333333333334,0.5166666666666667,0.6,0.5333333333333333,0.7,0.7907104969024659,0.020954132080078125
0.3,5,27.8256,0.1,50,0.6766666666666665,0.11623730516108462,232,0.8333333333333333,0.6,0.6,0.55,0.8,0.798851490020752,0.020867586135864258
0.3,5,27.8256,0.3,5,0.6133333333333333,0.10187137859957415,617,0.75,0.55,0.6,0.4666666666666667,0.7,0.9104077339172363,0.020905351638793944
0.3,5,27.8256,0.3,10,0.7033333333333334,0.11897712198383162,127,0.75,0.5166666666666667,0.6166666666666667,0.8333333333333333,0.8,0.9123855113983155,0.021039819717407225
0.3,5,27.8256,0.3,20,0.6433333333333333,0.1138224738597591,405,0.8333333333333333,0.5166666666666667,0.6166666666666667,0.55,0.7,0.9158152580261231,0.02114100456237793
0.3,5,27.8256,0.3,50,0.6733333333333332,0.08793937305515279,252,0.8333333333333333,0.6,0.6,0.6333333333333333,0.7,0.926741075515747,0.021457386016845704
0.3,5,27.8256,0.5,5,0.7033333333333334,0.07483314773547886,127,0.75,0.6333333333333333,0.6,0.7333333333333334,0.8,1.1573659420013427,0.021008396148681642
0.3,5,27.8256,0.5,10,0.6266666666666667,0.0778888096369861,456,0.6666666666666666,0.5166666666666667,0.7,0.55,0.7,1.1642326354980468,0.020911788940429686
0.3,5,27.8256,0.5,20,0.6066666666666667,0.09865765724632491,633,0.75,0.5166666666666667,0.5166666666666667,0.55,0.7,1.1683012008666993,0.020931577682495116
0.3,5,27.8256,0.5,50,0.6933333333333334,0.08793937305515279,175,0.8333333333333333,0.6,0.6,0.7333333333333334,0.7,1.1801649570465087,0.02105436325073242
0.3,5,27.8256,0.7,5,0.6866666666666668,0.09510228411791405,191,0.75,0.7333333333333334,0.6,0.55,0.8,1.2472545623779296,0.02099919319152832
0.3,5,27.8256,0.7,10,0.6066666666666667,0.09865765724632491,633,0.75,0.5166666666666667,0.5166666666666667,0.55,0.7,1.2460257530212402,0.021147632598876955
0.3,5,27.8256,0.7,20,0.64,0.11953614051360734,422,0.8333333333333333,0.5166666666666667,0.5166666666666667,0.6333333333333333,0.7,1.251790189743042,0.02244720458984375
0.3,5,27.8256,0.7,50,0.6566666666666666,0.1103529690483123,333,0.8333333333333333,0.6,0.5,0.65,0.7,1.2643745422363282,0.021168041229248046
0.3,5,27.8256,0.9,5,0.6666666666666667,0.12692955176439846,259,0.75,0.7333333333333334,0.6,0.45,0.8,1.3329825401306152,0.021105051040649414
0.3,5,27.8256,0.9,10,0.5900000000000001,0.11766241729815191,676,0.75,0.43333333333333335,0.5166666666666667,0.55,0.7,1.3375839233398437,0.021091747283935546
0.3,5,27.8256,0.9,20,0.6266666666666667,0.08793937305515276,456,0.75,0.5166666666666667,0.6166666666666667,0.55,0.7,1.3411584377288819,0.020972251892089844
0.3,5,27.8256,0.9,50,0.6366666666666666,0.10974718422102882,436,0.8333333333333333,0.6,0.6,0.65,0.5,1.3540379524230957,0.02111196517944336
0.3,5,100.0,0.1,5,0.5900000000000001,0.12092238098144702,676,0.7333333333333334,0.43333333333333335,0.6166666666666667,0.4666666666666667,0.7,0.8499380588531494,0.020767354965209962
0.3,5,100.0,0.1,10,0.65,0.07958224257542212,365,0.75,0.5166666666666667,0.6166666666666667,0.6666666666666666,0.7,0.8507701396942139,0.02128453254699707
0.3,5,100.0,0.1,20,0.6166666666666666,0.09428090415820632,595,0.7333333333333334,0.5166666666666667,0.5,0.6333333333333333,0.7,0.8579389095306397,0.021048259735107423
0.3,5,100.0,0.1,50,0.6766666666666665,0.11623730516108462,232,0.8333333333333333,0.6,0.6,0.55,0.8,0.8656993865966797,0.021212100982666016
0.3,5,100.0,0.3,5,0.61,0.14817407180595243,621,0.8333333333333333,0.43333333333333335,0.6166666666666667,0.4666666666666667,0.7,0.8460046291351319,0.021035194396972656
0.3,5,100.0,0.3,10,0.65,0.07958224257542212,365,0.75,0.5166666666666667,0.6166666666666667,0.6666666666666666,0.7,0.8487207412719726,0.02113656997680664
0.3,5,100.0,0.3,20,0.6366666666666667,0.07630348761506398,432,0.7333333333333334,0.5166666666666667,0.6,0.6333333333333333,0.7,0.8567131042480469,0.020872211456298827
0.3,5,100.0,0.3,50,0.6766666666666665,0.11623730516108462,232,0.8333333333333333,0.6,0.6,0.55,0.8,0.8659717082977295,0.02103147506713867
0.3,5,100.0,0.5,5,0.61,0.14817407180595243,621,0.8333333333333333,0.43333333333333335,0.6166666666666667,0.4666666666666667,0.7,0.8655765533447266,0.02085270881652832
0.3,5,100.0,0.5,10,0.7066666666666667,0.13063945294843615,117,0.75,0.5166666666666667,0.6166666666666667,0.75,0.9,0.8644069194793701,0.021015644073486328
0.3,5,100.0,0.5,20,0.6233333333333334,0.08856886837057613,507,0.75,0.5166666666666667,0.6,0.55,0.7,0.8684081554412841,0.02099466323852539
0.3,5,100.0,0.5,50,0.6766666666666665,0.11623730516108462,232,0.8333333333333333,0.6,0.6,0.55,0.8,0.8785647869110107,0.02097315788269043
0.3,5,100.0,0.7,5,0.5900000000000001,0.124543611281796,676,0.75,0.43333333333333335,0.6,0.4666666666666667,0.7,0.8926087379455566,0.020971059799194336
0.3,5,100.0,0.7,10,0.7033333333333334,0.11897712198383162,127,0.75,0.5166666666666667,0.6166666666666667,0.8333333333333333,0.8,0.8927266120910644,0.021146249771118165
0.3,5,100.0,0.7,20,0.6066666666666667,0.11135528725660042,633,0.75,0.5166666666666667,0.6166666666666667,0.45,0.7,0.8967267513275147,0.020906543731689452
0.3,5,100.0,0.7,50,0.6766666666666665,0.08666666666666664,232,0.8333333333333333,0.6,0.6,0.65,0.7,0.9092728137969971,0.021006250381469728
0.3,5,100.0,0.9,5,0.5900000000000001,0.124543611281796,676,0.75,0.43333333333333335,0.6,0.4666666666666667,0.7,0.9669697284698486,0.02096080780029297
0.3,5,100.0,0.9,10,0.7066666666666667,0.13063945294843615,117,0.75,0.5166666666666667,0.6166666666666667,0.75,0.9,0.9750660419464111,0.021299409866333007
0.3,5,100.0,0.9,20,0.6266666666666667,0.08793937305515276,456,0.75,0.5166666666666667,0.6166666666666667,0.55,0.7,0.9742328643798828,0.02107391357421875
0.3,5,100.0,0.9,50,0.6566666666666666,0.10088497300281034,333,0.8333333333333333,0.6,0.6,0.55,0.7,0.9828704833984375,0.021183490753173828
