param_clf__shrink_threshold,param_selector__C,param_selector__l1_ratio,param_selector__top_k,mean_test_score,std_test_score,rank_test_score,split0_test_score,split1_test_score,split2_test_score,split3_test_score,split4_test_score,mean_fit_time,mean_score_time
,0.001,0.1,5,0.49333333333333335,0.0793025150224688,737,0.5666666666666667,0.5666666666666667,0.35,0.48333333333333334,0.5,0.0032773494720458986,0.0013870716094970704
,0.001,0.1,10,0.5433333333333333,0.09285592184789412,640,0.5666666666666667,0.6666666666666666,0.4,0.48333333333333334,0.6000000000000001,0.003140687942504883,0.0013759136199951172
,0.001,0.1,20,0.6033333333333333,0.0635959467611297,567,0.6333333333333333,0.6666666666666666,0.6333333333333333,0.48333333333333334,0.6000000000000001,0.003204488754272461,0.0013784408569335938
,0.001,0.1,50,0.6433333333333333,0.1492946378437246,529,0.7333333333333334,0.8166666666666667,0.7166666666666667,0.55,0.4,0.0031722545623779296,0.0013781070709228515
,0.001,0.3,5,0.49333333333333335,0.0793025150224688,737,0.5666666666666667,0.5666666666666667,0.35,0.48333333333333334,0.5,0.0032167434692382812,0.001380777359008789
,0.001,0.3,10,0.5433333333333333,0.09285592184789412,640,0.5666666666666667,0.6666666666666666,0.4,0.48333333333333334,0.6000000000000001,0.003177928924560547,0.0013642311096191406
,0.001,0.3,20,0.6033333333333333,0.0635959467611297,567,0.6333333333333333,0.6666666666666666,0.6333333333333333,0.48333333333333334,0.6000000000000001,0.0031700611114501955,0.0013785362243652344
,0.001,0.3,50,0.6433333333333333,0.1492946378437246,529,0.7333333333333334,0.8166666666666667,0.7166666666666667,0.55,0.4,0.003153562545776367,0.0013782024383544923
,0.001,0.5,5,0.49333333333333335,0.0793025150224688,737,0.5666666666666667,0.5666666666666667,0.35,0.48333333333333334,0.5,0.003251981735229492,0.001376771926879883
,0.001,0.5,10,0.5433333333333333,0.09285592184789412,640,0.5666666666666667,0.6666666666666666,0.4,0.48333333333333334,0.6000000000000001,0.0031688690185546877,0.0013667106628417968
,0.001,0.5,20,0.6033333333333333,0.0635959467611297,567,0.6333333333333333,0.6666666666666666,0.6333333333333333,0.48333333333333334,0.6000000000000001,0.0031914710998535156,0.0013686656951904298
,0.001,0.5,50,0.6433333333333333,0.1492946378437246,529,0.7333333333333334,0.8166666666666667,0.7166666666666667,0.55,0.4,0.003175020217895508,0.0013760089874267577
,0.001,0.7,5,0.49333333333333335,0.0793025150224688,737,0.5666666666666667,0.5666666666666667,0.35,0.48333333333333334,0.5,0.0031912803649902345,0.0014475345611572265
,0.001,0.7,10,0.5433333333333333,0.09285592184789412,640,0.5666666666666667,0.6666666666666666,0.4,0.48333333333333334,0.6000000000000001,0.0031619548797607424,0.001356220245361328
,0.001,0.7,20,0.6033333333333333,0.0635959467611297,567,0.6333333333333333,0.6666666666666666,0.6333333333333333,0.48333333333333334,0.6000000000000001,0.003198671340942383,0.0013599872589111328
,0.001,0.7,50,0.6433333333333333,0.1492946378437246,529,0.7333333333333334,0.8166666666666667,0.7166666666666667,0.55,0.4,0.003192281723022461,0.0013710498809814454
,0.001,0.9,5,0.49333333333333335,0.0793025150224688,737,0.5666666666666667,0.5666666666666667,0.35,0.48333333333333334,0.5,0.003207826614379883,0.001360940933227539
,0.001,0.9,10,0.5433333333333333,0.09285592184789412,640,0.5666666666666667,0.6666666666666666,0.4,0.48333333333333334,0.6000000000000001,0.003153419494628906,0.0013628959655761718
,0.001,0.9,20,0.6033333333333333,0.0635959467611297,567,0.6333333333333333,0.6666666666666666,0.6333333333333333,0.48333333333333334,0.6000000000000001,0.003197002410888672,0.0013676166534423828
,0.001,0.9,50,0.6433333333333333,0.1492946378437246,529,0.7333333333333334,0.8166666666666667,0.7166666666666667,0.55,0.4,0.003196382522583008,0.0013698577880859376
,0.00359381,0.1,5,0.49333333333333335,0.0793025150224688,737,0.5666666666666667,0.5666666666666667,0.35,0.48333333333333334,0.5,0.0036439418792724608,0.0013689041137695313
,0.00359381,0.1,10,0.5433333333333333,0.09285592184789412,640,0.5666666666666667,0.6666666666666666,0.4,0.48333333333333334,0.6000000000000001,0.0035848617553710938,0.0013685226440429688
,0.00359381,0.1,20,0.6033333333333333,0.0635959467611297,567,0.6333333333333333,0.6666666666666666,0.6333333333333333,0.48333333333333334,0.6000000000000001,0.003639841079711914,0.0013797283172607422
,0.00359381,0.1,50,0.6433333333333333,0.1492946378437246,529,0.7333333333333334,0.8166666666666667,0.7166666666666667,0.55,0.4,0.0036260604858398436,0.0013568401336669922
,0.00359381,0.3,5,0.49333333333333335,0.0793025150224688,737,0.5666666666666667,0.5666666666666667,0.35,0.48333333333333334,0.5,0.0032155513763427734,0.0013570785522460938
,0.00359381,0.3,10,0.5433333333333333,0.09285592184789412,640,0.5666666666666667,0.6666666666666666,0.4,0.48333333333333334,0.6000000000000001,0.003256559371948242,0.0013593196868896484
,0.00359381,0.3,20,0.6033333333333333,0.0635959467611297,567,0.6333333333333333,0.6666666666666666,0.6333333333333333,0.48333333333333334,0.6000000000000001,0.0031493663787841796,0.0013770103454589845
,0.00359381,0.3,50,0.6433333333333333,0.1492946378437246,529,0.7333333333333334,0.8166666666666667,0.7166666666666667,0.55,0.4,0.0031798839569091796,0.001374959945678711
,0.00359381,0.5,5,0.49333333333333335,0.0793025150224688,737,0.5666666666666667,0.5666666666666667,0.35,0.48333333333333334,0.5,0.003213167190551758,0.0013612270355224609
,0.00359381,0.5,10,0.5433333333333333,0.09285592184789412,640,0.5666666666666667,0.6666666666666666,0.4,0.48333333333333334,0.6000000000000001,0.0031835079193115235,0.0013756752014160156
,0.00359381,0.5,20,0.6033333333333333,0.0635959467611297,567,0.6333333333333333,0.6666666666666666,0.6333333333333333,0.48333333333333334,0.6000000000000001,0.0031298160552978515,0.0014019489288330078
,0.00359381,0.5,50,0.6433333333333333,0.1492946378437246,529,0.7333333333333334,0.8166666666666667,0.7166666666666667,0.55,0.4,0.0032030582427978516,0.0013808250427246095
,0.00359381,0.7,5,0.49333333333333335,0.0793025150224688,737,0.5666666666666667,0.5666666666666667,0.35,0.48333333333333334,0.5,0.003219890594482422,0.0013737678527832031
,0.00359381,0.7,10,0.5433333333333333,0.09285592184789412,640,0.5666666666666667,0.6666666666666666,0.4,0.48333333333333334,0.6000000000000001,0.0031951904296875,0.0013738155364990234
,0.00359381,0.7,20,0.6033333333333333,0.0635959467611297,567,0.6333333333333333,0.6666666666666666,0.6333333333333333,0.48333333333333334,0.6000000000000001,0.0031949996948242186,0.0013750076293945312
,0.00359381,0.7,50,0.6433333333333333,0.1492946378437246,529,0.7333333333333334,0.8166666666666667,0.7166666666666667,0.55,0.4,0.0031836509704589845,0.001386260986328125
,0.00359381,0.9,5,0.49333333333333335,0.0793025150224688,737,0.5666666666666667,0.5666666666666667,0.35,0.48333333333333334,0.5,0.0032108306884765627,0.0013737678527832031
,0.00359381,0.9,10,0.5433333333333333,0.09285592184789412,640,0.5666666666666667,0.6666666666666666,0.4,0.48333333333333334,0.6000000000000001,0.003174114227294922,0.0013798236846923827
,0.00359381,0.9,20,0.6033333333333333,0.0635959467611297,567,0.6333333333333333,0.6666666666666666,0.6333333333333333,0.48333333333333334,0.6000000000000001,0.003170347213745117,0.0013719558715820312
,0.00359381,0.9,50,0.6433333333333333,0.1492946378437246,529,0.7333333333333334,0.8166666666666667,0.7166666666666667,0.55,0.4,0.0031780719757080076,0.0014382362365722655
,0.0129155,0.1,5,0.7266666666666667,0.12183777921664707,456,0.8333333333333333,0.8333333333333333,0.7333333333333334,0.7333333333333334,0.5,0.012038993835449218,0.0013957500457763671
,0.0129155,0.1,10,0.7666666666666667,0.18737959096740267,259,0.9166666666666667,0.9166666666666667,0.9166666666666667,0.48333333333333334,0.6,0.012193775177001953,0.0013846874237060547
,0.0129155,0.1,20,0.7566666666666666,0.11575836902790228,362,0.8166666666666667,0.9166666666666667,0.8,0.65,0.6,0.01205286979675293,0.0013901710510253907
,0.0129155,0.1,50,0.7566666666666667,0.1293573860795484,346,0.9,0.9166666666666667,0.7166666666666667,0.65,0.6,0.012042999267578125,0.001398611068725586
,0.0129155,0.3,5,0.49333333333333335,0.0793025150224688,737,0.5666666666666667,0.5666666666666667,0.35,0.48333333333333334,0.5,0.003615665435791016,0.001449251174926758
,0.0129155,0.3,10,0.5433333333333333,0.09285592184789412,640,0.5666666666666667,0.6666666666666666,0.4,0.48333333333333334,0.6000000000000001,0.0036321163177490236,0.001366424560546875
,0.0129155,0.3,20,0.6033333333333333,0.0635959467611297,567,0.6333333333333333,0.6666666666666666,0.6333333333333333,0.48333333333333334,0.6000000000000001,0.0036171913146972657,0.001381826400756836
,0.0129155,0.3,50,0.6433333333333333,0.1492946378437246,529,0.7333333333333334,0.8166666666666667,0.7166666666666667,0.55,0.4,0.003621530532836914,0.0013682842254638672
,0.0129155,0.5,5,0.49333333333333335,0.0793025150224688,737,0.5666666666666667,0.5666666666666667,0.35,0.48333333333333334,0.5,0.0032392024993896486,0.0013734817504882813
,0.0129155,0.5,10,0.5433333333333333,0.09285592184789412,640,0.5666666666666667,0.6666666666666666,0.4,0.48333333333333334,0.6000000000000001,0.0031912803649902345,0.001373147964477539
,0.0129155,0.5,20,0.6033333333333333,0.0635959467611297,567,0.6333333333333333,0.6666666666666666,0.6333333333333333,0.48333333333333334,0.6000000000000001,0.0031471729278564455,0.0013826847076416015
,0.0129155,0.5,50,0.6433333333333333,0.1492946378437246,529,0.7333333333333334,0.8166666666666667,0.7166666666666667,0.55,0.4,0.0031946182250976564,0.001374530792236328
,0.0129155,0.7,5,0.49333333333333335,0.0793025150224688,737,0.5666666666666667,0.5666666666666667,0.35,0.48333333333333334,0.5,0.0032326698303222655,0.0013859272003173828
,0.0129155,0.7,10,0.5433333333333333,0.09285592184789412,640,0.5666666666666667,0.6666666666666666,0.4,0.48333333333333334,0.6000000000000001,0.0031986236572265625,0.0013681411743164062
,0.0129155,0.7,20,0.6033333333333333,0.0635959467611297,567,0.6333333333333333,0.6666666666666666,0.6333333333333333,0.48333333333333334,0.6000000000000001,0.003197193145751953,0.0013734817504882813
,0.0129155,0.7,50,0.6433333333333333,0.1492946378437246,529,0.7333333333333334,0.8166666666666667,0.7166666666666667,0.55,0.4,0.0031850337982177734,0.001367044448852539
,0.0129155,0.9,5,0.49333333333333335,0.0793025150224688,737,0.5666666666666667,0.5666666666666667,0.35,0.48333333333333334,0.5,0.0032442569732666015,0.0013824939727783204
,0.0129155,0.9,10,0.5433333333333333,0.09285592184789412,640,0.5666666666666667,0.6666666666666666,0.4,0.48333333333333334,0.6000000000000001,0.0031767845153808593,0.0013762474060058593
,0.0129155,0.9,20,0.6033333333333333,0.0635959467611297,567,0.6333333333333333,0.6666666666666666,0.6333333333333333,0.48333333333333334,0.6000000000000001,0.0031542301177978514,0.0013730525970458984
,0.0129155,0.9,50,0.6433333333333333,0.1492946378437246,529,0.7333333333333334,0.8166666666666667,0.7166666666666667,0.55,0.4,0.0031812191009521484,0.001372051239013672
,0.0464159,0.1,5,0.7466666666666667,0.13474255287605158,387,0.6333333333333333,0.8333333333333333,0.9166666666666667,0.55,0.8,0.022220802307128907,0.0014355182647705078
,0.0464159,0.1,10,0.8233333333333335,0.07930251502246882,20,0.75,0.9166666666666667,0.9166666666666667,0.7333333333333334,0.8,0.022293663024902342,0.0014278411865234375
,0.0464159,0.1,20,0.8166666666666668,0.09006170724070867,43,0.9166666666666667,0.9166666666666667,0.8166666666666667,0.7333333333333334,0.7,0.0222684383392334,0.0014535903930664063
,0.0464159,0.1,50,0.7733333333333333,0.1046687897873839,245,0.8166666666666667,0.9166666666666667,0.8,0.7333333333333334,0.6,0.022280025482177734,0.001439046859741211
,0.0464159,0.3,5,0.6833333333333333,0.13123346456686352,502,0.7333333333333334,0.9166666666666667,0.6166666666666667,0.55,0.6000000000000001,0.02472844123840332,0.0014610767364501953
,0.0464159,0.3,10,0.7966666666666667,0.1777638883463118,121,0.9166666666666667,1.0,0.9,0.5666666666666667,0.6,0.024704360961914064,0.0014491558074951171
,0.0464159,0.3,20,0.7766666666666666,0.09345230512584127,242,0.8166666666666667,0.9166666666666667,0.8,0.65,0.7,0.024654054641723634,0.001462411880493164
,0.0464159,0.3,50,0.7566666666666667,0.1293573860795484,346,0.9,0.9166666666666667,0.7166666666666667,0.65,0.6,0.024839353561401368,0.0014603614807128906
,0.0464159,0.5,5,0.6166666666666666,0.04944132324730441,547,0.5666666666666667,0.5666666666666667,0.6166666666666667,0.6333333333333333,0.7,0.017197370529174805,0.0014722347259521484
,0.0464159,0.5,10,0.5666666666666667,0.05477225575051659,636,0.5666666666666667,0.6666666666666666,0.55,0.55,0.5,0.01728219985961914,0.0014272212982177734
,0.0464159,0.5,20,0.5966666666666666,0.0669991708074726,583,0.6333333333333333,0.6666666666666666,0.5333333333333333,0.65,0.5,0.01736736297607422,0.0014374732971191406
,0.0464159,0.5,50,0.6266666666666667,0.14243907079481,545,0.7333333333333334,0.8166666666666667,0.43333333333333335,0.65,0.5,0.017353534698486328,0.0014240741729736328
,0.0464159,0.7,5,0.49333333333333335,0.0793025150224688,737,0.5666666666666667,0.5666666666666667,0.35,0.48333333333333334,0.5,0.0041504383087158205,0.0014544486999511718
,0.0464159,0.7,10,0.5433333333333333,0.09285592184789412,640,0.5666666666666667,0.6666666666666666,0.4,0.48333333333333334,0.6000000000000001,0.004161739349365234,0.0013787269592285157
,0.0464159,0.7,20,0.6033333333333333,0.0635959467611297,567,0.6333333333333333,0.6666666666666666,0.6333333333333333,0.48333333333333334,0.6000000000000001,0.004111337661743164,0.0013638019561767578
,0.0464159,0.7,50,0.6433333333333333,0.1492946378437246,529,0.7333333333333334,0.8166666666666667,0.7166666666666667,0.55,0.4,0.004149293899536133,0.001367664337158203
,0.0464159,0.9,5,0.49333333333333335,0.0793025150224688,737,0.5666666666666667,0.5666666666666667,0.35,0.48333333333333334,0.5,0.003642368316650391,0.0013582706451416016
,0.0464159,0.9,10,0.5433333333333333,0.09285592184789412,640,0.5666666666666667,0.6666666666666666,0.4,0.48333333333333334,0.6000000000000001,0.0036936283111572267,0.0013753414154052735
,0.0464159,0.9,20,0.6033333333333333,0.0635959467611297,567,0.6333333333333333,0.6666666666666666,0.6333333333333333,0.48333333333333334,0.6000000000000001,0.0036733150482177734,0.001369619369506836
,0.0464159,0.9,50,0.6433333333333333,0.1492946378437246,529,0.7333333333333334,0.8166666666666667,0.7166666666666667,0.55,0.4,0.0037524223327636717,0.0013849735260009766
,0.16681,0.1,5,0.74,0.08730533902472531,423,0.6333333333333333,0.7333333333333334,0.7166666666666667,0.7166666666666667,0.9,0.05207328796386719,0.001517915725708008
,0.16681,0.1,10,0.8233333333333335,0.059254629448770586,20,0.8333333333333333,0.8333333333333333,0.8333333333333333,0.7166666666666667,0.9,0.05240178108215332,0.001558399200439453
,0.16681,0.1,20,0.8,0.09603240193925291,87,0.9166666666666667,0.9166666666666667,0.7333333333333334,0.7333333333333334,0.7,0.0522651195526123,0.001552724838256836
,0.16681,0.1,50,0.7933333333333333,0.07498147919467997,147,0.8166666666666667,0.9166666666666667,0.8,0.7333333333333334,0.7,0.05227336883544922,0.0015317440032958985
,0.16681,0.3,5,0.7633333333333333,0.11274356350191844,292,0.6333333333333333,0.8333333333333333,0.9166666666666667,0.6333333333333333,0.8,0.059422540664672854,0.0015215873718261719
,0.16681,0.3,10,0.7833333333333334,0.04216370213557835,181,0.7333333333333334,0.8333333333333333,0.8166666666666667,0.7333333333333334,0.8,0.059406709671020505,0.0015678882598876953
,0.16681,0.3,20,0.8333333333333334,0.09603240193925291,12,0.9166666666666667,0.9166666666666667,0.9,0.7333333333333334,0.7,0.0593686580657959,0.0015552043914794922
,0.16681,0.3,50,0.79,0.1466666666666667,154,1.0,0.9166666666666667,0.7,0.7333333333333334,0.6,0.05934352874755859,0.0015459537506103515
,0.16681,0.5,5,0.7466666666666667,0.12445436468396312,387,0.7333333333333334,0.8333333333333333,0.9166666666666667,0.55,0.7,0.0687260627746582,0.0016493797302246094
,0.16681,0.5,10,0.74,0.09809292646374776,423,0.7333333333333334,0.9166666666666667,0.6166666666666667,0.7333333333333334,0.7,0.0682096004486084,0.0015101909637451171
,0.16681,0.5,20,0.8333333333333334,0.09603240193925291,12,0.9166666666666667,0.9166666666666667,0.9,0.7333333333333334,0.7,0.06804285049438477,0.0014072418212890624
,0.16681,0.5,50,0.7933333333333333,0.14476033833738977,147,1.0,0.9166666666666667,0.7166666666666667,0.7333333333333334,0.6,0.06792774200439453,0.0014142990112304688
,0.16681,0.7,5,0.6866666666666666,0.10077477638553982,500,0.7333333333333334,0.8333333333333333,0.7166666666666667,0.55,0.6,0.07397432327270508,0.001390695571899414
,0.16681,0.7,10,0.7433333333333334,0.11382247385975916,408,0.8333333333333333,0.9166666666666667,0.6166666666666667,0.65,0.7,0.0738790512084961,0.0013915061950683593
,0.16681,0.7,20,0.7966666666666666,0.14118545723031584,127,0.9166666666666667,0.9166666666666667,0.9,0.65,0.6,0.07403478622436524,0.0013988494873046875
,0.16681,0.7,50,0.7133333333333334,0.14197026292697904,479,0.9,0.8166666666666667,0.6166666666666667,0.7333333333333334,0.5,0.07391247749328614,0.0014068126678466798
,0.16681,0.9,5,0.7066666666666668,0.1057250101810247,482,0.7333333333333334,0.8166666666666667,0.8166666666666667,0.5666666666666667,0.6,0.08747949600219726,0.0013944625854492188
,0.16681,0.9,10,0.76,0.10780641085864154,312,0.8333333333333333,0.9166666666666667,0.7166666666666667,0.7333333333333334,0.6,0.08750510215759277,0.001388406753540039
,0.16681,0.9,20,0.7966666666666666,0.13638181696985857,127,0.9166666666666667,1.0,0.7166666666666667,0.65,0.7,0.08753175735473633,0.0013932228088378907
,0.16681,0.9,50,0.7466666666666667,0.14847371634213394,387,0.9,0.9,0.7,0.7333333333333334,0.5,0.08759064674377441,0.0014095783233642578
,0.599484,0.1,5,0.7233333333333334,0.09752492558885198,463,0.6333333333333333,0.7333333333333334,0.7166666666666667,0.6333333333333333,0.9,0.11905770301818848,0.0014129638671875
,0.599484,0.1,10,0.8233333333333335,0.11382247385975916,20,0.75,0.7333333333333334,0.9166666666666667,0.7166666666666667,1.0,0.11946840286254883,0.001431417465209961
,0.599484,0.1,20,0.8166666666666668,0.09006170724070867,43,0.9166666666666667,0.9166666666666667,0.7333333333333334,0.8166666666666667,0.7,0.11960401535034179,0.001563882827758789
,0.599484,0.1,50,0.7766666666666667,0.12319812408384222,224,0.9166666666666667,0.9166666666666667,0.7166666666666667,0.7333333333333334,0.6,0.11988887786865235,0.001638174057006836
,0.599484,0.3,5,0.7233333333333334,0.09752492558885198,463,0.6333333333333333,0.7333333333333334,0.7166666666666667,0.6333333333333333,0.9,0.13930706977844237,0.001544046401977539
,0.599484,0.3,10,0.8233333333333333,0.013333333333333287,31,0.8333333333333333,0.8333333333333333,0.8333333333333333,0.8166666666666667,0.8,0.14000043869018555,0.0015682220458984376
,0.599484,0.3,20,0.78,0.12174654911833119,194,0.9166666666666667,0.9166666666666667,0.7333333333333334,0.7333333333333334,0.6,0.13820815086364746,0.0016375541687011718
,0.599484,0.3,50,0.78,0.13391539617733783,194,0.9166666666666667,0.9166666666666667,0.8,0.5666666666666667,0.7,0.13847689628601073,0.0016010761260986327
,0.599484,0.5,5,0.7666666666666666,0.1115546702045434,271,0.6333333333333333,0.8333333333333333,0.8333333333333333,0.6333333333333333,0.9,0.155006742477417,0.001569080352783203
,0.599484,0.5,10,0.8066666666666666,0.038873012632301945,62,0.8333333333333333,0.8333333333333333,0.8333333333333333,0.7333333333333334,0.8,0.15509276390075682,0.001573944091796875
,0.599484,0.5,20,0.8,0.0767390962214756,87,0.8333333333333333,0.9166666666666667,0.8166666666666667,0.7333333333333334,0.7,0.15487356185913087,0.0015837669372558594
,0.599484,0.5,50,0.76,0.15077577170531528,312,0.9166666666666667,0.9166666666666667,0.8,0.5666666666666667,0.6,0.15493474006652833,0.0015751838684082032
,0.599484,0.7,5,0.7633333333333333,0.11274356350191844,292,0.6333333333333333,0.8333333333333333,0.9166666666666667,0.6333333333333333,0.8,0.1767408847808838,0.001585102081298828
,0.599484,0.7,10,0.7866666666666667,0.07774602526460399,156,0.8333333333333333,0.8333333333333333,0.8333333333333333,0.6333333333333333,0.8,0.1763003349304199,0.0015714168548583984
,0.599484,0.7,20,0.8166666666666667,0.08692269873603534,51,0.8333333333333333,0.9166666666666667,0.9,0.7333333333333334,0.7,0.17588434219360352,0.0015813827514648438
,0.599484,0.7,50,0.7933333333333333,0.1522424966222565,147,1.0,0.9166666666666667,0.8,0.65,0.6,0.17584238052368165,0.0015667915344238282
,0.599484,0.9,5,0.7633333333333333,0.10022197585581942,292,0.7333333333333334,0.8333333333333333,0.9166666666666667,0.6333333333333333,0.7,0.2126923084259033,0.0015717506408691405
,0.599484,0.9,10,0.7666666666666666,0.05577733510227167,271,0.7333333333333334,0.8333333333333333,0.8333333333333333,0.7333333333333334,0.7,0.2135146141052246,0.001565408706665039
,0.599484,0.9,20,0.7833333333333334,0.13249737942901196,181,0.8333333333333333,0.9166666666666667,0.9,0.5666666666666667,0.7,0.21423330307006835,0.0015923500061035157
,0.599484,0.9,50,0.7533333333333333,0.13055437351710764,375,0.9,0.9166666666666667,0.7,0.65,0.6,0.214377498626709,0.0015902996063232421
,2.15443,0.1,5,0.7433333333333333,0.10728984626287388,419,0.6333333333333333,0.8333333333333333,0.7166666666666667,0.6333333333333333,0.9,0.21991758346557616,0.0015782833099365235
,2.15443,0.1,10,0.82,0.13224556283251584,38,0.8333333333333333,0.9166666666666667,0.6333333333333333,0.7166666666666667,1.0,0.21993017196655273,0.00157470703125
,2.15443,0.1,20,0.76,0.14243907079481,312,0.7333333333333334,0.8333333333333333,0.9166666666666667,0.8166666666666667,0.5,0.21983509063720702,0.0015689373016357423
,2.15443,0.1,50,0.7766666666666667,0.12319812408384222,224,0.9166666666666667,0.9166666666666667,0.7166666666666667,0.7333333333333334,0.6,0.22016549110412598,0.001575326919555664
,2.15443,0.3,5,0.74,0.08730533902472531,423,0.6333333333333333,0.7333333333333334,0.7166666666666667,0.7166666666666667,0.9,0.2873099327087402,0.0015789985656738282
,2.15443,0.3,10,0.7633333333333334,0.09030811456096044,285,0.65,0.8333333333333333,0.7166666666666667,0.7166666666666667,0.9,0.28734917640686036,0.001672077178955078
,2.15443,0.3,20,0.7833333333333334,0.05577733510227168,181,0.8333333333333333,0.8333333333333333,0.8166666666666667,0.7333333333333334,0.7,0.2884303092956543,0.0015912055969238281
,2.15443,0.3,50,0.76,0.1331665623695879,312,0.9166666666666667,0.9166666666666667,0.7166666666666667,0.65,0.6,0.2865780830383301,0.0015715599060058595
,2.15443,0.5,5,0.7566666666666666,0.092255683353987,362,0.6333333333333333,0.8166666666666667,0.7166666666666667,0.7166666666666667,0.9,0.3206157684326172,0.0016338348388671875
,2.15443,0.5,10,0.7633333333333333,0.0694422221866655,292,0.65,0.8333333333333333,0.8166666666666667,0.7166666666666667,0.8,0.32079319953918456,0.0015882015228271484
,2.15443,0.5,20,0.76,0.10780641085864154,312,0.8333333333333333,0.9166666666666667,0.7166666666666667,0.7333333333333334,0.6,0.3203904151916504,0.0015795707702636718
,2.15443,0.5,50,0.78,0.13391539617733783,194,0.9166666666666667,0.9166666666666667,0.8,0.5666666666666667,0.7,0.3204338550567627,0.0015875816345214844
,2.15443,0.7,5,0.76,0.0946337971105226,312,0.6333333333333333,0.8333333333333333,0.7166666666666667,0.7166666666666667,0.9,0.37072224617004396,0.0015696048736572265
,2.15443,0.7,10,0.8233333333333333,0.1008849730028104,31,0.9166666666666667,0.8333333333333333,0.8333333333333333,0.6333333333333333,0.9,0.3733767032623291,0.0015666961669921875
,2.15443,0.7,20,0.8,0.0767390962214756,87,0.8333333333333333,0.9166666666666667,0.8166666666666667,0.7333333333333334,0.7,0.3701561450958252,0.0015282630920410156
,2.15443,0.7,50,0.7566666666666666,0.11575836902790228,362,0.8166666666666667,0.9166666666666667,0.8,0.65,0.6,0.37056469917297363,0.001532125473022461
,2.15443,0.9,5,0.75,0.10645812948447542,378,0.6333333333333333,0.8333333333333333,0.75,0.6333333333333333,0.9,0.4192503929138184,0.001664113998413086
,2.15443,0.9,10,0.8233333333333333,0.1008849730028104,31,0.9166666666666667,0.8333333333333333,0.8333333333333333,0.6333333333333333,0.9,0.4163907527923584,0.0015445709228515624
,2.15443,0.9,20,0.7633333333333333,0.05811865258054228,292,0.8333333333333333,0.8333333333333333,0.7166666666666667,0.7333333333333334,0.7,0.41427183151245117,0.0015444278717041016
,2.15443,0.9,50,0.7566666666666666,0.11575836902790228,362,0.8166666666666667,0.9166666666666667,0.8,0.65,0.6,0.41510910987854005,0.0015413284301757813
,7.74264,0.1,5,0.6733333333333335,0.08339997335464537,506,0.55,0.6666666666666666,0.7166666666666667,0.6333333333333333,0.8,0.27854351997375487,0.001511859893798828
,7.74264,0.1,10,0.8233333333333335,0.13274871834493251,20,0.75,0.9166666666666667,0.8333333333333333,0.6166666666666667,1.0,0.2765178203582764,0.0015826702117919921
,7.74264,0.1,20,0.7866666666666667,0.053124591501697405,156,0.75,0.8333333333333333,0.8333333333333333,0.8166666666666667,0.7,0.2767956256866455,0.0015811920166015625
,7.74264,0.1,50,0.8,0.09603240193925291,87,0.9166666666666667,0.9166666666666667,0.7333333333333334,0.7333333333333334,0.7,0.27709550857543946,0.001600790023803711
,7.74264,0.3,5,0.7466666666666667,0.08589399151150084,387,0.6333333333333333,0.7333333333333334,0.7333333333333334,0.7333333333333334,0.9,0.44578328132629397,0.0015815258026123046
,7.74264,0.3,10,0.76,0.07498147919467994,312,0.8166666666666667,0.8333333333333333,0.6333333333333333,0.7166666666666667,0.8,0.4436084747314453,0.0016232013702392578
,7.74264,0.3,20,0.8366666666666667,0.07986099033807298,5,0.9166666666666667,0.8333333333333333,0.9166666666666667,0.8166666666666667,0.7,0.4448579788208008,0.001596689224243164
,7.74264,0.3,50,0.74,0.14514360704718166,423,0.9166666666666667,0.9166666666666667,0.6166666666666667,0.65,0.6,0.4439869403839111,0.001589822769165039
,7.74264,0.5,5,0.74,0.08730533902472531,423,0.6333333333333333,0.7333333333333334,0.7166666666666667,0.7166666666666667,0.9,0.5196000099182129,0.001611185073852539
,7.74264,0.5,10,0.7766666666666667,0.050110987927909675,224,0.8166666666666667,0.8333333333333333,0.7166666666666667,0.7166666666666667,0.8,0.5195825099945068,0.0015875339508056641
,7.74264,0.5,20,0.8166666666666667,0.0691214711777591,51,0.8333333333333333,0.9166666666666667,0.8166666666666667,0.8166666666666667,0.7,0.5207982540130616,0.0015863895416259766
,7.74264,0.5,50,0.7433333333333334,0.15003703246569203,408,0.9166666666666667,0.9166666666666667,0.7166666666666667,0.5666666666666667,0.6,0.5200536727905274,0.001594686508178711
,7.74264,0.7,5,0.74,0.08730533902472531,423,0.6333333333333333,0.7333333333333334,0.7166666666666667,0.7166666666666667,0.9,0.5783088684082032,0.0015929698944091796
,7.74264,0.7,10,0.7966666666666666,0.07102425250887505,127,0.8166666666666667,0.8333333333333333,0.7166666666666667,0.7166666666666667,0.9,0.5788015365600586,0.001596975326538086
,7.74264,0.7,20,0.7233333333333334,0.10780641085864155,463,0.65,0.9166666666666667,0.7166666666666667,0.7333333333333334,0.6,0.579373836517334,0.0015987873077392579
,7.74264,0.7,50,0.76,0.11860297916438134,312,0.8166666666666667,0.9166666666666667,0.8,0.5666666666666667,0.7,0.5785246849060058,0.0015964031219482422
,7.74264,0.9,5,0.76,0.0946337971105226,312,0.6333333333333333,0.8333333333333333,0.7166666666666667,0.7166666666666667,0.9,0.6128890991210938,0.0015822410583496093
,7.74264,0.9,10,0.7666666666666667,0.08881941729649484,259,0.65,0.8333333333333333,0.7166666666666667,0.7333333333333334,0.9,0.6154908657073974,0.0016505718231201172
,7.74264,0.9,20,0.78,0.10718623460542352,194,0.8333333333333333,0.9166666666666667,0.8166666666666667,0.7333333333333334,0.6,0.6182501792907715,0.0015795230865478516
,7.74264,0.9,50,0.74,0.13441230102437304,423,0.8166666666666667,0.9166666666666667,0.8,0.5666666666666667,0.6,0.6181422233581543,0.0015492439270019531
,27.8256,0.1,5,0.6733333333333335,0.08339997335464537,506,0.55,0.6666666666666666,0.7166666666666667,0.6333333333333333,0.8,0.30819134712219237,0.0015713691711425782
,27.8256,0.1,10,0.7733333333333333,0.13441230102437302,245,0.65,0.75,0.8333333333333333,0.6333333333333333,1.0,0.3081839561462402,0.0015814781188964843
,27.8256,0.1,20,0.8033333333333333,0.05206833117271102,64,0.8333333333333333,0.8333333333333333,0.8333333333333333,0.8166666666666667,0.7,0.3067193508148193,0.0017096519470214844
,27.8256,0.1,50,0.8,0.09603240193925291,87,0.9166666666666667,0.9166666666666667,0.7333333333333334,0.7333333333333334,0.7,0.30541701316833497,0.0015983104705810547
,27.8256,0.3,5,0.6733333333333335,0.08339997335464537,506,0.55,0.6666666666666666,0.7166666666666667,0.6333333333333333,0.8,0.4098968029022217,0.0015993118286132812
,27.8256,0.3,10,0.8,0.15238839267549947,87,0.8333333333333333,0.9166666666666667,0.6333333333333333,0.6166666666666667,1.0,0.4099776268005371,0.001584482192993164
,27.8256,0.3,20,0.7866666666666667,0.053124591501697405,156,0.75,0.8333333333333333,0.8333333333333333,0.8166666666666667,0.7,0.41002469062805175,0.001599264144897461
,27.8256,0.3,50,0.8,0.09603240193925291,87,0.9166666666666667,0.9166666666666667,0.7333333333333334,0.7333333333333334,0.7,0.4095450878143311,0.001600790023803711
,27.8256,0.5,5,0.6900000000000001,0.08856886837057615,496,0.55,0.75,0.7166666666666667,0.6333333333333333,0.8,0.5472111225128173,0.0015789031982421874
,27.8256,0.5,10,0.7466666666666667,0.13432961119739922,387,0.7333333333333334,0.7333333333333334,0.6333333333333333,0.6333333333333333,1.0,0.547646427154541,0.0015966415405273438
,27.8256,0.5,20,0.8,0.07673909622147561,87,0.7333333333333334,0.8333333333333333,0.9166666666666667,0.8166666666666667,0.7,0.5473878383636475,0.0015964508056640625
,27.8256,0.5,50,0.7566666666666667,0.1384838538522733,346,0.9166666666666667,0.9166666666666667,0.6166666666666667,0.7333333333333334,0.6,0.5489628791809082,0.0015839576721191407
,27.8256,0.7,5,0.7233333333333334,0.12978614889287857,463,0.6333333333333333,0.7333333333333334,0.8166666666666667,0.5333333333333333,0.9,0.6365723133087158,0.0015950202941894531
,27.8256,0.7,10,0.76,0.07498147919467994,312,0.8166666666666667,0.8333333333333333,0.6333333333333333,0.7166666666666667,0.8,0.6393580913543702,0.0015835285186767579
,27.8256,0.7,20,0.7999999999999999,0.105934990547138,119,0.8333333333333333,0.8333333333333333,0.9166666666666667,0.8166666666666667,0.6000000000000001,0.639421796798706,0.001582956314086914
,27.8256,0.7,50,0.7233333333333334,0.13106402167558337,463,0.8166666666666667,0.9166666666666667,0.7166666666666667,0.5666666666666667,0.6,0.6377899646759033,0.0015688419342041015
,27.8256,0.9,5,0.7066666666666667,0.12183777921664712,484,0.6333333333333333,0.7333333333333334,0.7333333333333334,0.5333333333333333,0.9,0.6905945301055908,0.001589202880859375
,27.8256,0.9,10,0.76,0.07498147919467994,312,0.8166666666666667,0.8333333333333333,0.6333333333333333,0.7166666666666667,0.8,0.6851940631866456,0.0015454769134521484
,27.8256,0.9,20,0.82,0.06944222218666556,38,0.8333333333333333,0.8333333333333333,0.9166666666666667,0.8166666666666667,0.7,0.6834461688995361,0.0015709877014160156
,27.8256,0.9,50,0.7433333333333334,0.15003703246569203,408,0.9166666666666667,0.9166666666666667,0.7166666666666667,0.5666666666666667,0.6,0.6860582828521729,0.001569843292236328
,100.0,0.1,5,0.6733333333333335,0.08339997335464537,506,0.55,0.6666666666666666,0.7166666666666667,0.6333333333333333,0.8,0.3586415767669678,0.0015657424926757812
,100.0,0.1,10,0.77,0.13308309851784753,253,0.65,0.75,0.8166666666666667,0.6333333333333333,1.0,0.3578819751739502,0.001588916778564453
,100.0,0.1,20,0.8033333333333333,0.05206833117271102,64,0.8333333333333333,0.8333333333333333,0.8333333333333333,0.8166666666666667,0.7,0.3590853214263916,0.0015785694122314453
,100.0,0.1,50,0.78,0.11614167593456234,194,0.9166666666666667,0.9166666666666667,0.6333333333333333,0.7333333333333334,0.7,0.3596454620361328,0.0015891075134277343
,100.0,0.3,5,0.6733333333333335,0.08339997335464537,506,0.55,0.6666666666666666,0.7166666666666667,0.6333333333333333,0.8,0.3699939727783203,0.0015870094299316405
,100.0,0.3,10,0.77,0.13308309851784753,253,0.65,0.75,0.8166666666666667,0.6333333333333333,1.0,0.37076945304870607,0.0015839576721191407
,100.0,0.3,20,0.8033333333333333,0.05206833117271102,64,0.8333333333333333,0.8333333333333333,0.8333333333333333,0.8166666666666667,0.7,0.3699073314666748,0.0016387462615966796
,100.0,0.3,50,0.8,0.09603240193925291,87,0.9166666666666667,0.9166666666666667,0.7333333333333334,0.7333333333333334,0.7,0.3704845428466797,0.0015700340270996093
,100.0,0.5,5,0.6733333333333335,0.08339997335464537,506,0.55,0.6666666666666666,0.7166666666666667,0.6333333333333333,0.8,0.3942412853240967,0.0015933513641357422
,100.0,0.5,10,0.71,0.08793937305515279,481,0.65,0.8333333333333333,0.6333333333333333,0.6333333333333333,0.8,0.3940526008605957,0.0015938758850097656
,100.0,0.5,20,0.8033333333333333,0.05206833117271102,64,0.8333333333333333,0.8333333333333333,0.8333333333333333,0.8166666666666667,0.7,0.39513187408447265,0.00159912109375
,100.0,0.5,50,0.8,0.09603240193925291,87,0.9166666666666667,0.9166666666666667,0.7333333333333334,0.7333333333333334,0.7,0.3943317413330078,0.0015895843505859375
,100.0,0.7,5,0.6733333333333335,0.08339997335464537,506,0.55,0.6666666666666666,0.7166666666666667,0.6333333333333333,0.8,0.4292931079864502,0.0015882492065429688
,100.0,0.7,10,0.75,0.1460593486680443,378,0.65,0.8333333333333333,0.6333333333333333,0.6333333333333333,1.0,0.42914657592773436,0.0015831947326660155
,100.0,0.7,20,0.8033333333333333,0.07408703590297626,64,0.75,0.8333333333333333,0.9166666666666667,0.8166666666666667,0.7,0.4313064098358154,0.001605081558227539
,100.0,0.7,50,0.8,0.09603240193925291,87,0.9166666666666667,0.9166666666666667,0.7333333333333334,0.7333333333333334,0.7,0.428881311416626,0.0015653133392333984
,100.0,0.9,5,0.6733333333333335,0.08339997335464537,506,0.55,0.6666666666666666,0.7166666666666667,0.6333333333333333,0.8,0.47740659713745115,0.0015724658966064452
,100.0,0.9,10,0.8,0.15238839267549947,87,0.8333333333333333,0.9166666666666667,0.6333333333333333,0.6166666666666667,1.0,0.47718091011047364,0.0015473365783691406
,100.0,0.9,20,0.7866666666666667,0.053124591501697405,156,0.75,0.8333333333333333,0.8333333333333333,0.8166666666666667,0.7,0.4821197032928467,0.001553487777709961
,100.0,0.9,50,0.8,0.09603240193925291,87,0.9166666666666667,0.9166666666666667,0.7333333333333334,0.7333333333333334,0.7,0.4839144229888916,0.0015493869781494141
0.1,0.001,0.1,5,0.49333333333333335,0.0793025150224688,737,0.5666666666666667,0.5666666666666667,0.35,0.48333333333333334,0.5,0.0032521724700927735,0.001381683349609375
0.1,0.001,0.1,10,0.5433333333333333,0.09285592184789412,640,0.5666666666666667,0.6666666666666666,0.4,0.48333333333333334,0.6000000000000001,0.003175640106201172,0.001373291015625
0.1,0.001,0.1,20,0.5866666666666667,0.0644635986860457,602,0.6333333333333333,0.6666666666666666,0.55,0.48333333333333334,0.6000000000000001,0.0032235145568847655,0.0013716697692871093
0.1,0.001,0.1,50,0.6066666666666667,0.12,551,0.65,0.7166666666666667,0.7166666666666667,0.55,0.4,0.003232383728027344,0.0013811111450195313
0.1,0.001,0.3,5,0.49333333333333335,0.0793025150224688,737,0.5666666666666667,0.5666666666666667,0.35,0.48333333333333334,0.5,0.0031883716583251953,0.0013886451721191405
0.1,0.001,0.3,10,0.5433333333333333,0.09285592184789412,640,0.5666666666666667,0.6666666666666666,0.4,0.48333333333333334,0.6000000000000001,0.00317530632019043,0.0013780593872070312
0.1,0.001,0.3,20,0.5866666666666667,0.0644635986860457,602,0.6333333333333333,0.6666666666666666,0.55,0.48333333333333334,0.6000000000000001,0.003230857849121094,0.0013779163360595702
0.1,0.001,0.3,50,0.6066666666666667,0.12,551,0.65,0.7166666666666667,0.7166666666666667,0.55,0.4,0.0032646656036376953,0.0013756752014160156
0.1,0.001,0.5,5,0.49333333333333335,0.0793025150224688,737,0.5666666666666667,0.5666666666666667,0.35,0.48333333333333334,0.5,0.0031743526458740236,0.0013770580291748047
0.1,0.001,0.5,10,0.5433333333333333,0.09285592184789412,640,0.5666666666666667,0.6666666666666666,0.4,0.48333333333333334,0.6000000000000001,0.00317530632019043,0.001374530792236328
0.1,0.001,0.5,20,0.5866666666666667,0.0644635986860457,602,0.6333333333333333,0.6666666666666666,0.55,0.48333333333333334,0.6000000000000001,0.003219795227050781,0.0013727664947509766
0.1,0.001,0.5,50,0.6066666666666667,0.12,551,0.65,0.7166666666666667,0.7166666666666667,0.55,0.4,0.003181600570678711,0.001463031768798828
0.1,0.001,0.7,5,0.49333333333333335,0.0793025150224688,737,0.5666666666666667,0.5666666666666667,0.35,0.48333333333333334,0.5,0.0031970977783203126,0.00136566162109375
0.1,0.001,0.7,10,0.5433333333333333,0.09285592184789412,640,0.5666666666666667,0.6666666666666666,0.4,0.48333333333333334,0.6000000000000001,0.003179597854614258,0.001365995407104492
0.1,0.001,0.7,20,0.5866666666666667,0.0644635986860457,602,0.6333333333333333,0.6666666666666666,0.55,0.48333333333333334,0.6000000000000001,0.0032123565673828126,0.0013787269592285157
0.1,0.001,0.7,50,0.6066666666666667,0.12,551,0.65,0.7166666666666667,0.7166666666666667,0.55,0.4,0.0032397747039794923,0.001406240463256836
0.1,0.001,0.9,5,0.49333333333333335,0.0793025150224688,737,0.5666666666666667,0.5666666666666667,0.35,0.48333333333333334,0.5,0.0032041072845458984,0.0013691902160644532
0.1,0.001,0.9,10,0.5433333333333333,0.09285592184789412,640,0.5666666666666667,0.6666666666666666,0.4,0.48333333333333334,0.6000000000000001,0.0031832218170166015,0.001374197006225586
0.1,0.001,0.9,20,0.5866666666666667,0.0644635986860457,602,0.6333333333333333,0.6666666666666666,0.55,0.48333333333333334,0.6000000000000001,0.0032166957855224608,0.001373434066772461
0.1,0.001,0.9,50,0.6066666666666667,0.12,551,0.65,0.7166666666666667,0.7166666666666667,0.55,0.4,0.0032653331756591795,0.0013750553131103515
0.1,0.00359381,0.1,5,0.49333333333333335,0.0793025150224688,737,0.5666666666666667,0.5666666666666667,0.35,0.48333333333333334,0.5,0.003623771667480469,0.0013513565063476562
0.1,0.00359381,0.1,10,0.5433333333333333,0.09285592184789412,640,0.5666666666666667,0.6666666666666666,0.4,0.48333333333333334,0.6000000000000001,0.003608894348144531,0.0013801097869873048
0.1,0.00359381,0.1,20,0.5866666666666667,0.0644635986860457,602,0.6333333333333333,0.6666666666666666,0.55,0.48333333333333334,0.6000000000000001,0.003728294372558594,0.0013800621032714843
0.1,0.00359381,0.1,50,0.6066666666666667,0.12,551,0.65,0.7166666666666667,0.7166666666666667,0.55,0.4,0.0036774158477783205,0.0013773441314697266
0.1,0.00359381,0.3,5,0.49333333333333335,0.0793025150224688,737,0.5666666666666667,0.5666666666666667,0.35,0.48333333333333334,0.5,0.0031815052032470705,0.00137481689453125
0.1,0.00359381,0.3,10,0.5433333333333333,0.09285592184789412,640,0.5666666666666667,0.6666666666666666,0.4,0.48333333333333334,0.6000000000000001,0.003179454803466797,0.0013709545135498046
0.1,0.00359381,0.3,20,0.5866666666666667,0.0644635986860457,602,0.6333333333333333,0.6666666666666666,0.55,0.48333333333333334,0.6000000000000001,0.003259086608886719,0.0013712406158447265
0.1,0.00359381,0.3,50,0.6066666666666667,0.12,551,0.65,0.7166666666666667,0.7166666666666667,0.55,0.4,0.0032131195068359373,0.001384878158569336
0.1,0.00359381,0.5,5,0.49333333333333335,0.0793025150224688,737,0.5666666666666667,0.5666666666666667,0.35,0.48333333333333334,0.5,0.00317530632019043,0.0013607501983642577
0.1,0.00359381,0.5,10,0.5433333333333333,0.09285592184789412,640,0.5666666666666667,0.6666666666666666,0.4,0.48333333333333334,0.6000000000000001,0.003224754333496094,0.001394939422607422
0.1,0.00359381,0.5,20,0.5866666666666667,0.0644635986860457,602,0.6333333333333333,0.6666666666666666,0.55,0.48333333333333334,0.6000000000000001,0.003269815444946289,0.0013739109039306641
0.1,0.00359381,0.5,50,0.6066666666666667,0.12,551,0.65,0.7166666666666667,0.7166666666666667,0.55,0.4,0.0032335758209228516,0.0013995170593261719
0.1,0.00359381,0.7,5,0.49333333333333335,0.0793025150224688,737,0.5666666666666667,0.5666666666666667,0.35,0.48333333333333334,0.5,0.0031630992889404297,0.001363086700439453
0.1,0.00359381,0.7,10,0.5433333333333333,0.09285592184789412,640,0.5666666666666667,0.6666666666666666,0.4,0.48333333333333334,0.6000000000000001,0.0032068729400634766,0.0013660430908203126
0.1,0.00359381,0.7,20,0.5866666666666667,0.0644635986860457,602,0.6333333333333333,0.6666666666666666,0.55,0.48333333333333334,0.6000000000000001,0.0032830238342285156,0.0013794898986816406
0.1,0.00359381,0.7,50,0.6066666666666667,0.12,551,0.65,0.7166666666666667,0.7166666666666667,0.55,0.4,0.0031898021697998047,0.0013871192932128906
0.1,0.00359381,0.9,5,0.49333333333333335,0.0793025150224688,737,0.5666666666666667,0.5666666666666667,0.35,0.48333333333333334,0.5,0.003163909912109375,0.0013709545135498046
0.1,0.00359381,0.9,10,0.5433333333333333,0.09285592184789412,640,0.5666666666666667,0.6666666666666666,0.4,0.48333333333333334,0.6000000000000001,0.0032053470611572267,0.0013713836669921875
0.1,0.00359381,0.9,20,0.5866666666666667,0.0644635986860457,602,0.6333333333333333,0.6666666666666666,0.55,0.48333333333333334,0.6000000000000001,0.0032916545867919924,0.0013818740844726562
0.1,0.00359381,0.9,50,0.6066666666666667,0.12,551,0.65,0.7166666666666667,0.7166666666666667,0.55,0.4,0.0032110214233398438,0.0013781547546386718
0.1,0.0129155,0.1,5,0.7266666666666667,0.12183777921664707,456,0.8333333333333333,0.8333333333333333,0.7333333333333334,0.7333333333333334,0.5,0.012117433547973632,0.0013955593109130859
0.1,0.0129155,0.1,10,0.7666666666666667,0.18737959096740267,259,0.9166666666666667,0.9166666666666667,0.9166666666666667,0.48333333333333334,0.6,0.012234163284301759,0.0013896465301513673
0.1,0.0129155,0.1,20,0.7566666666666666,0.11575836902790228,362,0.8166666666666667,0.9166666666666667,0.8,0.65,0.6,0.012138795852661134,0.0013972282409667968
0.1,0.0129155,0.1,50,0.7566666666666667,0.1293573860795484,346,0.9,0.9166666666666667,0.7166666666666667,0.65,0.6,0.01210923194885254,0.0013879299163818359
0.1,0.0129155,0.3,5,0.49333333333333335,0.0793025150224688,737,0.5666666666666667,0.5666666666666667,0.35,0.48333333333333334,0.5,0.003618764877319336,0.0013779640197753907
0.1,0.0129155,0.3,10,0.5433333333333333,0.09285592184789412,640,0.5666666666666667,0.6666666666666666,0.4,0.48333333333333334,0.6000000000000001,0.003640556335449219,0.001379108428955078
0.1,0.0129155,0.3,20,0.5866666666666667,0.0644635986860457,602,0.6333333333333333,0.6666666666666666,0.55,0.48333333333333334,0.6000000000000001,0.003731822967529297,0.0013800621032714843
0.1,0.0129155,0.3,50,0.6066666666666667,0.12,551,0.65,0.7166666666666667,0.7166666666666667,0.55,0.4,0.0036821842193603517,0.0013825416564941407
0.1,0.0129155,0.5,5,0.49333333333333335,0.0793025150224688,737,0.5666666666666667,0.5666666666666667,0.35,0.48333333333333334,0.5,0.0031891822814941405,0.0013592243194580078
0.1,0.0129155,0.5,10,0.5433333333333333,0.09285592184789412,640,0.5666666666666667,0.6666666666666666,0.4,0.48333333333333334,0.6000000000000001,0.0031881332397460938,0.001369142532348633
0.1,0.0129155,0.5,20,0.5866666666666667,0.0644635986860457,602,0.6333333333333333,0.6666666666666666,0.55,0.48333333333333334,0.6000000000000001,0.00328826904296875,0.0013823509216308594
0.1,0.0129155,0.5,50,0.6066666666666667,0.12,551,0.65,0.7166666666666667,0.7166666666666667,0.55,0.4,0.00321502685546875,0.0013778209686279297
0.1,0.0129155,0.7,5,0.49333333333333335,0.0793025150224688,737,0.5666666666666667,0.5666666666666667,0.35,0.48333333333333334,0.5,0.003194236755371094,0.001365995407104492
0.1,0.0129155,0.7,10,0.5433333333333333,0.09285592184789412,640,0.5666666666666667,0.6666666666666666,0.4,0.48333333333333334,0.6000000000000001,0.003189849853515625,0.001381063461303711
0.1,0.0129155,0.7,20,0.5866666666666667,0.0644635986860457,602,0.6333333333333333,0.6666666666666666,0.55,0.48333333333333334,0.6000000000000001,0.0033130645751953125,0.0013721466064453125
0.1,0.0129155,0.7,50,0.6066666666666667,0.12,551,0.65,0.7166666666666667,0.7166666666666667,0.55,0.4,0.00318756103515625,0.0013738155364990234
0.1,0.0129155,0.9,5,0.49333333333333335,0.0793025150224688,737,0.5666666666666667,0.5666666666666667,0.35,0.48333333333333334,0.5,0.0031574249267578127,0.0013747215270996094
0.1,0.0129155,0.9,10,0.5433333333333333,0.09285592184789412,640,0.5666666666666667,0.6666666666666666,0.4,0.48333333333333334,0.6000000000000001,0.0031805515289306642,0.0013628005981445312
0.1,0.0129155,0.9,20,0.5866666666666667,0.0644635986860457,602,0.6333333333333333,0.6666666666666666,0.55,0.48333333333333334,0.6000000000000001,0.0032134056091308594,0.0014493942260742187
0.1,0.0129155,0.9,50,0.6066666666666667,0.12,551,0.65,0.7166666666666667,0.7166666666666667,0.55,0.4,0.0032301902770996093,0.0013776779174804687
0.1,0.0464159,0.1,5,0.7466666666666667,0.13474255287605158,387,0.6333333333333333,0.8333333333333333,0.9166666666666667,0.55,0.8,0.02222862243652344,0.0014142036437988282
0.1,0.0464159,0.1,10,0.8233333333333335,0.07930251502246882,20,0.75,0.9166666666666667,0.9166666666666667,0.7333333333333334,0.8,0.022234201431274414,0.0014485836029052735
0.1,0.0464159,0.1,20,0.8366666666666667,0.09854496999396326,5,0.9166666666666667,0.9166666666666667,0.9166666666666667,0.7333333333333334,0.7,0.022376012802124024,0.001490020751953125
0.1,0.0464159,0.1,50,0.7733333333333333,0.1046687897873839,245,0.8166666666666667,0.9166666666666667,0.8,0.7333333333333334,0.6,0.022371864318847655,0.0014503955841064452
0.1,0.0464159,0.3,5,0.6833333333333333,0.13123346456686352,502,0.7333333333333334,0.9166666666666667,0.6166666666666667,0.55,0.6000000000000001,0.024658679962158203,0.0014342308044433595
0.1,0.0464159,0.3,10,0.7966666666666667,0.1777638883463118,121,0.9166666666666667,1.0,0.9,0.5666666666666667,0.6,0.024654340744018555,0.0014329910278320312
0.1,0.0464159,0.3,20,0.7766666666666666,0.09345230512584127,242,0.8166666666666667,0.9166666666666667,0.8,0.65,0.7,0.024735641479492188,0.0014549732208251954
0.1,0.0464159,0.3,50,0.7366666666666667,0.1411854572303158,446,0.9,0.9166666666666667,0.6166666666666667,0.65,0.6,0.02465963363647461,0.0014394283294677734
0.1,0.0464159,0.5,5,0.6166666666666666,0.04944132324730441,547,0.5666666666666667,0.5666666666666667,0.6166666666666667,0.6333333333333333,0.7,0.017290925979614256,0.001414918899536133
0.1,0.0464159,0.5,10,0.5666666666666667,0.05477225575051659,636,0.5666666666666667,0.6666666666666666,0.55,0.55,0.5,0.01728968620300293,0.001411581039428711
0.1,0.0464159,0.5,20,0.5966666666666666,0.0669991708074726,583,0.6333333333333333,0.6666666666666666,0.5333333333333333,0.65,0.5,0.017344093322753905,0.0014348983764648437
0.1,0.0464159,0.5,50,0.61,0.08069145624606805,550,0.65,0.7166666666666667,0.5333333333333333,0.65,0.5,0.017384433746337892,0.001444530487060547
0.1,0.0464159,0.7,5,0.49333333333333335,0.0793025150224688,737,0.5666666666666667,0.5666666666666667,0.35,0.48333333333333334,0.5,0.004149675369262695,0.0013831615447998046
0.1,0.0464159,0.7,10,0.5433333333333333,0.09285592184789412,640,0.5666666666666667,0.6666666666666666,0.4,0.48333333333333334,0.6000000000000001,0.0041218757629394535,0.0013788223266601562
0.1,0.0464159,0.7,20,0.5866666666666667,0.0644635986860457,602,0.6333333333333333,0.6666666666666666,0.55,0.48333333333333334,0.6000000000000001,0.004248952865600586,0.0013873577117919922
0.1,0.0464159,0.7,50,0.6066666666666667,0.12,551,0.65,0.7166666666666667,0.7166666666666667,0.55,0.4,0.004102039337158203,0.0013783931732177734
0.1,0.0464159,0.9,5,0.49333333333333335,0.0793025150224688,737,0.5666666666666667,0.5666666666666667,0.35,0.48333333333333334,0.5,0.003667259216308594,0.0013794898986816406
0.1,0.0464159,0.9,10,0.5433333333333333,0.09285592184789412,640,0.5666666666666667,0.6666666666666666,0.4,0.48333333333333334,0.6000000000000001,0.00379486083984375,0.001394939422607422
0.1,0.0464159,0.9,20,0.5866666666666667,0.0644635986860457,602,0.6333333333333333,0.6666666666666666,0.55,0.48333333333333334,0.6000000000000001,0.0037363052368164064,0.0013657093048095703
0.1,0.0464159,0.9,50,0.6066666666666667,0.12,551,0.65,0.7166666666666667,0.7166666666666667,0.55,0.4,0.003718137741088867,0.001376199722290039
0.1,0.16681,0.1,5,0.74,0.08730533902472531,423,0.6333333333333333,0.7333333333333334,0.7166666666666667,0.7166666666666667,0.9,0.05229840278625488,0.0015510082244873046
0.1,0.16681,0.1,10,0.8233333333333335,0.059254629448770586,20,0.8333333333333333,0.8333333333333333,0.8333333333333333,0.7166666666666667,0.9,0.05248923301696777,0.0015421867370605468
0.1,0.16681,0.1,20,0.8200000000000001,0.09030811456096047,35,0.9166666666666667,0.9166666666666667,0.8333333333333333,0.7333333333333334,0.7,0.052767181396484376,0.001499176025390625
0.1,0.16681,0.1,50,0.7933333333333333,0.07498147919467997,147,0.8166666666666667,0.9166666666666667,0.8,0.7333333333333334,0.7,0.05284886360168457,0.0015366554260253906
0.1,0.16681,0.3,5,0.7633333333333333,0.11274356350191844,292,0.6333333333333333,0.8333333333333333,0.9166666666666667,0.6333333333333333,0.8,0.06093430519104004,0.0015561580657958984
0.1,0.16681,0.3,10,0.7833333333333334,0.04216370213557835,181,0.7333333333333334,0.8333333333333333,0.8166666666666667,0.7333333333333334,0.8,0.05986943244934082,0.0015482425689697266
0.1,0.16681,0.3,20,0.8333333333333334,0.09603240193925291,12,0.9166666666666667,0.9166666666666667,0.9,0.7333333333333334,0.7,0.05925836563110352,0.0015594959259033203
0.1,0.16681,0.3,50,0.7733333333333333,0.12498888839501787,245,0.9166666666666667,0.9166666666666667,0.7,0.7333333333333334,0.6,0.05926384925842285,0.0015535831451416015
0.1,0.16681,0.5,5,0.7466666666666667,0.12445436468396312,387,0.7333333333333334,0.8333333333333333,0.9166666666666667,0.55,0.7,0.0684058666229248,0.0015746593475341798
0.1,0.16681,0.5,10,0.74,0.09809292646374776,423,0.7333333333333334,0.9166666666666667,0.6166666666666667,0.7333333333333334,0.7,0.06814532279968262,0.001533174514770508
0.1,0.16681,0.5,20,0.8333333333333334,0.09603240193925291,12,0.9166666666666667,0.9166666666666667,0.9,0.7333333333333334,0.7,0.06827154159545898,0.0015578746795654296
0.1,0.16681,0.5,50,0.7933333333333333,0.14476033833738977,147,1.0,0.9166666666666667,0.7166666666666667,0.7333333333333334,0.6,0.06818528175354004,0.001551342010498047
0.1,0.16681,0.7,5,0.6866666666666666,0.10077477638553982,500,0.7333333333333334,0.8333333333333333,0.7166666666666667,0.55,0.6,0.07430129051208496,0.0015404224395751953
0.1,0.16681,0.7,10,0.7433333333333334,0.11382247385975916,408,0.8333333333333333,0.9166666666666667,0.6166666666666667,0.65,0.7,0.0742722988128662,0.0015498638153076173
0.1,0.16681,0.7,20,0.7966666666666666,0.14118545723031584,127,0.9166666666666667,0.9166666666666667,0.9,0.65,0.6,0.07440400123596191,0.001553487777709961
0.1,0.16681,0.7,50,0.7133333333333334,0.14197026292697904,479,0.9,0.8166666666666667,0.6166666666666667,0.7333333333333334,0.5,0.07434439659118652,0.0015650272369384765
0.1,0.16681,0.9,5,0.7066666666666668,0.1057250101810247,482,0.7333333333333334,0.8166666666666667,0.8166666666666667,0.5666666666666667,0.6,0.0879737377166748,0.0015790462493896484
0.1,0.16681,0.9,10,0.76,0.10780641085864154,312,0.8333333333333333,0.9166666666666667,0.7166666666666667,0.7333333333333334,0.6,0.08873381614685058,0.001547527313232422
0.1,0.16681,0.9,20,0.7966666666666666,0.13638181696985857,127,0.9166666666666667,1.0,0.7166666666666667,0.65,0.7,0.0896918773651123,0.001566934585571289
0.1,0.16681,0.9,50,0.7466666666666667,0.14847371634213394,387,0.9,0.9,0.7,0.7333333333333334,0.5,0.0895380973815918,0.0015665054321289062
0.1,0.599484,0.1,5,0.7233333333333334,0.09752492558885198,463,0.6333333333333333,0.7333333333333334,0.7166666666666667,0.6333333333333333,0.9,0.11948308944702149,0.0015727043151855468
0.1,0.599484,0.1,10,0.8433333333333334,0.10466878978738388,1,0.75,0.8333333333333333,0.9166666666666667,0.7166666666666667,1.0,0.11956315040588379,0.0015635013580322266
0.1,0.599484,0.1,20,0.8,0.09603240193925291,87,0.9166666666666667,0.9166666666666667,0.7333333333333334,0.7333333333333334,0.7,0.11963376998901368,0.0015802860260009765
0.1,0.599484,0.1,50,0.7766666666666667,0.12319812408384222,224,0.9166666666666667,0.9166666666666667,0.7166666666666667,0.7333333333333334,0.6,0.11962580680847168,0.0015775680541992188
0.1,0.599484,0.3,5,0.7233333333333334,0.09752492558885198,463,0.6333333333333333,0.7333333333333334,0.7166666666666667,0.6333333333333333,0.9,0.14518294334411622,0.0015798568725585937
0.1,0.599484,0.3,10,0.8033333333333333,0.03711842908553343,64,0.7333333333333334,0.8333333333333333,0.8333333333333333,0.8166666666666667,0.8,0.1380983829498291,0.001630401611328125
0.1,0.599484,0.3,20,0.78,0.12174654911833119,194,0.9166666666666667,0.9166666666666667,0.7333333333333334,0.7333333333333334,0.6,0.13852453231811523,0.0015933513641357422
0.1,0.599484,0.3,50,0.78,0.13391539617733783,194,0.9166666666666667,0.9166666666666667,0.8,0.5666666666666667,0.7,0.1381589412689209,0.0016552925109863282
0.1,0.599484,0.5,5,0.7666666666666666,0.1115546702045434,271,0.6333333333333333,0.8333333333333333,0.8333333333333333,0.6333333333333333,0.9,0.15460805892944335,0.001577615737915039
0.1,0.599484,0.5,10,0.7866666666666667,0.04521553322083506,156,0.7333333333333334,0.8333333333333333,0.8333333333333333,0.7333333333333334,0.8,0.15513505935668945,0.0015795707702636718
0.1,0.599484,0.5,20,0.8,0.0767390962214756,87,0.8333333333333333,0.9166666666666667,0.8166666666666667,0.7333333333333334,0.7,0.155379581451416,0.0015557765960693359
0.1,0.599484,0.5,50,0.76,0.15077577170531528,312,0.9166666666666667,0.9166666666666667,0.8,0.5666666666666667,0.6,0.15500321388244628,0.001564168930053711
0.1,0.599484,0.7,5,0.7633333333333333,0.11274356350191844,292,0.6333333333333333,0.8333333333333333,0.9166666666666667,0.6333333333333333,0.8,0.17688536643981934,0.0015727996826171875
0.1,0.599484,0.7,10,0.7666666666666666,0.07601169500660919,271,0.7333333333333334,0.8333333333333333,0.8333333333333333,0.6333333333333333,0.8,0.176275634765625,0.0015898704528808593
0.1,0.599484,0.7,20,0.8166666666666667,0.08692269873603534,51,0.8333333333333333,0.9166666666666667,0.9,0.7333333333333334,0.7,0.17646284103393556,0.0015742778778076172
0.1,0.599484,0.7,50,0.8099999999999999,0.13968217893171309,60,1.0,0.9166666666666667,0.8,0.7333333333333334,0.6,0.17661647796630858,0.0015770435333251954
0.1,0.599484,0.9,5,0.7633333333333333,0.10022197585581942,292,0.7333333333333334,0.8333333333333333,0.9166666666666667,0.6333333333333333,0.7,0.2132254123687744,0.0015713691711425782
0.1,0.599484,0.9,10,0.7666666666666666,0.05577733510227167,271,0.7333333333333334,0.8333333333333333,0.8333333333333333,0.7333333333333334,0.7,0.21358938217163087,0.0015834808349609376
0.1,0.599484,0.9,20,0.7833333333333334,0.13249737942901196,181,0.8333333333333333,0.9166666666666667,0.9,0.5666666666666667,0.7,0.2130350112915039,0.0015731334686279296
0.1,0.599484,0.9,50,0.7533333333333333,0.13055437351710764,375,0.9,0.9166666666666667,0.7,0.65,0.6,0.2129286766052246,0.0015809059143066407
0.1,2.15443,0.1,5,0.7433333333333333,0.10728984626287388,419,0.6333333333333333,0.8333333333333333,0.7166666666666667,0.6333333333333333,0.9,0.2207585334777832,0.0015844345092773438
0.1,2.15443,0.1,10,0.8400000000000001,0.10780641085864154,3,0.8333333333333333,0.9166666666666667,0.7333333333333334,0.7166666666666667,1.0,0.21938185691833495,0.0015836715698242187
0.1,2.15443,0.1,20,0.76,0.14243907079481,312,0.7333333333333334,0.8333333333333333,0.9166666666666667,0.8166666666666667,0.5,0.21982283592224122,0.0015882492065429688
0.1,2.15443,0.1,50,0.7766666666666667,0.12319812408384222,224,0.9166666666666667,0.9166666666666667,0.7166666666666667,0.7333333333333334,0.6,0.22187042236328125,0.0016937255859375
0.1,2.15443,0.3,5,0.74,0.08730533902472531,423,0.6333333333333333,0.7333333333333334,0.7166666666666667,0.7166666666666667,0.9,0.2869870185852051,0.0016009807586669922
0.1,2.15443,0.3,10,0.7633333333333334,0.09030811456096044,285,0.65,0.8333333333333333,0.7166666666666667,0.7166666666666667,0.9,0.28696064949035643,0.001598358154296875
0.1,2.15443,0.3,20,0.7833333333333334,0.05577733510227168,181,0.8333333333333333,0.8333333333333333,0.8166666666666667,0.7333333333333334,0.7,0.2869547367095947,0.0015680313110351563
0.1,2.15443,0.3,50,0.76,0.1331665623695879,312,0.9166666666666667,0.9166666666666667,0.7166666666666667,0.65,0.6,0.28686094284057617,0.001595449447631836
0.1,2.15443,0.5,5,0.7566666666666666,0.092255683353987,362,0.6333333333333333,0.8166666666666667,0.7166666666666667,0.7166666666666667,0.9,0.3202333450317383,0.0016151905059814454
0.1,2.15443,0.5,10,0.7633333333333333,0.0694422221866655,292,0.65,0.8333333333333333,0.8166666666666667,0.7166666666666667,0.8,0.32062110900878904,0.0015128612518310546
0.1,2.15443,0.5,20,0.78,0.10718623460542352,194,0.8333333333333333,0.9166666666666667,0.8166666666666667,0.7333333333333334,0.6,0.320741605758667,0.0015295982360839845
0.1,2.15443,0.5,50,0.7966666666666666,0.1092397973878263,127,0.9166666666666667,0.9166666666666667,0.8,0.65,0.7,0.32087125778198244,0.0015362739562988282
0.1,2.15443,0.7,5,0.76,0.0946337971105226,312,0.6333333333333333,0.8333333333333333,0.7166666666666667,0.7166666666666667,0.9,0.37198243141174314,0.0015713691711425782
0.1,2.15443,0.7,10,0.7866666666666666,0.09333333333333332,170,0.7333333333333334,0.8333333333333333,0.8333333333333333,0.6333333333333333,0.9,0.3713658809661865,0.0015889644622802735
0.1,2.15443,0.7,20,0.8,0.0767390962214756,87,0.8333333333333333,0.9166666666666667,0.8166666666666667,0.7333333333333334,0.7,0.37099599838256836,0.0015847206115722657
0.1,2.15443,0.7,50,0.7766666666666667,0.13190905958272922,224,0.9166666666666667,0.9166666666666667,0.8,0.65,0.6,0.37158865928649903,0.0015837192535400391
0.1,2.15443,0.9,5,0.75,0.10645812948447542,378,0.6333333333333333,0.8333333333333333,0.75,0.6333333333333333,0.9,0.4154844284057617,0.001567840576171875
0.1,2.15443,0.9,10,0.7866666666666666,0.09333333333333332,170,0.7333333333333334,0.8333333333333333,0.8333333333333333,0.6333333333333333,0.9,0.41473979949951173,0.0015773773193359375
0.1,2.15443,0.9,20,0.7633333333333333,0.05811865258054228,292,0.8333333333333333,0.8333333333333333,0.7166666666666667,0.7333333333333334,0.7,0.4154029369354248,0.0015729904174804688
0.1,2.15443,0.9,50,0.7566666666666666,0.11575836902790228,362,0.8166666666666667,0.9166666666666667,0.8,0.65,0.6,0.41502938270568845,0.0015727043151855468
0.1,7.74264,0.1,5,0.6733333333333335,0.08339997335464537,506,0.55,0.6666666666666666,0.7166666666666667,0.6333333333333333,0.8,0.2768102645874023,0.001571989059448242
0.1,7.74264,0.1,10,0.8233333333333335,0.13274871834493251,20,0.75,0.9166666666666667,0.8333333333333333,0.6166666666666667,1.0,0.2769275188446045,0.001576852798461914
0.1,7.74264,0.1,20,0.7866666666666667,0.053124591501697405,156,0.75,0.8333333333333333,0.8333333333333333,0.8166666666666667,0.7,0.2766456604003906,0.0015908241271972655
0.1,7.74264,0.1,50,0.78,0.12174654911833119,194,0.9166666666666667,0.9166666666666667,0.7333333333333334,0.7333333333333334,0.6,0.2769935131072998,0.0015841007232666015
0.1,7.74264,0.3,5,0.7466666666666667,0.08589399151150084,387,0.6333333333333333,0.7333333333333334,0.7333333333333334,0.7333333333333334,0.9,0.44399056434631345,0.0015822887420654298
0.1,7.74264,0.3,10,0.76,0.07498147919467994,312,0.8166666666666667,0.8333333333333333,0.6333333333333333,0.7166666666666667,0.8,0.4446118354797363,0.0016493797302246094
0.1,7.74264,0.3,20,0.8366666666666667,0.07986099033807298,5,0.9166666666666667,0.8333333333333333,0.9166666666666667,0.8166666666666667,0.7,0.44398927688598633,0.001599597930908203
0.1,7.74264,0.3,50,0.74,0.14514360704718166,423,0.9166666666666667,0.9166666666666667,0.6166666666666667,0.65,0.6,0.44380578994750974,0.001609659194946289
0.1,7.74264,0.5,5,0.74,0.08730533902472531,423,0.6333333333333333,0.7333333333333334,0.7166666666666667,0.7166666666666667,0.9,0.5196531295776368,0.0015896320343017577
0.1,7.74264,0.5,10,0.7766666666666667,0.050110987927909675,224,0.8166666666666667,0.8333333333333333,0.7166666666666667,0.7166666666666667,0.8,0.5197255611419678,0.001574563980102539
0.1,7.74264,0.5,20,0.8166666666666667,0.0691214711777591,51,0.8333333333333333,0.9166666666666667,0.8166666666666667,0.8166666666666667,0.7,0.5191027641296386,0.001586151123046875
0.1,7.74264,0.5,50,0.7433333333333334,0.15003703246569203,408,0.9166666666666667,0.9166666666666667,0.7166666666666667,0.5666666666666667,0.6,0.5199090480804444,0.0015468120574951172
0.1,7.74264,0.7,5,0.74,0.08730533902472531,423,0.6333333333333333,0.7333333333333334,0.7166666666666667,0.7166666666666667,0.9,0.5783533096313477,0.0015476703643798827
0.1,7.74264,0.7,10,0.7966666666666666,0.07102425250887505,127,0.8166666666666667,0.8333333333333333,0.7166666666666667,0.7166666666666667,0.9,0.5783219814300538,0.0015907764434814453
0.1,7.74264,0.7,20,0.74,0.10143416036468629,423,0.7333333333333334,0.9166666666666667,0.7166666666666667,0.7333333333333334,0.6,0.5785590171813965,0.0017123222351074219
0.1,7.74264,0.7,50,0.76,0.11860297916438134,312,0.8166666666666667,0.9166666666666667,0.8,0.5666666666666667,0.7,0.5782539367675781,0.0016073226928710938
0.1,7.74264,0.9,5,0.76,0.0946337971105226,312,0.6333333333333333,0.8333333333333333,0.7166666666666667,0.7166666666666667,0.9,0.613002872467041,0.0016061782836914063
0.1,7.74264,0.9,10,0.7666666666666667,0.08881941729649484,259,0.65,0.8333333333333333,0.7166666666666667,0.7333333333333334,0.9,0.6126407146453857,0.0015931129455566406
0.1,7.74264,0.9,20,0.78,0.10718623460542352,194,0.8333333333333333,0.9166666666666667,0.8166666666666667,0.7333333333333334,0.6,0.6134626865386963,0.0015902042388916016
0.1,7.74264,0.9,50,0.74,0.13441230102437304,423,0.8166666666666667,0.9166666666666667,0.8,0.5666666666666667,0.6,0.6136717319488525,0.0015894412994384766
0.1,27.8256,0.1,5,0.6933333333333334,0.10143416036468626,490,0.55,0.6666666666666666,0.8166666666666667,0.6333333333333333,0.8,0.30753273963928224,0.0015704631805419922
0.1,27.8256,0.1,10,0.7899999999999999,0.12274635093014646,155,0.7333333333333334,0.75,0.8333333333333333,0.6333333333333333,1.0,0.30573253631591796,0.0015759468078613281
0.1,27.8256,0.1,20,0.8033333333333333,0.05206833117271102,64,0.8333333333333333,0.8333333333333333,0.8333333333333333,0.8166666666666667,0.7,0.3057039737701416,0.0016051769256591798
0.1,27.8256,0.1,50,0.8,0.09603240193925291,87,0.9166666666666667,0.9166666666666667,0.7333333333333334,0.7333333333333334,0.7,0.30594487190246583,0.0015910148620605468
0.1,27.8256,0.3,5,0.6733333333333335,0.08339997335464537,506,0.55,0.6666666666666666,0.7166666666666667,0.6333333333333333,0.8,0.410595703125,0.001558208465576172
0.1,27.8256,0.3,10,0.82,0.13474255287605158,38,0.8333333333333333,0.9166666666666667,0.7333333333333334,0.6166666666666667,1.0,0.4105262279510498,0.0015931129455566406
0.1,27.8256,0.3,20,0.7866666666666667,0.053124591501697405,156,0.75,0.8333333333333333,0.8333333333333333,0.8166666666666667,0.7,0.41364684104919436,0.0015955924987792968
0.1,27.8256,0.3,50,0.78,0.12174654911833119,194,0.9166666666666667,0.9166666666666667,0.7333333333333334,0.7333333333333334,0.6,0.41022095680236814,0.0015831470489501953
0.1,27.8256,0.5,5,0.6900000000000001,0.08856886837057615,496,0.55,0.75,0.7166666666666667,0.6333333333333333,0.8,0.5480074405670166,0.0015948295593261718
0.1,27.8256,0.5,10,0.7466666666666667,0.13432961119739922,387,0.7333333333333334,0.7333333333333334,0.6333333333333333,0.6333333333333333,1.0,0.5481727600097657,0.0015901088714599609
0.1,27.8256,0.5,20,0.7799999999999999,0.14429907214608909,220,0.8333333333333333,0.8333333333333333,0.9166666666666667,0.8166666666666667,0.5,0.5476295948028564,0.0015639781951904297
0.1,27.8256,0.5,50,0.7566666666666667,0.1384838538522733,346,0.9166666666666667,0.9166666666666667,0.6166666666666667,0.7333333333333334,0.6,0.5478462219238281,0.0015450000762939453
0.1,27.8256,0.7,5,0.7233333333333334,0.12978614889287857,463,0.6333333333333333,0.7333333333333334,0.8166666666666667,0.5333333333333333,0.9,0.6369582653045655,0.0015764713287353515
0.1,27.8256,0.7,10,0.76,0.07498147919467994,312,0.8166666666666667,0.8333333333333333,0.6333333333333333,0.7166666666666667,0.8,0.6367076873779297,0.0015866279602050782
0.1,27.8256,0.7,20,0.7999999999999999,0.105934990547138,119,0.8333333333333333,0.8333333333333333,0.9166666666666667,0.8166666666666667,0.6000000000000001,0.6375685691833496,0.0015885353088378907
0.1,27.8256,0.7,50,0.7233333333333334,0.13106402167558337,463,0.8166666666666667,0.9166666666666667,0.7166666666666667,0.5666666666666667,0.6,0.6376224994659424,0.0015807628631591796
0.1,27.8256,0.9,5,0.7066666666666667,0.12183777921664712,484,0.6333333333333333,0.7333333333333334,0.7333333333333334,0.5333333333333333,0.9,0.6848237037658691,0.0015674591064453124
0.1,27.8256,0.9,10,0.76,0.07498147919467994,312,0.8166666666666667,0.8333333333333333,0.6333333333333333,0.7166666666666667,0.8,0.6846721649169922,0.0016981124877929687
0.1,27.8256,0.9,20,0.8366666666666667,0.07986099033807298,5,0.9166666666666667,0.8333333333333333,0.9166666666666667,0.8166666666666667,0.7,0.6833587169647217,0.0015895843505859375
0.1,27.8256,0.9,50,0.7433333333333334,0.15003703246569203,408,0.9166666666666667,0.9166666666666667,0.7166666666666667,0.5666666666666667,0.6,0.6849469661712646,0.0015832901000976563
0.1,100.0,0.1,5,0.6933333333333334,0.10143416036468626,490,0.55,0.6666666666666666,0.8166666666666667,0.6333333333333333,0.8,0.3579129219055176,0.001581573486328125
0.1,100.0,0.1,10,0.7866666666666666,0.12174654911833116,170,0.7333333333333334,0.75,0.8166666666666667,0.6333333333333333,1.0,0.358228874206543,0.0015751838684082032
0.1,100.0,0.1,20,0.8033333333333333,0.05206833117271102,64,0.8333333333333333,0.8333333333333333,0.8333333333333333,0.8166666666666667,0.7,0.3579235076904297,0.0015891075134277343
0.1,100.0,0.1,50,0.8,0.09603240193925291,87,0.9166666666666667,0.9166666666666667,0.7333333333333334,0.7333333333333334,0.7,0.35808744430541994,0.0015826225280761719
0.1,100.0,0.3,5,0.6933333333333334,0.10143416036468626,490,0.55,0.6666666666666666,0.8166666666666667,0.6333333333333333,0.8,0.3691076755523682,0.0016529560089111328
0.1,100.0,0.3,10,0.7866666666666666,0.12174654911833116,170,0.7333333333333334,0.75,0.8166666666666667,0.6333333333333333,1.0,0.36922297477722166,0.0015790939331054687
0.1,100.0,0.3,20,0.8033333333333333,0.05206833117271102,64,0.8333333333333333,0.8333333333333333,0.8333333333333333,0.8166666666666667,0.7,0.3691571235656738,0.0015875816345214844
0.1,100.0,0.3,50,0.8,0.09603240193925291,87,0.9166666666666667,0.9166666666666667,0.7333333333333334,0.7333333333333334,0.7,0.3689430713653564,0.0015800952911376952
0.1,100.0,0.5,5,0.6733333333333335,0.08339997335464537,506,0.55,0.6666666666666666,0.7166666666666667,0.6333333333333333,0.8,0.39386978149414065,0.0015842437744140625
0.1,100.0,0.5,10,0.7466666666666667,0.06863753427324666,387,0.7333333333333334,0.8333333333333333,0.7333333333333334,0.6333333333333333,0.8,0.3942988395690918,0.0015799045562744141
0.1,100.0,0.5,20,0.8033333333333333,0.05206833117271102,64,0.8333333333333333,0.8333333333333333,0.8333333333333333,0.8166666666666667,0.7,0.3945634365081787,0.0015938282012939453
0.1,100.0,0.5,50,0.8,0.09603240193925291,87,0.9166666666666667,0.9166666666666667,0.7333333333333334,0.7333333333333334,0.7,0.39418644905090333,0.0015526771545410155
0.1,100.0,0.7,5,0.6733333333333335,0.08339997335464537,506,0.55,0.6666666666666666,0.7166666666666667,0.6333333333333333,0.8,0.42902193069458006,0.0015340805053710937
0.1,100.0,0.7,10,0.7866666666666666,0.12400716825158847,170,0.7333333333333334,0.8333333333333333,0.7333333333333334,0.6333333333333333,1.0,0.4287940502166748,0.0015404224395751953
0.1,100.0,0.7,20,0.8033333333333333,0.07408703590297626,64,0.75,0.8333333333333333,0.9166666666666667,0.8166666666666667,0.7,0.4292562961578369,0.0015786647796630859
0.1,100.0,0.7,50,0.78,0.12174654911833119,194,0.9166666666666667,0.9166666666666667,0.7333333333333334,0.7333333333333334,0.6,0.42907257080078126,0.001593780517578125
0.1,100.0,0.9,5,0.6733333333333335,0.08339997335464537,506,0.55,0.6666666666666666,0.7166666666666667,0.6333333333333333,0.8,0.4771280765533447,0.0015806198120117188
0.1,100.0,0.9,10,0.82,0.13474255287605158,38,0.8333333333333333,0.9166666666666667,0.7333333333333334,0.6166666666666667,1.0,0.4782113552093506,0.0015913486480712891
0.1,100.0,0.9,20,0.7866666666666667,0.053124591501697405,156,0.75,0.8333333333333333,0.8333333333333333,0.8166666666666667,0.7,0.4782247066497803,0.001585674285888672
0.1,100.0,0.9,50,0.78,0.12174654911833119,194,0.9166666666666667,0.9166666666666667,0.7333333333333334,0.7333333333333334,0.6,0.4778531551361084,0.0015972614288330077
0.2,0.001,0.1,5,0.51,0.08406346808612329,721,0.5666666666666667,0.5666666666666667,0.35,0.5666666666666667,0.5,0.0033365726470947266,0.0013958930969238282
0.2,0.001,0.1,10,0.5433333333333333,0.09285592184789412,640,0.5666666666666667,0.6666666666666666,0.4,0.48333333333333334,0.6000000000000001,0.003187131881713867,0.0013793468475341796
0.2,0.001,0.1,20,0.5866666666666667,0.0644635986860457,602,0.6333333333333333,0.6666666666666666,0.55,0.48333333333333334,0.6000000000000001,0.003249979019165039,0.001384735107421875
0.2,0.001,0.1,50,0.59,0.11860297916438131,586,0.5666666666666667,0.7166666666666667,0.7166666666666667,0.55,0.4,0.003196859359741211,0.001383066177368164
0.2,0.001,0.3,5,0.51,0.08406346808612329,721,0.5666666666666667,0.5666666666666667,0.35,0.5666666666666667,0.5,0.0032763957977294924,0.0013890266418457031
0.2,0.001,0.3,10,0.5433333333333333,0.09285592184789412,640,0.5666666666666667,0.6666666666666666,0.4,0.48333333333333334,0.6000000000000001,0.003175783157348633,0.0013824939727783204
0.2,0.001,0.3,20,0.5866666666666667,0.0644635986860457,602,0.6333333333333333,0.6666666666666666,0.55,0.48333333333333334,0.6000000000000001,0.0032215118408203125,0.0013777732849121094
0.2,0.001,0.3,50,0.59,0.11860297916438131,586,0.5666666666666667,0.7166666666666667,0.7166666666666667,0.55,0.4,0.003202342987060547,0.0013802051544189453
0.2,0.001,0.5,5,0.51,0.08406346808612329,721,0.5666666666666667,0.5666666666666667,0.35,0.5666666666666667,0.5,0.0032734394073486326,0.0013627052307128907
0.2,0.001,0.5,10,0.5433333333333333,0.09285592184789412,640,0.5666666666666667,0.6666666666666666,0.4,0.48333333333333334,0.6000000000000001,0.003208303451538086,0.0013689041137695313
0.2,0.001,0.5,20,0.5866666666666667,0.0644635986860457,602,0.6333333333333333,0.6666666666666666,0.55,0.48333333333333334,0.6000000000000001,0.0032266616821289063,0.0013835430145263672
0.2,0.001,0.5,50,0.59,0.11860297916438131,586,0.5666666666666667,0.7166666666666667,0.7166666666666667,0.55,0.4,0.00323028564453125,0.0014461994171142579
0.2,0.001,0.7,5,0.51,0.08406346808612329,721,0.5666666666666667,0.5666666666666667,0.35,0.5666666666666667,0.5,0.0031976699829101562,0.0013946056365966796
0.2,0.001,0.7,10,0.5433333333333333,0.09285592184789412,640,0.5666666666666667,0.6666666666666666,0.4,0.48333333333333334,0.6000000000000001,0.0031890869140625,0.001380777359008789
0.2,0.001,0.7,20,0.5866666666666667,0.0644635986860457,602,0.6333333333333333,0.6666666666666666,0.55,0.48333333333333334,0.6000000000000001,0.003203296661376953,0.0013855934143066407
0.2,0.001,0.7,50,0.59,0.11860297916438131,586,0.5666666666666667,0.7166666666666667,0.7166666666666667,0.55,0.4,0.003267669677734375,0.0013799190521240235
0.2,0.001,0.9,5,0.51,0.08406346808612329,721,0.5666666666666667,0.5666666666666667,0.35,0.5666666666666667,0.5,0.0031764030456542967,0.00137939453125
0.2,0.001,0.9,10,0.5433333333333333,0.09285592184789412,640,0.5666666666666667,0.6666666666666666,0.4,0.48333333333333334,0.6000000000000001,0.0031984806060791015,0.001371288299560547
0.2,0.001,0.9,20,0.5866666666666667,0.0644635986860457,602,0.6333333333333333,0.6666666666666666,0.55,0.48333333333333334,0.6000000000000001,0.0032238483428955076,0.0013822078704833984
0.2,0.001,0.9,50,0.59,0.11860297916438131,586,0.5666666666666667,0.7166666666666667,0.7166666666666667,0.55,0.4,0.003300380706787109,0.0014073848724365234
0.2,0.00359381,0.1,5,0.51,0.08406346808612329,721,0.5666666666666667,0.5666666666666667,0.35,0.5666666666666667,0.5,0.0036232471466064453,0.001376199722290039
0.2,0.00359381,0.1,10,0.5433333333333333,0.09285592184789412,640,0.5666666666666667,0.6666666666666666,0.4,0.48333333333333334,0.6000000000000001,0.0036547183990478516,0.0013745784759521484
0.2,0.00359381,0.1,20,0.5866666666666667,0.0644635986860457,602,0.6333333333333333,0.6666666666666666,0.55,0.48333333333333334,0.6000000000000001,0.003685760498046875,0.0013775348663330079
0.2,0.00359381,0.1,50,0.59,0.11860297916438131,586,0.5666666666666667,0.7166666666666667,0.7166666666666667,0.55,0.4,0.0037395000457763673,0.0013761520385742188
0.2,0.00359381,0.3,5,0.51,0.08406346808612329,721,0.5666666666666667,0.5666666666666667,0.35,0.5666666666666667,0.5,0.003179025650024414,0.0013833999633789062
0.2,0.00359381,0.3,10,0.5433333333333333,0.09285592184789412,640,0.5666666666666667,0.6666666666666666,0.4,0.48333333333333334,0.6000000000000001,0.0031801700592041016,0.0013927936553955079
0.2,0.00359381,0.3,20,0.5866666666666667,0.0644635986860457,602,0.6333333333333333,0.6666666666666666,0.55,0.48333333333333334,0.6000000000000001,0.003239870071411133,0.0013686656951904298
0.2,0.00359381,0.3,50,0.59,0.11860297916438131,586,0.5666666666666667,0.7166666666666667,0.7166666666666667,0.55,0.4,0.0033182621002197264,0.0013857364654541015
0.2,0.00359381,0.5,5,0.51,0.08406346808612329,721,0.5666666666666667,0.5666666666666667,0.35,0.5666666666666667,0.5,0.0031950950622558595,0.0013748645782470704
0.2,0.00359381,0.5,10,0.5433333333333333,0.09285592184789412,640,0.5666666666666667,0.6666666666666666,0.4,0.48333333333333334,0.6000000000000001,0.0031928062438964845,0.0013697624206542968
0.2,0.00359381,0.5,20,0.5866666666666667,0.0644635986860457,602,0.6333333333333333,0.6666666666666666,0.55,0.48333333333333334,0.6000000000000001,0.003231191635131836,0.0013744831085205078
0.2,0.00359381,0.5,50,0.59,0.11860297916438131,586,0.5666666666666667,0.7166666666666667,0.7166666666666667,0.55,0.4,0.003287506103515625,0.0013825416564941407
0.2,0.00359381,0.7,5,0.51,0.08406346808612329,721,0.5666666666666667,0.5666666666666667,0.35,0.5666666666666667,0.5,0.003168964385986328,0.0013786792755126954
0.2,0.00359381,0.7,10,0.5433333333333333,0.09285592184789412,640,0.5666666666666667,0.6666666666666666,0.4,0.48333333333333334,0.6000000000000001,0.003191518783569336,0.0013774871826171876
0.2,0.00359381,0.7,20,0.5866666666666667,0.0644635986860457,602,0.6333333333333333,0.6666666666666666,0.55,0.48333333333333334,0.6000000000000001,0.003232717514038086,0.0013766288757324219
0.2,0.00359381,0.7,50,0.59,0.11860297916438131,586,0.5666666666666667,0.7166666666666667,0.7166666666666667,0.55,0.4,0.003240346908569336,0.001455974578857422
0.2,0.00359381,0.9,5,0.51,0.08406346808612329,721,0.5666666666666667,0.5666666666666667,0.35,0.5666666666666667,0.5,0.00320286750793457,0.0013643264770507812
0.2,0.00359381,0.9,10,0.5433333333333333,0.09285592184789412,640,0.5666666666666667,0.6666666666666666,0.4,0.48333333333333334,0.6000000000000001,0.0031893253326416016,0.0013878822326660156
0.2,0.00359381,0.9,20,0.5866666666666667,0.0644635986860457,602,0.6333333333333333,0.6666666666666666,0.55,0.48333333333333334,0.6000000000000001,0.003232908248901367,0.0013792991638183593
0.2,0.00359381,0.9,50,0.59,0.11860297916438131,586,0.5666666666666667,0.7166666666666667,0.7166666666666667,0.55,0.4,0.0033102989196777343,0.0013803482055664063
0.2,0.0129155,0.1,5,0.7266666666666667,0.12183777921664707,456,0.8333333333333333,0.8333333333333333,0.7333333333333334,0.7333333333333334,0.5,0.01213226318359375,0.0014008045196533202
0.2,0.0129155,0.1,10,0.7666666666666667,0.18737959096740267,259,0.9166666666666667,0.9166666666666667,0.9166666666666667,0.48333333333333334,0.6,0.012191057205200195,0.0014052391052246094
0.2,0.0129155,0.1,20,0.7566666666666666,0.11575836902790228,362,0.8166666666666667,0.9166666666666667,0.8,0.65,0.6,0.012196016311645509,0.0014093875885009765
0.2,0.0129155,0.1,50,0.74,0.11430952132988167,423,0.8166666666666667,0.9166666666666667,0.7166666666666667,0.65,0.6,0.01218400001525879,0.0014060497283935546
0.2,0.0129155,0.3,5,0.51,0.08406346808612329,721,0.5666666666666667,0.5666666666666667,0.35,0.5666666666666667,0.5,0.0036684513092041016,0.0013785362243652344
0.2,0.0129155,0.3,10,0.5433333333333333,0.09285592184789412,640,0.5666666666666667,0.6666666666666666,0.4,0.48333333333333334,0.6000000000000001,0.003659963607788086,0.0013814449310302734
0.2,0.0129155,0.3,20,0.5866666666666667,0.0644635986860457,602,0.6333333333333333,0.6666666666666666,0.55,0.48333333333333334,0.6000000000000001,0.0036956310272216798,0.001378774642944336
0.2,0.0129155,0.3,50,0.59,0.11860297916438131,586,0.5666666666666667,0.7166666666666667,0.7166666666666667,0.55,0.4,0.0037253379821777345,0.001386117935180664
0.2,0.0129155,0.5,5,0.51,0.08406346808612329,721,0.5666666666666667,0.5666666666666667,0.35,0.5666666666666667,0.5,0.0031934738159179687,0.00136566162109375
0.2,0.0129155,0.5,10,0.5433333333333333,0.09285592184789412,640,0.5666666666666667,0.6666666666666666,0.4,0.48333333333333334,0.6000000000000001,0.0031931400299072266,0.0013797283172607422
0.2,0.0129155,0.5,20,0.5866666666666667,0.0644635986860457,602,0.6333333333333333,0.6666666666666666,0.55,0.48333333333333334,0.6000000000000001,0.003249788284301758,0.0013833999633789062
0.2,0.0129155,0.5,50,0.59,0.11860297916438131,586,0.5666666666666667,0.7166666666666667,0.7166666666666667,0.55,0.4,0.003265380859375,0.0013676166534423828
0.2,0.0129155,0.7,5,0.51,0.08406346808612329,721,0.5666666666666667,0.5666666666666667,0.35,0.5666666666666667,0.5,0.0031812191009521484,0.0013702869415283202
0.2,0.0129155,0.7,10,0.5433333333333333,0.09285592184789412,640,0.5666666666666667,0.6666666666666666,0.4,0.48333333333333334,0.6000000000000001,0.003200864791870117,0.0013822555541992188
0.2,0.0129155,0.7,20,0.5866666666666667,0.0644635986860457,602,0.6333333333333333,0.6666666666666666,0.55,0.48333333333333334,0.6000000000000001,0.003240537643432617,0.0013702392578125
0.2,0.0129155,0.7,50,0.59,0.11860297916438131,586,0.5666666666666667,0.7166666666666667,0.7166666666666667,0.55,0.4,0.0032679080963134766,0.0013800621032714843
0.2,0.0129155,0.9,5,0.51,0.08406346808612329,721,0.5666666666666667,0.5666666666666667,0.35,0.5666666666666667,0.5,0.003176307678222656,0.0013699531555175781
0.2,0.0129155,0.9,10,0.5433333333333333,0.09285592184789412,640,0.5666666666666667,0.6666666666666666,0.4,0.48333333333333334,0.6000000000000001,0.00320892333984375,0.0013694286346435547
0.2,0.0129155,0.9,20,0.5866666666666667,0.0644635986860457,602,0.6333333333333333,0.6666666666666666,0.55,0.48333333333333334,0.6000000000000001,0.0032153606414794924,0.001382589340209961
0.2,0.0129155,0.9,50,0.59,0.11860297916438131,586,0.5666666666666667,0.7166666666666667,0.7166666666666667,0.55,0.4,0.0033068180084228514,0.0013831615447998046
0.2,0.0464159,0.1,5,0.7466666666666667,0.13474255287605158,387,0.6333333333333333,0.8333333333333333,0.9166666666666667,0.55,0.8,0.02226676940917969,0.0014184951782226563
0.2,0.0464159,0.1,10,0.8233333333333335,0.07930251502246882,20,0.75,0.9166666666666667,0.9166666666666667,0.7333333333333334,0.8,0.022234392166137696,0.001422548294067383
0.2,0.0464159,0.1,20,0.8366666666666667,0.09854496999396326,5,0.9166666666666667,0.9166666666666667,0.9166666666666667,0.7333333333333334,0.7,0.022249126434326173,0.001439380645751953
0.2,0.0464159,0.1,50,0.7566666666666667,0.10572501018102473,346,0.8166666666666667,0.9166666666666667,0.7166666666666667,0.7333333333333334,0.6,0.022255992889404295,0.001414346694946289
0.2,0.0464159,0.3,5,0.6833333333333333,0.13123346456686352,502,0.7333333333333334,0.9166666666666667,0.6166666666666667,0.55,0.6000000000000001,0.024613189697265624,0.0014394760131835938
0.2,0.0464159,0.3,10,0.7966666666666667,0.1777638883463118,121,0.9166666666666667,1.0,0.9,0.5666666666666667,0.6,0.024704980850219726,0.0014685630798339845
0.2,0.0464159,0.3,20,0.7766666666666666,0.09345230512584127,242,0.8166666666666667,0.9166666666666667,0.8,0.65,0.7,0.024837398529052736,0.001482677459716797
0.2,0.0464159,0.3,50,0.72,0.12489995996796797,478,0.8166666666666667,0.9166666666666667,0.6166666666666667,0.65,0.6,0.024801206588745118,0.0014893531799316407
0.2,0.0464159,0.5,5,0.6166666666666666,0.04944132324730441,547,0.5666666666666667,0.5666666666666667,0.6166666666666667,0.6333333333333333,0.7,0.017425155639648436,0.00146942138671875
0.2,0.0464159,0.5,10,0.5666666666666667,0.05477225575051659,636,0.5666666666666667,0.6666666666666666,0.55,0.55,0.5,0.017372322082519532,0.0014516353607177735
0.2,0.0464159,0.5,20,0.5766666666666665,0.09977753031397177,635,0.6333333333333333,0.6666666666666666,0.5333333333333333,0.65,0.4,0.017407321929931642,0.0014302730560302734
0.2,0.0464159,0.5,50,0.5933333333333333,0.0793025150224688,585,0.5666666666666667,0.7166666666666667,0.5333333333333333,0.65,0.5,0.017375802993774413,0.001438474655151367
0.2,0.0464159,0.7,5,0.51,0.08406346808612329,721,0.5666666666666667,0.5666666666666667,0.35,0.5666666666666667,0.5,0.004152727127075195,0.0013837814331054688
0.2,0.0464159,0.7,10,0.5433333333333333,0.09285592184789412,640,0.5666666666666667,0.6666666666666666,0.4,0.48333333333333334,0.6000000000000001,0.0041411399841308595,0.0013770103454589845
0.2,0.0464159,0.7,20,0.5866666666666667,0.0644635986860457,602,0.6333333333333333,0.6666666666666666,0.55,0.48333333333333334,0.6000000000000001,0.004221820831298828,0.0013988494873046875
0.2,0.0464159,0.7,50,0.59,0.11860297916438131,586,0.5666666666666667,0.7166666666666667,0.7166666666666667,0.55,0.4,0.004132652282714843,0.0013917922973632813
0.2,0.0464159,0.9,5,0.51,0.08406346808612329,721,0.5666666666666667,0.5666666666666667,0.35,0.5666666666666667,0.5,0.0036908626556396485,0.001373291015625
0.2,0.0464159,0.9,10,0.5433333333333333,0.09285592184789412,640,0.5666666666666667,0.6666666666666666,0.4,0.48333333333333334,0.6000000000000001,0.0036964893341064455,0.0014505386352539062
0.2,0.0464159,0.9,20,0.5866666666666667,0.0644635986860457,602,0.6333333333333333,0.6666666666666666,0.55,0.48333333333333334,0.6000000000000001,0.0037084102630615236,0.0013806819915771484
0.2,0.0464159,0.9,50,0.59,0.11860297916438131,586,0.5666666666666667,0.7166666666666667,0.7166666666666667,0.55,0.4,0.003716707229614258,0.0013819694519042968
0.2,0.16681,0.1,5,0.74,0.08730533902472531,423,0.6333333333333333,0.7333333333333334,0.7166666666666667,0.7166666666666667,0.9,0.05221781730651855,0.0015436172485351562
0.2,0.16681,0.1,10,0.8233333333333335,0.059254629448770586,20,0.8333333333333333,0.8333333333333333,0.8333333333333333,0.7166666666666667,0.9,0.05529656410217285,0.0015323162078857422
0.2,0.16681,0.1,20,0.8200000000000001,0.09030811456096047,35,0.9166666666666667,0.9166666666666667,0.8333333333333333,0.7333333333333334,0.7,0.0522118091583252,0.001549100875854492
0.2,0.16681,0.1,50,0.7933333333333333,0.07498147919467997,147,0.8166666666666667,0.9166666666666667,0.8,0.7333333333333334,0.7,0.05234293937683106,0.0015430450439453125
0.2,0.16681,0.3,5,0.7633333333333333,0.11274356350191844,292,0.6333333333333333,0.8333333333333333,0.9166666666666667,0.6333333333333333,0.8,0.059302234649658205,0.0015408992767333984
0.2,0.16681,0.3,10,0.7833333333333334,0.04216370213557835,181,0.7333333333333334,0.8333333333333333,0.8166666666666667,0.7333333333333334,0.8,0.05945000648498535,0.0015346527099609375
0.2,0.16681,0.3,20,0.8333333333333334,0.09603240193925291,12,0.9166666666666667,0.9166666666666667,0.9,0.7333333333333334,0.7,0.059325790405273436,0.001545858383178711
0.2,0.16681,0.3,50,0.7733333333333333,0.12498888839501787,245,0.9166666666666667,0.9166666666666667,0.7,0.7333333333333334,0.6,0.05937795639038086,0.0015473365783691406
0.2,0.16681,0.5,5,0.7466666666666667,0.12445436468396312,387,0.7333333333333334,0.8333333333333333,0.9166666666666667,0.55,0.7,0.06823277473449707,0.001538705825805664
0.2,0.16681,0.5,10,0.7233333333333334,0.06960204339273697,463,0.7333333333333334,0.8333333333333333,0.6166666666666667,0.7333333333333334,0.7,0.06832356452941894,0.0015544414520263672
0.2,0.16681,0.5,20,0.8333333333333334,0.09603240193925291,12,0.9166666666666667,0.9166666666666667,0.9,0.7333333333333334,0.7,0.06827445030212402,0.0015485286712646484
0.2,0.16681,0.5,50,0.7933333333333333,0.14476033833738977,147,1.0,0.9166666666666667,0.7166666666666667,0.7333333333333334,0.6,0.06821112632751465,0.0016152381896972657
0.2,0.16681,0.7,5,0.7066666666666667,0.0910433352249844,484,0.7333333333333334,0.8333333333333333,0.7166666666666667,0.55,0.7,0.07431550025939941,0.001554727554321289
0.2,0.16681,0.7,10,0.7433333333333334,0.11382247385975916,408,0.8333333333333333,0.9166666666666667,0.6166666666666667,0.65,0.7,0.07463364601135254,0.0015648841857910157
0.2,0.16681,0.7,20,0.7966666666666666,0.14118545723031584,127,0.9166666666666667,0.9166666666666667,0.9,0.65,0.6,0.0743143081665039,0.0015514373779296875
0.2,0.16681,0.7,50,0.7533333333333333,0.18481221700838818,375,1.0,0.9166666666666667,0.6166666666666667,0.7333333333333334,0.5,0.07437653541564941,0.0015546321868896485
0.2,0.16681,0.9,5,0.7266666666666668,0.09225568335398698,451,0.7333333333333334,0.8166666666666667,0.8166666666666667,0.5666666666666667,0.7,0.0877690315246582,0.0015613555908203125
0.2,0.16681,0.9,10,0.76,0.10780641085864154,312,0.8333333333333333,0.9166666666666667,0.7166666666666667,0.7333333333333334,0.6,0.08785319328308105,0.0015592575073242188
0.2,0.16681,0.9,20,0.7966666666666666,0.13638181696985857,127,0.9166666666666667,1.0,0.7166666666666667,0.65,0.7,0.08823952674865723,0.0016636371612548829
0.2,0.16681,0.9,50,0.75,0.16261747890200626,378,0.8166666666666667,1.0,0.7,0.7333333333333334,0.5,0.08809070587158203,0.001551675796508789
0.2,0.599484,0.1,5,0.7233333333333334,0.09752492558885198,463,0.6333333333333333,0.7333333333333334,0.7166666666666667,0.6333333333333333,0.9,0.11991124153137207,0.0015859127044677735
0.2,0.599484,0.1,10,0.8433333333333334,0.10466878978738388,1,0.75,0.8333333333333333,0.9166666666666667,0.7166666666666667,1.0,0.11971683502197265,0.001573944091796875
0.2,0.599484,0.1,20,0.8200000000000001,0.09030811456096047,35,0.9166666666666667,0.9166666666666667,0.8333333333333333,0.7333333333333334,0.7,0.1196479320526123,0.0015578269958496094
0.2,0.599484,0.1,50,0.7766666666666667,0.12319812408384222,224,0.9166666666666667,0.9166666666666667,0.7166666666666667,0.7333333333333334,0.6,0.11968374252319336,0.0016396045684814453
0.2,0.599484,0.3,5,0.7233333333333334,0.09752492558885198,463,0.6333333333333333,0.7333333333333334,0.7166666666666667,0.6333333333333333,0.9,0.1386138916015625,0.0015781402587890625
0.2,0.599484,0.3,10,0.8033333333333333,0.03711842908553343,64,0.7333333333333334,0.8333333333333333,0.8333333333333333,0.8166666666666667,0.8,0.13830771446228027,0.0015788078308105469
0.2,0.599484,0.3,20,0.78,0.12174654911833119,194,0.9166666666666667,0.9166666666666667,0.7333333333333334,0.7333333333333334,0.6,0.13846769332885742,0.001577472686767578
0.2,0.599484,0.3,50,0.78,0.13391539617733783,194,0.9166666666666667,0.9166666666666667,0.8,0.5666666666666667,0.7,0.13853416442871094,0.001586008071899414
0.2,0.599484,0.5,5,0.7666666666666666,0.1115546702045434,271,0.6333333333333333,0.8333333333333333,0.8333333333333333,0.6333333333333333,0.9,0.15536203384399414,0.0015830039978027345
0.2,0.599484,0.5,10,0.7866666666666667,0.04521553322083506,156,0.7333333333333334,0.8333333333333333,0.8333333333333333,0.7333333333333334,0.8,0.15528450012207032,0.0015763282775878907
0.2,0.599484,0.5,20,0.8,0.0767390962214756,87,0.8333333333333333,0.9166666666666667,0.8166666666666667,0.7333333333333334,0.7,0.15515666007995604,0.0015769481658935546
0.2,0.599484,0.5,50,0.76,0.15077577170531528,312,0.9166666666666667,0.9166666666666667,0.8,0.5666666666666667,0.6,0.1550139904022217,0.0015846729278564454
0.2,0.599484,0.7,5,0.7633333333333333,0.11274356350191844,292,0.6333333333333333,0.8333333333333333,0.9166666666666667,0.6333333333333333,0.8,0.17613554000854492,0.001580953598022461
0.2,0.599484,0.7,10,0.7666666666666666,0.07601169500660919,271,0.7333333333333334,0.8333333333333333,0.8333333333333333,0.6333333333333333,0.8,0.17635512351989746,0.0015789985656738282
0.2,0.599484,0.7,20,0.7966666666666666,0.11756794725698934,127,0.8333333333333333,0.9166666666666667,0.9,0.7333333333333334,0.6,0.17630977630615235,0.0015761375427246094
0.2,0.599484,0.7,50,0.8099999999999999,0.13968217893171309,60,1.0,0.9166666666666667,0.8,0.7333333333333334,0.6,0.17610435485839843,0.001584911346435547
0.2,0.599484,0.9,5,0.7633333333333333,0.10022197585581942,292,0.7333333333333334,0.8333333333333333,0.9166666666666667,0.6333333333333333,0.7,0.21274809837341307,0.0015670299530029298
0.2,0.599484,0.9,10,0.7666666666666666,0.05577733510227167,271,0.7333333333333334,0.8333333333333333,0.8333333333333333,0.7333333333333334,0.7,0.21288080215454103,0.00148773193359375
0.2,0.599484,0.9,20,0.7833333333333334,0.13249737942901196,181,0.8333333333333333,0.9166666666666667,0.9,0.5666666666666667,0.7,0.21264328956604003,0.0015600204467773437
0.2,0.599484,0.9,50,0.7733333333333333,0.15656024754423173,245,1.0,0.9166666666666667,0.7,0.65,0.6,0.2127103328704834,0.001474905014038086
0.2,2.15443,0.1,5,0.7433333333333333,0.10728984626287388,419,0.6333333333333333,0.8333333333333333,0.7166666666666667,0.6333333333333333,0.9,0.21967124938964844,0.0014942169189453125
0.2,2.15443,0.1,10,0.8400000000000001,0.10780641085864154,3,0.8333333333333333,0.9166666666666667,0.7333333333333334,0.7166666666666667,1.0,0.21929388046264647,0.001493978500366211
0.2,2.15443,0.1,20,0.7799999999999999,0.14429907214608909,220,0.8333333333333333,0.8333333333333333,0.9166666666666667,0.8166666666666667,0.5,0.21934685707092286,0.0015044689178466796
0.2,2.15443,0.1,50,0.7766666666666667,0.12319812408384222,224,0.9166666666666667,0.9166666666666667,0.7166666666666667,0.7333333333333334,0.6,0.21953554153442384,0.0015055179595947266
0.2,2.15443,0.3,5,0.74,0.08730533902472531,423,0.6333333333333333,0.7333333333333334,0.7166666666666667,0.7166666666666667,0.9,0.28652682304382326,0.0015061855316162109
0.2,2.15443,0.3,10,0.7633333333333334,0.09030811456096044,285,0.65,0.8333333333333333,0.7166666666666667,0.7166666666666667,0.9,0.28677854537963865,0.0015648841857910157
0.2,2.15443,0.3,20,0.7633333333333334,0.08969082698049138,285,0.8333333333333333,0.8333333333333333,0.8166666666666667,0.7333333333333334,0.6,0.2867432117462158,0.0015777587890625
0.2,2.15443,0.3,50,0.7566666666666667,0.1384838538522733,346,0.9166666666666667,0.9166666666666667,0.6166666666666667,0.7333333333333334,0.6,0.2868512153625488,0.0015758514404296876
0.2,2.15443,0.5,5,0.7566666666666666,0.092255683353987,362,0.6333333333333333,0.8166666666666667,0.7166666666666667,0.7166666666666667,0.9,0.3203610420227051,0.0015816211700439454
0.2,2.15443,0.5,10,0.7633333333333333,0.0694422221866655,292,0.65,0.8333333333333333,0.8166666666666667,0.7166666666666667,0.8,0.3206221103668213,0.0015869140625
0.2,2.15443,0.5,20,0.78,0.12174654911833119,194,0.7333333333333334,0.9166666666666667,0.9166666666666667,0.7333333333333334,0.6,0.32085752487182617,0.0015778541564941406
0.2,2.15443,0.5,50,0.7966666666666666,0.1092397973878263,127,0.9166666666666667,0.9166666666666667,0.8,0.65,0.7,0.3204740047454834,0.0015913963317871094
0.2,2.15443,0.7,5,0.76,0.0946337971105226,312,0.6333333333333333,0.8333333333333333,0.7166666666666667,0.7166666666666667,0.9,0.37051687240600584,0.0015811443328857422
0.2,2.15443,0.7,10,0.7866666666666666,0.09333333333333332,170,0.7333333333333334,0.8333333333333333,0.8333333333333333,0.6333333333333333,0.9,0.37045512199401853,0.00157623291015625
0.2,2.15443,0.7,20,0.8,0.0767390962214756,87,0.8333333333333333,0.9166666666666667,0.8166666666666667,0.7333333333333334,0.7,0.37099008560180663,0.0015804290771484375
0.2,2.15443,0.7,50,0.7766666666666667,0.13190905958272922,224,0.9166666666666667,0.9166666666666667,0.8,0.65,0.6,0.37110176086425783,0.0015903472900390624
0.2,2.15443,0.9,5,0.75,0.10645812948447542,378,0.6333333333333333,0.8333333333333333,0.75,0.6333333333333333,0.9,0.41492199897766113,0.0015825271606445313
0.2,2.15443,0.9,10,0.7866666666666666,0.09333333333333332,170,0.7333333333333334,0.8333333333333333,0.8333333333333333,0.6333333333333333,0.9,0.4148414134979248,0.0015682220458984376
0.2,2.15443,0.9,20,0.7833333333333334,0.04944132324730438,181,0.8333333333333333,0.8333333333333333,0.7166666666666667,0.7333333333333334,0.8,0.43278112411499026,0.0015753746032714845
0.2,2.15443,0.9,50,0.7933333333333334,0.11953614051360742,144,0.9166666666666667,0.9166666666666667,0.8,0.7333333333333334,0.6,0.4328595161437988,0.0015878677368164062
0.2,7.74264,0.1,5,0.6733333333333335,0.08339997335464537,506,0.55,0.6666666666666666,0.7166666666666667,0.6333333333333333,0.8,0.2849987506866455,0.0015688896179199218
0.2,7.74264,0.1,10,0.8033333333333335,0.14884742374510737,63,0.65,0.9166666666666667,0.8333333333333333,0.6166666666666667,1.0,0.2765946865081787,0.0015732765197753907
0.2,7.74264,0.1,20,0.7866666666666667,0.053124591501697405,156,0.75,0.8333333333333333,0.8333333333333333,0.8166666666666667,0.7,0.27698516845703125,0.0015690326690673828
0.2,7.74264,0.1,50,0.78,0.12174654911833119,194,0.9166666666666667,0.9166666666666667,0.7333333333333334,0.7333333333333334,0.6,0.27734947204589844,0.0015750408172607421
0.2,7.74264,0.3,5,0.7466666666666667,0.08589399151150084,387,0.6333333333333333,0.7333333333333334,0.7333333333333334,0.7333333333333334,0.9,0.44455795288085936,0.0015693187713623046
0.2,7.74264,0.3,10,0.76,0.07498147919467994,312,0.8166666666666667,0.8333333333333333,0.6333333333333333,0.7166666666666667,0.8,0.44493327140808103,0.0015670299530029298
0.2,7.74264,0.3,20,0.8366666666666667,0.07986099033807298,5,0.9166666666666667,0.8333333333333333,0.9166666666666667,0.8166666666666667,0.7,0.4451431751251221,0.0016988277435302734
0.2,7.74264,0.3,50,0.7566666666666667,0.1384838538522733,346,0.9166666666666667,0.9166666666666667,0.6166666666666667,0.7333333333333334,0.6,0.44471011161804197,0.0015648841857910157
0.2,7.74264,0.5,5,0.74,0.08730533902472531,423,0.6333333333333333,0.7333333333333334,0.7166666666666667,0.7166666666666667,0.9,0.5204809188842774,0.0015558242797851563
0.2,7.74264,0.5,10,0.7766666666666667,0.050110987927909675,224,0.8166666666666667,0.8333333333333333,0.7166666666666667,0.7166666666666667,0.8,0.521510648727417,0.0015834808349609376
0.2,7.74264,0.5,20,0.7966666666666666,0.10509255180289633,127,0.8333333333333333,0.9166666666666667,0.8166666666666667,0.8166666666666667,0.6,0.5210308074951172,0.0015934944152832032
0.2,7.74264,0.5,50,0.7233333333333334,0.1586750698054921,463,0.9166666666666667,0.9166666666666667,0.6166666666666667,0.5666666666666667,0.6,0.5211511135101319,0.0015963077545166015
0.2,7.74264,0.7,5,0.74,0.08730533902472531,423,0.6333333333333333,0.7333333333333334,0.7166666666666667,0.7166666666666667,0.9,0.5790269851684571,0.0015784740447998048
0.2,7.74264,0.7,10,0.7966666666666666,0.07102425250887505,127,0.8166666666666667,0.8333333333333333,0.7166666666666667,0.7166666666666667,0.9,0.5793368816375732,0.001609468460083008
0.2,7.74264,0.7,20,0.76,0.1046687897873839,312,0.7333333333333334,0.9166666666666667,0.8166666666666667,0.7333333333333334,0.6,0.5793138980865479,0.0015864372253417969
0.2,7.74264,0.7,50,0.76,0.11860297916438134,312,0.8166666666666667,0.9166666666666667,0.8,0.5666666666666667,0.7,0.5780845165252686,0.0015921592712402344
0.2,7.74264,0.9,5,0.76,0.0946337971105226,312,0.6333333333333333,0.8333333333333333,0.7166666666666667,0.7166666666666667,0.9,0.6147301673889161,0.0015935897827148438
0.2,7.74264,0.9,10,0.7666666666666667,0.08881941729649484,259,0.65,0.8333333333333333,0.7166666666666667,0.7333333333333334,0.9,0.6145041465759278,0.001596689224243164
0.2,7.74264,0.9,20,0.78,0.10718623460542352,194,0.8333333333333333,0.9166666666666667,0.8166666666666667,0.7333333333333334,0.6,0.6143033981323243,0.0015901565551757813
0.2,7.74264,0.9,50,0.74,0.13441230102437304,423,0.8166666666666667,0.9166666666666667,0.8,0.5666666666666667,0.6,0.6134508132934571,0.0015908241271972655
0.2,27.8256,0.1,5,0.6933333333333334,0.10143416036468626,490,0.55,0.6666666666666666,0.8166666666666667,0.6333333333333333,0.8,0.30557923316955565,0.0015828609466552734
0.2,27.8256,0.1,10,0.7699999999999999,0.15143755588800728,255,0.7333333333333334,0.75,0.8333333333333333,0.5333333333333333,1.0,0.30559849739074707,0.0015828132629394532
0.2,27.8256,0.1,20,0.8033333333333333,0.05206833117271102,64,0.8333333333333333,0.8333333333333333,0.8333333333333333,0.8166666666666667,0.7,0.30529255867004396,0.001583433151245117
0.2,27.8256,0.1,50,0.8,0.09603240193925291,87,0.9166666666666667,0.9166666666666667,0.7333333333333334,0.7333333333333334,0.7,0.3060126304626465,0.0016025543212890626
0.2,27.8256,0.3,5,0.6733333333333335,0.08339997335464537,506,0.55,0.6666666666666666,0.7166666666666667,0.6333333333333333,0.8,0.4103580951690674,0.0015568256378173829
0.2,27.8256,0.3,10,0.8,0.1386442289539028,87,0.7333333333333334,0.9166666666666667,0.7333333333333334,0.6166666666666667,1.0,0.41009092330932617,0.0015266895294189452
0.2,27.8256,0.3,20,0.7866666666666667,0.053124591501697405,156,0.75,0.8333333333333333,0.8333333333333333,0.8166666666666667,0.7,0.4097564697265625,0.0015343666076660157
0.2,27.8256,0.3,50,0.78,0.12174654911833119,194,0.9166666666666667,0.9166666666666667,0.7333333333333334,0.7333333333333334,0.6,0.4113297462463379,0.001533651351928711
0.2,27.8256,0.5,5,0.6900000000000001,0.08856886837057615,496,0.55,0.75,0.7166666666666667,0.6333333333333333,0.8,0.5496204376220704,0.0016013145446777343
0.2,27.8256,0.5,10,0.7466666666666667,0.13432961119739922,387,0.7333333333333334,0.7333333333333334,0.6333333333333333,0.6333333333333333,1.0,0.549347972869873,0.0015867233276367187
0.2,27.8256,0.5,20,0.7799999999999999,0.14429907214608909,220,0.8333333333333333,0.8333333333333333,0.9166666666666667,0.8166666666666667,0.5,0.5488030433654785,0.001699352264404297
0.2,27.8256,0.5,50,0.7566666666666667,0.1384838538522733,346,0.9166666666666667,0.9166666666666667,0.6166666666666667,0.7333333333333334,0.6,0.5486434936523438,0.0015977382659912109
0.2,27.8256,0.7,5,0.7233333333333334,0.12978614889287857,463,0.6333333333333333,0.7333333333333334,0.8166666666666667,0.5333333333333333,0.9,0.6380567073822021,0.0015863895416259766
0.2,27.8256,0.7,10,0.76,0.07498147919467994,312,0.8166666666666667,0.8333333333333333,0.6333333333333333,0.7166666666666667,0.8,0.6373944759368897,0.0015903472900390624
0.2,27.8256,0.7,20,0.8166666666666668,0.11595018087284056,43,0.9166666666666667,0.8333333333333333,0.9166666666666667,0.8166666666666667,0.6000000000000001,0.6375577926635743,0.0015929222106933593
0.2,27.8256,0.7,50,0.74,0.11430952132988167,423,0.8166666666666667,0.9166666666666667,0.7166666666666667,0.65,0.6,0.6381552696228028,0.0015835762023925781
0.2,27.8256,0.9,5,0.7066666666666667,0.12183777921664712,484,0.6333333333333333,0.7333333333333334,0.7333333333333334,0.5333333333333333,0.9,0.6851229190826416,0.0015826702117919921
0.2,27.8256,0.9,10,0.76,0.07498147919467994,312,0.8166666666666667,0.8333333333333333,0.6333333333333333,0.7166666666666667,0.8,0.6883269786834717,0.0015851974487304688
0.2,27.8256,0.9,20,0.8166666666666667,0.11595018087284062,51,0.9166666666666667,0.8333333333333333,0.9166666666666667,0.8166666666666667,0.6,0.6916799068450927,0.0015833854675292968
0.2,27.8256,0.9,50,0.76,0.1331665623695879,312,0.9166666666666667,0.9166666666666667,0.7166666666666667,0.65,0.6,0.6916580200195312,0.001585245132446289
0.2,100.0,0.1,5,0.6933333333333334,0.10143416036468626,490,0.55,0.6666666666666666,0.8166666666666667,0.6333333333333333,0.8,0.36026959419250487,0.0016467571258544922
0.2,100.0,0.1,10,0.7666666666666666,0.1501850710142508,271,0.7333333333333334,0.75,0.8166666666666667,0.5333333333333333,1.0,0.3604261875152588,0.0015863895416259766
0.2,100.0,0.1,20,0.8033333333333333,0.05206833117271102,64,0.8333333333333333,0.8333333333333333,0.8333333333333333,0.8166666666666667,0.7,0.3606558322906494,0.001588916778564453
0.2,100.0,0.1,50,0.8,0.09603240193925291,87,0.9166666666666667,0.9166666666666667,0.7333333333333334,0.7333333333333334,0.7,0.3606083393096924,0.001584482192993164
0.2,100.0,0.3,5,0.6933333333333334,0.10143416036468626,490,0.55,0.6666666666666666,0.8166666666666667,0.6333333333333333,0.8,0.37024717330932616,0.0015436649322509766
0.2,100.0,0.3,10,0.7666666666666666,0.1501850710142508,271,0.7333333333333334,0.75,0.8166666666666667,0.5333333333333333,1.0,0.3697638034820557,0.0015334129333496095
0.2,100.0,0.3,20,0.8033333333333333,0.05206833117271102,64,0.8333333333333333,0.8333333333333333,0.8333333333333333,0.8166666666666667,0.7,0.36945285797119143,0.0015129566192626954
0.2,100.0,0.3,50,0.8,0.09603240193925291,87,0.9166666666666667,0.9166666666666667,0.7333333333333334,0.7333333333333334,0.7,0.36954188346862793,0.0015916824340820312
0.2,100.0,0.5,5,0.6733333333333335,0.08339997335464537,506,0.55,0.6666666666666666,0.7166666666666667,0.6333333333333333,0.8,0.3972292423248291,0.001580667495727539
0.2,100.0,0.5,10,0.7266666666666666,0.10413666234542206,461,0.7333333333333334,0.8333333333333333,0.7333333333333334,0.5333333333333333,0.8,0.39473867416381836,0.0015916824340820312
0.2,100.0,0.5,20,0.8033333333333333,0.05206833117271102,64,0.8333333333333333,0.8333333333333333,0.8333333333333333,0.8166666666666667,0.7,0.3947704792022705,0.0016254901885986329
0.2,100.0,0.5,50,0.8,0.09603240193925291,87,0.9166666666666667,0.9166666666666667,0.7333333333333334,0.7333333333333334,0.7,0.3945615291595459,0.0015883445739746094
0.2,100.0,0.7,5,0.6733333333333335,0.08339997335464537,506,0.55,0.6666666666666666,0.7166666666666667,0.6333333333333333,0.8,0.4300203323364258,0.0015743732452392577
0.2,100.0,0.7,10,0.7666666666666666,0.15202339001321838,271,0.7333333333333334,0.8333333333333333,0.7333333333333334,0.5333333333333333,1.0,0.43042941093444825,0.0015797615051269531
0.2,100.0,0.7,20,0.8033333333333333,0.07408703590297626,64,0.75,0.8333333333333333,0.9166666666666667,0.8166666666666667,0.7,0.42981629371643065,0.0015916824340820312
0.2,100.0,0.7,50,0.78,0.12174654911833119,194,0.9166666666666667,0.9166666666666667,0.7333333333333334,0.7333333333333334,0.6,0.429449462890625,0.0017186641693115235
0.2,100.0,0.9,5,0.6733333333333335,0.08339997335464537,506,0.55,0.6666666666666666,0.7166666666666667,0.6333333333333333,0.8,0.47713651657104494,0.0015680313110351563
0.2,100.0,0.9,10,0.8,0.1386442289539028,87,0.7333333333333334,0.9166666666666667,0.7333333333333334,0.6166666666666667,1.0,0.4772531509399414,0.001571512222290039
0.2,100.0,0.9,20,0.7866666666666667,0.053124591501697405,156,0.75,0.8333333333333333,0.8333333333333333,0.8166666666666667,0.7,0.47713346481323243,0.001608419418334961
0.2,100.0,0.9,50,0.78,0.12174654911833119,194,0.9166666666666667,0.9166666666666667,0.7333333333333334,0.7333333333333334,0.6,0.4773723602294922,0.0015895366668701172
0.5,0.001,0.1,5,0.4766666666666667,0.0879393730551528,769,0.5666666666666667,0.5,0.35,0.5666666666666667,0.4,0.0032402992248535155,0.001394796371459961
0.5,0.001,0.1,10,0.47333333333333333,0.0374165738677394,785,0.48333333333333334,0.5,0.4,0.48333333333333334,0.5,0.0032245159149169923,0.0013844966888427734
0.5,0.001,0.1,20,0.5233333333333333,0.035901098714230015,705,0.5666666666666667,0.5,0.48333333333333334,0.5666666666666667,0.5,0.0032851696014404297,0.0013857841491699218
0.5,0.001,0.1,50,0.5366666666666667,0.16034684627740925,688,0.48333333333333334,0.7166666666666667,0.7166666666666667,0.4666666666666667,0.30000000000000004,0.0032377719879150392,0.0013943195343017578
0.5,0.001,0.3,5,0.4766666666666667,0.0879393730551528,769,0.5666666666666667,0.5,0.35,0.5666666666666667,0.4,0.003215932846069336,0.0013876914978027343
0.5,0.001,0.3,10,0.47333333333333333,0.0374165738677394,785,0.48333333333333334,0.5,0.4,0.48333333333333334,0.5,0.0032173633575439454,0.0014451026916503906
0.5,0.001,0.3,20,0.5233333333333333,0.035901098714230015,705,0.5666666666666667,0.5,0.48333333333333334,0.5666666666666667,0.5,0.003233194351196289,0.0013861656188964844
0.5,0.001,0.3,50,0.5366666666666667,0.16034684627740925,688,0.48333333333333334,0.7166666666666667,0.7166666666666667,0.4666666666666667,0.30000000000000004,0.0032714366912841796,0.0013851165771484376
0.5,0.001,0.5,5,0.4766666666666667,0.0879393730551528,769,0.5666666666666667,0.5,0.35,0.5666666666666667,0.4,0.003216981887817383,0.00139312744140625
0.5,0.001,0.5,10,0.47333333333333333,0.0374165738677394,785,0.48333333333333334,0.5,0.4,0.48333333333333334,0.5,0.003276205062866211,0.0013903141021728515
0.5,0.001,0.5,20,0.5233333333333333,0.035901098714230015,705,0.5666666666666667,0.5,0.48333333333333334,0.5666666666666667,0.5,0.003230428695678711,0.0013744831085205078
0.5,0.001,0.5,50,0.5366666666666667,0.16034684627740925,688,0.48333333333333334,0.7166666666666667,0.7166666666666667,0.4666666666666667,0.30000000000000004,0.003255462646484375,0.0013883113861083984
0.5,0.001,0.7,5,0.4766666666666667,0.0879393730551528,769,0.5666666666666667,0.5,0.35,0.5666666666666667,0.4,0.003184604644775391,0.001387643814086914
0.5,0.001,0.7,10,0.47333333333333333,0.0374165738677394,785,0.48333333333333334,0.5,0.4,0.48333333333333334,0.5,0.0032184600830078127,0.0014482498168945312
0.5,0.001,0.7,20,0.5233333333333333,0.035901098714230015,705,0.5666666666666667,0.5,0.48333333333333334,0.5666666666666667,0.5,0.003210926055908203,0.0013741493225097657
0.5,0.001,0.7,50,0.5366666666666667,0.16034684627740925,688,0.48333333333333334,0.7166666666666667,0.7166666666666667,0.4666666666666667,0.30000000000000004,0.0032724857330322264,0.0013934612274169923
0.5,0.001,0.9,5,0.4766666666666667,0.0879393730551528,769,0.5666666666666667,0.5,0.35,0.5666666666666667,0.4,0.003240346908569336,0.0013803482055664063
0.5,0.001,0.9,10,0.47333333333333333,0.0374165738677394,785,0.48333333333333334,0.5,0.4,0.48333333333333334,0.5,0.003253459930419922,0.001383352279663086
0.5,0.001,0.9,20,0.5233333333333333,0.035901098714230015,705,0.5666666666666667,0.5,0.48333333333333334,0.5666666666666667,0.5,0.0032016277313232423,0.0013890743255615234
0.5,0.001,0.9,50,0.5366666666666667,0.16034684627740925,688,0.48333333333333334,0.7166666666666667,0.7166666666666667,0.4666666666666667,0.30000000000000004,0.0032697677612304687,0.0013768672943115234
0.5,0.00359381,0.1,5,0.4766666666666667,0.0879393730551528,769,0.5666666666666667,0.5,0.35,0.5666666666666667,0.4,0.003676319122314453,0.0013900279998779296
0.5,0.00359381,0.1,10,0.47333333333333333,0.0374165738677394,785,0.48333333333333334,0.5,0.4,0.48333333333333334,0.5,0.0037368297576904296,0.0013969898223876952
0.5,0.00359381,0.1,20,0.5233333333333333,0.035901098714230015,705,0.5666666666666667,0.5,0.48333333333333334,0.5666666666666667,0.5,0.003652477264404297,0.0013874053955078125
0.5,0.00359381,0.1,50,0.5366666666666667,0.16034684627740925,688,0.48333333333333334,0.7166666666666667,0.7166666666666667,0.4666666666666667,0.30000000000000004,0.0037116527557373045,0.001390361785888672
0.5,0.00359381,0.3,5,0.4766666666666667,0.0879393730551528,769,0.5666666666666667,0.5,0.35,0.5666666666666667,0.4,0.00321044921875,0.0013671398162841796
0.5,0.00359381,0.3,10,0.47333333333333333,0.0374165738677394,785,0.48333333333333334,0.5,0.4,0.48333333333333334,0.5,0.003275299072265625,0.0013909339904785156
0.5,0.00359381,0.3,20,0.5233333333333333,0.035901098714230015,705,0.5666666666666667,0.5,0.48333333333333334,0.5666666666666667,0.5,0.003210639953613281,0.0013786792755126954
0.5,0.00359381,0.3,50,0.5366666666666667,0.16034684627740925,688,0.48333333333333334,0.7166666666666667,0.7166666666666667,0.4666666666666667,0.30000000000000004,0.003263092041015625,0.0014165878295898438
0.5,0.00359381,0.5,5,0.4766666666666667,0.0879393730551528,769,0.5666666666666667,0.5,0.35,0.5666666666666667,0.4,0.003223419189453125,0.0013702392578125
0.5,0.00359381,0.5,10,0.47333333333333333,0.0374165738677394,785,0.48333333333333334,0.5,0.4,0.48333333333333334,0.5,0.0032747268676757814,0.0013816356658935547
0.5,0.00359381,0.5,20,0.5233333333333333,0.035901098714230015,705,0.5666666666666667,0.5,0.48333333333333334,0.5666666666666667,0.5,0.0031891345977783205,0.0013938426971435546
0.5,0.00359381,0.5,50,0.5366666666666667,0.16034684627740925,688,0.48333333333333334,0.7166666666666667,0.7166666666666667,0.4666666666666667,0.30000000000000004,0.003301382064819336,0.0013836860656738282
0.5,0.00359381,0.7,5,0.4766666666666667,0.0879393730551528,769,0.5666666666666667,0.5,0.35,0.5666666666666667,0.4,0.003192758560180664,0.001456880569458008
0.5,0.00359381,0.7,10,0.47333333333333333,0.0374165738677394,785,0.48333333333333334,0.5,0.4,0.48333333333333334,0.5,0.003210639953613281,0.0013807296752929687
0.5,0.00359381,0.7,20,0.5233333333333333,0.035901098714230015,705,0.5666666666666667,0.5,0.48333333333333334,0.5666666666666667,0.5,0.0032263278961181642,0.0013679981231689454
0.5,0.00359381,0.7,50,0.5366666666666667,0.16034684627740925,688,0.48333333333333334,0.7166666666666667,0.7166666666666667,0.4666666666666667,0.30000000000000004,0.0032860755920410155,0.0013728141784667969
0.5,0.00359381,0.9,5,0.4766666666666667,0.0879393730551528,769,0.5666666666666667,0.5,0.35,0.5666666666666667,0.4,0.003250741958618164,0.001381683349609375
0.5,0.00359381,0.9,10,0.47333333333333333,0.0374165738677394,785,0.48333333333333334,0.5,0.4,0.48333333333333334,0.5,0.003232860565185547,0.0013706684112548828
0.5,0.00359381,0.9,20,0.5233333333333333,0.035901098714230015,705,0.5666666666666667,0.5,0.48333333333333334,0.5666666666666667,0.5,0.003224754333496094,0.0013839244842529298
0.5,0.00359381,0.9,50,0.5366666666666667,0.16034684627740925,688,0.48333333333333334,0.7166666666666667,0.7166666666666667,0.4666666666666667,0.30000000000000004,0.0032913684844970703,0.0013858318328857423
0.5,0.0129155,0.1,5,0.7266666666666667,0.12183777921664707,456,0.8333333333333333,0.8333333333333333,0.7333333333333334,0.7333333333333334,0.5,0.012189388275146484,0.0014092445373535157
0.5,0.0129155,0.1,10,0.7833333333333333,0.16363916944844775,192,0.9166666666666667,0.9166666666666667,0.9166666666666667,0.5666666666666667,0.6,0.012229251861572265,0.0014120101928710937
0.5,0.0129155,0.1,20,0.7566666666666666,0.11575836902790228,362,0.8166666666666667,0.9166666666666667,0.8,0.65,0.6,0.012131690979003906,0.0014055252075195312
0.5,0.0129155,0.1,50,0.74,0.11430952132988167,423,0.8166666666666667,0.9166666666666667,0.7166666666666667,0.65,0.6,0.012202167510986328,0.001402139663696289
0.5,0.0129155,0.3,5,0.4766666666666667,0.0879393730551528,769,0.5666666666666667,0.5,0.35,0.5666666666666667,0.4,0.0036475658416748047,0.0013836860656738282
0.5,0.0129155,0.3,10,0.47333333333333333,0.0374165738677394,785,0.48333333333333334,0.5,0.4,0.48333333333333334,0.5,0.0036555767059326173,0.0014770984649658202
0.5,0.0129155,0.3,20,0.5233333333333333,0.035901098714230015,705,0.5666666666666667,0.5,0.48333333333333334,0.5666666666666667,0.5,0.0036554813385009767,0.0013843536376953124
0.5,0.0129155,0.3,50,0.5366666666666667,0.16034684627740925,688,0.48333333333333334,0.7166666666666667,0.7166666666666667,0.4666666666666667,0.30000000000000004,0.0037318706512451173,0.0013768196105957032
0.5,0.0129155,0.5,5,0.4766666666666667,0.0879393730551528,769,0.5666666666666667,0.5,0.35,0.5666666666666667,0.4,0.0031869888305664064,0.0013811111450195313
0.5,0.0129155,0.5,10,0.47333333333333333,0.0374165738677394,785,0.48333333333333334,0.5,0.4,0.48333333333333334,0.5,0.0032559871673583985,0.0013902664184570312
0.5,0.0129155,0.5,20,0.5233333333333333,0.035901098714230015,705,0.5666666666666667,0.5,0.48333333333333334,0.5666666666666667,0.5,0.0032085418701171876,0.001380586624145508
0.5,0.0129155,0.5,50,0.5366666666666667,0.16034684627740925,688,0.48333333333333334,0.7166666666666667,0.7166666666666667,0.4666666666666667,0.30000000000000004,0.003283977508544922,0.001371908187866211
0.5,0.0129155,0.7,5,0.4766666666666667,0.0879393730551528,769,0.5666666666666667,0.5,0.35,0.5666666666666667,0.4,0.0032463550567626955,0.001377105712890625
0.5,0.0129155,0.7,10,0.47333333333333333,0.0374165738677394,785,0.48333333333333334,0.5,0.4,0.48333333333333334,0.5,0.0032120227813720705,0.001365804672241211
0.5,0.0129155,0.7,20,0.5233333333333333,0.035901098714230015,705,0.5666666666666667,0.5,0.48333333333333334,0.5666666666666667,0.5,0.0032208442687988283,0.0013752460479736328
0.5,0.0129155,0.7,50,0.5366666666666667,0.16034684627740925,688,0.48333333333333334,0.7166666666666667,0.7166666666666667,0.4666666666666667,0.30000000000000004,0.003270673751831055,0.0013864517211914062
0.5,0.0129155,0.9,5,0.4766666666666667,0.0879393730551528,769,0.5666666666666667,0.5,0.35,0.5666666666666667,0.4,0.003243160247802734,0.0013779640197753907
0.5,0.0129155,0.9,10,0.47333333333333333,0.0374165738677394,785,0.48333333333333334,0.5,0.4,0.48333333333333334,0.5,0.0031932830810546876,0.001381683349609375
0.5,0.0129155,0.9,20,0.5233333333333333,0.035901098714230015,705,0.5666666666666667,0.5,0.48333333333333334,0.5666666666666667,0.5,0.003221940994262695,0.0013817310333251952
0.5,0.0129155,0.9,50,0.5366666666666667,0.16034684627740925,688,0.48333333333333334,0.7166666666666667,0.7166666666666667,0.4666666666666667,0.30000000000000004,0.003253316879272461,0.0013796329498291016
0.5,0.0464159,0.1,5,0.7466666666666667,0.13474255287605158,387,0.6333333333333333,0.8333333333333333,0.9166666666666667,0.55,0.8,0.022460746765136718,0.0014452934265136719
0.5,0.0464159,0.1,10,0.8233333333333335,0.07930251502246882,20,0.75,0.9166666666666667,0.9166666666666667,0.7333333333333334,0.8,0.022534275054931642,0.0014974594116210938
0.5,0.0464159,0.1,20,0.8166666666666667,0.12952906151816967,51,0.9166666666666667,0.9166666666666667,0.9166666666666667,0.7333333333333334,0.6,0.022463607788085937,0.0015082836151123046
0.5,0.0464159,0.1,50,0.7566666666666667,0.10572501018102473,346,0.8166666666666667,0.9166666666666667,0.7166666666666667,0.7333333333333334,0.6,0.022585725784301756,0.0014876365661621095
0.5,0.0464159,0.3,5,0.6833333333333333,0.13123346456686352,502,0.7333333333333334,0.9166666666666667,0.6166666666666667,0.55,0.6000000000000001,0.02489466667175293,0.001467132568359375
0.5,0.0464159,0.3,10,0.7966666666666667,0.1777638883463118,121,0.9166666666666667,1.0,0.9,0.5666666666666667,0.6,0.02484726905822754,0.0014452457427978516
0.5,0.0464159,0.3,20,0.7566666666666666,0.11575836902790228,362,0.8166666666666667,0.9166666666666667,0.8,0.65,0.6,0.024754858016967772,0.0014142036437988282
0.5,0.0464159,0.3,50,0.7033333333333334,0.13800161029656302,489,0.8166666666666667,0.9166666666666667,0.6166666666666667,0.5666666666666667,0.6,0.024902820587158203,0.0014194965362548829
0.5,0.0464159,0.5,5,0.6266666666666666,0.12364824660660936,546,0.5666666666666667,0.5,0.8333333333333333,0.5333333333333333,0.7,0.01732354164123535,0.0013957977294921874
0.5,0.0464159,0.5,10,0.5533333333333333,0.09273618495495707,639,0.48333333333333334,0.5,0.7333333333333334,0.55,0.5,0.017388582229614258,0.0013927936553955079
0.5,0.0464159,0.5,20,0.53,0.02666666666666667,704,0.5666666666666667,0.5,0.5333333333333333,0.55,0.5,0.017476844787597656,0.001466846466064453
0.5,0.0464159,0.5,50,0.5766666666666667,0.09104333522498444,634,0.48333333333333334,0.7166666666666667,0.5333333333333333,0.65,0.5,0.017511272430419923,0.001455545425415039
0.5,0.0464159,0.7,5,0.4766666666666667,0.0879393730551528,769,0.5666666666666667,0.5,0.35,0.5666666666666667,0.4,0.00419921875,0.0014669418334960938
0.5,0.0464159,0.7,10,0.47333333333333333,0.0374165738677394,785,0.48333333333333334,0.5,0.4,0.48333333333333334,0.5,0.004144859313964844,0.0013962268829345703
0.5,0.0464159,0.7,20,0.5233333333333333,0.035901098714230015,705,0.5666666666666667,0.5,0.48333333333333334,0.5666666666666667,0.5,0.004153633117675781,0.0013849258422851563
0.5,0.0464159,0.7,50,0.5366666666666667,0.16034684627740925,688,0.48333333333333334,0.7166666666666667,0.7166666666666667,0.4666666666666667,0.30000000000000004,0.004261684417724609,0.0013818740844726562
0.5,0.0464159,0.9,5,0.4766666666666667,0.0879393730551528,769,0.5666666666666667,0.5,0.35,0.5666666666666667,0.4,0.0036860942840576173,0.0013811588287353516
0.5,0.0464159,0.9,10,0.47333333333333333,0.0374165738677394,785,0.48333333333333334,0.5,0.4,0.48333333333333334,0.5,0.0036991119384765627,0.001382160186767578
0.5,0.0464159,0.9,20,0.5233333333333333,0.035901098714230015,705,0.5666666666666667,0.5,0.48333333333333334,0.5666666666666667,0.5,0.0037026405334472656,0.0013823986053466796
0.5,0.0464159,0.9,50,0.5366666666666667,0.16034684627740925,688,0.48333333333333334,0.7166666666666667,0.7166666666666667,0.4666666666666667,0.30000000000000004,0.003858041763305664,0.001383352279663086
0.5,0.16681,0.1,5,0.7633333333333334,0.09333333333333332,285,0.6333333333333333,0.7333333333333334,0.8333333333333333,0.7166666666666667,0.9,0.05253958702087402,0.0015264987945556641
0.5,0.16681,0.1,10,0.7699999999999999,0.07483314773547882,255,0.8333333333333333,0.8333333333333333,0.75,0.6333333333333333,0.8,0.05250458717346192,0.0016035079956054688
0.5,0.16681,0.1,20,0.8366666666666667,0.09854496999396326,5,0.9166666666666667,0.9166666666666667,0.9166666666666667,0.7333333333333334,0.7,0.0522974967956543,0.001502227783203125
0.5,0.16681,0.1,50,0.7733333333333333,0.1046687897873839,245,0.8166666666666667,0.9166666666666667,0.8,0.7333333333333334,0.6,0.0525609016418457,0.0015381336212158202
0.5,0.16681,0.3,5,0.7633333333333333,0.11274356350191844,292,0.6333333333333333,0.8333333333333333,0.9166666666666667,0.6333333333333333,0.8,0.059441137313842776,0.001490306854248047
0.5,0.16681,0.3,10,0.7833333333333334,0.04216370213557835,181,0.7333333333333334,0.8333333333333333,0.8166666666666667,0.7333333333333334,0.8,0.05960879325866699,0.001531839370727539
0.5,0.16681,0.3,20,0.8133333333333332,0.12710450643291749,58,0.9166666666666667,0.9166666666666667,0.9,0.7333333333333334,0.6,0.05932474136352539,0.0015233993530273438
0.5,0.16681,0.3,50,0.7733333333333333,0.12498888839501787,245,0.9166666666666667,0.9166666666666667,0.7,0.7333333333333334,0.6,0.059606075286865234,0.001526021957397461
0.5,0.16681,0.5,5,0.7466666666666667,0.12445436468396312,387,0.7333333333333334,0.8333333333333333,0.9166666666666667,0.55,0.7,0.06863713264465332,0.0015308380126953125
0.5,0.16681,0.5,10,0.7266666666666666,0.060184900284225934,461,0.7333333333333334,0.8333333333333333,0.7166666666666667,0.65,0.7,0.06877222061157226,0.0015735149383544922
0.5,0.16681,0.5,20,0.8133333333333332,0.12710450643291749,58,0.9166666666666667,0.9166666666666667,0.9,0.7333333333333334,0.6,0.06836681365966797,0.0015604019165039063
0.5,0.16681,0.5,50,0.7766666666666667,0.12319812408384222,224,0.9166666666666667,0.9166666666666667,0.7166666666666667,0.7333333333333334,0.6,0.06861209869384766,0.001569652557373047
0.5,0.16681,0.7,5,0.7066666666666667,0.0910433352249844,484,0.7333333333333334,0.8333333333333333,0.7166666666666667,0.55,0.7,0.0748870849609375,0.0015700340270996093
0.5,0.16681,0.7,10,0.7633333333333333,0.09741092797468306,292,0.8333333333333333,0.9166666666666667,0.7166666666666667,0.65,0.7,0.07471537590026855,0.0015713691711425782
0.5,0.16681,0.7,20,0.7966666666666666,0.14118545723031584,127,0.9166666666666667,0.9166666666666667,0.9,0.65,0.6,0.07425646781921387,0.0015665531158447266
0.5,0.16681,0.7,50,0.7366666666666667,0.16445195178058683,446,0.9166666666666667,0.9166666666666667,0.6166666666666667,0.7333333333333334,0.5,0.0745722770690918,0.001651430130004883
0.5,0.16681,0.9,5,0.7433333333333334,0.06548960901462832,408,0.7333333333333334,0.8166666666666667,0.8166666666666667,0.65,0.7,0.08851156234741211,0.0015643119812011718
0.5,0.16681,0.9,10,0.7433333333333334,0.1190704739966117,408,0.8333333333333333,0.9166666666666667,0.6333333333333333,0.7333333333333334,0.6,0.08815851211547851,0.0015633106231689453
0.5,0.16681,0.9,20,0.76,0.1331665623695879,312,0.9166666666666667,0.9166666666666667,0.7166666666666667,0.65,0.6,0.08820290565490722,0.0015503406524658204
0.5,0.16681,0.9,50,0.75,0.16261747890200626,378,0.8166666666666667,1.0,0.7,0.7333333333333334,0.5,0.08834419250488282,0.0015553474426269532
0.5,0.599484,0.1,5,0.73,0.09797958971132714,448,0.6333333333333333,0.7333333333333334,0.75,0.6333333333333333,0.9,0.1202850341796875,0.0015683650970458984
0.5,0.599484,0.1,10,0.8266666666666665,0.127627931460511,18,0.75,0.8333333333333333,0.9166666666666667,0.6333333333333333,1.0,0.12001900672912598,0.001575803756713867
0.5,0.599484,0.1,20,0.8,0.1206464071390257,87,0.9166666666666667,0.9166666666666667,0.8333333333333333,0.7333333333333334,0.6000000000000001,0.12039809226989746,0.0015747547149658203
0.5,0.599484,0.1,50,0.7766666666666667,0.12319812408384222,224,0.9166666666666667,0.9166666666666667,0.7166666666666667,0.7333333333333334,0.6,0.12047638893127441,0.0015731334686279296
0.5,0.599484,0.3,5,0.73,0.09797958971132714,448,0.6333333333333333,0.7333333333333334,0.75,0.6333333333333333,0.9,0.13908071517944337,0.0015635490417480469
0.5,0.599484,0.3,10,0.8033333333333333,0.03711842908553343,64,0.7333333333333334,0.8333333333333333,0.8333333333333333,0.8166666666666667,0.8,0.13854308128356935,0.0015689373016357423
0.5,0.599484,0.3,20,0.8166666666666668,0.09006170724070867,43,0.9166666666666667,0.9166666666666667,0.8166666666666667,0.7333333333333334,0.7,0.1382828712463379,0.0015668869018554688
0.5,0.599484,0.3,50,0.7933333333333334,0.11953614051360742,144,0.9166666666666667,0.9166666666666667,0.8,0.7333333333333334,0.6,0.138350772857666,0.0015842914581298828
0.5,0.599484,0.5,5,0.7666666666666666,0.1115546702045434,271,0.6333333333333333,0.8333333333333333,0.8333333333333333,0.6333333333333333,0.9,0.15472288131713868,0.0015499591827392578
0.5,0.599484,0.5,10,0.7866666666666667,0.04521553322083506,156,0.7333333333333334,0.8333333333333333,0.8333333333333333,0.7333333333333334,0.8,0.15486416816711426,0.0014866352081298827
0.5,0.599484,0.5,20,0.78,0.10718623460542352,194,0.8333333333333333,0.9166666666666667,0.8166666666666667,0.7333333333333334,0.6,0.1554868698120117,0.0014921665191650391
0.5,0.599484,0.5,50,0.7766666666666667,0.13190905958272922,224,0.9166666666666667,0.9166666666666667,0.8,0.65,0.6,0.15478940010070802,0.0014772891998291015
0.5,0.599484,0.7,5,0.7633333333333333,0.11274356350191844,292,0.6333333333333333,0.8333333333333333,0.9166666666666667,0.6333333333333333,0.8,0.1761460304260254,0.0014878273010253905
0.5,0.599484,0.7,10,0.7666666666666666,0.07601169500660919,271,0.7333333333333334,0.8333333333333333,0.8333333333333333,0.6333333333333333,0.8,0.17652487754821777,0.0014679908752441406
0.5,0.599484,0.7,20,0.7966666666666666,0.11756794725698934,127,0.8333333333333333,0.9166666666666667,0.9,0.7333333333333334,0.6,0.1762631893157959,0.0014976024627685546
0.5,0.599484,0.7,50,0.7933333333333334,0.11953614051360742,144,0.9166666666666667,0.9166666666666667,0.8,0.7333333333333334,0.6,0.1765357494354248,0.0015723705291748047
0.5,0.599484,0.9,5,0.7633333333333333,0.10022197585581942,292,0.7333333333333334,0.8333333333333333,0.9166666666666667,0.6333333333333333,0.7,0.21388740539550782,0.0015761852264404297
0.5,0.599484,0.9,10,0.7666666666666666,0.05577733510227167,271,0.7333333333333334,0.8333333333333333,0.8333333333333333,0.7333333333333334,0.7,0.2130201816558838,0.0015570163726806641
0.5,0.599484,0.9,20,0.7633333333333334,0.1499629583893599,285,0.8333333333333333,0.9166666666666667,0.9,0.5666666666666667,0.6,0.21375055313110353,0.0015722274780273437
0.5,0.599484,0.9,50,0.7566666666666667,0.16145174717749783,346,0.9166666666666667,0.9166666666666667,0.8,0.65,0.5,0.21320395469665526,0.0015953540802001952
0.5,2.15443,0.1,5,0.7433333333333333,0.13727506854649335,419,0.6333333333333333,0.8333333333333333,0.8166666666666667,0.5333333333333333,0.9,0.22047085762023927,0.0015722274780273437
0.5,2.15443,0.1,10,0.8266666666666665,0.11623730516108463,18,0.8333333333333333,0.8333333333333333,0.8333333333333333,0.6333333333333333,1.0,0.22001385688781738,0.0015820980072021485
0.5,2.15443,0.1,20,0.7633333333333333,0.14391355429948602,292,0.8333333333333333,0.8333333333333333,0.9166666666666667,0.7333333333333334,0.5,0.2202915668487549,0.0015690326690673828
0.5,2.15443,0.1,50,0.7766666666666667,0.12319812408384222,224,0.9166666666666667,0.9166666666666667,0.7166666666666667,0.7333333333333334,0.6,0.22020421028137208,0.0015840530395507812
0.5,2.15443,0.3,5,0.7666666666666667,0.09249624617007739,259,0.6333333333333333,0.8333333333333333,0.75,0.7166666666666667,0.9,0.28871569633483884,0.001573324203491211
0.5,2.15443,0.3,10,0.7266666666666668,0.0793025150224688,451,0.65,0.8333333333333333,0.7166666666666667,0.6333333333333333,0.8,0.28868951797485354,0.001571989059448242
0.5,2.15443,0.3,20,0.7833333333333333,0.10852547064066471,192,0.8333333333333333,0.8333333333333333,0.9166666666666667,0.7333333333333334,0.6,0.2876412391662598,0.0015899181365966798
0.5,2.15443,0.3,50,0.7566666666666667,0.1384838538522733,346,0.9166666666666667,0.9166666666666667,0.6166666666666667,0.7333333333333334,0.6,0.2882859230041504,0.001582956314086914
0.5,2.15443,0.5,5,0.7633333333333334,0.09030811456096045,285,0.6333333333333333,0.8166666666666667,0.75,0.7166666666666667,0.9,0.3227972507476807,0.0015802860260009765
0.5,2.15443,0.5,10,0.7466666666666667,0.08653836657164779,387,0.65,0.8333333333333333,0.8166666666666667,0.6333333333333333,0.8,0.32247233390808105,0.0015826225280761719
0.5,2.15443,0.5,20,0.78,0.12174654911833119,194,0.7333333333333334,0.9166666666666667,0.9166666666666667,0.7333333333333334,0.6,0.32111568450927735,0.001590728759765625
0.5,2.15443,0.5,50,0.7766666666666667,0.13190905958272922,224,0.9166666666666667,0.9166666666666667,0.8,0.65,0.6,0.321976375579834,0.0016053676605224609
0.5,2.15443,0.7,5,0.7666666666666667,0.09249624617007739,259,0.6333333333333333,0.8333333333333333,0.75,0.7166666666666667,0.9,0.3728929042816162,0.0016102790832519531
0.5,2.15443,0.7,10,0.7866666666666666,0.09333333333333332,170,0.7333333333333334,0.8333333333333333,0.8333333333333333,0.6333333333333333,0.9,0.3730477809906006,0.001587677001953125
0.5,2.15443,0.7,20,0.8,0.0767390962214756,87,0.8333333333333333,0.9166666666666667,0.8166666666666667,0.7333333333333334,0.7,0.3731590747833252,0.001699686050415039
0.5,2.15443,0.7,50,0.7966666666666666,0.14118545723031584,127,0.9166666666666667,0.9166666666666667,0.9,0.65,0.6,0.3734111785888672,0.0016051292419433593
0.5,2.15443,0.9,5,0.75,0.10645812948447542,378,0.6333333333333333,0.8333333333333333,0.75,0.6333333333333333,0.9,0.4174318790435791,0.0015896797180175782
0.5,2.15443,0.9,10,0.7866666666666666,0.09333333333333332,170,0.7333333333333334,0.8333333333333333,0.8333333333333333,0.6333333333333333,0.9,0.4155421257019043,0.0015984535217285155
0.5,2.15443,0.9,20,0.7633333333333333,0.05811865258054228,292,0.8333333333333333,0.8333333333333333,0.7166666666666667,0.7333333333333334,0.7,0.41649703979492186,0.0015998363494873046
0.5,2.15443,0.9,50,0.7766666666666667,0.12319812408384222,224,0.9166666666666667,0.9166666666666667,0.7166666666666667,0.7333333333333334,0.6,0.41709156036376954,0.0015940666198730469
0.5,7.74264,0.1,5,0.6699999999999999,0.10821788720498618,524,0.55,0.75,0.7166666666666667,0.5333333333333333,0.8,0.27838959693908694,0.00158843994140625
0.5,7.74264,0.1,10,0.8233333333333335,0.13274871834493251,20,0.75,0.8333333333333333,0.9166666666666667,0.6166666666666667,1.0,0.27660741806030276,0.0015518665313720703
0.5,7.74264,0.1,20,0.8033333333333333,0.04521553322083509,64,0.8333333333333333,0.8333333333333333,0.8333333333333333,0.7166666666666667,0.8,0.27805380821228026,0.0014908790588378906
0.5,7.74264,0.1,50,0.78,0.12174654911833119,194,0.9166666666666667,0.9166666666666667,0.7333333333333334,0.7333333333333334,0.6,0.2784583568572998,0.0015376091003417968
0.5,7.74264,0.3,5,0.7666666666666667,0.09189365834726813,259,0.6333333333333333,0.8333333333333333,0.7333333333333334,0.7333333333333334,0.9,0.4454174518585205,0.0015422344207763673
0.5,7.74264,0.3,10,0.7466666666666667,0.06863753427324666,387,0.7333333333333334,0.8333333333333333,0.7333333333333334,0.6333333333333333,0.8,0.445341157913208,0.00155487060546875
0.5,7.74264,0.3,20,0.8166666666666668,0.11595018087284056,43,0.9166666666666667,0.8333333333333333,0.9166666666666667,0.8166666666666667,0.6000000000000001,0.4463616371154785,0.0016008377075195312
0.5,7.74264,0.3,50,0.7566666666666667,0.1384838538522733,346,0.9166666666666667,0.9166666666666667,0.6166666666666667,0.7333333333333334,0.6,0.446360445022583,0.001602506637573242
0.5,7.74264,0.5,5,0.7666666666666667,0.09249624617007739,259,0.6333333333333333,0.8333333333333333,0.75,0.7166666666666667,0.9,0.5206401824951172,0.0015993595123291015
0.5,7.74264,0.5,10,0.7433333333333334,0.069602043392737,408,0.7333333333333334,0.8333333333333333,0.7166666666666667,0.6333333333333333,0.8,0.5195305824279786,0.0015981674194335937
0.5,7.74264,0.5,20,0.8,0.12064640713902575,87,0.8333333333333333,0.9166666666666667,0.9166666666666667,0.7333333333333334,0.6,0.5194472789764404,0.0015749931335449219
0.5,7.74264,0.5,50,0.7566666666666667,0.1384838538522733,346,0.9166666666666667,0.9166666666666667,0.6166666666666667,0.7333333333333334,0.6,0.5200541973114013,0.0015978813171386719
0.5,7.74264,0.7,5,0.76,0.0946337971105226,312,0.6333333333333333,0.8333333333333333,0.7166666666666667,0.7166666666666667,0.9,0.579219388961792,0.0015871047973632813
0.5,7.74264,0.7,10,0.7433333333333334,0.069602043392737,408,0.7333333333333334,0.8333333333333333,0.7166666666666667,0.6333333333333333,0.8,0.5782859802246094,0.0015813350677490235
0.5,7.74264,0.7,20,0.76,0.1046687897873839,312,0.7333333333333334,0.9166666666666667,0.8166666666666667,0.7333333333333334,0.6,0.5790209293365478,0.0015864849090576171
0.5,7.74264,0.7,50,0.7566666666666666,0.11575836902790228,362,0.8166666666666667,0.9166666666666667,0.8,0.65,0.6,0.5787939548492431,0.001598215103149414
0.5,7.74264,0.9,5,0.7666666666666667,0.09249624617007739,259,0.6333333333333333,0.8333333333333333,0.75,0.7166666666666667,0.9,0.6156367778778076,0.0015825271606445313
0.5,7.74264,0.9,10,0.7866666666666667,0.12174654911833115,156,0.65,0.8333333333333333,0.7166666666666667,0.7333333333333334,1.0,0.6169969081878662,0.0016588211059570313
0.5,7.74264,0.9,20,0.8,0.12064640713902575,87,0.8333333333333333,0.9166666666666667,0.9166666666666667,0.7333333333333334,0.6,0.6180936813354492,0.0015983104705810547
0.5,7.74264,0.9,50,0.7566666666666666,0.11575836902790228,362,0.8166666666666667,0.9166666666666667,0.8,0.65,0.6,0.6132380485534668,0.0015850067138671875
0.5,27.8256,0.1,5,0.7266666666666668,0.12319812408384219,451,0.55,0.75,0.9,0.6333333333333333,0.8,0.30603790283203125,0.0016978263854980468
0.5,27.8256,0.1,10,0.7699999999999999,0.17042430708218956,255,0.65,0.75,0.9166666666666667,0.5333333333333333,1.0,0.3052210330963135,0.0015665531158447266
0.5,27.8256,0.1,20,0.8233333333333333,0.013333333333333287,31,0.8333333333333333,0.8333333333333333,0.8333333333333333,0.8166666666666667,0.8,0.3049623489379883,0.0015105247497558595
0.5,27.8256,0.1,50,0.8166666666666668,0.09006170724070867,43,0.9166666666666667,0.9166666666666667,0.8166666666666667,0.7333333333333334,0.7,0.30543861389160154,0.0015002727508544923
0.5,27.8256,0.3,5,0.6699999999999999,0.10821788720498618,524,0.55,0.75,0.7166666666666667,0.5333333333333333,0.8,0.4102632999420166,0.0015487194061279297
0.5,27.8256,0.3,10,0.7866666666666666,0.13960261060914614,170,0.65,0.8333333333333333,0.8333333333333333,0.6166666666666667,1.0,0.41040802001953125,0.0015953540802001952
0.5,27.8256,0.3,20,0.8033333333333333,0.04521553322083509,64,0.8333333333333333,0.8333333333333333,0.8333333333333333,0.7166666666666667,0.8,0.41053500175476076,0.0015831470489501953
0.5,27.8256,0.3,50,0.78,0.12174654911833119,194,0.9166666666666667,0.9166666666666667,0.7333333333333334,0.7333333333333334,0.6,0.41276087760925295,0.0015952110290527344
0.5,27.8256,0.5,5,0.6699999999999999,0.10821788720498618,524,0.55,0.75,0.7166666666666667,0.5333333333333333,0.8,0.551161241531372,0.0016581058502197266
0.5,27.8256,0.5,10,0.7666666666666667,0.13824294235551815,259,0.7333333333333334,0.8333333333333333,0.6333333333333333,0.6333333333333333,1.0,0.550399923324585,0.0015900611877441406
0.5,27.8256,0.5,20,0.7799999999999999,0.14429907214608909,220,0.8333333333333333,0.8333333333333333,0.9166666666666667,0.8166666666666667,0.5,0.5489962100982666,0.0015832901000976563
0.5,27.8256,0.5,50,0.7766666666666667,0.12319812408384222,224,0.9166666666666667,0.9166666666666667,0.7166666666666667,0.7333333333333334,0.6,0.550917100906372,0.0015806198120117188
0.5,27.8256,0.7,5,0.7233333333333333,0.13232955494186138,477,0.6333333333333333,0.8333333333333333,0.7166666666666667,0.5333333333333333,0.9,0.6408146381378174,0.0015806198120117188
0.5,27.8256,0.7,10,0.7466666666666667,0.06863753427324666,387,0.7333333333333334,0.8333333333333333,0.7333333333333334,0.6333333333333333,0.8,0.6402274608612061,0.0015913963317871094
0.5,27.8256,0.7,20,0.7966666666666666,0.15398412616601465,127,0.9166666666666667,0.8333333333333333,0.9166666666666667,0.8166666666666667,0.5,0.6451105117797852,0.0015897274017333985
0.5,27.8256,0.7,50,0.7566666666666667,0.10572501018102473,346,0.8166666666666667,0.9166666666666667,0.7166666666666667,0.7333333333333334,0.6,0.6407131671905517,0.001589488983154297
0.5,27.8256,0.9,5,0.7266666666666667,0.13232955494186138,456,0.6333333333333333,0.8333333333333333,0.7333333333333334,0.5333333333333333,0.9,0.6881428241729737,0.001587820053100586
0.5,27.8256,0.9,10,0.7466666666666667,0.06863753427324666,387,0.7333333333333334,0.8333333333333333,0.7333333333333334,0.6333333333333333,0.8,0.6898698329925537,0.0015775680541992188
0.5,27.8256,0.9,20,0.8166666666666667,0.11595018087284062,51,0.9166666666666667,0.8333333333333333,0.9166666666666667,0.8166666666666667,0.6,0.6888993263244629,0.0015765666961669923
0.5,27.8256,0.9,50,0.7566666666666667,0.10572501018102473,346,0.8166666666666667,0.9166666666666667,0.7166666666666667,0.7333333333333334,0.6,0.688375997543335,0.0015921592712402344
0.5,100.0,0.1,5,0.7266666666666668,0.12319812408384219,451,0.55,0.75,0.9,0.6333333333333333,0.8,0.3596658229827881,0.001518392562866211
0.5,100.0,0.1,10,0.75,0.15740958604156793,378,0.65,0.75,0.8166666666666667,0.5333333333333333,1.0,0.3594273567199707,0.001555156707763672
0.5,100.0,0.1,20,0.8033333333333333,0.04521553322083509,64,0.8333333333333333,0.8333333333333333,0.8333333333333333,0.7166666666666667,0.8,0.3601593017578125,0.0016026496887207031
0.5,100.0,0.1,50,0.8166666666666668,0.09006170724070867,43,0.9166666666666667,0.9166666666666667,0.8166666666666667,0.7333333333333334,0.7,0.3603396415710449,0.0015976428985595703
0.5,100.0,0.3,5,0.7266666666666668,0.12319812408384219,451,0.55,0.75,0.9,0.6333333333333333,0.8,0.3708709716796875,0.0017151355743408204
0.5,100.0,0.3,10,0.75,0.15740958604156793,378,0.65,0.75,0.8166666666666667,0.5333333333333333,1.0,0.3717197895050049,0.0015643119812011718
0.5,100.0,0.3,20,0.7833333333333334,0.061463629715285885,181,0.8333333333333333,0.8333333333333333,0.8333333333333333,0.7166666666666667,0.7,0.37162165641784667,0.0015863895416259766
0.5,100.0,0.3,50,0.8166666666666668,0.09006170724070867,43,0.9166666666666667,0.9166666666666667,0.8166666666666667,0.7333333333333334,0.7,0.3717190265655518,0.0016033649444580078
0.5,100.0,0.5,5,0.6900000000000001,0.08856886837057615,496,0.55,0.75,0.7166666666666667,0.6333333333333333,0.8,0.3954627990722656,0.0015919208526611328
0.5,100.0,0.5,10,0.7299999999999999,0.11944315244779277,450,0.65,0.8333333333333333,0.8333333333333333,0.5333333333333333,0.8,0.3970247745513916,0.0015924930572509765
0.5,100.0,0.5,20,0.8033333333333333,0.05206833117271102,64,0.8333333333333333,0.8333333333333333,0.8333333333333333,0.8166666666666667,0.7,0.39716358184814454,0.0015934944152832032
0.5,100.0,0.5,50,0.7966666666666667,0.11990737165736635,121,0.9166666666666667,0.9166666666666667,0.8166666666666667,0.7333333333333334,0.6,0.39614362716674806,0.0016028881072998047
0.5,100.0,0.7,5,0.6699999999999999,0.10821788720498618,524,0.55,0.75,0.7166666666666667,0.5333333333333333,0.8,0.43070158958435056,0.0015782356262207032
0.5,100.0,0.7,10,0.7699999999999999,0.16206994374857622,255,0.65,0.8333333333333333,0.8333333333333333,0.5333333333333333,1.0,0.43116035461425783,0.001650524139404297
0.5,100.0,0.7,20,0.82,0.06446359868604573,38,0.8333333333333333,0.8333333333333333,0.9166666666666667,0.7166666666666667,0.8,0.43137187957763673,0.0015964508056640625
0.5,100.0,0.7,50,0.7966666666666667,0.11990737165736635,121,0.9166666666666667,0.9166666666666667,0.8166666666666667,0.7333333333333334,0.6,0.430803918838501,0.0015929698944091796
0.5,100.0,0.9,5,0.6699999999999999,0.10821788720498618,524,0.55,0.75,0.7166666666666667,0.5333333333333333,0.8,0.48049020767211914,0.0015875339508056641
0.5,100.0,0.9,10,0.7866666666666666,0.13960261060914614,170,0.65,0.8333333333333333,0.8333333333333333,0.6166666666666667,1.0,0.4804102897644043,0.001580524444580078
0.5,100.0,0.9,20,0.8033333333333333,0.04521553322083509,64,0.8333333333333333,0.8333333333333333,0.8333333333333333,0.7166666666666667,0.8,0.4799082279205322,0.0015941619873046874
0.5,100.0,0.9,50,0.78,0.12174654911833119,194,0.9166666666666667,0.9166666666666667,0.7333333333333334,0.7333333333333334,0.6,0.4781982421875,0.001579141616821289
