param_clf__max_features,param_clf__min_samples_leaf,param_selector__C,param_selector__l1_ratio,param_selector__top_k,mean_test_score,std_test_score,rank_test_score,split0_test_score,split1_test_score,split2_test_score,split3_test_score,split4_test_score,mean_fit_time,mean_score_time
sqrt,1,0.001,0.1,5,0.6233333333333334,0.1231981240838422,592,0.6,0.45,0.55,0.7166666666666667,0.8,0.48172545433044434,0.020872020721435548
sqrt,1,0.001,0.1,10,0.6633333333333333,0.13097921802925666,488,0.6,0.4666666666666667,0.6333333333333333,0.8166666666666667,0.8,0.4861553192138672,0.021103906631469726
sqrt,1,0.001,0.1,20,0.5566666666666666,0.17530925056406274,769,0.5166666666666667,0.55,0.26666666666666666,0.65,0.8,0.4911294460296631,0.020866250991821288
sqrt,1,0.001,0.1,50,0.72,0.12534397117975446,340,0.5333333333333333,0.65,0.7166666666666667,0.9,0.8,0.500757884979248,0.02108607292175293
sqrt,1,0.001,0.3,5,0.6233333333333334,0.1231981240838422,592,0.6,0.45,0.55,0.7166666666666667,0.8,0.48199167251586916,0.020943498611450194
sqrt,1,0.001,0.3,10,0.6633333333333333,0.13097921802925666,488,0.6,0.4666666666666667,0.6333333333333333,0.8166666666666667,0.8,0.4872267723083496,0.020993709564208984
sqrt,1,0.001,0.3,20,0.5566666666666666,0.17530925056406274,769,0.5166666666666667,0.55,0.26666666666666666,0.65,0.8,0.49167370796203613,0.02093782424926758
sqrt,1,0.001,0.3,50,0.72,0.12534397117975446,340,0.5333333333333333,0.65,0.7166666666666667,0.9,0.8,0.4986790657043457,0.020909643173217772
sqrt,1,0.001,0.5,5,0.6233333333333334,0.1231981240838422,592,0.6,0.45,0.55,0.7166666666666667,0.8,0.48285460472106934,0.02145376205444336
sqrt,1,0.001,0.5,10,0.6633333333333333,0.13097921802925666,488,0.6,0.4666666666666667,0.6333333333333333,0.8166666666666667,0.8,0.4845249652862549,0.02124762535095215
sqrt,1,0.001,0.5,20,0.5566666666666666,0.17530925056406274,769,0.5166666666666667,0.55,0.26666666666666666,0.65,0.8,0.49172177314758303,0.02129373550415039
sqrt,1,0.001,0.5,50,0.72,0.12534397117975446,340,0.5333333333333333,0.65,0.7166666666666667,0.9,0.8,0.4997140407562256,0.021107006072998046
sqrt,1,0.001,0.7,5,0.6233333333333334,0.1231981240838422,592,0.6,0.45,0.55,0.7166666666666667,0.8,0.4824284553527832,0.02083563804626465
sqrt,1,0.001,0.7,10,0.6633333333333333,0.13097921802925666,488,0.6,0.4666666666666667,0.6333333333333333,0.8166666666666667,0.8,0.4932753562927246,0.02090163230895996
sqrt,1,0.001,0.7,20,0.5566666666666666,0.17530925056406274,769,0.5166666666666667,0.55,0.26666666666666666,0.65,0.8,0.4975830078125,0.02139892578125
sqrt,1,0.001,0.7,50,0.72,0.12534397117975446,340,0.5333333333333333,0.65,0.7166666666666667,0.9,0.8,0.49839534759521487,0.021084928512573244
sqrt,1,0.001,0.9,5,0.6233333333333334,0.1231981240838422,592,0.6,0.45,0.55,0.7166666666666667,0.8,0.48123946189880373,0.021282243728637695
sqrt,1,0.001,0.9,10,0.6633333333333333,0.13097921802925666,488,0.6,0.4666666666666667,0.6333333333333333,0.8166666666666667,0.8,0.48636479377746583,0.020986652374267577
sqrt,1,0.001,0.9,20,0.5566666666666666,0.17530925056406274,769,0.5166666666666667,0.55,0.26666666666666666,0.65,0.8,0.4927804470062256,0.021103811264038087
sqrt,1,0.001,0.9,50,0.72,0.12534397117975446,340,0.5333333333333333,0.65,0.7166666666666667,0.9,0.8,0.49702978134155273,0.02090730667114258
sqrt,1,0.00359381,0.1,5,0.6233333333333334,0.1231981240838422,592,0.6,0.45,0.55,0.7166666666666667,0.8,0.4822843074798584,0.02108030319213867
sqrt,1,0.00359381,0.1,10,0.6633333333333333,0.13097921802925666,488,0.6,0.4666666666666667,0.6333333333333333,0.8166666666666667,0.8,0.48812413215637207,0.02127995491027832
sqrt,1,0.00359381,0.1,20,0.5566666666666666,0.17530925056406274,769,0.5166666666666667,0.55,0.26666666666666666,0.65,0.8,0.4927781105041504,0.021019124984741212
sqrt,1,0.00359381,0.1,50,0.72,0.12534397117975446,340,0.5333333333333333,0.65,0.7166666666666667,0.9,0.8,0.5007676601409912,0.021015071868896486
sqrt,1,0.00359381,0.3,5,0.6233333333333334,0.1231981240838422,592,0.6,0.45,0.55,0.7166666666666667,0.8,0.48615422248840334,0.02097330093383789
sqrt,1,0.00359381,0.3,10,0.6633333333333333,0.13097921802925666,488,0.6,0.4666666666666667,0.6333333333333333,0.8166666666666667,0.8,0.4861154556274414,0.020932102203369142
sqrt,1,0.00359381,0.3,20,0.5566666666666666,0.17530925056406274,769,0.5166666666666667,0.55,0.26666666666666666,0.65,0.8,0.4922786712646484,0.021123456954956054
sqrt,1,0.00359381,0.3,50,0.72,0.12534397117975446,340,0.5333333333333333,0.65,0.7166666666666667,0.9,0.8,0.49805388450622556,0.020937585830688478
sqrt,1,0.00359381,0.5,5,0.6233333333333334,0.1231981240838422,592,0.6,0.45,0.55,0.7166666666666667,0.8,0.48183407783508303,0.021474838256835938
sqrt,1,0.00359381,0.5,10,0.6633333333333333,0.13097921802925666,488,0.6,0.4666666666666667,0.6333333333333333,0.8166666666666667,0.8,0.48526902198791505,0.02098422050476074
sqrt,1,0.00359381,0.5,20,0.5566666666666666,0.17530925056406274,769,0.5166666666666667,0.55,0.26666666666666666,0.65,0.8,0.49047231674194336,0.02101306915283203
sqrt,1,0.00359381,0.5,50,0.72,0.12534397117975446,340,0.5333333333333333,0.65,0.7166666666666667,0.9,0.8,0.49646625518798826,0.021091365814208986
sqrt,1,0.00359381,0.7,5,0.6233333333333334,0.1231981240838422,592,0.6,0.45,0.55,0.7166666666666667,0.8,0.48573994636535645,0.020990943908691405
sqrt,1,0.00359381,0.7,10,0.6633333333333333,0.13097921802925666,488,0.6,0.4666666666666667,0.6333333333333333,0.8166666666666667,0.8,0.48701820373535154,0.02113494873046875
sqrt,1,0.00359381,0.7,20,0.5566666666666666,0.17530925056406274,769,0.5166666666666667,0.55,0.26666666666666666,0.65,0.8,0.4922969341278076,0.02094101905822754
sqrt,1,0.00359381,0.7,50,0.72,0.12534397117975446,340,0.5333333333333333,0.65,0.7166666666666667,0.9,0.8,0.4979561805725098,0.021257400512695312
sqrt,1,0.00359381,0.9,5,0.6233333333333334,0.1231981240838422,592,0.6,0.45,0.55,0.7166666666666667,0.8,0.4830644607543945,0.021372079849243164
sqrt,1,0.00359381,0.9,10,0.6633333333333333,0.13097921802925666,488,0.6,0.4666666666666667,0.6333333333333333,0.8166666666666667,0.8,0.48641138076782225,0.02148780822753906
sqrt,1,0.00359381,0.9,20,0.5566666666666666,0.17530925056406274,769,0.5166666666666667,0.55,0.26666666666666666,0.65,0.8,0.4924788475036621,0.02112917900085449
sqrt,1,0.00359381,0.9,50,0.72,0.12534397117975446,340,0.5333333333333333,0.65,0.7166666666666667,0.9,0.8,0.49838757514953613,0.0211240291595459
sqrt,1,0.0129155,0.1,5,0.6599999999999999,0.1231981240838422,524,0.7,0.7166666666666667,0.65,0.43333333333333335,0.8,0.49121980667114257,0.021071577072143556
sqrt,1,0.0129155,0.1,10,0.6033333333333333,0.10718623460542351,649,0.6166666666666667,0.7333333333333334,0.45,0.5166666666666667,0.7,0.4943675518035889,0.020839405059814454
sqrt,1,0.0129155,0.1,20,0.7733333333333332,0.04666666666666666,188,0.7166666666666667,0.8166666666666667,0.8166666666666667,0.7166666666666667,0.8,0.4963227272033691,0.021135711669921876
sqrt,1,0.0129155,0.1,50,0.7733333333333333,0.07423685817106697,185,0.7166666666666667,0.8166666666666667,0.7166666666666667,0.7166666666666667,0.9,0.5041012763977051,0.021187734603881837
sqrt,1,0.0129155,0.3,5,0.6233333333333334,0.1231981240838422,592,0.6,0.45,0.55,0.7166666666666667,0.8,0.4835364818572998,0.020984649658203125
sqrt,1,0.0129155,0.3,10,0.6633333333333333,0.13097921802925666,488,0.6,0.4666666666666667,0.6333333333333333,0.8166666666666667,0.8,0.4877950191497803,0.02112751007080078
sqrt,1,0.0129155,0.3,20,0.5566666666666666,0.17530925056406274,769,0.5166666666666667,0.55,0.26666666666666666,0.65,0.8,0.49218101501464845,0.020844221115112305
sqrt,1,0.0129155,0.3,50,0.72,0.12534397117975446,340,0.5333333333333333,0.65,0.7166666666666667,0.9,0.8,0.4969076156616211,0.02122640609741211
sqrt,1,0.0129155,0.5,5,0.6233333333333334,0.1231981240838422,592,0.6,0.45,0.55,0.7166666666666667,0.8,0.48408169746398927,0.02094302177429199
sqrt,1,0.0129155,0.5,10,0.6633333333333333,0.13097921802925666,488,0.6,0.4666666666666667,0.6333333333333333,0.8166666666666667,0.8,0.48872885704040525,0.020904397964477538
sqrt,1,0.0129155,0.5,20,0.5566666666666666,0.17530925056406274,769,0.5166666666666667,0.55,0.26666666666666666,0.65,0.8,0.4939088821411133,0.021031761169433595
sqrt,1,0.0129155,0.5,50,0.72,0.12534397117975446,340,0.5333333333333333,0.65,0.7166666666666667,0.9,0.8,0.5002037525177002,0.02120962142944336
sqrt,1,0.0129155,0.7,5,0.6233333333333334,0.1231981240838422,592,0.6,0.45,0.55,0.7166666666666667,0.8,0.4842975616455078,0.020818710327148438
sqrt,1,0.0129155,0.7,10,0.6633333333333333,0.13097921802925666,488,0.6,0.4666666666666667,0.6333333333333333,0.8166666666666667,0.8,0.4876243114471436,0.020978164672851563
sqrt,1,0.0129155,0.7,20,0.5566666666666666,0.17530925056406274,769,0.5166666666666667,0.55,0.26666666666666666,0.65,0.8,0.49303388595581055,0.02096085548400879
sqrt,1,0.0129155,0.7,50,0.72,0.12534397117975446,340,0.5333333333333333,0.65,0.7166666666666667,0.9,0.8,0.501253604888916,0.021048736572265626
sqrt,1,0.0129155,0.9,5,0.6233333333333334,0.1231981240838422,592,0.6,0.45,0.55,0.7166666666666667,0.8,0.48331689834594727,0.02076859474182129
sqrt,1,0.0129155,0.9,10,0.6633333333333333,0.13097921802925666,488,0.6,0.4666666666666667,0.6333333333333333,0.8166666666666667,0.8,0.48852148056030276,0.020885467529296875
sqrt,1,0.0129155,0.9,20,0.5566666666666666,0.17530925056406274,769,0.5166666666666667,0.55,0.26666666666666666,0.65,0.8,0.49305024147033694,0.021152305603027343
sqrt,1,0.0129155,0.9,50,0.72,0.12534397117975446,340,0.5333333333333333,0.65,0.7166666666666667,0.9,0.8,0.49936847686767577,0.021113872528076172
sqrt,1,0.0464159,0.1,5,0.6599999999999999,0.12762793146051096,524,0.5333333333333333,0.6333333333333333,0.8166666666666667,0.5166666666666667,0.8,0.5006731986999512,0.02094898223876953
sqrt,1,0.0464159,0.1,10,0.7333333333333334,0.0674948557710553,313,0.7333333333333334,0.7166666666666667,0.8,0.6166666666666667,0.8,0.5049422264099122,0.021035242080688476
sqrt,1,0.0464159,0.1,20,0.8233333333333335,0.069602043392737,87,0.8,0.9,0.7166666666666667,0.9,0.8,0.505561637878418,0.02094612121582031
sqrt,1,0.0464159,0.1,50,0.8266666666666668,0.06879922480183431,70,0.8,0.9,0.7166666666666667,0.8166666666666667,0.9,0.512557077407837,0.021140050888061524
sqrt,1,0.0464159,0.3,5,0.6266666666666667,0.12762793146051096,572,0.6333333333333333,0.7166666666666667,0.55,0.43333333333333335,0.8,0.5029716491699219,0.020862388610839843
sqrt,1,0.0464159,0.3,10,0.6566666666666666,0.07195677714974301,534,0.6166666666666667,0.7166666666666667,0.5333333333333333,0.7166666666666667,0.7,0.5046387195587159,0.021039247512817383
sqrt,1,0.0464159,0.3,20,0.7933333333333332,0.0703957069398096,143,0.7,0.7333333333333334,0.8166666666666667,0.8166666666666667,0.9,0.5082533359527588,0.02095785140991211
sqrt,1,0.0464159,0.3,50,0.7533333333333332,0.13182479955523457,262,0.7166666666666667,0.8166666666666667,0.8166666666666667,0.5166666666666667,0.9,0.516675329208374,0.021242809295654298
sqrt,1,0.0464159,0.5,5,0.5866666666666667,0.15825436627292291,703,0.7166666666666667,0.7166666666666667,0.4666666666666667,0.3333333333333333,0.7,0.5007044315338135,0.021074199676513673
sqrt,1,0.0464159,0.5,10,0.6599999999999999,0.10252370999486467,524,0.8,0.7166666666666667,0.55,0.5333333333333333,0.7,0.5056796550750733,0.0210294246673584
sqrt,1,0.0464159,0.5,20,0.7166666666666666,0.08563488385776755,362,0.8,0.7166666666666667,0.5666666666666667,0.8,0.7,0.5084450721740723,0.02114701271057129
sqrt,1,0.0464159,0.5,50,0.7933333333333332,0.08730533902472531,143,0.8,0.8166666666666667,0.6333333333333333,0.8166666666666667,0.9,0.5149368286132813,0.020947980880737304
sqrt,1,0.0464159,0.7,5,0.6233333333333334,0.1231981240838422,592,0.6,0.45,0.55,0.7166666666666667,0.8,0.4863571643829346,0.020858955383300782
sqrt,1,0.0464159,0.7,10,0.6633333333333333,0.13097921802925666,488,0.6,0.4666666666666667,0.6333333333333333,0.8166666666666667,0.8,0.4885117530822754,0.020957088470458983
sqrt,1,0.0464159,0.7,20,0.5566666666666666,0.17530925056406274,769,0.5166666666666667,0.55,0.26666666666666666,0.65,0.8,0.4953001499176025,0.02123684883117676
sqrt,1,0.0464159,0.7,50,0.72,0.12534397117975446,340,0.5333333333333333,0.65,0.7166666666666667,0.9,0.8,0.49990315437316896,0.02115478515625
sqrt,1,0.0464159,0.9,5,0.6233333333333334,0.1231981240838422,592,0.6,0.45,0.55,0.7166666666666667,0.8,0.48494982719421387,0.020953989028930663
sqrt,1,0.0464159,0.9,10,0.6633333333333333,0.13097921802925666,488,0.6,0.4666666666666667,0.6333333333333333,0.8166666666666667,0.8,0.488667631149292,0.020987701416015626
sqrt,1,0.0464159,0.9,20,0.5566666666666666,0.17530925056406274,769,0.5166666666666667,0.55,0.26666666666666666,0.65,0.8,0.49427227973937987,0.020978975296020507
sqrt,1,0.0464159,0.9,50,0.72,0.12534397117975446,340,0.5333333333333333,0.65,0.7166666666666667,0.9,0.8,0.4999053955078125,0.02122669219970703
sqrt,1,0.16681,0.1,5,0.6566666666666666,0.07272474743090478,534,0.6166666666666667,0.6333333333333333,0.6333333333333333,0.6,0.8,0.5300686836242676,0.021021556854248048
sqrt,1,0.16681,0.1,10,0.7,0.0632455532033676,401,0.6166666666666667,0.65,0.7166666666666667,0.7166666666666667,0.8,0.5324827671051026,0.021053457260131837
sqrt,1,0.16681,0.1,20,0.8233333333333335,0.07423685817106698,87,0.7,0.9,0.8166666666666667,0.9,0.8,0.5347522258758545,0.021053028106689454
sqrt,1,0.16681,0.1,50,0.8266666666666668,0.06879922480183431,70,0.8,0.9,0.7166666666666667,0.8166666666666667,0.9,0.5418471336364746,0.020858240127563477
sqrt,1,0.16681,0.3,5,0.6233333333333333,0.13727506854649335,608,0.5333333333333333,0.7333333333333334,0.6333333333333333,0.4166666666666667,0.8,0.5387112140655518,0.021089553833007812
sqrt,1,0.16681,0.3,10,0.7166666666666668,0.05868938953886337,357,0.6166666666666667,0.7166666666666667,0.7333333333333334,0.7166666666666667,0.8,0.5409651756286621,0.020917510986328124
sqrt,1,0.16681,0.3,20,0.8433333333333334,0.07423685817106697,42,0.8,0.9,0.7166666666666667,0.9,0.9,0.554157829284668,0.021054649353027345
sqrt,1,0.16681,0.3,50,0.8466666666666669,0.07702813338860896,28,0.8,0.9,0.7166666666666667,0.9166666666666667,0.9,0.5489930152893067,0.021094036102294923
sqrt,1,0.16681,0.5,5,0.6166666666666666,0.10697871023920807,628,0.6166666666666667,0.7166666666666667,0.6333333333333333,0.4166666666666667,0.7,0.5449422836303711,0.020940732955932618
sqrt,1,0.16681,0.5,10,0.6766666666666665,0.1284955684493092,474,0.7166666666666667,0.8166666666666667,0.5333333333333333,0.5166666666666667,0.8,0.5471769332885742,0.021048736572265626
sqrt,1,0.16681,0.5,20,0.8066666666666666,0.11860297916438131,123,0.6166666666666667,0.9,0.7166666666666667,0.9,0.9,0.5508683681488037,0.021166610717773437
sqrt,1,0.16681,0.5,50,0.7866666666666666,0.07257180352359083,171,0.8,0.8166666666666667,0.7166666666666667,0.7,0.9,0.5578229904174805,0.02098679542541504
sqrt,1,0.16681,0.7,5,0.6566666666666666,0.04422166387140534,534,0.6333333333333333,0.7166666666666667,0.6333333333333333,0.6,0.7,0.5575594902038574,0.021114349365234375
sqrt,1,0.16681,0.7,10,0.6900000000000001,0.08666666666666667,435,0.8,0.7166666666666667,0.5333333333333333,0.7,0.7,0.5603316783905029,0.021110677719116212
sqrt,1,0.16681,0.7,20,0.8066666666666666,0.1420485050177501,123,0.8,0.9,0.5333333333333333,0.9,0.9,0.5639755725860596,0.021298980712890624
sqrt,1,0.16681,0.7,50,0.8433333333333334,0.07423685817106697,42,0.8,0.9,0.7166666666666667,0.9,0.9,0.5699584007263183,0.02105112075805664
sqrt,1,0.16681,0.9,5,0.64,0.11085526098877259,560,0.6333333333333333,0.8166666666666667,0.5333333333333333,0.5166666666666667,0.7,0.5571417808532715,0.021122121810913087
sqrt,1,0.16681,0.9,10,0.6966666666666667,0.11803954139750514,426,0.9,0.7166666666666667,0.55,0.6166666666666667,0.7,0.5600244998931885,0.02107524871826172
sqrt,1,0.16681,0.9,20,0.8133333333333335,0.09153020145163987,95,0.8166666666666667,0.9,0.65,0.8,0.9,0.5626667499542236,0.020853185653686525
sqrt,1,0.16681,0.9,50,0.77,0.132664991614216,201,0.8,0.9,0.55,0.7,0.9,0.5693942070007324,0.021175432205200195
sqrt,1,0.599484,0.1,5,0.6566666666666666,0.07272474743090478,534,0.6166666666666667,0.6333333333333333,0.6333333333333333,0.6,0.8,0.5979690551757812,0.021086597442626955
sqrt,1,0.599484,0.1,10,0.7,0.08232726023485648,401,0.6166666666666667,0.65,0.6333333333333333,0.8,0.8,0.5988442897796631,0.021053838729858398
sqrt,1,0.599484,0.1,20,0.8133333333333332,0.06359594676112972,98,0.7166666666666667,0.8166666666666667,0.9166666666666667,0.8166666666666667,0.8,0.6012107849121093,0.020844125747680665
sqrt,1,0.599484,0.1,50,0.7899999999999999,0.1098483803552272,155,0.6166666666666667,0.8166666666666667,0.7166666666666667,0.9,0.9,0.6075368881225586,0.021040058135986327
sqrt,1,0.599484,0.3,5,0.64,0.07118052168020875,560,0.5333333333333333,0.7333333333333334,0.6333333333333333,0.6,0.7,0.6154271125793457,0.02125229835510254
sqrt,1,0.599484,0.3,10,0.74,0.14552586635295384,294,0.6166666666666667,0.65,0.6333333333333333,1.0,0.8,0.6164380073547363,0.020943307876586915
sqrt,1,0.599484,0.3,20,0.8833333333333334,0.07149203529842404,1,0.8,0.9,0.8166666666666667,1.0,0.9,0.6187042236328125,0.02118196487426758
sqrt,1,0.599484,0.3,50,0.8466666666666669,0.07702813338860896,28,0.8,0.9,0.7166666666666667,0.9166666666666667,0.9,0.6265359401702881,0.021280622482299803
sqrt,1,0.599484,0.5,5,0.6733333333333335,0.047842333648024406,477,0.6166666666666667,0.7333333333333334,0.6166666666666667,0.7,0.7,0.6354582786560059,0.021064329147338866
sqrt,1,0.599484,0.5,10,0.75,0.09486832980505137,263,0.6166666666666667,0.7166666666666667,0.7166666666666667,0.9,0.8,0.636619758605957,0.020903301239013673
sqrt,1,0.599484,0.5,20,0.8100000000000002,0.08981462390204989,108,0.7,0.8166666666666667,0.7166666666666667,0.9166666666666667,0.9,0.6395448207855224,0.020982646942138673
sqrt,1,0.599484,0.5,50,0.8633333333333335,0.09683892697555967,14,0.8,0.9,0.7166666666666667,1.0,0.9,0.6463138103485108,0.020987176895141603
sqrt,1,0.599484,0.7,5,0.6766666666666667,0.07644896627453142,467,0.6166666666666667,0.6333333333333333,0.6166666666666667,0.8166666666666667,0.7,0.6779103755950928,0.020936965942382812
sqrt,1,0.599484,0.7,10,0.7133333333333335,0.05811865258054231,371,0.6166666666666667,0.7166666666666667,0.7166666666666667,0.7166666666666667,0.8,0.684973955154419,0.021018600463867186
sqrt,1,0.599484,0.7,20,0.75,0.12780193008453875,263,0.6166666666666667,0.9,0.6166666666666667,0.7166666666666667,0.9,0.6827566146850585,0.02087998390197754
sqrt,1,0.599484,0.7,50,0.8633333333333335,0.09683892697555967,14,0.8,0.9,0.7166666666666667,1.0,0.9,0.6926631450653076,0.02095513343811035
sqrt,1,0.599484,0.9,5,0.6533333333333333,0.10022197585581935,546,0.6166666666666667,0.8166666666666667,0.6166666666666667,0.5166666666666667,0.7,0.7143192291259766,0.021002197265625
sqrt,1,0.599484,0.9,10,0.7133333333333335,0.05811865258054231,371,0.6166666666666667,0.7166666666666667,0.7166666666666667,0.7166666666666667,0.8,0.7142936229705811,0.020916271209716796
sqrt,1,0.599484,0.9,20,0.7899999999999999,0.13482498944104457,155,0.6166666666666667,0.9,0.6333333333333333,0.9,0.9,0.7197805881500244,0.020991945266723634
sqrt,1,0.599484,0.9,50,0.8633333333333335,0.09683892697555967,14,0.8,0.9,0.7166666666666667,1.0,0.9,0.7253518581390381,0.02096567153930664
sqrt,1,2.15443,0.1,5,0.6699999999999999,0.08055363982396384,479,0.6333333333333333,0.6333333333333333,0.5666666666666667,0.7166666666666667,0.8,0.7082407474517822,0.020952606201171876
sqrt,1,2.15443,0.1,10,0.7333333333333334,0.0674948557710553,313,0.6166666666666667,0.7333333333333334,0.7166666666666667,0.8,0.8,0.7100281715393066,0.02117776870727539
sqrt,1,2.15443,0.1,20,0.8333333333333334,0.07601169500660923,54,0.7166666666666667,0.9166666666666667,0.8166666666666667,0.9166666666666667,0.8,0.7127609729766846,0.021186208724975585
sqrt,1,2.15443,0.1,50,0.8066666666666666,0.10677078252031312,123,0.7,0.8166666666666667,0.7166666666666667,1.0,0.8,0.7188368797302246,0.021358251571655273
sqrt,1,2.15443,0.3,5,0.7166666666666666,0.10110500592068734,362,0.6166666666666667,0.7333333333333334,0.6333333333333333,0.9,0.7,0.7908006191253663,0.02100028991699219
sqrt,1,2.15443,0.3,10,0.7033333333333334,0.0865383665716478,397,0.6166666666666667,0.65,0.6333333333333333,0.8166666666666667,0.8,0.7941205024719238,0.02108769416809082
sqrt,1,2.15443,0.3,20,0.8300000000000001,0.1367885635245546,61,0.6166666666666667,0.9,0.7333333333333334,1.0,0.9,0.7983739376068115,0.021068477630615236
sqrt,1,2.15443,0.3,50,0.8633333333333335,0.09683892697555967,14,0.8,0.9,0.7166666666666667,1.0,0.9,0.8036043167114257,0.02120208740234375
sqrt,1,2.15443,0.5,5,0.64,0.0879393730551528,560,0.5333333333333333,0.7333333333333334,0.5333333333333333,0.7,0.7,0.8121829986572265,0.022224807739257814
sqrt,1,2.15443,0.5,10,0.7533333333333333,0.1637749132871766,247,0.5333333333333333,0.8166666666666667,0.6166666666666667,1.0,0.8,0.817362117767334,0.021100759506225586
sqrt,1,2.15443,0.5,20,0.8833333333333334,0.07149203529842404,1,0.8,0.9,0.8166666666666667,1.0,0.9,0.8144322872161865,0.021216440200805663
sqrt,1,2.15443,0.5,50,0.8066666666666666,0.13441230102437302,123,0.6166666666666667,0.9,0.7166666666666667,1.0,0.8,0.8204038619995118,0.021051645278930664
sqrt,1,2.15443,0.7,5,0.64,0.0879393730551528,560,0.5333333333333333,0.7333333333333334,0.5333333333333333,0.7,0.7,0.8896174907684327,0.021234893798828126
sqrt,1,2.15443,0.7,10,0.7533333333333333,0.13960261060914617,247,0.6166666666666667,0.7166666666666667,0.6333333333333333,1.0,0.8,0.8916203498840332,0.02128567695617676
sqrt,1,2.15443,0.7,20,0.8633333333333335,0.09683892697555967,14,0.8,0.9,0.7166666666666667,1.0,0.9,0.8940944671630859,0.021149873733520508
sqrt,1,2.15443,0.7,50,0.8433333333333334,0.11623730516108463,42,0.7,0.9,0.7166666666666667,1.0,0.9,0.90294508934021,0.02115483283996582
sqrt,1,2.15443,0.9,5,0.6366666666666667,0.06182412330330468,565,0.6166666666666667,0.6333333333333333,0.5333333333333333,0.7,0.7,0.9548638820648193,0.021300697326660158
sqrt,1,2.15443,0.9,10,0.7699999999999999,0.13140268896284682,205,0.6166666666666667,0.8166666666666667,0.7166666666666667,1.0,0.7,0.9568412780761719,0.02097597122192383
sqrt,1,2.15443,0.9,20,0.7899999999999999,0.18123036292090916,155,0.6166666666666667,0.9,0.5333333333333333,1.0,0.9,0.958262300491333,0.021138763427734374
sqrt,1,2.15443,0.9,50,0.8433333333333334,0.11623730516108463,42,0.7,0.9,0.7166666666666667,0.9,1.0,0.9644685745239258,0.021080207824707032
sqrt,1,7.74264,0.1,5,0.7,0.062360956446232386,401,0.6333333333333333,0.6333333333333333,0.7166666666666667,0.7166666666666667,0.8,0.7771324157714844,0.021164703369140624
sqrt,1,7.74264,0.1,10,0.7733333333333332,0.09104333522498444,188,0.7166666666666667,0.8166666666666667,0.6333333333333333,0.9,0.8,0.7754952907562256,0.021126317977905273
sqrt,1,7.74264,0.1,20,0.7766666666666666,0.0429469957557504,177,0.7166666666666667,0.8166666666666667,0.7333333333333334,0.8166666666666667,0.8,0.7760317325592041,0.021098518371582033
sqrt,1,7.74264,0.1,50,0.7933333333333333,0.09752492558885197,135,0.6166666666666667,0.8166666666666667,0.8166666666666667,0.9166666666666667,0.8,0.7835679531097413,0.02108445167541504
sqrt,1,7.74264,0.3,5,0.6466666666666667,0.08781293248212994,548,0.6166666666666667,0.6666666666666666,0.5333333333333333,0.6166666666666667,0.8,0.9924968719482422,0.021135711669921876
sqrt,1,7.74264,0.3,10,0.7300000000000001,0.0678232998312527,324,0.6166666666666667,0.7166666666666667,0.7166666666666667,0.8,0.8,0.9939265251159668,0.021065139770507814
sqrt,1,7.74264,0.3,20,0.85,0.07149203529842404,24,0.9,0.9,0.7333333333333334,0.9166666666666667,0.8,0.9957328796386719,0.021141624450683592
sqrt,1,7.74264,0.3,50,0.8099999999999999,0.06377042156569665,112,0.8,0.8166666666666667,0.7166666666666667,0.9166666666666667,0.8,1.0008708953857421,0.020949316024780274
sqrt,1,7.74264,0.5,5,0.6666666666666666,0.1349897115421106,483,0.5333333333333333,0.6666666666666666,0.5333333333333333,0.9,0.7,1.0733419418334962,0.021474647521972656
sqrt,1,7.74264,0.5,10,0.7866666666666667,0.15253414918196734,162,0.6166666666666667,0.9,0.6166666666666667,1.0,0.8,1.0759594440460205,0.021099376678466796
sqrt,1,7.74264,0.5,20,0.8133333333333335,0.11897712198383165,95,0.6166666666666667,0.9,0.7333333333333334,0.9166666666666667,0.9,1.0765811443328857,0.021087074279785158
sqrt,1,7.74264,0.5,50,0.8266666666666668,0.07348469228349536,70,0.8,0.9,0.7166666666666667,0.9166666666666667,0.8,1.0840506076812744,0.020965719223022462
sqrt,1,7.74264,0.7,5,0.6199999999999999,0.08326663997864532,624,0.5333333333333333,0.7333333333333334,0.5333333333333333,0.6,0.7,1.127297306060791,0.021114349365234375
sqrt,1,7.74264,0.7,10,0.7699999999999999,0.14352700094407322,205,0.6166666666666667,0.8166666666666667,0.6166666666666667,1.0,0.8,1.1282821655273438,0.02121114730834961
sqrt,1,7.74264,0.7,20,0.8833333333333334,0.07149203529842404,1,0.8,0.9,0.8166666666666667,1.0,0.9,1.1306889057159424,0.020960140228271484
sqrt,1,7.74264,0.7,50,0.8266666666666668,0.1098483803552272,70,0.7166666666666667,0.9,0.7166666666666667,1.0,0.8,1.140019130706787,0.02116880416870117
sqrt,1,7.74264,0.9,5,0.6566666666666666,0.07272474743090476,534,0.5333333333333333,0.7333333333333334,0.6166666666666667,0.7,0.7,1.1961960315704345,0.021127843856811525
sqrt,1,7.74264,0.9,10,0.7366666666666667,0.13840359661351131,300,0.6166666666666667,0.7333333333333334,0.6333333333333333,1.0,0.7,1.202532911300659,0.020934152603149413
sqrt,1,7.74264,0.9,20,0.8633333333333335,0.09683892697555967,14,0.8,0.9,0.7166666666666667,1.0,0.9,1.2028823375701905,0.02136983871459961
sqrt,1,7.74264,0.9,50,0.8033333333333333,0.08589399151150084,130,0.7,0.9,0.7166666666666667,0.9,0.8,1.2112890243530274,0.021498680114746094
sqrt,1,27.8256,0.1,5,0.7,0.062360956446232386,401,0.6333333333333333,0.6333333333333333,0.7166666666666667,0.7166666666666667,0.8,0.7550512790679932,0.02098383903503418
sqrt,1,27.8256,0.1,10,0.7566666666666666,0.11234866364235144,236,0.6166666666666667,0.8333333333333333,0.6333333333333333,0.9,0.8,0.761007022857666,0.02112107276916504
sqrt,1,27.8256,0.1,20,0.7766666666666666,0.07195677714974302,177,0.8166666666666667,0.8166666666666667,0.6333333333333333,0.8166666666666667,0.8,0.7606337547302247,0.021045207977294922
sqrt,1,27.8256,0.1,50,0.7766666666666666,0.09921917377424809,177,0.6166666666666667,0.8166666666666667,0.7166666666666667,0.8333333333333333,0.9,0.7670802593231201,0.021054172515869142
sqrt,1,27.8256,0.3,5,0.7,0.062360956446232386,401,0.6333333333333333,0.6333333333333333,0.7166666666666667,0.7166666666666667,0.8,0.8885154247283935,0.02111339569091797
sqrt,1,27.8256,0.3,10,0.76,0.08856886837057618,222,0.7166666666666667,0.75,0.6333333333333333,0.9,0.8,0.8889632225036621,0.02122325897216797
sqrt,1,27.8256,0.3,20,0.7366666666666666,0.09153020145163987,310,0.6166666666666667,0.8166666666666667,0.6333333333333333,0.8166666666666667,0.8,0.8889157772064209,0.02091364860534668
sqrt,1,27.8256,0.3,50,0.7733333333333332,0.05436502143433363,188,0.7,0.8166666666666667,0.7166666666666667,0.8333333333333333,0.8,0.8948155403137207,0.021067142486572266
sqrt,1,27.8256,0.5,5,0.6433333333333333,0.06463573143221772,555,0.6333333333333333,0.6333333333333333,0.5333333333333333,0.7166666666666667,0.7,1.081486177444458,0.021067285537719728
sqrt,1,27.8256,0.5,10,0.7133333333333333,0.07845734863959881,375,0.6166666666666667,0.7166666666666667,0.6333333333333333,0.8,0.8,1.078800344467163,0.02112870216369629
sqrt,1,27.8256,0.5,20,0.8133333333333332,0.10077477638553982,98,0.7166666666666667,0.8166666666666667,0.7333333333333334,1.0,0.8,1.079850959777832,0.020891523361206053
sqrt,1,27.8256,0.5,50,0.7899999999999999,0.1098483803552272,155,0.6166666666666667,0.9,0.7166666666666667,0.8166666666666667,0.9,1.0870404720306397,0.02118077278137207
sqrt,1,27.8256,0.7,5,0.6466666666666667,0.08781293248212994,548,0.6166666666666667,0.6666666666666666,0.5333333333333333,0.6166666666666667,0.8,1.2226735591888427,0.021266984939575195
sqrt,1,27.8256,0.7,10,0.7133333333333333,0.07845734863959881,375,0.6166666666666667,0.7166666666666667,0.6333333333333333,0.8,0.8,1.2278968334197997,0.02130122184753418
sqrt,1,27.8256,0.7,20,0.85,0.12560962454277846,24,0.7166666666666667,1.0,0.7333333333333334,1.0,0.8,1.2280855655670166,0.02119584083557129
sqrt,1,27.8256,0.7,50,0.79,0.03741657386773941,146,0.8,0.8166666666666667,0.7166666666666667,0.8166666666666667,0.8,1.2345822334289551,0.021180152893066406
sqrt,1,27.8256,0.9,5,0.6466666666666667,0.10241527663824812,548,0.5333333333333333,0.6666666666666666,0.5333333333333333,0.7,0.8,1.3516480445861816,0.021054887771606447
sqrt,1,27.8256,0.9,10,0.75,0.16832508230603463,263,0.6166666666666667,0.8166666666666667,0.5166666666666667,1.0,0.8,1.3538740634918214,0.021073007583618165
sqrt,1,27.8256,0.9,20,0.8266666666666668,0.11035296904831232,70,0.7,0.9,0.7333333333333334,1.0,0.8,1.3614187240600586,0.020983076095581053
sqrt,1,27.8256,0.9,50,0.8666666666666668,0.04830458915396481,7,0.8,0.9,0.8166666666666667,0.9166666666666667,0.9,1.3704850673675537,0.021194601058959962
sqrt,1,100.0,0.1,5,0.7,0.062360956446232386,401,0.6333333333333333,0.6333333333333333,0.7166666666666667,0.7166666666666667,0.8,0.7960284233093262,0.020953989028930663
sqrt,1,100.0,0.1,10,0.7733333333333334,0.127627931460511,180,0.6166666666666667,0.9166666666666667,0.6333333333333333,0.9,0.8,0.7980912685394287,0.02136712074279785
sqrt,1,100.0,0.1,20,0.7933333333333333,0.06548960901462833,135,0.7166666666666667,0.9,0.7333333333333334,0.8166666666666667,0.8,0.801904821395874,0.020957326889038085
sqrt,1,100.0,0.1,50,0.8100000000000002,0.12138094304022085,108,0.6166666666666667,0.9,0.7166666666666667,0.9166666666666667,0.9,0.8058881282806396,0.021009492874145507
sqrt,1,100.0,0.3,5,0.7,0.062360956446232386,401,0.6333333333333333,0.6333333333333333,0.7166666666666667,0.7166666666666667,0.8,0.8186038494110107,0.020884943008422852
sqrt,1,100.0,0.3,10,0.7733333333333334,0.127627931460511,180,0.6166666666666667,0.9166666666666667,0.6333333333333333,0.9,0.8,0.8148752689361572,0.020973968505859374
sqrt,1,100.0,0.3,20,0.7566666666666666,0.07195677714974302,236,0.7166666666666667,0.8166666666666667,0.6333333333333333,0.8166666666666667,0.8,0.8172980785369873,0.02105107307434082
sqrt,1,100.0,0.3,50,0.8100000000000002,0.08981462390204989,108,0.7,0.8166666666666667,0.7166666666666667,0.9166666666666667,0.9,0.8243605613708496,0.0210237979888916
sqrt,1,100.0,0.5,5,0.7,0.062360956446232386,401,0.6333333333333333,0.6333333333333333,0.7166666666666667,0.7166666666666667,0.8,0.8486017227172852,0.021135282516479493
sqrt,1,100.0,0.5,10,0.7933333333333333,0.1515109090315135,135,0.6166666666666667,0.9166666666666667,0.6333333333333333,1.0,0.8,0.8502001285552978,0.02128767967224121
sqrt,1,100.0,0.5,20,0.8133333333333332,0.08259674462242579,98,0.7166666666666667,0.9,0.7333333333333334,0.9166666666666667,0.8,0.8523190021514893,0.02117576599121094
sqrt,1,100.0,0.5,50,0.79,0.07788880963698619,146,0.7,0.8166666666666667,0.7166666666666667,0.9166666666666667,0.8,0.8595941543579102,0.02098245620727539
sqrt,1,100.0,0.7,5,0.7,0.062360956446232386,401,0.6333333333333333,0.6333333333333333,0.7166666666666667,0.7166666666666667,0.8,0.8987380027770996,0.021043014526367188
sqrt,1,100.0,0.7,10,0.7566666666666666,0.11234866364235144,236,0.6166666666666667,0.8333333333333333,0.6333333333333333,0.9,0.8,0.9023815631866455,0.020906686782836914
sqrt,1,100.0,0.7,20,0.7733333333333332,0.09104333522498444,188,0.7166666666666667,0.9,0.6333333333333333,0.8166666666666667,0.8,0.9056977272033692,0.02121767997741699
sqrt,1,100.0,0.7,50,0.8100000000000002,0.12138094304022085,108,0.6166666666666667,0.9,0.7166666666666667,0.9166666666666667,0.9,0.9102164268493652,0.02100028991699219
sqrt,1,100.0,0.9,5,0.7,0.062360956446232386,401,0.6333333333333333,0.6333333333333333,0.7166666666666667,0.7166666666666667,0.8,0.9455139636993408,0.02117438316345215
sqrt,1,100.0,0.9,10,0.76,0.08856886837057618,222,0.7166666666666667,0.75,0.6333333333333333,0.9,0.8,0.9482465267181397,0.021015644073486328
sqrt,1,100.0,0.9,20,0.7566666666666666,0.11479450238481712,236,0.6166666666666667,0.8166666666666667,0.6333333333333333,0.9166666666666667,0.8,0.948908519744873,0.021021604537963867
sqrt,1,100.0,0.9,50,0.7733333333333332,0.05436502143433363,188,0.7,0.8166666666666667,0.7166666666666667,0.8333333333333333,0.8,0.9582233905792237,0.02145843505859375
sqrt,5,0.001,0.1,5,0.56,0.062003584125794244,737,0.6,0.45,0.5333333333333333,0.6166666666666667,0.6,0.470671272277832,0.020841646194458007
sqrt,5,0.001,0.1,10,0.5933333333333334,0.08069145624606802,671,0.6,0.45,0.7,0.6166666666666667,0.6,0.4744428634643555,0.02219243049621582
sqrt,5,0.001,0.1,20,0.5800000000000001,0.1661324772583615,705,0.5166666666666667,0.7166666666666667,0.35,0.8166666666666667,0.5,0.47653517723083494,0.020976734161376954
sqrt,5,0.001,0.1,50,0.6266666666666667,0.15224249662225647,572,0.5333333333333333,0.65,0.45,0.9,0.6000000000000001,0.480777645111084,0.02116427421569824
sqrt,5,0.001,0.3,5,0.56,0.062003584125794244,737,0.6,0.45,0.5333333333333333,0.6166666666666667,0.6,0.4728830814361572,0.020936870574951173
sqrt,5,0.001,0.3,10,0.5933333333333334,0.08069145624606802,671,0.6,0.45,0.7,0.6166666666666667,0.6,0.471833610534668,0.0208646297454834
sqrt,5,0.001,0.3,20,0.5800000000000001,0.1661324772583615,705,0.5166666666666667,0.7166666666666667,0.35,0.8166666666666667,0.5,0.4767038345336914,0.02110905647277832
sqrt,5,0.001,0.3,50,0.6266666666666667,0.15224249662225647,572,0.5333333333333333,0.65,0.45,0.9,0.6000000000000001,0.4796095371246338,0.0213564395904541
sqrt,5,0.001,0.5,5,0.56,0.062003584125794244,737,0.6,0.45,0.5333333333333333,0.6166666666666667,0.6,0.4721320629119873,0.020829105377197267
sqrt,5,0.001,0.5,10,0.5933333333333334,0.08069145624606802,671,0.6,0.45,0.7,0.6166666666666667,0.6,0.4774785041809082,0.02092633247375488
sqrt,5,0.001,0.5,20,0.5800000000000001,0.1661324772583615,705,0.5166666666666667,0.7166666666666667,0.35,0.8166666666666667,0.5,0.47623600959777834,0.02091360092163086
sqrt,5,0.001,0.5,50,0.6266666666666667,0.15224249662225647,572,0.5333333333333333,0.65,0.45,0.9,0.6000000000000001,0.48024187088012693,0.021230506896972656
sqrt,5,0.001,0.7,5,0.56,0.062003584125794244,737,0.6,0.45,0.5333333333333333,0.6166666666666667,0.6,0.47238407135009763,0.020734691619873048
sqrt,5,0.001,0.7,10,0.5933333333333334,0.08069145624606802,671,0.6,0.45,0.7,0.6166666666666667,0.6,0.47182259559631345,0.020870256423950195
sqrt,5,0.001,0.7,20,0.5800000000000001,0.1661324772583615,705,0.5166666666666667,0.7166666666666667,0.35,0.8166666666666667,0.5,0.4740909576416016,0.021007776260375977
sqrt,5,0.001,0.7,50,0.6266666666666667,0.15224249662225647,572,0.5333333333333333,0.65,0.45,0.9,0.6000000000000001,0.4824707508087158,0.021146821975708007
sqrt,5,0.001,0.9,5,0.56,0.062003584125794244,737,0.6,0.45,0.5333333333333333,0.6166666666666667,0.6,0.4710872650146484,0.021238279342651368
sqrt,5,0.001,0.9,10,0.5933333333333334,0.08069145624606802,671,0.6,0.45,0.7,0.6166666666666667,0.6,0.4723825454711914,0.02095370292663574
sqrt,5,0.001,0.9,20,0.5800000000000001,0.1661324772583615,705,0.5166666666666667,0.7166666666666667,0.35,0.8166666666666667,0.5,0.4770616054534912,0.02087540626525879
sqrt,5,0.001,0.9,50,0.6266666666666667,0.15224249662225647,572,0.5333333333333333,0.65,0.45,0.9,0.6000000000000001,0.4811587333679199,0.02091073989868164
sqrt,5,0.00359381,0.1,5,0.56,0.062003584125794244,737,0.6,0.45,0.5333333333333333,0.6166666666666667,0.6,0.4717214107513428,0.021002531051635742
sqrt,5,0.00359381,0.1,10,0.5933333333333334,0.08069145624606802,671,0.6,0.45,0.7,0.6166666666666667,0.6,0.4757255554199219,0.020940685272216798
sqrt,5,0.00359381,0.1,20,0.5800000000000001,0.1661324772583615,705,0.5166666666666667,0.7166666666666667,0.35,0.8166666666666667,0.5,0.4766695976257324,0.02077803611755371
sqrt,5,0.00359381,0.1,50,0.6266666666666667,0.15224249662225647,572,0.5333333333333333,0.65,0.45,0.9,0.6000000000000001,0.4820565223693848,0.020904016494750977
sqrt,5,0.00359381,0.3,5,0.56,0.062003584125794244,737,0.6,0.45,0.5333333333333333,0.6166666666666667,0.6,0.4709178924560547,0.020947933197021484
sqrt,5,0.00359381,0.3,10,0.5933333333333334,0.08069145624606802,671,0.6,0.45,0.7,0.6166666666666667,0.6,0.47333574295043945,0.020944786071777344
sqrt,5,0.00359381,0.3,20,0.5800000000000001,0.1661324772583615,705,0.5166666666666667,0.7166666666666667,0.35,0.8166666666666667,0.5,0.4765483379364014,0.02076897621154785
sqrt,5,0.00359381,0.3,50,0.6266666666666667,0.15224249662225647,572,0.5333333333333333,0.65,0.45,0.9,0.6000000000000001,0.48134422302246094,0.02088446617126465
sqrt,5,0.00359381,0.5,5,0.56,0.062003584125794244,737,0.6,0.45,0.5333333333333333,0.6166666666666667,0.6,0.4711136341094971,0.02090177536010742
sqrt,5,0.00359381,0.5,10,0.5933333333333334,0.08069145624606802,671,0.6,0.45,0.7,0.6166666666666667,0.6,0.4729015350341797,0.020741796493530272
sqrt,5,0.00359381,0.5,20,0.5800000000000001,0.1661324772583615,705,0.5166666666666667,0.7166666666666667,0.35,0.8166666666666667,0.5,0.48056278228759763,0.020756053924560546
sqrt,5,0.00359381,0.5,50,0.6266666666666667,0.15224249662225647,572,0.5333333333333333,0.65,0.45,0.9,0.6000000000000001,0.4836318016052246,0.02277350425720215
sqrt,5,0.00359381,0.7,5,0.56,0.062003584125794244,737,0.6,0.45,0.5333333333333333,0.6166666666666667,0.6,0.47109365463256836,0.020864200592041016
sqrt,5,0.00359381,0.7,10,0.5933333333333334,0.08069145624606802,671,0.6,0.45,0.7,0.6166666666666667,0.6,0.4729818820953369,0.020845317840576173
sqrt,5,0.00359381,0.7,20,0.5800000000000001,0.1661324772583615,705,0.5166666666666667,0.7166666666666667,0.35,0.8166666666666667,0.5,0.47863202095031737,0.020934867858886718
sqrt,5,0.00359381,0.7,50,0.6266666666666667,0.15224249662225647,572,0.5333333333333333,0.65,0.45,0.9,0.6000000000000001,0.4814018726348877,0.020906782150268553
sqrt,5,0.00359381,0.9,5,0.56,0.062003584125794244,737,0.6,0.45,0.5333333333333333,0.6166666666666667,0.6,0.4725149631500244,0.02105426788330078
sqrt,5,0.00359381,0.9,10,0.5933333333333334,0.08069145624606802,671,0.6,0.45,0.7,0.6166666666666667,0.6,0.4740400791168213,0.02101273536682129
sqrt,5,0.00359381,0.9,20,0.5800000000000001,0.1661324772583615,705,0.5166666666666667,0.7166666666666667,0.35,0.8166666666666667,0.5,0.47628297805786135,0.02103285789489746
sqrt,5,0.00359381,0.9,50,0.6266666666666667,0.15224249662225647,572,0.5333333333333333,0.65,0.45,0.9,0.6000000000000001,0.482967472076416,0.021232080459594727
sqrt,5,0.0129155,0.1,5,0.6366666666666667,0.1212893693244017,565,0.7166666666666667,0.6666666666666666,0.4666666666666667,0.5333333333333333,0.8,0.48208794593811033,0.021068525314331055
sqrt,5,0.0129155,0.1,10,0.6666666666666666,0.07226494462892934,483,0.7166666666666667,0.7333333333333334,0.65,0.5333333333333333,0.7,0.48421730995178225,0.021413660049438475
sqrt,5,0.0129155,0.1,20,0.7166666666666666,0.0641179468722378,362,0.8166666666666667,0.7333333333333334,0.7166666666666667,0.6166666666666667,0.7,0.4857283115386963,0.021395254135131835
sqrt,5,0.0129155,0.1,50,0.6966666666666667,0.07102425250887505,426,0.6333333333333333,0.8166666666666667,0.6166666666666667,0.7166666666666667,0.7,0.49306502342224123,0.02087235450744629
sqrt,5,0.0129155,0.3,5,0.56,0.062003584125794244,737,0.6,0.45,0.5333333333333333,0.6166666666666667,0.6,0.47202067375183104,0.021003150939941408
sqrt,5,0.0129155,0.3,10,0.5933333333333334,0.08069145624606802,671,0.6,0.45,0.7,0.6166666666666667,0.6,0.4730991363525391,0.020997905731201173
sqrt,5,0.0129155,0.3,20,0.5800000000000001,0.1661324772583615,705,0.5166666666666667,0.7166666666666667,0.35,0.8166666666666667,0.5,0.4819942951202393,0.020926237106323242
sqrt,5,0.0129155,0.3,50,0.6266666666666667,0.15224249662225647,572,0.5333333333333333,0.65,0.45,0.9,0.6000000000000001,0.4822357654571533,0.02086615562438965
sqrt,5,0.0129155,0.5,5,0.56,0.062003584125794244,737,0.6,0.45,0.5333333333333333,0.6166666666666667,0.6,0.47242159843444825,0.021087455749511718
sqrt,5,0.0129155,0.5,10,0.5933333333333334,0.08069145624606802,671,0.6,0.45,0.7,0.6166666666666667,0.6,0.4790340900421143,0.020810651779174804
sqrt,5,0.0129155,0.5,20,0.5800000000000001,0.1661324772583615,705,0.5166666666666667,0.7166666666666667,0.35,0.8166666666666667,0.5,0.4830741882324219,0.020859289169311523
sqrt,5,0.0129155,0.5,50,0.6266666666666667,0.15224249662225647,572,0.5333333333333333,0.65,0.45,0.9,0.6000000000000001,0.48204755783081055,0.020993709564208984
sqrt,5,0.0129155,0.7,5,0.56,0.062003584125794244,737,0.6,0.45,0.5333333333333333,0.6166666666666667,0.6,0.47194862365722656,0.020826959609985353
sqrt,5,0.0129155,0.7,10,0.5933333333333334,0.08069145624606802,671,0.6,0.45,0.7,0.6166666666666667,0.6,0.4724277019500732,0.020985507965087892
sqrt,5,0.0129155,0.7,20,0.5800000000000001,0.1661324772583615,705,0.5166666666666667,0.7166666666666667,0.35,0.8166666666666667,0.5,0.4767508029937744,0.020940637588500975
sqrt,5,0.0129155,0.7,50,0.6266666666666667,0.15224249662225647,572,0.5333333333333333,0.65,0.45,0.9,0.6000000000000001,0.4814979076385498,0.021318817138671876
sqrt,5,0.0129155,0.9,5,0.56,0.062003584125794244,737,0.6,0.45,0.5333333333333333,0.6166666666666667,0.6,0.47303123474121095,0.02075352668762207
sqrt,5,0.0129155,0.9,10,0.5933333333333334,0.08069145624606802,671,0.6,0.45,0.7,0.6166666666666667,0.6,0.4723785877227783,0.020969343185424805
sqrt,5,0.0129155,0.9,20,0.5800000000000001,0.1661324772583615,705,0.5166666666666667,0.7166666666666667,0.35,0.8166666666666667,0.5,0.47642340660095217,0.020966815948486327
sqrt,5,0.0129155,0.9,50,0.6266666666666667,0.15224249662225647,572,0.5333333333333333,0.65,0.45,0.9,0.6000000000000001,0.4812537670135498,0.020893669128417967
sqrt,5,0.0464159,0.1,5,0.6333333333333334,0.10540925533894598,571,0.7333333333333334,0.6333333333333333,0.6666666666666666,0.43333333333333335,0.7,0.49240522384643554,0.02097043991088867
sqrt,5,0.0464159,0.1,10,0.7166666666666668,0.05868938953886337,357,0.7166666666666667,0.7333333333333334,0.7166666666666667,0.6166666666666667,0.8,0.49565954208374025,0.021125984191894532
sqrt,5,0.0464159,0.1,20,0.7666666666666666,0.07527726527090811,214,0.8,0.7166666666666667,0.7166666666666667,0.9,0.7,0.4965537071228027,0.020760726928710938
sqrt,5,0.0464159,0.1,50,0.75,0.09831920802501751,263,0.9,0.8166666666666667,0.7166666666666667,0.6166666666666667,0.7,0.5017951965332031,0.021584177017211915
sqrt,5,0.0464159,0.3,5,0.6566666666666666,0.09752492558885198,534,0.7166666666666667,0.6666666666666666,0.5666666666666667,0.5333333333333333,0.8,0.4949822902679443,0.021108293533325197
sqrt,5,0.0464159,0.3,10,0.6766666666666667,0.07272474743090476,467,0.7166666666666667,0.7333333333333334,0.5333333333333333,0.7,0.7,0.4971947193145752,0.020940828323364257
sqrt,5,0.0464159,0.3,20,0.7366666666666667,0.07557189365836421,300,0.8166666666666667,0.7333333333333334,0.8166666666666667,0.6166666666666667,0.7,0.49719767570495604,0.02087860107421875
sqrt,5,0.0464159,0.3,50,0.7300000000000001,0.0725718035235908,324,0.8,0.8166666666666667,0.7166666666666667,0.6166666666666667,0.7,0.5025865077972412,0.02100982666015625
sqrt,5,0.0464159,0.5,5,0.6266666666666667,0.14929463784372463,572,0.7333333333333334,0.7166666666666667,0.65,0.3333333333333333,0.7,0.48986024856567384,0.021111011505126953
sqrt,5,0.0464159,0.5,10,0.7,0.058689389538863386,401,0.8,0.6333333333333333,0.65,0.7166666666666667,0.7,0.4936774730682373,0.020971918106079103
sqrt,5,0.0464159,0.5,20,0.6566666666666667,0.050110987927909675,533,0.6166666666666667,0.6333333333333333,0.7166666666666667,0.7166666666666667,0.6000000000000001,0.4962489604949951,0.020869016647338867
sqrt,5,0.0464159,0.5,50,0.7899999999999999,0.09345230512584124,155,0.8,0.8166666666666667,0.6166666666666667,0.8166666666666667,0.9,0.5006118774414062,0.02116880416870117
sqrt,5,0.0464159,0.7,5,0.56,0.062003584125794244,737,0.6,0.45,0.5333333333333333,0.6166666666666667,0.6,0.471711254119873,0.020986509323120118
sqrt,5,0.0464159,0.7,10,0.5933333333333334,0.08069145624606802,671,0.6,0.45,0.7,0.6166666666666667,0.6,0.4745591640472412,0.02099909782409668
sqrt,5,0.0464159,0.7,20,0.5800000000000001,0.1661324772583615,705,0.5166666666666667,0.7166666666666667,0.35,0.8166666666666667,0.5,0.476953125,0.02105097770690918
sqrt,5,0.0464159,0.7,50,0.6266666666666667,0.15224249662225647,572,0.5333333333333333,0.65,0.45,0.9,0.6000000000000001,0.4832914352416992,0.020952224731445312
sqrt,5,0.0464159,0.9,5,0.56,0.062003584125794244,737,0.6,0.45,0.5333333333333333,0.6166666666666667,0.6,0.471921443939209,0.02097659111022949
sqrt,5,0.0464159,0.9,10,0.5933333333333334,0.08069145624606802,671,0.6,0.45,0.7,0.6166666666666667,0.6,0.472348690032959,0.021022272109985352
sqrt,5,0.0464159,0.9,20,0.5800000000000001,0.1661324772583615,705,0.5166666666666667,0.7166666666666667,0.35,0.8166666666666667,0.5,0.4757188320159912,0.020853757858276367
sqrt,5,0.0464159,0.9,50,0.6266666666666667,0.15224249662225647,572,0.5333333333333333,0.65,0.45,0.9,0.6000000000000001,0.48368244171142577,0.02088818550109863
sqrt,5,0.16681,0.1,5,0.6233333333333333,0.05333333333333332,608,0.6166666666666667,0.6333333333333333,0.6333333333333333,0.5333333333333333,0.7,0.5211884498596191,0.021024799346923827
sqrt,5,0.16681,0.1,10,0.6666666666666666,0.03496029493900505,483,0.6333333333333333,0.65,0.6333333333333333,0.7166666666666667,0.7,0.5218585968017578,0.021052026748657228
sqrt,5,0.16681,0.1,20,0.8466666666666667,0.09626352718795768,31,0.9,0.8166666666666667,0.7166666666666667,1.0,0.8,0.5243269443511963,0.021091270446777343
sqrt,5,0.16681,0.1,50,0.8099999999999999,0.09752492558885198,112,0.9,0.9,0.6333333333333333,0.8166666666666667,0.8,0.5279267311096192,0.021087121963500977
sqrt,5,0.16681,0.3,5,0.6466666666666667,0.11274356350191843,548,0.7333333333333334,0.7333333333333334,0.6333333333333333,0.43333333333333335,0.7,0.5288375377655029,0.02090773582458496
sqrt,5,0.16681,0.3,10,0.68,0.03858612300930076,462,0.6333333333333333,0.7166666666666667,0.6333333333333333,0.7166666666666667,0.7,0.5336575508117676,0.020865583419799806
sqrt,5,0.16681,0.3,20,0.8033333333333333,0.058118652580542315,130,0.8,0.9,0.7166666666666667,0.8,0.8,0.5317299365997314,0.021233797073364258
sqrt,5,0.16681,0.3,50,0.8266666666666665,0.06879922480183431,84,0.9,0.9,0.7166666666666667,0.8166666666666667,0.8,0.5348917961120605,0.020905113220214842
sqrt,5,0.16681,0.5,5,0.62,0.12174654911833115,622,0.6166666666666667,0.8166666666666667,0.6333333333333333,0.43333333333333335,0.6,0.536287784576416,0.0209442138671875
sqrt,5,0.16681,0.5,10,0.71,0.08205689083394115,387,0.8,0.7166666666666667,0.6166666666666667,0.6166666666666667,0.8,0.5374004364013671,0.021026182174682616
sqrt,5,0.16681,0.5,20,0.7866666666666667,0.035590260840104374,162,0.8,0.8,0.7166666666666667,0.8166666666666667,0.8,0.5397270202636719,0.02086467742919922
sqrt,5,0.16681,0.5,50,0.7466666666666667,0.09626352718795769,278,0.7,0.9,0.6166666666666667,0.7166666666666667,0.8,0.544207239151001,0.021013307571411132
sqrt,5,0.16681,0.7,5,0.6599999999999999,0.11085526098877262,524,0.7166666666666667,0.8166666666666667,0.5333333333333333,0.5333333333333333,0.7,0.5480692863464356,0.02106308937072754
sqrt,5,0.16681,0.7,10,0.7133333333333333,0.058118652580542315,375,0.7166666666666667,0.7166666666666667,0.6166666666666667,0.7166666666666667,0.8,0.5498193740844727,0.021009254455566406
sqrt,5,0.16681,0.7,20,0.7133333333333333,0.10402991022884824,375,0.9,0.7333333333333334,0.6166666666666667,0.6166666666666667,0.7,0.554439926147461,0.021079254150390626
sqrt,5,0.16681,0.7,50,0.75,0.07958224257542214,263,0.8,0.8166666666666667,0.6166666666666667,0.8166666666666667,0.7,0.5557205677032471,0.021339225769042968
sqrt,5,0.16681,0.9,5,0.6366666666666667,0.07102425250887506,565,0.7166666666666667,0.7166666666666667,0.5333333333333333,0.6166666666666667,0.6,0.5481900215148926,0.021077585220336915
sqrt,5,0.16681,0.9,10,0.7333333333333334,0.09545214042184234,313,0.8166666666666667,0.8166666666666667,0.6166666666666667,0.6166666666666667,0.8,0.5485249042510987,0.02111811637878418
sqrt,5,0.16681,0.9,20,0.7333333333333334,0.07226494462892932,313,0.8166666666666667,0.7333333333333334,0.6166666666666667,0.8,0.7,0.5506429195404052,0.020885610580444337
sqrt,5,0.16681,0.9,50,0.75,0.1140175425099138,263,0.8,0.8166666666666667,0.6166666666666667,0.6166666666666667,0.9,0.5551742553710938,0.02101593017578125
sqrt,5,0.599484,0.1,5,0.6466666666666667,0.07986099033807295,548,0.6166666666666667,0.6333333333333333,0.5666666666666667,0.6166666666666667,0.8,0.5867533206939697,0.02101125717163086
sqrt,5,0.599484,0.1,10,0.7033333333333334,0.06446359868604572,397,0.7166666666666667,0.65,0.6333333333333333,0.8166666666666667,0.7,0.5900728225708007,0.020960474014282228
sqrt,5,0.599484,0.1,20,0.7966666666666666,0.07102425250887508,133,0.7333333333333334,0.8166666666666667,0.7166666666666667,0.9166666666666667,0.8,0.5936786651611328,0.02087993621826172
sqrt,5,0.599484,0.1,50,0.7699999999999999,0.07333333333333335,205,0.9,0.7166666666666667,0.7333333333333334,0.7,0.8,0.5942165374755859,0.020910310745239257
sqrt,5,0.599484,0.3,5,0.6833333333333333,0.049441323247304436,460,0.7333333333333334,0.7333333333333334,0.6333333333333333,0.6166666666666667,0.7,0.6037197589874268,0.021286869049072267
sqrt,5,0.599484,0.3,10,0.74,0.09921917377424813,294,0.7166666666666667,0.65,0.6333333333333333,0.9,0.8,0.6154251098632812,0.02091679573059082
sqrt,5,0.599484,0.3,20,0.8433333333333334,0.09752492558885195,42,0.8,0.9,0.7166666666666667,1.0,0.8,0.6075393199920655,0.021132755279541015
sqrt,5,0.599484,0.3,50,0.8066666666666666,0.08205689083394115,123,0.9,0.9,0.7166666666666667,0.7166666666666667,0.8,0.6130712985992431,0.02126908302307129
sqrt,5,0.599484,0.5,5,0.64,0.0703957069398096,560,0.6166666666666667,0.7333333333333334,0.5333333333333333,0.6166666666666667,0.7,0.6408012390136719,0.020775318145751953
sqrt,5,0.599484,0.5,10,0.7533333333333333,0.09030811456096045,247,0.7166666666666667,0.7166666666666667,0.6333333333333333,0.9,0.8,0.6273629188537597,0.020910263061523438
sqrt,5,0.599484,0.5,20,0.8099999999999999,0.06377042156569665,112,0.8,0.8166666666666667,0.7166666666666667,0.9166666666666667,0.8,0.6318094253540039,0.02103595733642578
sqrt,5,0.599484,0.5,50,0.8433333333333334,0.09752492558885195,42,0.8,0.9,0.7166666666666667,1.0,0.8,0.6351247787475586,0.020921802520751952
sqrt,5,0.599484,0.7,5,0.6366666666666667,0.06616477747093069,565,0.6166666666666667,0.7166666666666667,0.5333333333333333,0.6166666666666667,0.7,0.6719860553741455,0.021014833450317384
sqrt,5,0.599484,0.7,10,0.6933333333333334,0.030912061651652355,433,0.7,0.7166666666666667,0.7166666666666667,0.6333333333333333,0.7,0.6692690372467041,0.020980024337768556
sqrt,5,0.599484,0.7,20,0.7833333333333334,0.07149203529842407,174,0.8,0.9,0.7166666666666667,0.8,0.7,0.6725578308105469,0.020748281478881837
sqrt,5,0.599484,0.7,50,0.8033333333333333,0.08589399151150084,130,0.7,0.9,0.7166666666666667,0.9,0.8,0.6762590408325195,0.020914125442504882
sqrt,5,0.599484,0.9,5,0.6200000000000001,0.1322455628325158,620,0.6166666666666667,0.8166666666666667,0.5333333333333333,0.43333333333333335,0.7,0.7033234596252441,0.020859479904174805
sqrt,5,0.599484,0.9,10,0.7,0.062360956446232386,401,0.7166666666666667,0.7166666666666667,0.6333333333333333,0.6333333333333333,0.8,0.706324577331543,0.020980024337768556
sqrt,5,0.599484,0.9,20,0.7466666666666667,0.09626352718795769,278,0.8,0.9,0.7166666666666667,0.6166666666666667,0.7,0.7081677436828613,0.020882797241210938
sqrt,5,0.599484,0.9,50,0.7666666666666668,0.09486832980505139,212,0.8,0.9,0.6166666666666667,0.7166666666666667,0.8,0.7113663196563721,0.020811986923217774
sqrt,5,2.15443,0.1,5,0.6900000000000001,0.0997775303139718,435,0.6333333333333333,0.6333333333333333,0.5666666666666667,0.8166666666666667,0.8,0.6971420764923095,0.020798444747924805
sqrt,5,2.15443,0.1,10,0.74,0.07498147919467994,294,0.7166666666666667,0.8333333333333333,0.6333333333333333,0.8166666666666667,0.7,0.6993457317352295,0.02078237533569336
sqrt,5,2.15443,0.1,20,0.8366666666666667,0.11803954139750515,50,0.8166666666666667,0.9166666666666667,0.65,1.0,0.8,0.7008700847625733,0.020839738845825195
sqrt,5,2.15443,0.1,50,0.7699999999999999,0.08969082698049143,205,0.9,0.7166666666666667,0.6333333333333333,0.8,0.8,0.7089521884918213,0.020953607559204102
sqrt,5,2.15443,0.3,5,0.6599999999999999,0.04784233364802441,524,0.6166666666666667,0.7333333333333334,0.6333333333333333,0.6166666666666667,0.7,0.7872494220733642,0.021059274673461914
sqrt,5,2.15443,0.3,10,0.6866666666666668,0.03858612300930077,457,0.7166666666666667,0.65,0.6333333333333333,0.7333333333333334,0.7,0.7919786930084228,0.020811796188354492
sqrt,5,2.15443,0.3,20,0.8166666666666668,0.14023789311975088,92,0.9,0.9166666666666667,0.55,0.9166666666666667,0.8,0.7916289329528808,0.02097487449645996
sqrt,5,2.15443,0.3,50,0.8266666666666665,0.06463573143221771,84,0.9,0.9,0.7333333333333334,0.8,0.8,0.7882283687591553,0.021147871017456056
sqrt,5,2.15443,0.5,5,0.6233333333333333,0.08273115763993906,608,0.5333333333333333,0.7333333333333334,0.5333333333333333,0.6166666666666667,0.7,0.7997703552246094,0.021005964279174803
sqrt,5,2.15443,0.5,10,0.6799999999999999,0.13759844960366863,465,0.5333333333333333,0.7333333333333334,0.5333333333333333,0.9,0.7,0.811423921585083,0.021002817153930663
sqrt,5,2.15443,0.5,20,0.8266666666666668,0.09345230512584124,70,0.8,0.8166666666666667,0.7166666666666667,1.0,0.8,0.8095888137817383,0.021036577224731446
sqrt,5,2.15443,0.5,50,0.79,0.08666666666666668,146,0.8,0.9,0.6333333333333333,0.8166666666666667,0.8,0.8088154315948486,0.020999956130981445
sqrt,5,2.15443,0.7,5,0.6233333333333333,0.08273115763993906,608,0.5333333333333333,0.7333333333333334,0.5333333333333333,0.6166666666666667,0.7,0.8821487903594971,0.02084341049194336
sqrt,5,2.15443,0.7,10,0.7533333333333333,0.09030811456096045,247,0.6333333333333333,0.7166666666666667,0.7166666666666667,0.9,0.8,0.8831559658050537,0.020852088928222656
sqrt,5,2.15443,0.7,20,0.8466666666666667,0.09626352718795768,31,0.9,0.8166666666666667,0.7166666666666667,1.0,0.8,0.8843974590301513,0.02114076614379883
sqrt,5,2.15443,0.7,50,0.8233333333333335,0.11333333333333334,87,0.7,0.9,0.7166666666666667,1.0,0.8,0.8883158206939697,0.021063566207885742
sqrt,5,2.15443,0.9,5,0.6199999999999999,0.0784573486395988,624,0.5333333333333333,0.7166666666666667,0.5333333333333333,0.6166666666666667,0.7,0.945753526687622,0.02104177474975586
sqrt,5,2.15443,0.9,10,0.6966666666666665,0.07557189365836424,431,0.7166666666666667,0.7166666666666667,0.6333333333333333,0.8166666666666667,0.6,0.9466874599456787,0.021109485626220705
sqrt,5,2.15443,0.9,20,0.8266666666666668,0.09345230512584124,70,0.8,0.8166666666666667,0.7166666666666667,1.0,0.8,0.950893497467041,0.02123875617980957
sqrt,5,2.15443,0.9,50,0.8233333333333335,0.069602043392737,87,0.8,0.9,0.7166666666666667,0.9,0.8,0.9555921077728271,0.02186617851257324
sqrt,5,7.74264,0.1,5,0.7066666666666667,0.09580071908799945,390,0.7166666666666667,0.6333333333333333,0.5666666666666667,0.8166666666666667,0.8,0.7638574600219726,0.02098398208618164
sqrt,5,7.74264,0.1,10,0.7266666666666666,0.13848385385227324,334,0.6333333333333333,0.65,0.65,1.0,0.7,0.7646328926086425,0.021000194549560546
sqrt,5,7.74264,0.1,20,0.7300000000000001,0.0755718936583642,324,0.65,0.8333333333333333,0.65,0.7166666666666667,0.8,0.7668623447418212,0.020982122421264647
sqrt,5,7.74264,0.1,50,0.7933333333333333,0.06548960901462833,135,0.9,0.8166666666666667,0.7333333333333334,0.7166666666666667,0.8,0.7716455459594727,0.021073579788208008
sqrt,5,7.74264,0.3,5,0.6199999999999999,0.05312459150169741,624,0.6166666666666667,0.6333333333333333,0.5333333333333333,0.6166666666666667,0.7,0.9838372707366944,0.020878076553344727
sqrt,5,7.74264,0.3,10,0.76,0.07498147919467994,222,0.7166666666666667,0.8333333333333333,0.6333333333333333,0.8166666666666667,0.8,0.9880452156066895,0.020853471755981446
sqrt,5,7.74264,0.3,20,0.8166666666666668,0.11690451944500124,92,0.9,0.9166666666666667,0.65,0.9166666666666667,0.7,0.9887590885162354,0.020905017852783203
sqrt,5,7.74264,0.3,50,0.8333333333333334,0.0674948557710553,54,0.9,0.8166666666666667,0.7333333333333334,0.9166666666666667,0.8,0.9927753925323486,0.02109804153442383
sqrt,5,7.74264,0.5,5,0.6033333333333333,0.0635959467611297,649,0.5333333333333333,0.6333333333333333,0.5333333333333333,0.6166666666666667,0.7,1.066749143600464,0.021071720123291015
sqrt,5,7.74264,0.5,10,0.7166666666666666,0.10381607668264957,362,0.7166666666666667,0.8166666666666667,0.5333333333333333,0.8166666666666667,0.7,1.0780150413513183,0.02148299217224121
sqrt,5,7.74264,0.5,20,0.8366666666666667,0.10295630140987001,50,0.9,0.9166666666666667,0.65,0.9166666666666667,0.8,1.072773265838623,0.021118879318237305
sqrt,5,7.74264,0.5,50,0.8266666666666665,0.03741657386773941,84,0.8,0.9,0.8166666666666667,0.8166666666666667,0.8,1.0770232200622558,0.021298599243164063
sqrt,5,7.74264,0.7,5,0.6233333333333333,0.08273115763993906,608,0.5333333333333333,0.7333333333333334,0.5333333333333333,0.6166666666666667,0.7,1.124896478652954,0.020933914184570312
sqrt,5,7.74264,0.7,10,0.6633333333333333,0.11274356350191843,488,0.5333333333333333,0.7333333333333334,0.5333333333333333,0.8166666666666667,0.7,1.121619415283203,0.02125825881958008
sqrt,5,7.74264,0.7,20,0.8466666666666667,0.09966610925150701,31,0.8,0.9166666666666667,0.7166666666666667,1.0,0.8,1.123295211791992,0.02102808952331543
sqrt,5,7.74264,0.7,50,0.7866666666666667,0.06863753427324668,162,0.8,0.9,0.7333333333333334,0.7,0.8,1.127314043045044,0.021063756942749024
sqrt,5,7.74264,0.9,5,0.6766666666666667,0.09285592184789414,467,0.5333333333333333,0.7333333333333334,0.6166666666666667,0.8,0.7,1.1928278923034668,0.02088165283203125
sqrt,5,7.74264,0.9,10,0.7733333333333332,0.09463379711052262,188,0.8166666666666667,0.8166666666666667,0.6333333333333333,0.9,0.7,1.1940628051757813,0.021012306213378906
sqrt,5,7.74264,0.9,20,0.8466666666666667,0.09626352718795768,31,0.9,0.8166666666666667,0.7166666666666667,1.0,0.8,1.1944961547851562,0.02132716178894043
sqrt,5,7.74264,0.9,50,0.8266666666666668,0.10413666234542207,70,0.9,0.9,0.6333333333333333,0.9,0.8,1.200673770904541,0.02100367546081543
sqrt,5,27.8256,0.1,5,0.7066666666666667,0.09580071908799945,390,0.7166666666666667,0.6333333333333333,0.5666666666666667,0.8166666666666667,0.8,0.7472120761871338,0.021073627471923827
sqrt,5,27.8256,0.1,10,0.76,0.15003703246569197,222,0.7166666666666667,0.8333333333333333,0.55,1.0,0.7,0.7506896018981933,0.02113800048828125
sqrt,5,27.8256,0.1,20,0.7300000000000001,0.0755718936583642,324,0.65,0.8333333333333333,0.65,0.7166666666666667,0.8,0.7526695728302002,0.021167564392089843
sqrt,5,27.8256,0.1,50,0.7533333333333333,0.07408703590297624,247,0.7,0.8166666666666667,0.6333333333333333,0.8166666666666667,0.8,0.7567393779754639,0.021190834045410157
sqrt,5,27.8256,0.3,5,0.7066666666666667,0.09580071908799945,390,0.7166666666666667,0.6333333333333333,0.5666666666666667,0.8166666666666667,0.8,0.8771748542785645,0.020922422409057617
sqrt,5,27.8256,0.3,10,0.7466666666666667,0.12884098726725127,278,0.7166666666666667,0.6666666666666666,0.65,1.0,0.7,0.8790315151214599,0.021030998229980467
sqrt,5,27.8256,0.3,20,0.7633333333333333,0.12174654911833116,220,0.7333333333333334,0.9166666666666667,0.55,0.8166666666666667,0.8,0.8813561916351318,0.02116999626159668
sqrt,5,27.8256,0.3,50,0.7533333333333333,0.06944222218666556,247,0.8,0.8166666666666667,0.6333333333333333,0.7166666666666667,0.8,0.8843456745147705,0.02131209373474121
sqrt,5,27.8256,0.5,5,0.6633333333333333,0.09333333333333332,488,0.6333333333333333,0.6333333333333333,0.5333333333333333,0.8166666666666667,0.7,1.067671537399292,0.02091226577758789
sqrt,5,27.8256,0.5,10,0.7233333333333333,0.08666666666666666,336,0.6333333333333333,0.8333333333333333,0.6333333333333333,0.8166666666666667,0.7,1.0805530071258544,0.02086668014526367
sqrt,5,27.8256,0.5,20,0.8333333333333334,0.11205157542647742,54,0.8166666666666667,0.9166666666666667,0.7333333333333334,1.0,0.7,1.0709822654724122,0.02113180160522461
sqrt,5,27.8256,0.5,50,0.8099999999999999,0.11623730516108464,112,0.8,0.8166666666666667,0.6333333333333333,1.0,0.8,1.0762036800384522,0.02109684944152832
sqrt,5,27.8256,0.7,5,0.6199999999999999,0.05312459150169741,624,0.6166666666666667,0.6333333333333333,0.5333333333333333,0.6166666666666667,0.7,1.2178505897521972,0.020929956436157228
sqrt,5,27.8256,0.7,10,0.7433333333333332,0.09043106644167026,292,0.6333333333333333,0.8333333333333333,0.6333333333333333,0.8166666666666667,0.8,1.220686435699463,0.02135930061340332
sqrt,5,27.8256,0.7,20,0.8333333333333334,0.13457752825457567,54,0.9,0.9166666666666667,0.65,1.0,0.7,1.2191527843475343,0.021039295196533202
sqrt,5,27.8256,0.7,50,0.8133333333333332,0.059066817155564506,98,0.8,0.8166666666666667,0.7333333333333334,0.9166666666666667,0.8,1.224794292449951,0.021081924438476562
sqrt,5,27.8256,0.9,5,0.6033333333333333,0.0635959467611297,649,0.5333333333333333,0.6333333333333333,0.5333333333333333,0.6166666666666667,0.7,1.3434451580047608,0.02105374336242676
sqrt,5,27.8256,0.9,10,0.7233333333333333,0.11907047399661168,336,0.6333333333333333,0.8333333333333333,0.5333333333333333,0.8166666666666667,0.8,1.3523082256317138,0.021002197265625
sqrt,5,27.8256,0.9,20,0.85,0.14832396974191325,24,0.9,1.0,0.65,1.0,0.7,1.3474143028259278,0.021020889282226562
sqrt,5,27.8256,0.9,50,0.8666666666666666,0.09189365834726812,11,0.9,1.0,0.7333333333333334,0.9,0.8,1.358983564376831,0.021013164520263673
sqrt,5,100.0,0.1,5,0.6866666666666668,0.08393118874676114,457,0.7166666666666667,0.6333333333333333,0.5666666666666667,0.8166666666666667,0.7,0.7921577453613281,0.02112278938293457
sqrt,5,100.0,0.1,10,0.76,0.15003703246569197,222,0.7166666666666667,0.8333333333333333,0.55,1.0,0.7,0.7890297889709472,0.020906543731689452
sqrt,5,100.0,0.1,20,0.7666666666666666,0.06749485577105527,214,0.7333333333333334,0.8333333333333333,0.65,0.8166666666666667,0.8,0.7909054279327392,0.021085453033447266
sqrt,5,100.0,0.1,50,0.7966666666666666,0.03231786571610883,133,0.8166666666666667,0.8166666666666667,0.7333333333333334,0.8166666666666667,0.8,0.7940422058105469,0.021060371398925783
sqrt,5,100.0,0.3,5,0.7066666666666667,0.09580071908799945,390,0.7166666666666667,0.6333333333333333,0.5666666666666667,0.8166666666666667,0.8,0.8045241355895996,0.02113823890686035
sqrt,5,100.0,0.3,10,0.76,0.15003703246569197,222,0.7166666666666667,0.8333333333333333,0.55,1.0,0.7,0.8067554473876953,0.021087646484375
sqrt,5,100.0,0.3,20,0.7666666666666666,0.10327955589886446,214,0.65,0.9166666666666667,0.65,0.8166666666666667,0.8,0.808784294128418,0.021055221557617188
sqrt,5,100.0,0.3,50,0.7733333333333332,0.07039570693980961,188,0.8,0.8166666666666667,0.6333333333333333,0.8166666666666667,0.8,0.8120111465454102,0.02104349136352539
sqrt,5,100.0,0.5,5,0.7066666666666667,0.09580071908799945,390,0.7166666666666667,0.6333333333333333,0.5666666666666667,0.8166666666666667,0.8,0.8401820182800293,0.020821332931518555
sqrt,5,100.0,0.5,10,0.76,0.15003703246569197,222,0.7166666666666667,0.8333333333333333,0.55,1.0,0.7,0.8410042762756348,0.020952701568603516
sqrt,5,100.0,0.5,20,0.7666666666666666,0.06749485577105527,214,0.7333333333333334,0.8333333333333333,0.65,0.8166666666666667,0.8,0.8458898544311524,0.02094426155090332
sqrt,5,100.0,0.5,50,0.7733333333333332,0.07039570693980961,188,0.8,0.8166666666666667,0.6333333333333333,0.8166666666666667,0.8,0.8498739719390869,0.021219205856323243
sqrt,5,100.0,0.7,5,0.7066666666666667,0.09580071908799945,390,0.7166666666666667,0.6333333333333333,0.5666666666666667,0.8166666666666667,0.8,0.8996059894561768,0.020975685119628905
sqrt,5,100.0,0.7,10,0.7799999999999999,0.12534397117975443,175,0.7166666666666667,0.8333333333333333,0.65,1.0,0.7,0.8943632125854493,0.020935535430908203
sqrt,5,100.0,0.7,20,0.7466666666666667,0.10402991022884821,278,0.7333333333333334,0.8333333333333333,0.55,0.8166666666666667,0.8,0.9001623630523682,0.02113680839538574
sqrt,5,100.0,0.7,50,0.7733333333333334,0.09104333522498444,180,0.9,0.8166666666666667,0.6333333333333333,0.7166666666666667,0.8,0.8977452754974365,0.021129083633422852
sqrt,5,100.0,0.9,5,0.7066666666666667,0.09580071908799945,390,0.7166666666666667,0.6333333333333333,0.5666666666666667,0.8166666666666667,0.8,0.9400562763214111,0.02110424041748047
sqrt,5,100.0,0.9,10,0.7466666666666667,0.12884098726725127,278,0.7166666666666667,0.6666666666666666,0.65,1.0,0.7,0.9410694599151611,0.021217155456542968
sqrt,5,100.0,0.9,20,0.7466666666666667,0.10402991022884821,278,0.7333333333333334,0.8333333333333333,0.55,0.8166666666666667,0.8,0.942261791229248,0.021073246002197267
sqrt,5,100.0,0.9,50,0.79,0.07348469228349536,146,0.9,0.8166666666666667,0.7166666666666667,0.8166666666666667,0.7,0.9457013607025146,0.021108245849609374
0.3,1,0.001,0.1,5,0.6033333333333333,0.15398412616601465,649,0.6,0.35,0.55,0.7166666666666667,0.8,0.47908844947814944,0.021226119995117188
0.3,1,0.001,0.1,10,0.6633333333333333,0.13097921802925666,488,0.6,0.4666666666666667,0.6333333333333333,0.8166666666666667,0.8,0.485978364944458,0.02135434150695801
0.3,1,0.001,0.1,20,0.5233333333333333,0.1717879830230017,785,0.5166666666666667,0.4666666666666667,0.26666666666666666,0.5666666666666667,0.8,0.4983778953552246,0.021547842025756835
0.3,1,0.001,0.1,50,0.6900000000000001,0.10624918300339486,435,0.5333333333333333,0.6666666666666666,0.6333333333333333,0.8166666666666667,0.8,0.5114393711090088,0.021063518524169923
0.3,1,0.001,0.3,5,0.6033333333333333,0.15398412616601465,649,0.6,0.35,0.55,0.7166666666666667,0.8,0.4791778564453125,0.021203947067260743
0.3,1,0.001,0.3,10,0.6633333333333333,0.13097921802925666,488,0.6,0.4666666666666667,0.6333333333333333,0.8166666666666667,0.8,0.48396968841552734,0.021695852279663086
0.3,1,0.001,0.3,20,0.5233333333333333,0.1717879830230017,785,0.5166666666666667,0.4666666666666667,0.26666666666666666,0.5666666666666667,0.8,0.49520277976989746,0.021329212188720702
0.3,1,0.001,0.3,50,0.6900000000000001,0.10624918300339486,435,0.5333333333333333,0.6666666666666666,0.6333333333333333,0.8166666666666667,0.8,0.5117142677307129,0.0213620662689209
0.3,1,0.001,0.5,5,0.6033333333333333,0.15398412616601465,649,0.6,0.35,0.55,0.7166666666666667,0.8,0.4797111988067627,0.02139725685119629
0.3,1,0.001,0.5,10,0.6633333333333333,0.13097921802925666,488,0.6,0.4666666666666667,0.6333333333333333,0.8166666666666667,0.8,0.4882394313812256,0.021237564086914063
0.3,1,0.001,0.5,20,0.5233333333333333,0.1717879830230017,785,0.5166666666666667,0.4666666666666667,0.26666666666666666,0.5666666666666667,0.8,0.4982028007507324,0.021454524993896485
0.3,1,0.001,0.5,50,0.6900000000000001,0.10624918300339486,435,0.5333333333333333,0.6666666666666666,0.6333333333333333,0.8166666666666667,0.8,0.5116276741027832,0.02125558853149414
0.3,1,0.001,0.7,5,0.6033333333333333,0.15398412616601465,649,0.6,0.35,0.55,0.7166666666666667,0.8,0.47963690757751465,0.0214261531829834
0.3,1,0.001,0.7,10,0.6633333333333333,0.13097921802925666,488,0.6,0.4666666666666667,0.6333333333333333,0.8166666666666667,0.8,0.48456473350524903,0.021647930145263672
0.3,1,0.001,0.7,20,0.5233333333333333,0.1717879830230017,785,0.5166666666666667,0.4666666666666667,0.26666666666666666,0.5666666666666667,0.8,0.49643397331237793,0.02144322395324707
0.3,1,0.001,0.7,50,0.6900000000000001,0.10624918300339486,435,0.5333333333333333,0.6666666666666666,0.6333333333333333,0.8166666666666667,0.8,0.511716365814209,0.021310186386108397
0.3,1,0.001,0.9,5,0.6033333333333333,0.15398412616601465,649,0.6,0.35,0.55,0.7166666666666667,0.8,0.4795886993408203,0.021144819259643555
0.3,1,0.001,0.9,10,0.6633333333333333,0.13097921802925666,488,0.6,0.4666666666666667,0.6333333333333333,0.8166666666666667,0.8,0.4846412181854248,0.021162652969360353
0.3,1,0.001,0.9,20,0.5233333333333333,0.1717879830230017,785,0.5166666666666667,0.4666666666666667,0.26666666666666666,0.5666666666666667,0.8,0.496998929977417,0.021174192428588867
0.3,1,0.001,0.9,50,0.6900000000000001,0.10624918300339486,435,0.5333333333333333,0.6666666666666666,0.6333333333333333,0.8166666666666667,0.8,0.5136740207672119,0.02171645164489746
0.3,1,0.00359381,0.1,5,0.6033333333333333,0.15398412616601465,649,0.6,0.35,0.55,0.7166666666666667,0.8,0.4837772369384766,0.021319866180419922
0.3,1,0.00359381,0.1,10,0.6633333333333333,0.13097921802925666,488,0.6,0.4666666666666667,0.6333333333333333,0.8166666666666667,0.8,0.4877933502197266,0.021551990509033205
0.3,1,0.00359381,0.1,20,0.5233333333333333,0.1717879830230017,785,0.5166666666666667,0.4666666666666667,0.26666666666666666,0.5666666666666667,0.8,0.49730281829833983,0.02133831977844238
0.3,1,0.00359381,0.1,50,0.6900000000000001,0.10624918300339486,435,0.5333333333333333,0.6666666666666666,0.6333333333333333,0.8166666666666667,0.8,0.5123029232025147,0.02131519317626953
0.3,1,0.00359381,0.3,5,0.6033333333333333,0.15398412616601465,649,0.6,0.35,0.55,0.7166666666666667,0.8,0.4796696662902832,0.021265029907226562
0.3,1,0.00359381,0.3,10,0.6633333333333333,0.13097921802925666,488,0.6,0.4666666666666667,0.6333333333333333,0.8166666666666667,0.8,0.48583188056945803,0.021216106414794923
0.3,1,0.00359381,0.3,20,0.5233333333333333,0.1717879830230017,785,0.5166666666666667,0.4666666666666667,0.26666666666666666,0.5666666666666667,0.8,0.49657516479492186,0.02139120101928711
0.3,1,0.00359381,0.3,50,0.6900000000000001,0.10624918300339486,435,0.5333333333333333,0.6666666666666666,0.6333333333333333,0.8166666666666667,0.8,0.5123824596405029,0.02125411033630371
0.3,1,0.00359381,0.5,5,0.6033333333333333,0.15398412616601465,649,0.6,0.35,0.55,0.7166666666666667,0.8,0.4801000118255615,0.021358537673950195
0.3,1,0.00359381,0.5,10,0.6633333333333333,0.13097921802925666,488,0.6,0.4666666666666667,0.6333333333333333,0.8166666666666667,0.8,0.48567352294921873,0.02157168388366699
0.3,1,0.00359381,0.5,20,0.5233333333333333,0.1717879830230017,785,0.5166666666666667,0.4666666666666667,0.26666666666666666,0.5666666666666667,0.8,0.49626989364624025,0.02110428810119629
0.3,1,0.00359381,0.5,50,0.6900000000000001,0.10624918300339486,435,0.5333333333333333,0.6666666666666666,0.6333333333333333,0.8166666666666667,0.8,0.5116652011871338,0.021149635314941406
0.3,1,0.00359381,0.7,5,0.6033333333333333,0.15398412616601465,649,0.6,0.35,0.55,0.7166666666666667,0.8,0.48011488914489747,0.021137046813964843
0.3,1,0.00359381,0.7,10,0.6633333333333333,0.13097921802925666,488,0.6,0.4666666666666667,0.6333333333333333,0.8166666666666667,0.8,0.4864357948303223,0.02119622230529785
0.3,1,0.00359381,0.7,20,0.5233333333333333,0.1717879830230017,785,0.5166666666666667,0.4666666666666667,0.26666666666666666,0.5666666666666667,0.8,0.49698696136474607,0.02118525505065918
0.3,1,0.00359381,0.7,50,0.6900000000000001,0.10624918300339486,435,0.5333333333333333,0.6666666666666666,0.6333333333333333,0.8166666666666667,0.8,0.5130096912384033,0.021297597885131837
0.3,1,0.00359381,0.9,5,0.6033333333333333,0.15398412616601465,649,0.6,0.35,0.55,0.7166666666666667,0.8,0.481385326385498,0.02138991355895996
0.3,1,0.00359381,0.9,10,0.6633333333333333,0.13097921802925666,488,0.6,0.4666666666666667,0.6333333333333333,0.8166666666666667,0.8,0.4875976085662842,0.02203993797302246
0.3,1,0.00359381,0.9,20,0.5233333333333333,0.1717879830230017,785,0.5166666666666667,0.4666666666666667,0.26666666666666666,0.5666666666666667,0.8,0.49619245529174805,0.021325397491455077
0.3,1,0.00359381,0.9,50,0.6900000000000001,0.10624918300339486,435,0.5333333333333333,0.6666666666666666,0.6333333333333333,0.8166666666666667,0.8,0.5116465091705322,0.021449947357177736
0.3,1,0.0129155,0.1,5,0.6766666666666667,0.06960204339273703,467,0.7,0.6333333333333333,0.65,0.6,0.8,0.4884510517120361,0.021410608291625978
0.3,1,0.0129155,0.1,10,0.6033333333333333,0.10718623460542351,649,0.6166666666666667,0.7333333333333334,0.45,0.5166666666666667,0.7,0.49335451126098634,0.021016597747802734
0.3,1,0.0129155,0.1,20,0.7333333333333334,0.09545214042184234,313,0.6166666666666667,0.8166666666666667,0.8166666666666667,0.6166666666666667,0.8,0.49930424690246583,0.02123250961303711
0.3,1,0.0129155,0.1,50,0.7533333333333333,0.077746025264604,247,0.6166666666666667,0.8166666666666667,0.8166666666666667,0.7166666666666667,0.8,0.5168200016021729,0.02130718231201172
0.3,1,0.0129155,0.3,5,0.6033333333333333,0.15398412616601465,649,0.6,0.35,0.55,0.7166666666666667,0.8,0.48145055770874023,0.02125072479248047
0.3,1,0.0129155,0.3,10,0.6633333333333333,0.13097921802925666,488,0.6,0.4666666666666667,0.6333333333333333,0.8166666666666667,0.8,0.4881173610687256,0.021297740936279296
0.3,1,0.0129155,0.3,20,0.5233333333333333,0.1717879830230017,785,0.5166666666666667,0.4666666666666667,0.26666666666666666,0.5666666666666667,0.8,0.49877262115478516,0.02134389877319336
0.3,1,0.0129155,0.3,50,0.6900000000000001,0.10624918300339486,435,0.5333333333333333,0.6666666666666666,0.6333333333333333,0.8166666666666667,0.8,0.5128095626831055,0.02121448516845703
0.3,1,0.0129155,0.5,5,0.6033333333333333,0.15398412616601465,649,0.6,0.35,0.55,0.7166666666666667,0.8,0.480623197555542,0.021202802658081055
0.3,1,0.0129155,0.5,10,0.6633333333333333,0.13097921802925666,488,0.6,0.4666666666666667,0.6333333333333333,0.8166666666666667,0.8,0.48765015602111816,0.021378564834594726
0.3,1,0.0129155,0.5,20,0.5233333333333333,0.1717879830230017,785,0.5166666666666667,0.4666666666666667,0.26666666666666666,0.5666666666666667,0.8,0.49613466262817385,0.021463727951049803
0.3,1,0.0129155,0.5,50,0.6900000000000001,0.10624918300339486,435,0.5333333333333333,0.6666666666666666,0.6333333333333333,0.8166666666666667,0.8,0.5132687568664551,0.021313285827636717
0.3,1,0.0129155,0.7,5,0.6033333333333333,0.15398412616601465,649,0.6,0.35,0.55,0.7166666666666667,0.8,0.4801213264465332,0.0213681697845459
0.3,1,0.0129155,0.7,10,0.6633333333333333,0.13097921802925666,488,0.6,0.4666666666666667,0.6333333333333333,0.8166666666666667,0.8,0.49025349617004393,0.02112584114074707
0.3,1,0.0129155,0.7,20,0.5233333333333333,0.1717879830230017,785,0.5166666666666667,0.4666666666666667,0.26666666666666666,0.5666666666666667,0.8,0.49506587982177735,0.021331310272216797
0.3,1,0.0129155,0.7,50,0.6900000000000001,0.10624918300339486,435,0.5333333333333333,0.6666666666666666,0.6333333333333333,0.8166666666666667,0.8,0.5144866466522217,0.021207189559936522
0.3,1,0.0129155,0.9,5,0.6033333333333333,0.15398412616601465,649,0.6,0.35,0.55,0.7166666666666667,0.8,0.48166532516479493,0.02108621597290039
0.3,1,0.0129155,0.9,10,0.6633333333333333,0.13097921802925666,488,0.6,0.4666666666666667,0.6333333333333333,0.8166666666666667,0.8,0.487732982635498,0.021261119842529298
0.3,1,0.0129155,0.9,20,0.5233333333333333,0.1717879830230017,785,0.5166666666666667,0.4666666666666667,0.26666666666666666,0.5666666666666667,0.8,0.49996170997619627,0.021582365036010742
0.3,1,0.0129155,0.9,50,0.6900000000000001,0.10624918300339486,435,0.5333333333333333,0.6666666666666666,0.6333333333333333,0.8166666666666667,0.8,0.5139048099517822,0.021262598037719727
0.3,1,0.0464159,0.1,5,0.6599999999999999,0.12762793146051096,524,0.5333333333333333,0.6333333333333333,0.8166666666666667,0.5166666666666667,0.8,0.4974118709564209,0.021268701553344725
0.3,1,0.0464159,0.1,10,0.7333333333333334,0.0674948557710553,313,0.7333333333333334,0.7166666666666667,0.8,0.6166666666666667,0.8,0.5025794982910157,0.02114577293395996
0.3,1,0.0464159,0.1,20,0.8033333333333335,0.058118652580542315,129,0.8,0.8,0.7166666666666667,0.8,0.9,0.5077140808105469,0.021196651458740234
0.3,1,0.0464159,0.1,50,0.7733333333333333,0.07498147919467996,185,0.7,0.8166666666666667,0.7166666666666667,0.7333333333333334,0.9,0.5290532588958741,0.021134376525878906
0.3,1,0.0464159,0.3,5,0.6633333333333333,0.07023769168568494,488,0.6333333333333333,0.6333333333333333,0.65,0.6,0.8,0.5008176326751709,0.021222829818725586
0.3,1,0.0464159,0.3,10,0.6566666666666666,0.07195677714974301,534,0.6166666666666667,0.7166666666666667,0.5333333333333333,0.7166666666666667,0.7,0.5052681922912597,0.02117609977722168
0.3,1,0.0464159,0.3,20,0.7733333333333333,0.07498147919467996,185,0.7,0.7333333333333334,0.8166666666666667,0.7166666666666667,0.9,0.5125557899475097,0.02116231918334961
0.3,1,0.0464159,0.3,50,0.79,0.03741657386773941,146,0.8,0.8166666666666667,0.8166666666666667,0.7166666666666667,0.8,0.527890682220459,0.021287822723388673
0.3,1,0.0464159,0.5,5,0.6066666666666667,0.17657230184198705,632,0.7166666666666667,0.7166666666666667,0.4666666666666667,0.3333333333333333,0.8,0.5005100727081299,0.021057891845703124
0.3,1,0.0464159,0.5,10,0.6599999999999999,0.10252370999486467,524,0.8,0.7166666666666667,0.55,0.5333333333333333,0.7,0.5045947551727294,0.021321582794189452
0.3,1,0.0464159,0.5,20,0.72,0.08906926143924926,340,0.8,0.7166666666666667,0.5666666666666667,0.8166666666666667,0.7,0.5117981910705567,0.02124185562133789
0.3,1,0.0464159,0.5,50,0.7566666666666666,0.0679869268479038,236,0.8,0.8166666666666667,0.6333333333333333,0.7333333333333334,0.8,0.5296213150024414,0.021181488037109376
0.3,1,0.0464159,0.7,5,0.6033333333333333,0.15398412616601465,649,0.6,0.35,0.55,0.7166666666666667,0.8,0.4813804626464844,0.0210970401763916
0.3,1,0.0464159,0.7,10,0.6633333333333333,0.13097921802925666,488,0.6,0.4666666666666667,0.6333333333333333,0.8166666666666667,0.8,0.4899436473846436,0.021306228637695313
0.3,1,0.0464159,0.7,20,0.5233333333333333,0.1717879830230017,785,0.5166666666666667,0.4666666666666667,0.26666666666666666,0.5666666666666667,0.8,0.49851231575012206,0.021404409408569337
0.3,1,0.0464159,0.7,50,0.6900000000000001,0.10624918300339486,435,0.5333333333333333,0.6666666666666666,0.6333333333333333,0.8166666666666667,0.8,0.514799690246582,0.021314096450805665
0.3,1,0.0464159,0.9,5,0.6033333333333333,0.15398412616601465,649,0.6,0.35,0.55,0.7166666666666667,0.8,0.48454976081848145,0.021047306060791016
0.3,1,0.0464159,0.9,10,0.6633333333333333,0.13097921802925666,488,0.6,0.4666666666666667,0.6333333333333333,0.8166666666666667,0.8,0.48961811065673827,0.02115020751953125
0.3,1,0.0464159,0.9,20,0.5233333333333333,0.1717879830230017,785,0.5166666666666667,0.4666666666666667,0.26666666666666666,0.5666666666666667,0.8,0.49799404144287107,0.021145725250244142
0.3,1,0.0464159,0.9,50,0.6900000000000001,0.10624918300339486,435,0.5333333333333333,0.6666666666666666,0.6333333333333333,0.8166666666666667,0.8,0.5137301921844483,0.02113165855407715
0.3,1,0.16681,0.1,5,0.7333333333333334,0.10327955589886448,313,0.7,0.6333333333333333,0.6333333333333333,0.9,0.8,0.5270257472991944,0.021201324462890626
0.3,1,0.16681,0.1,10,0.7,0.0632455532033676,401,0.6166666666666667,0.65,0.7166666666666667,0.7166666666666667,0.8,0.5310892105102539,0.021051836013793946
0.3,1,0.16681,0.1,20,0.8433333333333334,0.10088497300281038,42,0.7,0.9,0.8166666666666667,1.0,0.8,0.5393776416778564,0.021192026138305665
0.3,1,0.16681,0.1,50,0.8300000000000001,0.0678232998312527,61,0.9,0.8166666666666667,0.7166666666666667,0.8166666666666667,0.9,0.5532610416412354,0.02109360694885254
0.3,1,0.16681,0.3,5,0.6233333333333333,0.13727506854649335,608,0.5333333333333333,0.7333333333333334,0.6333333333333333,0.4166666666666667,0.8,0.533405351638794,0.021190786361694337
0.3,1,0.16681,0.3,10,0.7166666666666668,0.05868938953886337,357,0.6166666666666667,0.7166666666666667,0.7333333333333334,0.7166666666666667,0.8,0.5382870674133301,0.021144962310791014
0.3,1,0.16681,0.3,20,0.8266666666666668,0.08981462390204988,70,0.7166666666666667,0.9,0.7166666666666667,0.9,0.9,0.5448557376861572,0.02108345031738281
0.3,1,0.16681,0.3,50,0.8466666666666669,0.07702813338860896,28,0.8,0.9,0.7166666666666667,0.9166666666666667,0.9,0.5604204654693603,0.021037721633911134
0.3,1,0.16681,0.5,5,0.6366666666666665,0.13055437351710758,570,0.6166666666666667,0.8166666666666667,0.6333333333333333,0.4166666666666667,0.7,0.5425857067108154,0.021375513076782225
0.3,1,0.16681,0.5,10,0.6766666666666665,0.1284955684493092,474,0.7166666666666667,0.8166666666666667,0.5333333333333333,0.5166666666666667,0.8,0.5468887329101563,0.021188879013061525
0.3,1,0.16681,0.5,20,0.77,0.09626352718795768,201,0.6166666666666667,0.8,0.7166666666666667,0.8166666666666667,0.9,0.5519669055938721,0.021169662475585938
0.3,1,0.16681,0.5,50,0.77,0.07702813338860896,201,0.7166666666666667,0.8166666666666667,0.7166666666666667,0.7,0.9,0.5684172153472901,0.021178007125854492
0.3,1,0.16681,0.7,5,0.6766666666666665,0.07717224601860151,474,0.6333333333333333,0.8166666666666667,0.6333333333333333,0.6,0.7,0.5546554565429688,0.021198320388793945
0.3,1,0.16681,0.7,10,0.6900000000000001,0.08666666666666667,435,0.8,0.7166666666666667,0.5333333333333333,0.7,0.7,0.562232255935669,0.021011829376220703
0.3,1,0.16681,0.7,20,0.7899999999999999,0.1348249894410446,155,0.8,0.8166666666666667,0.5333333333333333,0.9,0.9,0.5674249649047851,0.021001195907592772
0.3,1,0.16681,0.7,50,0.8266666666666668,0.06879922480183431,70,0.8,0.8166666666666667,0.7166666666666667,0.9,0.9,0.5821401596069335,0.021155691146850585
0.3,1,0.16681,0.9,5,0.6566666666666666,0.09637888196533974,534,0.6333333333333333,0.8166666666666667,0.5333333333333333,0.6,0.7,0.5537123203277587,0.02117295265197754
0.3,1,0.16681,0.9,10,0.6966666666666667,0.11803954139750514,426,0.9,0.7166666666666667,0.55,0.6166666666666667,0.7,0.5591026306152344,0.021229982376098633
0.3,1,0.16681,0.9,20,0.8133333333333335,0.09153020145163987,95,0.8166666666666667,0.9,0.65,0.8,0.9,0.565468692779541,0.02119278907775879
0.3,1,0.16681,0.9,50,0.7366666666666666,0.11803954139750514,310,0.7166666666666667,0.8166666666666667,0.55,0.7,0.9,0.5809591770172119,0.021329545974731447
0.3,1,0.599484,0.1,5,0.6566666666666666,0.07272474743090478,534,0.6166666666666667,0.6333333333333333,0.6333333333333333,0.6,0.8,0.5985818862915039,0.021074485778808594
0.3,1,0.599484,0.1,10,0.7,0.08232726023485648,401,0.6166666666666667,0.65,0.6333333333333333,0.8,0.8,0.5989962577819824,0.021343040466308593
0.3,1,0.599484,0.1,20,0.8333333333333334,0.07601169500660923,54,0.7166666666666667,0.8166666666666667,0.9166666666666667,0.9166666666666667,0.8,0.603810167312622,0.0209902286529541
0.3,1,0.599484,0.1,50,0.8466666666666667,0.07702813338860895,31,0.8,0.8166666666666667,0.8166666666666667,1.0,0.8,0.6190249443054199,0.021177387237548827
0.3,1,0.599484,0.3,5,0.6599999999999999,0.07118052168020875,524,0.5333333333333333,0.7333333333333334,0.6333333333333333,0.7,0.7,0.6108642101287842,0.021149730682373045
0.3,1,0.599484,0.3,10,0.74,0.14552586635295384,294,0.6166666666666667,0.65,0.6333333333333333,1.0,0.8,0.6164542198181152,0.021242141723632812
0.3,1,0.599484,0.3,20,0.8666666666666668,0.04830458915396481,7,0.8,0.9,0.8166666666666667,0.9166666666666667,0.9,0.6206254482269287,0.021396398544311523
0.3,1,0.599484,0.3,50,0.8300000000000001,0.07257180352359083,61,0.8,0.8166666666666667,0.7166666666666667,0.9166666666666667,0.9,0.6389131546020508,0.02127695083618164
0.3,1,0.599484,0.5,5,0.6366666666666667,0.07557189365836421,565,0.6166666666666667,0.7333333333333334,0.5166666666666667,0.6166666666666667,0.7,0.63416428565979,0.02134075164794922
0.3,1,0.599484,0.5,10,0.75,0.09486832980505137,263,0.6166666666666667,0.7166666666666667,0.7166666666666667,0.9,0.8,0.63691086769104,0.0210665225982666
0.3,1,0.599484,0.5,20,0.8466666666666667,0.09626352718795768,31,0.8,0.8166666666666667,0.7166666666666667,1.0,0.9,0.6426279544830322,0.02132282257080078
0.3,1,0.599484,0.5,50,0.8466666666666667,0.09626352718795768,31,0.8,0.8166666666666667,0.7166666666666667,1.0,0.9,0.6584439277648926,0.02090167999267578
0.3,1,0.599484,0.7,5,0.6566666666666666,0.09921917377424809,534,0.6166666666666667,0.6333333333333333,0.5166666666666667,0.8166666666666667,0.7,0.6762000560760498,0.021217870712280273
0.3,1,0.599484,0.7,10,0.7133333333333335,0.05811865258054231,371,0.6166666666666667,0.7166666666666667,0.7166666666666667,0.7166666666666667,0.8,0.6805278778076171,0.02118067741394043
0.3,1,0.599484,0.7,20,0.7899999999999999,0.1098483803552272,155,0.6166666666666667,0.8166666666666667,0.7166666666666667,0.9,0.9,0.6863016128540039,0.021202707290649415
0.3,1,0.599484,0.7,50,0.77,0.07702813338860896,201,0.7166666666666667,0.8166666666666667,0.7166666666666667,0.7,0.9,0.7022957324981689,0.021104717254638673
0.3,1,0.599484,0.9,5,0.6166666666666666,0.12156388352540311,628,0.5333333333333333,0.8166666666666667,0.5166666666666667,0.5166666666666667,0.7,0.7117862701416016,0.02124614715576172
0.3,1,0.599484,0.9,10,0.7133333333333335,0.05811865258054231,371,0.6166666666666667,0.7166666666666667,0.7166666666666667,0.7166666666666667,0.8,0.7160860538482666,0.02125868797302246
0.3,1,0.599484,0.9,20,0.7866666666666666,0.10923979738782626,171,0.6166666666666667,0.9,0.7166666666666667,0.8,0.9,0.7213129997253418,0.021129512786865236
0.3,1,0.599484,0.9,50,0.8466666666666667,0.11224972160321824,31,0.7166666666666667,0.9,0.7166666666666667,1.0,0.9,0.7390615940093994,0.021283817291259766
0.3,1,2.15443,0.1,5,0.6699999999999999,0.08055363982396384,479,0.6333333333333333,0.6333333333333333,0.5666666666666667,0.7166666666666667,0.8,0.7051423549652099,0.021099948883056642
0.3,1,2.15443,0.1,10,0.7333333333333334,0.0674948557710553,313,0.6166666666666667,0.7333333333333334,0.7166666666666667,0.8,0.8,0.7095093250274658,0.021144008636474608
0.3,1,2.15443,0.1,20,0.8133333333333332,0.06359594676112973,98,0.7166666666666667,0.8166666666666667,0.8166666666666667,0.9166666666666667,0.8,0.7152254581451416,0.021436357498168947
0.3,1,2.15443,0.1,50,0.7566666666666666,0.042946995755750415,236,0.7166666666666667,0.8166666666666667,0.7166666666666667,0.7333333333333334,0.8,0.7333629608154297,0.021251726150512695
0.3,1,2.15443,0.3,5,0.7366666666666667,0.13840359661351131,300,0.6166666666666667,0.7333333333333334,0.6333333333333333,1.0,0.7,0.7977557182312012,0.0215425968170166
0.3,1,2.15443,0.3,10,0.7033333333333334,0.0865383665716478,397,0.6166666666666667,0.65,0.6333333333333333,0.8166666666666667,0.8,0.7952595710754394,0.022142314910888673
0.3,1,2.15443,0.3,20,0.8666666666666668,0.09486832980505139,7,0.7166666666666667,0.9,0.8166666666666667,1.0,0.9,0.8000496387481689,0.021401405334472656
0.3,1,2.15443,0.3,50,0.8833333333333334,0.07149203529842404,1,0.9,0.9,0.8166666666666667,1.0,0.8,0.8165686130523682,0.021262216567993163
0.3,1,2.15443,0.5,5,0.6233333333333333,0.08273115763993906,608,0.5333333333333333,0.7333333333333334,0.5333333333333333,0.6166666666666667,0.7,0.8108382225036621,0.021352195739746095
0.3,1,2.15443,0.5,10,0.7533333333333333,0.1637749132871766,247,0.5333333333333333,0.8166666666666667,0.6166666666666667,1.0,0.8,0.8158059597015381,0.021197700500488283
0.3,1,2.15443,0.5,20,0.8666666666666668,0.04830458915396481,7,0.8,0.9,0.8166666666666667,0.9166666666666667,0.9,0.8187859058380127,0.021189403533935548
0.3,1,2.15443,0.5,50,0.8300000000000001,0.10923979738782627,61,0.7166666666666667,0.8166666666666667,0.7166666666666667,1.0,0.9,0.8470160961151123,0.021175384521484375
0.3,1,2.15443,0.7,5,0.6033333333333333,0.10974718422102886,649,0.5333333333333333,0.7333333333333334,0.43333333333333335,0.6166666666666667,0.7,0.8879763603210449,0.021226024627685545
0.3,1,2.15443,0.7,10,0.7533333333333333,0.13960261060914617,247,0.6166666666666667,0.7166666666666667,0.6333333333333333,1.0,0.8,0.8939008712768555,0.021099376678466796
0.3,1,2.15443,0.7,20,0.8633333333333335,0.09683892697555967,14,0.8,0.9,0.7166666666666667,1.0,0.9,0.8993720531463623,0.021131467819213868
0.3,1,2.15443,0.7,50,0.8233333333333335,0.11333333333333334,87,0.7,0.9,0.7166666666666667,1.0,0.8,0.9143619060516357,0.02118988037109375
0.3,1,2.15443,0.9,5,0.5833333333333334,0.09189365834726813,704,0.5333333333333333,0.6333333333333333,0.43333333333333335,0.6166666666666667,0.7,0.9525974750518799,0.02115478515625
0.3,1,2.15443,0.9,10,0.7699999999999999,0.13140268896284682,205,0.6166666666666667,0.8166666666666667,0.7166666666666667,1.0,0.7,0.9560666561126709,0.021078109741210938
0.3,1,2.15443,0.9,20,0.8099999999999999,0.13441230102437302,112,0.6166666666666667,0.8166666666666667,0.7166666666666667,1.0,0.9,0.963254165649414,0.021259355545043945
0.3,1,2.15443,0.9,50,0.7866666666666666,0.10923979738782626,171,0.6166666666666667,0.9,0.7166666666666667,0.8,0.9,0.9790044784545898,0.02123250961303711
0.3,1,7.74264,0.1,5,0.7,0.062360956446232386,401,0.6333333333333333,0.6333333333333333,0.7166666666666667,0.7166666666666667,0.8,0.769771957397461,0.020925045013427734
0.3,1,7.74264,0.1,10,0.7733333333333332,0.09104333522498444,188,0.7166666666666667,0.8166666666666667,0.6333333333333333,0.9,0.8,0.7779896259307861,0.021052217483520506
0.3,1,7.74264,0.1,20,0.7366666666666667,0.0661647774709307,300,0.7166666666666667,0.8166666666666667,0.6333333333333333,0.7166666666666667,0.8,0.7783108234405518,0.021317100524902342
0.3,1,7.74264,0.1,50,0.7933333333333332,0.047842333648024406,143,0.7,0.8166666666666667,0.8166666666666667,0.8333333333333333,0.8,0.7953631401062011,0.021251392364501954
0.3,1,7.74264,0.3,5,0.6266666666666666,0.09809292646374776,590,0.6166666666666667,0.65,0.5333333333333333,0.5333333333333333,0.8,0.9900776863098144,0.021201467514038085
0.3,1,7.74264,0.3,10,0.7300000000000001,0.0678232998312527,324,0.6166666666666667,0.7166666666666667,0.7166666666666667,0.8,0.8,0.9954777240753174,0.02131543159484863
0.3,1,7.74264,0.3,20,0.8133333333333332,0.08259674462242579,98,0.7166666666666667,0.9,0.7333333333333334,0.9166666666666667,0.8,0.9994223117828369,0.021252012252807616
0.3,1,7.74264,0.3,50,0.8099999999999999,0.06377042156569665,112,0.8,0.8166666666666667,0.7166666666666667,0.9166666666666667,0.8,1.0186896800994873,0.021314334869384766
0.3,1,7.74264,0.5,5,0.6833333333333333,0.17126976771553507,460,0.5333333333333333,0.65,0.5333333333333333,1.0,0.7,1.0744379043579102,0.02117743492126465
0.3,1,7.74264,0.5,10,0.7866666666666667,0.15253414918196734,162,0.6166666666666667,0.9,0.6166666666666667,1.0,0.8,1.0761788368225098,0.021116924285888673
0.3,1,7.74264,0.5,20,0.85,0.1085254706406647,24,0.7166666666666667,0.9,0.7333333333333334,1.0,0.9,1.0853084564208983,0.02129817008972168
0.3,1,7.74264,0.5,50,0.8433333333333334,0.10088497300281038,42,0.7,0.9,0.8166666666666667,1.0,0.8,1.0991512775421142,0.02230534553527832
0.3,1,7.74264,0.7,5,0.6233333333333333,0.08273115763993906,608,0.5333333333333333,0.7333333333333334,0.5333333333333333,0.6166666666666667,0.7,1.1258171558380128,0.021148490905761718
0.3,1,7.74264,0.7,10,0.7699999999999999,0.14352700094407322,205,0.6166666666666667,0.8166666666666667,0.6166666666666667,1.0,0.8,1.130441951751709,0.021175622940063477
0.3,1,7.74264,0.7,20,0.8833333333333334,0.07149203529842404,1,0.8,0.9,0.8166666666666667,1.0,0.9,1.1345211505889892,0.021262741088867186
0.3,1,7.74264,0.7,50,0.8266666666666668,0.03741657386773941,70,0.8,0.8166666666666667,0.8166666666666667,0.9,0.8,1.1533088684082031,0.021123981475830077
0.3,1,7.74264,0.9,5,0.6566666666666666,0.07272474743090476,534,0.5333333333333333,0.7333333333333334,0.6166666666666667,0.7,0.7,1.1960437774658204,0.02122220993041992
0.3,1,7.74264,0.9,10,0.7366666666666667,0.13840359661351131,300,0.6166666666666667,0.7333333333333334,0.6333333333333333,1.0,0.7,1.2002410411834716,0.021036148071289062
0.3,1,7.74264,0.9,20,0.8633333333333335,0.09683892697555967,14,0.8,0.9,0.7166666666666667,1.0,0.9,1.2073555946350099,0.0210726261138916
0.3,1,7.74264,0.9,50,0.79,0.09345230512584124,146,0.6166666666666667,0.8166666666666667,0.8166666666666667,0.9,0.8,1.2248902797698975,0.021085643768310548
0.3,1,27.8256,0.1,5,0.7,0.062360956446232386,401,0.6333333333333333,0.6333333333333333,0.7166666666666667,0.7166666666666667,0.8,0.7577364921569825,0.022004032135009767
0.3,1,27.8256,0.1,10,0.7566666666666666,0.11234866364235144,236,0.6166666666666667,0.8333333333333333,0.6333333333333333,0.9,0.8,0.7583768844604493,0.021608877182006835
0.3,1,27.8256,0.1,20,0.7933333333333333,0.08730533902472531,135,0.8166666666666667,0.8166666666666667,0.6333333333333333,0.9,0.8,0.7633817195892334,0.02113766670227051
0.3,1,27.8256,0.1,50,0.7733333333333332,0.05436502143433363,188,0.7,0.8166666666666667,0.7166666666666667,0.8333333333333333,0.8,0.7780981540679932,0.021125602722167968
0.3,1,27.8256,0.3,5,0.7,0.062360956446232386,401,0.6333333333333333,0.6333333333333333,0.7166666666666667,0.7166666666666667,0.8,0.8819952487945557,0.021123409271240234
0.3,1,27.8256,0.3,10,0.76,0.08856886837057618,222,0.7166666666666667,0.75,0.6333333333333333,0.9,0.8,0.8892578601837158,0.02097158432006836
0.3,1,27.8256,0.3,20,0.7366666666666667,0.07102425250887505,300,0.6166666666666667,0.8166666666666667,0.7333333333333334,0.7166666666666667,0.8,0.8968137741088867,0.022213172912597657
0.3,1,27.8256,0.3,50,0.7933333333333333,0.07423685817106698,135,0.7166666666666667,0.8166666666666667,0.7166666666666667,0.9166666666666667,0.8,0.9117003917694092,0.021108627319335938
0.3,1,27.8256,0.5,5,0.6433333333333333,0.06463573143221772,555,0.6333333333333333,0.6333333333333333,0.5333333333333333,0.7166666666666667,0.7,1.075613021850586,0.02108001708984375
0.3,1,27.8256,0.5,10,0.7133333333333333,0.07845734863959881,375,0.6166666666666667,0.7166666666666667,0.6333333333333333,0.8,0.8,1.0824681758880614,0.02114448547363281
0.3,1,27.8256,0.5,20,0.8133333333333332,0.10077477638553982,98,0.7166666666666667,0.8166666666666667,0.7333333333333334,1.0,0.8,1.0904838562011718,0.021067142486572266
0.3,1,27.8256,0.5,50,0.8099999999999999,0.10360180178613368,112,0.7166666666666667,0.8166666666666667,0.7166666666666667,1.0,0.8,1.1068611145019531,0.020984935760498046
0.3,1,27.8256,0.7,5,0.6266666666666666,0.09809292646374776,590,0.6166666666666667,0.65,0.5333333333333333,0.5333333333333333,0.8,1.2325553894042969,0.021147871017456056
0.3,1,27.8256,0.7,10,0.7133333333333333,0.07845734863959881,375,0.6166666666666667,0.7166666666666667,0.6333333333333333,0.8,0.8,1.2276769638061524,0.020988321304321288
0.3,1,27.8256,0.7,20,0.8666666666666666,0.1140175425099138,11,0.7166666666666667,1.0,0.8166666666666667,1.0,0.8,1.2308740615844727,0.021172761917114258
0.3,1,27.8256,0.7,50,0.8466666666666667,0.07702813338860895,31,0.8,0.8166666666666667,0.8166666666666667,1.0,0.8,1.2468062877655028,0.021021938323974608
0.3,1,27.8256,0.9,5,0.65,0.10645812948447543,547,0.5333333333333333,0.65,0.5333333333333333,0.7333333333333334,0.8,1.3498475074768066,0.021148300170898436
0.3,1,27.8256,0.9,10,0.75,0.16832508230603463,263,0.6166666666666667,0.8166666666666667,0.5166666666666667,1.0,0.8,1.3549417495727538,0.02104954719543457
0.3,1,27.8256,0.9,20,0.8666666666666666,0.07601169500660919,11,0.8,0.9,0.8333333333333333,1.0,0.8,1.3582168579101563,0.02109494209289551
0.3,1,27.8256,0.9,50,0.8633333333333333,0.077746025264604,22,0.8,0.9,0.8166666666666667,1.0,0.8,1.3721074104309081,0.02105569839477539
0.3,1,100.0,0.1,5,0.7,0.062360956446232386,401,0.6333333333333333,0.6333333333333333,0.7166666666666667,0.7166666666666667,0.8,0.7924521923065185,0.02111644744873047
0.3,1,100.0,0.1,10,0.7733333333333334,0.127627931460511,180,0.6166666666666667,0.9166666666666667,0.6333333333333333,0.9,0.8,0.8005771160125732,0.02103910446166992
0.3,1,100.0,0.1,20,0.7366666666666667,0.0661647774709307,300,0.7166666666666667,0.8166666666666667,0.6333333333333333,0.7166666666666667,0.8,0.8036461353302002,0.021090602874755858
0.3,1,100.0,0.1,50,0.8133333333333332,0.06359594676112973,98,0.7166666666666667,0.8166666666666667,0.8166666666666667,0.9166666666666667,0.8,0.8220746517181396,0.021304988861083986
0.3,1,100.0,0.3,5,0.7,0.062360956446232386,401,0.6333333333333333,0.6333333333333333,0.7166666666666667,0.7166666666666667,0.8,0.818465280532837,0.02098536491394043
0.3,1,100.0,0.3,10,0.7733333333333334,0.127627931460511,180,0.6166666666666667,0.9166666666666667,0.6333333333333333,0.9,0.8,0.8193395137786865,0.021158742904663085
0.3,1,100.0,0.3,20,0.7366666666666667,0.0661647774709307,300,0.7166666666666667,0.8166666666666667,0.6333333333333333,0.7166666666666667,0.8,0.8230847358703614,0.021262979507446288
0.3,1,100.0,0.3,50,0.8300000000000001,0.043969686527576414,61,0.8,0.8166666666666667,0.8166666666666667,0.9166666666666667,0.8,0.8352008819580078,0.021076679229736328
0.3,1,100.0,0.5,5,0.7,0.062360956446232386,401,0.6333333333333333,0.6333333333333333,0.7166666666666667,0.7166666666666667,0.8,0.8444325447082519,0.02120823860168457
0.3,1,100.0,0.5,10,0.7933333333333333,0.1515109090315135,135,0.6166666666666667,0.9166666666666667,0.6333333333333333,1.0,0.8,0.84884672164917,0.02126765251159668
0.3,1,100.0,0.5,20,0.7733333333333332,0.09104333522498444,188,0.7166666666666667,0.8166666666666667,0.6333333333333333,0.9,0.8,0.8546284198760986,0.02115349769592285
0.3,1,100.0,0.5,50,0.7566666666666666,0.08069145624606801,236,0.6166666666666667,0.8166666666666667,0.7166666666666667,0.8333333333333333,0.8,0.8703492641448974,0.02109417915344238
0.3,1,100.0,0.7,5,0.7,0.062360956446232386,401,0.6333333333333333,0.6333333333333333,0.7166666666666667,0.7166666666666667,0.8,0.8961102962493896,0.021177244186401368
0.3,1,100.0,0.7,10,0.7566666666666666,0.11234866364235144,236,0.6166666666666667,0.8333333333333333,0.6333333333333333,0.9,0.8,0.9000331401824951,0.021215248107910156
0.3,1,100.0,0.7,20,0.7366666666666667,0.0661647774709307,300,0.7166666666666667,0.8166666666666667,0.6333333333333333,0.7166666666666667,0.8,0.9050883769989013,0.021037530899047852
0.3,1,100.0,0.7,50,0.7566666666666666,0.07644896627453142,236,0.6166666666666667,0.8166666666666667,0.8166666666666667,0.7333333333333334,0.8,0.9247970104217529,0.021220874786376954
0.3,1,100.0,0.9,5,0.7,0.062360956446232386,401,0.6333333333333333,0.6333333333333333,0.7166666666666667,0.7166666666666667,0.8,0.9457510471343994,0.021209144592285158
0.3,1,100.0,0.9,10,0.76,0.08856886837057618,222,0.7166666666666667,0.75,0.6333333333333333,0.9,0.8,0.9482847690582276,0.021221733093261717
0.3,1,100.0,0.9,20,0.7366666666666666,0.09153020145163987,310,0.6166666666666667,0.8166666666666667,0.6333333333333333,0.8166666666666667,0.8,0.9552889823913574,0.021132135391235353
0.3,1,100.0,0.9,50,0.8133333333333332,0.06359594676112973,98,0.7166666666666667,0.8166666666666667,0.8166666666666667,0.9166666666666667,0.8,0.9691461563110352,0.02097187042236328
0.3,5,0.001,0.1,5,0.56,0.062003584125794244,737,0.6,0.45,0.5333333333333333,0.6166666666666667,0.6,0.46903080940246583,0.020981407165527342
0.3,5,0.001,0.1,10,0.5933333333333334,0.08069145624606802,671,0.6,0.45,0.7,0.6166666666666667,0.6,0.4826216220855713,0.021110153198242186
0.3,5,0.001,0.1,20,0.5800000000000001,0.1661324772583615,705,0.5166666666666667,0.7166666666666667,0.35,0.8166666666666667,0.5,0.4771438121795654,0.02101740837097168
0.3,5,0.001,0.1,50,0.6066666666666667,0.11766241729815195,632,0.5333333333333333,0.65,0.45,0.8,0.6000000000000001,0.48819737434387206,0.021280670166015626
0.3,5,0.001,0.3,5,0.56,0.062003584125794244,737,0.6,0.45,0.5333333333333333,0.6166666666666667,0.6,0.468220853805542,0.02083926200866699
0.3,5,0.001,0.3,10,0.5933333333333334,0.08069145624606802,671,0.6,0.45,0.7,0.6166666666666667,0.6,0.47183642387390134,0.020693874359130858
0.3,5,0.001,0.3,20,0.5800000000000001,0.1661324772583615,705,0.5166666666666667,0.7166666666666667,0.35,0.8166666666666667,0.5,0.47766804695129395,0.021213006973266602
0.3,5,0.001,0.3,50,0.6066666666666667,0.11766241729815195,632,0.5333333333333333,0.65,0.45,0.8,0.6000000000000001,0.48833889961242677,0.021214866638183595
0.3,5,0.001,0.5,5,0.56,0.062003584125794244,737,0.6,0.45,0.5333333333333333,0.6166666666666667,0.6,0.46900057792663574,0.020834064483642577
0.3,5,0.001,0.5,10,0.5933333333333334,0.08069145624606802,671,0.6,0.45,0.7,0.6166666666666667,0.6,0.4733644962310791,0.020882034301757814
0.3,5,0.001,0.5,20,0.5800000000000001,0.1661324772583615,705,0.5166666666666667,0.7166666666666667,0.35,0.8166666666666667,0.5,0.4784688949584961,0.02112259864807129
0.3,5,0.001,0.5,50,0.6066666666666667,0.11766241729815195,632,0.5333333333333333,0.65,0.45,0.8,0.6000000000000001,0.4893359661102295,0.021303176879882812
0.3,5,0.001,0.7,5,0.56,0.062003584125794244,737,0.6,0.45,0.5333333333333333,0.6166666666666667,0.6,0.4699277400970459,0.020915794372558593
0.3,5,0.001,0.7,10,0.5933333333333334,0.08069145624606802,671,0.6,0.45,0.7,0.6166666666666667,0.6,0.47219481468200686,0.020835447311401366
0.3,5,0.001,0.7,20,0.5800000000000001,0.1661324772583615,705,0.5166666666666667,0.7166666666666667,0.35,0.8166666666666667,0.5,0.4786026954650879,0.020936870574951173
0.3,5,0.001,0.7,50,0.6066666666666667,0.11766241729815195,632,0.5333333333333333,0.65,0.45,0.8,0.6000000000000001,0.4922482490539551,0.021028661727905275
0.3,5,0.001,0.9,5,0.56,0.062003584125794244,737,0.6,0.45,0.5333333333333333,0.6166666666666667,0.6,0.4700187683105469,0.02092585563659668
0.3,5,0.001,0.9,10,0.5933333333333334,0.08069145624606802,671,0.6,0.45,0.7,0.6166666666666667,0.6,0.47942614555358887,0.020855045318603514
0.3,5,0.001,0.9,20,0.5800000000000001,0.1661324772583615,705,0.5166666666666667,0.7166666666666667,0.35,0.8166666666666667,0.5,0.48157529830932616,0.020966196060180665
0.3,5,0.001,0.9,50,0.6066666666666667,0.11766241729815195,632,0.5333333333333333,0.65,0.45,0.8,0.6000000000000001,0.4907567024230957,0.020911598205566408
0.3,5,0.00359381,0.1,5,0.56,0.062003584125794244,737,0.6,0.45,0.5333333333333333,0.6166666666666667,0.6,0.46877026557922363,0.02081785202026367
0.3,5,0.00359381,0.1,10,0.5933333333333334,0.08069145624606802,671,0.6,0.45,0.7,0.6166666666666667,0.6,0.4728437900543213,0.02084488868713379
0.3,5,0.00359381,0.1,20,0.5800000000000001,0.1661324772583615,705,0.5166666666666667,0.7166666666666667,0.35,0.8166666666666667,0.5,0.48491973876953126,0.020847654342651366
0.3,5,0.00359381,0.1,50,0.6066666666666667,0.11766241729815195,632,0.5333333333333333,0.65,0.45,0.8,0.6000000000000001,0.4898706912994385,0.020894432067871095
0.3,5,0.00359381,0.3,5,0.56,0.062003584125794244,737,0.6,0.45,0.5333333333333333,0.6166666666666667,0.6,0.47185392379760743,0.0210477352142334
0.3,5,0.00359381,0.3,10,0.5933333333333334,0.08069145624606802,671,0.6,0.45,0.7,0.6166666666666667,0.6,0.4713787078857422,0.02075953483581543
0.3,5,0.00359381,0.3,20,0.5800000000000001,0.1661324772583615,705,0.5166666666666667,0.7166666666666667,0.35,0.8166666666666667,0.5,0.47696404457092284,0.021052026748657228
0.3,5,0.00359381,0.3,50,0.6066666666666667,0.11766241729815195,632,0.5333333333333333,0.65,0.45,0.8,0.6000000000000001,0.4888766765594482,0.020924711227416994
0.3,5,0.00359381,0.5,5,0.56,0.062003584125794244,737,0.6,0.45,0.5333333333333333,0.6166666666666667,0.6,0.4683666706085205,0.020948076248168947
0.3,5,0.00359381,0.5,10,0.5933333333333334,0.08069145624606802,671,0.6,0.45,0.7,0.6166666666666667,0.6,0.47510519027709963,0.020795631408691406
0.3,5,0.00359381,0.5,20,0.5800000000000001,0.1661324772583615,705,0.5166666666666667,0.7166666666666667,0.35,0.8166666666666667,0.5,0.47830843925476074,0.020992422103881837
0.3,5,0.00359381,0.5,50,0.6066666666666667,0.11766241729815195,632,0.5333333333333333,0.65,0.45,0.8,0.6000000000000001,0.49202790260314944,0.020776033401489258
0.3,5,0.00359381,0.7,5,0.56,0.062003584125794244,737,0.6,0.45,0.5333333333333333,0.6166666666666667,0.6,0.46891112327575685,0.020926666259765626
0.3,5,0.00359381,0.7,10,0.5933333333333334,0.08069145624606802,671,0.6,0.45,0.7,0.6166666666666667,0.6,0.47262001037597656,0.020736885070800782
0.3,5,0.00359381,0.7,20,0.5800000000000001,0.1661324772583615,705,0.5166666666666667,0.7166666666666667,0.35,0.8166666666666667,0.5,0.47728691101074217,0.02092914581298828
0.3,5,0.00359381,0.7,50,0.6066666666666667,0.11766241729815195,632,0.5333333333333333,0.65,0.45,0.8,0.6000000000000001,0.48955483436584474,0.020847034454345704
0.3,5,0.00359381,0.9,5,0.56,0.062003584125794244,737,0.6,0.45,0.5333333333333333,0.6166666666666667,0.6,0.4683042526245117,0.02100791931152344
0.3,5,0.00359381,0.9,10,0.5933333333333334,0.08069145624606802,671,0.6,0.45,0.7,0.6166666666666667,0.6,0.47203893661499025,0.021097707748413085
0.3,5,0.00359381,0.9,20,0.5800000000000001,0.1661324772583615,705,0.5166666666666667,0.7166666666666667,0.35,0.8166666666666667,0.5,0.4783304214477539,0.021009302139282225
0.3,5,0.00359381,0.9,50,0.6066666666666667,0.11766241729815195,632,0.5333333333333333,0.65,0.45,0.8,0.6000000000000001,0.49268312454223634,0.020887041091918947
0.3,5,0.0129155,0.1,5,0.6900000000000001,0.07571877794400367,435,0.7166666666666667,0.6666666666666666,0.5666666666666667,0.7,0.8,0.4805655002593994,0.02073955535888672
0.3,5,0.0129155,0.1,10,0.6666666666666666,0.07226494462892934,483,0.7166666666666667,0.7333333333333334,0.65,0.5333333333333333,0.7,0.4852277755737305,0.020873451232910158
0.3,5,0.0129155,0.1,20,0.7366666666666667,0.07557189365836421,300,0.8166666666666667,0.7333333333333334,0.8166666666666667,0.6166666666666667,0.7,0.48733835220336913,0.020886707305908202
0.3,5,0.0129155,0.1,50,0.7300000000000001,0.0439696865275764,324,0.7,0.8166666666666667,0.7166666666666667,0.7166666666666667,0.7,0.49831175804138184,0.021044349670410155
0.3,5,0.0129155,0.3,5,0.56,0.062003584125794244,737,0.6,0.45,0.5333333333333333,0.6166666666666667,0.6,0.4693597793579102,0.0209810733795166
0.3,5,0.0129155,0.3,10,0.5933333333333334,0.08069145624606802,671,0.6,0.45,0.7,0.6166666666666667,0.6,0.4699978828430176,0.02102522850036621
0.3,5,0.0129155,0.3,20,0.5800000000000001,0.1661324772583615,705,0.5166666666666667,0.7166666666666667,0.35,0.8166666666666667,0.5,0.47771506309509276,0.02113204002380371
0.3,5,0.0129155,0.3,50,0.6066666666666667,0.11766241729815195,632,0.5333333333333333,0.65,0.45,0.8,0.6000000000000001,0.4891490936279297,0.020926761627197265
0.3,5,0.0129155,0.5,5,0.56,0.062003584125794244,737,0.6,0.45,0.5333333333333333,0.6166666666666667,0.6,0.469175386428833,0.020937156677246094
0.3,5,0.0129155,0.5,10,0.5933333333333334,0.08069145624606802,671,0.6,0.45,0.7,0.6166666666666667,0.6,0.47266402244567873,0.020793390274047852
0.3,5,0.0129155,0.5,20,0.5800000000000001,0.1661324772583615,705,0.5166666666666667,0.7166666666666667,0.35,0.8166666666666667,0.5,0.47732319831848147,0.021001863479614257
0.3,5,0.0129155,0.5,50,0.6066666666666667,0.11766241729815195,632,0.5333333333333333,0.65,0.45,0.8,0.6000000000000001,0.49309549331665037,0.020776891708374025
0.3,5,0.0129155,0.7,5,0.56,0.062003584125794244,737,0.6,0.45,0.5333333333333333,0.6166666666666667,0.6,0.4693924903869629,0.020847225189208986
0.3,5,0.0129155,0.7,10,0.5933333333333334,0.08069145624606802,671,0.6,0.45,0.7,0.6166666666666667,0.6,0.4727832317352295,0.02079153060913086
0.3,5,0.0129155,0.7,20,0.5800000000000001,0.1661324772583615,705,0.5166666666666667,0.7166666666666667,0.35,0.8166666666666667,0.5,0.4826066970825195,0.02103447914123535
0.3,5,0.0129155,0.7,50,0.6066666666666667,0.11766241729815195,632,0.5333333333333333,0.65,0.45,0.8,0.6000000000000001,0.4900534629821777,0.021033859252929686
0.3,5,0.0129155,0.9,5,0.56,0.062003584125794244,737,0.6,0.45,0.5333333333333333,0.6166666666666667,0.6,0.46965370178222654,0.02091531753540039
0.3,5,0.0129155,0.9,10,0.5933333333333334,0.08069145624606802,671,0.6,0.45,0.7,0.6166666666666667,0.6,0.4720637321472168,0.021049928665161134
0.3,5,0.0129155,0.9,20,0.5800000000000001,0.1661324772583615,705,0.5166666666666667,0.7166666666666667,0.35,0.8166666666666667,0.5,0.48123393058776853,0.02083415985107422
0.3,5,0.0129155,0.9,50,0.6066666666666667,0.11766241729815195,632,0.5333333333333333,0.65,0.45,0.8,0.6000000000000001,0.4893918037414551,0.020936870574951173
0.3,5,0.0464159,0.1,5,0.6433333333333333,0.11035296904831232,555,0.7333333333333334,0.6333333333333333,0.7166666666666667,0.43333333333333335,0.7,0.49992828369140624,0.021776866912841798
0.3,5,0.0464159,0.1,10,0.7166666666666668,0.05868938953886337,357,0.7166666666666667,0.7333333333333334,0.7166666666666667,0.6166666666666667,0.8,0.4990966796875,0.020932722091674804
0.3,5,0.0464159,0.1,20,0.7699999999999999,0.0439696865275764,205,0.8,0.7166666666666667,0.7166666666666667,0.8166666666666667,0.8,0.49805464744567873,0.02103085517883301
0.3,5,0.0464159,0.1,50,0.75,0.09486832980505137,263,0.9,0.7166666666666667,0.7166666666666667,0.6166666666666667,0.8,0.5115007400512696,0.020950794219970703
0.3,5,0.0464159,0.3,5,0.71,0.04898979485566359,387,0.7166666666666667,0.6666666666666666,0.6666666666666666,0.7,0.8,0.49069604873657224,0.020842981338500977
0.3,5,0.0464159,0.3,10,0.6766666666666667,0.07272474743090476,467,0.7166666666666667,0.7333333333333334,0.5333333333333333,0.7,0.7,0.4949363708496094,0.020810890197753906
0.3,5,0.0464159,0.3,20,0.7166666666666666,0.0641179468722378,362,0.7166666666666667,0.7333333333333334,0.8166666666666667,0.6166666666666667,0.7,0.4995413780212402,0.021229887008666994
0.3,5,0.0464159,0.3,50,0.6900000000000001,0.09695359714832656,435,0.7,0.8166666666666667,0.7166666666666667,0.5166666666666667,0.7,0.5087871551513672,0.021056604385375977
0.3,5,0.0464159,0.5,5,0.6900000000000001,0.08472176684759224,435,0.7333333333333334,0.7166666666666667,0.65,0.55,0.8,0.4869387149810791,0.020741987228393554
0.3,5,0.0464159,0.5,10,0.7,0.058689389538863386,401,0.8,0.6333333333333333,0.65,0.7166666666666667,0.7,0.49080142974853513,0.02116084098815918
0.3,5,0.0464159,0.5,20,0.6766666666666666,0.07348469228349533,473,0.8,0.7166666666666667,0.65,0.6166666666666667,0.6000000000000001,0.49530754089355467,0.020975255966186525
0.3,5,0.0464159,0.5,50,0.7133333333333333,0.10077477638553985,375,0.8,0.8166666666666667,0.5333333333333333,0.7166666666666667,0.7,0.5063832759857178,0.020976781845092773
0.3,5,0.0464159,0.7,5,0.56,0.062003584125794244,737,0.6,0.45,0.5333333333333333,0.6166666666666667,0.6,0.4680466175079346,0.020961999893188477
0.3,5,0.0464159,0.7,10,0.5933333333333334,0.08069145624606802,671,0.6,0.45,0.7,0.6166666666666667,0.6,0.4708824634552002,0.02079601287841797
0.3,5,0.0464159,0.7,20,0.5800000000000001,0.1661324772583615,705,0.5166666666666667,0.7166666666666667,0.35,0.8166666666666667,0.5,0.4760575771331787,0.020998477935791016
0.3,5,0.0464159,0.7,50,0.6066666666666667,0.11766241729815195,632,0.5333333333333333,0.65,0.45,0.8,0.6000000000000001,0.48950743675231934,0.02084941864013672
0.3,5,0.0464159,0.9,5,0.56,0.062003584125794244,737,0.6,0.45,0.5333333333333333,0.6166666666666667,0.6,0.46951446533203123,0.0207852840423584
0.3,5,0.0464159,0.9,10,0.5933333333333334,0.08069145624606802,671,0.6,0.45,0.7,0.6166666666666667,0.6,0.47164549827575686,0.020861721038818358
0.3,5,0.0464159,0.9,20,0.5800000000000001,0.1661324772583615,705,0.5166666666666667,0.7166666666666667,0.35,0.8166666666666667,0.5,0.4783154487609863,0.02096843719482422
0.3,5,0.0464159,0.9,50,0.6066666666666667,0.11766241729815195,632,0.5333333333333333,0.65,0.45,0.8,0.6000000000000001,0.49283323287963865,0.020932102203369142
0.3,5,0.16681,0.1,5,0.6699999999999999,0.042687494916218996,479,0.7333333333333334,0.6666666666666666,0.6333333333333333,0.6166666666666667,0.7,0.5259825229644776,0.02082052230834961
0.3,5,0.16681,0.1,10,0.6666666666666666,0.03496029493900505,483,0.6333333333333333,0.65,0.6333333333333333,0.7166666666666667,0.7,0.5272605895996094,0.021018266677856445
0.3,5,0.16681,0.1,20,0.8466666666666667,0.09626352718795768,31,0.9,0.7166666666666667,0.8166666666666667,1.0,0.8,0.5271036148071289,0.020987796783447265
0.3,5,0.16681,0.1,50,0.75,0.09486832980505137,263,0.9,0.7166666666666667,0.7166666666666667,0.6166666666666667,0.8,0.5376124858856202,0.02081894874572754
0.3,5,0.16681,0.3,5,0.6466666666666667,0.11274356350191843,548,0.7333333333333334,0.7333333333333334,0.6333333333333333,0.43333333333333335,0.7,0.5253637790679931,0.020876455307006835
0.3,5,0.16681,0.3,10,0.68,0.03858612300930076,462,0.6333333333333333,0.7166666666666667,0.6333333333333333,0.7166666666666667,0.7,0.5294783115386963,0.021017742156982423
0.3,5,0.16681,0.3,20,0.7300000000000001,0.035590260840104394,324,0.8,0.7166666666666667,0.7166666666666667,0.7166666666666667,0.7,0.5358376026153564,0.020913076400756837
0.3,5,0.16681,0.3,50,0.8066666666666666,0.08205689083394115,123,0.9,0.9,0.7166666666666667,0.7166666666666667,0.8,0.5452316761016845,0.02116680145263672
0.3,5,0.16681,0.5,5,0.62,0.12174654911833115,622,0.6166666666666667,0.8166666666666667,0.6333333333333333,0.43333333333333335,0.6,0.5328744888305664,0.021097183227539062
0.3,5,0.16681,0.5,10,0.71,0.08205689083394115,387,0.8,0.7166666666666667,0.6166666666666667,0.6166666666666667,0.8,0.541677188873291,0.022922468185424805
0.3,5,0.16681,0.5,20,0.75,0.04830458915396481,263,0.8,0.7166666666666667,0.7166666666666667,0.8166666666666667,0.7,0.5435175418853759,0.020995044708251955
0.3,5,0.16681,0.5,50,0.75,0.04830458915396481,263,0.7,0.8166666666666667,0.7166666666666667,0.7166666666666667,0.8,0.5529144287109375,0.021088457107543944
0.3,5,0.16681,0.7,5,0.6733333333333333,0.09809292646374773,478,0.7166666666666667,0.8166666666666667,0.5333333333333333,0.7,0.6,0.546312665939331,0.021071147918701173
0.3,5,0.16681,0.7,10,0.7133333333333333,0.058118652580542315,375,0.7166666666666667,0.7166666666666667,0.6166666666666667,0.7166666666666667,0.8,0.5511550903320312,0.020914793014526367
0.3,5,0.16681,0.7,20,0.7300000000000001,0.11224972160321822,324,0.9,0.8166666666666667,0.6166666666666667,0.6166666666666667,0.7,0.5546407699584961,0.020949697494506835
0.3,5,0.16681,0.7,50,0.7300000000000001,0.0725718035235908,324,0.8,0.8166666666666667,0.7166666666666667,0.6166666666666667,0.7,0.5651546478271484,0.02104020118713379
0.3,5,0.16681,0.9,5,0.6566666666666666,0.09921917377424812,534,0.7166666666666667,0.8166666666666667,0.5333333333333333,0.6166666666666667,0.6,0.5451634883880615,0.02101750373840332
0.3,5,0.16681,0.9,10,0.7333333333333334,0.09545214042184234,313,0.8166666666666667,0.8166666666666667,0.6166666666666667,0.6166666666666667,0.8,0.5488759994506835,0.021009206771850586
0.3,5,0.16681,0.9,20,0.7166666666666668,0.0641179468722378,357,0.8166666666666667,0.7333333333333334,0.6166666666666667,0.7166666666666667,0.7,0.554556941986084,0.021075630187988283
0.3,5,0.16681,0.9,50,0.7300000000000001,0.09273618495495704,324,0.8,0.8166666666666667,0.6166666666666667,0.6166666666666667,0.8,0.5655455112457275,0.021075439453125
0.3,5,0.599484,0.1,5,0.6466666666666667,0.08781293248212994,548,0.6166666666666667,0.6666666666666666,0.5333333333333333,0.6166666666666667,0.8,0.585109806060791,0.0207977294921875
0.3,5,0.599484,0.1,10,0.7033333333333334,0.06446359868604572,397,0.7166666666666667,0.65,0.6333333333333333,0.8166666666666667,0.7,0.589220380783081,0.02086777687072754
0.3,5,0.599484,0.1,20,0.8300000000000001,0.07257180352359081,61,0.9,0.8166666666666667,0.7166666666666667,0.9166666666666667,0.8,0.5939771175384522,0.021271276473999023
0.3,5,0.599484,0.1,50,0.75,0.09189365834726816,263,0.9,0.7166666666666667,0.6333333333333333,0.7,0.8,0.6036227703094482,0.02097945213317871
0.3,5,0.599484,0.3,5,0.7,0.03651483716701111,401,0.7333333333333334,0.7333333333333334,0.6333333333333333,0.7,0.7,0.6010381698608398,0.02094264030456543
0.3,5,0.599484,0.3,10,0.74,0.09921917377424813,294,0.7166666666666667,0.65,0.6333333333333333,0.9,0.8,0.6056921005249023,0.020994853973388673
0.3,5,0.599484,0.3,20,0.8099999999999999,0.06377042156569665,112,0.8,0.8166666666666667,0.7166666666666667,0.9166666666666667,0.8,0.6104493618011475,0.020925474166870118
0.3,5,0.599484,0.3,50,0.75,0.09486832980505137,263,0.9,0.7166666666666667,0.7166666666666667,0.6166666666666667,0.8,0.6211309432983398,0.020844078063964842
0.3,5,0.599484,0.5,5,0.6433333333333333,0.09043106644167026,555,0.5333333333333333,0.7333333333333334,0.5333333333333333,0.7166666666666667,0.7,0.6227437496185303,0.020927000045776366
0.3,5,0.599484,0.5,10,0.7533333333333333,0.09030811456096045,247,0.7166666666666667,0.7166666666666667,0.6333333333333333,0.9,0.8,0.6291422367095947,0.021218633651733397
0.3,5,0.599484,0.5,20,0.79,0.07788880963698618,146,0.8,0.8166666666666667,0.7166666666666667,0.9166666666666667,0.7,0.6326690196990967,0.021069812774658202
0.3,5,0.599484,0.5,50,0.7866666666666667,0.035590260840104374,162,0.8,0.8166666666666667,0.7166666666666667,0.8,0.8,0.642512035369873,0.021160078048706055
0.3,5,0.599484,0.7,5,0.68,0.14197026292697906,462,0.5333333333333333,0.7166666666666667,0.5333333333333333,0.9166666666666667,0.7,0.6662914752960205,0.02100682258605957
0.3,5,0.599484,0.7,10,0.6933333333333334,0.030912061651652355,433,0.7,0.7166666666666667,0.7166666666666667,0.6333333333333333,0.7,0.6704906463623047,0.021085309982299804
0.3,5,0.599484,0.7,20,0.7466666666666667,0.04396968652757643,278,0.8,0.7166666666666667,0.7166666666666667,0.8,0.7,0.6760575771331787,0.02114109992980957
0.3,5,0.599484,0.7,50,0.7866666666666667,0.07257180352359083,162,0.7,0.8166666666666667,0.7166666666666667,0.9,0.8,0.6858948707580567,0.02116227149963379
0.3,5,0.599484,0.9,5,0.6200000000000001,0.1322455628325158,620,0.6166666666666667,0.8166666666666667,0.5333333333333333,0.43333333333333335,0.7,0.7015832424163818,0.020969390869140625
0.3,5,0.599484,0.9,10,0.7,0.062360956446232386,401,0.7166666666666667,0.7166666666666667,0.6333333333333333,0.6333333333333333,0.8,0.7071365356445313,0.021114397048950195
0.3,5,0.599484,0.9,20,0.7666666666666668,0.07527726527090813,212,0.8,0.9,0.7166666666666667,0.7166666666666667,0.7,0.7105570316314698,0.02119145393371582
0.3,5,0.599484,0.9,50,0.7866666666666667,0.0678232998312527,162,0.8,0.9,0.7166666666666667,0.7166666666666667,0.8,0.7221588134765625,0.021014404296875
0.3,5,2.15443,0.1,5,0.6966666666666667,0.0968389269755597,426,0.6333333333333333,0.6666666666666666,0.5666666666666667,0.8166666666666667,0.8,0.6972640037536622,0.02101898193359375
0.3,5,2.15443,0.1,10,0.74,0.07498147919467994,294,0.7166666666666667,0.8333333333333333,0.6333333333333333,0.8166666666666667,0.7,0.7067214488983155,0.020866537094116212
0.3,5,2.15443,0.1,20,0.8366666666666667,0.11803954139750515,50,0.8166666666666667,0.9166666666666667,0.65,1.0,0.8,0.7043190956115722,0.02113041877746582
0.3,5,2.15443,0.1,50,0.7533333333333333,0.09030811456096045,247,0.9,0.7166666666666667,0.6333333333333333,0.7166666666666667,0.8,0.7156601428985596,0.020871686935424804
0.3,5,2.15443,0.3,5,0.6599999999999999,0.04784233364802441,524,0.6166666666666667,0.7333333333333334,0.6333333333333333,0.6166666666666667,0.7,0.7830972671508789,0.02104506492614746
0.3,5,2.15443,0.3,10,0.6866666666666668,0.03858612300930077,457,0.7166666666666667,0.65,0.6333333333333333,0.7333333333333334,0.7,0.793494176864624,0.020677614212036132
0.3,5,2.15443,0.3,20,0.8533333333333333,0.07408703590297623,23,0.9,0.9166666666666667,0.7333333333333334,0.9166666666666667,0.8,0.7947490215301514,0.0212399959564209
0.3,5,2.15443,0.3,50,0.7866666666666667,0.07257180352359081,162,0.9,0.8166666666666667,0.7166666666666667,0.7,0.8,0.8010626792907715,0.020998430252075196
0.3,5,2.15443,0.5,5,0.6233333333333333,0.08273115763993906,608,0.5333333333333333,0.7333333333333334,0.5333333333333333,0.6166666666666667,0.7,0.8001698017120361,0.020881080627441408
0.3,5,2.15443,0.5,10,0.6799999999999999,0.13759844960366863,465,0.5333333333333333,0.7333333333333334,0.5333333333333333,0.9,0.7,0.8074117660522461,0.021082544326782228
0.3,5,2.15443,0.5,20,0.8099999999999999,0.06377042156569665,112,0.8,0.8166666666666667,0.7166666666666667,0.9166666666666667,0.8,0.8158843517303467,0.02101607322692871
0.3,5,2.15443,0.5,50,0.75,0.09189365834726816,263,0.9,0.7166666666666667,0.6333333333333333,0.7,0.8,0.8197191715240478,0.02121458053588867
0.3,5,2.15443,0.7,5,0.6433333333333333,0.09043106644167026,555,0.5333333333333333,0.7333333333333334,0.5333333333333333,0.7166666666666667,0.7,0.8779518604278564,0.02123126983642578
0.3,5,2.15443,0.7,10,0.7533333333333333,0.09030811456096045,247,0.6333333333333333,0.7166666666666667,0.7166666666666667,0.9,0.8,0.8851245403289795,0.02084507942199707
0.3,5,2.15443,0.7,20,0.8466666666666667,0.09626352718795768,31,0.9,0.8166666666666667,0.7166666666666667,1.0,0.8,0.8882715702056885,0.021106147766113283
0.3,5,2.15443,0.7,50,0.7866666666666667,0.035590260840104374,162,0.8,0.8166666666666667,0.7166666666666667,0.8,0.8,0.8982052326202392,0.020858144760131835
0.3,5,2.15443,0.9,5,0.6233333333333333,0.07859884081701063,608,0.5333333333333333,0.6333333333333333,0.5333333333333333,0.7166666666666667,0.7,0.9445393562316895,0.021118640899658203
0.3,5,2.15443,0.9,10,0.6966666666666665,0.07557189365836424,431,0.7166666666666667,0.7166666666666667,0.6333333333333333,0.8166666666666667,0.6,0.9518264293670654,0.021029043197631835
0.3,5,2.15443,0.9,20,0.8266666666666668,0.09345230512584124,70,0.8,0.8166666666666667,0.7166666666666667,1.0,0.8,0.9536549568176269,0.021004486083984374
0.3,5,2.15443,0.9,50,0.8266666666666668,0.09345230512584124,70,0.8,0.8166666666666667,0.7166666666666667,1.0,0.8,0.9711591720581054,0.021274232864379884
0.3,5,7.74264,0.1,5,0.7133333333333333,0.09153020145163988,375,0.7166666666666667,0.6666666666666666,0.5666666666666667,0.8166666666666667,0.8,0.7687697410583496,0.02110443115234375
0.3,5,7.74264,0.1,10,0.7266666666666666,0.13848385385227324,334,0.6333333333333333,0.65,0.65,1.0,0.7,0.7773556709289551,0.021598386764526366
0.3,5,7.74264,0.1,20,0.7633333333333334,0.09030811456096045,218,0.7333333333333334,0.9166666666666667,0.65,0.7166666666666667,0.8,0.7741233825683593,0.02113184928894043
0.3,5,7.74264,0.1,50,0.7333333333333334,0.10593499054713804,313,0.9,0.7166666666666667,0.6333333333333333,0.6166666666666667,0.8,0.783634614944458,0.021091556549072264
0.3,5,7.74264,0.3,5,0.61,0.06798692684790378,630,0.6166666666666667,0.6666666666666666,0.5333333333333333,0.5333333333333333,0.7,0.988107967376709,0.020958995819091795
0.3,5,7.74264,0.3,10,0.76,0.07498147919467994,222,0.7166666666666667,0.8333333333333333,0.6333333333333333,0.8166666666666667,0.8,0.9850162029266357,0.020844030380249023
0.3,5,7.74264,0.3,20,0.8333333333333334,0.0674948557710553,54,0.9,0.8166666666666667,0.7333333333333334,0.9166666666666667,0.8,0.9899876594543457,0.020902490615844725
0.3,5,7.74264,0.3,50,0.8300000000000001,0.07257180352359081,61,0.9,0.8166666666666667,0.7166666666666667,0.9166666666666667,0.8,0.9980812072753906,0.021318817138671876
0.3,5,7.74264,0.5,5,0.61,0.06798692684790378,630,0.5333333333333333,0.6666666666666666,0.5333333333333333,0.6166666666666667,0.7,1.0619528770446778,0.02099637985229492
0.3,5,7.74264,0.5,10,0.7166666666666666,0.10381607668264957,362,0.7166666666666667,0.8166666666666667,0.5333333333333333,0.8166666666666667,0.7,1.066831684112549,0.02103004455566406
0.3,5,7.74264,0.5,20,0.8166666666666667,0.09831920802501752,94,0.8,0.9166666666666667,0.65,0.9166666666666667,0.8,1.072469139099121,0.021196508407592775
0.3,5,7.74264,0.5,50,0.8099999999999999,0.10088497300281037,112,0.8,0.7166666666666667,0.7333333333333334,1.0,0.8,1.0844869136810302,0.02099146842956543
0.3,5,7.74264,0.7,5,0.6033333333333333,0.09333333333333332,649,0.5333333333333333,0.7333333333333334,0.5333333333333333,0.5166666666666667,0.7,1.1223943710327149,0.02106647491455078
0.3,5,7.74264,0.7,10,0.6633333333333333,0.11274356350191843,488,0.5333333333333333,0.7333333333333334,0.5333333333333333,0.8166666666666667,0.7,1.1260909557342529,0.020978260040283202
0.3,5,7.74264,0.7,20,0.8266666666666668,0.09345230512584124,70,0.8,0.8166666666666667,0.7166666666666667,1.0,0.8,1.122967576980591,0.021131324768066406
0.3,5,7.74264,0.7,50,0.79,0.06960204339273701,146,0.9,0.8166666666666667,0.7333333333333334,0.7,0.8,1.136882209777832,0.0212496280670166
0.3,5,7.74264,0.9,5,0.6766666666666667,0.09285592184789414,467,0.5333333333333333,0.7333333333333334,0.6166666666666667,0.8,0.7,1.199647569656372,0.02099909782409668
0.3,5,7.74264,0.9,10,0.7733333333333332,0.09463379711052262,188,0.8166666666666667,0.8166666666666667,0.6333333333333333,0.9,0.7,1.1922974586486816,0.02093992233276367
0.3,5,7.74264,0.9,20,0.8300000000000001,0.08969082698049138,61,0.8,0.8166666666666667,0.7333333333333334,1.0,0.8,1.1991989135742187,0.020792675018310548
0.3,5,7.74264,0.9,50,0.8300000000000001,0.0635959467611297,61,0.9,0.8166666666666667,0.7333333333333334,0.9,0.8,1.2138562202453613,0.020923805236816407
0.3,5,27.8256,0.1,5,0.7166666666666666,0.09189365834726816,362,0.7333333333333334,0.6666666666666666,0.5666666666666667,0.8166666666666667,0.8,0.74900221824646,0.020789480209350585
0.3,5,27.8256,0.1,10,0.76,0.15003703246569197,222,0.7166666666666667,0.8333333333333333,0.55,1.0,0.7,0.7475992679595947,0.020997047424316406
0.3,5,27.8256,0.1,20,0.7433333333333334,0.1195361405136074,287,0.7333333333333334,0.9166666666666667,0.55,0.7166666666666667,0.8,0.7525031566619873,0.02086930274963379
0.3,5,27.8256,0.1,50,0.7733333333333332,0.09104333522498444,188,0.9,0.7166666666666667,0.6333333333333333,0.8166666666666667,0.8,0.7637277126312256,0.021034717559814453
0.3,5,27.8256,0.3,5,0.7133333333333333,0.09153020145163988,375,0.7166666666666667,0.6666666666666666,0.5666666666666667,0.8166666666666667,0.8,0.8717272281646729,0.020763444900512695
0.3,5,27.8256,0.3,10,0.7466666666666667,0.12884098726725127,278,0.7166666666666667,0.6666666666666666,0.65,1.0,0.7,0.8768105983734131,0.020859479904174805
0.3,5,27.8256,0.3,20,0.7433333333333334,0.1195361405136074,287,0.7333333333333334,0.9166666666666667,0.55,0.7166666666666667,0.8,0.8803514957427978,0.021025991439819335
0.3,5,27.8256,0.3,50,0.7566666666666666,0.10624918300339486,236,0.9,0.8166666666666667,0.6333333333333333,0.6333333333333333,0.8,0.8901725769042969,0.02101869583129883
0.3,5,27.8256,0.5,5,0.6699999999999999,0.09213516640723503,479,0.6333333333333333,0.6666666666666666,0.5333333333333333,0.8166666666666667,0.7,1.063028049468994,0.020856809616088868
0.3,5,27.8256,0.5,10,0.7233333333333333,0.08666666666666666,336,0.6333333333333333,0.8333333333333333,0.6333333333333333,0.8166666666666667,0.7,1.0673410415649414,0.02095804214477539
0.3,5,27.8256,0.5,20,0.8366666666666667,0.11803954139750515,50,0.8166666666666667,0.9166666666666667,0.65,1.0,0.8,1.0731225490570069,0.021029329299926756
0.3,5,27.8256,0.5,50,0.7933333333333333,0.12229290885229428,135,0.8166666666666667,0.7166666666666667,0.6333333333333333,1.0,0.8,1.0825073719024658,0.020908403396606445
0.3,5,27.8256,0.7,5,0.6233333333333333,0.08273115763993906,608,0.6166666666666667,0.7333333333333334,0.5333333333333333,0.5333333333333333,0.7,1.2105522155761719,0.020932817459106447
0.3,5,27.8256,0.7,10,0.7433333333333332,0.09043106644167026,292,0.6333333333333333,0.8333333333333333,0.6333333333333333,0.8166666666666667,0.8,1.223169755935669,0.02109370231628418
0.3,5,27.8256,0.7,20,0.8700000000000001,0.09333333333333331,6,0.9,0.9166666666666667,0.7333333333333334,1.0,0.8,1.2219786167144775,0.021079063415527344
0.3,5,27.8256,0.7,50,0.8333333333333334,0.0674948557710553,54,0.9,0.8166666666666667,0.7333333333333334,0.9166666666666667,0.8,1.2293402194976806,0.020962238311767578
0.3,5,27.8256,0.9,5,0.6233333333333333,0.08273115763993906,608,0.5333333333333333,0.7333333333333334,0.5333333333333333,0.6166666666666667,0.7,1.3414272785186767,0.02090911865234375
0.3,5,27.8256,0.9,10,0.7233333333333333,0.11907047399661168,336,0.6333333333333333,0.8333333333333333,0.5333333333333333,0.8166666666666667,0.8,1.3455356121063233,0.02086501121520996
0.3,5,27.8256,0.9,20,0.8133333333333332,0.1305543735171076,98,0.8,0.9166666666666667,0.65,1.0,0.7,1.3512303829193115,0.02081785202026367
0.3,5,27.8256,0.9,50,0.8099999999999999,0.07859884081701063,112,0.9,0.7166666666666667,0.7333333333333334,0.9,0.8,1.3627315044403077,0.0209810733795166
0.3,5,100.0,0.1,5,0.6966666666666667,0.08192137151629672,426,0.7333333333333334,0.6666666666666666,0.5666666666666667,0.8166666666666667,0.7,0.785398530960083,0.020885276794433593
0.3,5,100.0,0.1,10,0.76,0.15003703246569197,222,0.7166666666666667,0.8333333333333333,0.55,1.0,0.7,0.7870426654815674,0.020908069610595704
0.3,5,100.0,0.1,20,0.7433333333333334,0.1195361405136074,287,0.7333333333333334,0.9166666666666667,0.55,0.7166666666666667,0.8,0.8007834434509278,0.020949602127075195
0.3,5,100.0,0.1,50,0.7533333333333333,0.09030811456096045,247,0.7166666666666667,0.7166666666666667,0.6333333333333333,0.9,0.8,0.8128138065338135,0.020923280715942384
0.3,5,100.0,0.3,5,0.7166666666666666,0.09189365834726816,362,0.7333333333333334,0.6666666666666666,0.5666666666666667,0.8166666666666667,0.8,0.8038674831390381,0.020840024948120116
0.3,5,100.0,0.3,10,0.76,0.15003703246569197,222,0.7166666666666667,0.8333333333333333,0.55,1.0,0.7,0.8057157516479492,0.02087392807006836
0.3,5,100.0,0.3,20,0.7433333333333334,0.1195361405136074,287,0.7333333333333334,0.9166666666666667,0.55,0.7166666666666667,0.8,0.8145895957946777,0.02105574607849121
0.3,5,100.0,0.3,50,0.79,0.06879922480183431,146,0.9,0.7166666666666667,0.7166666666666667,0.8166666666666667,0.8,0.8217986106872559,0.02106499671936035
0.3,5,100.0,0.5,5,0.7166666666666666,0.09189365834726816,362,0.7333333333333334,0.6666666666666666,0.5666666666666667,0.8166666666666667,0.8,0.8365056037902832,0.021104192733764647
0.3,5,100.0,0.5,10,0.76,0.15003703246569197,222,0.7166666666666667,0.8333333333333333,0.55,1.0,0.7,0.840591287612915,0.021105098724365234
0.3,5,100.0,0.5,20,0.7633333333333334,0.09030811456096045,218,0.7333333333333334,0.9166666666666667,0.65,0.7166666666666667,0.8,0.844005537033081,0.0209714412689209
0.3,5,100.0,0.5,50,0.7333333333333334,0.08881941729649488,313,0.9,0.7166666666666667,0.6333333333333333,0.7166666666666667,0.7,0.8568782806396484,0.02101922035217285
0.3,5,100.0,0.7,5,0.7133333333333333,0.09153020145163988,375,0.7166666666666667,0.6666666666666666,0.5666666666666667,0.8166666666666667,0.8,0.8867927551269531,0.02111973762512207
0.3,5,100.0,0.7,10,0.7799999999999999,0.12534397117975443,175,0.7166666666666667,0.8333333333333333,0.65,1.0,0.7,0.8891594886779786,0.020992088317871093
0.3,5,100.0,0.7,20,0.7433333333333334,0.1195361405136074,287,0.7333333333333334,0.9166666666666667,0.55,0.7166666666666667,0.8,0.9015611171722412,0.02109370231628418
0.3,5,100.0,0.7,50,0.7533333333333333,0.09392668535736916,247,0.9,0.8166666666666667,0.6333333333333333,0.7166666666666667,0.7,0.9052466869354248,0.021054744720458984
0.3,5,100.0,0.9,5,0.7133333333333333,0.09153020145163988,375,0.7166666666666667,0.6666666666666666,0.5666666666666667,0.8166666666666667,0.8,0.93266282081604,0.021107578277587892
0.3,5,100.0,0.9,10,0.7466666666666667,0.12884098726725127,278,0.7166666666666667,0.6666666666666666,0.65,1.0,0.7,0.9403548240661621,0.021045589447021486
0.3,5,100.0,0.9,20,0.7633333333333333,0.12174654911833116,220,0.7333333333333334,0.9166666666666667,0.55,0.8166666666666667,0.8,0.9469879150390625,0.021024751663208007
0.3,5,100.0,0.9,50,0.7533333333333333,0.09741092797468306,247,0.9,0.8166666666666667,0.7333333333333334,0.6166666666666667,0.7,0.9539192199707032,0.021251583099365236
