param_clf__max_features,param_clf__min_samples_leaf,param_selector__C,param_selector__l1_ratio,param_selector__top_k,mean_test_score,std_test_score,rank_test_score,split0_test_score,split1_test_score,split2_test_score,split3_test_score,split4_test_score,mean_fit_time,mean_score_time
sqrt,1,0.001,0.1,5,0.5566666666666666,0.058309518948453,447,0.55,0.6166666666666667,0.45,0.6,0.5666666666666667,0.49000091552734376,0.020953845977783204
sqrt,1,0.001,0.1,10,0.5333333333333334,0.06912147117775906,540,0.45,0.6,0.45,0.6,0.5666666666666667,0.4917750358581543,0.021164512634277342
sqrt,1,0.001,0.1,20,0.5466666666666666,0.0644635986860457,476,0.55,0.43333333333333335,0.55,0.6333333333333333,0.5666666666666667,0.5024339199066162,0.021481752395629883
sqrt,1,0.001,0.1,50,0.48,0.1194431524477928,712,0.35,0.6166666666666667,0.35,0.6166666666666667,0.4666666666666667,0.5053722858428955,0.021372079849243164
sqrt,1,0.001,0.3,5,0.5566666666666666,0.058309518948453,447,0.55,0.6166666666666667,0.45,0.6,0.5666666666666667,0.4898460865020752,0.021166610717773437
sqrt,1,0.001,0.3,10,0.5333333333333334,0.06912147117775906,540,0.45,0.6,0.45,0.6,0.5666666666666667,0.49594969749450685,0.02132139205932617
sqrt,1,0.001,0.3,20,0.5466666666666666,0.0644635986860457,476,0.55,0.43333333333333335,0.55,0.6333333333333333,0.5666666666666667,0.5024967670440674,0.02119002342224121
sqrt,1,0.001,0.3,50,0.48,0.1194431524477928,712,0.35,0.6166666666666667,0.35,0.6166666666666667,0.4666666666666667,0.5049619674682617,0.021246004104614257
sqrt,1,0.001,0.5,5,0.5566666666666666,0.058309518948453,447,0.55,0.6166666666666667,0.45,0.6,0.5666666666666667,0.49043641090393064,0.021098756790161134
sqrt,1,0.001,0.5,10,0.5333333333333334,0.06912147117775906,540,0.45,0.6,0.45,0.6,0.5666666666666667,0.4927208423614502,0.021245908737182618
sqrt,1,0.001,0.5,20,0.5466666666666666,0.0644635986860457,476,0.55,0.43333333333333335,0.55,0.6333333333333333,0.5666666666666667,0.5018934726715087,0.021195650100708008
sqrt,1,0.001,0.5,50,0.48,0.1194431524477928,712,0.35,0.6166666666666667,0.35,0.6166666666666667,0.4666666666666667,0.5044094562530518,0.021229076385498046
sqrt,1,0.001,0.7,5,0.5566666666666666,0.058309518948453,447,0.55,0.6166666666666667,0.45,0.6,0.5666666666666667,0.4894530773162842,0.02126588821411133
sqrt,1,0.001,0.7,10,0.5333333333333334,0.06912147117775906,540,0.45,0.6,0.45,0.6,0.5666666666666667,0.4916788101196289,0.02097926139831543
sqrt,1,0.001,0.7,20,0.5466666666666666,0.0644635986860457,476,0.55,0.43333333333333335,0.55,0.6333333333333333,0.5666666666666667,0.4988254547119141,0.021341753005981446
sqrt,1,0.001,0.7,50,0.48,0.1194431524477928,712,0.35,0.6166666666666667,0.35,0.6166666666666667,0.4666666666666667,0.5050226211547851,0.02135891914367676
sqrt,1,0.001,0.9,5,0.5566666666666666,0.058309518948453,447,0.55,0.6166666666666667,0.45,0.6,0.5666666666666667,0.48867206573486327,0.021101951599121094
sqrt,1,0.001,0.9,10,0.5333333333333334,0.06912147117775906,540,0.45,0.6,0.45,0.6,0.5666666666666667,0.4911366939544678,0.021168899536132813
sqrt,1,0.001,0.9,20,0.5466666666666666,0.0644635986860457,476,0.55,0.43333333333333335,0.55,0.6333333333333333,0.5666666666666667,0.49858694076538085,0.021566057205200197
sqrt,1,0.001,0.9,50,0.48,0.1194431524477928,712,0.35,0.6166666666666667,0.35,0.6166666666666667,0.4666666666666667,0.5046178817749023,0.02127232551574707
sqrt,1,0.00359381,0.1,5,0.5566666666666666,0.058309518948453,447,0.55,0.6166666666666667,0.45,0.6,0.5666666666666667,0.48844351768493655,0.021067428588867187
sqrt,1,0.00359381,0.1,10,0.5333333333333334,0.06912147117775906,540,0.45,0.6,0.45,0.6,0.5666666666666667,0.4920623779296875,0.02117457389831543
sqrt,1,0.00359381,0.1,20,0.5466666666666666,0.0644635986860457,476,0.55,0.43333333333333335,0.55,0.6333333333333333,0.5666666666666667,0.497454309463501,0.02125372886657715
sqrt,1,0.00359381,0.1,50,0.48,0.1194431524477928,712,0.35,0.6166666666666667,0.35,0.6166666666666667,0.4666666666666667,0.50275559425354,0.020989131927490235
sqrt,1,0.00359381,0.3,5,0.5566666666666666,0.058309518948453,447,0.55,0.6166666666666667,0.45,0.6,0.5666666666666667,0.48751301765441896,0.021151256561279298
sqrt,1,0.00359381,0.3,10,0.5333333333333334,0.06912147117775906,540,0.45,0.6,0.45,0.6,0.5666666666666667,0.49219889640808107,0.02126340866088867
sqrt,1,0.00359381,0.3,20,0.5466666666666666,0.0644635986860457,476,0.55,0.43333333333333335,0.55,0.6333333333333333,0.5666666666666667,0.4984532356262207,0.02120962142944336
sqrt,1,0.00359381,0.3,50,0.48,0.1194431524477928,712,0.35,0.6166666666666667,0.35,0.6166666666666667,0.4666666666666667,0.5029865264892578,0.02121906280517578
sqrt,1,0.00359381,0.5,5,0.5566666666666666,0.058309518948453,447,0.55,0.6166666666666667,0.45,0.6,0.5666666666666667,0.48478069305419924,0.021439123153686523
sqrt,1,0.00359381,0.5,10,0.5333333333333334,0.06912147117775906,540,0.45,0.6,0.45,0.6,0.5666666666666667,0.4891207695007324,0.021432161331176758
sqrt,1,0.00359381,0.5,20,0.5466666666666666,0.0644635986860457,476,0.55,0.43333333333333335,0.55,0.6333333333333333,0.5666666666666667,0.5012773036956787,0.02111659049987793
sqrt,1,0.00359381,0.5,50,0.48,0.1194431524477928,712,0.35,0.6166666666666667,0.35,0.6166666666666667,0.4666666666666667,0.5026474952697754,0.021154499053955077
sqrt,1,0.00359381,0.7,5,0.5566666666666666,0.058309518948453,447,0.55,0.6166666666666667,0.45,0.6,0.5666666666666667,0.4858691215515137,0.02128009796142578
sqrt,1,0.00359381,0.7,10,0.5333333333333334,0.06912147117775906,540,0.45,0.6,0.45,0.6,0.5666666666666667,0.49294252395629884,0.021110916137695314
sqrt,1,0.00359381,0.7,20,0.5466666666666666,0.0644635986860457,476,0.55,0.43333333333333335,0.55,0.6333333333333333,0.5666666666666667,0.49724521636962893,0.02151327133178711
sqrt,1,0.00359381,0.7,50,0.48,0.1194431524477928,712,0.35,0.6166666666666667,0.35,0.6166666666666667,0.4666666666666667,0.5023225307464599,0.02132110595703125
sqrt,1,0.00359381,0.9,5,0.5566666666666666,0.058309518948453,447,0.55,0.6166666666666667,0.45,0.6,0.5666666666666667,0.486537504196167,0.02099466323852539
sqrt,1,0.00359381,0.9,10,0.5333333333333334,0.06912147117775906,540,0.45,0.6,0.45,0.6,0.5666666666666667,0.4928713798522949,0.02116994857788086
sqrt,1,0.00359381,0.9,20,0.5466666666666666,0.0644635986860457,476,0.55,0.43333333333333335,0.55,0.6333333333333333,0.5666666666666667,0.49869227409362793,0.021156883239746092
sqrt,1,0.00359381,0.9,50,0.48,0.1194431524477928,712,0.35,0.6166666666666667,0.35,0.6166666666666667,0.4666666666666667,0.5016175270080566,0.020972251892089844
sqrt,1,0.0129155,0.1,5,0.6233333333333334,0.09865765724632497,214,0.4666666666666667,0.6333333333333333,0.7166666666666667,0.5666666666666667,0.7333333333333334,0.4963210105895996,0.021104097366333008
sqrt,1,0.0129155,0.1,10,0.6599999999999999,0.12183777921664708,94,0.4666666666666667,0.6333333333333333,0.8333333333333333,0.6333333333333333,0.7333333333333334,0.4990384578704834,0.02119302749633789
sqrt,1,0.0129155,0.1,20,0.6766666666666665,0.11085526098877257,60,0.55,0.7166666666666667,0.8333333333333333,0.55,0.7333333333333334,0.5048113822937011,0.021164751052856444
sqrt,1,0.0129155,0.1,50,0.71,0.07498147919467994,13,0.6333333333333333,0.6166666666666667,0.8166666666666667,0.75,0.7333333333333334,0.5106546878814697,0.021261119842529298
sqrt,1,0.0129155,0.3,5,0.5566666666666666,0.058309518948453,447,0.55,0.6166666666666667,0.45,0.6,0.5666666666666667,0.4914869785308838,0.02143893241882324
sqrt,1,0.0129155,0.3,10,0.5333333333333334,0.06912147117775906,540,0.45,0.6,0.45,0.6,0.5666666666666667,0.4949962139129639,0.021185779571533205
sqrt,1,0.0129155,0.3,20,0.5466666666666666,0.0644635986860457,476,0.55,0.43333333333333335,0.55,0.6333333333333333,0.5666666666666667,0.5000977993011475,0.021344900131225586
sqrt,1,0.0129155,0.3,50,0.48,0.1194431524477928,712,0.35,0.6166666666666667,0.35,0.6166666666666667,0.4666666666666667,0.5059389114379883,0.021438169479370116
sqrt,1,0.0129155,0.5,5,0.5566666666666666,0.058309518948453,447,0.55,0.6166666666666667,0.45,0.6,0.5666666666666667,0.4911090850830078,0.021315479278564455
sqrt,1,0.0129155,0.5,10,0.5333333333333334,0.06912147117775906,540,0.45,0.6,0.45,0.6,0.5666666666666667,0.49558539390563966,0.02123737335205078
sqrt,1,0.0129155,0.5,20,0.5466666666666666,0.0644635986860457,476,0.55,0.43333333333333335,0.55,0.6333333333333333,0.5666666666666667,0.5000031471252442,0.02130923271179199
sqrt,1,0.0129155,0.5,50,0.48,0.1194431524477928,712,0.35,0.6166666666666667,0.35,0.6166666666666667,0.4666666666666667,0.5057007789611816,0.02132306098937988
sqrt,1,0.0129155,0.7,5,0.5566666666666666,0.058309518948453,447,0.55,0.6166666666666667,0.45,0.6,0.5666666666666667,0.4913358211517334,0.021065711975097656
sqrt,1,0.0129155,0.7,10,0.5333333333333334,0.06912147117775906,540,0.45,0.6,0.45,0.6,0.5666666666666667,0.4981680870056152,0.02135157585144043
sqrt,1,0.0129155,0.7,20,0.5466666666666666,0.0644635986860457,476,0.55,0.43333333333333335,0.55,0.6333333333333333,0.5666666666666667,0.4981684684753418,0.02130742073059082
sqrt,1,0.0129155,0.7,50,0.48,0.1194431524477928,712,0.35,0.6166666666666667,0.35,0.6166666666666667,0.4666666666666667,0.5047457218170166,0.02118992805480957
sqrt,1,0.0129155,0.9,5,0.5566666666666666,0.058309518948453,447,0.55,0.6166666666666667,0.45,0.6,0.5666666666666667,0.49319167137145997,0.020991945266723634
sqrt,1,0.0129155,0.9,10,0.5333333333333334,0.06912147117775906,540,0.45,0.6,0.45,0.6,0.5666666666666667,0.490766716003418,0.02164115905761719
sqrt,1,0.0129155,0.9,20,0.5466666666666666,0.0644635986860457,476,0.55,0.43333333333333335,0.55,0.6333333333333333,0.5666666666666667,0.5029196262359619,0.021375131607055665
sqrt,1,0.0129155,0.9,50,0.48,0.1194431524477928,712,0.35,0.6166666666666667,0.35,0.6166666666666667,0.4666666666666667,0.503014326095581,0.021266698837280273
sqrt,1,0.0464159,0.1,5,0.64,0.07498147919467996,150,0.55,0.7166666666666667,0.5666666666666667,0.6333333333333333,0.7333333333333334,0.5058882713317872,0.021071720123291015
sqrt,1,0.0464159,0.1,10,0.6566666666666666,0.074236858171067,101,0.6333333333333333,0.5333333333333333,0.65,0.7333333333333334,0.7333333333333334,0.5099835395812988,0.021259403228759764
sqrt,1,0.0464159,0.1,20,0.6533333333333333,0.14275075403575901,131,0.55,0.43333333333333335,0.7166666666666667,0.8333333333333333,0.7333333333333334,0.5116108417510986,0.02116537094116211
sqrt,1,0.0464159,0.1,50,0.6766666666666667,0.13482498944104454,46,0.7333333333333334,0.43333333333333335,0.65,0.8333333333333333,0.7333333333333334,0.5193005561828613,0.02104153633117676
sqrt,1,0.0464159,0.3,5,0.6266666666666667,0.08730533902472531,207,0.55,0.7333333333333334,0.5666666666666667,0.55,0.7333333333333334,0.5062960624694824,0.021355056762695314
sqrt,1,0.0464159,0.3,10,0.67,0.07774602526460403,89,0.6333333333333333,0.5333333333333333,0.7166666666666667,0.7333333333333334,0.7333333333333334,0.5090518474578858,0.021196889877319335
sqrt,1,0.0464159,0.3,20,0.6900000000000001,0.14476033833738977,32,0.55,0.5166666666666667,0.9166666666666667,0.7333333333333334,0.7333333333333334,0.5123300552368164,0.021189069747924803
sqrt,1,0.0464159,0.3,50,0.7300000000000001,0.13474255287605158,4,0.55,0.6166666666666667,0.9166666666666667,0.8333333333333333,0.7333333333333334,0.5225911617279053,0.021351099014282227
sqrt,1,0.0464159,0.5,5,0.6366666666666666,0.09741092797468304,195,0.5333333333333333,0.7333333333333334,0.5166666666666667,0.75,0.65,0.5106282711029053,0.021024465560913086
sqrt,1,0.0464159,0.5,10,0.6933333333333332,0.09580071908799943,30,0.5333333333333333,0.7333333333333334,0.8166666666666667,0.7333333333333334,0.65,0.5105947017669678,0.021152687072753907
sqrt,1,0.0464159,0.5,20,0.6633333333333333,0.18086213288334047,92,0.3666666666666667,0.7333333333333334,0.8333333333333333,0.8333333333333333,0.55,0.5155733585357666,0.02115659713745117
sqrt,1,0.0464159,0.5,50,0.6033333333333333,0.1314026889628468,292,0.55,0.45,0.5333333333333333,0.8333333333333333,0.65,0.5228048324584961,0.021336078643798828
sqrt,1,0.0464159,0.7,5,0.5566666666666666,0.058309518948453,447,0.55,0.6166666666666667,0.45,0.6,0.5666666666666667,0.48917837142944337,0.021163749694824218
sqrt,1,0.0464159,0.7,10,0.5333333333333334,0.06912147117775906,540,0.45,0.6,0.45,0.6,0.5666666666666667,0.4903284549713135,0.02099952697753906
sqrt,1,0.0464159,0.7,20,0.5466666666666666,0.0644635986860457,476,0.55,0.43333333333333335,0.55,0.6333333333333333,0.5666666666666667,0.49781551361083987,0.021363067626953124
sqrt,1,0.0464159,0.7,50,0.48,0.1194431524477928,712,0.35,0.6166666666666667,0.35,0.6166666666666667,0.4666666666666667,0.5034941673278809,0.0212460994720459
sqrt,1,0.0464159,0.9,5,0.5566666666666666,0.058309518948453,447,0.55,0.6166666666666667,0.45,0.6,0.5666666666666667,0.48862433433532715,0.021328449249267578
sqrt,1,0.0464159,0.9,10,0.5333333333333334,0.06912147117775906,540,0.45,0.6,0.45,0.6,0.5666666666666667,0.4909806728363037,0.0210416316986084
sqrt,1,0.0464159,0.9,20,0.5466666666666666,0.0644635986860457,476,0.55,0.43333333333333335,0.55,0.6333333333333333,0.5666666666666667,0.4982146263122559,0.021178245544433594
sqrt,1,0.0464159,0.9,50,0.48,0.1194431524477928,712,0.35,0.6166666666666667,0.35,0.6166666666666667,0.4666666666666667,0.5051397800445556,0.02097597122192383
sqrt,1,0.16681,0.1,5,0.5633333333333334,0.10077477638553982,426,0.55,0.7166666666666667,0.4666666666666667,0.6333333333333333,0.45,0.539132833480835,0.021130466461181642
sqrt,1,0.16681,0.1,10,0.6933333333333334,0.04294699575575044,20,0.6333333333333333,0.7166666666666667,0.65,0.7333333333333334,0.7333333333333334,0.5412467956542969,0.021242761611938478
sqrt,1,0.16681,0.1,20,0.6233333333333333,0.1420485050177501,216,0.55,0.43333333333333335,0.5666666666666667,0.8333333333333333,0.7333333333333334,0.5452280044555664,0.02171635627746582
sqrt,1,0.16681,0.1,50,0.6566666666666666,0.11430952132988162,101,0.6333333333333333,0.5166666666666667,0.5666666666666667,0.8333333333333333,0.7333333333333334,0.5546046257019043,0.021029567718505858
sqrt,1,0.16681,0.3,5,0.6066666666666667,0.08137703743822468,280,0.55,0.7166666666666667,0.48333333333333334,0.6333333333333333,0.65,0.5431750774383545,0.021006250381469728
sqrt,1,0.16681,0.3,10,0.6433333333333333,0.05830951894845301,143,0.55,0.6333333333333333,0.65,0.7333333333333334,0.65,0.5462623119354248,0.02117438316345215
sqrt,1,0.16681,0.3,20,0.62,0.14352700094407322,231,0.55,0.43333333333333335,0.55,0.8333333333333333,0.7333333333333334,0.5491138458251953,0.02104506492614746
sqrt,1,0.16681,0.3,50,0.6566666666666666,0.11671427600007726,101,0.55,0.5166666666666667,0.65,0.8333333333333333,0.7333333333333334,0.5556124210357666,0.021273183822631835
sqrt,1,0.16681,0.5,5,0.6399999999999999,0.008164965809277286,165,0.6333333333333333,0.6333333333333333,0.65,0.6333333333333333,0.65,0.5426463603973388,0.021190977096557616
sqrt,1,0.16681,0.5,10,0.6566666666666666,0.0873053390247253,101,0.55,0.7166666666666667,0.55,0.7333333333333334,0.7333333333333334,0.5470720291137695,0.021147489547729492
sqrt,1,0.16681,0.5,20,0.6733333333333333,0.13564659966250536,72,0.6333333333333333,0.43333333333333335,0.7333333333333334,0.8333333333333333,0.7333333333333334,0.5484501838684082,0.020986175537109374
sqrt,1,0.16681,0.5,50,0.7266666666666668,0.08339997335464534,5,0.6166666666666667,0.8,0.65,0.8333333333333333,0.7333333333333334,0.5539897918701172,0.02124447822570801
sqrt,1,0.16681,0.7,5,0.6599999999999999,0.06960204339273698,94,0.55,0.7166666666666667,0.75,0.6333333333333333,0.65,0.5467829227447509,0.02123260498046875
sqrt,1,0.16681,0.7,10,0.7133333333333333,0.09153020145163984,6,0.55,0.7166666666666667,0.8333333333333333,0.7333333333333334,0.7333333333333334,0.5532973289489747,0.02131047248840332
sqrt,1,0.16681,0.7,20,0.6733333333333335,0.07644896627453145,66,0.55,0.6166666666666667,0.7333333333333334,0.7333333333333334,0.7333333333333334,0.5526714324951172,0.021258831024169922
sqrt,1,0.16681,0.7,50,0.6533333333333333,0.14506703431325962,131,0.45,0.5166666666666667,0.7333333333333334,0.8333333333333333,0.7333333333333334,0.5629003524780274,0.021012020111083985
sqrt,1,0.16681,0.9,5,0.6266666666666667,0.06548960901462834,207,0.55,0.65,0.5666666666666667,0.6333333333333333,0.7333333333333334,0.5534718990325928,0.02101101875305176
sqrt,1,0.16681,0.9,10,0.6566666666666666,0.0873053390247253,101,0.55,0.7166666666666667,0.55,0.7333333333333334,0.7333333333333334,0.556998348236084,0.021091651916503907
sqrt,1,0.16681,0.9,20,0.7100000000000001,0.12498888839501784,10,0.55,0.6166666666666667,0.9166666666666667,0.7333333333333334,0.7333333333333334,0.561165189743042,0.021081018447875976
sqrt,1,0.16681,0.9,50,0.7466666666666667,0.09273618495495707,1,0.6333333333333333,0.7166666666666667,0.9166666666666667,0.7333333333333334,0.7333333333333334,0.5666667461395264,0.021251821517944337
sqrt,1,0.599484,0.1,5,0.5800000000000001,0.12174654911833117,382,0.5333333333333333,0.7333333333333334,0.4666666666666667,0.7166666666666667,0.45,0.6194865703582764,0.021054410934448244
sqrt,1,0.599484,0.1,10,0.5900000000000001,0.13646326326972483,343,0.3666666666666667,0.55,0.5666666666666667,0.7333333333333334,0.7333333333333334,0.620357608795166,0.021155452728271483
sqrt,1,0.599484,0.1,20,0.6766666666666666,0.13727506854649332,47,0.6333333333333333,0.43333333333333335,0.75,0.8333333333333333,0.7333333333333334,0.623582124710083,0.02118396759033203
sqrt,1,0.599484,0.1,50,0.6566666666666666,0.14047538337136983,101,0.7166666666666667,0.43333333333333335,0.5666666666666667,0.8333333333333333,0.7333333333333334,0.6306976795196533,0.021305561065673828
sqrt,1,0.599484,0.3,5,0.6199999999999999,0.05906681715556449,246,0.6333333333333333,0.7166666666666667,0.5666666666666667,0.6333333333333333,0.55,0.6347336292266845,0.021047353744506836
sqrt,1,0.599484,0.3,10,0.6399999999999999,0.058309518948453015,165,0.6333333333333333,0.6333333333333333,0.55,0.7333333333333334,0.65,0.6370951175689697,0.021145725250244142
sqrt,1,0.599484,0.3,20,0.64,0.13727506854649332,150,0.6333333333333333,0.43333333333333335,0.5666666666666667,0.8333333333333333,0.7333333333333334,0.6404581546783448,0.021197986602783204
sqrt,1,0.599484,0.3,50,0.6733333333333332,0.10572501018102468,84,0.6333333333333333,0.5166666666666667,0.65,0.8333333333333333,0.7333333333333334,0.6475380897521973,0.021300220489501955
sqrt,1,0.599484,0.5,5,0.5700000000000001,0.12710450643291746,406,0.3666666666666667,0.7166666666666667,0.48333333333333334,0.6333333333333333,0.65,0.6529029846191406,0.021245527267456054
sqrt,1,0.599484,0.5,10,0.6066666666666667,0.0402768199119819,280,0.55,0.6333333333333333,0.5666666666666667,0.6333333333333333,0.65,0.6575163841247559,0.020993518829345702
sqrt,1,0.599484,0.5,20,0.6766666666666666,0.09521904571390465,47,0.6333333333333333,0.6166666666666667,0.5666666666666667,0.8333333333333333,0.7333333333333334,0.6586009502410889,0.02115602493286133
sqrt,1,0.599484,0.5,50,0.6566666666666666,0.11671427600007726,101,0.55,0.5166666666666667,0.65,0.8333333333333333,0.7333333333333334,0.6644351482391357,0.02097039222717285
sqrt,1,0.599484,0.7,5,0.5333333333333333,0.12952906151816965,577,0.3666666666666667,0.6333333333333333,0.3833333333333333,0.6333333333333333,0.65,0.6570585250854493,0.021209239959716797
sqrt,1,0.599484,0.7,10,0.6599999999999999,0.08339997335464537,94,0.55,0.7166666666666667,0.5666666666666667,0.7333333333333334,0.7333333333333334,0.6591179370880127,0.021147394180297853
sqrt,1,0.599484,0.7,20,0.6900000000000001,0.09463379711052258,32,0.55,0.6166666666666667,0.8166666666666667,0.7333333333333334,0.7333333333333334,0.659788179397583,0.021300077438354492
sqrt,1,0.599484,0.7,50,0.7133333333333333,0.07986099033807291,6,0.6333333333333333,0.6166666666666667,0.75,0.8333333333333333,0.7333333333333334,0.6664084911346435,0.021321487426757813
sqrt,1,0.599484,0.9,5,0.5133333333333333,0.11709445380166864,667,0.3666666666666667,0.6333333333333333,0.3833333333333333,0.6333333333333333,0.55,0.705034589767456,0.021108150482177734
sqrt,1,0.599484,0.9,10,0.6233333333333333,0.060184900284225955,216,0.55,0.7166666666666667,0.5666666666666667,0.6333333333333333,0.65,0.7084194183349609,0.021182775497436523
sqrt,1,0.599484,0.9,20,0.6900000000000001,0.053333333333333365,32,0.6333333333333333,0.6166666666666667,0.7333333333333334,0.7333333333333334,0.7333333333333334,0.7116752147674561,0.020937013626098632
sqrt,1,0.599484,0.9,50,0.6933333333333334,0.0934523051258412,20,0.55,0.7,0.65,0.8333333333333333,0.7333333333333334,0.7185323715209961,0.02105884552001953
sqrt,1,2.15443,0.1,5,0.5433333333333334,0.0946337971105226,495,0.5333333333333333,0.55,0.4666666666666667,0.7166666666666667,0.45,0.7419191837310791,0.021177387237548827
sqrt,1,2.15443,0.1,10,0.64,0.09809292646374776,150,0.6166666666666667,0.65,0.4666666666666667,0.7333333333333334,0.7333333333333334,0.7429083824157715,0.021148681640625
sqrt,1,2.15443,0.1,20,0.6766666666666665,0.10519822558706331,60,0.6333333333333333,0.5166666666666667,0.6666666666666666,0.8333333333333333,0.7333333333333334,0.7571860313415527,0.02088198661804199
sqrt,1,2.15443,0.1,50,0.64,0.13727506854649332,150,0.6333333333333333,0.43333333333333335,0.5666666666666667,0.8333333333333333,0.7333333333333334,0.7516767978668213,0.021067142486572266
sqrt,1,2.15443,0.3,5,0.5633333333333332,0.0635959467611297,439,0.5333333333333333,0.6333333333333333,0.4666666666666667,0.6333333333333333,0.55,0.7885530948638916,0.020986413955688475
sqrt,1,2.15443,0.3,10,0.6066666666666667,0.1356465996625054,280,0.3666666666666667,0.6333333333333333,0.5666666666666667,0.7333333333333334,0.7333333333333334,0.7934452056884765,0.021359968185424804
sqrt,1,2.15443,0.3,20,0.6566666666666666,0.11430952132988162,101,0.6333333333333333,0.5166666666666667,0.5666666666666667,0.8333333333333333,0.7333333333333334,0.7894442081451416,0.021176624298095702
sqrt,1,2.15443,0.3,50,0.64,0.13928388277184117,150,0.55,0.43333333333333335,0.65,0.8333333333333333,0.7333333333333334,0.8013992786407471,0.02098855972290039
sqrt,1,2.15443,0.5,5,0.6199999999999999,0.05906681715556449,246,0.6333333333333333,0.7166666666666667,0.5666666666666667,0.6333333333333333,0.55,0.8487231254577636,0.021156930923461915
sqrt,1,2.15443,0.5,10,0.6399999999999999,0.008164965809277286,165,0.6333333333333333,0.6333333333333333,0.65,0.6333333333333333,0.65,0.8510070323944092,0.021041488647460936
sqrt,1,2.15443,0.5,20,0.62,0.11274356350191843,231,0.6333333333333333,0.43333333333333335,0.5666666666666667,0.7333333333333334,0.7333333333333334,0.8532529830932617,0.020786237716674805
sqrt,1,2.15443,0.5,50,0.6900000000000001,0.10466878978738384,32,0.7166666666666667,0.5166666666666667,0.65,0.8333333333333333,0.7333333333333334,0.860186767578125,0.02115001678466797
sqrt,1,2.15443,0.7,5,0.6233333333333333,0.07644896627453143,216,0.6333333333333333,0.7166666666666667,0.48333333333333334,0.6333333333333333,0.65,0.8972979545593261,0.021105003356933594
sqrt,1,2.15443,0.7,10,0.5866666666666667,0.06616477747093069,351,0.6333333333333333,0.6333333333333333,0.48333333333333334,0.5333333333333333,0.65,0.9056033134460449,0.02097907066345215
sqrt,1,2.15443,0.7,20,0.62,0.11274356350191843,231,0.6333333333333333,0.43333333333333335,0.5666666666666667,0.7333333333333334,0.7333333333333334,0.903937292098999,0.021103048324584962
sqrt,1,2.15443,0.7,50,0.6566666666666666,0.13232955494186135,101,0.6333333333333333,0.43333333333333335,0.65,0.8333333333333333,0.7333333333333334,0.9082905292510987,0.02114415168762207
sqrt,1,2.15443,0.9,5,0.59,0.09809292646374775,350,0.4666666666666667,0.7166666666666667,0.48333333333333334,0.6333333333333333,0.65,0.8833647251129151,0.021237707138061522
sqrt,1,2.15443,0.9,10,0.6166666666666666,0.04346134936801767,268,0.6333333333333333,0.6166666666666667,0.65,0.5333333333333333,0.65,0.887111759185791,0.021123981475830077
sqrt,1,2.15443,0.9,20,0.6733333333333333,0.05011098792790972,72,0.6333333333333333,0.6166666666666667,0.65,0.7333333333333334,0.7333333333333334,0.8879036426544189,0.020909595489501952
sqrt,1,2.15443,0.9,50,0.6566666666666666,0.11085526098877256,101,0.55,0.6166666666666667,0.55,0.8333333333333333,0.7333333333333334,0.8953288078308106,0.02097182273864746
sqrt,1,7.74264,0.1,5,0.5366666666666667,0.1161416759345623,505,0.5333333333333333,0.5333333333333333,0.35,0.7166666666666667,0.55,0.8025942802429199,0.02094998359680176
sqrt,1,7.74264,0.1,10,0.5833333333333333,0.09545214042184237,380,0.5333333333333333,0.5333333333333333,0.4666666666666667,0.7333333333333334,0.65,0.8121919631958008,0.021100854873657225
sqrt,1,7.74264,0.1,20,0.6033333333333333,0.17204650534085253,292,0.6333333333333333,0.43333333333333335,0.3833333333333333,0.8333333333333333,0.7333333333333334,0.8073466300964356,0.021006011962890626
sqrt,1,7.74264,0.1,50,0.6033333333333333,0.1550627113281734,292,0.55,0.43333333333333335,0.4666666666666667,0.8333333333333333,0.7333333333333334,0.8109812259674072,0.021053314208984375
sqrt,1,7.74264,0.3,5,0.5433333333333334,0.0946337971105226,495,0.5333333333333333,0.55,0.4666666666666667,0.7166666666666667,0.45,0.991672420501709,0.02131500244140625
sqrt,1,7.74264,0.3,10,0.6233333333333333,0.1072898462628739,216,0.5333333333333333,0.65,0.4666666666666667,0.7333333333333334,0.7333333333333334,0.990740156173706,0.021079444885253908
sqrt,1,7.74264,0.3,20,0.6399999999999999,0.11382247385975912,165,0.5333333333333333,0.5166666666666667,0.6666666666666666,0.8333333333333333,0.65,0.9904313087463379,0.021121931076049805
sqrt,1,7.74264,0.3,50,0.6366666666666667,0.10974718422102887,174,0.6333333333333333,0.43333333333333335,0.65,0.7333333333333334,0.7333333333333334,1.0014052867889405,0.02103447914123535
sqrt,1,7.74264,0.5,5,0.5633333333333332,0.0635959467611297,439,0.5333333333333333,0.6333333333333333,0.4666666666666667,0.6333333333333333,0.55,1.028234100341797,0.021227025985717775
sqrt,1,7.74264,0.5,10,0.5700000000000001,0.14544949486180953,406,0.3666666666666667,0.55,0.4666666666666667,0.7333333333333334,0.7333333333333334,1.0294442176818848,0.02102961540222168
sqrt,1,7.74264,0.5,20,0.6366666666666667,0.12489995996796795,174,0.5333333333333333,0.5166666666666667,0.5666666666666667,0.8333333333333333,0.7333333333333334,1.03216609954834,0.021291637420654298
sqrt,1,7.74264,0.5,50,0.6566666666666666,0.14047538337136983,101,0.7166666666666667,0.43333333333333335,0.5666666666666667,0.8333333333333333,0.7333333333333334,1.0394532680511475,0.02104320526123047
sqrt,1,7.74264,0.7,5,0.6033333333333333,0.03711842908553346,292,0.6333333333333333,0.6333333333333333,0.5666666666666667,0.6333333333333333,0.55,1.1108201026916504,0.02126021385192871
sqrt,1,7.74264,0.7,10,0.6233333333333333,0.02905932629027116,216,0.6333333333333333,0.6333333333333333,0.5666666666666667,0.6333333333333333,0.65,1.1169882774353028,0.02138237953186035
sqrt,1,7.74264,0.7,20,0.62,0.11274356350191843,231,0.6333333333333333,0.43333333333333335,0.5666666666666667,0.7333333333333334,0.7333333333333334,1.1181748390197754,0.021050643920898438
sqrt,1,7.74264,0.7,50,0.6566666666666666,0.13232955494186135,101,0.6333333333333333,0.43333333333333335,0.65,0.8333333333333333,0.7333333333333334,1.12169508934021,0.02088141441345215
sqrt,1,7.74264,0.9,5,0.6033333333333333,0.03711842908553346,292,0.6333333333333333,0.6333333333333333,0.5666666666666667,0.6333333333333333,0.55,1.2184638500213623,0.0211275577545166
sqrt,1,7.74264,0.9,10,0.5666666666666667,0.08881941729649484,414,0.6333333333333333,0.45,0.4666666666666667,0.6333333333333333,0.65,1.2124029636383056,0.021059083938598632
sqrt,1,7.74264,0.9,20,0.62,0.11274356350191843,231,0.6333333333333333,0.43333333333333335,0.5666666666666667,0.7333333333333334,0.7333333333333334,1.2117878913879394,0.02122969627380371
sqrt,1,7.74264,0.9,50,0.6566666666666666,0.13232955494186135,101,0.6333333333333333,0.43333333333333335,0.65,0.8333333333333333,0.7333333333333334,1.2202046394348145,0.021051645278930664
sqrt,1,27.8256,0.1,5,0.5,0.13824294235551815,674,0.5333333333333333,0.35,0.35,0.7166666666666667,0.55,0.8101246356964111,0.021479463577270506
sqrt,1,27.8256,0.1,10,0.54,0.12183777921664711,500,0.43333333333333335,0.43333333333333335,0.4666666666666667,0.7333333333333334,0.6333333333333333,0.813317346572876,0.02117743492126465
sqrt,1,27.8256,0.1,20,0.5866666666666667,0.18897383710744486,351,0.55,0.5333333333333333,0.2833333333333333,0.8333333333333333,0.7333333333333334,0.8185305595397949,0.020934867858886718
sqrt,1,27.8256,0.1,50,0.62,0.11518101695447333,231,0.55,0.43333333333333335,0.65,0.7333333333333334,0.7333333333333334,0.8198679447174072,0.02109041213989258
sqrt,1,27.8256,0.3,5,0.5233333333333334,0.13848385385227327,645,0.5333333333333333,0.5333333333333333,0.2833333333333333,0.7166666666666667,0.55,0.9528273582458496,0.021227169036865234
sqrt,1,27.8256,0.3,10,0.5866666666666667,0.11025223605694154,351,0.6333333333333333,0.45,0.4666666666666667,0.7333333333333334,0.65,0.9538997173309326,0.021073675155639647
sqrt,1,27.8256,0.3,20,0.5866666666666667,0.17236911298463858,351,0.55,0.43333333333333335,0.3833333333333333,0.8333333333333333,0.7333333333333334,0.9555297374725342,0.021192359924316406
sqrt,1,27.8256,0.3,50,0.6200000000000001,0.09392668535736916,227,0.55,0.5166666666666667,0.5666666666666667,0.7333333333333334,0.7333333333333334,0.9650960922241211,0.02130289077758789
sqrt,1,27.8256,0.5,5,0.5666666666666668,0.07888106377466154,413,0.5333333333333333,0.55,0.48333333333333334,0.7166666666666667,0.55,1.153338623046875,0.021284151077270507
sqrt,1,27.8256,0.5,10,0.6,0.0924962461700774,315,0.6166666666666667,0.5333333333333333,0.4666666666666667,0.7333333333333334,0.65,1.1561943531036376,0.021213674545288087
sqrt,1,27.8256,0.5,20,0.6733333333333332,0.10572501018102468,84,0.6333333333333333,0.5166666666666667,0.65,0.8333333333333333,0.7333333333333334,1.1632017612457275,0.02115626335144043
sqrt,1,27.8256,0.5,50,0.6166666666666667,0.10954451150103323,255,0.6333333333333333,0.5166666666666667,0.4666666666666667,0.7333333333333334,0.7333333333333334,1.1628371715545653,0.02114424705505371
sqrt,1,27.8256,0.7,5,0.5633333333333335,0.08259674462242578,425,0.5333333333333333,0.55,0.4666666666666667,0.7166666666666667,0.55,1.2183741569519042,0.021126937866210938
sqrt,1,27.8256,0.7,10,0.6266666666666667,0.10466878978738388,207,0.55,0.65,0.4666666666666667,0.7333333333333334,0.7333333333333334,1.2228973865509034,0.02123398780822754
sqrt,1,27.8256,0.7,20,0.6566666666666666,0.12229290885229424,101,0.5333333333333333,0.5166666666666667,0.75,0.8333333333333333,0.65,1.2218366622924806,0.021359682083129883
sqrt,1,27.8256,0.7,50,0.6,0.12823589374447564,315,0.6333333333333333,0.43333333333333335,0.4666666666666667,0.7333333333333334,0.7333333333333334,1.2310895919799805,0.02142953872680664
sqrt,1,27.8256,0.9,5,0.5466666666666666,0.05312459150169741,476,0.5333333333333333,0.55,0.4666666666666667,0.6333333333333333,0.55,1.2211105823516846,0.021338129043579103
sqrt,1,27.8256,0.9,10,0.5533333333333333,0.12970050972229147,463,0.3666666666666667,0.55,0.4666666666666667,0.7333333333333334,0.65,1.2218068599700929,0.021032333374023438
sqrt,1,27.8256,0.9,20,0.6766666666666665,0.10519822558706331,60,0.6333333333333333,0.5166666666666667,0.6666666666666666,0.8333333333333333,0.7333333333333334,1.224132776260376,0.021004343032836915
sqrt,1,27.8256,0.9,50,0.6366666666666667,0.13920408678547397,174,0.6333333333333333,0.43333333333333335,0.55,0.8333333333333333,0.7333333333333334,1.2308032035827636,0.021248054504394532
sqrt,1,100.0,0.1,5,0.4800000000000001,0.139204086785474,707,0.35,0.43333333333333335,0.35,0.7166666666666667,0.55,0.8664579391479492,0.021417951583862303
sqrt,1,100.0,0.1,10,0.4866666666666667,0.19504985117770393,699,0.5333333333333333,0.3333333333333333,0.2,0.7333333333333334,0.6333333333333333,0.8674450397491456,0.021371173858642577
sqrt,1,100.0,0.1,20,0.5866666666666667,0.17236911298463858,351,0.55,0.43333333333333335,0.3833333333333333,0.8333333333333333,0.7333333333333334,0.8702605247497559,0.021116304397583007
sqrt,1,100.0,0.1,50,0.6166666666666668,0.0960324019392529,254,0.55,0.5166666666666667,0.55,0.7333333333333334,0.7333333333333334,0.8754924297332763,0.021207714080810548
sqrt,1,100.0,0.3,5,0.5,0.13824294235551815,674,0.5333333333333333,0.35,0.35,0.7166666666666667,0.55,0.8714292049407959,0.021322345733642577
sqrt,1,100.0,0.3,10,0.5633333333333334,0.11661903789690603,426,0.5333333333333333,0.5333333333333333,0.3833333333333333,0.7333333333333334,0.6333333333333333,0.8756114482879639,0.021169424057006836
sqrt,1,100.0,0.3,20,0.5866666666666667,0.19072959334559955,351,0.6333333333333333,0.35,0.3833333333333333,0.8333333333333333,0.7333333333333334,0.8791967868804932,0.02156839370727539
sqrt,1,100.0,0.3,50,0.62,0.11274356350191843,231,0.6333333333333333,0.43333333333333335,0.5666666666666667,0.7333333333333334,0.7333333333333334,0.8845645904541015,0.021529579162597658
sqrt,1,100.0,0.5,5,0.5,0.13824294235551815,674,0.5333333333333333,0.35,0.35,0.7166666666666667,0.55,0.9081577301025391,0.021446895599365235
sqrt,1,100.0,0.5,10,0.54,0.12183777921664711,500,0.43333333333333335,0.43333333333333335,0.4666666666666667,0.7333333333333334,0.6333333333333333,0.9078231811523437,0.021152448654174805
sqrt,1,100.0,0.5,20,0.5833333333333334,0.19999999999999998,369,0.6333333333333333,0.43333333333333335,0.2833333333333333,0.8333333333333333,0.7333333333333334,0.9080991744995117,0.021112728118896484
sqrt,1,100.0,0.5,50,0.6033333333333333,0.1713994684290992,292,0.55,0.3333333333333333,0.5666666666666667,0.8333333333333333,0.7333333333333334,0.9173029899597168,0.021490192413330077
sqrt,1,100.0,0.7,5,0.5,0.13824294235551815,674,0.5333333333333333,0.35,0.35,0.7166666666666667,0.55,0.9555756092071533,0.02135806083679199
sqrt,1,100.0,0.7,10,0.58,0.09333333333333335,393,0.5333333333333333,0.5333333333333333,0.4666666666666667,0.7333333333333334,0.6333333333333333,0.9587174892425537,0.021288394927978516
sqrt,1,100.0,0.7,20,0.5866666666666667,0.17236911298463858,351,0.55,0.43333333333333335,0.3833333333333333,0.8333333333333333,0.7333333333333334,0.9584246158599854,0.021196985244750978
sqrt,1,100.0,0.7,50,0.64,0.12229290885229424,150,0.55,0.5166666666666667,0.5666666666666667,0.8333333333333333,0.7333333333333334,0.9676311016082764,0.021336841583251952
sqrt,1,100.0,0.9,5,0.5366666666666667,0.1161416759345623,505,0.5333333333333333,0.5333333333333333,0.35,0.7166666666666667,0.55,1.0173362731933593,0.021346187591552733
sqrt,1,100.0,0.9,10,0.5666666666666667,0.10903618155864087,414,0.5333333333333333,0.45,0.4666666666666667,0.7333333333333334,0.65,1.019687557220459,0.02149672508239746
sqrt,1,100.0,0.9,20,0.6233333333333333,0.1562049935181331,216,0.6333333333333333,0.5333333333333333,0.3833333333333333,0.8333333333333333,0.7333333333333334,1.0255525588989258,0.02127494812011719
sqrt,1,100.0,0.9,50,0.6000000000000001,0.11205157542647742,314,0.55,0.5166666666666667,0.4666666666666667,0.7333333333333334,0.7333333333333334,1.0343880653381348,0.021221685409545898
sqrt,5,0.001,0.1,5,0.5333333333333332,0.0936897954837013,579,0.45,0.5,0.45,0.7,0.5666666666666667,0.4779697895050049,0.02104010581970215
sqrt,5,0.001,0.1,10,0.5333333333333332,0.0936897954837013,579,0.45,0.5,0.45,0.7,0.5666666666666667,0.4779956817626953,0.021002197265625
sqrt,5,0.001,0.1,20,0.42333333333333334,0.04027681991198192,782,0.45,0.4166666666666667,0.35,0.43333333333333335,0.4666666666666667,0.48281145095825195,0.020953798294067384
sqrt,5,0.001,0.1,50,0.5166666666666667,0.06749485577105528,649,0.5333333333333333,0.5166666666666667,0.45,0.6333333333333333,0.45,0.4880460262298584,0.02108621597290039
sqrt,5,0.001,0.3,5,0.5333333333333332,0.0936897954837013,579,0.45,0.5,0.45,0.7,0.5666666666666667,0.47897906303405763,0.020987892150878908
sqrt,5,0.001,0.3,10,0.5333333333333332,0.0936897954837013,579,0.45,0.5,0.45,0.7,0.5666666666666667,0.4785332679748535,0.02124652862548828
sqrt,5,0.001,0.3,20,0.42333333333333334,0.04027681991198192,782,0.45,0.4166666666666667,0.35,0.43333333333333335,0.4666666666666667,0.48309988975524903,0.020917892456054688
sqrt,5,0.001,0.3,50,0.5166666666666667,0.06749485577105528,649,0.5333333333333333,0.5166666666666667,0.45,0.6333333333333333,0.45,0.48817715644836424,0.02093987464904785
sqrt,5,0.001,0.5,5,0.5333333333333332,0.0936897954837013,579,0.45,0.5,0.45,0.7,0.5666666666666667,0.4786482334136963,0.02085394859313965
sqrt,5,0.001,0.5,10,0.5333333333333332,0.0936897954837013,579,0.45,0.5,0.45,0.7,0.5666666666666667,0.48014492988586427,0.02129387855529785
sqrt,5,0.001,0.5,20,0.42333333333333334,0.04027681991198192,782,0.45,0.4166666666666667,0.35,0.43333333333333335,0.4666666666666667,0.4818352222442627,0.02129201889038086
sqrt,5,0.001,0.5,50,0.5166666666666667,0.06749485577105528,649,0.5333333333333333,0.5166666666666667,0.45,0.6333333333333333,0.45,0.4872595310211182,0.02093496322631836
sqrt,5,0.001,0.7,5,0.5333333333333332,0.0936897954837013,579,0.45,0.5,0.45,0.7,0.5666666666666667,0.4800266265869141,0.020864105224609374
sqrt,5,0.001,0.7,10,0.5333333333333332,0.0936897954837013,579,0.45,0.5,0.45,0.7,0.5666666666666667,0.48459615707397463,0.022333717346191405
sqrt,5,0.001,0.7,20,0.42333333333333334,0.04027681991198192,782,0.45,0.4166666666666667,0.35,0.43333333333333335,0.4666666666666667,0.48076963424682617,0.02117581367492676
sqrt,5,0.001,0.7,50,0.5166666666666667,0.06749485577105528,649,0.5333333333333333,0.5166666666666667,0.45,0.6333333333333333,0.45,0.4877793788909912,0.0213348388671875
sqrt,5,0.001,0.9,5,0.5333333333333332,0.0936897954837013,579,0.45,0.5,0.45,0.7,0.5666666666666667,0.4766798973083496,0.02100996971130371
sqrt,5,0.001,0.9,10,0.5333333333333332,0.0936897954837013,579,0.45,0.5,0.45,0.7,0.5666666666666667,0.4812034606933594,0.020969104766845704
sqrt,5,0.001,0.9,20,0.42333333333333334,0.04027681991198192,782,0.45,0.4166666666666667,0.35,0.43333333333333335,0.4666666666666667,0.4845792293548584,0.021084690093994142
sqrt,5,0.001,0.9,50,0.5166666666666667,0.06749485577105528,649,0.5333333333333333,0.5166666666666667,0.45,0.6333333333333333,0.45,0.49095711708068845,0.02088618278503418
sqrt,5,0.00359381,0.1,5,0.5333333333333332,0.0936897954837013,579,0.45,0.5,0.45,0.7,0.5666666666666667,0.47782258987426757,0.020894908905029298
sqrt,5,0.00359381,0.1,10,0.5333333333333332,0.0936897954837013,579,0.45,0.5,0.45,0.7,0.5666666666666667,0.47799015045166016,0.021328163146972657
sqrt,5,0.00359381,0.1,20,0.42333333333333334,0.04027681991198192,782,0.45,0.4166666666666667,0.35,0.43333333333333335,0.4666666666666667,0.48371329307556155,0.021358489990234375
sqrt,5,0.00359381,0.1,50,0.5166666666666667,0.06749485577105528,649,0.5333333333333333,0.5166666666666667,0.45,0.6333333333333333,0.45,0.4897951126098633,0.02110280990600586
sqrt,5,0.00359381,0.3,5,0.5333333333333332,0.0936897954837013,579,0.45,0.5,0.45,0.7,0.5666666666666667,0.47806153297424314,0.02089219093322754
sqrt,5,0.00359381,0.3,10,0.5333333333333332,0.0936897954837013,579,0.45,0.5,0.45,0.7,0.5666666666666667,0.4804508209228516,0.021100711822509766
sqrt,5,0.00359381,0.3,20,0.42333333333333334,0.04027681991198192,782,0.45,0.4166666666666667,0.35,0.43333333333333335,0.4666666666666667,0.48014059066772463,0.020874500274658203
sqrt,5,0.00359381,0.3,50,0.5166666666666667,0.06749485577105528,649,0.5333333333333333,0.5166666666666667,0.45,0.6333333333333333,0.45,0.48451881408691405,0.020836496353149415
sqrt,5,0.00359381,0.5,5,0.5333333333333332,0.0936897954837013,579,0.45,0.5,0.45,0.7,0.5666666666666667,0.47806410789489745,0.02090792655944824
sqrt,5,0.00359381,0.5,10,0.5333333333333332,0.0936897954837013,579,0.45,0.5,0.45,0.7,0.5666666666666667,0.47802281379699707,0.020932483673095702
sqrt,5,0.00359381,0.5,20,0.42333333333333334,0.04027681991198192,782,0.45,0.4166666666666667,0.35,0.43333333333333335,0.4666666666666667,0.48296613693237306,0.02115912437438965
sqrt,5,0.00359381,0.5,50,0.5166666666666667,0.06749485577105528,649,0.5333333333333333,0.5166666666666667,0.45,0.6333333333333333,0.45,0.48739194869995117,0.021146297454833984
sqrt,5,0.00359381,0.7,5,0.5333333333333332,0.0936897954837013,579,0.45,0.5,0.45,0.7,0.5666666666666667,0.47545084953308103,0.021141767501831055
sqrt,5,0.00359381,0.7,10,0.5333333333333332,0.0936897954837013,579,0.45,0.5,0.45,0.7,0.5666666666666667,0.4773411273956299,0.020989084243774415
sqrt,5,0.00359381,0.7,20,0.42333333333333334,0.04027681991198192,782,0.45,0.4166666666666667,0.35,0.43333333333333335,0.4666666666666667,0.4819790363311768,0.021016788482666016
sqrt,5,0.00359381,0.7,50,0.5166666666666667,0.06749485577105528,649,0.5333333333333333,0.5166666666666667,0.45,0.6333333333333333,0.45,0.4884549617767334,0.02112240791320801
sqrt,5,0.00359381,0.9,5,0.5333333333333332,0.0936897954837013,579,0.45,0.5,0.45,0.7,0.5666666666666667,0.4819681167602539,0.022052526473999023
sqrt,5,0.00359381,0.9,10,0.5333333333333332,0.0936897954837013,579,0.45,0.5,0.45,0.7,0.5666666666666667,0.47798919677734375,0.021223974227905274
sqrt,5,0.00359381,0.9,20,0.42333333333333334,0.04027681991198192,782,0.45,0.4166666666666667,0.35,0.43333333333333335,0.4666666666666667,0.48081350326538086,0.020843315124511718
sqrt,5,0.00359381,0.9,50,0.5166666666666667,0.06749485577105528,649,0.5333333333333333,0.5166666666666667,0.45,0.6333333333333333,0.45,0.4876891613006592,0.021066617965698243
sqrt,5,0.0129155,0.1,5,0.6033333333333333,0.07102425250887505,292,0.4666666666666667,0.6166666666666667,0.6166666666666667,0.6666666666666666,0.65,0.48861327171325686,0.020996665954589842
sqrt,5,0.0129155,0.1,10,0.6766666666666666,0.05333333333333336,47,0.6333333333333333,0.6333333333333333,0.6333333333333333,0.75,0.7333333333333334,0.4905661106109619,0.02112412452697754
sqrt,5,0.0129155,0.1,20,0.6966666666666667,0.05206833117271106,19,0.6333333333333333,0.6333333333333333,0.7333333333333334,0.75,0.7333333333333334,0.4988419055938721,0.021306991577148438
sqrt,5,0.0129155,0.1,50,0.6933333333333334,0.05011098792790972,20,0.6333333333333333,0.7166666666666667,0.6333333333333333,0.75,0.7333333333333334,0.4983479976654053,0.020920467376708985
sqrt,5,0.0129155,0.3,5,0.5333333333333332,0.0936897954837013,579,0.45,0.5,0.45,0.7,0.5666666666666667,0.47702479362487793,0.02086195945739746
sqrt,5,0.0129155,0.3,10,0.5333333333333332,0.0936897954837013,579,0.45,0.5,0.45,0.7,0.5666666666666667,0.4790377616882324,0.02124018669128418
sqrt,5,0.0129155,0.3,20,0.42333333333333334,0.04027681991198192,782,0.45,0.4166666666666667,0.35,0.43333333333333335,0.4666666666666667,0.48303861618041993,0.021150732040405275
sqrt,5,0.0129155,0.3,50,0.5166666666666667,0.06749485577105528,649,0.5333333333333333,0.5166666666666667,0.45,0.6333333333333333,0.45,0.4934041976928711,0.021038818359375
sqrt,5,0.0129155,0.5,5,0.5333333333333332,0.0936897954837013,579,0.45,0.5,0.45,0.7,0.5666666666666667,0.4786974906921387,0.020851850509643555
sqrt,5,0.0129155,0.5,10,0.5333333333333332,0.0936897954837013,579,0.45,0.5,0.45,0.7,0.5666666666666667,0.4796622276306152,0.021074390411376952
sqrt,5,0.0129155,0.5,20,0.42333333333333334,0.04027681991198192,782,0.45,0.4166666666666667,0.35,0.43333333333333335,0.4666666666666667,0.47949995994567873,0.021343755722045898
sqrt,5,0.0129155,0.5,50,0.5166666666666667,0.06749485577105528,649,0.5333333333333333,0.5166666666666667,0.45,0.6333333333333333,0.45,0.4867424488067627,0.021136474609375
sqrt,5,0.0129155,0.7,5,0.5333333333333332,0.0936897954837013,579,0.45,0.5,0.45,0.7,0.5666666666666667,0.48395299911499023,0.02106051445007324
sqrt,5,0.0129155,0.7,10,0.5333333333333332,0.0936897954837013,579,0.45,0.5,0.45,0.7,0.5666666666666667,0.481174898147583,0.021032047271728516
sqrt,5,0.0129155,0.7,20,0.42333333333333334,0.04027681991198192,782,0.45,0.4166666666666667,0.35,0.43333333333333335,0.4666666666666667,0.48305163383483884,0.02106194496154785
sqrt,5,0.0129155,0.7,50,0.5166666666666667,0.06749485577105528,649,0.5333333333333333,0.5166666666666667,0.45,0.6333333333333333,0.45,0.4878809452056885,0.021404218673706055
sqrt,5,0.0129155,0.9,5,0.5333333333333332,0.0936897954837013,579,0.45,0.5,0.45,0.7,0.5666666666666667,0.47721281051635744,0.021199464797973633
sqrt,5,0.0129155,0.9,10,0.5333333333333332,0.0936897954837013,579,0.45,0.5,0.45,0.7,0.5666666666666667,0.4808054447174072,0.020871973037719725
sqrt,5,0.0129155,0.9,20,0.42333333333333334,0.04027681991198192,782,0.45,0.4166666666666667,0.35,0.43333333333333335,0.4666666666666667,0.4846354007720947,0.021006441116333006
sqrt,5,0.0129155,0.9,50,0.5166666666666667,0.06749485577105528,649,0.5333333333333333,0.5166666666666667,0.45,0.6333333333333333,0.45,0.4942159652709961,0.021160411834716796
sqrt,5,0.0464159,0.1,5,0.5466666666666666,0.09854496999396324,476,0.4666666666666667,0.5166666666666667,0.4666666666666667,0.55,0.7333333333333334,0.4999884605407715,0.02104463577270508
sqrt,5,0.0464159,0.1,10,0.6,0.0924962461700774,315,0.4666666666666667,0.6166666666666667,0.5333333333333333,0.65,0.7333333333333334,0.5031477451324463,0.020985746383666994
sqrt,5,0.0464159,0.1,20,0.6733333333333333,0.12587471725666138,72,0.6333333333333333,0.45,0.8166666666666667,0.7333333333333334,0.7333333333333334,0.5024408817291259,0.02130751609802246
sqrt,5,0.0464159,0.1,50,0.6566666666666666,0.17178798302300166,101,0.65,0.3333333333333333,0.7333333333333334,0.8333333333333333,0.7333333333333334,0.5122601509094238,0.021103477478027342
sqrt,5,0.0464159,0.3,5,0.6066666666666667,0.12543258481484518,280,0.45,0.7166666666666667,0.4666666666666667,0.75,0.65,0.5006428718566894,0.02089557647705078
sqrt,5,0.0464159,0.3,10,0.6,0.12247448713915891,315,0.55,0.43333333333333335,0.5333333333333333,0.75,0.7333333333333334,0.5020263195037842,0.02098193168640137
sqrt,5,0.0464159,0.3,20,0.6766666666666666,0.08273115763993906,47,0.6333333333333333,0.5333333333333333,0.7333333333333334,0.75,0.7333333333333334,0.5025386333465576,0.021146297454833984
sqrt,5,0.0464159,0.3,50,0.7133333333333333,0.07483314773547882,6,0.6333333333333333,0.6333333333333333,0.7333333333333334,0.8333333333333333,0.7333333333333334,0.5057273387908936,0.021121978759765625
sqrt,5,0.0464159,0.5,5,0.6166666666666667,0.08096638534327415,255,0.5333333333333333,0.65,0.5166666666666667,0.65,0.7333333333333334,0.49703340530395507,0.021213674545288087
sqrt,5,0.0464159,0.5,10,0.6366666666666666,0.06359594676112973,195,0.5333333333333333,0.65,0.6333333333333333,0.7333333333333334,0.6333333333333333,0.5021381378173828,0.02144789695739746
sqrt,5,0.0464159,0.5,20,0.6199999999999999,0.07257180352359081,246,0.5333333333333333,0.65,0.6333333333333333,0.7333333333333334,0.55,0.5037860870361328,0.021196937561035155
sqrt,5,0.0464159,0.5,50,0.74,0.13767917618708922,3,0.7166666666666667,0.7333333333333334,0.6166666666666667,1.0,0.6333333333333333,0.5079400539398193,0.021172761917114258
sqrt,5,0.0464159,0.7,5,0.5333333333333332,0.0936897954837013,579,0.45,0.5,0.45,0.7,0.5666666666666667,0.4779653072357178,0.020996999740600587
sqrt,5,0.0464159,0.7,10,0.5333333333333332,0.0936897954837013,579,0.45,0.5,0.45,0.7,0.5666666666666667,0.482268238067627,0.02127413749694824
sqrt,5,0.0464159,0.7,20,0.42333333333333334,0.04027681991198192,782,0.45,0.4166666666666667,0.35,0.43333333333333335,0.4666666666666667,0.4796919822692871,0.021145153045654296
sqrt,5,0.0464159,0.7,50,0.5166666666666667,0.06749485577105528,649,0.5333333333333333,0.5166666666666667,0.45,0.6333333333333333,0.45,0.4882803916931152,0.020986557006835938
sqrt,5,0.0464159,0.9,5,0.5333333333333332,0.0936897954837013,579,0.45,0.5,0.45,0.7,0.5666666666666667,0.47840490341186526,0.021064186096191408
sqrt,5,0.0464159,0.9,10,0.5333333333333332,0.0936897954837013,579,0.45,0.5,0.45,0.7,0.5666666666666667,0.4784976959228516,0.021353864669799806
sqrt,5,0.0464159,0.9,20,0.42333333333333334,0.04027681991198192,782,0.45,0.4166666666666667,0.35,0.43333333333333335,0.4666666666666667,0.48551249504089355,0.021392965316772462
sqrt,5,0.0464159,0.9,50,0.5166666666666667,0.06749485577105528,649,0.5333333333333333,0.5166666666666667,0.45,0.6333333333333333,0.45,0.48346996307373047,0.02110295295715332
sqrt,5,0.16681,0.1,5,0.4666666666666667,0.05868938953886336,752,0.4666666666666667,0.5166666666666667,0.3666666666666667,0.45,0.5333333333333333,0.5310979843139648,0.021166467666625978
sqrt,5,0.16681,0.1,10,0.5766666666666668,0.07859884081701067,399,0.5333333333333333,0.5333333333333333,0.5333333333333333,0.55,0.7333333333333334,0.5339620590209961,0.021164989471435545
sqrt,5,0.16681,0.1,20,0.6033333333333333,0.10614455552060437,292,0.6333333333333333,0.43333333333333335,0.55,0.75,0.65,0.5342966079711914,0.021058034896850587
sqrt,5,0.16681,0.1,50,0.5766666666666668,0.13523641850067197,399,0.55,0.4166666666666667,0.45,0.7333333333333334,0.7333333333333334,0.5414960861206055,0.02125720977783203
sqrt,5,0.16681,0.3,5,0.55,0.12605113600792694,468,0.4666666666666667,0.5166666666666667,0.3833333333333333,0.65,0.7333333333333334,0.5351978778839112,0.021261930465698242
sqrt,5,0.16681,0.3,10,0.6033333333333333,0.10456258094238749,292,0.4666666666666667,0.5333333333333333,0.7166666666666667,0.5666666666666667,0.7333333333333334,0.5373939037322998,0.02120356559753418
sqrt,5,0.16681,0.3,20,0.6533333333333333,0.11990737165736634,131,0.7333333333333334,0.43333333333333335,0.6166666666666667,0.75,0.7333333333333334,0.5389352321624756,0.021063804626464844
sqrt,5,0.16681,0.3,50,0.62,0.09966610925150703,231,0.55,0.5333333333333333,0.5333333333333333,0.75,0.7333333333333334,0.5442422389984131,0.021167182922363283
sqrt,5,0.16681,0.5,5,0.62,0.1132352516764202,231,0.6333333333333333,0.5166666666666667,0.4666666666666667,0.75,0.7333333333333334,0.5331395626068115,0.020959997177124025
sqrt,5,0.16681,0.5,10,0.6,0.0924962461700774,315,0.4666666666666667,0.6166666666666667,0.5333333333333333,0.65,0.7333333333333334,0.5344250202178955,0.020996570587158203
sqrt,5,0.16681,0.5,20,0.6733333333333333,0.1335830993967592,72,0.6333333333333333,0.43333333333333335,0.8166666666666667,0.75,0.7333333333333334,0.5362963676452637,0.021105289459228516
sqrt,5,0.16681,0.5,50,0.7433333333333334,0.04666666666666664,2,0.7333333333333334,0.7,0.7166666666666667,0.8333333333333333,0.7333333333333334,0.5409665584564209,0.020971298217773438
sqrt,5,0.16681,0.7,5,0.5433333333333333,0.10143416036468628,497,0.45,0.5166666666666667,0.4666666666666667,0.55,0.7333333333333334,0.540107011795044,0.021145391464233398
sqrt,5,0.16681,0.7,10,0.5933333333333334,0.07717224601860151,341,0.55,0.5166666666666667,0.6166666666666667,0.55,0.7333333333333334,0.5425873279571534,0.02093062400817871
sqrt,5,0.16681,0.7,20,0.6166666666666667,0.11450376024878448,255,0.55,0.43333333333333335,0.6333333333333333,0.7333333333333334,0.7333333333333334,0.541568660736084,0.020951128005981444
sqrt,5,0.16681,0.7,50,0.6933333333333334,0.0958007190879994,20,0.55,0.6333333333333333,0.7166666666666667,0.8333333333333333,0.7333333333333334,0.546460485458374,0.021198129653930663
sqrt,5,0.16681,0.9,5,0.55,0.10055402085998906,468,0.45,0.55,0.4666666666666667,0.55,0.7333333333333334,0.5450182437896729,0.02101411819458008
sqrt,5,0.16681,0.9,10,0.6166666666666667,0.10274023338281627,255,0.55,0.5166666666666667,0.5333333333333333,0.75,0.7333333333333334,0.5472888946533203,0.02094864845275879
sqrt,5,0.16681,0.9,20,0.6366666666666667,0.08589399151150084,174,0.55,0.5333333333333333,0.6333333333333333,0.7333333333333334,0.7333333333333334,0.5486380100250244,0.021298599243164063
sqrt,5,0.16681,0.9,50,0.7066666666666668,0.037416573867739444,16,0.7166666666666667,0.6333333333333333,0.7166666666666667,0.7333333333333334,0.7333333333333334,0.5527558326721191,0.021146011352539063
sqrt,5,0.599484,0.1,5,0.5033333333333333,0.09683892697555967,672,0.5333333333333333,0.43333333333333335,0.3666666666666667,0.65,0.5333333333333333,0.6116824150085449,0.021063756942749024
sqrt,5,0.599484,0.1,10,0.5833333333333334,0.08881941729649487,369,0.55,0.6166666666666667,0.4666666666666667,0.55,0.7333333333333334,0.6100212097167969,0.021180152893066406
sqrt,5,0.599484,0.1,20,0.6699999999999999,0.10666666666666663,91,0.6333333333333333,0.5166666666666667,0.6333333333333333,0.8333333333333333,0.7333333333333334,0.6152713298797607,0.02176532745361328
sqrt,5,0.599484,0.1,50,0.6033333333333333,0.20396078054371142,292,0.7333333333333334,0.3333333333333333,0.3833333333333333,0.8333333333333333,0.7333333333333334,0.6174532413482666,0.02113800048828125
sqrt,5,0.599484,0.3,5,0.43,0.09741092797468306,765,0.5333333333333333,0.5166666666666667,0.3833333333333333,0.45,0.26666666666666666,0.62397141456604,0.021277093887329103
sqrt,5,0.599484,0.3,10,0.5633333333333332,0.08969082698049143,439,0.5333333333333333,0.5333333333333333,0.4666666666666667,0.55,0.7333333333333334,0.6287702083587646,0.02124505043029785
sqrt,5,0.599484,0.3,20,0.66,0.09695359714832659,93,0.55,0.5333333333333333,0.7333333333333334,0.75,0.7333333333333334,0.6283121109008789,0.021240758895874023
sqrt,5,0.599484,0.3,50,0.5833333333333334,0.20602049520483257,369,0.6333333333333333,0.25,0.4666666666666667,0.8333333333333333,0.7333333333333334,0.633128023147583,0.02135939598083496
sqrt,5,0.599484,0.5,5,0.47000000000000003,0.153260852434302,745,0.3666666666666667,0.5166666666666667,0.2833333333333333,0.45,0.7333333333333334,0.6443244934082031,0.021159982681274413
sqrt,5,0.599484,0.5,10,0.6,0.07527726527090811,315,0.55,0.5333333333333333,0.6333333333333333,0.55,0.7333333333333334,0.6481181144714355,0.021099281311035157
sqrt,5,0.599484,0.5,20,0.6366666666666667,0.13920408678547397,174,0.55,0.43333333333333335,0.6333333333333333,0.8333333333333333,0.7333333333333334,0.6480936527252197,0.021175909042358398
sqrt,5,0.599484,0.5,50,0.6733333333333335,0.07644896627453145,66,0.7333333333333334,0.6166666666666667,0.55,0.7333333333333334,0.7333333333333334,0.6547852993011475,0.021314620971679688
sqrt,5,0.599484,0.7,5,0.49000000000000005,0.12631530214330947,695,0.3666666666666667,0.43333333333333335,0.4666666666666667,0.45,0.7333333333333334,0.646863603591919,0.02116527557373047
sqrt,5,0.599484,0.7,10,0.6033333333333333,0.09333333333333335,292,0.4666666666666667,0.5333333333333333,0.6333333333333333,0.65,0.7333333333333334,0.6489201068878174,0.021183156967163087
sqrt,5,0.599484,0.7,20,0.6133333333333334,0.07630348761506399,277,0.55,0.5166666666666667,0.6166666666666667,0.65,0.7333333333333334,0.6493423461914063,0.02115483283996582
sqrt,5,0.599484,0.7,50,0.6933333333333334,0.05011098792790971,20,0.7333333333333334,0.6166666666666667,0.65,0.7333333333333334,0.7333333333333334,0.6545984745025635,0.021103048324584962
sqrt,5,0.599484,0.9,5,0.5333333333333333,0.14337208778404376,577,0.3666666666666667,0.43333333333333335,0.4666666666666667,0.75,0.65,0.6950318813323975,0.02126150131225586
sqrt,5,0.599484,0.9,10,0.6033333333333333,0.09333333333333335,292,0.4666666666666667,0.5333333333333333,0.6333333333333333,0.65,0.7333333333333334,0.6988141059875488,0.021025371551513673
sqrt,5,0.599484,0.9,20,0.65,0.1120515754264774,142,0.6333333333333333,0.5166666666666667,0.8166666666666667,0.55,0.7333333333333334,0.7009244918823242,0.02118682861328125
sqrt,5,0.599484,0.9,50,0.7100000000000001,0.047842333648024406,10,0.7333333333333334,0.6166666666666667,0.7166666666666667,0.75,0.7333333333333334,0.7068303108215332,0.021281957626342773
sqrt,5,2.15443,0.1,5,0.5766666666666665,0.09752492558885198,402,0.5333333333333333,0.6333333333333333,0.45,0.7333333333333334,0.5333333333333333,0.7308272838592529,0.021077728271484374
sqrt,5,2.15443,0.1,10,0.5833333333333334,0.09189365834726815,369,0.6333333333333333,0.5333333333333333,0.4666666666666667,0.55,0.7333333333333334,0.7345592021942139,0.021103954315185545
sqrt,5,2.15443,0.1,20,0.6533333333333333,0.08393118874676114,131,0.6333333333333333,0.5166666666666667,0.6333333333333333,0.75,0.7333333333333334,0.7334891796112061,0.02110128402709961
sqrt,5,2.15443,0.1,50,0.5466666666666666,0.16845705024657706,476,0.55,0.3333333333333333,0.3833333333333333,0.7333333333333334,0.7333333333333334,0.7429317951202392,0.02113957405090332
sqrt,5,2.15443,0.3,5,0.41000000000000003,0.08919392106839767,799,0.5333333333333333,0.43333333333333335,0.3666666666666667,0.45,0.26666666666666666,0.7786273002624512,0.021123933792114257
sqrt,5,2.15443,0.3,10,0.5700000000000001,0.0852447456836295,406,0.55,0.5333333333333333,0.48333333333333334,0.55,0.7333333333333334,0.7812759876251221,0.021036672592163085
sqrt,5,2.15443,0.3,20,0.6733333333333333,0.05637178175095922,72,0.6333333333333333,0.6166666666666667,0.6333333333333333,0.75,0.7333333333333334,0.785593843460083,0.020971059799194336
sqrt,5,2.15443,0.3,50,0.6233333333333333,0.14892205269125783,216,0.6333333333333333,0.45,0.4666666666666667,0.8333333333333333,0.7333333333333334,0.7877293109893799,0.021286201477050782
sqrt,5,2.15443,0.5,5,0.45,0.0960324019392529,757,0.5333333333333333,0.5166666666666667,0.48333333333333334,0.45,0.26666666666666666,0.8402623176574707,0.021025753021240233
sqrt,5,2.15443,0.5,10,0.5666666666666667,0.08628119403696526,414,0.5333333333333333,0.5333333333333333,0.48333333333333334,0.55,0.7333333333333334,0.8432493209838867,0.021027231216430665
sqrt,5,2.15443,0.5,20,0.6533333333333333,0.04136557881996955,131,0.6333333333333333,0.6166666666666667,0.6333333333333333,0.65,0.7333333333333334,0.8454038143157959,0.021065235137939453
sqrt,5,2.15443,0.5,50,0.6333333333333334,0.09006170724070865,199,0.6333333333333333,0.5166666666666667,0.55,0.7333333333333334,0.7333333333333334,0.850827407836914,0.02113761901855469
sqrt,5,2.15443,0.7,5,0.5033333333333333,0.14506703431325965,672,0.5333333333333333,0.5166666666666667,0.2833333333333333,0.45,0.7333333333333334,0.8924885272979737,0.021254253387451173
sqrt,5,2.15443,0.7,10,0.5866666666666667,0.08781293248212994,351,0.6333333333333333,0.5333333333333333,0.48333333333333334,0.55,0.7333333333333334,0.8925617218017579,0.021211862564086914
sqrt,5,2.15443,0.7,20,0.6366666666666667,0.05906681715556451,174,0.6333333333333333,0.6166666666666667,0.55,0.65,0.7333333333333334,0.8920711040496826,0.020960903167724608
sqrt,5,2.15443,0.7,50,0.62,0.14884742374510737,231,0.8166666666666667,0.43333333333333335,0.4666666666666667,0.65,0.7333333333333334,0.8958684921264648,0.021100854873657225
sqrt,5,2.15443,0.9,5,0.49000000000000005,0.14476033833738977,695,0.4666666666666667,0.5166666666666667,0.2833333333333333,0.45,0.7333333333333334,0.8762724876403809,0.02102217674255371
sqrt,5,2.15443,0.9,10,0.5633333333333332,0.06863753427324668,439,0.5333333333333333,0.5333333333333333,0.4666666666666667,0.6333333333333333,0.65,0.8770343780517578,0.021083307266235352
sqrt,5,2.15443,0.9,20,0.62,0.07257180352359081,231,0.55,0.5333333333333333,0.6333333333333333,0.65,0.7333333333333334,0.8792114734649659,0.02117314338684082
sqrt,5,2.15443,0.9,50,0.6433333333333333,0.13848385385227327,143,0.7333333333333334,0.6166666666666667,0.3833333333333333,0.75,0.7333333333333334,0.8809853076934815,0.02108793258666992
sqrt,5,7.74264,0.1,5,0.5066666666666666,0.1515109090315135,671,0.5333333333333333,0.55,0.45,0.7333333333333334,0.26666666666666666,0.791248083114624,0.021294927597045897
sqrt,5,7.74264,0.1,10,0.5633333333333334,0.14847371634213394,426,0.45,0.5333333333333333,0.3666666666666667,0.7333333333333334,0.7333333333333334,0.7951289176940918,0.021442222595214843
sqrt,5,7.74264,0.1,20,0.5333333333333334,0.1882669499525725,540,0.3666666666666667,0.5333333333333333,0.2833333333333333,0.75,0.7333333333333334,0.7971081256866455,0.02107577323913574
sqrt,5,7.74264,0.1,50,0.5966666666666667,0.12174654911833117,337,0.55,0.4166666666666667,0.55,0.7333333333333334,0.7333333333333334,0.7991905689239502,0.021058416366577147
sqrt,5,7.74264,0.3,5,0.5733333333333333,0.09225568335398698,405,0.5333333333333333,0.6333333333333333,0.45,0.7166666666666667,0.5333333333333333,0.9799827575683594,0.021191167831420898
sqrt,5,7.74264,0.3,10,0.55,0.12736648783028534,468,0.6333333333333333,0.3666666666666667,0.4666666666666667,0.55,0.7333333333333334,0.980745792388916,0.02123560905456543
sqrt,5,7.74264,0.3,20,0.6766666666666666,0.09104333522498441,47,0.6333333333333333,0.5166666666666667,0.75,0.75,0.7333333333333334,0.9854742527008057,0.021091938018798828
sqrt,5,7.74264,0.3,50,0.6166666666666667,0.14794894014114762,255,0.55,0.4166666666666667,0.55,0.8333333333333333,0.7333333333333334,0.9898228645324707,0.02109866142272949
sqrt,5,7.74264,0.5,5,0.41000000000000003,0.08919392106839767,799,0.5333333333333333,0.43333333333333335,0.3666666666666667,0.45,0.26666666666666666,1.0284439086914063,0.020942306518554686
sqrt,5,7.74264,0.5,10,0.5533333333333333,0.1161416759345623,463,0.55,0.3666666666666667,0.5666666666666667,0.55,0.7333333333333334,1.0240031719207763,0.021228933334350587
sqrt,5,7.74264,0.5,20,0.6766666666666666,0.054365021434333645,47,0.6333333333333333,0.6166666666666667,0.65,0.75,0.7333333333333334,1.030549907684326,0.021178007125854492
sqrt,5,7.74264,0.5,50,0.62,0.14352700094407322,231,0.55,0.43333333333333335,0.55,0.8333333333333333,0.7333333333333334,1.0253875255584717,0.021184396743774415
sqrt,5,7.74264,0.7,5,0.4533333333333333,0.11709445380166862,755,0.6333333333333333,0.43333333333333335,0.48333333333333334,0.45,0.26666666666666666,1.1012912273406983,0.02127676010131836
sqrt,5,7.74264,0.7,10,0.55,0.09831920802501752,468,0.5333333333333333,0.45,0.48333333333333334,0.55,0.7333333333333334,1.1075572967529297,0.0210693359375
sqrt,5,7.74264,0.7,20,0.6399999999999999,0.06377042156569666,165,0.6333333333333333,0.5333333333333333,0.65,0.65,0.7333333333333334,1.1064340591430664,0.021086359024047853
sqrt,5,7.74264,0.7,50,0.5800000000000001,0.17869900204906947,382,0.6333333333333333,0.25,0.55,0.7333333333333334,0.7333333333333334,1.1118974208831787,0.02105684280395508
sqrt,5,7.74264,0.9,5,0.4333333333333333,0.09006170724070864,763,0.5333333333333333,0.43333333333333335,0.48333333333333334,0.45,0.26666666666666666,1.2065331935882568,0.022232484817504884
sqrt,5,7.74264,0.9,10,0.6166666666666666,0.07149203529842406,268,0.6333333333333333,0.5333333333333333,0.55,0.6333333333333333,0.7333333333333334,1.1982277870178222,0.02144021987915039
sqrt,5,7.74264,0.9,20,0.6199999999999999,0.07257180352359081,246,0.6333333333333333,0.5333333333333333,0.65,0.55,0.7333333333333334,1.1982716560363769,0.021003103256225585
sqrt,5,7.74264,0.9,50,0.6066666666666667,0.19961073228773157,280,0.7333333333333334,0.35,0.3833333333333333,0.8333333333333333,0.7333333333333334,1.2059213161468505,0.022769689559936523
sqrt,5,27.8256,0.1,5,0.4833333333333334,0.1520233900132184,702,0.5333333333333333,0.43333333333333335,0.45,0.7333333333333334,0.26666666666666666,0.8009719848632812,0.02119765281677246
sqrt,5,27.8256,0.1,10,0.6,0.1646545204697129,315,0.5333333333333333,0.5333333333333333,0.3666666666666667,0.8333333333333333,0.7333333333333334,0.8057550430297852,0.02113656997680664
sqrt,5,27.8256,0.1,20,0.5900000000000001,0.13686976778431875,343,0.55,0.5333333333333333,0.3833333333333333,0.75,0.7333333333333334,0.8048200607299805,0.021077537536621095
sqrt,5,27.8256,0.1,50,0.5800000000000001,0.1480990659434871,382,0.55,0.3333333333333333,0.55,0.7333333333333334,0.7333333333333334,0.8106106281280517,0.02109818458557129
sqrt,5,27.8256,0.3,5,0.49333333333333335,0.15656024754423173,694,0.5333333333333333,0.55,0.2833333333333333,0.7333333333333334,0.3666666666666667,0.9478228092193604,0.021393394470214842
sqrt,5,27.8256,0.3,10,0.5633333333333334,0.14847371634213394,426,0.45,0.5333333333333333,0.3666666666666667,0.7333333333333334,0.7333333333333334,0.946799898147583,0.02124156951904297
sqrt,5,27.8256,0.3,20,0.5533333333333333,0.1644519517805868,463,0.3666666666666667,0.5333333333333333,0.3833333333333333,0.75,0.7333333333333334,0.9446327209472656,0.021318578720092775
sqrt,5,27.8256,0.3,50,0.5966666666666667,0.12174654911833117,337,0.55,0.4166666666666667,0.55,0.7333333333333334,0.7333333333333334,0.9503333091735839,0.021123933792114257
sqrt,5,27.8256,0.5,5,0.4699999999999999,0.1634353422950835,750,0.5333333333333333,0.6333333333333333,0.2833333333333333,0.6333333333333333,0.26666666666666666,1.1453357696533204,0.020974111557006837
sqrt,5,27.8256,0.5,10,0.5800000000000001,0.12174654911833116,382,0.6333333333333333,0.6166666666666667,0.3666666666666667,0.55,0.7333333333333334,1.1471271514892578,0.02100715637207031
sqrt,5,27.8256,0.5,20,0.6766666666666666,0.054365021434333645,47,0.6333333333333333,0.6166666666666667,0.65,0.75,0.7333333333333334,1.1480780124664307,0.021154356002807618
sqrt,5,27.8256,0.5,50,0.55,0.17224014243685087,468,0.55,0.3333333333333333,0.3833333333333333,0.75,0.7333333333333334,1.1512862205505372,0.021052169799804687
sqrt,5,27.8256,0.7,5,0.5199999999999999,0.15542057635833023,647,0.5333333333333333,0.6333333333333333,0.45,0.7166666666666667,0.26666666666666666,1.209050178527832,0.021124982833862306
sqrt,5,27.8256,0.7,10,0.5333333333333334,0.12064640713902573,540,0.55,0.3666666666666667,0.4666666666666667,0.55,0.7333333333333334,1.2256173610687255,0.021170663833618163
sqrt,5,27.8256,0.7,20,0.6366666666666667,0.13515423288475525,174,0.6333333333333333,0.5166666666666667,0.4666666666666667,0.8333333333333333,0.7333333333333334,1.2117298603057862,0.021018314361572265
sqrt,5,27.8256,0.7,50,0.6199999999999999,0.15289793254906284,246,0.6333333333333333,0.43333333333333335,0.4666666666666667,0.8333333333333333,0.7333333333333334,1.215788221359253,0.021273708343505858
sqrt,5,27.8256,0.9,5,0.4666666666666666,0.1206464071390257,753,0.5333333333333333,0.6333333333333333,0.45,0.45,0.26666666666666666,1.2077845573425292,0.021110105514526366
sqrt,5,27.8256,0.9,10,0.5333333333333334,0.12064640713902573,540,0.55,0.3666666666666667,0.4666666666666667,0.55,0.7333333333333334,1.2101463794708252,0.02120037078857422
sqrt,5,27.8256,0.9,20,0.6933333333333334,0.08069145624606801,20,0.6333333333333333,0.6166666666666667,0.65,0.8333333333333333,0.7333333333333334,1.227609395980835,0.02111926078796387
sqrt,5,27.8256,0.9,50,0.5833333333333334,0.17638342073763935,369,0.55,0.43333333333333335,0.3666666666666667,0.8333333333333333,0.7333333333333334,1.21714243888855,0.021343994140625
sqrt,5,100.0,0.1,5,0.5066666666666667,0.127627931460511,670,0.55,0.43333333333333335,0.45,0.7333333333333334,0.3666666666666667,0.8523131370544433,0.021208953857421876
sqrt,5,100.0,0.1,10,0.58,0.17619433715203348,393,0.5333333333333333,0.4166666666666667,0.3833333333333333,0.8333333333333333,0.7333333333333334,0.853075361251831,0.021190738677978514
sqrt,5,100.0,0.1,20,0.5900000000000001,0.14476033833738977,343,0.4666666666666667,0.6166666666666667,0.3833333333333333,0.75,0.7333333333333334,0.8541277408599853,0.02116103172302246
sqrt,5,100.0,0.1,50,0.58,0.18239152027072603,393,0.55,0.3333333333333333,0.45,0.8333333333333333,0.7333333333333334,0.8567033767700195,0.02119889259338379
sqrt,5,100.0,0.3,5,0.4833333333333334,0.1520233900132184,702,0.5333333333333333,0.43333333333333335,0.45,0.7333333333333334,0.26666666666666666,0.8580887794494629,0.02106199264526367
sqrt,5,100.0,0.3,10,0.5833333333333334,0.17448336437736534,369,0.5333333333333333,0.45,0.3666666666666667,0.8333333333333333,0.7333333333333334,0.8622960567474365,0.021196365356445312
sqrt,5,100.0,0.3,20,0.5733333333333334,0.14552586635295384,403,0.4666666666666667,0.5333333333333333,0.3833333333333333,0.75,0.7333333333333334,0.8628377914428711,0.02117953300476074
sqrt,5,100.0,0.3,50,0.6166666666666667,0.14794894014114762,255,0.55,0.4166666666666667,0.55,0.8333333333333333,0.7333333333333334,0.8679616451263428,0.02143254280090332
sqrt,5,100.0,0.5,5,0.4833333333333334,0.1520233900132184,702,0.5333333333333333,0.43333333333333335,0.45,0.7333333333333334,0.26666666666666666,0.8920474529266358,0.02112689018249512
sqrt,5,100.0,0.5,10,0.6,0.1646545204697129,315,0.5333333333333333,0.5333333333333333,0.3666666666666667,0.8333333333333333,0.7333333333333334,0.9029894828796386,0.020887231826782225
sqrt,5,100.0,0.5,20,0.5900000000000001,0.13686976778431875,343,0.55,0.5333333333333333,0.3833333333333333,0.75,0.7333333333333334,0.8989109039306641,0.02124013900756836
sqrt,5,100.0,0.5,50,0.6,0.17224014243685085,315,0.55,0.3333333333333333,0.55,0.8333333333333333,0.7333333333333334,0.8989748001098633,0.02119302749633789
sqrt,5,100.0,0.7,5,0.4833333333333334,0.1520233900132184,702,0.5333333333333333,0.43333333333333335,0.45,0.7333333333333334,0.26666666666666666,0.9379410743713379,0.021127843856811525
sqrt,5,100.0,0.7,10,0.5800000000000001,0.17713773674115227,382,0.5333333333333333,0.43333333333333335,0.3666666666666667,0.8333333333333333,0.7333333333333334,0.94295334815979,0.021097564697265626
sqrt,5,100.0,0.7,20,0.5733333333333334,0.14552586635295384,403,0.4666666666666667,0.5333333333333333,0.3833333333333333,0.75,0.7333333333333334,0.9478247165679932,0.02141084671020508
sqrt,5,100.0,0.7,50,0.5800000000000001,0.1793197020841702,382,0.55,0.4166666666666667,0.3666666666666667,0.8333333333333333,0.7333333333333334,0.9504446983337402,0.021137046813964843
sqrt,5,100.0,0.9,5,0.5266666666666666,0.12229290885229428,644,0.5333333333333333,0.55,0.45,0.7333333333333334,0.3666666666666667,1.0054424285888672,0.021054887771606447
sqrt,5,100.0,0.9,10,0.56,0.15114378731672848,445,0.5333333333333333,0.43333333333333335,0.3666666666666667,0.7333333333333334,0.7333333333333334,1.004834270477295,0.021052026748657228
sqrt,5,100.0,0.9,20,0.5900000000000001,0.13686976778431875,343,0.55,0.5333333333333333,0.3833333333333333,0.75,0.7333333333333334,1.0078189849853516,0.021166229248046876
sqrt,5,100.0,0.9,50,0.6166666666666667,0.14794894014114762,255,0.55,0.4166666666666667,0.55,0.8333333333333333,0.7333333333333334,1.01279559135437,0.021225452423095703
0.3,1,0.001,0.1,5,0.5366666666666667,0.057154760664940824,505,0.55,0.6166666666666667,0.45,0.5,0.5666666666666667,0.4833385467529297,0.02138543128967285
0.3,1,0.001,0.1,10,0.5333333333333334,0.06912147117775906,540,0.45,0.6,0.45,0.6,0.5666666666666667,0.49565801620483396,0.021268796920776368
0.3,1,0.001,0.1,20,0.47666666666666674,0.09695359714832659,728,0.55,0.35,0.55,0.3666666666666667,0.5666666666666667,0.5019156455993652,0.021268463134765624
0.3,1,0.001,0.1,50,0.5,0.08881941729649487,674,0.5333333333333333,0.6166666666666667,0.35,0.5333333333333333,0.4666666666666667,0.515780258178711,0.0212526798248291
0.3,1,0.001,0.3,5,0.5366666666666667,0.057154760664940824,505,0.55,0.6166666666666667,0.45,0.5,0.5666666666666667,0.4816234588623047,0.021418142318725585
0.3,1,0.001,0.3,10,0.5333333333333334,0.06912147117775906,540,0.45,0.6,0.45,0.6,0.5666666666666667,0.4874695301055908,0.0210970401763916
0.3,1,0.001,0.3,20,0.47666666666666674,0.09695359714832659,728,0.55,0.35,0.55,0.3666666666666667,0.5666666666666667,0.5011772155761719,0.021303272247314452
0.3,1,0.001,0.3,50,0.5,0.08881941729649487,674,0.5333333333333333,0.6166666666666667,0.35,0.5333333333333333,0.4666666666666667,0.5174100399017334,0.021384716033935547
0.3,1,0.001,0.5,5,0.5366666666666667,0.057154760664940824,505,0.55,0.6166666666666667,0.45,0.5,0.5666666666666667,0.484051513671875,0.021502351760864256
0.3,1,0.001,0.5,10,0.5333333333333334,0.06912147117775906,540,0.45,0.6,0.45,0.6,0.5666666666666667,0.4880532741546631,0.021732521057128907
0.3,1,0.001,0.5,20,0.47666666666666674,0.09695359714832659,728,0.55,0.35,0.55,0.3666666666666667,0.5666666666666667,0.5004662990570068,0.021215343475341798
0.3,1,0.001,0.5,50,0.5,0.08881941729649487,674,0.5333333333333333,0.6166666666666667,0.35,0.5333333333333333,0.4666666666666667,0.5165698528289795,0.0213897705078125
0.3,1,0.001,0.7,5,0.5366666666666667,0.057154760664940824,505,0.55,0.6166666666666667,0.45,0.5,0.5666666666666667,0.48430891036987306,0.02151799201965332
0.3,1,0.001,0.7,10,0.5333333333333334,0.06912147117775906,540,0.45,0.6,0.45,0.6,0.5666666666666667,0.4895200252532959,0.021169662475585938
0.3,1,0.001,0.7,20,0.47666666666666674,0.09695359714832659,728,0.55,0.35,0.55,0.3666666666666667,0.5666666666666667,0.5002974033355713,0.021446084976196288
0.3,1,0.001,0.7,50,0.5,0.08881941729649487,674,0.5333333333333333,0.6166666666666667,0.35,0.5333333333333333,0.4666666666666667,0.518364953994751,0.021248912811279295
0.3,1,0.001,0.9,5,0.5366666666666667,0.057154760664940824,505,0.55,0.6166666666666667,0.45,0.5,0.5666666666666667,0.4859022617340088,0.021265554428100585
0.3,1,0.001,0.9,10,0.5333333333333334,0.06912147117775906,540,0.45,0.6,0.45,0.6,0.5666666666666667,0.4916172981262207,0.02134218215942383
0.3,1,0.001,0.9,20,0.47666666666666674,0.09695359714832659,728,0.55,0.35,0.55,0.3666666666666667,0.5666666666666667,0.5017507553100586,0.021294260025024415
0.3,1,0.001,0.9,50,0.5,0.08881941729649487,674,0.5333333333333333,0.6166666666666667,0.35,0.5333333333333333,0.4666666666666667,0.518716287612915,0.021487665176391602
0.3,1,0.00359381,0.1,5,0.5366666666666667,0.057154760664940824,505,0.55,0.6166666666666667,0.45,0.5,0.5666666666666667,0.48489913940429685,0.021695423126220702
0.3,1,0.00359381,0.1,10,0.5333333333333334,0.06912147117775906,540,0.45,0.6,0.45,0.6,0.5666666666666667,0.4902814388275146,0.02155013084411621
0.3,1,0.00359381,0.1,20,0.47666666666666674,0.09695359714832659,728,0.55,0.35,0.55,0.3666666666666667,0.5666666666666667,0.502910852432251,0.021512603759765624
0.3,1,0.00359381,0.1,50,0.5,0.08881941729649487,674,0.5333333333333333,0.6166666666666667,0.35,0.5333333333333333,0.4666666666666667,0.5187718868255615,0.021374940872192383
0.3,1,0.00359381,0.3,5,0.5366666666666667,0.057154760664940824,505,0.55,0.6166666666666667,0.45,0.5,0.5666666666666667,0.48410844802856445,0.02137451171875
0.3,1,0.00359381,0.3,10,0.5333333333333334,0.06912147117775906,540,0.45,0.6,0.45,0.6,0.5666666666666667,0.4942060947418213,0.021194601058959962
0.3,1,0.00359381,0.3,20,0.47666666666666674,0.09695359714832659,728,0.55,0.35,0.55,0.3666666666666667,0.5666666666666667,0.5013545036315918,0.021535539627075197
0.3,1,0.00359381,0.3,50,0.5,0.08881941729649487,674,0.5333333333333333,0.6166666666666667,0.35,0.5333333333333333,0.4666666666666667,0.5180534839630127,0.02128777503967285
0.3,1,0.00359381,0.5,5,0.5366666666666667,0.057154760664940824,505,0.55,0.6166666666666667,0.45,0.5,0.5666666666666667,0.48322057723999023,0.0214383602142334
0.3,1,0.00359381,0.5,10,0.5333333333333334,0.06912147117775906,540,0.45,0.6,0.45,0.6,0.5666666666666667,0.49009337425231936,0.021329450607299804
0.3,1,0.00359381,0.5,20,0.47666666666666674,0.09695359714832659,728,0.55,0.35,0.55,0.3666666666666667,0.5666666666666667,0.5034766674041748,0.02158384323120117
0.3,1,0.00359381,0.5,50,0.5,0.08881941729649487,674,0.5333333333333333,0.6166666666666667,0.35,0.5333333333333333,0.4666666666666667,0.5184229850769043,0.021271514892578124
0.3,1,0.00359381,0.7,5,0.5366666666666667,0.057154760664940824,505,0.55,0.6166666666666667,0.45,0.5,0.5666666666666667,0.48382000923156737,0.02126798629760742
0.3,1,0.00359381,0.7,10,0.5333333333333334,0.06912147117775906,540,0.45,0.6,0.45,0.6,0.5666666666666667,0.49026055335998536,0.021294689178466795
0.3,1,0.00359381,0.7,20,0.47666666666666674,0.09695359714832659,728,0.55,0.35,0.55,0.3666666666666667,0.5666666666666667,0.4993297100067139,0.021505260467529298
0.3,1,0.00359381,0.7,50,0.5,0.08881941729649487,674,0.5333333333333333,0.6166666666666667,0.35,0.5333333333333333,0.4666666666666667,0.5160012245178223,0.021226215362548827
0.3,1,0.00359381,0.9,5,0.5366666666666667,0.057154760664940824,505,0.55,0.6166666666666667,0.45,0.5,0.5666666666666667,0.48572587966918945,0.021366691589355467
0.3,1,0.00359381,0.9,10,0.5333333333333334,0.06912147117775906,540,0.45,0.6,0.45,0.6,0.5666666666666667,0.49272861480712893,0.0214022159576416
0.3,1,0.00359381,0.9,20,0.47666666666666674,0.09695359714832659,728,0.55,0.35,0.55,0.3666666666666667,0.5666666666666667,0.5047557353973389,0.02139277458190918
0.3,1,0.00359381,0.9,50,0.5,0.08881941729649487,674,0.5333333333333333,0.6166666666666667,0.35,0.5333333333333333,0.4666666666666667,0.5205269813537597,0.021376895904541015
0.3,1,0.0129155,0.1,5,0.64,0.07498147919467996,150,0.55,0.6333333333333333,0.7166666666666667,0.5666666666666667,0.7333333333333334,0.4932723045349121,0.02116737365722656
0.3,1,0.0129155,0.1,10,0.6599999999999999,0.12183777921664708,94,0.4666666666666667,0.6333333333333333,0.8333333333333333,0.6333333333333333,0.7333333333333334,0.499146556854248,0.021291255950927734
0.3,1,0.0129155,0.1,20,0.6733333333333333,0.09921917377424809,72,0.55,0.6166666666666667,0.8333333333333333,0.6333333333333333,0.7333333333333334,0.5040593147277832,0.021323633193969727
0.3,1,0.0129155,0.1,50,0.6733333333333335,0.11813363431112897,66,0.55,0.5166666666666667,0.8166666666666667,0.75,0.7333333333333334,0.5230097770690918,0.02109971046447754
0.3,1,0.0129155,0.3,5,0.5366666666666667,0.057154760664940824,505,0.55,0.6166666666666667,0.45,0.5,0.5666666666666667,0.48358516693115233,0.021217203140258788
0.3,1,0.0129155,0.3,10,0.5333333333333334,0.06912147117775906,540,0.45,0.6,0.45,0.6,0.5666666666666667,0.49089717864990234,0.021409940719604493
0.3,1,0.0129155,0.3,20,0.47666666666666674,0.09695359714832659,728,0.55,0.35,0.55,0.3666666666666667,0.5666666666666667,0.502446985244751,0.021567153930664062
0.3,1,0.0129155,0.3,50,0.5,0.08881941729649487,674,0.5333333333333333,0.6166666666666667,0.35,0.5333333333333333,0.4666666666666667,0.5188610553741455,0.021323299407958983
0.3,1,0.0129155,0.5,5,0.5366666666666667,0.057154760664940824,505,0.55,0.6166666666666667,0.45,0.5,0.5666666666666667,0.4823752880096436,0.021724224090576172
0.3,1,0.0129155,0.5,10,0.5333333333333334,0.06912147117775906,540,0.45,0.6,0.45,0.6,0.5666666666666667,0.4932384490966797,0.021548938751220704
0.3,1,0.0129155,0.5,20,0.47666666666666674,0.09695359714832659,728,0.55,0.35,0.55,0.3666666666666667,0.5666666666666667,0.5024965763092041,0.021473073959350587
0.3,1,0.0129155,0.5,50,0.5,0.08881941729649487,674,0.5333333333333333,0.6166666666666667,0.35,0.5333333333333333,0.4666666666666667,0.5197135925292968,0.021468305587768556
0.3,1,0.0129155,0.7,5,0.5366666666666667,0.057154760664940824,505,0.55,0.6166666666666667,0.45,0.5,0.5666666666666667,0.48716259002685547,0.021598196029663085
0.3,1,0.0129155,0.7,10,0.5333333333333334,0.06912147117775906,540,0.45,0.6,0.45,0.6,0.5666666666666667,0.48627920150756837,0.021500062942504884
0.3,1,0.0129155,0.7,20,0.47666666666666674,0.09695359714832659,728,0.55,0.35,0.55,0.3666666666666667,0.5666666666666667,0.49904685020446776,0.021153354644775392
0.3,1,0.0129155,0.7,50,0.5,0.08881941729649487,674,0.5333333333333333,0.6166666666666667,0.35,0.5333333333333333,0.4666666666666667,0.5156328678131104,0.021266841888427736
0.3,1,0.0129155,0.9,5,0.5366666666666667,0.057154760664940824,505,0.55,0.6166666666666667,0.45,0.5,0.5666666666666667,0.48238372802734375,0.021575307846069335
0.3,1,0.0129155,0.9,10,0.5333333333333334,0.06912147117775906,540,0.45,0.6,0.45,0.6,0.5666666666666667,0.4877475261688232,0.021395540237426756
0.3,1,0.0129155,0.9,20,0.47666666666666674,0.09695359714832659,728,0.55,0.35,0.55,0.3666666666666667,0.5666666666666667,0.5012403964996338,0.021604204177856447
0.3,1,0.0129155,0.9,50,0.5,0.08881941729649487,674,0.5333333333333333,0.6166666666666667,0.35,0.5333333333333333,0.4666666666666667,0.5168046951293945,0.021432781219482423
0.3,1,0.0464159,0.1,5,0.64,0.07498147919467996,150,0.55,0.7166666666666667,0.5666666666666667,0.6333333333333333,0.7333333333333334,0.5017882823944092,0.021234607696533202
0.3,1,0.0464159,0.1,10,0.6566666666666666,0.074236858171067,101,0.6333333333333333,0.5333333333333333,0.65,0.7333333333333334,0.7333333333333334,0.5081449508666992,0.021547222137451173
0.3,1,0.0464159,0.1,20,0.6533333333333333,0.11709445380166861,131,0.55,0.5166666666666667,0.6333333333333333,0.8333333333333333,0.7333333333333334,0.5136241436004638,0.021465492248535157
0.3,1,0.0464159,0.1,50,0.64,0.13928388277184117,150,0.55,0.43333333333333335,0.65,0.8333333333333333,0.7333333333333334,0.5303905010223389,0.021175336837768555
0.3,1,0.0464159,0.3,5,0.6233333333333334,0.08981462390204988,214,0.55,0.7333333333333334,0.55,0.55,0.7333333333333334,0.5022172927856445,0.021385717391967773
0.3,1,0.0464159,0.3,10,0.67,0.07774602526460403,89,0.6333333333333333,0.5333333333333333,0.7166666666666667,0.7333333333333334,0.7333333333333334,0.508202600479126,0.021228647232055663
0.3,1,0.0464159,0.3,20,0.6900000000000001,0.14476033833738977,32,0.55,0.5166666666666667,0.9166666666666667,0.7333333333333334,0.7333333333333334,0.5135118007659912,0.021199512481689452
0.3,1,0.0464159,0.3,50,0.6933333333333334,0.13605554421305696,20,0.55,0.5166666666666667,0.8333333333333333,0.8333333333333333,0.7333333333333334,0.5314486503601075,0.02115764617919922
0.3,1,0.0464159,0.5,5,0.6166666666666667,0.12605113600792692,255,0.5333333333333333,0.7333333333333334,0.4166666666666667,0.75,0.65,0.5036191463470459,0.02150716781616211
0.3,1,0.0464159,0.5,10,0.6933333333333332,0.09580071908799943,30,0.5333333333333333,0.7333333333333334,0.8166666666666667,0.7333333333333334,0.65,0.5122885227203369,0.021126604080200194
0.3,1,0.0464159,0.5,20,0.6833333333333333,0.14259499757471622,44,0.45,0.65,0.8333333333333333,0.8333333333333333,0.65,0.5196437358856201,0.02122187614440918
0.3,1,0.0464159,0.5,50,0.6199999999999999,0.1411854572303158,246,0.55,0.45,0.5333333333333333,0.8333333333333333,0.7333333333333334,0.5330687046051026,0.021200084686279298
0.3,1,0.0464159,0.7,5,0.5366666666666667,0.057154760664940824,505,0.55,0.6166666666666667,0.45,0.5,0.5666666666666667,0.4829221725463867,0.021179771423339842
0.3,1,0.0464159,0.7,10,0.5333333333333334,0.06912147117775906,540,0.45,0.6,0.45,0.6,0.5666666666666667,0.4939840316772461,0.02131519317626953
0.3,1,0.0464159,0.7,20,0.47666666666666674,0.09695359714832659,728,0.55,0.35,0.55,0.3666666666666667,0.5666666666666667,0.5014519691467285,0.02156515121459961
0.3,1,0.0464159,0.7,50,0.5,0.08881941729649487,674,0.5333333333333333,0.6166666666666667,0.35,0.5333333333333333,0.4666666666666667,0.5175548553466797,0.02143120765686035
0.3,1,0.0464159,0.9,5,0.5366666666666667,0.057154760664940824,505,0.55,0.6166666666666667,0.45,0.5,0.5666666666666667,0.48189730644226075,0.021310901641845702
0.3,1,0.0464159,0.9,10,0.5333333333333334,0.06912147117775906,540,0.45,0.6,0.45,0.6,0.5666666666666667,0.4895359992980957,0.02114071846008301
0.3,1,0.0464159,0.9,20,0.47666666666666674,0.09695359714832659,728,0.55,0.35,0.55,0.3666666666666667,0.5666666666666667,0.5017741680145263,0.02147397994995117
0.3,1,0.0464159,0.9,50,0.5,0.08881941729649487,674,0.5333333333333333,0.6166666666666667,0.35,0.5333333333333333,0.4666666666666667,0.5197545051574707,0.021301078796386718
0.3,1,0.16681,0.1,5,0.5666666666666667,0.12952906151816965,414,0.4666666666666667,0.7166666666666667,0.4666666666666667,0.7333333333333334,0.45,0.5387485027313232,0.021393680572509767
0.3,1,0.16681,0.1,10,0.6933333333333334,0.04294699575575044,20,0.6333333333333333,0.7166666666666667,0.65,0.7333333333333334,0.7333333333333334,0.5397563457489014,0.02119126319885254
0.3,1,0.16681,0.1,20,0.6066666666666667,0.1540562667772179,280,0.4666666666666667,0.43333333333333335,0.5666666666666667,0.8333333333333333,0.7333333333333334,0.5453425884246826,0.021241188049316406
0.3,1,0.16681,0.1,50,0.6566666666666666,0.11430952132988162,101,0.6333333333333333,0.5166666666666667,0.5666666666666667,0.8333333333333333,0.7333333333333334,0.5627726554870606,0.02108345031738281
0.3,1,0.16681,0.3,5,0.6399999999999999,0.05333333333333333,165,0.55,0.7166666666666667,0.65,0.6333333333333333,0.65,0.5395360946655273,0.021362161636352538
0.3,1,0.16681,0.3,10,0.6433333333333333,0.05830951894845301,143,0.55,0.6333333333333333,0.65,0.7333333333333334,0.65,0.545112419128418,0.02140493392944336
0.3,1,0.16681,0.3,20,0.6366666666666667,0.12445436468396309,174,0.55,0.5166666666666667,0.55,0.8333333333333333,0.7333333333333334,0.5492559432983398,0.0213226318359375
0.3,1,0.16681,0.3,50,0.6566666666666666,0.11671427600007726,101,0.55,0.5166666666666667,0.65,0.8333333333333333,0.7333333333333334,0.5675475120544433,0.021578073501586914
0.3,1,0.16681,0.5,5,0.6599999999999999,0.04546060565661953,94,0.6333333333333333,0.6333333333333333,0.75,0.6333333333333333,0.65,0.537091588973999,0.021286916732788087
0.3,1,0.16681,0.5,10,0.6566666666666666,0.0873053390247253,101,0.55,0.7166666666666667,0.55,0.7333333333333334,0.7333333333333334,0.5425852775573731,0.02109527587890625
0.3,1,0.16681,0.5,20,0.6766666666666665,0.10088497300281037,60,0.6333333333333333,0.5333333333333333,0.65,0.8333333333333333,0.7333333333333334,0.5482368469238281,0.021422672271728515
0.3,1,0.16681,0.5,50,0.6333333333333334,0.12692955176439844,199,0.5333333333333333,0.5166666666666667,0.55,0.8333333333333333,0.7333333333333334,0.568595027923584,0.02136855125427246
0.3,1,0.16681,0.7,5,0.6399999999999999,0.06463573143221771,165,0.55,0.6166666666666667,0.75,0.6333333333333333,0.65,0.5429688930511475,0.021284008026123048
0.3,1,0.16681,0.7,10,0.7133333333333333,0.09153020145163984,6,0.55,0.7166666666666667,0.8333333333333333,0.7333333333333334,0.7333333333333334,0.5480647563934327,0.021185922622680663
0.3,1,0.16681,0.7,20,0.6733333333333335,0.07644896627453145,66,0.55,0.6166666666666667,0.7333333333333334,0.7333333333333334,0.7333333333333334,0.5557571411132812,0.021104955673217775
0.3,1,0.16681,0.7,50,0.6366666666666667,0.13960261060914614,174,0.45,0.5166666666666667,0.65,0.8333333333333333,0.7333333333333334,0.571680212020874,0.021192312240600586
0.3,1,0.16681,0.9,5,0.6266666666666667,0.06548960901462834,207,0.55,0.65,0.5666666666666667,0.6333333333333333,0.7333333333333334,0.5476772308349609,0.021222972869873048
0.3,1,0.16681,0.9,10,0.6566666666666666,0.0873053390247253,101,0.55,0.7166666666666667,0.55,0.7333333333333334,0.7333333333333334,0.5537562370300293,0.021398448944091798
0.3,1,0.16681,0.9,20,0.7100000000000001,0.12498888839501784,10,0.55,0.6166666666666667,0.9166666666666667,0.7333333333333334,0.7333333333333334,0.5618884086608886,0.021224451065063477
0.3,1,0.16681,0.9,50,0.6900000000000001,0.10728984626287386,32,0.6333333333333333,0.5166666666666667,0.7333333333333334,0.8333333333333333,0.7333333333333334,0.5790663719177246,0.02130417823791504
0.3,1,0.599484,0.1,5,0.5633333333333334,0.10402991022884824,426,0.5333333333333333,0.65,0.4666666666666667,0.7166666666666667,0.45,0.6132814407348632,0.021362113952636718
0.3,1,0.599484,0.1,10,0.5900000000000001,0.13646326326972483,343,0.3666666666666667,0.55,0.5666666666666667,0.7333333333333334,0.7333333333333334,0.6203136444091797,0.02127413749694824
0.3,1,0.599484,0.1,20,0.6566666666666666,0.11430952132988162,101,0.6333333333333333,0.5166666666666667,0.5666666666666667,0.8333333333333333,0.7333333333333334,0.6225351333618164,0.021215486526489257
0.3,1,0.599484,0.1,50,0.6733333333333333,0.11575836902790222,72,0.7166666666666667,0.5166666666666667,0.5666666666666667,0.8333333333333333,0.7333333333333334,0.6397768020629883,0.02131514549255371
0.3,1,0.599484,0.3,5,0.6200000000000001,0.10402991022884825,227,0.6333333333333333,0.7166666666666667,0.5666666666666667,0.7333333333333334,0.45,0.6307656764984131,0.021423959732055665
0.3,1,0.599484,0.3,10,0.6399999999999999,0.058309518948453015,165,0.6333333333333333,0.6333333333333333,0.55,0.7333333333333334,0.65,0.6342847347259521,0.02143721580505371
0.3,1,0.599484,0.3,20,0.64,0.13928388277184117,150,0.55,0.43333333333333335,0.65,0.8333333333333333,0.7333333333333334,0.6387030601501464,0.02135157585144043
0.3,1,0.599484,0.3,50,0.6733333333333333,0.11575836902790222,72,0.7166666666666667,0.5166666666666667,0.5666666666666667,0.8333333333333333,0.7333333333333334,0.6561386108398437,0.021221065521240236
0.3,1,0.599484,0.5,5,0.5900000000000001,0.14243907079481,343,0.3666666666666667,0.7166666666666667,0.48333333333333334,0.7333333333333334,0.65,0.6507061004638672,0.021342992782592773
0.3,1,0.599484,0.5,10,0.6066666666666667,0.0402768199119819,280,0.55,0.6333333333333333,0.5666666666666667,0.6333333333333333,0.65,0.6568576335906983,0.022529172897338866
0.3,1,0.599484,0.5,20,0.6766666666666666,0.09521904571390465,47,0.6333333333333333,0.6166666666666667,0.5666666666666667,0.8333333333333333,0.7333333333333334,0.6593947887420655,0.021319150924682617
0.3,1,0.599484,0.5,50,0.7066666666666667,0.07930251502246878,17,0.7166666666666667,0.6,0.65,0.8333333333333333,0.7333333333333334,0.6744588375091553,0.02125387191772461
0.3,1,0.599484,0.7,5,0.5700000000000001,0.16172679294277606,406,0.3666666666666667,0.7166666666666667,0.3833333333333333,0.7333333333333334,0.65,0.6524171829223633,0.0213594913482666
0.3,1,0.599484,0.7,10,0.6599999999999999,0.08339997335464537,94,0.55,0.7166666666666667,0.5666666666666667,0.7333333333333334,0.7333333333333334,0.6566076278686523,0.02131509780883789
0.3,1,0.599484,0.7,20,0.6733333333333335,0.07644896627453145,66,0.55,0.6166666666666667,0.7333333333333334,0.7333333333333334,0.7333333333333334,0.6606884956359863,0.021207666397094725
0.3,1,0.599484,0.7,50,0.6933333333333334,0.10883218478209669,20,0.6333333333333333,0.5166666666666667,0.75,0.8333333333333333,0.7333333333333334,0.6774884700775147,0.021373701095581055
0.3,1,0.599484,0.9,5,0.5133333333333334,0.1388044187577134,666,0.3666666666666667,0.7166666666666667,0.3833333333333333,0.6333333333333333,0.4666666666666667,0.7020280361175537,0.021307039260864257
0.3,1,0.599484,0.9,10,0.6233333333333333,0.060184900284225955,216,0.55,0.7166666666666667,0.5666666666666667,0.6333333333333333,0.65,0.7049273490905762,0.021225595474243165
0.3,1,0.599484,0.9,20,0.6733333333333335,0.07644896627453145,66,0.55,0.6166666666666667,0.7333333333333334,0.7333333333333334,0.7333333333333334,0.7124541759490967,0.021242713928222655
0.3,1,0.599484,0.9,50,0.6733333333333333,0.09921917377424809,72,0.6333333333333333,0.6166666666666667,0.55,0.8333333333333333,0.7333333333333334,0.7313968181610108,0.021225929260253906
0.3,1,2.15443,0.1,5,0.5633333333333334,0.10402991022884824,426,0.5333333333333333,0.65,0.4666666666666667,0.7166666666666667,0.45,0.7366703033447266,0.0212155818939209
0.3,1,2.15443,0.1,10,0.64,0.09809292646374776,150,0.6166666666666667,0.65,0.4666666666666667,0.7333333333333334,0.7333333333333334,0.7405041217803955,0.02133769989013672
0.3,1,2.15443,0.1,20,0.6566666666666666,0.11430952132988162,101,0.6333333333333333,0.5166666666666667,0.5666666666666667,0.8333333333333333,0.7333333333333334,0.7457459926605224,0.02129364013671875
0.3,1,2.15443,0.1,50,0.6333333333333334,0.11690451944500123,199,0.7166666666666667,0.5166666666666667,0.4666666666666667,0.7333333333333334,0.7333333333333334,0.7633662700653077,0.02112712860107422
0.3,1,2.15443,0.3,5,0.5633333333333334,0.10666666666666669,426,0.5333333333333333,0.6333333333333333,0.4666666666666667,0.7333333333333334,0.45,0.7846303939819336,0.021355724334716795
0.3,1,2.15443,0.3,10,0.6066666666666667,0.1356465996625054,280,0.3666666666666667,0.6333333333333333,0.5666666666666667,0.7333333333333334,0.7333333333333334,0.7929968357086181,0.02131333351135254
0.3,1,2.15443,0.3,20,0.6566666666666666,0.11430952132988162,101,0.6333333333333333,0.5166666666666667,0.5666666666666667,0.8333333333333333,0.7333333333333334,0.8002698421478271,0.02122783660888672
0.3,1,2.15443,0.3,50,0.64,0.13928388277184117,150,0.55,0.43333333333333335,0.65,0.8333333333333333,0.7333333333333334,0.8188868999481201,0.02126898765563965
0.3,1,2.15443,0.5,5,0.6200000000000001,0.10402991022884825,227,0.6333333333333333,0.7166666666666667,0.5666666666666667,0.7333333333333334,0.45,0.8462594509124756,0.021204280853271484
0.3,1,2.15443,0.5,10,0.6399999999999999,0.008164965809277286,165,0.6333333333333333,0.6333333333333333,0.65,0.6333333333333333,0.65,0.8495100498199463,0.021189546585083006
0.3,1,2.15443,0.5,20,0.6166666666666667,0.0966091783079296,255,0.5333333333333333,0.5166666666666667,0.5666666666666667,0.7333333333333334,0.7333333333333334,0.856503677368164,0.021326446533203126
0.3,1,2.15443,0.5,50,0.6900000000000001,0.10466878978738384,32,0.7166666666666667,0.5166666666666667,0.65,0.8333333333333333,0.7333333333333334,0.8724586963653564,0.021193456649780274
0.3,1,2.15443,0.7,5,0.6433333333333333,0.08856886837057616,143,0.6333333333333333,0.7166666666666667,0.48333333333333334,0.7333333333333334,0.65,0.8898655891418457,0.021348047256469726
0.3,1,2.15443,0.7,10,0.5866666666666667,0.06616477747093069,351,0.6333333333333333,0.6333333333333333,0.48333333333333334,0.5333333333333333,0.65,0.8974302768707275,0.021320438385009764
0.3,1,2.15443,0.7,20,0.6366666666666667,0.08717797887081348,174,0.6333333333333333,0.5166666666666667,0.5666666666666667,0.7333333333333334,0.7333333333333334,0.9034975528717041,0.021017980575561524
0.3,1,2.15443,0.7,50,0.6733333333333332,0.10572501018102468,84,0.6333333333333333,0.5166666666666667,0.65,0.8333333333333333,0.7333333333333334,0.9211619377136231,0.023532867431640625
0.3,1,2.15443,0.9,5,0.6100000000000001,0.11382247385975916,278,0.4666666666666667,0.7166666666666667,0.48333333333333334,0.7333333333333334,0.65,0.8760157108306885,0.02138524055480957
0.3,1,2.15443,0.9,10,0.6166666666666666,0.04346134936801767,268,0.6333333333333333,0.6166666666666667,0.65,0.5333333333333333,0.65,0.881333589553833,0.02179574966430664
0.3,1,2.15443,0.9,20,0.6900000000000001,0.053333333333333365,32,0.6333333333333333,0.6166666666666667,0.7333333333333334,0.7333333333333334,0.7333333333333334,0.8884026050567627,0.021104717254638673
0.3,1,2.15443,0.9,50,0.6900000000000001,0.10466878978738384,32,0.7166666666666667,0.5166666666666667,0.65,0.8333333333333333,0.7333333333333334,0.9087510108947754,0.02147645950317383
0.3,1,7.74264,0.1,5,0.5166666666666667,0.1206464071390257,649,0.5333333333333333,0.5333333333333333,0.35,0.7166666666666667,0.45,0.7993496894836426,0.021536827087402344
0.3,1,7.74264,0.1,10,0.5833333333333333,0.09545214042184237,380,0.5333333333333333,0.5333333333333333,0.4666666666666667,0.7333333333333334,0.65,0.8085066318511963,0.021446895599365235
0.3,1,7.74264,0.1,20,0.6433333333333333,0.12806248474865695,143,0.6333333333333333,0.5333333333333333,0.48333333333333334,0.8333333333333333,0.7333333333333334,0.8108937740325928,0.022664356231689452
0.3,1,7.74264,0.1,50,0.5833333333333334,0.12823589374447564,369,0.55,0.43333333333333335,0.4666666666666667,0.7333333333333334,0.7333333333333334,0.824342679977417,0.021195745468139647
0.3,1,7.74264,0.3,5,0.5633333333333334,0.10402991022884824,426,0.5333333333333333,0.65,0.4666666666666667,0.7166666666666667,0.45,0.9824217796325684,0.021194839477539064
0.3,1,7.74264,0.3,10,0.6233333333333333,0.1072898462628739,216,0.5333333333333333,0.65,0.4666666666666667,0.7333333333333334,0.7333333333333334,0.9866247177124023,0.021254253387451173
0.3,1,7.74264,0.3,20,0.6566666666666666,0.11999999999999998,101,0.5333333333333333,0.5166666666666667,0.6666666666666666,0.8333333333333333,0.7333333333333334,0.9944538593292236,0.021153640747070313
0.3,1,7.74264,0.3,50,0.64,0.13727506854649332,150,0.6333333333333333,0.43333333333333335,0.5666666666666667,0.8333333333333333,0.7333333333333334,1.0171735286712646,0.020972824096679686
0.3,1,7.74264,0.5,5,0.5633333333333334,0.10666666666666669,426,0.5333333333333333,0.6333333333333333,0.4666666666666667,0.7333333333333334,0.45,1.0234753131866454,0.021263694763183592
0.3,1,7.74264,0.5,10,0.5700000000000001,0.14544949486180953,406,0.3666666666666667,0.55,0.4666666666666667,0.7333333333333334,0.7333333333333334,1.027271032333374,0.02120046615600586
0.3,1,7.74264,0.5,20,0.6566666666666666,0.11430952132988162,101,0.6333333333333333,0.5166666666666667,0.5666666666666667,0.8333333333333333,0.7333333333333334,1.032123899459839,0.021214008331298828
0.3,1,7.74264,0.5,50,0.6366666666666667,0.1194431524477928,174,0.7166666666666667,0.43333333333333335,0.5666666666666667,0.7333333333333334,0.7333333333333334,1.0503616333007812,0.021197175979614256
0.3,1,7.74264,0.7,5,0.5833333333333334,0.09545214042184237,369,0.5333333333333333,0.6333333333333333,0.5666666666666667,0.7333333333333334,0.45,1.1077820777893066,0.021387243270874025
0.3,1,7.74264,0.7,10,0.6233333333333333,0.02905932629027116,216,0.6333333333333333,0.6333333333333333,0.5666666666666667,0.6333333333333333,0.65,1.1098076820373535,0.02126655578613281
0.3,1,7.74264,0.7,20,0.6333333333333334,0.08755950357709133,199,0.6166666666666667,0.5166666666666667,0.5666666666666667,0.7333333333333334,0.7333333333333334,1.122930383682251,0.02113232612609863
0.3,1,7.74264,0.7,50,0.6533333333333333,0.09273618495495704,131,0.7166666666666667,0.5166666666666667,0.5666666666666667,0.7333333333333334,0.7333333333333334,1.1403470516204834,0.021257352828979493
0.3,1,7.74264,0.9,5,0.6033333333333333,0.09333333333333335,292,0.6333333333333333,0.6333333333333333,0.5666666666666667,0.7333333333333334,0.45,1.2004339694976807,0.0212003231048584
0.3,1,7.74264,0.9,10,0.5666666666666667,0.08881941729649484,414,0.6333333333333333,0.45,0.4666666666666667,0.6333333333333333,0.65,1.2091125965118408,0.021167659759521486
0.3,1,7.74264,0.9,20,0.6533333333333333,0.09273618495495704,131,0.7166666666666667,0.5166666666666667,0.5666666666666667,0.7333333333333334,0.7333333333333334,1.2105735778808593,0.02123994827270508
0.3,1,7.74264,0.9,50,0.6900000000000001,0.10466878978738384,32,0.7166666666666667,0.5166666666666667,0.65,0.8333333333333333,0.7333333333333334,1.231479024887085,0.022807216644287108
0.3,1,27.8256,0.1,5,0.4800000000000001,0.13678856352455462,707,0.5333333333333333,0.35,0.35,0.7166666666666667,0.45,0.8054794311523438,0.021432924270629882
0.3,1,27.8256,0.1,10,0.54,0.12183777921664711,500,0.43333333333333335,0.43333333333333335,0.4666666666666667,0.7333333333333334,0.6333333333333333,0.8123945713043212,0.021428346633911133
0.3,1,27.8256,0.1,20,0.6599999999999999,0.11035296904831232,94,0.6333333333333333,0.5333333333333333,0.5666666666666667,0.8333333333333333,0.7333333333333334,0.8148512840270996,0.02120661735534668
0.3,1,27.8256,0.1,50,0.6366666666666667,0.13515423288475525,174,0.6333333333333333,0.5166666666666667,0.4666666666666667,0.8333333333333333,0.7333333333333334,0.8347651958465576,0.021496105194091796
0.3,1,27.8256,0.3,5,0.5433333333333333,0.10572501018102472,497,0.5333333333333333,0.5333333333333333,0.3833333333333333,0.7166666666666667,0.55,0.9510238170623779,0.021308422088623047
0.3,1,27.8256,0.3,10,0.5866666666666667,0.11025223605694154,351,0.6333333333333333,0.45,0.4666666666666667,0.7333333333333334,0.65,0.9576034545898438,0.021256637573242188
0.3,1,27.8256,0.3,20,0.5866666666666667,0.19476481543988722,351,0.4666666666666667,0.6166666666666667,0.2833333333333333,0.8333333333333333,0.7333333333333334,0.9585546493530274,0.021224784851074218
0.3,1,27.8256,0.3,50,0.6033333333333333,0.11566234381931649,292,0.55,0.43333333333333335,0.5666666666666667,0.7333333333333334,0.7333333333333334,0.9768075942993164,0.021203947067260743
0.3,1,27.8256,0.5,5,0.5466666666666667,0.09213516640723501,475,0.5333333333333333,0.55,0.48333333333333334,0.7166666666666667,0.45,1.1513042449951172,0.02111053466796875
0.3,1,27.8256,0.5,10,0.6,0.0924962461700774,315,0.6166666666666667,0.5333333333333333,0.4666666666666667,0.7333333333333334,0.65,1.1561745643615722,0.021485519409179688
0.3,1,27.8256,0.5,20,0.6366666666666667,0.13515423288475525,174,0.6333333333333333,0.5166666666666667,0.4666666666666667,0.8333333333333333,0.7333333333333334,1.1616738796234132,0.021221065521240236
0.3,1,27.8256,0.5,50,0.6533333333333333,0.14275075403575901,131,0.7166666666666667,0.43333333333333335,0.55,0.8333333333333333,0.7333333333333334,1.1765771389007569,0.021441030502319335
0.3,1,27.8256,0.7,5,0.5800000000000001,0.09333333333333332,382,0.5333333333333333,0.65,0.55,0.7166666666666667,0.45,1.2165332794189454,0.021191787719726563
0.3,1,27.8256,0.7,10,0.6266666666666667,0.10466878978738388,207,0.55,0.65,0.4666666666666667,0.7333333333333334,0.7333333333333334,1.219960832595825,0.021399307250976562
0.3,1,27.8256,0.7,20,0.6766666666666665,0.10519822558706331,60,0.6333333333333333,0.5166666666666667,0.6666666666666666,0.8333333333333333,0.7333333333333334,1.2213186740875244,0.02113370895385742
0.3,1,27.8256,0.7,50,0.6566666666666666,0.14047538337136983,101,0.7166666666666667,0.43333333333333335,0.5666666666666667,0.8333333333333333,0.7333333333333334,1.2366744041442872,0.021259546279907227
0.3,1,27.8256,0.9,5,0.5666666666666667,0.10903618155864087,414,0.5333333333333333,0.65,0.4666666666666667,0.7333333333333334,0.45,1.2155520439147949,0.0213071346282959
0.3,1,27.8256,0.9,10,0.5533333333333333,0.12970050972229147,463,0.3666666666666667,0.55,0.4666666666666667,0.7333333333333334,0.65,1.2211227893829346,0.021571540832519533
0.3,1,27.8256,0.9,20,0.6566666666666666,0.11999999999999998,101,0.5333333333333333,0.5166666666666667,0.6666666666666666,0.8333333333333333,0.7333333333333334,1.2257428646087647,0.021240091323852538
0.3,1,27.8256,0.9,50,0.6366666666666667,0.1194431524477928,174,0.7166666666666667,0.43333333333333335,0.5666666666666667,0.7333333333333334,0.7333333333333334,1.2434516429901123,0.021129369735717773
0.3,1,100.0,0.1,5,0.4600000000000001,0.13482498944104457,754,0.35,0.43333333333333335,0.35,0.7166666666666667,0.45,0.8583863735198974,0.021436691284179688
0.3,1,100.0,0.1,10,0.4866666666666667,0.19504985117770393,699,0.5333333333333333,0.3333333333333333,0.2,0.7333333333333334,0.6333333333333333,0.8658831119537354,0.02149853706359863
0.3,1,100.0,0.1,20,0.5800000000000001,0.17713773674115227,382,0.5333333333333333,0.43333333333333335,0.3666666666666667,0.8333333333333333,0.7333333333333334,0.8693451881408691,0.021223926544189455
0.3,1,100.0,0.1,50,0.6366666666666667,0.08717797887081348,174,0.6333333333333333,0.5166666666666667,0.5666666666666667,0.7333333333333334,0.7333333333333334,0.890102481842041,0.021223163604736327
0.3,1,100.0,0.3,5,0.4800000000000001,0.13678856352455462,707,0.5333333333333333,0.35,0.35,0.7166666666666667,0.45,0.8702305793762207,0.021470165252685545
0.3,1,100.0,0.3,10,0.5633333333333334,0.11661903789690603,426,0.5333333333333333,0.5333333333333333,0.3833333333333333,0.7333333333333334,0.6333333333333333,0.8724633693695069,0.021382951736450197
0.3,1,100.0,0.3,20,0.5666666666666667,0.15951314818673862,414,0.55,0.43333333333333335,0.3833333333333333,0.8333333333333333,0.6333333333333333,0.8783206939697266,0.02112894058227539
0.3,1,100.0,0.3,50,0.6166666666666667,0.11832159566199234,255,0.6333333333333333,0.4166666666666667,0.5666666666666667,0.7333333333333334,0.7333333333333334,0.8929689407348633,0.02121710777282715
0.3,1,100.0,0.5,5,0.4800000000000001,0.13678856352455462,707,0.5333333333333333,0.35,0.35,0.7166666666666667,0.45,0.9019649505615235,0.021355056762695314
0.3,1,100.0,0.5,10,0.54,0.12183777921664711,500,0.43333333333333335,0.43333333333333335,0.4666666666666667,0.7333333333333334,0.6333333333333333,0.9059196949005127,0.021383953094482423
0.3,1,100.0,0.5,20,0.5866666666666667,0.17236911298463858,351,0.55,0.43333333333333335,0.3833333333333333,0.8333333333333333,0.7333333333333334,0.9119276523590087,0.02123560905456543
0.3,1,100.0,0.5,50,0.6200000000000001,0.13960261060914614,227,0.55,0.5166666666666667,0.4666666666666667,0.8333333333333333,0.7333333333333334,0.932755994796753,0.021095752716064453
0.3,1,100.0,0.7,5,0.4800000000000001,0.13678856352455462,707,0.5333333333333333,0.35,0.35,0.7166666666666667,0.45,0.9524595260620117,0.021322011947631836
0.3,1,100.0,0.7,10,0.58,0.09333333333333335,393,0.5333333333333333,0.5333333333333333,0.4666666666666667,0.7333333333333334,0.6333333333333333,0.9503484249114991,0.021413898468017577
0.3,1,100.0,0.7,20,0.6199999999999999,0.15289793254906284,246,0.6333333333333333,0.43333333333333335,0.4666666666666667,0.8333333333333333,0.7333333333333334,0.9568070411682129,0.02125382423400879
0.3,1,100.0,0.7,50,0.6233333333333333,0.1420485050177501,216,0.55,0.43333333333333335,0.5666666666666667,0.8333333333333333,0.7333333333333334,0.9723028182983399,0.02128610610961914
0.3,1,100.0,0.9,5,0.5366666666666667,0.1161416759345623,505,0.5333333333333333,0.5333333333333333,0.35,0.7166666666666667,0.55,1.011998701095581,0.021364641189575196
0.3,1,100.0,0.9,10,0.5666666666666667,0.10903618155864087,414,0.5333333333333333,0.45,0.4666666666666667,0.7333333333333334,0.65,1.0194884300231934,0.021285390853881835
0.3,1,100.0,0.9,20,0.6366666666666667,0.13515423288475525,174,0.6333333333333333,0.5166666666666667,0.4666666666666667,0.8333333333333333,0.7333333333333334,1.0214112758636475,0.021324920654296874
0.3,1,100.0,0.9,50,0.6033333333333333,0.11566234381931649,292,0.55,0.43333333333333335,0.5666666666666667,0.7333333333333334,0.7333333333333334,1.0379385948181152,0.02138686180114746
0.3,5,0.001,0.1,5,0.5299999999999999,0.09683892697555964,628,0.45,0.5,0.43333333333333335,0.7,0.5666666666666667,0.4726473331451416,0.021166133880615234
0.3,5,0.001,0.1,10,0.5333333333333332,0.0936897954837013,579,0.45,0.5,0.45,0.7,0.5666666666666667,0.47655668258666994,0.02100081443786621
0.3,5,0.001,0.1,20,0.42666666666666664,0.06716480559869961,766,0.5333333333333333,0.4166666666666667,0.35,0.3666666666666667,0.4666666666666667,0.4840653419494629,0.02113513946533203
0.3,5,0.001,0.1,50,0.5366666666666667,0.059066817155564486,505,0.5333333333333333,0.5166666666666667,0.55,0.6333333333333333,0.45,0.5056072235107422,0.02116055488586426
0.3,5,0.001,0.3,5,0.5299999999999999,0.09683892697555964,628,0.45,0.5,0.43333333333333335,0.7,0.5666666666666667,0.4777090072631836,0.02099766731262207
0.3,5,0.001,0.3,10,0.5333333333333332,0.0936897954837013,579,0.45,0.5,0.45,0.7,0.5666666666666667,0.47644715309143065,0.020785808563232422
0.3,5,0.001,0.3,20,0.42666666666666664,0.06716480559869961,766,0.5333333333333333,0.4166666666666667,0.35,0.3666666666666667,0.4666666666666667,0.48382177352905276,0.02106342315673828
0.3,5,0.001,0.3,50,0.5366666666666667,0.059066817155564486,505,0.5333333333333333,0.5166666666666667,0.55,0.6333333333333333,0.45,0.49353771209716796,0.020922422409057617
0.3,5,0.001,0.5,5,0.5299999999999999,0.09683892697555964,628,0.45,0.5,0.43333333333333335,0.7,0.5666666666666667,0.47443299293518065,0.021042299270629884
0.3,5,0.001,0.5,10,0.5333333333333332,0.0936897954837013,579,0.45,0.5,0.45,0.7,0.5666666666666667,0.47698259353637695,0.020935440063476564
0.3,5,0.001,0.5,20,0.42666666666666664,0.06716480559869961,766,0.5333333333333333,0.4166666666666667,0.35,0.3666666666666667,0.4666666666666667,0.4818572998046875,0.02090773582458496
0.3,5,0.001,0.5,50,0.5366666666666667,0.059066817155564486,505,0.5333333333333333,0.5166666666666667,0.55,0.6333333333333333,0.45,0.4947661876678467,0.020902633666992188
0.3,5,0.001,0.7,5,0.5299999999999999,0.09683892697555964,628,0.45,0.5,0.43333333333333335,0.7,0.5666666666666667,0.47419061660766604,0.020969724655151366
0.3,5,0.001,0.7,10,0.5333333333333332,0.0936897954837013,579,0.45,0.5,0.45,0.7,0.5666666666666667,0.47686381340026857,0.020995521545410158
0.3,5,0.001,0.7,20,0.42666666666666664,0.06716480559869961,766,0.5333333333333333,0.4166666666666667,0.35,0.3666666666666667,0.4666666666666667,0.48128280639648435,0.020892953872680663
0.3,5,0.001,0.7,50,0.5366666666666667,0.059066817155564486,505,0.5333333333333333,0.5166666666666667,0.55,0.6333333333333333,0.45,0.4932126522064209,0.020959091186523438
0.3,5,0.001,0.9,5,0.5299999999999999,0.09683892697555964,628,0.45,0.5,0.43333333333333335,0.7,0.5666666666666667,0.47603759765625,0.02099771499633789
0.3,5,0.001,0.9,10,0.5333333333333332,0.0936897954837013,579,0.45,0.5,0.45,0.7,0.5666666666666667,0.4773122787475586,0.020875930786132812
0.3,5,0.001,0.9,20,0.42666666666666664,0.06716480559869961,766,0.5333333333333333,0.4166666666666667,0.35,0.3666666666666667,0.4666666666666667,0.4926264762878418,0.02087087631225586
0.3,5,0.001,0.9,50,0.5366666666666667,0.059066817155564486,505,0.5333333333333333,0.5166666666666667,0.55,0.6333333333333333,0.45,0.4976662635803223,0.02146773338317871
0.3,5,0.00359381,0.1,5,0.5299999999999999,0.09683892697555964,628,0.45,0.5,0.43333333333333335,0.7,0.5666666666666667,0.4735081672668457,0.02148118019104004
0.3,5,0.00359381,0.1,10,0.5333333333333332,0.0936897954837013,579,0.45,0.5,0.45,0.7,0.5666666666666667,0.4760143280029297,0.020798110961914064
0.3,5,0.00359381,0.1,20,0.42666666666666664,0.06716480559869961,766,0.5333333333333333,0.4166666666666667,0.35,0.3666666666666667,0.4666666666666667,0.4819215774536133,0.021540403366088867
0.3,5,0.00359381,0.1,50,0.5366666666666667,0.059066817155564486,505,0.5333333333333333,0.5166666666666667,0.55,0.6333333333333333,0.45,0.49392409324645997,0.02112421989440918
0.3,5,0.00359381,0.3,5,0.5299999999999999,0.09683892697555964,628,0.45,0.5,0.43333333333333335,0.7,0.5666666666666667,0.4741658210754395,0.021013307571411132
0.3,5,0.00359381,0.3,10,0.5333333333333332,0.0936897954837013,579,0.45,0.5,0.45,0.7,0.5666666666666667,0.4778787136077881,0.020892524719238283
0.3,5,0.00359381,0.3,20,0.42666666666666664,0.06716480559869961,766,0.5333333333333333,0.4166666666666667,0.35,0.3666666666666667,0.4666666666666667,0.4839799880981445,0.02096238136291504
0.3,5,0.00359381,0.3,50,0.5366666666666667,0.059066817155564486,505,0.5333333333333333,0.5166666666666667,0.55,0.6333333333333333,0.45,0.4973116874694824,0.02088503837585449
0.3,5,0.00359381,0.5,5,0.5299999999999999,0.09683892697555964,628,0.45,0.5,0.43333333333333335,0.7,0.5666666666666667,0.47601943016052245,0.020680761337280272
0.3,5,0.00359381,0.5,10,0.5333333333333332,0.0936897954837013,579,0.45,0.5,0.45,0.7,0.5666666666666667,0.48241562843322755,0.02094755172729492
0.3,5,0.00359381,0.5,20,0.42666666666666664,0.06716480559869961,766,0.5333333333333333,0.4166666666666667,0.35,0.3666666666666667,0.4666666666666667,0.48496103286743164,0.02121763229370117
0.3,5,0.00359381,0.5,50,0.5366666666666667,0.059066817155564486,505,0.5333333333333333,0.5166666666666667,0.55,0.6333333333333333,0.45,0.4931239128112793,0.021153640747070313
0.3,5,0.00359381,0.7,5,0.5299999999999999,0.09683892697555964,628,0.45,0.5,0.43333333333333335,0.7,0.5666666666666667,0.47544131278991697,0.021135377883911132
0.3,5,0.00359381,0.7,10,0.5333333333333332,0.0936897954837013,579,0.45,0.5,0.45,0.7,0.5666666666666667,0.47687606811523436,0.02094745635986328
0.3,5,0.00359381,0.7,20,0.42666666666666664,0.06716480559869961,766,0.5333333333333333,0.4166666666666667,0.35,0.3666666666666667,0.4666666666666667,0.48403158187866213,0.020841503143310548
0.3,5,0.00359381,0.7,50,0.5366666666666667,0.059066817155564486,505,0.5333333333333333,0.5166666666666667,0.55,0.6333333333333333,0.45,0.4957223892211914,0.02110137939453125
0.3,5,0.00359381,0.9,5,0.5299999999999999,0.09683892697555964,628,0.45,0.5,0.43333333333333335,0.7,0.5666666666666667,0.4815868377685547,0.022416162490844726
0.3,5,0.00359381,0.9,10,0.5333333333333332,0.0936897954837013,579,0.45,0.5,0.45,0.7,0.5666666666666667,0.47873358726501464,0.020855283737182616
0.3,5,0.00359381,0.9,20,0.42666666666666664,0.06716480559869961,766,0.5333333333333333,0.4166666666666667,0.35,0.3666666666666667,0.4666666666666667,0.48264541625976565,0.021474123001098633
0.3,5,0.00359381,0.9,50,0.5366666666666667,0.059066817155564486,505,0.5333333333333333,0.5166666666666667,0.55,0.6333333333333333,0.45,0.49373493194580076,0.021242427825927734
0.3,5,0.0129155,0.1,5,0.6033333333333333,0.07102425250887505,292,0.4666666666666667,0.6166666666666667,0.6166666666666667,0.6666666666666666,0.65,0.4882530212402344,0.021181678771972655
0.3,5,0.0129155,0.1,10,0.6766666666666666,0.05333333333333336,47,0.6333333333333333,0.6333333333333333,0.6333333333333333,0.75,0.7333333333333334,0.49262433052062987,0.020759153366088866
0.3,5,0.0129155,0.1,20,0.6799999999999999,0.050990195135927875,45,0.6333333333333333,0.6333333333333333,0.65,0.75,0.7333333333333334,0.49593443870544435,0.02108793258666992
0.3,5,0.0129155,0.1,50,0.71,0.04027681991198192,13,0.7166666666666667,0.7166666666666667,0.6333333333333333,0.75,0.7333333333333334,0.5043092250823975,0.02106342315673828
0.3,5,0.0129155,0.3,5,0.5299999999999999,0.09683892697555964,628,0.45,0.5,0.43333333333333335,0.7,0.5666666666666667,0.4737819194793701,0.020790863037109374
0.3,5,0.0129155,0.3,10,0.5333333333333332,0.0936897954837013,579,0.45,0.5,0.45,0.7,0.5666666666666667,0.4760581493377686,0.020972061157226562
0.3,5,0.0129155,0.3,20,0.42666666666666664,0.06716480559869961,766,0.5333333333333333,0.4166666666666667,0.35,0.3666666666666667,0.4666666666666667,0.4833943843841553,0.02090587615966797
0.3,5,0.0129155,0.3,50,0.5366666666666667,0.059066817155564486,505,0.5333333333333333,0.5166666666666667,0.55,0.6333333333333333,0.45,0.49353594779968263,0.021028709411621094
0.3,5,0.0129155,0.5,5,0.5299999999999999,0.09683892697555964,628,0.45,0.5,0.43333333333333335,0.7,0.5666666666666667,0.4737307071685791,0.021032190322875975
0.3,5,0.0129155,0.5,10,0.5333333333333332,0.0936897954837013,579,0.45,0.5,0.45,0.7,0.5666666666666667,0.47669529914855957,0.02086019515991211
0.3,5,0.0129155,0.5,20,0.42666666666666664,0.06716480559869961,766,0.5333333333333333,0.4166666666666667,0.35,0.3666666666666667,0.4666666666666667,0.48567748069763184,0.02097487449645996
0.3,5,0.0129155,0.5,50,0.5366666666666667,0.059066817155564486,505,0.5333333333333333,0.5166666666666667,0.55,0.6333333333333333,0.45,0.4935868740081787,0.02103114128112793
0.3,5,0.0129155,0.7,5,0.5299999999999999,0.09683892697555964,628,0.45,0.5,0.43333333333333335,0.7,0.5666666666666667,0.4754332065582275,0.021079015731811524
0.3,5,0.0129155,0.7,10,0.5333333333333332,0.0936897954837013,579,0.45,0.5,0.45,0.7,0.5666666666666667,0.47391409873962403,0.021184110641479494
0.3,5,0.0129155,0.7,20,0.42666666666666664,0.06716480559869961,766,0.5333333333333333,0.4166666666666667,0.35,0.3666666666666667,0.4666666666666667,0.48528456687927246,0.021048545837402344
0.3,5,0.0129155,0.7,50,0.5366666666666667,0.059066817155564486,505,0.5333333333333333,0.5166666666666667,0.55,0.6333333333333333,0.45,0.4923820972442627,0.021042776107788087
0.3,5,0.0129155,0.9,5,0.5299999999999999,0.09683892697555964,628,0.45,0.5,0.43333333333333335,0.7,0.5666666666666667,0.47332024574279785,0.02088932991027832
0.3,5,0.0129155,0.9,10,0.5333333333333332,0.0936897954837013,579,0.45,0.5,0.45,0.7,0.5666666666666667,0.47688794136047363,0.020814990997314452
0.3,5,0.0129155,0.9,20,0.42666666666666664,0.06716480559869961,766,0.5333333333333333,0.4166666666666667,0.35,0.3666666666666667,0.4666666666666667,0.48467311859130857,0.020965051651000977
0.3,5,0.0129155,0.9,50,0.5366666666666667,0.059066817155564486,505,0.5333333333333333,0.5166666666666667,0.55,0.6333333333333333,0.45,0.493532133102417,0.021023035049438477
0.3,5,0.0464159,0.1,5,0.6266666666666667,0.13106402167558334,207,0.4666666666666667,0.7166666666666667,0.4666666666666667,0.75,0.7333333333333334,0.4948403835296631,0.021218347549438476
0.3,5,0.0464159,0.1,10,0.6,0.0924962461700774,315,0.4666666666666667,0.6166666666666667,0.5333333333333333,0.65,0.7333333333333334,0.5044283866882324,0.020992422103881837
0.3,5,0.0464159,0.1,20,0.6566666666666666,0.16418147141366335,101,0.6333333333333333,0.35,0.8166666666666667,0.75,0.7333333333333334,0.5038055419921875,0.021048927307128908
0.3,5,0.0464159,0.1,50,0.6166666666666666,0.17061978522759635,268,0.55,0.3333333333333333,0.6333333333333333,0.8333333333333333,0.7333333333333334,0.5136033058166504,0.02120943069458008
0.3,5,0.0464159,0.3,5,0.6266666666666667,0.10519822558706333,207,0.55,0.7166666666666667,0.4666666666666667,0.75,0.65,0.49488096237182616,0.020875930786132812
0.3,5,0.0464159,0.3,10,0.6,0.12247448713915891,315,0.55,0.43333333333333335,0.5333333333333333,0.75,0.7333333333333334,0.5000162601470948,0.021130800247192383
0.3,5,0.0464159,0.3,20,0.6933333333333334,0.08069145624606805,20,0.7166666666666667,0.5333333333333333,0.7333333333333334,0.75,0.7333333333333334,0.5059425354003906,0.021274375915527343
0.3,5,0.0464159,0.3,50,0.7066666666666667,0.07788880963698612,17,0.7166666666666667,0.6166666666666667,0.6333333333333333,0.8333333333333333,0.7333333333333334,0.5152568340301513,0.02101926803588867
0.3,5,0.0464159,0.5,5,0.5966666666666667,0.08259674462242579,337,0.5333333333333333,0.65,0.5166666666666667,0.55,0.7333333333333334,0.4999073505401611,0.02099266052246094
0.3,5,0.0464159,0.5,10,0.6366666666666666,0.06359594676112973,195,0.5333333333333333,0.65,0.6333333333333333,0.7333333333333334,0.6333333333333333,0.49932041168212893,0.020748233795166014
0.3,5,0.0464159,0.5,20,0.6366666666666666,0.06359594676112973,195,0.5333333333333333,0.65,0.6333333333333333,0.7333333333333334,0.6333333333333333,0.5064150810241699,0.021071577072143556
0.3,5,0.0464159,0.5,50,0.6733333333333333,0.080691456246068,72,0.6333333333333333,0.65,0.6166666666666667,0.8333333333333333,0.6333333333333333,0.515775489807129,0.021199798583984374
0.3,5,0.0464159,0.7,5,0.5299999999999999,0.09683892697555964,628,0.45,0.5,0.43333333333333335,0.7,0.5666666666666667,0.4741332530975342,0.020894956588745118
0.3,5,0.0464159,0.7,10,0.5333333333333332,0.0936897954837013,579,0.45,0.5,0.45,0.7,0.5666666666666667,0.4780900955200195,0.020682859420776366
0.3,5,0.0464159,0.7,20,0.42666666666666664,0.06716480559869961,766,0.5333333333333333,0.4166666666666667,0.35,0.3666666666666667,0.4666666666666667,0.4918778419494629,0.021070289611816406
0.3,5,0.0464159,0.7,50,0.5366666666666667,0.059066817155564486,505,0.5333333333333333,0.5166666666666667,0.55,0.6333333333333333,0.45,0.49525136947631837,0.02108755111694336
0.3,5,0.0464159,0.9,5,0.5299999999999999,0.09683892697555964,628,0.45,0.5,0.43333333333333335,0.7,0.5666666666666667,0.4765219211578369,0.02061314582824707
0.3,5,0.0464159,0.9,10,0.5333333333333332,0.0936897954837013,579,0.45,0.5,0.45,0.7,0.5666666666666667,0.47566423416137693,0.020908546447753907
0.3,5,0.0464159,0.9,20,0.42666666666666664,0.06716480559869961,766,0.5333333333333333,0.4166666666666667,0.35,0.3666666666666667,0.4666666666666667,0.48456501960754395,0.02069692611694336
0.3,5,0.0464159,0.9,50,0.5366666666666667,0.059066817155564486,505,0.5333333333333333,0.5166666666666667,0.55,0.6333333333333333,0.45,0.4935563087463379,0.020923042297363283
0.3,5,0.16681,0.1,5,0.4833333333333333,0.03496029493900506,706,0.4666666666666667,0.5166666666666667,0.45,0.45,0.5333333333333333,0.5272599697113037,0.02102651596069336
0.3,5,0.16681,0.1,10,0.5766666666666668,0.07859884081701067,399,0.5333333333333333,0.5333333333333333,0.5333333333333333,0.55,0.7333333333333334,0.5323961257934571,0.02112269401550293
0.3,5,0.16681,0.1,20,0.64,0.08981462390204988,150,0.6333333333333333,0.5333333333333333,0.55,0.75,0.7333333333333334,0.5396996974945069,0.02099299430847168
0.3,5,0.16681,0.1,50,0.6166666666666666,0.15705625319186328,268,0.6333333333333333,0.4166666666666667,0.4666666666666667,0.8333333333333333,0.7333333333333334,0.5473177909851075,0.020942258834838866
0.3,5,0.16681,0.3,5,0.5866666666666667,0.1279756921363498,351,0.4666666666666667,0.5166666666666667,0.4666666666666667,0.75,0.7333333333333334,0.5340614318847656,0.021043729782104493
0.3,5,0.16681,0.3,10,0.6033333333333333,0.10456258094238749,292,0.4666666666666667,0.5333333333333333,0.7166666666666667,0.5666666666666667,0.7333333333333334,0.5379506111145019,0.021111297607421874
0.3,5,0.16681,0.3,20,0.6733333333333333,0.12046207333061769,72,0.7333333333333334,0.43333333333333335,0.7166666666666667,0.75,0.7333333333333334,0.5438135147094727,0.021053123474121093
0.3,5,0.16681,0.3,50,0.6,0.12247448713915891,315,0.55,0.43333333333333335,0.5333333333333333,0.75,0.7333333333333334,0.5523848056793212,0.02117953300476074
0.3,5,0.16681,0.5,5,0.62,0.1132352516764202,231,0.6333333333333333,0.5166666666666667,0.4666666666666667,0.75,0.7333333333333334,0.535600996017456,0.02115778923034668
0.3,5,0.16681,0.5,10,0.6,0.0924962461700774,315,0.4666666666666667,0.6166666666666667,0.5333333333333333,0.65,0.7333333333333334,0.5366117477416992,0.021190786361694337
0.3,5,0.16681,0.5,20,0.6533333333333333,0.11709445380166865,131,0.6333333333333333,0.43333333333333335,0.7166666666666667,0.75,0.7333333333333334,0.5393616676330566,0.021101760864257812
0.3,5,0.16681,0.5,50,0.6900000000000001,0.08273115763993903,32,0.6333333333333333,0.6166666666666667,0.6333333333333333,0.8333333333333333,0.7333333333333334,0.5517573833465577,0.02099447250366211
0.3,5,0.16681,0.7,5,0.6033333333333334,0.1161416759345623,290,0.55,0.5166666666666667,0.4666666666666667,0.75,0.7333333333333334,0.5375643730163574,0.02123575210571289
0.3,5,0.16681,0.7,10,0.5933333333333334,0.07717224601860151,341,0.55,0.5166666666666667,0.6166666666666667,0.55,0.7333333333333334,0.5428801059722901,0.021023321151733398
0.3,5,0.16681,0.7,20,0.6333333333333334,0.12156388352540315,199,0.55,0.43333333333333335,0.7166666666666667,0.7333333333333334,0.7333333333333334,0.5468076229095459,0.021223688125610353
0.3,5,0.16681,0.7,50,0.6900000000000001,0.09809292646374772,32,0.55,0.6166666666666667,0.7166666666666667,0.8333333333333333,0.7333333333333334,0.5548812866210937,0.02110452651977539
0.3,5,0.16681,0.9,5,0.6100000000000001,0.11185307823708346,278,0.55,0.55,0.4666666666666667,0.75,0.7333333333333334,0.5429906368255615,0.021064138412475585
0.3,5,0.16681,0.9,10,0.6166666666666667,0.10274023338281627,255,0.55,0.5166666666666667,0.5333333333333333,0.75,0.7333333333333334,0.5470181465148926,0.021072006225585936
0.3,5,0.16681,0.9,20,0.6333333333333334,0.10954451150103324,199,0.6333333333333333,0.43333333333333335,0.6333333333333333,0.7333333333333334,0.7333333333333334,0.5519806385040283,0.021063947677612306
0.3,5,0.16681,0.9,50,0.71,0.0910433352249844,13,0.55,0.7166666666666667,0.7166666666666667,0.8333333333333333,0.7333333333333334,0.5620151042938233,0.021127891540527344
0.3,5,0.599484,0.1,5,0.5199999999999999,0.06782329983125267,647,0.45,0.5333333333333333,0.45,0.6333333333333333,0.5333333333333333,0.6061056613922119,0.021135425567626952
0.3,5,0.599484,0.1,10,0.5833333333333334,0.08881941729649487,369,0.55,0.6166666666666667,0.4666666666666667,0.55,0.7333333333333334,0.6110699653625489,0.021025323867797853
0.3,5,0.599484,0.1,20,0.6733333333333332,0.10198039027185568,84,0.6333333333333333,0.5333333333333333,0.6333333333333333,0.8333333333333333,0.7333333333333334,0.6241439819335938,0.02120680809020996
0.3,5,0.599484,0.1,50,0.6166666666666666,0.15705625319186328,268,0.6333333333333333,0.4166666666666667,0.4666666666666667,0.8333333333333333,0.7333333333333334,0.6258774757385254,0.020984745025634764
0.3,5,0.599484,0.3,5,0.47000000000000003,0.15107025591499545,745,0.5333333333333333,0.7166666666666667,0.3833333333333333,0.45,0.26666666666666666,0.6223179340362549,0.020954084396362305
0.3,5,0.599484,0.3,10,0.5633333333333332,0.08969082698049143,439,0.5333333333333333,0.5333333333333333,0.4666666666666667,0.55,0.7333333333333334,0.6272327899932861,0.02118096351623535
0.3,5,0.599484,0.3,20,0.64,0.08981462390204988,150,0.55,0.5333333333333333,0.6333333333333333,0.75,0.7333333333333334,0.6331005096435547,0.020975685119628905
0.3,5,0.599484,0.3,50,0.6733333333333332,0.10572501018102468,84,0.6333333333333333,0.5166666666666667,0.65,0.8333333333333333,0.7333333333333334,0.6407495975494385,0.02108001708984375
0.3,5,0.599484,0.5,5,0.53,0.11518101695447329,627,0.4666666666666667,0.7166666666666667,0.3666666666666667,0.55,0.55,0.6425089836120605,0.021201562881469727
0.3,5,0.599484,0.5,10,0.6,0.07527726527090811,315,0.55,0.5333333333333333,0.6333333333333333,0.55,0.7333333333333334,0.647144365310669,0.021033668518066408
0.3,5,0.599484,0.5,20,0.6533333333333333,0.132664991614216,131,0.6333333333333333,0.43333333333333335,0.6333333333333333,0.8333333333333333,0.7333333333333334,0.6496788501739502,0.021043825149536132
0.3,5,0.599484,0.5,50,0.6433333333333333,0.11907047399661169,143,0.7333333333333334,0.5333333333333333,0.4666666666666667,0.75,0.7333333333333334,0.6624611854553223,0.02106938362121582
0.3,5,0.599484,0.7,5,0.47333333333333333,0.09637888196533975,744,0.3666666666666667,0.6166666666666667,0.3833333333333333,0.45,0.55,0.6427336215972901,0.02097768783569336
0.3,5,0.599484,0.7,10,0.6033333333333333,0.09333333333333335,292,0.4666666666666667,0.5333333333333333,0.6333333333333333,0.65,0.7333333333333334,0.6489486217498779,0.0232452392578125
0.3,5,0.599484,0.7,20,0.6333333333333334,0.08692269873603531,199,0.55,0.5166666666666667,0.7166666666666667,0.65,0.7333333333333334,0.6518354892730713,0.020941495895385742
0.3,5,0.599484,0.7,50,0.6766666666666666,0.11623730516108462,47,0.7333333333333334,0.5333333333333333,0.55,0.8333333333333333,0.7333333333333334,0.6615618228912353,0.02108631134033203
0.3,5,0.599484,0.9,5,0.5700000000000001,0.13638181696985854,406,0.3666666666666667,0.6166666666666667,0.4666666666666667,0.75,0.65,0.6930502891540528,0.02101144790649414
0.3,5,0.599484,0.9,10,0.6033333333333333,0.09333333333333335,292,0.4666666666666667,0.5333333333333333,0.6333333333333333,0.65,0.7333333333333334,0.7001810073852539,0.020917987823486327
0.3,5,0.599484,0.9,20,0.6333333333333333,0.10697871023920809,206,0.6333333333333333,0.43333333333333335,0.7166666666666667,0.65,0.7333333333333334,0.7005055904388428,0.020902252197265624
0.3,5,0.599484,0.9,50,0.6766666666666666,0.08273115763993906,47,0.7333333333333334,0.5333333333333333,0.6333333333333333,0.75,0.7333333333333334,0.7145151615142822,0.021073007583618165
0.3,5,2.15443,0.1,5,0.5433333333333333,0.12978614889287857,497,0.45,0.6333333333333333,0.3666666666666667,0.7333333333333334,0.5333333333333333,0.7278886318206788,0.021143627166748048
0.3,5,2.15443,0.1,10,0.5833333333333334,0.09189365834726815,369,0.6333333333333333,0.5333333333333333,0.4666666666666667,0.55,0.7333333333333334,0.7339911937713623,0.021052980422973634
0.3,5,2.15443,0.1,20,0.6733333333333333,0.05637178175095922,72,0.6333333333333333,0.6166666666666667,0.6333333333333333,0.75,0.7333333333333334,0.738571310043335,0.020975112915039062
0.3,5,2.15443,0.1,50,0.5966666666666667,0.1796292478040997,337,0.6333333333333333,0.4166666666666667,0.3666666666666667,0.8333333333333333,0.7333333333333334,0.7497490882873535,0.020939016342163087
0.3,5,2.15443,0.3,5,0.44666666666666666,0.09797958971132714,761,0.45,0.5166666666666667,0.45,0.55,0.26666666666666666,0.7850518703460694,0.020992565155029296
0.3,5,2.15443,0.3,10,0.5700000000000001,0.0852447456836295,406,0.55,0.5333333333333333,0.48333333333333334,0.55,0.7333333333333334,0.7808557510375976,0.02143573760986328
0.3,5,2.15443,0.3,20,0.6366666666666667,0.09030811456096045,174,0.5333333333333333,0.6166666666666667,0.55,0.75,0.7333333333333334,0.7850886821746826,0.02126455307006836
0.3,5,2.15443,0.3,50,0.6766666666666665,0.10088497300281037,60,0.6333333333333333,0.5333333333333333,0.65,0.8333333333333333,0.7333333333333334,0.7954063415527344,0.021131324768066406
0.3,5,2.15443,0.5,5,0.51,0.14476033833738977,668,0.5333333333333333,0.7166666666666667,0.48333333333333334,0.55,0.26666666666666666,0.8398035526275635,0.02131938934326172
0.3,5,2.15443,0.5,10,0.5666666666666667,0.08628119403696526,414,0.5333333333333333,0.5333333333333333,0.48333333333333334,0.55,0.7333333333333334,0.8432371139526367,0.020898818969726562
0.3,5,2.15443,0.5,20,0.6,0.08881941729649485,315,0.6333333333333333,0.6166666666666667,0.4666666666666667,0.55,0.7333333333333334,0.8491617679595947,0.021100521087646484
0.3,5,2.15443,0.5,50,0.6166666666666666,0.11785113019775792,268,0.6333333333333333,0.5166666666666667,0.45,0.75,0.7333333333333334,0.8576867580413818,0.020830583572387696
0.3,5,2.15443,0.7,5,0.5233333333333334,0.1167142760000773,645,0.5333333333333333,0.7166666666666667,0.3666666666666667,0.45,0.55,0.884607458114624,0.02095484733581543
0.3,5,2.15443,0.7,10,0.5866666666666667,0.08781293248212994,351,0.6333333333333333,0.5333333333333333,0.48333333333333334,0.55,0.7333333333333334,0.8955376625061036,0.0210665225982666
0.3,5,2.15443,0.7,20,0.6033333333333333,0.09626352718795768,292,0.6333333333333333,0.45,0.55,0.65,0.7333333333333334,0.8923518180847168,0.021181058883666993
0.3,5,2.15443,0.7,50,0.6033333333333333,0.12927146286443544,292,0.7333333333333334,0.43333333333333335,0.4666666666666667,0.65,0.7333333333333334,0.9061479568481445,0.020868492126464844
0.3,5,2.15443,0.9,5,0.51,0.11860297916438131,668,0.4666666666666667,0.7166666666666667,0.3666666666666667,0.45,0.55,0.8848353385925293,0.021816778182983398
0.3,5,2.15443,0.9,10,0.5633333333333332,0.06863753427324668,439,0.5333333333333333,0.5333333333333333,0.4666666666666667,0.6333333333333333,0.65,0.8757079124450684,0.02121105194091797
0.3,5,2.15443,0.9,20,0.6033333333333334,0.07702813338860896,290,0.55,0.5333333333333333,0.55,0.65,0.7333333333333334,0.8783810138702393,0.020878076553344727
0.3,5,2.15443,0.9,50,0.6433333333333333,0.13848385385227327,143,0.7333333333333334,0.6166666666666667,0.3833333333333333,0.75,0.7333333333333334,0.8917584419250488,0.021125984191894532
0.3,5,7.74264,0.1,5,0.4533333333333333,0.10666666666666667,755,0.45,0.35,0.45,0.65,0.3666666666666667,0.7894541263580322,0.021069860458374022
0.3,5,7.74264,0.1,10,0.5633333333333334,0.14847371634213394,426,0.45,0.5333333333333333,0.3666666666666667,0.7333333333333334,0.7333333333333334,0.7925195693969727,0.021045541763305663
0.3,5,7.74264,0.1,20,0.5866666666666667,0.1860107523773827,351,0.3666666666666667,0.6166666666666667,0.3833333333333333,0.8333333333333333,0.7333333333333334,0.7990210056304932,0.02085256576538086
0.3,5,7.74264,0.1,50,0.6166666666666667,0.14794894014114762,255,0.55,0.4166666666666667,0.55,0.8333333333333333,0.7333333333333334,0.8074999332427979,0.021205854415893555
0.3,5,7.74264,0.3,5,0.5399999999999999,0.08205689083394112,504,0.45,0.6333333333333333,0.45,0.6333333333333333,0.5333333333333333,0.9781804084777832,0.02120552062988281
0.3,5,7.74264,0.3,10,0.55,0.12736648783028534,468,0.6333333333333333,0.3666666666666667,0.4666666666666667,0.55,0.7333333333333334,0.9813502311706543,0.02102952003479004
0.3,5,7.74264,0.3,20,0.6566666666666666,0.07498147919467994,101,0.6333333333333333,0.6166666666666667,0.55,0.75,0.7333333333333334,0.987553071975708,0.020918989181518556
0.3,5,7.74264,0.3,50,0.6366666666666667,0.13515423288475525,174,0.6333333333333333,0.5166666666666667,0.4666666666666667,0.8333333333333333,0.7333333333333334,0.9925661563873291,0.02100234031677246
0.3,5,7.74264,0.5,5,0.44666666666666666,0.09797958971132714,761,0.45,0.5166666666666667,0.45,0.55,0.26666666666666666,1.0155619144439698,0.02106184959411621
0.3,5,7.74264,0.5,10,0.5533333333333333,0.1161416759345623,463,0.55,0.3666666666666667,0.5666666666666667,0.55,0.7333333333333334,1.0219088077545166,0.020833873748779298
0.3,5,7.74264,0.5,20,0.6766666666666666,0.054365021434333645,47,0.6333333333333333,0.6166666666666667,0.65,0.75,0.7333333333333334,1.0345566749572754,0.02089099884033203
0.3,5,7.74264,0.5,50,0.6199999999999999,0.15289793254906284,246,0.6333333333333333,0.43333333333333335,0.4666666666666667,0.8333333333333333,0.7333333333333334,1.0341150760650635,0.021239185333251955
0.3,5,7.74264,0.7,5,0.49000000000000005,0.12229290885229427,695,0.6333333333333333,0.5166666666666667,0.48333333333333334,0.55,0.26666666666666666,1.1072946548461915,0.020865583419799806
0.3,5,7.74264,0.7,10,0.55,0.09831920802501752,468,0.5333333333333333,0.45,0.48333333333333334,0.55,0.7333333333333334,1.111517572402954,0.021031570434570313
0.3,5,7.74264,0.7,20,0.6,0.07226494462892935,315,0.5333333333333333,0.6166666666666667,0.5666666666666667,0.55,0.7333333333333334,1.1114333152770997,0.022061777114868165
0.3,5,7.74264,0.7,50,0.6166666666666667,0.07673909622147558,255,0.6333333333333333,0.5166666666666667,0.55,0.65,0.7333333333333334,1.1197164535522461,0.021126222610473634
0.3,5,7.74264,0.9,5,0.45,0.0960324019392529,757,0.5333333333333333,0.5166666666666667,0.48333333333333334,0.45,0.26666666666666666,1.1927348613739013,0.02086949348449707
0.3,5,7.74264,0.9,10,0.6166666666666666,0.07149203529842406,268,0.6333333333333333,0.5333333333333333,0.55,0.6333333333333333,0.7333333333333334,1.1996991157531738,0.020952606201171876
0.3,5,7.74264,0.9,20,0.6,0.08881941729649485,315,0.6333333333333333,0.6166666666666667,0.4666666666666667,0.55,0.7333333333333334,1.2022757053375244,0.02121725082397461
0.3,5,7.74264,0.9,50,0.6566666666666666,0.14047538337136983,101,0.7333333333333334,0.5166666666666667,0.4666666666666667,0.8333333333333333,0.7333333333333334,1.2159514427185059,0.021196508407592775
0.3,5,27.8256,0.1,5,0.45,0.12156388352540315,757,0.45,0.43333333333333335,0.45,0.65,0.26666666666666666,0.806915283203125,0.021024703979492188
0.3,5,27.8256,0.1,10,0.6,0.1646545204697129,315,0.5333333333333333,0.5333333333333333,0.3666666666666667,0.8333333333333333,0.7333333333333334,0.806065034866333,0.021125936508178712
0.3,5,27.8256,0.1,20,0.5866666666666667,0.13800161029656302,351,0.5333333333333333,0.5333333333333333,0.3833333333333333,0.75,0.7333333333333334,0.8083468914031983,0.021306705474853516
0.3,5,27.8256,0.1,50,0.5800000000000001,0.20259428532030324,382,0.6333333333333333,0.4166666666666667,0.2833333333333333,0.8333333333333333,0.7333333333333334,0.8161891460418701,0.021205615997314454
0.3,5,27.8256,0.3,5,0.42000000000000004,0.12927146286443544,798,0.45,0.35,0.3833333333333333,0.65,0.26666666666666666,0.9394018650054932,0.020902252197265624
0.3,5,27.8256,0.3,10,0.5633333333333334,0.14847371634213394,426,0.45,0.5333333333333333,0.3666666666666667,0.7333333333333334,0.7333333333333334,0.9443314075469971,0.02114977836608887
0.3,5,27.8256,0.3,20,0.6033333333333333,0.16845705024657703,292,0.45,0.6166666666666667,0.3833333333333333,0.8333333333333333,0.7333333333333334,0.9525128841400147,0.02108793258666992
0.3,5,27.8256,0.3,50,0.6366666666666667,0.14236104336041747,174,0.6333333333333333,0.4166666666666667,0.5666666666666667,0.8333333333333333,0.7333333333333334,0.9586937904357911,0.021244096755981445
0.3,5,27.8256,0.5,5,0.49000000000000005,0.15040685563571304,695,0.45,0.5333333333333333,0.4666666666666667,0.7333333333333334,0.26666666666666666,1.1429766178131104,0.02091536521911621
0.3,5,27.8256,0.5,10,0.5800000000000001,0.12174654911833116,382,0.6333333333333333,0.6166666666666667,0.3666666666666667,0.55,0.7333333333333334,1.1463813781738281,0.02112574577331543
0.3,5,27.8256,0.5,20,0.62,0.11025223605694152,231,0.5333333333333333,0.6166666666666667,0.4666666666666667,0.75,0.7333333333333334,1.1499067783355712,0.021099567413330078
0.3,5,27.8256,0.5,50,0.58,0.1984383475484962,393,0.6333333333333333,0.3333333333333333,0.3666666666666667,0.8333333333333333,0.7333333333333334,1.1598437309265137,0.021019744873046874
0.3,5,27.8256,0.7,5,0.48666666666666664,0.13719410418171119,701,0.45,0.6333333333333333,0.45,0.6333333333333333,0.26666666666666666,1.2091772556304932,0.020953273773193358
0.3,5,27.8256,0.7,10,0.5333333333333334,0.12064640713902573,540,0.55,0.3666666666666667,0.4666666666666667,0.55,0.7333333333333334,1.2124481678009034,0.020929861068725585
0.3,5,27.8256,0.7,20,0.62,0.1132352516764202,231,0.6333333333333333,0.5166666666666667,0.4666666666666667,0.75,0.7333333333333334,1.2154317378997803,0.021441078186035155
0.3,5,27.8256,0.7,50,0.6,0.17638342073763935,315,0.6333333333333333,0.43333333333333335,0.3666666666666667,0.8333333333333333,0.7333333333333334,1.2228169441223145,0.021097517013549803
0.3,5,27.8256,0.9,5,0.4699999999999999,0.12265579661982733,750,0.45,0.6333333333333333,0.45,0.55,0.26666666666666666,1.2101624965667725,0.02114858627319336
0.3,5,27.8256,0.9,10,0.5333333333333334,0.12064640713902573,540,0.55,0.3666666666666667,0.4666666666666667,0.55,0.7333333333333334,1.214359998703003,0.021128463745117187
0.3,5,27.8256,0.9,20,0.6766666666666666,0.054365021434333645,47,0.6333333333333333,0.6166666666666667,0.65,0.75,0.7333333333333334,1.2200838565826415,0.021007728576660157
0.3,5,27.8256,0.9,50,0.6366666666666667,0.13515423288475525,174,0.6333333333333333,0.5166666666666667,0.4666666666666667,0.8333333333333333,0.7333333333333334,1.2260238647460937,0.020917177200317383
0.3,5,100.0,0.1,5,0.47000000000000003,0.1279756921363498,745,0.55,0.43333333333333335,0.45,0.65,0.26666666666666666,0.8528971195220947,0.02090616226196289
0.3,5,100.0,0.1,10,0.58,0.17619433715203348,393,0.5333333333333333,0.4166666666666667,0.3833333333333333,0.8333333333333333,0.7333333333333334,0.8518834114074707,0.02107062339782715
0.3,5,100.0,0.1,20,0.5866666666666667,0.17042430708218956,351,0.6333333333333333,0.5333333333333333,0.2833333333333333,0.75,0.7333333333333334,0.8603623867034912,0.02123579978942871
0.3,5,100.0,0.1,50,0.5633333333333334,0.15755069730795299,426,0.55,0.4166666666666667,0.3666666666666667,0.75,0.7333333333333334,0.8706576824188232,0.020960330963134766
0.3,5,100.0,0.3,5,0.45,0.12156388352540315,757,0.45,0.43333333333333335,0.45,0.65,0.26666666666666666,0.8597037315368652,0.02104949951171875
0.3,5,100.0,0.3,10,0.5833333333333334,0.17448336437736534,369,0.5333333333333333,0.45,0.3666666666666667,0.8333333333333333,0.7333333333333334,0.8662495136260986,0.02124776840209961
0.3,5,100.0,0.3,20,0.5666666666666667,0.1776388345929897,414,0.45,0.6166666666666667,0.2833333333333333,0.75,0.7333333333333334,0.8719663143157959,0.02106027603149414
0.3,5,100.0,0.3,50,0.6166666666666666,0.1632993161855452,268,0.6333333333333333,0.5166666666666667,0.3666666666666667,0.8333333333333333,0.7333333333333334,0.875795316696167,0.02110123634338379
0.3,5,100.0,0.5,5,0.47000000000000003,0.09510228411791403,745,0.45,0.43333333333333335,0.45,0.65,0.3666666666666667,0.8908234119415284,0.02088794708251953
0.3,5,100.0,0.5,10,0.6,0.1646545204697129,315,0.5333333333333333,0.5333333333333333,0.3666666666666667,0.8333333333333333,0.7333333333333334,0.8952428340911865,0.021324872970581055
0.3,5,100.0,0.5,20,0.5866666666666667,0.13800161029656302,351,0.5333333333333333,0.5333333333333333,0.3833333333333333,0.75,0.7333333333333334,0.9010763168334961,0.021137380599975587
0.3,5,100.0,0.5,50,0.5666666666666667,0.1935056703159999,414,0.55,0.3333333333333333,0.3833333333333333,0.8333333333333333,0.7333333333333334,0.9128721237182618,0.021407699584960936
0.3,5,100.0,0.7,5,0.47000000000000003,0.09510228411791403,745,0.45,0.43333333333333335,0.45,0.65,0.3666666666666667,0.9370153427124024,0.02101244926452637
0.3,5,100.0,0.7,10,0.5800000000000001,0.17713773674115227,382,0.5333333333333333,0.43333333333333335,0.3666666666666667,0.8333333333333333,0.7333333333333334,0.9471516132354736,0.021041440963745116
0.3,5,100.0,0.7,20,0.6066666666666667,0.13605554421305704,280,0.6333333333333333,0.5333333333333333,0.3833333333333333,0.75,0.7333333333333334,0.9533635139465332,0.021271705627441406
0.3,5,100.0,0.7,50,0.6,0.13621877827801698,315,0.6333333333333333,0.4166666666666667,0.4666666666666667,0.75,0.7333333333333334,0.9620344638824463,0.02126445770263672
0.3,5,100.0,0.9,5,0.4333333333333333,0.12823589374447564,763,0.45,0.35,0.45,0.65,0.26666666666666666,1.0060518264770508,0.02118649482727051
0.3,5,100.0,0.9,10,0.56,0.15114378731672848,445,0.5333333333333333,0.43333333333333335,0.3666666666666667,0.7333333333333334,0.7333333333333334,1.0112532138824464,0.021393394470214842
0.3,5,100.0,0.9,20,0.6066666666666667,0.13605554421305704,280,0.6333333333333333,0.5333333333333333,0.3833333333333333,0.75,0.7333333333333334,1.0146210670471192,0.021306896209716798
0.3,5,100.0,0.9,50,0.6366666666666667,0.13515423288475525,174,0.6333333333333333,0.5166666666666667,0.4666666666666667,0.8333333333333333,0.7333333333333334,1.0216530323028565,0.021189785003662108
