param_clf__shrink_threshold,param_selector__C,param_selector__l1_ratio,param_selector__top_k,mean_test_score,std_test_score,rank_test_score,split0_test_score,split1_test_score,split2_test_score,split3_test_score,split4_test_score,mean_fit_time,mean_score_time
,0.001,0.1,5,0.47333333333333333,0.07644896627453143,656,0.48333333333333334,0.6166666666666667,0.43333333333333335,0.43333333333333335,0.4,0.003229856491088867,0.00145721435546875
,0.001,0.1,10,0.51,0.10519822558706332,586,0.48333333333333334,0.7,0.5333333333333333,0.43333333333333335,0.4,0.0031563282012939454,0.001381826400756836
,0.001,0.1,20,0.55,0.039440531887330786,534,0.5666666666666667,0.6166666666666667,0.5333333333333333,0.5333333333333333,0.5,0.003213167190551758,0.0013917922973632813
,0.001,0.1,50,0.3866666666666667,0.1554205763583302,785,0.43333333333333335,0.65,0.3666666666666667,0.18333333333333335,0.30000000000000004,0.003169822692871094,0.0013721466064453125
,0.001,0.3,5,0.47333333333333333,0.07644896627453143,656,0.48333333333333334,0.6166666666666667,0.43333333333333335,0.43333333333333335,0.4,0.003212594985961914,0.001374673843383789
,0.001,0.3,10,0.51,0.10519822558706332,586,0.48333333333333334,0.7,0.5333333333333333,0.43333333333333335,0.4,0.003186655044555664,0.0013731002807617187
,0.001,0.3,20,0.55,0.039440531887330786,534,0.5666666666666667,0.6166666666666667,0.5333333333333333,0.5333333333333333,0.5,0.0031873703002929686,0.001378345489501953
,0.001,0.3,50,0.3866666666666667,0.1554205763583302,785,0.43333333333333335,0.65,0.3666666666666667,0.18333333333333335,0.30000000000000004,0.003179311752319336,0.0013813972473144531
,0.001,0.5,5,0.47333333333333333,0.07644896627453143,656,0.48333333333333334,0.6166666666666667,0.43333333333333335,0.43333333333333335,0.4,0.003265190124511719,0.0013817787170410157
,0.001,0.5,10,0.51,0.10519822558706332,586,0.48333333333333334,0.7,0.5333333333333333,0.43333333333333335,0.4,0.0031835079193115235,0.001371479034423828
,0.001,0.5,20,0.55,0.039440531887330786,534,0.5666666666666667,0.6166666666666667,0.5333333333333333,0.5333333333333333,0.5,0.0031601905822753905,0.0013872623443603516
,0.001,0.5,50,0.3866666666666667,0.1554205763583302,785,0.43333333333333335,0.65,0.3666666666666667,0.18333333333333335,0.30000000000000004,0.003206825256347656,0.0013890266418457031
,0.001,0.7,5,0.47333333333333333,0.07644896627453143,656,0.48333333333333334,0.6166666666666667,0.43333333333333335,0.43333333333333335,0.4,0.0033154964447021486,0.0013955116271972656
,0.001,0.7,10,0.51,0.10519822558706332,586,0.48333333333333334,0.7,0.5333333333333333,0.43333333333333335,0.4,0.003152132034301758,0.0013756275177001954
,0.001,0.7,20,0.55,0.039440531887330786,534,0.5666666666666667,0.6166666666666667,0.5333333333333333,0.5333333333333333,0.5,0.0031659603118896484,0.0013706684112548828
,0.001,0.7,50,0.3866666666666667,0.1554205763583302,785,0.43333333333333335,0.65,0.3666666666666667,0.18333333333333335,0.30000000000000004,0.00322723388671875,0.0013825416564941407
,0.001,0.9,5,0.47333333333333333,0.07644896627453143,656,0.48333333333333334,0.6166666666666667,0.43333333333333335,0.43333333333333335,0.4,0.0032015323638916017,0.0014495849609375
,0.001,0.9,10,0.51,0.10519822558706332,586,0.48333333333333334,0.7,0.5333333333333333,0.43333333333333335,0.4,0.0031758785247802735,0.0013674259185791015
,0.001,0.9,20,0.55,0.039440531887330786,534,0.5666666666666667,0.6166666666666667,0.5333333333333333,0.5333333333333333,0.5,0.003186321258544922,0.0013671875
,0.001,0.9,50,0.3866666666666667,0.1554205763583302,785,0.43333333333333335,0.65,0.3666666666666667,0.18333333333333335,0.30000000000000004,0.003213310241699219,0.0013987064361572266
,0.00359381,0.1,5,0.47333333333333333,0.07644896627453143,656,0.48333333333333334,0.6166666666666667,0.43333333333333335,0.43333333333333335,0.4,0.0038546085357666015,0.0013997554779052734
,0.00359381,0.1,10,0.51,0.10519822558706332,586,0.48333333333333334,0.7,0.5333333333333333,0.43333333333333335,0.4,0.0038092613220214845,0.0013731956481933595
,0.00359381,0.1,20,0.55,0.039440531887330786,534,0.5666666666666667,0.6166666666666667,0.5333333333333333,0.5333333333333333,0.5,0.0038270473480224608,0.0013811111450195313
,0.00359381,0.1,50,0.3866666666666667,0.1554205763583302,785,0.43333333333333335,0.65,0.3666666666666667,0.18333333333333335,0.30000000000000004,0.0039023876190185545,0.0013869285583496093
,0.00359381,0.3,5,0.47333333333333333,0.07644896627453143,656,0.48333333333333334,0.6166666666666667,0.43333333333333335,0.43333333333333335,0.4,0.003192615509033203,0.0013866901397705078
,0.00359381,0.3,10,0.51,0.10519822558706332,586,0.48333333333333334,0.7,0.5333333333333333,0.43333333333333335,0.4,0.0031826019287109373,0.0013879776000976563
,0.00359381,0.3,20,0.55,0.039440531887330786,534,0.5666666666666667,0.6166666666666667,0.5333333333333333,0.5333333333333333,0.5,0.0031865119934082033,0.001382589340209961
,0.00359381,0.3,50,0.3866666666666667,0.1554205763583302,785,0.43333333333333335,0.65,0.3666666666666667,0.18333333333333335,0.30000000000000004,0.0032491207122802733,0.0013973236083984375
,0.00359381,0.5,5,0.47333333333333333,0.07644896627453143,656,0.48333333333333334,0.6166666666666667,0.43333333333333335,0.43333333333333335,0.4,0.003178262710571289,0.0013772010803222655
,0.00359381,0.5,10,0.51,0.10519822558706332,586,0.48333333333333334,0.7,0.5333333333333333,0.43333333333333335,0.4,0.0032135963439941405,0.0013891696929931641
,0.00359381,0.5,20,0.55,0.039440531887330786,534,0.5666666666666667,0.6166666666666667,0.5333333333333333,0.5333333333333333,0.5,0.003176116943359375,0.0013964653015136718
,0.00359381,0.5,50,0.3866666666666667,0.1554205763583302,785,0.43333333333333335,0.65,0.3666666666666667,0.18333333333333335,0.30000000000000004,0.003270244598388672,0.0013834476470947266
,0.00359381,0.7,5,0.47333333333333333,0.07644896627453143,656,0.48333333333333334,0.6166666666666667,0.43333333333333335,0.43333333333333335,0.4,0.003145742416381836,0.0013819217681884765
,0.00359381,0.7,10,0.51,0.10519822558706332,586,0.48333333333333334,0.7,0.5333333333333333,0.43333333333333335,0.4,0.0032042980194091795,0.0013738155364990234
,0.00359381,0.7,20,0.55,0.039440531887330786,534,0.5666666666666667,0.6166666666666667,0.5333333333333333,0.5333333333333333,0.5,0.003201007843017578,0.001375579833984375
,0.00359381,0.7,50,0.3866666666666667,0.1554205763583302,785,0.43333333333333335,0.65,0.3666666666666667,0.18333333333333335,0.30000000000000004,0.003282928466796875,0.001393747329711914
,0.00359381,0.9,5,0.47333333333333333,0.07644896627453143,656,0.48333333333333334,0.6166666666666667,0.43333333333333335,0.43333333333333335,0.4,0.003160905838012695,0.0013839244842529298
,0.00359381,0.9,10,0.51,0.10519822558706332,586,0.48333333333333334,0.7,0.5333333333333333,0.43333333333333335,0.4,0.003217458724975586,0.0013731956481933595
,0.00359381,0.9,20,0.55,0.039440531887330786,534,0.5666666666666667,0.6166666666666667,0.5333333333333333,0.5333333333333333,0.5,0.003154087066650391,0.0013869762420654296
,0.00359381,0.9,50,0.3866666666666667,0.1554205763583302,785,0.43333333333333335,0.65,0.3666666666666667,0.18333333333333335,0.30000000000000004,0.003271150588989258,0.0014140605926513672
,0.0129155,0.1,5,0.6033333333333333,0.03711842908553347,501,0.6333333333333333,0.6333333333333333,0.5333333333333333,0.6166666666666667,0.6000000000000001,0.01171112060546875,0.0013815402984619141
,0.0129155,0.1,10,0.7366666666666667,0.14734690736866896,248,0.9166666666666667,0.8333333333333333,0.5166666666666667,0.6166666666666667,0.8,0.011832523345947265,0.0014006137847900391
,0.0129155,0.1,20,0.6833333333333333,0.08498365855987973,408,0.7333333333333334,0.75,0.5166666666666667,0.7166666666666667,0.7,0.011755561828613282,0.001394367218017578
,0.0129155,0.1,50,0.68,0.11372481406154653,426,0.8166666666666667,0.65,0.5166666666666667,0.6166666666666667,0.8,0.011758661270141602,0.001385641098022461
,0.0129155,0.3,5,0.47333333333333333,0.07644896627453143,656,0.48333333333333334,0.6166666666666667,0.43333333333333335,0.43333333333333335,0.4,0.0038818359375,0.001403045654296875
,0.0129155,0.3,10,0.51,0.10519822558706332,586,0.48333333333333334,0.7,0.5333333333333333,0.43333333333333335,0.4,0.003841876983642578,0.0013867855072021485
,0.0129155,0.3,20,0.55,0.039440531887330786,534,0.5666666666666667,0.6166666666666667,0.5333333333333333,0.5333333333333333,0.5,0.0037909507751464843,0.001385974884033203
,0.0129155,0.3,50,0.3866666666666667,0.1554205763583302,785,0.43333333333333335,0.65,0.3666666666666667,0.18333333333333335,0.30000000000000004,0.0038671493530273438,0.0013983726501464843
,0.0129155,0.5,5,0.47333333333333333,0.07644896627453143,656,0.48333333333333334,0.6166666666666667,0.43333333333333335,0.43333333333333335,0.4,0.003285980224609375,0.0013762950897216798
,0.0129155,0.5,10,0.51,0.10519822558706332,586,0.48333333333333334,0.7,0.5333333333333333,0.43333333333333335,0.4,0.0033082008361816407,0.0013788223266601562
,0.0129155,0.5,20,0.55,0.039440531887330786,534,0.5666666666666667,0.6166666666666667,0.5333333333333333,0.5333333333333333,0.5,0.0032683372497558593,0.001386260986328125
,0.0129155,0.5,50,0.3866666666666667,0.1554205763583302,785,0.43333333333333335,0.65,0.3666666666666667,0.18333333333333335,0.30000000000000004,0.0033596515655517577,0.0013813018798828126
,0.0129155,0.7,5,0.47333333333333333,0.07644896627453143,656,0.48333333333333334,0.6166666666666667,0.43333333333333335,0.43333333333333335,0.4,0.003237342834472656,0.0013878822326660156
,0.0129155,0.7,10,0.51,0.10519822558706332,586,0.48333333333333334,0.7,0.5333333333333333,0.43333333333333335,0.4,0.0033115863800048826,0.0013845443725585937
,0.0129155,0.7,20,0.55,0.039440531887330786,534,0.5666666666666667,0.6166666666666667,0.5333333333333333,0.5333333333333333,0.5,0.0032515525817871094,0.0013703346252441407
,0.0129155,0.7,50,0.3866666666666667,0.1554205763583302,785,0.43333333333333335,0.65,0.3666666666666667,0.18333333333333335,0.30000000000000004,0.0033487319946289063,0.0013975143432617188
,0.0129155,0.9,5,0.47333333333333333,0.07644896627453143,656,0.48333333333333334,0.6166666666666667,0.43333333333333335,0.43333333333333335,0.4,0.003260374069213867,0.0013802528381347656
,0.0129155,0.9,10,0.51,0.10519822558706332,586,0.48333333333333334,0.7,0.5333333333333333,0.43333333333333335,0.4,0.0033127307891845704,0.0013869285583496093
,0.0129155,0.9,20,0.55,0.039440531887330786,534,0.5666666666666667,0.6166666666666667,0.5333333333333333,0.5333333333333333,0.5,0.0032470226287841797,0.0013985633850097656
,0.0129155,0.9,50,0.3866666666666667,0.1554205763583302,785,0.43333333333333335,0.65,0.3666666666666667,0.18333333333333335,0.30000000000000004,0.00339202880859375,0.001397705078125
,0.0464159,0.1,5,0.6833333333333333,0.07378647873726216,408,0.65,0.65,0.7,0.8166666666666667,0.6000000000000001,0.023242616653442384,0.001397991180419922
,0.0464159,0.1,10,0.76,0.08,81,0.6333333333333333,0.8333333333333333,0.8,0.8333333333333333,0.7,0.02325730323791504,0.0013836860656738282
,0.0464159,0.1,20,0.7366666666666666,0.11175369742826806,264,0.8166666666666667,0.8333333333333333,0.7,0.5333333333333333,0.8,0.023358488082885744,0.001398324966430664
,0.0464159,0.1,50,0.74,0.040276819911981905,193,0.7333333333333334,0.7333333333333334,0.7166666666666667,0.8166666666666667,0.7,0.02324647903442383,0.0013990402221679688
,0.0464159,0.3,5,0.5700000000000001,0.0618241233033047,525,0.4666666666666667,0.6333333333333333,0.5333333333333333,0.6166666666666667,0.6000000000000001,0.02248411178588867,0.001392030715942383
,0.0464159,0.3,10,0.7566666666666666,0.10572501018102472,120,0.9166666666666667,0.8333333333333333,0.6166666666666667,0.7166666666666667,0.7,0.02253890037536621,0.0013913631439208985
,0.0464159,0.3,20,0.6833333333333333,0.08498365855987973,408,0.7333333333333334,0.75,0.5166666666666667,0.7166666666666667,0.7,0.02248692512512207,0.0013972759246826173
,0.0464159,0.3,50,0.7200000000000001,0.07916228058025278,308,0.8166666666666667,0.65,0.6166666666666667,0.7166666666666667,0.8,0.022610807418823244,0.0013971805572509765
,0.0464159,0.5,5,0.5066666666666666,0.11382247385975916,602,0.48333333333333334,0.6666666666666666,0.35,0.43333333333333335,0.6000000000000001,0.014077711105346679,0.00138092041015625
,0.0464159,0.5,10,0.5599999999999999,0.13686976778431872,533,0.48333333333333334,0.75,0.43333333333333335,0.43333333333333335,0.7,0.014013719558715821,0.0013910770416259766
,0.0464159,0.5,20,0.5633333333333334,0.07180219742846003,529,0.5666666666666667,0.6666666666666666,0.45,0.5333333333333333,0.6,0.014044189453125,0.0013927936553955079
,0.0464159,0.5,50,0.5166666666666667,0.19944367068868787,584,0.43333333333333335,0.7333333333333334,0.5333333333333333,0.18333333333333335,0.7,0.014022111892700195,0.0013995170593261719
,0.0464159,0.7,5,0.47333333333333333,0.07644896627453143,656,0.48333333333333334,0.6166666666666667,0.43333333333333335,0.43333333333333335,0.4,0.004083395004272461,0.0013836383819580077
,0.0464159,0.7,10,0.51,0.10519822558706332,586,0.48333333333333334,0.7,0.5333333333333333,0.43333333333333335,0.4,0.004086923599243164,0.0013756275177001954
,0.0464159,0.7,20,0.55,0.039440531887330786,534,0.5666666666666667,0.6166666666666667,0.5333333333333333,0.5333333333333333,0.5,0.004128408432006836,0.0013886451721191405
,0.0464159,0.7,50,0.3866666666666667,0.1554205763583302,785,0.43333333333333335,0.65,0.3666666666666667,0.18333333333333335,0.30000000000000004,0.004085683822631836,0.0013904571533203125
,0.0464159,0.9,5,0.47333333333333333,0.07644896627453143,656,0.48333333333333334,0.6166666666666667,0.43333333333333335,0.43333333333333335,0.4,0.0038023948669433593,0.0013872623443603516
,0.0464159,0.9,10,0.51,0.10519822558706332,586,0.48333333333333334,0.7,0.5333333333333333,0.43333333333333335,0.4,0.00384373664855957,0.0013613700866699219
,0.0464159,0.9,20,0.55,0.039440531887330786,534,0.5666666666666667,0.6166666666666667,0.5333333333333333,0.5333333333333333,0.5,0.0038784027099609377,0.0013794422149658204
,0.0464159,0.9,50,0.3866666666666667,0.1554205763583302,785,0.43333333333333335,0.65,0.3666666666666667,0.18333333333333335,0.30000000000000004,0.0038329601287841798,0.0013949871063232422
,0.16681,0.1,5,0.68,0.032317865716108854,426,0.6333333333333333,0.65,0.7166666666666667,0.7,0.7,0.05421490669250488,0.0014046192169189452
,0.16681,0.1,10,0.7766666666666666,0.10306416555826867,50,0.8166666666666667,0.8333333333333333,0.9,0.7333333333333334,0.6000000000000001,0.05490832328796387,0.0014125823974609375
,0.16681,0.1,20,0.7566666666666666,0.07717224601860151,120,0.8166666666666667,0.8333333333333333,0.7,0.6333333333333333,0.8,0.054811525344848636,0.001412343978881836
,0.16681,0.1,50,0.74,0.07498147919467993,193,0.7333333333333334,0.8333333333333333,0.6166666666666667,0.7166666666666667,0.8,0.05496435165405274,0.0014095783233642578
,0.16681,0.3,5,0.5833333333333334,0.09309493362512626,514,0.43333333333333335,0.65,0.7,0.5333333333333333,0.6000000000000001,0.05946516990661621,0.001420450210571289
,0.16681,0.3,10,0.7566666666666666,0.12892719737209143,120,0.8166666666666667,0.8333333333333333,0.8,0.8333333333333333,0.5,0.05870356559753418,0.001400136947631836
,0.16681,0.3,20,0.74,0.09463379711052258,193,0.8166666666666667,0.8333333333333333,0.6166666666666667,0.6333333333333333,0.8,0.058806753158569335,0.0014134883880615235
,0.16681,0.3,50,0.7200000000000001,0.06446359868604572,308,0.7333333333333334,0.7333333333333334,0.6166666666666667,0.8166666666666667,0.7,0.058445310592651366,0.0014132022857666015
,0.16681,0.5,5,0.6900000000000001,0.12046207333061769,393,0.65,0.5833333333333334,0.7,0.9166666666666667,0.6000000000000001,0.06206569671630859,0.001407957077026367
,0.16681,0.5,10,0.7933333333333334,0.10466878978738386,23,0.8166666666666667,0.8333333333333333,0.8,0.9166666666666667,0.6000000000000001,0.06183938980102539,0.0014077186584472655
,0.16681,0.5,20,0.7966666666666666,0.06699917080747259,16,0.7333333333333334,0.8333333333333333,0.9,0.7166666666666667,0.8,0.061928939819335935,0.0013995647430419921
,0.16681,0.5,50,0.7366666666666667,0.1199073716573663,248,0.8166666666666667,0.8333333333333333,0.5166666666666667,0.8166666666666667,0.7,0.061683130264282224,0.0014173030853271485
,0.16681,0.7,5,0.6900000000000001,0.12046207333061769,393,0.65,0.5833333333333334,0.7,0.9166666666666667,0.6000000000000001,0.06109089851379394,0.0013959407806396484
,0.16681,0.7,10,0.7733333333333332,0.04294699575575044,69,0.8166666666666667,0.75,0.8,0.7,0.8,0.0617520809173584,0.0013955116271972656
,0.16681,0.7,20,0.7566666666666666,0.05637178175095919,120,0.8166666666666667,0.8333333333333333,0.7166666666666667,0.7166666666666667,0.7,0.06223740577697754,0.0014140605926513672
,0.16681,0.7,50,0.7166666666666667,0.09368979548370128,330,0.8166666666666667,0.7333333333333334,0.6166666666666667,0.8166666666666667,0.6000000000000001,0.061935949325561526,0.0014136314392089843
,0.16681,0.9,5,0.6833333333333333,0.12692955176439846,408,0.65,0.55,0.7,0.9166666666666667,0.6000000000000001,0.0657351016998291,0.0014054298400878907
,0.16681,0.9,10,0.7533333333333333,0.08259674462242582,161,0.9166666666666667,0.7333333333333334,0.7166666666666667,0.7,0.7,0.06465387344360352,0.0014026165008544922
,0.16681,0.9,20,0.7566666666666666,0.051207638319124046,120,0.7333333333333334,0.8333333333333333,0.8,0.7166666666666667,0.7,0.06423048973083496,0.0014129638671875
,0.16681,0.9,50,0.7366666666666667,0.07557189365836421,248,0.8166666666666667,0.7333333333333334,0.6166666666666667,0.8166666666666667,0.7,0.06424098014831543,0.0014103412628173827
,0.599484,0.1,5,0.5766666666666668,0.0891939210683977,522,0.7333333333333334,0.55,0.5333333333333333,0.4666666666666667,0.6,0.12463440895080566,0.0014356136322021484
,0.599484,0.1,10,0.76,0.07498147919467994,81,0.8166666666666667,0.8333333333333333,0.7166666666666667,0.6333333333333333,0.8,0.12497110366821289,0.0014325618743896485
,0.599484,0.1,20,0.74,0.12229290885229424,193,0.8166666666666667,0.8333333333333333,0.5166666666666667,0.8333333333333333,0.7,0.12420105934143066,0.0014434814453125
,0.599484,0.1,50,0.74,0.07498147919467993,193,0.7333333333333334,0.8333333333333333,0.6166666666666667,0.7166666666666667,0.8,0.12455053329467773,0.0014436721801757812
,0.599484,0.3,5,0.6866666666666668,0.07845734863959879,402,0.8166666666666667,0.65,0.6333333333333333,0.7333333333333334,0.6000000000000001,0.14915056228637696,0.001581287384033203
,0.599484,0.3,10,0.6799999999999999,0.12710450643291743,430,0.8166666666666667,0.8333333333333333,0.6166666666666667,0.6333333333333333,0.5,0.14905824661254882,0.0014634132385253906
,0.599484,0.3,20,0.7799999999999999,0.08259674462242575,36,0.8166666666666667,0.8333333333333333,0.6166666666666667,0.8333333333333333,0.8,0.14832472801208496,0.0014653205871582031
,0.599484,0.3,50,0.7,0.1260511360079269,383,0.7333333333333334,0.8333333333333333,0.6166666666666667,0.8166666666666667,0.5,0.14842691421508789,0.001451730728149414
,0.599484,0.5,5,0.6433333333333333,0.08339997335464537,461,0.6166666666666667,0.65,0.7166666666666667,0.7333333333333334,0.5,0.16062192916870116,0.0014435768127441407
,0.599484,0.5,10,0.7,0.10697871023920807,383,0.8166666666666667,0.75,0.7,0.7333333333333334,0.5,0.15973253250122071,0.0014527797698974609
,0.599484,0.5,20,0.7966666666666666,0.09854496999396321,16,0.8166666666666667,0.8333333333333333,0.6166666666666667,0.9166666666666667,0.8,0.15965876579284669,0.0014507293701171875
,0.599484,0.5,50,0.7366666666666667,0.07986099033807291,248,0.8166666666666667,0.8333333333333333,0.6166666666666667,0.7166666666666667,0.7,0.15973992347717286,0.0014318466186523438
,0.599484,0.7,5,0.6066666666666667,0.09043106644167022,498,0.43333333333333335,0.6333333333333333,0.6333333333333333,0.6333333333333333,0.7,0.18950657844543456,0.0014621257781982423
,0.599484,0.7,10,0.6966666666666665,0.12310790208412924,392,0.8166666666666667,0.8333333333333333,0.7,0.6333333333333333,0.5,0.18823928833007814,0.001457071304321289
,0.599484,0.7,20,0.82,0.048762462794425976,2,0.8166666666666667,0.8333333333333333,0.9,0.75,0.8,0.18991122245788575,0.0014713764190673827
,0.599484,0.7,50,0.7366666666666667,0.07557189365836421,248,0.8166666666666667,0.7333333333333334,0.6166666666666667,0.8166666666666667,0.7,0.18963398933410644,0.0014687061309814453
,0.599484,0.9,5,0.6199999999999999,0.1007747763855398,485,0.43333333333333335,0.6333333333333333,0.7166666666666667,0.6166666666666667,0.7,0.18890690803527832,0.001485300064086914
,0.599484,0.9,10,0.7166666666666666,0.10749676997731397,334,0.8166666666666667,0.8333333333333333,0.7,0.5333333333333333,0.7,0.18945631980895997,0.001513195037841797
,0.599484,0.9,20,0.8033333333333333,0.07630348761506399,7,0.8166666666666667,0.8333333333333333,0.9,0.6666666666666666,0.8,0.1906953811645508,0.0015106201171875
,0.599484,0.9,50,0.7333333333333334,0.08096638534327413,271,0.8166666666666667,0.7333333333333334,0.6,0.8166666666666667,0.7,0.1891193389892578,0.0015040874481201173
,2.15443,0.1,5,0.6333333333333334,0.12292725943057185,477,0.7333333333333334,0.6333333333333333,0.5333333333333333,0.4666666666666667,0.8,0.24559926986694336,0.001550769805908203
,2.15443,0.1,10,0.74,0.06200358412579426,193,0.8166666666666667,0.65,0.8,0.7333333333333334,0.7,0.24443359375,0.0015415191650390626
,2.15443,0.1,20,0.74,0.12229290885229424,193,0.8166666666666667,0.8333333333333333,0.5166666666666667,0.8333333333333333,0.7,0.2449371337890625,0.0015940189361572266
,2.15443,0.1,50,0.74,0.07498147919467993,193,0.7333333333333334,0.8333333333333333,0.6166666666666667,0.7166666666666667,0.8,0.2484663486480713,0.0015369415283203124
,2.15443,0.3,5,0.6666666666666667,0.0843274042711568,444,0.7333333333333334,0.7333333333333334,0.5333333333333333,0.7333333333333334,0.6000000000000001,0.30936121940612793,0.0015899658203125
,2.15443,0.3,10,0.72,0.09392668535736913,319,0.8166666666666667,0.8333333333333333,0.7166666666666667,0.6333333333333333,0.6,0.3084724426269531,0.0015398025512695312
,2.15443,0.3,20,0.8,0.043461349368017634,11,0.8166666666666667,0.8333333333333333,0.7166666666666667,0.8333333333333333,0.8,0.3081688404083252,0.0015384674072265625
,2.15443,0.3,50,0.7433333333333334,0.07039570693980958,170,0.7333333333333334,0.75,0.6166666666666667,0.8166666666666667,0.8,0.3100744247436523,0.0015337944030761718
,2.15443,0.5,5,0.7066666666666667,0.06548960901462833,348,0.8166666666666667,0.65,0.6333333333333333,0.7333333333333334,0.7,0.3427151679992676,0.0015471458435058593
,2.15443,0.5,10,0.66,0.10780641085864154,455,0.8166666666666667,0.7333333333333334,0.6166666666666667,0.6333333333333333,0.5,0.34444293975830076,0.001547384262084961
,2.15443,0.5,20,0.7366666666666667,0.11709445380166861,248,0.8166666666666667,0.8333333333333333,0.5166666666666667,0.7166666666666667,0.8,0.34305896759033205,0.001552581787109375
,2.15443,0.5,50,0.6633333333333333,0.10718623460542351,450,0.7333333333333334,0.65,0.6166666666666667,0.8166666666666667,0.5,0.3400095462799072,0.0015621662139892578
,2.15443,0.7,5,0.6833333333333333,0.0809663853432741,408,0.8166666666666667,0.65,0.6166666666666667,0.7333333333333334,0.6000000000000001,0.3580111026763916,0.0015550613403320312
,2.15443,0.7,10,0.6633333333333333,0.10718623460542351,450,0.8166666666666667,0.7333333333333334,0.6166666666666667,0.65,0.5,0.35997848510742186,0.0015471935272216796
,2.15443,0.7,20,0.7566666666666666,0.13848385385227324,120,0.8166666666666667,0.8333333333333333,0.5166666666666667,0.9166666666666667,0.7,0.3607813358306885,0.0015854358673095704
,2.15443,0.7,50,0.74,0.10143416036468622,193,0.8166666666666667,0.8333333333333333,0.6333333333333333,0.8166666666666667,0.6000000000000001,0.3648806095123291,0.0015583515167236328
,2.15443,0.9,5,0.7066666666666668,0.07498147919467991,345,0.8166666666666667,0.65,0.7333333333333334,0.7333333333333334,0.6000000000000001,0.41214895248413086,0.001570892333984375
,2.15443,0.9,10,0.6833333333333333,0.12605113600792692,408,0.8166666666666667,0.8333333333333333,0.6166666666666667,0.65,0.5,0.4082082748413086,0.0015680313110351563
,2.15443,0.9,20,0.7566666666666666,0.13848385385227324,120,0.8166666666666667,0.8333333333333333,0.5166666666666667,0.9166666666666667,0.7,0.40562801361083983,0.0015483856201171874
,2.15443,0.9,50,0.76,0.0793025150224688,81,0.8166666666666667,0.8333333333333333,0.6333333333333333,0.8166666666666667,0.7,0.4052599906921387,0.0015623092651367188
,7.74264,0.1,5,0.6900000000000001,0.09521904571390469,393,0.7333333333333334,0.6333333333333333,0.5333333333333333,0.75,0.8,0.28063211441040037,0.0015352249145507812
,7.74264,0.1,10,0.76,0.062003584125794244,81,0.7333333333333334,0.65,0.8,0.8166666666666667,0.8,0.28049545288085936,0.0015386581420898438
,7.74264,0.1,20,0.72,0.13474255287605152,319,0.8166666666666667,0.8333333333333333,0.5166666666666667,0.8333333333333333,0.6000000000000001,0.28218693733215333,0.0015459060668945312
,7.74264,0.1,50,0.74,0.07498147919467993,193,0.7333333333333334,0.8333333333333333,0.6166666666666667,0.7166666666666667,0.8,0.28041901588439944,0.0015469074249267578
,7.74264,0.3,5,0.5933333333333334,0.09043106644167026,508,0.7333333333333334,0.6333333333333333,0.5333333333333333,0.4666666666666667,0.6000000000000001,0.4765270233154297,0.0015465259552001954
,7.74264,0.3,10,0.7633333333333334,0.08653836657164779,74,0.7333333333333334,0.65,0.7166666666666667,0.8166666666666667,0.9,0.47935824394226073,0.001568174362182617
,7.74264,0.3,20,0.74,0.12229290885229424,193,0.8166666666666667,0.8333333333333333,0.5166666666666667,0.8333333333333333,0.7,0.47678747177124026,0.0015644550323486329
,7.74264,0.3,50,0.74,0.07498147919467993,193,0.7333333333333334,0.8333333333333333,0.6166666666666667,0.7166666666666667,0.8,0.4775688648223877,0.0016952037811279296
,7.74264,0.5,5,0.6266666666666667,0.09043106644167026,480,0.7333333333333334,0.5333333333333333,0.5333333333333333,0.7333333333333334,0.6,0.5758452892303467,0.0015760421752929687
,7.74264,0.5,10,0.7033333333333334,0.0819213715162967,358,0.7333333333333334,0.8333333333333333,0.7166666666666667,0.6333333333333333,0.6,0.5728732109069824,0.0015719413757324218
,7.74264,0.5,20,0.72,0.11323525167642016,319,0.8166666666666667,0.8333333333333333,0.5166666666666667,0.7333333333333334,0.7,0.5715811729431153,0.0015714168548583984
,7.74264,0.5,50,0.7233333333333334,0.06018490028422596,282,0.7333333333333334,0.75,0.6166666666666667,0.7166666666666667,0.8,0.5844636917114258,0.0015762805938720702
,7.74264,0.7,5,0.7033333333333334,0.09333333333333335,358,0.8166666666666667,0.7333333333333334,0.5333333333333333,0.7333333333333334,0.7,0.5873319625854492,0.0015885353088378907
,7.74264,0.7,10,0.7033333333333334,0.12174654911833115,358,0.8166666666666667,0.8333333333333333,0.7166666666666667,0.65,0.5,0.5842573165893554,0.0015807151794433594
,7.74264,0.7,20,0.74,0.09463379711052258,193,0.8166666666666667,0.8333333333333333,0.6166666666666667,0.6333333333333333,0.8,0.5923569202423096,0.0015747547149658203
,7.74264,0.7,50,0.7433333333333334,0.07039570693980958,170,0.7333333333333334,0.75,0.6166666666666667,0.8166666666666667,0.8,0.5882778167724609,0.0015754222869873047
,7.74264,0.9,5,0.7033333333333334,0.09333333333333335,358,0.8166666666666667,0.7333333333333334,0.5333333333333333,0.7333333333333334,0.7,0.6339314460754395,0.0016209602355957032
,7.74264,0.9,10,0.7033333333333334,0.07408703590297623,358,0.8166666666666667,0.7333333333333334,0.7166666666666667,0.65,0.6,0.6336713790893554,0.0015772342681884765
,7.74264,0.9,20,0.7366666666666667,0.1199073716573663,248,0.8166666666666667,0.8333333333333333,0.5166666666666667,0.8166666666666667,0.7,0.6436868667602539,0.0015655994415283204
,7.74264,0.9,50,0.7266666666666668,0.060184900284225976,274,0.7333333333333334,0.75,0.6333333333333333,0.8166666666666667,0.7,0.6497321128845215,0.001573801040649414
,27.8256,0.1,5,0.61,0.13063945294843618,490,0.7333333333333334,0.6333333333333333,0.5333333333333333,0.75,0.4,0.3035900592803955,0.0015323638916015625
,27.8256,0.1,10,0.7033333333333334,0.1024152766382481,358,0.7333333333333334,0.5666666666666667,0.8,0.8166666666666667,0.6000000000000001,0.30490612983703613,0.0015195846557617188
,27.8256,0.1,20,0.7766666666666666,0.1088321847820967,50,0.8166666666666667,0.8333333333333333,0.7166666666666667,0.9166666666666667,0.6000000000000001,0.30199542045593264,0.001531505584716797
,27.8256,0.1,50,0.7566666666666666,0.08919392106839767,120,0.8333333333333333,0.8333333333333333,0.6,0.7166666666666667,0.8,0.3026565074920654,0.0015273571014404296
,27.8256,0.3,5,0.6900000000000001,0.09521904571390469,393,0.7333333333333334,0.6333333333333333,0.5333333333333333,0.75,0.8,0.39560585021972655,0.001535511016845703
,27.8256,0.3,10,0.7766666666666666,0.03590109871423001,50,0.7333333333333334,0.7333333333333334,0.8,0.8166666666666667,0.8,0.39664177894592284,0.0015462398529052734
,27.8256,0.3,20,0.76,0.08730533902472526,81,0.8166666666666667,0.8333333333333333,0.6166666666666667,0.8333333333333333,0.7,0.3985258102416992,0.001573324203491211
,27.8256,0.3,50,0.7200000000000001,0.0694422221866655,308,0.7333333333333334,0.8333333333333333,0.6166666666666667,0.7166666666666667,0.7,0.39573049545288086,0.001561880111694336
,27.8256,0.5,5,0.6133333333333333,0.10022197585581939,486,0.7333333333333334,0.6333333333333333,0.5333333333333333,0.4666666666666667,0.7,0.5551529407501221,0.0015584468841552735
,27.8256,0.5,10,0.74,0.06200358412579425,193,0.7333333333333334,0.65,0.8,0.8166666666666667,0.7,0.5553180694580078,0.0015625
,27.8256,0.5,20,0.76,0.08730533902472526,81,0.8166666666666667,0.8333333333333333,0.6166666666666667,0.8333333333333333,0.7,0.5574872970581055,0.001695394515991211
,27.8256,0.5,50,0.74,0.07498147919467993,193,0.7333333333333334,0.8333333333333333,0.6166666666666667,0.7166666666666667,0.8,0.5559325218200684,0.0015663623809814454
,27.8256,0.7,5,0.5900000000000001,0.08537498983243798,512,0.7166666666666667,0.6333333333333333,0.5333333333333333,0.4666666666666667,0.6000000000000001,0.6765059471130371,0.0015822887420654298
,27.8256,0.7,10,0.7633333333333334,0.08653836657164779,74,0.7333333333333334,0.65,0.7166666666666667,0.8166666666666667,0.9,0.6758262157440186,0.0015689373016357423
,27.8256,0.7,20,0.7233333333333334,0.11623730516108458,282,0.7333333333333334,0.8333333333333333,0.5166666666666667,0.8333333333333333,0.7,0.6809548377990723,0.0015799522399902344
,27.8256,0.7,50,0.7233333333333334,0.10413666234542206,282,0.7333333333333334,0.8333333333333333,0.5333333333333333,0.7166666666666667,0.8,0.6761399745941162,0.0015960693359375
,27.8256,0.9,5,0.5933333333333334,0.09043106644167026,508,0.7333333333333334,0.6333333333333333,0.5333333333333333,0.4666666666666667,0.6000000000000001,0.7500917911529541,0.0015750408172607421
,27.8256,0.9,10,0.76,0.05436502143433362,81,0.7333333333333334,0.8333333333333333,0.7166666666666667,0.8166666666666667,0.7,0.7630607604980468,0.0015683650970458984
,27.8256,0.9,20,0.7233333333333334,0.11623730516108458,282,0.7333333333333334,0.8333333333333333,0.5166666666666667,0.8333333333333333,0.7,0.7577454090118408,0.001569652557373047
,27.8256,0.9,50,0.74,0.07498147919467993,193,0.7333333333333334,0.8333333333333333,0.6166666666666667,0.7166666666666667,0.8,0.7571161270141602,0.0015746116638183593
,100.0,0.1,5,0.6133333333333333,0.13140268896284685,486,0.7333333333333334,0.65,0.5333333333333333,0.75,0.4,0.3601212501525879,0.001505279541015625
,100.0,0.1,10,0.7233333333333333,0.0891939210683977,302,0.7333333333333334,0.5666666666666667,0.7,0.8166666666666667,0.8,0.3612386226654053,0.0015189647674560547
,100.0,0.1,20,0.7566666666666666,0.14321700705960558,120,0.8166666666666667,0.8333333333333333,0.7166666666666667,0.9166666666666667,0.5,0.35967187881469725,0.0015218257904052734
,100.0,0.1,50,0.7766666666666666,0.0573488351136175,50,0.8333333333333333,0.8333333333333333,0.7,0.7166666666666667,0.8,0.3601722717285156,0.0015141963958740234
,100.0,0.3,5,0.61,0.13063945294843618,490,0.7333333333333334,0.6333333333333333,0.5333333333333333,0.75,0.4,0.36304173469543455,0.0015144824981689453
,100.0,0.3,10,0.7033333333333334,0.1024152766382481,358,0.7333333333333334,0.5666666666666667,0.8,0.8166666666666667,0.6000000000000001,0.3648541927337646,0.0015137672424316406
,100.0,0.3,20,0.7766666666666666,0.1088321847820967,50,0.8166666666666667,0.8333333333333333,0.7166666666666667,0.9166666666666667,0.6000000000000001,0.36301612854003906,0.0015225410461425781
,100.0,0.3,50,0.7566666666666666,0.08919392106839767,120,0.8333333333333333,0.8333333333333333,0.6,0.7166666666666667,0.8,0.3637514114379883,0.0015224933624267579
,100.0,0.5,5,0.61,0.13063945294843618,490,0.7333333333333334,0.6333333333333333,0.5333333333333333,0.75,0.4,0.38675861358642577,0.001511859893798828
,100.0,0.5,10,0.7033333333333334,0.1024152766382481,358,0.7333333333333334,0.5666666666666667,0.8,0.8166666666666667,0.6000000000000001,0.38516950607299805,0.0015347003936767578
,100.0,0.5,20,0.7566666666666666,0.14321700705960558,120,0.8166666666666667,0.8333333333333333,0.7166666666666667,0.9166666666666667,0.5,0.3849621295928955,0.0015176773071289063
,100.0,0.5,50,0.74,0.08339997335464533,193,0.8333333333333333,0.8333333333333333,0.6166666666666667,0.7166666666666667,0.7,0.3861093521118164,0.0015244007110595704
,100.0,0.7,5,0.61,0.13063945294843618,490,0.7333333333333334,0.6333333333333333,0.5333333333333333,0.75,0.4,0.41505870819091795,0.0015316486358642578
,100.0,0.7,10,0.72,0.08393118874676113,319,0.7333333333333334,0.65,0.8,0.8166666666666667,0.6000000000000001,0.41534738540649413,0.0015248298645019532
,100.0,0.7,20,0.7366666666666666,0.12840906856172143,264,0.8166666666666667,0.8333333333333333,0.7,0.8333333333333333,0.5,0.4159271240234375,0.0016522407531738281
,100.0,0.7,50,0.7233333333333334,0.10413666234542206,282,0.7333333333333334,0.8333333333333333,0.5333333333333333,0.7166666666666667,0.8,0.41734895706176756,0.0015328407287597656
,100.0,0.9,5,0.6699999999999999,0.07916228058025279,442,0.7333333333333334,0.6333333333333333,0.5333333333333333,0.75,0.7,0.4537388801574707,0.0015363216400146485
,100.0,0.9,10,0.7766666666666666,0.03590109871423001,50,0.7333333333333334,0.7333333333333334,0.8,0.8166666666666667,0.8,0.4537602424621582,0.001543426513671875
,100.0,0.9,20,0.7366666666666666,0.12840906856172143,264,0.8166666666666667,0.8333333333333333,0.7,0.8333333333333333,0.5,0.453617525100708,0.0015458106994628907
,100.0,0.9,50,0.7033333333333334,0.09683892697555965,358,0.7333333333333334,0.8333333333333333,0.5333333333333333,0.7166666666666667,0.7,0.4568301200866699,0.0015684127807617187
0.1,0.001,0.1,5,0.45666666666666667,0.046666666666666655,704,0.48333333333333334,0.5333333333333333,0.43333333333333335,0.43333333333333335,0.4,0.003267335891723633,0.0013929367065429687
0.1,0.001,0.1,10,0.53,0.10770329614269006,551,0.5833333333333334,0.7,0.5333333333333333,0.43333333333333335,0.4,0.0032358169555664062,0.0013803482055664063
0.1,0.001,0.1,20,0.53,0.07180219742846004,551,0.5666666666666667,0.6166666666666667,0.5333333333333333,0.5333333333333333,0.4,0.003274059295654297,0.0014501571655273437
0.1,0.001,0.1,50,0.42666666666666664,0.12229290885229427,753,0.43333333333333335,0.65,0.3666666666666667,0.2833333333333333,0.4,0.0032430171966552736,0.0014071464538574219
0.1,0.001,0.3,5,0.45666666666666667,0.046666666666666655,704,0.48333333333333334,0.5333333333333333,0.43333333333333335,0.43333333333333335,0.4,0.00318760871887207,0.0013840198516845703
0.1,0.001,0.3,10,0.53,0.10770329614269006,551,0.5833333333333334,0.7,0.5333333333333333,0.43333333333333335,0.4,0.0031911373138427735,0.0013867855072021485
0.1,0.001,0.3,20,0.53,0.07180219742846004,551,0.5666666666666667,0.6166666666666667,0.5333333333333333,0.5333333333333333,0.4,0.003306007385253906,0.0013913631439208985
0.1,0.001,0.3,50,0.42666666666666664,0.12229290885229427,753,0.43333333333333335,0.65,0.3666666666666667,0.2833333333333333,0.4,0.003228616714477539,0.0014016151428222657
0.1,0.001,0.5,5,0.45666666666666667,0.046666666666666655,704,0.48333333333333334,0.5333333333333333,0.43333333333333335,0.43333333333333335,0.4,0.0032201766967773437,0.0013713836669921875
0.1,0.001,0.5,10,0.53,0.10770329614269006,551,0.5833333333333334,0.7,0.5333333333333333,0.43333333333333335,0.4,0.003200054168701172,0.0013915061950683593
0.1,0.001,0.5,20,0.53,0.07180219742846004,551,0.5666666666666667,0.6166666666666667,0.5333333333333333,0.5333333333333333,0.4,0.003274059295654297,0.0014582633972167968
0.1,0.001,0.5,50,0.42666666666666664,0.12229290885229427,753,0.43333333333333335,0.65,0.3666666666666667,0.2833333333333333,0.4,0.003239154815673828,0.0013968467712402344
0.1,0.001,0.7,5,0.45666666666666667,0.046666666666666655,704,0.48333333333333334,0.5333333333333333,0.43333333333333335,0.43333333333333335,0.4,0.0032249927520751954,0.0013710975646972657
0.1,0.001,0.7,10,0.53,0.10770329614269006,551,0.5833333333333334,0.7,0.5333333333333333,0.43333333333333335,0.4,0.003206968307495117,0.0013878822326660156
0.1,0.001,0.7,20,0.53,0.07180219742846004,551,0.5666666666666667,0.6166666666666667,0.5333333333333333,0.5333333333333333,0.4,0.003307628631591797,0.0013910770416259766
0.1,0.001,0.7,50,0.42666666666666664,0.12229290885229427,753,0.43333333333333335,0.65,0.3666666666666667,0.2833333333333333,0.4,0.00322871208190918,0.0013862133026123046
0.1,0.001,0.9,5,0.45666666666666667,0.046666666666666655,704,0.48333333333333334,0.5333333333333333,0.43333333333333335,0.43333333333333335,0.4,0.003211307525634766,0.0013760089874267577
0.1,0.001,0.9,10,0.53,0.10770329614269006,551,0.5833333333333334,0.7,0.5333333333333333,0.43333333333333335,0.4,0.003218221664428711,0.001376199722290039
0.1,0.001,0.9,20,0.53,0.07180219742846004,551,0.5666666666666667,0.6166666666666667,0.5333333333333333,0.5333333333333333,0.4,0.003283071517944336,0.001451873779296875
0.1,0.001,0.9,50,0.42666666666666664,0.12229290885229427,753,0.43333333333333335,0.65,0.3666666666666667,0.2833333333333333,0.4,0.003235006332397461,0.0013798713684082032
0.1,0.00359381,0.1,5,0.45666666666666667,0.046666666666666655,704,0.48333333333333334,0.5333333333333333,0.43333333333333335,0.43333333333333335,0.4,0.003824949264526367,0.0013780593872070312
0.1,0.00359381,0.1,10,0.53,0.10770329614269006,551,0.5833333333333334,0.7,0.5333333333333333,0.43333333333333335,0.4,0.003823661804199219,0.0013917922973632813
0.1,0.00359381,0.1,20,0.53,0.07180219742846004,551,0.5666666666666667,0.6166666666666667,0.5333333333333333,0.5333333333333333,0.4,0.0039406299591064455,0.0013826847076416015
0.1,0.00359381,0.1,50,0.42666666666666664,0.12229290885229427,753,0.43333333333333335,0.65,0.3666666666666667,0.2833333333333333,0.4,0.0038709163665771483,0.0013874530792236327
0.1,0.00359381,0.3,5,0.45666666666666667,0.046666666666666655,704,0.48333333333333334,0.5333333333333333,0.43333333333333335,0.43333333333333335,0.4,0.0031848430633544924,0.0013876914978027343
0.1,0.00359381,0.3,10,0.53,0.10770329614269006,551,0.5833333333333334,0.7,0.5333333333333333,0.43333333333333335,0.4,0.0032956600189208984,0.0013845443725585937
0.1,0.00359381,0.3,20,0.53,0.07180219742846004,551,0.5666666666666667,0.6166666666666667,0.5333333333333333,0.5333333333333333,0.4,0.0032500267028808595,0.0013915061950683593
0.1,0.00359381,0.3,50,0.42666666666666664,0.12229290885229427,753,0.43333333333333335,0.65,0.3666666666666667,0.2833333333333333,0.4,0.0032355785369873047,0.0013820648193359375
0.1,0.00359381,0.5,5,0.45666666666666667,0.046666666666666655,704,0.48333333333333334,0.5333333333333333,0.43333333333333335,0.43333333333333335,0.4,0.003197336196899414,0.0013810157775878905
0.1,0.00359381,0.5,10,0.53,0.10770329614269006,551,0.5833333333333334,0.7,0.5333333333333333,0.43333333333333335,0.4,0.0032842159271240234,0.0013963699340820313
0.1,0.00359381,0.5,20,0.53,0.07180219742846004,551,0.5666666666666667,0.6166666666666667,0.5333333333333333,0.5333333333333333,0.4,0.003250741958618164,0.0013838768005371093
0.1,0.00359381,0.5,50,0.42666666666666664,0.12229290885229427,753,0.43333333333333335,0.65,0.3666666666666667,0.2833333333333333,0.4,0.0032195568084716795,0.0013887405395507813
0.1,0.00359381,0.7,5,0.45666666666666667,0.046666666666666655,704,0.48333333333333334,0.5333333333333333,0.43333333333333335,0.43333333333333335,0.4,0.0031901836395263673,0.0013695240020751953
0.1,0.00359381,0.7,10,0.53,0.10770329614269006,551,0.5833333333333334,0.7,0.5333333333333333,0.43333333333333335,0.4,0.0032448768615722656,0.0014635562896728516
0.1,0.00359381,0.7,20,0.53,0.07180219742846004,551,0.5666666666666667,0.6166666666666667,0.5333333333333333,0.5333333333333333,0.4,0.0032441139221191405,0.0013861656188964844
0.1,0.00359381,0.7,50,0.42666666666666664,0.12229290885229427,753,0.43333333333333335,0.65,0.3666666666666667,0.2833333333333333,0.4,0.003207874298095703,0.0013907432556152343
0.1,0.00359381,0.9,5,0.45666666666666667,0.046666666666666655,704,0.48333333333333334,0.5333333333333333,0.43333333333333335,0.43333333333333335,0.4,0.003193092346191406,0.0013680458068847656
0.1,0.00359381,0.9,10,0.53,0.10770329614269006,551,0.5833333333333334,0.7,0.5333333333333333,0.43333333333333335,0.4,0.0032744407653808594,0.0013903141021728515
0.1,0.00359381,0.9,20,0.53,0.07180219742846004,551,0.5666666666666667,0.6166666666666667,0.5333333333333333,0.5333333333333333,0.4,0.0032548904418945312,0.0013858318328857423
0.1,0.00359381,0.9,50,0.42666666666666664,0.12229290885229427,753,0.43333333333333335,0.65,0.3666666666666667,0.2833333333333333,0.4,0.0032249927520751954,0.0014024734497070312
0.1,0.0129155,0.1,5,0.6033333333333333,0.03711842908553347,501,0.6333333333333333,0.6333333333333333,0.5333333333333333,0.6166666666666667,0.6000000000000001,0.011787176132202148,0.001385641098022461
0.1,0.0129155,0.1,10,0.7366666666666667,0.14734690736866896,248,0.9166666666666667,0.8333333333333333,0.5166666666666667,0.6166666666666667,0.8,0.011748027801513673,0.001455211639404297
0.1,0.0129155,0.1,20,0.6833333333333333,0.08498365855987973,408,0.7333333333333334,0.75,0.5166666666666667,0.7166666666666667,0.7,0.011844015121459961,0.0013901233673095704
0.1,0.0129155,0.1,50,0.7,0.08944271909999157,383,0.8166666666666667,0.65,0.6166666666666667,0.6166666666666667,0.8,0.011786651611328126,0.001386117935180664
0.1,0.0129155,0.3,5,0.45666666666666667,0.046666666666666655,704,0.48333333333333334,0.5333333333333333,0.43333333333333335,0.43333333333333335,0.4,0.00382843017578125,0.0013756752014160156
0.1,0.0129155,0.3,10,0.53,0.10770329614269006,551,0.5833333333333334,0.7,0.5333333333333333,0.43333333333333335,0.4,0.003824472427368164,0.001380777359008789
0.1,0.0129155,0.3,20,0.53,0.07180219742846004,551,0.5666666666666667,0.6166666666666667,0.5333333333333333,0.5333333333333333,0.4,0.0038791179656982424,0.0014559268951416016
0.1,0.0129155,0.3,50,0.42666666666666664,0.12229290885229427,753,0.43333333333333335,0.65,0.3666666666666667,0.2833333333333333,0.4,0.003835248947143555,0.001386117935180664
0.1,0.0129155,0.5,5,0.45666666666666667,0.046666666666666655,704,0.48333333333333334,0.5333333333333333,0.43333333333333335,0.43333333333333335,0.4,0.0032964706420898437,0.0013819694519042968
0.1,0.0129155,0.5,10,0.53,0.10770329614269006,551,0.5833333333333334,0.7,0.5333333333333333,0.43333333333333335,0.4,0.003336048126220703,0.001383209228515625
0.1,0.0129155,0.5,20,0.53,0.07180219742846004,551,0.5666666666666667,0.6166666666666667,0.5333333333333333,0.5333333333333333,0.4,0.003343677520751953,0.0013862133026123046
0.1,0.0129155,0.5,50,0.42666666666666664,0.12229290885229427,753,0.43333333333333335,0.65,0.3666666666666667,0.2833333333333333,0.4,0.003309011459350586,0.001387786865234375
0.1,0.0129155,0.7,5,0.45666666666666667,0.046666666666666655,704,0.48333333333333334,0.5333333333333333,0.43333333333333335,0.43333333333333335,0.4,0.0032845020294189455,0.0013776779174804687
0.1,0.0129155,0.7,10,0.53,0.10770329614269006,551,0.5833333333333334,0.7,0.5333333333333333,0.43333333333333335,0.4,0.0033720970153808595,0.0013977527618408204
0.1,0.0129155,0.7,20,0.53,0.07180219742846004,551,0.5666666666666667,0.6166666666666667,0.5333333333333333,0.5333333333333333,0.4,0.003330373764038086,0.001383352279663086
0.1,0.0129155,0.7,50,0.42666666666666664,0.12229290885229427,753,0.43333333333333335,0.65,0.3666666666666667,0.2833333333333333,0.4,0.0033104419708251953,0.0013944625854492188
0.1,0.0129155,0.9,5,0.45666666666666667,0.046666666666666655,704,0.48333333333333334,0.5333333333333333,0.43333333333333335,0.43333333333333335,0.4,0.0032915592193603514,0.0013831138610839843
0.1,0.0129155,0.9,10,0.53,0.10770329614269006,551,0.5833333333333334,0.7,0.5333333333333333,0.43333333333333335,0.4,0.003371715545654297,0.0013901710510253907
0.1,0.0129155,0.9,20,0.53,0.07180219742846004,551,0.5666666666666667,0.6166666666666667,0.5333333333333333,0.5333333333333333,0.4,0.0033371448516845703,0.0013837814331054688
0.1,0.0129155,0.9,50,0.42666666666666664,0.12229290885229427,753,0.43333333333333335,0.65,0.3666666666666667,0.2833333333333333,0.4,0.003316354751586914,0.0013936996459960938
0.1,0.0464159,0.1,5,0.7033333333333333,0.0755718936583642,380,0.75,0.65,0.7,0.8166666666666667,0.6000000000000001,0.023166990280151366,0.001386260986328125
0.1,0.0464159,0.1,10,0.76,0.08,81,0.6333333333333333,0.8333333333333333,0.8,0.8333333333333333,0.7,0.023236942291259766,0.0014002799987792968
0.1,0.0464159,0.1,20,0.7566666666666666,0.11234866364235144,120,0.8166666666666667,0.8333333333333333,0.8,0.5333333333333333,0.8,0.02350473403930664,0.0013910293579101562
0.1,0.0464159,0.1,50,0.74,0.040276819911981905,193,0.7333333333333334,0.7333333333333334,0.7166666666666667,0.8166666666666667,0.7,0.023508262634277344,0.0014042377471923829
0.1,0.0464159,0.3,5,0.5700000000000001,0.0618241233033047,525,0.4666666666666667,0.6333333333333333,0.5333333333333333,0.6166666666666667,0.6000000000000001,0.02288527488708496,0.0013823509216308594
0.1,0.0464159,0.3,10,0.7566666666666666,0.10572501018102472,120,0.9166666666666667,0.8333333333333333,0.6166666666666667,0.7166666666666667,0.7,0.022666311264038085,0.0013890266418457031
0.1,0.0464159,0.3,20,0.6833333333333333,0.08498365855987973,408,0.7333333333333334,0.75,0.5166666666666667,0.7166666666666667,0.7,0.02239394187927246,0.00139923095703125
0.1,0.0464159,0.3,50,0.7200000000000001,0.07916228058025278,308,0.8166666666666667,0.65,0.6166666666666667,0.7166666666666667,0.8,0.022428321838378906,0.0013901710510253907
0.1,0.0464159,0.5,5,0.5066666666666666,0.11382247385975916,602,0.48333333333333334,0.6666666666666666,0.35,0.43333333333333335,0.6000000000000001,0.014020967483520507,0.0013762474060058593
0.1,0.0464159,0.5,10,0.5800000000000001,0.13140268896284682,520,0.5833333333333334,0.75,0.43333333333333335,0.43333333333333335,0.7,0.014240884780883789,0.0013891220092773437
0.1,0.0464159,0.5,20,0.5633333333333334,0.07180219742846003,529,0.5666666666666667,0.6666666666666666,0.45,0.5333333333333333,0.6,0.013992023468017579,0.0013807296752929687
0.1,0.0464159,0.5,50,0.5166666666666667,0.1520233900132184,584,0.43333333333333335,0.7333333333333334,0.5333333333333333,0.2833333333333333,0.6,0.014080667495727539,0.0013980388641357422
0.1,0.0464159,0.7,5,0.45666666666666667,0.046666666666666655,704,0.48333333333333334,0.5333333333333333,0.43333333333333335,0.43333333333333335,0.4,0.004168319702148438,0.0014073371887207032
0.1,0.0464159,0.7,10,0.53,0.10770329614269006,551,0.5833333333333334,0.7,0.5333333333333333,0.43333333333333335,0.4,0.004136848449707031,0.0013831138610839843
0.1,0.0464159,0.7,20,0.53,0.07180219742846004,551,0.5666666666666667,0.6166666666666667,0.5333333333333333,0.5333333333333333,0.4,0.0040987968444824215,0.0013806819915771484
0.1,0.0464159,0.7,50,0.42666666666666664,0.12229290885229427,753,0.43333333333333335,0.65,0.3666666666666667,0.2833333333333333,0.4,0.0041182518005371095,0.0013866901397705078
0.1,0.0464159,0.9,5,0.45666666666666667,0.046666666666666655,704,0.48333333333333334,0.5333333333333333,0.43333333333333335,0.43333333333333335,0.4,0.0038658618927001954,0.0014473915100097657
0.1,0.0464159,0.9,10,0.53,0.10770329614269006,551,0.5833333333333334,0.7,0.5333333333333333,0.43333333333333335,0.4,0.003875589370727539,0.001386880874633789
0.1,0.0464159,0.9,20,0.53,0.07180219742846004,551,0.5666666666666667,0.6166666666666667,0.5333333333333333,0.5333333333333333,0.4,0.0038136005401611327,0.0013788700103759765
0.1,0.0464159,0.9,50,0.42666666666666664,0.12229290885229427,753,0.43333333333333335,0.65,0.3666666666666667,0.2833333333333333,0.4,0.003901767730712891,0.0013991832733154298
0.1,0.16681,0.1,5,0.68,0.032317865716108854,426,0.6333333333333333,0.65,0.7166666666666667,0.7,0.7,0.054120540618896484,0.0014072418212890624
0.1,0.16681,0.1,10,0.7766666666666666,0.10306416555826867,50,0.8166666666666667,0.8333333333333333,0.9,0.7333333333333334,0.6000000000000001,0.0543309211730957,0.0014341354370117187
0.1,0.16681,0.1,20,0.7766666666666667,0.07272474743090476,40,0.8166666666666667,0.8333333333333333,0.8,0.6333333333333333,0.8,0.0551417350769043,0.0014193058013916016
0.1,0.16681,0.1,50,0.74,0.07498147919467993,193,0.7333333333333334,0.8333333333333333,0.6166666666666667,0.7166666666666667,0.8,0.05503096580505371,0.0014300346374511719
0.1,0.16681,0.3,5,0.5833333333333334,0.09309493362512626,514,0.43333333333333335,0.65,0.7,0.5333333333333333,0.6000000000000001,0.05949983596801758,0.0014143943786621093
0.1,0.16681,0.3,10,0.7566666666666666,0.12892719737209143,120,0.8166666666666667,0.8333333333333333,0.8,0.8333333333333333,0.5,0.05881233215332031,0.001410675048828125
0.1,0.16681,0.3,20,0.74,0.09463379711052258,193,0.8166666666666667,0.8333333333333333,0.6166666666666667,0.6333333333333333,0.8,0.0584312915802002,0.0014181137084960938
0.1,0.16681,0.3,50,0.7366666666666667,0.07557189365836421,248,0.8166666666666667,0.7333333333333334,0.6166666666666667,0.8166666666666667,0.7,0.05847940444946289,0.001433420181274414
0.1,0.16681,0.5,5,0.7100000000000001,0.12046207333061767,336,0.75,0.5833333333333334,0.7,0.9166666666666667,0.6000000000000001,0.06188788414001465,0.001417255401611328
0.1,0.16681,0.5,10,0.7933333333333334,0.10466878978738386,23,0.8166666666666667,0.8333333333333333,0.8,0.9166666666666667,0.6000000000000001,0.0617706298828125,0.0014200687408447265
0.1,0.16681,0.5,20,0.7766666666666667,0.0442216638714053,40,0.7333333333333334,0.8333333333333333,0.8,0.7166666666666667,0.8,0.061739349365234376,0.0014239788055419923
0.1,0.16681,0.5,50,0.7533333333333333,0.09030811456096044,161,0.8166666666666667,0.8333333333333333,0.6,0.8166666666666667,0.7,0.06198868751525879,0.0014463901519775391
0.1,0.16681,0.7,5,0.7100000000000001,0.12046207333061767,336,0.75,0.5833333333333334,0.7,0.9166666666666667,0.6000000000000001,0.06091179847717285,0.0014244556427001954
0.1,0.16681,0.7,10,0.7733333333333332,0.04294699575575044,69,0.8166666666666667,0.75,0.8,0.7,0.8,0.060430383682250975,0.0014130115509033204
0.1,0.16681,0.7,20,0.7766666666666667,0.08472176684759225,40,0.9166666666666667,0.8333333333333333,0.7166666666666667,0.7166666666666667,0.7,0.060472726821899414,0.001414012908935547
0.1,0.16681,0.7,50,0.7166666666666667,0.09368979548370128,330,0.8166666666666667,0.7333333333333334,0.6166666666666667,0.8166666666666667,0.6000000000000001,0.06051230430603027,0.0014190196990966797
0.1,0.16681,0.9,5,0.6833333333333333,0.12692955176439846,408,0.65,0.55,0.7,0.9166666666666667,0.6000000000000001,0.06451787948608398,0.0014063358306884766
0.1,0.16681,0.9,10,0.7533333333333333,0.08259674462242582,161,0.9166666666666667,0.7333333333333334,0.7166666666666667,0.7,0.7,0.06426324844360351,0.001413583755493164
0.1,0.16681,0.9,20,0.7566666666666666,0.051207638319124046,120,0.7333333333333334,0.8333333333333333,0.8,0.7166666666666667,0.7,0.06418628692626953,0.0014088153839111328
0.1,0.16681,0.9,50,0.7566666666666666,0.08472176684759221,120,0.8166666666666667,0.8333333333333333,0.6166666666666667,0.8166666666666667,0.7,0.06444225311279297,0.001413440704345703
0.1,0.599484,0.1,5,0.5766666666666668,0.0891939210683977,522,0.7333333333333334,0.55,0.5333333333333333,0.4666666666666667,0.6,0.12477116584777832,0.001447582244873047
0.1,0.599484,0.1,10,0.76,0.07498147919467994,81,0.8166666666666667,0.8333333333333333,0.7166666666666667,0.6333333333333333,0.8,0.12423486709594726,0.001441049575805664
0.1,0.599484,0.1,20,0.76,0.08730533902472526,81,0.8166666666666667,0.8333333333333333,0.6166666666666667,0.8333333333333333,0.7,0.12437105178833008,0.0014539241790771484
0.1,0.599484,0.1,50,0.74,0.07498147919467993,193,0.7333333333333334,0.8333333333333333,0.6166666666666667,0.7166666666666667,0.8,0.12471146583557129,0.0014591693878173828
0.1,0.599484,0.3,5,0.6866666666666668,0.07845734863959879,402,0.8166666666666667,0.65,0.6333333333333333,0.7333333333333334,0.6000000000000001,0.14830598831176758,0.0014473438262939454
0.1,0.599484,0.3,10,0.6799999999999999,0.12710450643291743,430,0.8166666666666667,0.8333333333333333,0.6166666666666667,0.6333333333333333,0.5,0.1483091354370117,0.001454305648803711
0.1,0.599484,0.3,20,0.7799999999999999,0.08259674462242575,36,0.8166666666666667,0.8333333333333333,0.6166666666666667,0.8333333333333333,0.8,0.14834423065185548,0.00146331787109375
0.1,0.599484,0.3,50,0.74,0.07930251502246877,193,0.7333333333333334,0.8333333333333333,0.6166666666666667,0.8166666666666667,0.7,0.14875540733337403,0.001464509963989258
0.1,0.599484,0.5,5,0.6433333333333333,0.08339997335464537,461,0.6166666666666667,0.65,0.7166666666666667,0.7333333333333334,0.5,0.15981073379516603,0.0014753341674804688
0.1,0.599484,0.5,10,0.7,0.10697871023920807,383,0.8166666666666667,0.75,0.7,0.7333333333333334,0.5,0.15970067977905272,0.0014717578887939453
0.1,0.599484,0.5,20,0.7966666666666666,0.09854496999396321,16,0.8166666666666667,0.8333333333333333,0.6166666666666667,0.9166666666666667,0.8,0.15979819297790526,0.0014463424682617187
0.1,0.599484,0.5,50,0.7166666666666667,0.09718253158075496,330,0.8166666666666667,0.8333333333333333,0.6166666666666667,0.7166666666666667,0.6000000000000001,0.15975651741027833,0.0014682292938232421
0.1,0.599484,0.7,5,0.6066666666666667,0.09043106644167022,498,0.43333333333333335,0.6333333333333333,0.6333333333333333,0.6333333333333333,0.7,0.18796005249023437,0.0014838695526123047
0.1,0.599484,0.7,10,0.6799999999999999,0.13556466271775167,430,0.8166666666666667,0.8333333333333333,0.7,0.55,0.5,0.18801336288452147,0.0014678955078125
0.1,0.599484,0.7,20,0.82,0.048762462794425976,2,0.8166666666666667,0.8333333333333333,0.9,0.75,0.8,0.18820853233337403,0.001479339599609375
0.1,0.599484,0.7,50,0.7366666666666667,0.04136557881996952,248,0.8166666666666667,0.7333333333333334,0.7166666666666667,0.7166666666666667,0.7,0.18813414573669435,0.0014690399169921876
0.1,0.599484,0.9,5,0.64,0.10780641085864151,465,0.43333333333333335,0.6333333333333333,0.7166666666666667,0.7166666666666667,0.7,0.18892307281494142,0.0014635562896728516
0.1,0.599484,0.9,10,0.7166666666666666,0.10749676997731397,334,0.8166666666666667,0.8333333333333333,0.7,0.5333333333333333,0.7,0.18908495903015138,0.0014796257019042969
0.1,0.599484,0.9,20,0.8033333333333333,0.07630348761506399,7,0.8166666666666667,0.8333333333333333,0.9,0.6666666666666666,0.8,0.18923277854919435,0.0014583587646484375
0.1,0.599484,0.9,50,0.7333333333333334,0.08096638534327413,271,0.8166666666666667,0.7333333333333334,0.6,0.8166666666666667,0.7,0.18982377052307128,0.00148162841796875
0.1,2.15443,0.1,5,0.6333333333333334,0.12292725943057185,477,0.7333333333333334,0.6333333333333333,0.5333333333333333,0.4666666666666667,0.8,0.2441702365875244,0.0015192985534667968
0.1,2.15443,0.1,10,0.74,0.06200358412579426,193,0.8166666666666667,0.65,0.8,0.7333333333333334,0.7,0.24489278793334962,0.0015237808227539062
0.1,2.15443,0.1,20,0.74,0.12229290885229424,193,0.8166666666666667,0.8333333333333333,0.5166666666666667,0.8333333333333333,0.7,0.24394602775573732,0.0014988899230957032
0.1,2.15443,0.1,50,0.74,0.07498147919467993,193,0.7333333333333334,0.8333333333333333,0.6166666666666667,0.7166666666666667,0.8,0.24334340095520018,0.0015119552612304688
0.1,2.15443,0.3,5,0.6666666666666667,0.0843274042711568,444,0.7333333333333334,0.7333333333333334,0.5333333333333333,0.7333333333333334,0.6000000000000001,0.30256195068359376,0.001546955108642578
0.1,2.15443,0.3,10,0.6833333333333333,0.10903618155864084,408,0.8166666666666667,0.75,0.7166666666666667,0.6333333333333333,0.5,0.30271186828613283,0.001542043685913086
0.1,2.15443,0.3,20,0.8,0.043461349368017634,11,0.8166666666666667,0.8333333333333333,0.7166666666666667,0.8333333333333333,0.8,0.3032210826873779,0.0015438079833984375
0.1,2.15443,0.3,50,0.7433333333333334,0.07039570693980958,170,0.7333333333333334,0.75,0.6166666666666667,0.8166666666666667,0.8,0.3029653549194336,0.0015666484832763672
0.1,2.15443,0.5,5,0.7066666666666667,0.06548960901462833,348,0.8166666666666667,0.65,0.6333333333333333,0.7333333333333334,0.7,0.33735084533691406,0.0015425682067871094
0.1,2.15443,0.5,10,0.66,0.10780641085864154,455,0.8166666666666667,0.7333333333333334,0.6166666666666667,0.6333333333333333,0.5,0.33998546600341795,0.001544809341430664
0.1,2.15443,0.5,20,0.72,0.12445436468396312,319,0.8166666666666667,0.8333333333333333,0.5166666666666667,0.6333333333333333,0.8,0.33922586441040037,0.001550006866455078
0.1,2.15443,0.5,50,0.6833333333333333,0.11205157542647741,408,0.7333333333333334,0.75,0.6166666666666667,0.8166666666666667,0.5,0.33673510551452634,0.0015606880187988281
0.1,2.15443,0.7,5,0.6833333333333333,0.0809663853432741,408,0.8166666666666667,0.65,0.6166666666666667,0.7333333333333334,0.6000000000000001,0.35481882095336914,0.001562786102294922
0.1,2.15443,0.7,10,0.6633333333333333,0.10718623460542351,450,0.8166666666666667,0.7333333333333334,0.6166666666666667,0.65,0.5,0.35488405227661135,0.0015444755554199219
0.1,2.15443,0.7,20,0.7566666666666666,0.13848385385227324,120,0.8166666666666667,0.8333333333333333,0.5166666666666667,0.9166666666666667,0.7,0.35533742904663085,0.0016736030578613282
0.1,2.15443,0.7,50,0.74,0.10143416036468622,193,0.8166666666666667,0.8333333333333333,0.6333333333333333,0.8166666666666667,0.6000000000000001,0.35796518325805665,0.0015702247619628906
0.1,2.15443,0.9,5,0.7066666666666668,0.07498147919467991,345,0.8166666666666667,0.65,0.7333333333333334,0.7333333333333334,0.6000000000000001,0.40522160530090334,0.0015602588653564453
0.1,2.15443,0.9,10,0.6833333333333333,0.12605113600792692,408,0.8166666666666667,0.8333333333333333,0.6166666666666667,0.65,0.5,0.4060690402984619,0.0015677928924560547
0.1,2.15443,0.9,20,0.7766666666666667,0.10572501018102472,40,0.8166666666666667,0.8333333333333333,0.6166666666666667,0.9166666666666667,0.7,0.40745158195495607,0.001566934585571289
0.1,2.15443,0.9,50,0.76,0.0793025150224688,81,0.8166666666666667,0.8333333333333333,0.6333333333333333,0.8166666666666667,0.7,0.405645751953125,0.0015835762023925781
0.1,7.74264,0.1,5,0.6900000000000001,0.09521904571390469,393,0.7333333333333334,0.6333333333333333,0.5333333333333333,0.75,0.8,0.2806598663330078,0.0015389442443847657
0.1,7.74264,0.1,10,0.76,0.062003584125794244,81,0.7333333333333334,0.65,0.8,0.8166666666666667,0.8,0.2807286262512207,0.0015326976776123048
0.1,7.74264,0.1,20,0.74,0.10780641085864148,193,0.8166666666666667,0.8333333333333333,0.6166666666666667,0.8333333333333333,0.6000000000000001,0.2818897724151611,0.0015513896942138672
0.1,7.74264,0.1,50,0.74,0.07498147919467993,193,0.7333333333333334,0.8333333333333333,0.6166666666666667,0.7166666666666667,0.8,0.28095121383666993,0.0015619754791259765
0.1,7.74264,0.3,5,0.5933333333333334,0.09043106644167026,508,0.7333333333333334,0.6333333333333333,0.5333333333333333,0.4666666666666667,0.6000000000000001,0.4859610080718994,0.0015439033508300782
0.1,7.74264,0.3,10,0.7633333333333334,0.08653836657164779,74,0.7333333333333334,0.65,0.7166666666666667,0.8166666666666667,0.9,0.48255395889282227,0.001569509506225586
0.1,7.74264,0.3,20,0.74,0.12229290885229424,193,0.8166666666666667,0.8333333333333333,0.5166666666666667,0.8333333333333333,0.7,0.4766095161437988,0.0015655040740966796
0.1,7.74264,0.3,50,0.74,0.07498147919467993,193,0.7333333333333334,0.8333333333333333,0.6166666666666667,0.7166666666666667,0.8,0.47836623191833494,0.0015643119812011718
0.1,7.74264,0.5,5,0.6266666666666667,0.09043106644167026,480,0.7333333333333334,0.5333333333333333,0.5333333333333333,0.7333333333333334,0.6,0.5723240375518799,0.0015727996826171875
0.1,7.74264,0.5,10,0.6866666666666668,0.05906681715556452,402,0.7333333333333334,0.75,0.7166666666666667,0.6333333333333333,0.6,0.572349214553833,0.0015563488006591797
0.1,7.74264,0.5,20,0.72,0.11323525167642016,319,0.8166666666666667,0.8333333333333333,0.5166666666666667,0.7333333333333334,0.7,0.5728652000427246,0.0015712738037109374
0.1,7.74264,0.5,50,0.7233333333333334,0.06018490028422596,282,0.7333333333333334,0.75,0.6166666666666667,0.7166666666666667,0.8,0.5773030757904053,0.001569843292236328
0.1,7.74264,0.7,5,0.7033333333333334,0.09333333333333335,358,0.8166666666666667,0.7333333333333334,0.5333333333333333,0.7333333333333334,0.7,0.5993799686431884,0.00158233642578125
0.1,7.74264,0.7,10,0.6866666666666666,0.10770329614269007,406,0.8166666666666667,0.75,0.7166666666666667,0.65,0.5,0.5985869884490966,0.0015536308288574218
0.1,7.74264,0.7,20,0.7233333333333334,0.08666666666666666,282,0.7333333333333334,0.8333333333333333,0.6166666666666667,0.6333333333333333,0.8,0.5967092037200927,0.001581096649169922
0.1,7.74264,0.7,50,0.7433333333333334,0.07039570693980958,170,0.7333333333333334,0.75,0.6166666666666667,0.8166666666666667,0.8,0.5957488059997559,0.0015872001647949218
0.1,7.74264,0.9,5,0.7033333333333334,0.09333333333333335,358,0.8166666666666667,0.7333333333333334,0.5333333333333333,0.7333333333333334,0.7,0.6467258930206299,0.0015826702117919921
0.1,7.74264,0.9,10,0.7233333333333333,0.054365021434333624,302,0.8166666666666667,0.7333333333333334,0.7166666666666667,0.65,0.7,0.6473689079284668,0.001565837860107422
0.1,7.74264,0.9,20,0.7366666666666667,0.1199073716573663,248,0.8166666666666667,0.8333333333333333,0.5166666666666667,0.8166666666666667,0.7,0.6436033725738526,0.0015720367431640626
0.1,7.74264,0.9,50,0.7266666666666668,0.060184900284225976,274,0.7333333333333334,0.75,0.6333333333333333,0.8166666666666667,0.7,0.6326181888580322,0.0016819953918457032
0.1,27.8256,0.1,5,0.61,0.13063945294843618,490,0.7333333333333334,0.6333333333333333,0.5333333333333333,0.75,0.4,0.3012862205505371,0.0015426158905029296
0.1,27.8256,0.1,10,0.7033333333333334,0.1024152766382481,358,0.7333333333333334,0.5666666666666667,0.8,0.8166666666666667,0.6000000000000001,0.30148849487304685,0.0015410900115966797
0.1,27.8256,0.1,20,0.7766666666666666,0.1088321847820967,50,0.8166666666666667,0.8333333333333333,0.7166666666666667,0.9166666666666667,0.6000000000000001,0.30164060592651365,0.0015302181243896484
0.1,27.8256,0.1,50,0.7566666666666666,0.08919392106839767,120,0.8333333333333333,0.8333333333333333,0.6,0.7166666666666667,0.8,0.3012364864349365,0.0015256404876708984
0.1,27.8256,0.3,5,0.6900000000000001,0.09521904571390469,393,0.7333333333333334,0.6333333333333333,0.5333333333333333,0.75,0.8,0.398516321182251,0.0015445232391357421
0.1,27.8256,0.3,10,0.76,0.062003584125794244,81,0.7333333333333334,0.65,0.8,0.8166666666666667,0.8,0.397334623336792,0.0015440940856933593
0.1,27.8256,0.3,20,0.7766666666666666,0.06289320754704403,50,0.8166666666666667,0.8333333333333333,0.7,0.8333333333333333,0.7,0.3952305793762207,0.0015434741973876954
0.1,27.8256,0.3,50,0.7200000000000001,0.0694422221866655,308,0.7333333333333334,0.8333333333333333,0.6166666666666667,0.7166666666666667,0.7,0.39531168937683103,0.001565694808959961
0.1,27.8256,0.5,5,0.6133333333333333,0.10022197585581939,486,0.7333333333333334,0.6333333333333333,0.5333333333333333,0.4666666666666667,0.7,0.5542202472686768,0.0015569210052490234
0.1,27.8256,0.5,10,0.74,0.06200358412579425,193,0.7333333333333334,0.65,0.8,0.8166666666666667,0.7,0.5543314456939697,0.0015645980834960937
0.1,27.8256,0.5,20,0.7766666666666666,0.06289320754704403,50,0.8166666666666667,0.8333333333333333,0.7,0.8333333333333333,0.7,0.5537351608276367,0.001567983627319336
0.1,27.8256,0.5,50,0.74,0.07498147919467993,193,0.7333333333333334,0.8333333333333333,0.6166666666666667,0.7166666666666667,0.8,0.5541142463684082,0.0015673160552978516
0.1,27.8256,0.7,5,0.5900000000000001,0.08537498983243798,512,0.7166666666666667,0.6333333333333333,0.5333333333333333,0.4666666666666667,0.6000000000000001,0.6766313076019287,0.0015889644622802735
0.1,27.8256,0.7,10,0.7633333333333334,0.08653836657164779,74,0.7333333333333334,0.65,0.7166666666666667,0.8166666666666667,0.9,0.6762948513031006,0.001560211181640625
0.1,27.8256,0.7,20,0.7233333333333334,0.11623730516108458,282,0.7333333333333334,0.8333333333333333,0.5166666666666667,0.8333333333333333,0.7,0.6761017799377441,0.0015702247619628906
0.1,27.8256,0.7,50,0.74,0.07498147919467993,193,0.7333333333333334,0.8333333333333333,0.6166666666666667,0.7166666666666667,0.8,0.6785196304321289,0.0015691757202148438
0.1,27.8256,0.9,5,0.5933333333333334,0.09043106644167026,508,0.7333333333333334,0.6333333333333333,0.5333333333333333,0.4666666666666667,0.6000000000000001,0.7422119140625,0.0015635490417480469
0.1,27.8256,0.9,10,0.76,0.05436502143433362,81,0.7333333333333334,0.8333333333333333,0.7166666666666667,0.8166666666666667,0.7,0.7418908596038818,0.001571798324584961
0.1,27.8256,0.9,20,0.7233333333333334,0.11623730516108458,282,0.7333333333333334,0.8333333333333333,0.5166666666666667,0.8333333333333333,0.7,0.7473779678344726,0.001577138900756836
0.1,27.8256,0.9,50,0.74,0.07498147919467993,193,0.7333333333333334,0.8333333333333333,0.6166666666666667,0.7166666666666667,0.8,0.7455077171325684,0.0015668392181396485
0.1,100.0,0.1,5,0.6133333333333333,0.13140268896284685,486,0.7333333333333334,0.65,0.5333333333333333,0.75,0.4,0.3599409580230713,0.0015074253082275391
0.1,100.0,0.1,10,0.7233333333333333,0.0891939210683977,302,0.7333333333333334,0.5666666666666667,0.7,0.8166666666666667,0.8,0.3601254463195801,0.0016139030456542968
0.1,100.0,0.1,20,0.7566666666666666,0.14321700705960558,120,0.8166666666666667,0.8333333333333333,0.7166666666666667,0.9166666666666667,0.5,0.3598813533782959,0.0015235424041748046
0.1,100.0,0.1,50,0.7766666666666666,0.0573488351136175,50,0.8333333333333333,0.8333333333333333,0.7,0.7166666666666667,0.8,0.3602899074554443,0.0015439987182617188
0.1,100.0,0.3,5,0.61,0.13063945294843618,490,0.7333333333333334,0.6333333333333333,0.5333333333333333,0.75,0.4,0.36341633796691897,0.0015223026275634766
0.1,100.0,0.3,10,0.7033333333333334,0.1024152766382481,358,0.7333333333333334,0.5666666666666667,0.8,0.8166666666666667,0.6000000000000001,0.36323843002319334,0.001526212692260742
0.1,100.0,0.3,20,0.7766666666666666,0.1088321847820967,50,0.8166666666666667,0.8333333333333333,0.7166666666666667,0.9166666666666667,0.6000000000000001,0.36435770988464355,0.0015163898468017578
0.1,100.0,0.3,50,0.7566666666666666,0.08919392106839767,120,0.8333333333333333,0.8333333333333333,0.6,0.7166666666666667,0.8,0.36278371810913085,0.0015341281890869141
0.1,100.0,0.5,5,0.61,0.13063945294843618,490,0.7333333333333334,0.6333333333333333,0.5333333333333333,0.75,0.4,0.38382506370544434,0.0015298843383789063
0.1,100.0,0.5,10,0.7033333333333334,0.1024152766382481,358,0.7333333333333334,0.5666666666666667,0.8,0.8166666666666667,0.6000000000000001,0.3838653087615967,0.0015813827514648438
0.1,100.0,0.5,20,0.7566666666666666,0.14321700705960558,120,0.8166666666666667,0.8333333333333333,0.7166666666666667,0.9166666666666667,0.5,0.3847514152526855,0.0015345096588134765
0.1,100.0,0.5,50,0.7566666666666666,0.06289320754704401,120,0.8333333333333333,0.8333333333333333,0.7,0.7166666666666667,0.7,0.3876519203186035,0.0015365123748779298
0.1,100.0,0.7,5,0.61,0.13063945294843618,490,0.7333333333333334,0.6333333333333333,0.5333333333333333,0.75,0.4,0.4213533401489258,0.001531219482421875
0.1,100.0,0.7,10,0.72,0.08393118874676113,319,0.7333333333333334,0.65,0.8,0.8166666666666667,0.6000000000000001,0.4193879127502441,0.0015232563018798828
0.1,100.0,0.7,20,0.7366666666666666,0.12840906856172143,264,0.8166666666666667,0.8333333333333333,0.7,0.8333333333333333,0.5,0.41547865867614747,0.0015318870544433593
0.1,100.0,0.7,50,0.74,0.07498147919467993,193,0.7333333333333334,0.8333333333333333,0.6166666666666667,0.7166666666666667,0.8,0.41740984916687013,0.001524209976196289
0.1,100.0,0.9,5,0.6699999999999999,0.07916228058025279,442,0.7333333333333334,0.6333333333333333,0.5333333333333333,0.75,0.7,0.4537227153778076,0.001538562774658203
0.1,100.0,0.9,10,0.76,0.062003584125794244,81,0.7333333333333334,0.65,0.8,0.8166666666666667,0.8,0.45438342094421386,0.001541900634765625
0.1,100.0,0.9,20,0.7366666666666666,0.12840906856172143,264,0.8166666666666667,0.8333333333333333,0.7,0.8333333333333333,0.5,0.4552597522735596,0.0015439033508300782
0.1,100.0,0.9,50,0.7200000000000001,0.0694422221866655,308,0.7333333333333334,0.8333333333333333,0.6166666666666667,0.7166666666666667,0.7,0.4537382125854492,0.001550149917602539
0.2,0.001,0.1,5,0.4600000000000001,0.052281290471193745,688,0.48333333333333334,0.55,0.43333333333333335,0.43333333333333335,0.4,0.003249979019165039,0.0013876914978027343
0.2,0.001,0.1,10,0.4999999999999999,0.07071067811865477,606,0.5833333333333334,0.55,0.5333333333333333,0.43333333333333335,0.4,0.0032573699951171874,0.0014546871185302734
0.2,0.001,0.1,20,0.4933333333333333,0.09752492558885197,623,0.5666666666666667,0.5333333333333333,0.5333333333333333,0.5333333333333333,0.3,0.0032822608947753905,0.001390218734741211
0.2,0.001,0.1,50,0.39,0.1335830993967592,769,0.35,0.65,0.3666666666666667,0.2833333333333333,0.30000000000000004,0.0031951427459716796,0.0013803958892822266
0.2,0.001,0.3,5,0.4600000000000001,0.052281290471193745,688,0.48333333333333334,0.55,0.43333333333333335,0.43333333333333335,0.4,0.003219938278198242,0.0013675689697265625
0.2,0.001,0.3,10,0.4999999999999999,0.07071067811865477,606,0.5833333333333334,0.55,0.5333333333333333,0.43333333333333335,0.4,0.0032769203186035155,0.001392364501953125
0.2,0.001,0.3,20,0.4933333333333333,0.09752492558885197,623,0.5666666666666667,0.5333333333333333,0.5333333333333333,0.5333333333333333,0.3,0.003252410888671875,0.0013792037963867188
0.2,0.001,0.3,50,0.39,0.1335830993967592,769,0.35,0.65,0.3666666666666667,0.2833333333333333,0.30000000000000004,0.0032300949096679688,0.0013995647430419921
0.2,0.001,0.5,5,0.4600000000000001,0.052281290471193745,688,0.48333333333333334,0.55,0.43333333333333335,0.43333333333333335,0.4,0.003173542022705078,0.0013842582702636719
0.2,0.001,0.5,10,0.4999999999999999,0.07071067811865477,606,0.5833333333333334,0.55,0.5333333333333333,0.43333333333333335,0.4,0.0032399654388427734,0.0014408111572265625
0.2,0.001,0.5,20,0.4933333333333333,0.09752492558885197,623,0.5666666666666667,0.5333333333333333,0.5333333333333333,0.5333333333333333,0.3,0.0032445430755615235,0.0013828277587890625
0.2,0.001,0.5,50,0.39,0.1335830993967592,769,0.35,0.65,0.3666666666666667,0.2833333333333333,0.30000000000000004,0.003226566314697266,0.0014007091522216797
0.2,0.001,0.7,5,0.4600000000000001,0.052281290471193745,688,0.48333333333333334,0.55,0.43333333333333335,0.43333333333333335,0.4,0.003192901611328125,0.0013850212097167968
0.2,0.001,0.7,10,0.4999999999999999,0.07071067811865477,606,0.5833333333333334,0.55,0.5333333333333333,0.43333333333333335,0.4,0.0032611370086669924,0.001387310028076172
0.2,0.001,0.7,20,0.4933333333333333,0.09752492558885197,623,0.5666666666666667,0.5333333333333333,0.5333333333333333,0.5333333333333333,0.3,0.003251504898071289,0.001382923126220703
0.2,0.001,0.7,50,0.39,0.1335830993967592,769,0.35,0.65,0.3666666666666667,0.2833333333333333,0.30000000000000004,0.003240013122558594,0.0013919830322265624
0.2,0.001,0.9,5,0.4600000000000001,0.052281290471193745,688,0.48333333333333334,0.55,0.43333333333333335,0.43333333333333335,0.4,0.0031989097595214845,0.001449918746948242
0.2,0.001,0.9,10,0.4999999999999999,0.07071067811865477,606,0.5833333333333334,0.55,0.5333333333333333,0.43333333333333335,0.4,0.003223085403442383,0.0013809680938720703
0.2,0.001,0.9,20,0.4933333333333333,0.09752492558885197,623,0.5666666666666667,0.5333333333333333,0.5333333333333333,0.5333333333333333,0.3,0.0032381534576416014,0.001378011703491211
0.2,0.001,0.9,50,0.39,0.1335830993967592,769,0.35,0.65,0.3666666666666667,0.2833333333333333,0.30000000000000004,0.003211832046508789,0.0013860225677490234
0.2,0.00359381,0.1,5,0.4600000000000001,0.052281290471193745,688,0.48333333333333334,0.55,0.43333333333333335,0.43333333333333335,0.4,0.003810691833496094,0.0014496803283691405
0.2,0.00359381,0.1,10,0.4999999999999999,0.07071067811865477,606,0.5833333333333334,0.55,0.5333333333333333,0.43333333333333335,0.4,0.0038071155548095705,0.0013972282409667968
0.2,0.00359381,0.1,20,0.4933333333333333,0.09752492558885197,623,0.5666666666666667,0.5333333333333333,0.5333333333333333,0.5333333333333333,0.3,0.0038688182830810547,0.0013813972473144531
0.2,0.00359381,0.1,50,0.39,0.1335830993967592,769,0.35,0.65,0.3666666666666667,0.2833333333333333,0.30000000000000004,0.0038689613342285157,0.001386117935180664
0.2,0.00359381,0.3,5,0.4600000000000001,0.052281290471193745,688,0.48333333333333334,0.55,0.43333333333333335,0.43333333333333335,0.4,0.003279590606689453,0.0014057159423828125
0.2,0.00359381,0.3,10,0.4999999999999999,0.07071067811865477,606,0.5833333333333334,0.55,0.5333333333333333,0.43333333333333335,0.4,0.0031992435455322266,0.0013906478881835938
0.2,0.00359381,0.3,20,0.4933333333333333,0.09752492558885197,623,0.5666666666666667,0.5333333333333333,0.5333333333333333,0.5333333333333333,0.3,0.003217124938964844,0.0013910770416259766
0.2,0.00359381,0.3,50,0.39,0.1335830993967592,769,0.35,0.65,0.3666666666666667,0.2833333333333333,0.30000000000000004,0.0032309532165527345,0.001386737823486328
0.2,0.00359381,0.5,5,0.4600000000000001,0.052281290471193745,688,0.48333333333333334,0.55,0.43333333333333335,0.43333333333333335,0.4,0.0032310962677001955,0.0014420032501220703
0.2,0.00359381,0.5,10,0.4999999999999999,0.07071067811865477,606,0.5833333333333334,0.55,0.5333333333333333,0.43333333333333335,0.4,0.0032039165496826174,0.0013776302337646484
0.2,0.00359381,0.5,20,0.4933333333333333,0.09752492558885197,623,0.5666666666666667,0.5333333333333333,0.5333333333333333,0.5333333333333333,0.3,0.0032457351684570313,0.0013801097869873048
0.2,0.00359381,0.5,50,0.39,0.1335830993967592,769,0.35,0.65,0.3666666666666667,0.2833333333333333,0.30000000000000004,0.0032381057739257813,0.001392364501953125
0.2,0.00359381,0.7,5,0.4600000000000001,0.052281290471193745,688,0.48333333333333334,0.55,0.43333333333333335,0.43333333333333335,0.4,0.003281974792480469,0.0013837814331054688
0.2,0.00359381,0.7,10,0.4999999999999999,0.07071067811865477,606,0.5833333333333334,0.55,0.5333333333333333,0.43333333333333335,0.4,0.0031928062438964845,0.0013826370239257812
0.2,0.00359381,0.7,20,0.4933333333333333,0.09752492558885197,623,0.5666666666666667,0.5333333333333333,0.5333333333333333,0.5333333333333333,0.3,0.0032389163970947266,0.0013782024383544923
0.2,0.00359381,0.7,50,0.39,0.1335830993967592,769,0.35,0.65,0.3666666666666667,0.2833333333333333,0.30000000000000004,0.0032642364501953127,0.0014017581939697265
0.2,0.00359381,0.9,5,0.4600000000000001,0.052281290471193745,688,0.48333333333333334,0.55,0.43333333333333335,0.43333333333333335,0.4,0.003236055374145508,0.0013834476470947266
0.2,0.00359381,0.9,10,0.4999999999999999,0.07071067811865477,606,0.5833333333333334,0.55,0.5333333333333333,0.43333333333333335,0.4,0.003200864791870117,0.0013942241668701172
0.2,0.00359381,0.9,20,0.4933333333333333,0.09752492558885197,623,0.5666666666666667,0.5333333333333333,0.5333333333333333,0.5333333333333333,0.3,0.0032358169555664062,0.0013863563537597657
0.2,0.00359381,0.9,50,0.39,0.1335830993967592,769,0.35,0.65,0.3666666666666667,0.2833333333333333,0.30000000000000004,0.0032530307769775392,0.0013942718505859375
0.2,0.0129155,0.1,5,0.6033333333333333,0.03711842908553347,501,0.6333333333333333,0.6333333333333333,0.5333333333333333,0.6166666666666667,0.6000000000000001,0.011716938018798828,0.0013915061950683593
0.2,0.0129155,0.1,10,0.7366666666666667,0.14734690736866896,248,0.9166666666666667,0.8333333333333333,0.5166666666666667,0.6166666666666667,0.8,0.011804676055908203,0.0013889789581298829
0.2,0.0129155,0.1,20,0.7,0.1341640786499874,383,0.9166666666666667,0.75,0.5166666666666667,0.6166666666666667,0.7,0.011873722076416016,0.0013916969299316406
0.2,0.0129155,0.1,50,0.7033333333333334,0.10402991022884824,358,0.8166666666666667,0.65,0.5333333333333333,0.7166666666666667,0.8,0.011752128601074219,0.0013915538787841798
0.2,0.0129155,0.3,5,0.4600000000000001,0.052281290471193745,688,0.48333333333333334,0.55,0.43333333333333335,0.43333333333333335,0.4,0.0038443088531494142,0.0014460086822509766
0.2,0.0129155,0.3,10,0.4999999999999999,0.07071067811865477,606,0.5833333333333334,0.55,0.5333333333333333,0.43333333333333335,0.4,0.0038109302520751955,0.0014000415802001953
0.2,0.0129155,0.3,20,0.4933333333333333,0.09752492558885197,623,0.5666666666666667,0.5333333333333333,0.5333333333333333,0.5333333333333333,0.3,0.003853130340576172,0.0013709545135498046
0.2,0.0129155,0.3,50,0.39,0.1335830993967592,769,0.35,0.65,0.3666666666666667,0.2833333333333333,0.30000000000000004,0.0038501739501953123,0.0013817310333251952
0.2,0.0129155,0.5,5,0.4600000000000001,0.052281290471193745,688,0.48333333333333334,0.55,0.43333333333333335,0.43333333333333335,0.4,0.003333902359008789,0.0013901710510253907
0.2,0.0129155,0.5,10,0.4999999999999999,0.07071067811865477,606,0.5833333333333334,0.55,0.5333333333333333,0.43333333333333335,0.4,0.0032968044281005858,0.0013788700103759765
0.2,0.0129155,0.5,20,0.4933333333333333,0.09752492558885197,623,0.5666666666666667,0.5333333333333333,0.5333333333333333,0.5333333333333333,0.3,0.003340339660644531,0.0013809680938720703
0.2,0.0129155,0.5,50,0.39,0.1335830993967592,769,0.35,0.65,0.3666666666666667,0.2833333333333333,0.30000000000000004,0.003332233428955078,0.0013790130615234375
0.2,0.0129155,0.7,5,0.4600000000000001,0.052281290471193745,688,0.48333333333333334,0.55,0.43333333333333335,0.43333333333333335,0.4,0.0032873630523681642,0.0014425277709960937
0.2,0.0129155,0.7,10,0.4999999999999999,0.07071067811865477,606,0.5833333333333334,0.55,0.5333333333333333,0.43333333333333335,0.4,0.0032894134521484373,0.0013765811920166016
0.2,0.0129155,0.7,20,0.4933333333333333,0.09752492558885197,623,0.5666666666666667,0.5333333333333333,0.5333333333333333,0.5333333333333333,0.3,0.0033226966857910155,0.0013777732849121094
0.2,0.0129155,0.7,50,0.39,0.1335830993967592,769,0.35,0.65,0.3666666666666667,0.2833333333333333,0.30000000000000004,0.0033428192138671873,0.0013866901397705078
0.2,0.0129155,0.9,5,0.4600000000000001,0.052281290471193745,688,0.48333333333333334,0.55,0.43333333333333335,0.43333333333333335,0.4,0.003351783752441406,0.0013879776000976563
0.2,0.0129155,0.9,10,0.4999999999999999,0.07071067811865477,606,0.5833333333333334,0.55,0.5333333333333333,0.43333333333333335,0.4,0.0032953262329101563,0.001375436782836914
0.2,0.0129155,0.9,20,0.4933333333333333,0.09752492558885197,623,0.5666666666666667,0.5333333333333333,0.5333333333333333,0.5333333333333333,0.3,0.003315114974975586,0.001373624801635742
0.2,0.0129155,0.9,50,0.39,0.1335830993967592,769,0.35,0.65,0.3666666666666667,0.2833333333333333,0.30000000000000004,0.0033301830291748045,0.0013916969299316406
0.2,0.0464159,0.1,5,0.7033333333333333,0.0755718936583642,380,0.75,0.65,0.7,0.8166666666666667,0.6000000000000001,0.02361741065979004,0.0013799667358398438
0.2,0.0464159,0.1,10,0.76,0.08,81,0.6333333333333333,0.8333333333333333,0.8,0.8333333333333333,0.7,0.023639965057373046,0.001397705078125
0.2,0.0464159,0.1,20,0.7566666666666666,0.11234866364235144,120,0.8166666666666667,0.8333333333333333,0.8,0.5333333333333333,0.8,0.023498058319091797,0.001385068893432617
0.2,0.0464159,0.1,50,0.74,0.040276819911981905,193,0.7333333333333334,0.7333333333333334,0.7166666666666667,0.8166666666666667,0.7,0.023471641540527343,0.0013917446136474609
0.2,0.0464159,0.3,5,0.5700000000000001,0.0618241233033047,525,0.4666666666666667,0.6333333333333333,0.5333333333333333,0.6166666666666667,0.6000000000000001,0.022580480575561522,0.0013925552368164063
0.2,0.0464159,0.3,10,0.7566666666666666,0.10572501018102472,120,0.9166666666666667,0.8333333333333333,0.6166666666666667,0.7166666666666667,0.7,0.022652912139892577,0.0013869762420654296
0.2,0.0464159,0.3,20,0.7200000000000001,0.1275408431313933,308,0.9166666666666667,0.75,0.5166666666666667,0.7166666666666667,0.7,0.02244081497192383,0.0013920783996582032
0.2,0.0464159,0.3,50,0.7200000000000001,0.07916228058025278,308,0.8166666666666667,0.65,0.6166666666666667,0.7166666666666667,0.8,0.02243342399597168,0.001400136947631836
0.2,0.0464159,0.5,5,0.5066666666666666,0.11382247385975916,602,0.48333333333333334,0.6666666666666666,0.35,0.43333333333333335,0.6000000000000001,0.014052534103393554,0.0013816356658935547
0.2,0.0464159,0.5,10,0.5800000000000001,0.13140268896284682,520,0.5833333333333334,0.75,0.43333333333333335,0.43333333333333335,0.7,0.01403651237487793,0.0013831138610839843
0.2,0.0464159,0.5,20,0.5633333333333334,0.07180219742846003,529,0.5666666666666667,0.6666666666666666,0.45,0.5333333333333333,0.6,0.014091110229492188,0.0013863086700439454
0.2,0.0464159,0.5,50,0.5,0.16431676725154984,605,0.35,0.7333333333333334,0.5333333333333333,0.2833333333333333,0.6,0.014070987701416016,0.0013908863067626954
0.2,0.0464159,0.7,5,0.4600000000000001,0.052281290471193745,688,0.48333333333333334,0.55,0.43333333333333335,0.43333333333333335,0.4,0.004095935821533203,0.0013751506805419922
0.2,0.0464159,0.7,10,0.4999999999999999,0.07071067811865477,606,0.5833333333333334,0.55,0.5333333333333333,0.43333333333333335,0.4,0.004100608825683594,0.00138397216796875
0.2,0.0464159,0.7,20,0.4933333333333333,0.09752492558885197,623,0.5666666666666667,0.5333333333333333,0.5333333333333333,0.5333333333333333,0.3,0.004194021224975586,0.0013907432556152343
0.2,0.0464159,0.7,50,0.39,0.1335830993967592,769,0.35,0.65,0.3666666666666667,0.2833333333333333,0.30000000000000004,0.004122638702392578,0.0013925552368164063
0.2,0.0464159,0.9,5,0.4600000000000001,0.052281290471193745,688,0.48333333333333334,0.55,0.43333333333333335,0.43333333333333335,0.4,0.003808116912841797,0.0013756752014160156
0.2,0.0464159,0.9,10,0.4999999999999999,0.07071067811865477,606,0.5833333333333334,0.55,0.5333333333333333,0.43333333333333335,0.4,0.003817844390869141,0.0013851642608642579
0.2,0.0464159,0.9,20,0.4933333333333333,0.09752492558885197,623,0.5666666666666667,0.5333333333333333,0.5333333333333333,0.5333333333333333,0.3,0.003968334197998047,0.0013957977294921874
0.2,0.0464159,0.9,50,0.39,0.1335830993967592,769,0.35,0.65,0.3666666666666667,0.2833333333333333,0.30000000000000004,0.0038386821746826173,0.0013837337493896485
0.2,0.16681,0.1,5,0.7,0.05868938953886338,383,0.6333333333333333,0.65,0.7166666666666667,0.8,0.7,0.05495467185974121,0.0013980865478515625
0.2,0.16681,0.1,10,0.76,0.09921917377424809,81,0.8166666666666667,0.75,0.9,0.7333333333333334,0.6000000000000001,0.05500016212463379,0.0014175891876220704
0.2,0.16681,0.1,20,0.7766666666666667,0.07272474743090476,40,0.8166666666666667,0.8333333333333333,0.8,0.6333333333333333,0.8,0.05493288040161133,0.0013928413391113281
0.2,0.16681,0.1,50,0.74,0.07498147919467993,193,0.7333333333333334,0.8333333333333333,0.6166666666666667,0.7166666666666667,0.8,0.055026578903198245,0.0013936996459960938
0.2,0.16681,0.3,5,0.5833333333333334,0.09309493362512626,514,0.43333333333333335,0.65,0.7,0.5333333333333333,0.6000000000000001,0.05952768325805664,0.0014019489288330078
0.2,0.16681,0.3,10,0.7566666666666666,0.12892719737209143,120,0.8166666666666667,0.8333333333333333,0.8,0.8333333333333333,0.5,0.05961289405822754,0.0014183998107910156
0.2,0.16681,0.3,20,0.7566666666666666,0.07717224601860151,120,0.8166666666666667,0.8333333333333333,0.7,0.6333333333333333,0.8,0.05872430801391602,0.0014179229736328125
0.2,0.16681,0.3,50,0.7366666666666667,0.07557189365836421,248,0.8166666666666667,0.7333333333333334,0.6166666666666667,0.8166666666666667,0.7,0.05830674171447754,0.0014150142669677734
0.2,0.16681,0.5,5,0.7100000000000001,0.12046207333061767,336,0.75,0.5833333333333334,0.7,0.9166666666666667,0.6000000000000001,0.062442684173583986,0.0013998985290527345
0.2,0.16681,0.5,10,0.8133333333333335,0.06944222218666556,6,0.8166666666666667,0.8333333333333333,0.8,0.9166666666666667,0.7,0.06303768157958985,0.0014071941375732421
0.2,0.16681,0.5,20,0.7766666666666667,0.0442216638714053,40,0.7333333333333334,0.8333333333333333,0.8,0.7166666666666667,0.8,0.06299457550048829,0.0014094829559326172
0.2,0.16681,0.5,50,0.7533333333333333,0.09030811456096044,161,0.8166666666666667,0.8333333333333333,0.6,0.8166666666666667,0.7,0.0630526065826416,0.001406240463256836
0.2,0.16681,0.7,5,0.7100000000000001,0.12046207333061767,336,0.75,0.5833333333333334,0.7,0.9166666666666667,0.6000000000000001,0.0609372615814209,0.0014077186584472655
0.2,0.16681,0.7,10,0.7733333333333332,0.04294699575575044,69,0.8166666666666667,0.75,0.8,0.7,0.8,0.06041402816772461,0.0014205455780029296
0.2,0.16681,0.7,20,0.7766666666666667,0.08472176684759225,40,0.9166666666666667,0.8333333333333333,0.7166666666666667,0.7166666666666667,0.7,0.06042380332946777,0.001441192626953125
0.2,0.16681,0.7,50,0.7366666666666666,0.0798609903380729,264,0.8166666666666667,0.7333333333333334,0.7166666666666667,0.8166666666666667,0.6000000000000001,0.060428953170776366,0.001422882080078125
0.2,0.16681,0.9,5,0.6833333333333333,0.12692955176439846,408,0.65,0.55,0.7,0.9166666666666667,0.6000000000000001,0.06428031921386719,0.0014273643493652344
0.2,0.16681,0.9,10,0.7533333333333333,0.08259674462242582,161,0.9166666666666667,0.7333333333333334,0.7166666666666667,0.7,0.7,0.06446938514709473,0.0014193534851074218
0.2,0.16681,0.9,20,0.7933333333333333,0.07930251502246882,25,0.9166666666666667,0.8333333333333333,0.8,0.7166666666666667,0.7,0.06540021896362305,0.0014369964599609375
0.2,0.16681,0.9,50,0.7566666666666666,0.08472176684759221,120,0.8166666666666667,0.8333333333333333,0.6166666666666667,0.8166666666666667,0.7,0.06532573699951172,0.0014110088348388671
0.2,0.599484,0.1,5,0.5433333333333333,0.08981462390204988,550,0.65,0.55,0.5333333333333333,0.3833333333333333,0.6,0.12572841644287108,0.001465177536010742
0.2,0.599484,0.1,10,0.7433333333333334,0.06548960901462834,170,0.8166666666666667,0.75,0.7166666666666667,0.6333333333333333,0.8,0.12551822662353515,0.0014723777770996095
0.2,0.599484,0.1,20,0.76,0.08730533902472526,81,0.8166666666666667,0.8333333333333333,0.6166666666666667,0.8333333333333333,0.7,0.12436165809631347,0.0014833927154541016
0.2,0.599484,0.1,50,0.74,0.07498147919467993,193,0.7333333333333334,0.8333333333333333,0.6166666666666667,0.7166666666666667,0.8,0.12437629699707031,0.0015043258666992188
0.2,0.599484,0.3,5,0.7066666666666667,0.06548960901462833,348,0.8166666666666667,0.65,0.6333333333333333,0.7333333333333334,0.7,0.14964303970336915,0.0014739036560058594
0.2,0.599484,0.3,10,0.6799999999999999,0.12710450643291743,430,0.8166666666666667,0.8333333333333333,0.6166666666666667,0.6333333333333333,0.5,0.15008673667907715,0.0014825820922851562
0.2,0.599484,0.3,20,0.7799999999999999,0.08259674462242575,36,0.8166666666666667,0.8333333333333333,0.6166666666666667,0.8333333333333333,0.8,0.15083751678466797,0.0014714241027832032
0.2,0.599484,0.3,50,0.74,0.07930251502246877,193,0.7333333333333334,0.8333333333333333,0.6166666666666667,0.8166666666666667,0.7,0.15081229209899902,0.0014711380004882812
0.2,0.599484,0.5,5,0.6433333333333333,0.08339997335464537,461,0.6166666666666667,0.65,0.7166666666666667,0.7333333333333334,0.5,0.16245436668395996,0.0014694690704345702
0.2,0.599484,0.5,10,0.72,0.1142122779934121,319,0.8166666666666667,0.75,0.8,0.7333333333333334,0.5,0.16259164810180665,0.0014702796936035157
0.2,0.599484,0.5,20,0.7966666666666666,0.09854496999396321,16,0.8166666666666667,0.8333333333333333,0.6166666666666667,0.9166666666666667,0.8,0.1628934383392334,0.0014646053314208984
0.2,0.599484,0.5,50,0.7166666666666667,0.09718253158075496,330,0.8166666666666667,0.8333333333333333,0.6166666666666667,0.7166666666666667,0.6000000000000001,0.16271958351135254,0.0014802932739257813
0.2,0.599484,0.7,5,0.6266666666666667,0.10413666234542206,480,0.43333333333333335,0.7333333333333334,0.6333333333333333,0.6333333333333333,0.7,0.19120678901672364,0.0014927387237548828
0.2,0.599484,0.7,10,0.7,0.14414498873626433,383,0.8166666666666667,0.8333333333333333,0.8,0.55,0.5,0.18827223777770996,0.001472806930541992
0.2,0.599484,0.7,20,0.82,0.048762462794425976,2,0.8166666666666667,0.8333333333333333,0.9,0.75,0.8,0.1881232738494873,0.0014796257019042969
0.2,0.599484,0.7,50,0.7566666666666666,0.05637178175095919,120,0.8166666666666667,0.8333333333333333,0.7166666666666667,0.7166666666666667,0.7,0.1881007194519043,0.0014865398406982422
0.2,0.599484,0.9,5,0.6599999999999999,0.11382247385975916,458,0.43333333333333335,0.7333333333333334,0.7166666666666667,0.7166666666666667,0.7,0.18915214538574218,0.0014765262603759766
0.2,0.599484,0.9,10,0.7366666666666667,0.11175369742826806,248,0.8166666666666667,0.8333333333333333,0.8,0.5333333333333333,0.7,0.18967151641845703,0.0015849590301513672
0.2,0.599484,0.9,20,0.8033333333333333,0.07630348761506399,7,0.8166666666666667,0.8333333333333333,0.9,0.6666666666666666,0.8,0.18893303871154785,0.0014920234680175781
0.2,0.599484,0.9,50,0.7333333333333334,0.08096638534327413,271,0.8166666666666667,0.7333333333333334,0.6,0.8166666666666667,0.7,0.18911428451538087,0.0014964103698730468
0.2,2.15443,0.1,5,0.6033333333333333,0.13880441875771346,501,0.65,0.65,0.5333333333333333,0.3833333333333333,0.8,0.24357447624206544,0.0014963150024414062
0.2,2.15443,0.1,10,0.76,0.062003584125794244,81,0.8166666666666667,0.65,0.8,0.7333333333333334,0.8,0.2435671329498291,0.0014908790588378906
0.2,2.15443,0.1,20,0.74,0.12229290885229424,193,0.8166666666666667,0.8333333333333333,0.5166666666666667,0.8333333333333333,0.7,0.24367246627807618,0.001527261734008789
0.2,2.15443,0.1,50,0.74,0.07498147919467993,193,0.7333333333333334,0.8333333333333333,0.6166666666666667,0.7166666666666667,0.8,0.24334864616394042,0.0015286922454833985
0.2,2.15443,0.3,5,0.6866666666666668,0.10666666666666665,402,0.8333333333333333,0.7333333333333334,0.5333333333333333,0.7333333333333334,0.6000000000000001,0.3029541015625,0.0015492439270019531
0.2,2.15443,0.3,10,0.7033333333333334,0.07845734863959877,358,0.8166666666666667,0.75,0.7166666666666667,0.6333333333333333,0.6000000000000001,0.30297317504882815,0.0015398502349853516
0.2,2.15443,0.3,20,0.8,0.043461349368017634,11,0.8166666666666667,0.8333333333333333,0.7166666666666667,0.8333333333333333,0.8,0.30280251502990724,0.0015442848205566406
0.2,2.15443,0.3,50,0.76,0.07930251502246877,81,0.7333333333333334,0.8333333333333333,0.6166666666666667,0.8166666666666667,0.8,0.30641994476318357,0.0015607833862304687
0.2,2.15443,0.5,5,0.7066666666666667,0.06548960901462833,348,0.8166666666666667,0.65,0.6333333333333333,0.7333333333333334,0.7,0.3425760269165039,0.0016244888305664063
0.2,2.15443,0.5,10,0.66,0.10780641085864154,455,0.8166666666666667,0.7333333333333334,0.6166666666666667,0.6333333333333333,0.5,0.3427938461303711,0.001567697525024414
0.2,2.15443,0.5,20,0.72,0.12445436468396312,319,0.8166666666666667,0.8333333333333333,0.5166666666666667,0.6333333333333333,0.8,0.3455502986907959,0.001552581787109375
0.2,2.15443,0.5,50,0.7,0.1260511360079269,383,0.7333333333333334,0.8333333333333333,0.6166666666666667,0.8166666666666667,0.5,0.34437785148620603,0.0015625953674316406
0.2,2.15443,0.7,5,0.7033333333333334,0.06944222218666551,358,0.8166666666666667,0.65,0.6166666666666667,0.7333333333333334,0.7,0.362200403213501,0.001556539535522461
0.2,2.15443,0.7,10,0.6633333333333333,0.10718623460542351,450,0.8166666666666667,0.7333333333333334,0.6166666666666667,0.65,0.5,0.3640308856964111,0.001572418212890625
0.2,2.15443,0.7,20,0.7766666666666666,0.13605554421305702,50,0.8166666666666667,0.8333333333333333,0.5166666666666667,0.9166666666666667,0.8,0.3576448917388916,0.0015581130981445312
0.2,2.15443,0.7,50,0.74,0.10143416036468622,193,0.8166666666666667,0.8333333333333333,0.6333333333333333,0.8166666666666667,0.6000000000000001,0.35451607704162597,0.001546621322631836
0.2,2.15443,0.9,5,0.7266666666666668,0.05436502143433364,274,0.8166666666666667,0.65,0.7333333333333334,0.7333333333333334,0.7,0.40544819831848145,0.0015555381774902343
0.2,2.15443,0.9,10,0.6833333333333333,0.12605113600792692,408,0.8166666666666667,0.8333333333333333,0.6166666666666667,0.65,0.5,0.40578413009643555,0.0015571117401123047
0.2,2.15443,0.9,20,0.7766666666666667,0.10572501018102472,40,0.8166666666666667,0.8333333333333333,0.6166666666666667,0.9166666666666667,0.7,0.4053697109222412,0.0015530109405517579
0.2,2.15443,0.9,50,0.76,0.0793025150224688,81,0.8166666666666667,0.8333333333333333,0.6333333333333333,0.8166666666666667,0.7,0.40530080795288087,0.001565694808959961
0.2,7.74264,0.1,5,0.6766666666666667,0.092255683353987,437,0.65,0.65,0.5333333333333333,0.75,0.8,0.280594539642334,0.0015411853790283203
0.2,7.74264,0.1,10,0.78,0.08781293248212994,29,0.7333333333333334,0.65,0.8,0.9166666666666667,0.8,0.28055729866027834,0.0015293121337890624
0.2,7.74264,0.1,20,0.76,0.08730533902472526,81,0.8166666666666667,0.8333333333333333,0.6166666666666667,0.8333333333333333,0.7,0.2804205894470215,0.0015488147735595703
0.2,7.74264,0.1,50,0.76,0.08339997335464533,81,0.8333333333333333,0.8333333333333333,0.6166666666666667,0.7166666666666667,0.8,0.28058695793151855,0.001546955108642578
0.2,7.74264,0.3,5,0.5633333333333334,0.09966610925150705,529,0.65,0.65,0.5333333333333333,0.3833333333333333,0.6000000000000001,0.4764815330505371,0.0015673637390136719
0.2,7.74264,0.3,10,0.7833333333333333,0.10593499054713804,27,0.7333333333333334,0.65,0.7166666666666667,0.9166666666666667,0.9,0.47634434700012207,0.001574087142944336
0.2,7.74264,0.3,20,0.7233333333333334,0.11623730516108458,282,0.7333333333333334,0.8333333333333333,0.5166666666666667,0.8333333333333333,0.7,0.4765596389770508,0.0015645027160644531
0.2,7.74264,0.3,50,0.74,0.07498147919467993,193,0.7333333333333334,0.8333333333333333,0.6166666666666667,0.7166666666666667,0.8,0.47640385627746584,0.0015610218048095702
0.2,7.74264,0.5,5,0.6666666666666666,0.11737877907772672,448,0.8333333333333333,0.5333333333333333,0.5333333333333333,0.7333333333333334,0.7,0.5717193126678467,0.0015657424926757812
0.2,7.74264,0.5,10,0.6666666666666667,0.0924962461700774,444,0.7333333333333334,0.75,0.7166666666666667,0.6333333333333333,0.5,0.572137975692749,0.0015680313110351563
0.2,7.74264,0.5,20,0.72,0.11323525167642016,319,0.8166666666666667,0.8333333333333333,0.5166666666666667,0.7333333333333334,0.7,0.5720324993133545,0.0015605926513671876
0.2,7.74264,0.5,50,0.7433333333333334,0.07039570693980958,170,0.7333333333333334,0.75,0.6166666666666667,0.8166666666666667,0.8,0.5729471683502197,0.0016905784606933594
0.2,7.74264,0.7,5,0.7033333333333334,0.09333333333333335,358,0.8166666666666667,0.7333333333333334,0.5333333333333333,0.7333333333333334,0.7,0.5836939334869384,0.0015530586242675781
0.2,7.74264,0.7,10,0.6866666666666666,0.10770329614269007,406,0.8166666666666667,0.75,0.7166666666666667,0.65,0.5,0.5826769828796386,0.0015777587890625
0.2,7.74264,0.7,20,0.7233333333333334,0.08666666666666666,282,0.7333333333333334,0.8333333333333333,0.6166666666666667,0.6333333333333333,0.8,0.5826560497283936,0.001572418212890625
0.2,7.74264,0.7,50,0.7433333333333334,0.07039570693980958,170,0.7333333333333334,0.75,0.6166666666666667,0.8166666666666667,0.8,0.5844552516937256,0.0015755653381347655
0.2,7.74264,0.9,5,0.7033333333333334,0.09333333333333335,358,0.8166666666666667,0.7333333333333334,0.5333333333333333,0.7333333333333334,0.7,0.6333670139312744,0.0015683650970458984
0.2,7.74264,0.9,10,0.7233333333333333,0.054365021434333624,302,0.8166666666666667,0.7333333333333334,0.7166666666666667,0.65,0.7,0.6334024429321289,0.0015631675720214843
0.2,7.74264,0.9,20,0.7366666666666667,0.1199073716573663,248,0.8166666666666667,0.8333333333333333,0.5166666666666667,0.8166666666666667,0.7,0.6324715614318848,0.001565694808959961
0.2,7.74264,0.9,50,0.7266666666666668,0.060184900284225976,274,0.7333333333333334,0.75,0.6333333333333333,0.8166666666666667,0.7,0.6370965957641601,0.001577615737915039
0.2,27.8256,0.1,5,0.6366666666666667,0.07102425250887505,472,0.65,0.65,0.5333333333333333,0.75,0.6000000000000001,0.30155134201049805,0.001540994644165039
0.2,27.8256,0.1,10,0.7233333333333334,0.1289271973720915,282,0.7333333333333334,0.5666666666666667,0.8,0.9166666666666667,0.6,0.3016223907470703,0.0015557289123535156
0.2,27.8256,0.1,20,0.76,0.09104333522498437,81,0.8166666666666667,0.8333333333333333,0.7166666666666667,0.8333333333333333,0.6000000000000001,0.3018430233001709,0.001523590087890625
0.2,27.8256,0.1,50,0.7733333333333334,0.10780641085864155,66,0.9166666666666667,0.8333333333333333,0.6,0.7166666666666667,0.8,0.30136880874633787,0.00152435302734375
0.2,27.8256,0.3,5,0.6766666666666667,0.092255683353987,437,0.65,0.65,0.5333333333333333,0.75,0.8,0.3966796398162842,0.0015486717224121095
0.2,27.8256,0.3,10,0.78,0.08781293248212994,29,0.7333333333333334,0.65,0.8,0.9166666666666667,0.8,0.39703960418701173,0.0015610218048095702
0.2,27.8256,0.3,20,0.7766666666666666,0.06289320754704403,50,0.8166666666666667,0.8333333333333333,0.7,0.8333333333333333,0.7,0.39685735702514646,0.0015559673309326171
0.2,27.8256,0.3,50,0.7200000000000001,0.0694422221866655,308,0.7333333333333334,0.8333333333333333,0.6166666666666667,0.7166666666666667,0.7,0.40235042572021484,0.0015502452850341796
0.2,27.8256,0.5,5,0.5833333333333334,0.1140175425099138,514,0.65,0.65,0.5333333333333333,0.3833333333333333,0.7,0.5654016971588135,0.0015540122985839844
0.2,27.8256,0.5,10,0.78,0.08781293248212994,29,0.7333333333333334,0.65,0.8,0.9166666666666667,0.8,0.5654929637908935,0.0015790939331054687
0.2,27.8256,0.5,20,0.7766666666666666,0.06289320754704403,50,0.8166666666666667,0.8333333333333333,0.7,0.8333333333333333,0.7,0.5639331817626954,0.0015595912933349609
0.2,27.8256,0.5,50,0.76,0.08339997335464533,81,0.8333333333333333,0.8333333333333333,0.6166666666666667,0.7166666666666667,0.8,0.5633455753326416,0.001562786102294922
0.2,27.8256,0.7,5,0.5766666666666667,0.11382247385975916,524,0.7166666666666667,0.65,0.5333333333333333,0.3833333333333333,0.6000000000000001,0.6878883838653564,0.0016144275665283202
0.2,27.8256,0.7,10,0.7833333333333333,0.10593499054713804,27,0.7333333333333334,0.65,0.7166666666666667,0.9166666666666667,0.9,0.6919469356536865,0.0015623092651367188
0.2,27.8256,0.7,20,0.7033333333333334,0.12128936932440164,358,0.6333333333333333,0.8333333333333333,0.5166666666666667,0.8333333333333333,0.7,0.6903841018676757,0.0016934871673583984
0.2,27.8256,0.7,50,0.74,0.07498147919467993,193,0.7333333333333334,0.8333333333333333,0.6166666666666667,0.7166666666666667,0.8,0.6894919395446777,0.0015621662139892578
0.2,27.8256,0.9,5,0.6,0.14719601443879743,507,0.8333333333333333,0.65,0.5333333333333333,0.3833333333333333,0.6000000000000001,0.7593630790710449,0.0015680313110351563
0.2,27.8256,0.9,10,0.76,0.05436502143433362,81,0.7333333333333334,0.8333333333333333,0.7166666666666667,0.8166666666666667,0.7,0.7534001350402832,0.0015674591064453124
0.2,27.8256,0.9,20,0.7233333333333334,0.11623730516108458,282,0.7333333333333334,0.8333333333333333,0.5166666666666667,0.8333333333333333,0.7,0.7440025329589843,0.0015586376190185546
0.2,27.8256,0.9,50,0.74,0.07498147919467993,193,0.7333333333333334,0.8333333333333333,0.6166666666666667,0.7166666666666667,0.8,0.7446383953094482,0.0015698909759521485
0.2,100.0,0.1,5,0.6366666666666667,0.07102425250887505,472,0.65,0.65,0.5333333333333333,0.75,0.6000000000000001,0.36026859283447266,0.0015158653259277344
0.2,100.0,0.1,10,0.7433333333333334,0.11527744310527059,170,0.7333333333333334,0.5666666666666667,0.7,0.9166666666666667,0.8,0.3627448081970215,0.0015130996704101562
0.2,100.0,0.1,20,0.74,0.12762793146051096,193,0.8166666666666667,0.8333333333333333,0.7166666666666667,0.8333333333333333,0.5,0.36200718879699706,0.001538705825805664
0.2,100.0,0.1,50,0.7933333333333333,0.07930251502246882,25,0.9166666666666667,0.8333333333333333,0.7,0.7166666666666667,0.8,0.3615112781524658,0.001534891128540039
0.2,100.0,0.3,5,0.6366666666666667,0.07102425250887505,472,0.65,0.65,0.5333333333333333,0.75,0.6000000000000001,0.36350054740905763,0.0015206336975097656
0.2,100.0,0.3,10,0.7233333333333334,0.1289271973720915,282,0.7333333333333334,0.5666666666666667,0.8,0.9166666666666667,0.6,0.3628264904022217,0.0015354156494140625
0.2,100.0,0.3,20,0.76,0.09104333522498437,81,0.8166666666666667,0.8333333333333333,0.7166666666666667,0.8333333333333333,0.6000000000000001,0.3629946708679199,0.001540803909301758
0.2,100.0,0.3,50,0.7733333333333334,0.10780641085864155,66,0.9166666666666667,0.8333333333333333,0.6,0.7166666666666667,0.8,0.3632801055908203,0.0015510082244873046
0.2,100.0,0.5,5,0.6366666666666667,0.07102425250887505,472,0.65,0.65,0.5333333333333333,0.75,0.6000000000000001,0.3878742218017578,0.0015305042266845702
0.2,100.0,0.5,10,0.7233333333333334,0.1289271973720915,282,0.7333333333333334,0.5666666666666667,0.8,0.9166666666666667,0.6,0.3892363548278809,0.0015367507934570313
0.2,100.0,0.5,20,0.74,0.12762793146051096,193,0.8166666666666667,0.8333333333333333,0.7166666666666667,0.8333333333333333,0.5,0.3896631240844727,0.0015341281890869141
0.2,100.0,0.5,50,0.7566666666666666,0.06289320754704401,120,0.8333333333333333,0.8333333333333333,0.7,0.7166666666666667,0.7,0.38932485580444337,0.0015378952026367187
0.2,100.0,0.7,5,0.6366666666666667,0.07102425250887505,472,0.65,0.65,0.5333333333333333,0.75,0.6000000000000001,0.4158609390258789,0.0015355587005615235
0.2,100.0,0.7,10,0.72,0.08393118874676116,319,0.7333333333333334,0.65,0.8,0.8166666666666667,0.6,0.4160116672515869,0.0015348434448242188
0.2,100.0,0.7,20,0.7566666666666666,0.12892719737209143,120,0.8166666666666667,0.8333333333333333,0.8,0.8333333333333333,0.5,0.41551957130432127,0.0015366554260253906
0.2,100.0,0.7,50,0.76,0.08339997335464533,81,0.8333333333333333,0.8333333333333333,0.6166666666666667,0.7166666666666667,0.8,0.41785664558410646,0.0015370368957519532
0.2,100.0,0.9,5,0.6566666666666666,0.07195677714974301,459,0.65,0.65,0.5333333333333333,0.75,0.7,0.4596911907196045,0.0015384197235107423
0.2,100.0,0.9,10,0.76,0.062003584125794244,81,0.7333333333333334,0.65,0.8,0.8166666666666667,0.8,0.4596827507019043,0.0015553951263427735
0.2,100.0,0.9,20,0.7566666666666666,0.12892719737209143,120,0.8166666666666667,0.8333333333333333,0.8,0.8333333333333333,0.5,0.4604471206665039,0.0015698909759521485
0.2,100.0,0.9,50,0.7200000000000001,0.0694422221866655,308,0.7333333333333334,0.8333333333333333,0.6166666666666667,0.7166666666666667,0.7,0.4570925712585449,0.001615619659423828
0.5,0.001,0.1,5,0.4699999999999999,0.039999999999999994,672,0.5,0.5,0.4,0.45,0.5,0.0032593727111816405,0.001395273208618164
0.5,0.001,0.1,10,0.44333333333333336,0.08406346808612329,736,0.5,0.5,0.2833333333333333,0.43333333333333335,0.5,0.0032652854919433595,0.0013936519622802734
0.5,0.001,0.1,20,0.4833333333333333,0.05163977794943223,640,0.5,0.5,0.3833333333333333,0.5333333333333333,0.5,0.0032210350036621094,0.0013944625854492188
0.5,0.001,0.1,50,0.44666666666666666,0.10077477638553983,720,0.3833333333333333,0.5,0.5666666666666667,0.2833333333333333,0.5,0.0032707691192626954,0.001386260986328125
0.5,0.001,0.3,5,0.4699999999999999,0.039999999999999994,672,0.5,0.5,0.4,0.45,0.5,0.0032047271728515626,0.0013881683349609374
0.5,0.001,0.3,10,0.44333333333333336,0.08406346808612329,736,0.5,0.5,0.2833333333333333,0.43333333333333335,0.5,0.0032599925994873046,0.0013851165771484376
0.5,0.001,0.3,20,0.4833333333333333,0.05163977794943223,640,0.5,0.5,0.3833333333333333,0.5333333333333333,0.5,0.003229188919067383,0.0013837814331054688
0.5,0.001,0.3,50,0.44666666666666666,0.10077477638553983,720,0.3833333333333333,0.5,0.5666666666666667,0.2833333333333333,0.5,0.0032488822937011717,0.001386547088623047
0.5,0.001,0.5,5,0.4699999999999999,0.039999999999999994,672,0.5,0.5,0.4,0.45,0.5,0.003184223175048828,0.0013885974884033203
0.5,0.001,0.5,10,0.44333333333333336,0.08406346808612329,736,0.5,0.5,0.2833333333333333,0.43333333333333335,0.5,0.0032923221588134766,0.0013857364654541015
0.5,0.001,0.5,20,0.4833333333333333,0.05163977794943223,640,0.5,0.5,0.3833333333333333,0.5333333333333333,0.5,0.003196525573730469,0.0013858318328857423
0.5,0.001,0.5,50,0.44666666666666666,0.10077477638553983,720,0.3833333333333333,0.5,0.5666666666666667,0.2833333333333333,0.5,0.003237628936767578,0.001392507553100586
0.5,0.001,0.7,5,0.4699999999999999,0.039999999999999994,672,0.5,0.5,0.4,0.45,0.5,0.0031946182250976564,0.0013805389404296874
0.5,0.001,0.7,10,0.44333333333333336,0.08406346808612329,736,0.5,0.5,0.2833333333333333,0.43333333333333335,0.5,0.0032170772552490234,0.0014524459838867188
0.5,0.001,0.7,20,0.4833333333333333,0.05163977794943223,640,0.5,0.5,0.3833333333333333,0.5333333333333333,0.5,0.0032256126403808595,0.0013846874237060547
0.5,0.001,0.7,50,0.44666666666666666,0.10077477638553983,720,0.3833333333333333,0.5,0.5666666666666667,0.2833333333333333,0.5,0.0032332897186279296,0.001383352279663086
0.5,0.001,0.9,5,0.4699999999999999,0.039999999999999994,672,0.5,0.5,0.4,0.45,0.5,0.003198051452636719,0.0013735294342041016
0.5,0.001,0.9,10,0.44333333333333336,0.08406346808612329,736,0.5,0.5,0.2833333333333333,0.43333333333333335,0.5,0.0032785415649414064,0.0013838768005371093
0.5,0.001,0.9,20,0.4833333333333333,0.05163977794943223,640,0.5,0.5,0.3833333333333333,0.5333333333333333,0.5,0.003246116638183594,0.001379680633544922
0.5,0.001,0.9,50,0.44666666666666666,0.10077477638553983,720,0.3833333333333333,0.5,0.5666666666666667,0.2833333333333333,0.5,0.0032413959503173827,0.0013822555541992188
0.5,0.00359381,0.1,5,0.4699999999999999,0.039999999999999994,672,0.5,0.5,0.4,0.45,0.5,0.003804588317871094,0.0013735771179199218
0.5,0.00359381,0.1,10,0.44333333333333336,0.08406346808612329,736,0.5,0.5,0.2833333333333333,0.43333333333333335,0.5,0.003875732421875,0.0013723373413085938
0.5,0.00359381,0.1,20,0.4833333333333333,0.05163977794943223,640,0.5,0.5,0.3833333333333333,0.5333333333333333,0.5,0.0038271427154541017,0.0013954639434814453
0.5,0.00359381,0.1,50,0.44666666666666666,0.10077477638553983,720,0.3833333333333333,0.5,0.5666666666666667,0.2833333333333333,0.5,0.003877735137939453,0.0013806343078613282
0.5,0.00359381,0.3,5,0.4699999999999999,0.039999999999999994,672,0.5,0.5,0.4,0.45,0.5,0.0032311439514160155,0.0013820171356201173
0.5,0.00359381,0.3,10,0.44333333333333336,0.08406346808612329,736,0.5,0.5,0.2833333333333333,0.43333333333333335,0.5,0.003211355209350586,0.001395845413208008
0.5,0.00359381,0.3,20,0.4833333333333333,0.05163977794943223,640,0.5,0.5,0.3833333333333333,0.5333333333333333,0.5,0.003194713592529297,0.001401519775390625
0.5,0.00359381,0.3,50,0.44666666666666666,0.10077477638553983,720,0.3833333333333333,0.5,0.5666666666666667,0.2833333333333333,0.5,0.003284645080566406,0.0014008045196533202
0.5,0.00359381,0.5,5,0.4699999999999999,0.039999999999999994,672,0.5,0.5,0.4,0.45,0.5,0.0031959056854248048,0.001446676254272461
0.5,0.00359381,0.5,10,0.44333333333333336,0.08406346808612329,736,0.5,0.5,0.2833333333333333,0.43333333333333335,0.5,0.0032112598419189453,0.0013758182525634766
0.5,0.00359381,0.5,20,0.4833333333333333,0.05163977794943223,640,0.5,0.5,0.3833333333333333,0.5333333333333333,0.5,0.0032031059265136717,0.0013881206512451171
0.5,0.00359381,0.5,50,0.44666666666666666,0.10077477638553983,720,0.3833333333333333,0.5,0.5666666666666667,0.2833333333333333,0.5,0.0032458782196044924,0.001400899887084961
0.5,0.00359381,0.7,5,0.4699999999999999,0.039999999999999994,672,0.5,0.5,0.4,0.45,0.5,0.003238058090209961,0.0013836860656738282
0.5,0.00359381,0.7,10,0.44333333333333336,0.08406346808612329,736,0.5,0.5,0.2833333333333333,0.43333333333333335,0.5,0.003219461441040039,0.0013895034790039062
0.5,0.00359381,0.7,20,0.4833333333333333,0.05163977794943223,640,0.5,0.5,0.3833333333333333,0.5333333333333333,0.5,0.0032094478607177734,0.0013843536376953124
0.5,0.00359381,0.7,50,0.44666666666666666,0.10077477638553983,720,0.3833333333333333,0.5,0.5666666666666667,0.2833333333333333,0.5,0.003275489807128906,0.0013883590698242187
0.5,0.00359381,0.9,5,0.4699999999999999,0.039999999999999994,672,0.5,0.5,0.4,0.45,0.5,0.0031968116760253905,0.0014394760131835938
0.5,0.00359381,0.9,10,0.44333333333333336,0.08406346808612329,736,0.5,0.5,0.2833333333333333,0.43333333333333335,0.5,0.0032004356384277345,0.0013790607452392578
0.5,0.00359381,0.9,20,0.4833333333333333,0.05163977794943223,640,0.5,0.5,0.3833333333333333,0.5333333333333333,0.5,0.003220367431640625,0.0013747692108154296
0.5,0.00359381,0.9,50,0.44666666666666666,0.10077477638553983,720,0.3833333333333333,0.5,0.5666666666666667,0.2833333333333333,0.5,0.0032557010650634765,0.0013896465301513673
0.5,0.0129155,0.1,5,0.6066666666666667,0.040276819911981905,498,0.6333333333333333,0.65,0.5333333333333333,0.6166666666666667,0.6000000000000001,0.011717796325683594,0.001457071304321289
0.5,0.0129155,0.1,10,0.7366666666666667,0.14734690736866896,248,0.9166666666666667,0.8333333333333333,0.5166666666666667,0.6166666666666667,0.8,0.011777448654174804,0.0013904094696044922
0.5,0.0129155,0.1,20,0.7566666666666666,0.10572501018102472,120,0.9166666666666667,0.8333333333333333,0.6166666666666667,0.7166666666666667,0.7,0.011751508712768555,0.0013890743255615234
0.5,0.0129155,0.1,50,0.7433333333333334,0.11333333333333331,170,0.8333333333333333,0.8333333333333333,0.5333333333333333,0.7166666666666667,0.8,0.011832189559936524,0.0014040470123291016
0.5,0.0129155,0.3,5,0.4699999999999999,0.039999999999999994,672,0.5,0.5,0.4,0.45,0.5,0.00381622314453125,0.0013769149780273437
0.5,0.0129155,0.3,10,0.44333333333333336,0.08406346808612329,736,0.5,0.5,0.2833333333333333,0.43333333333333335,0.5,0.0038647174835205076,0.001449441909790039
0.5,0.0129155,0.3,20,0.4833333333333333,0.05163977794943223,640,0.5,0.5,0.3833333333333333,0.5333333333333333,0.5,0.0038328647613525392,0.0013968944549560547
0.5,0.0129155,0.3,50,0.44666666666666666,0.10077477638553983,720,0.3833333333333333,0.5,0.5666666666666667,0.2833333333333333,0.5,0.0039002418518066405,0.0013813495635986329
0.5,0.0129155,0.5,5,0.4699999999999999,0.039999999999999994,672,0.5,0.5,0.4,0.45,0.5,0.0033627986907958985,0.0013707637786865234
0.5,0.0129155,0.5,10,0.44333333333333336,0.08406346808612329,736,0.5,0.5,0.2833333333333333,0.43333333333333335,0.5,0.003281974792480469,0.0013878822326660156
0.5,0.0129155,0.5,20,0.4833333333333333,0.05163977794943223,640,0.5,0.5,0.3833333333333333,0.5333333333333333,0.5,0.0033362865447998046,0.0013831138610839843
0.5,0.0129155,0.5,50,0.44666666666666666,0.10077477638553983,720,0.3833333333333333,0.5,0.5666666666666667,0.2833333333333333,0.5,0.003344869613647461,0.001379680633544922
0.5,0.0129155,0.7,5,0.4699999999999999,0.039999999999999994,672,0.5,0.5,0.4,0.45,0.5,0.003304719924926758,0.0014461994171142579
0.5,0.0129155,0.7,10,0.44333333333333336,0.08406346808612329,736,0.5,0.5,0.2833333333333333,0.43333333333333335,0.5,0.0033037662506103516,0.0013790130615234375
0.5,0.0129155,0.7,20,0.4833333333333333,0.05163977794943223,640,0.5,0.5,0.3833333333333333,0.5333333333333333,0.5,0.0033127307891845704,0.0013928890228271484
0.5,0.0129155,0.7,50,0.44666666666666666,0.10077477638553983,720,0.3833333333333333,0.5,0.5666666666666667,0.2833333333333333,0.5,0.003362417221069336,0.001389789581298828
0.5,0.0129155,0.9,5,0.4699999999999999,0.039999999999999994,672,0.5,0.5,0.4,0.45,0.5,0.00335841178894043,0.001388692855834961
0.5,0.0129155,0.9,10,0.44333333333333336,0.08406346808612329,736,0.5,0.5,0.2833333333333333,0.43333333333333335,0.5,0.003306007385253906,0.0013837337493896485
0.5,0.0129155,0.9,20,0.4833333333333333,0.05163977794943223,640,0.5,0.5,0.3833333333333333,0.5333333333333333,0.5,0.0032929420471191407,0.001388692855834961
0.5,0.0129155,0.9,50,0.44666666666666666,0.10077477638553983,720,0.3833333333333333,0.5,0.5666666666666667,0.2833333333333333,0.5,0.003358602523803711,0.0013995647430419921
0.5,0.0464159,0.1,5,0.7033333333333333,0.0755718936583642,380,0.75,0.65,0.7,0.8166666666666667,0.6000000000000001,0.02325863838195801,0.001402568817138672
0.5,0.0464159,0.1,10,0.7433333333333334,0.07118052168020875,170,0.6333333333333333,0.8333333333333333,0.8,0.75,0.7,0.023270320892333985,0.0014055728912353515
0.5,0.0464159,0.1,20,0.76,0.07498147919467994,81,0.8166666666666667,0.8333333333333333,0.7166666666666667,0.6333333333333333,0.8,0.02322678565979004,0.0014038562774658203
0.5,0.0464159,0.1,50,0.76,0.05436502143433362,81,0.7333333333333334,0.8333333333333333,0.7166666666666667,0.8166666666666667,0.7,0.023246049880981445,0.0013985157012939454
0.5,0.0464159,0.3,5,0.5700000000000001,0.0618241233033047,525,0.4666666666666667,0.6333333333333333,0.5333333333333333,0.6166666666666667,0.6000000000000001,0.02240586280822754,0.001388406753540039
0.5,0.0464159,0.3,10,0.7566666666666666,0.10572501018102472,120,0.9166666666666667,0.8333333333333333,0.6166666666666667,0.7166666666666667,0.7,0.022392797470092773,0.0013908863067626954
0.5,0.0464159,0.3,20,0.7566666666666666,0.10572501018102472,120,0.9166666666666667,0.8333333333333333,0.6166666666666667,0.7166666666666667,0.7,0.022442436218261717,0.0013898849487304688
0.5,0.0464159,0.3,50,0.7433333333333334,0.11333333333333331,170,0.8333333333333333,0.8333333333333333,0.5333333333333333,0.7166666666666667,0.8,0.02243914604187012,0.0014036178588867187
0.5,0.0464159,0.5,5,0.44000000000000006,0.05011098792790968,752,0.5,0.48333333333333334,0.3666666666666667,0.45,0.4,0.014005374908447266,0.0013899803161621094
0.5,0.0464159,0.5,10,0.53,0.13432961119739922,551,0.5,0.6666666666666666,0.35,0.43333333333333335,0.7,0.0140411376953125,0.001395416259765625
0.5,0.0464159,0.5,20,0.4966666666666667,0.02666666666666666,622,0.5,0.5,0.45,0.5333333333333333,0.5,0.014066648483276368,0.0013890266418457031
0.5,0.0464159,0.5,50,0.48999999999999994,0.13686976778431875,639,0.3833333333333333,0.65,0.5333333333333333,0.2833333333333333,0.6,0.014002323150634766,0.0013926506042480468
0.5,0.0464159,0.7,5,0.4699999999999999,0.039999999999999994,672,0.5,0.5,0.4,0.45,0.5,0.004188728332519531,0.0013823509216308594
0.5,0.0464159,0.7,10,0.44333333333333336,0.08406346808612329,736,0.5,0.5,0.2833333333333333,0.43333333333333335,0.5,0.004090309143066406,0.0013883590698242187
0.5,0.0464159,0.7,20,0.4833333333333333,0.05163977794943223,640,0.5,0.5,0.3833333333333333,0.5333333333333333,0.5,0.00411834716796875,0.0013885498046875
0.5,0.0464159,0.7,50,0.44666666666666666,0.10077477638553983,720,0.3833333333333333,0.5,0.5666666666666667,0.2833333333333333,0.5,0.004164838790893554,0.0014061450958251954
0.5,0.0464159,0.9,5,0.4699999999999999,0.039999999999999994,672,0.5,0.5,0.4,0.45,0.5,0.0038559436798095703,0.0013826370239257812
0.5,0.0464159,0.9,10,0.44333333333333336,0.08406346808612329,736,0.5,0.5,0.2833333333333333,0.43333333333333335,0.5,0.003817462921142578,0.0013782024383544923
0.5,0.0464159,0.9,20,0.4833333333333333,0.05163977794943223,640,0.5,0.5,0.3833333333333333,0.5333333333333333,0.5,0.003866291046142578,0.0013823509216308594
0.5,0.0464159,0.9,50,0.44666666666666666,0.10077477638553983,720,0.3833333333333333,0.5,0.5666666666666667,0.2833333333333333,0.5,0.003918695449829102,0.0013846874237060547
0.5,0.16681,0.1,5,0.68,0.0661647774709307,426,0.6333333333333333,0.65,0.6166666666666667,0.8,0.7,0.05431385040283203,0.0014010429382324218
0.5,0.16681,0.1,10,0.7433333333333334,0.1088321847820967,170,0.8166666666666667,0.75,0.9,0.65,0.6000000000000001,0.054312944412231445,0.0014060497283935546
0.5,0.16681,0.1,20,0.78,0.046427960923947034,29,0.8166666666666667,0.8333333333333333,0.7166666666666667,0.7333333333333334,0.8,0.05445456504821777,0.0014215946197509766
0.5,0.16681,0.1,50,0.7200000000000001,0.1102522360569415,308,0.7333333333333334,0.8333333333333333,0.5166666666666667,0.7166666666666667,0.8,0.05421428680419922,0.0014085769653320312
0.5,0.16681,0.3,5,0.6233333333333333,0.05537749241945381,483,0.6333333333333333,0.65,0.7,0.5333333333333333,0.6000000000000001,0.05864591598510742,0.001410531997680664
0.5,0.16681,0.3,10,0.74,0.08472176684759218,193,0.8166666666666667,0.8333333333333333,0.7,0.75,0.6000000000000001,0.05869235992431641,0.0014589786529541015
0.5,0.16681,0.3,20,0.7766666666666666,0.051207638319124046,50,0.8166666666666667,0.8333333333333333,0.7,0.7333333333333334,0.8,0.05875043869018555,0.0014019012451171875
0.5,0.16681,0.3,50,0.7366666666666666,0.10509255180289627,264,0.8166666666666667,0.8333333333333333,0.6166666666666667,0.8166666666666667,0.6000000000000001,0.058664989471435544,0.0014108657836914063
0.5,0.16681,0.5,5,0.7100000000000001,0.12046207333061767,336,0.75,0.5833333333333334,0.7,0.9166666666666667,0.6000000000000001,0.06203913688659668,0.0014133453369140625
0.5,0.16681,0.5,10,0.7966666666666666,0.07257180352359084,16,0.8166666666666667,0.75,0.8,0.9166666666666667,0.7,0.06211519241333008,0.0014129638671875
0.5,0.16681,0.5,20,0.78,0.07483314773547882,29,0.8333333333333333,0.8333333333333333,0.8,0.6333333333333333,0.8,0.06198568344116211,0.0014130115509033204
0.5,0.16681,0.5,50,0.78,0.059066817155564486,29,0.8333333333333333,0.8333333333333333,0.7166666666666667,0.8166666666666667,0.7,0.06199517250061035,0.001417684555053711
0.5,0.16681,0.7,5,0.7100000000000001,0.12046207333061767,336,0.75,0.5833333333333334,0.7,0.9166666666666667,0.6000000000000001,0.060727167129516604,0.0014009475708007812
0.5,0.16681,0.7,10,0.7566666666666666,0.04546060565661954,120,0.8166666666666667,0.75,0.7166666666666667,0.7,0.8,0.06078228950500488,0.0014137744903564454
0.5,0.16681,0.7,20,0.7966666666666666,0.07557189365836424,16,0.9166666666666667,0.8333333333333333,0.7166666666666667,0.7166666666666667,0.8,0.06034431457519531,0.0014082431793212891
0.5,0.16681,0.7,50,0.8366666666666667,0.07102425250887508,1,0.9166666666666667,0.8333333333333333,0.7166666666666667,0.8166666666666667,0.9,0.0603175163269043,0.001409006118774414
0.5,0.16681,0.9,5,0.6833333333333333,0.12692955176439846,408,0.65,0.55,0.7,0.9166666666666667,0.6000000000000001,0.06417250633239746,0.0014009952545166015
0.5,0.16681,0.9,10,0.7733333333333334,0.08730533902472534,66,0.9166666666666667,0.8333333333333333,0.7166666666666667,0.7,0.7,0.06447777748107911,0.0014132976531982422
0.5,0.16681,0.9,20,0.7766666666666667,0.08472176684759225,40,0.9166666666666667,0.8333333333333333,0.7166666666666667,0.7166666666666667,0.7,0.06560544967651367,0.0013928413391113281
0.5,0.16681,0.9,50,0.76,0.08339997335464533,81,0.8333333333333333,0.8333333333333333,0.7166666666666667,0.6166666666666667,0.8,0.0656620979309082,0.0014093875885009765
0.5,0.599484,0.1,5,0.5833333333333334,0.09128709291752768,514,0.75,0.55,0.5333333333333333,0.48333333333333334,0.6,0.1262436866760254,0.0014406204223632812
0.5,0.599484,0.1,10,0.71,0.1267543556122103,342,0.8166666666666667,0.75,0.7166666666666667,0.4666666666666667,0.8,0.12639303207397462,0.001519918441772461
0.5,0.599484,0.1,20,0.7433333333333334,0.07930251502246877,170,0.8166666666666667,0.8333333333333333,0.6166666666666667,0.75,0.7,0.12630858421325683,0.0014794826507568359
0.5,0.599484,0.1,50,0.74,0.07498147919467993,193,0.7333333333333334,0.8333333333333333,0.6166666666666667,0.7166666666666667,0.8,0.12632503509521484,0.0014894485473632812
0.5,0.599484,0.3,5,0.7266666666666668,0.08339997335464534,274,0.8166666666666667,0.65,0.6333333333333333,0.8333333333333333,0.7,0.15226917266845702,0.0015501976013183594
0.5,0.599484,0.3,10,0.6466666666666667,0.1539841261660146,460,0.8166666666666667,0.8333333333333333,0.6166666666666667,0.4666666666666667,0.5,0.1518233299255371,0.0015841007232666015
0.5,0.599484,0.3,20,0.7799999999999999,0.08259674462242575,36,0.8166666666666667,0.8333333333333333,0.6166666666666667,0.8333333333333333,0.8,0.15169968605041503,0.001573944091796875
0.5,0.599484,0.3,50,0.74,0.07930251502246877,193,0.7333333333333334,0.8333333333333333,0.6166666666666667,0.8166666666666667,0.7,0.15201215744018554,0.0015645027160644531
0.5,0.599484,0.5,5,0.6833333333333333,0.1260511360079269,408,0.8166666666666667,0.65,0.6166666666666667,0.8333333333333333,0.5,0.16325016021728517,0.0015308856964111328
0.5,0.599484,0.5,10,0.6833333333333333,0.10697871023920807,408,0.8166666666666667,0.75,0.7,0.65,0.5,0.16340503692626954,0.0015041828155517578
0.5,0.599484,0.5,20,0.7633333333333333,0.07845734863959877,78,0.8166666666666667,0.8333333333333333,0.6166666666666667,0.75,0.8,0.1630681037902832,0.0015054702758789062
0.5,0.599484,0.5,50,0.7,0.10274023338281624,383,0.8166666666666667,0.8333333333333333,0.6166666666666667,0.6333333333333333,0.6000000000000001,0.16322813034057618,0.001511859893798828
0.5,0.599484,0.7,5,0.6733333333333332,0.03887301263230203,440,0.6333333333333333,0.6666666666666666,0.6333333333333333,0.7333333333333334,0.7,0.19277482032775878,0.0015180110931396484
0.5,0.599484,0.7,10,0.6633333333333333,0.154344492037203,450,0.8166666666666667,0.8333333333333333,0.7,0.4666666666666667,0.5,0.19217500686645508,0.0015160083770751954
0.5,0.599484,0.7,20,0.82,0.048762462794425976,2,0.8166666666666667,0.8333333333333333,0.9,0.75,0.8,0.19218072891235352,0.0015063762664794921
0.5,0.599484,0.7,50,0.76,0.0793025150224688,81,0.8166666666666667,0.8333333333333333,0.8166666666666667,0.6333333333333333,0.7,0.19218778610229492,0.0015265464782714844
0.5,0.599484,0.9,5,0.7066666666666667,0.06200358412579426,348,0.6333333333333333,0.6666666666666666,0.7166666666666667,0.8166666666666667,0.7,0.19122681617736817,0.001492929458618164
0.5,0.599484,0.9,10,0.6799999999999999,0.14275075403575901,430,0.8166666666666667,0.8333333333333333,0.7,0.45,0.6000000000000001,0.18906812667846679,0.0014935970306396485
0.5,0.599484,0.9,20,0.8033333333333333,0.07630348761506399,7,0.8166666666666667,0.8333333333333333,0.9,0.6666666666666666,0.8,0.1890742301940918,0.0015130996704101562
0.5,0.599484,0.9,50,0.76,0.05436502143433362,81,0.7333333333333334,0.8333333333333333,0.8166666666666667,0.7166666666666667,0.7,0.18947987556457518,0.0014998912811279297
0.5,2.15443,0.1,5,0.6433333333333333,0.12138094304022085,461,0.75,0.65,0.5333333333333333,0.48333333333333334,0.8,0.24360933303833007,0.001534414291381836
0.5,2.15443,0.1,10,0.7466666666666667,0.09273618495495706,167,0.8166666666666667,0.5666666666666667,0.8,0.75,0.8,0.24361629486083985,0.001539897918701172
0.5,2.15443,0.1,20,0.76,0.08730533902472526,81,0.8166666666666667,0.8333333333333333,0.6166666666666667,0.8333333333333333,0.7,0.24524979591369628,0.0015352725982666015
0.5,2.15443,0.1,50,0.7433333333333334,0.09752492558885194,170,0.8333333333333333,0.8333333333333333,0.6166666666666667,0.6333333333333333,0.8,0.2440981388092041,0.0015302658081054687
0.5,2.15443,0.3,5,0.69,0.12274635093014641,401,0.8333333333333333,0.65,0.5333333333333333,0.8333333333333333,0.6000000000000001,0.3036402702331543,0.0015653610229492188
0.5,2.15443,0.3,10,0.67,0.1235583532856709,441,0.8166666666666667,0.75,0.7166666666666667,0.4666666666666667,0.6000000000000001,0.30416669845581057,0.0015494823455810547
0.5,2.15443,0.3,20,0.8,0.043461349368017634,11,0.8166666666666667,0.8333333333333333,0.7166666666666667,0.8333333333333333,0.8,0.304688549041748,0.0015653610229492188
0.5,2.15443,0.3,50,0.7433333333333334,0.07423685817106693,170,0.7333333333333334,0.8333333333333333,0.6166666666666667,0.7333333333333334,0.8,0.3031607151031494,0.0015520095825195313
0.5,2.15443,0.5,5,0.7266666666666668,0.08339997335464534,274,0.8166666666666667,0.65,0.6333333333333333,0.8333333333333333,0.7,0.33745269775390624,0.0015604972839355468
0.5,2.15443,0.5,10,0.6666666666666667,0.13944333775567924,444,0.8166666666666667,0.8333333333333333,0.6166666666666667,0.4666666666666667,0.6000000000000001,0.3373521327972412,0.0015657424926757812
0.5,2.15443,0.5,20,0.76,0.07498147919467994,81,0.8166666666666667,0.8333333333333333,0.7166666666666667,0.6333333333333333,0.8,0.3413998603820801,0.0015717029571533203
0.5,2.15443,0.5,50,0.7233333333333334,0.10088497300281031,282,0.8333333333333333,0.8333333333333333,0.6166666666666667,0.7333333333333334,0.6000000000000001,0.34399986267089844,0.001561737060546875
0.5,2.15443,0.7,5,0.7233333333333334,0.08730533902472527,282,0.8166666666666667,0.65,0.6166666666666667,0.8333333333333333,0.7,0.3605825424194336,0.0015654563903808594
0.5,2.15443,0.7,10,0.7033333333333334,0.10077477638553978,358,0.8166666666666667,0.8333333333333333,0.6166666666666667,0.65,0.6000000000000001,0.36058554649353025,0.0015594482421875
0.5,2.15443,0.7,20,0.8,0.043461349368017634,11,0.8166666666666667,0.8333333333333333,0.7166666666666667,0.8333333333333333,0.8,0.3576779365539551,0.0015662193298339843
0.5,2.15443,0.7,50,0.7233333333333334,0.09404490653110587,282,0.8166666666666667,0.8333333333333333,0.6333333333333333,0.7333333333333334,0.6000000000000001,0.35605225563049314,0.001569652557373047
0.5,2.15443,0.9,5,0.7466666666666667,0.0694422221866655,167,0.8166666666666667,0.65,0.7333333333333334,0.8333333333333333,0.7,0.4052534580230713,0.0015820503234863282
0.5,2.15443,0.9,10,0.7033333333333334,0.10077477638553978,358,0.8166666666666667,0.8333333333333333,0.6166666666666667,0.65,0.6000000000000001,0.40515828132629395,0.0015867233276367187
0.5,2.15443,0.9,20,0.7466666666666667,0.04642796092394705,167,0.7333333333333334,0.8333333333333333,0.7166666666666667,0.75,0.7,0.41396565437316896,0.001560211181640625
0.5,2.15443,0.9,50,0.7066666666666667,0.07423685817106696,348,0.7333333333333334,0.8333333333333333,0.6333333333333333,0.6333333333333333,0.7,0.41332216262817384,0.0016852855682373048
0.5,7.74264,0.1,5,0.6799999999999999,0.09153020145163988,430,0.75,0.65,0.5333333333333333,0.6666666666666666,0.8,0.28250823020935056,0.0015750885009765624
0.5,7.74264,0.1,10,0.7433333333333334,0.11527744310527059,170,0.7333333333333334,0.5666666666666667,0.8,0.9166666666666667,0.7,0.2805033683776855,0.001566314697265625
0.5,7.74264,0.1,20,0.7633333333333333,0.05312459150169741,78,0.8166666666666667,0.75,0.7166666666666667,0.8333333333333333,0.7,0.28031272888183595,0.0015566349029541016
0.5,7.74264,0.1,50,0.76,0.08339997335464533,81,0.8333333333333333,0.8333333333333333,0.6166666666666667,0.7166666666666667,0.8,0.28021674156188964,0.001551675796508789
0.5,7.74264,0.3,5,0.6033333333333333,0.09273618495495704,501,0.75,0.65,0.5333333333333333,0.48333333333333334,0.6000000000000001,0.4795104503631592,0.001566171646118164
0.5,7.74264,0.3,10,0.7666666666666667,0.12952906151816967,72,0.7333333333333334,0.5666666666666667,0.7166666666666667,0.9166666666666667,0.9,0.4769336700439453,0.0015504837036132812
0.5,7.74264,0.3,20,0.7233333333333334,0.06960204339273697,282,0.7333333333333334,0.8333333333333333,0.6166666666666667,0.7333333333333334,0.7,0.4761197090148926,0.0015727043151855468
0.5,7.74264,0.3,50,0.7433333333333334,0.09752492558885194,170,0.8333333333333333,0.8333333333333333,0.6166666666666667,0.6333333333333333,0.8,0.4762294292449951,0.001567697525024414
0.5,7.74264,0.5,5,0.71,0.11430952132988162,342,0.8333333333333333,0.65,0.5333333333333333,0.8333333333333333,0.7,0.574897289276123,0.0015601634979248047
0.5,7.74264,0.5,10,0.6333333333333334,0.12337837015547833,477,0.7333333333333334,0.75,0.7166666666666667,0.4666666666666667,0.5,0.5716891288757324,0.0015717029571533203
0.5,7.74264,0.5,20,0.74,0.07930251502246877,193,0.8166666666666667,0.8333333333333333,0.6166666666666667,0.7333333333333334,0.7,0.5713318347930908,0.0015642166137695313
0.5,7.74264,0.5,50,0.7066666666666667,0.07039570693980961,348,0.7333333333333334,0.75,0.6166666666666667,0.6333333333333333,0.8,0.571764612197876,0.0015755176544189453
0.5,7.74264,0.7,5,0.7066666666666667,0.11085526098877259,348,0.8166666666666667,0.65,0.5333333333333333,0.8333333333333333,0.7,0.5872600078582764,0.001576709747314453
0.5,7.74264,0.7,10,0.6666666666666666,0.12110601416389966,448,0.8166666666666667,0.75,0.7166666666666667,0.55,0.5,0.5878772735595703,0.001558065414428711
0.5,7.74264,0.7,20,0.7066666666666667,0.10780641085864151,348,0.7333333333333334,0.8333333333333333,0.6166666666666667,0.55,0.8,0.5873070240020752,0.0015748023986816406
0.5,7.74264,0.7,50,0.7266666666666668,0.07039570693980955,274,0.8333333333333333,0.75,0.6166666666666667,0.7333333333333334,0.7,0.5843958854675293,0.0015721321105957031
0.5,7.74264,0.9,5,0.7066666666666667,0.11085526098877259,348,0.8166666666666667,0.65,0.5333333333333333,0.8333333333333333,0.7,0.6347164630889892,0.0015546321868896485
0.5,7.74264,0.9,10,0.7233333333333334,0.10143416036468622,282,0.8166666666666667,0.8333333333333333,0.7166666666666667,0.55,0.7,0.6351395130157471,0.0015618324279785157
0.5,7.74264,0.9,20,0.76,0.07498147919467994,81,0.8166666666666667,0.8333333333333333,0.7166666666666667,0.6333333333333333,0.8,0.632970666885376,0.001564931869506836
0.5,7.74264,0.9,50,0.75,0.06831300510639732,166,0.8333333333333333,0.75,0.6333333333333333,0.7333333333333334,0.8,0.6334922313690186,0.0015660762786865235
0.5,27.8256,0.1,5,0.6399999999999999,0.07195677714974301,466,0.75,0.65,0.5333333333333333,0.6666666666666666,0.6000000000000001,0.3025533676147461,0.0016284942626953124
0.5,27.8256,0.1,10,0.6900000000000001,0.09043106644167026,393,0.7333333333333334,0.5666666666666667,0.8,0.75,0.6,0.30102977752685545,0.001560544967651367
0.5,27.8256,0.1,20,0.7566666666666666,0.12892719737209143,120,0.8166666666666667,0.8333333333333333,0.8,0.8333333333333333,0.5,0.30170445442199706,0.0015552520751953125
0.5,27.8256,0.1,50,0.7566666666666666,0.13605554421305702,120,0.9166666666666667,0.8333333333333333,0.5166666666666667,0.7166666666666667,0.8,0.30166034698486327,0.0015430450439453125
0.5,27.8256,0.3,5,0.6799999999999999,0.09153020145163988,430,0.75,0.65,0.5333333333333333,0.6666666666666666,0.8,0.3995830059051514,0.0016751766204833984
0.5,27.8256,0.3,10,0.7433333333333334,0.11527744310527059,170,0.7333333333333334,0.5666666666666667,0.8,0.9166666666666667,0.7,0.39640078544616697,0.0015786170959472656
0.5,27.8256,0.3,20,0.78,0.04876246279442598,29,0.8166666666666667,0.75,0.8,0.8333333333333333,0.7,0.3976467132568359,0.0015737533569335938
0.5,27.8256,0.3,50,0.74,0.08339997335464533,193,0.8333333333333333,0.8333333333333333,0.6166666666666667,0.7166666666666667,0.7,0.39851531982421873,0.001567840576171875
0.5,27.8256,0.5,5,0.6033333333333333,0.09273618495495704,501,0.75,0.65,0.5333333333333333,0.48333333333333334,0.6000000000000001,0.5629789352416992,0.001573944091796875
0.5,27.8256,0.5,10,0.7633333333333333,0.11469767022723507,78,0.7333333333333334,0.5666666666666667,0.8,0.9166666666666667,0.8,0.5582703590393067,0.0015758991241455079
0.5,27.8256,0.5,20,0.7966666666666666,0.049888765156985884,16,0.8166666666666667,0.8333333333333333,0.8,0.8333333333333333,0.7,0.5587639331817627,0.0015665531158447266
0.5,27.8256,0.5,50,0.7433333333333334,0.09752492558885194,170,0.8333333333333333,0.8333333333333333,0.6166666666666667,0.6333333333333333,0.8,0.5605281352996826,0.0015702247619628906
0.5,27.8256,0.7,5,0.5833333333333334,0.06582805886043834,514,0.65,0.65,0.5333333333333333,0.48333333333333334,0.6000000000000001,0.6800788879394531,0.0015768051147460938
0.5,27.8256,0.7,10,0.7666666666666667,0.12952906151816967,72,0.7333333333333334,0.5666666666666667,0.7166666666666667,0.9166666666666667,0.9,0.6874279975891113,0.0015744686126708985
0.5,27.8256,0.7,20,0.7233333333333333,0.09404490653110587,302,0.6333333333333333,0.8333333333333333,0.6166666666666667,0.8333333333333333,0.7,0.6794280529022216,0.0015710353851318359
0.5,27.8256,0.7,50,0.7433333333333334,0.09752492558885194,170,0.8333333333333333,0.8333333333333333,0.6166666666666667,0.6333333333333333,0.8,0.6872575283050537,0.001567840576171875
0.5,27.8256,0.9,5,0.62,0.1208304597359457,484,0.8333333333333333,0.65,0.5333333333333333,0.48333333333333334,0.6000000000000001,0.7461651802062989,0.0015693187713623046
0.5,27.8256,0.9,10,0.7266666666666668,0.11185307823708347,274,0.7333333333333334,0.5666666666666667,0.7166666666666667,0.9166666666666667,0.7,0.7582018375396729,0.0015549659729003906
0.5,27.8256,0.9,20,0.7433333333333334,0.08273115763993902,170,0.7333333333333334,0.8333333333333333,0.6166666666666667,0.8333333333333333,0.7,0.7591811656951905,0.0015642166137695313
0.5,27.8256,0.9,50,0.7433333333333334,0.09752492558885194,170,0.8333333333333333,0.8333333333333333,0.6166666666666667,0.6333333333333333,0.8,0.7589272499084473,0.0015720367431640626
0.5,100.0,0.1,5,0.6399999999999999,0.07195677714974301,466,0.75,0.65,0.5333333333333333,0.6666666666666666,0.6000000000000001,0.36376500129699707,0.0015520572662353516
0.5,100.0,0.1,10,0.71,0.07859884081701066,342,0.7333333333333334,0.5666666666666667,0.7,0.75,0.8,0.3598292350769043,0.0015539169311523438
0.5,100.0,0.1,20,0.7233333333333333,0.12631530214330944,302,0.8166666666666667,0.6666666666666666,0.8,0.8333333333333333,0.5,0.3602134227752686,0.0015527725219726563
0.5,100.0,0.1,50,0.7566666666666666,0.13605554421305702,120,0.9166666666666667,0.8333333333333333,0.5166666666666667,0.7166666666666667,0.8,0.36005377769470215,0.0015612602233886718
0.5,100.0,0.3,5,0.6399999999999999,0.07195677714974301,466,0.75,0.65,0.5333333333333333,0.6666666666666666,0.6000000000000001,0.3631624221801758,0.0015483856201171874
0.5,100.0,0.3,10,0.6900000000000001,0.09043106644167026,393,0.7333333333333334,0.5666666666666667,0.8,0.75,0.6,0.3631106376647949,0.0016142368316650391
0.5,100.0,0.3,20,0.7566666666666666,0.12892719737209143,120,0.8166666666666667,0.8333333333333333,0.8,0.8333333333333333,0.5,0.3629282474517822,0.0015628337860107422
0.5,100.0,0.3,50,0.7566666666666666,0.13605554421305702,120,0.9166666666666667,0.8333333333333333,0.5166666666666667,0.7166666666666667,0.8,0.3639046669006348,0.0016736030578613282
0.5,100.0,0.5,5,0.6399999999999999,0.07195677714974301,466,0.75,0.65,0.5333333333333333,0.6666666666666666,0.6000000000000001,0.384014368057251,0.001569986343383789
0.5,100.0,0.5,10,0.6733333333333333,0.08856886837057616,439,0.65,0.5666666666666667,0.8,0.75,0.6,0.3845783233642578,0.0015598297119140624
0.5,100.0,0.5,20,0.7566666666666666,0.12892719737209143,120,0.8166666666666667,0.8333333333333333,0.8,0.8333333333333333,0.5,0.38394756317138673,0.0015645503997802734
0.5,100.0,0.5,50,0.7766666666666667,0.10252370999486467,40,0.9166666666666667,0.8333333333333333,0.6166666666666667,0.7166666666666667,0.8,0.3840651035308838,0.0015571117401123047
0.5,100.0,0.7,5,0.6399999999999999,0.07195677714974301,466,0.75,0.65,0.5333333333333333,0.6666666666666666,0.6000000000000001,0.4151660442352295,0.0015541553497314454
0.5,100.0,0.7,10,0.7066666666666668,0.13190905958272922,345,0.65,0.5666666666666667,0.8,0.9166666666666667,0.6,0.4152970790863037,0.0015486717224121095
0.5,100.0,0.7,20,0.74,0.12319812408384219,193,0.8166666666666667,0.75,0.8,0.8333333333333333,0.5,0.41538848876953127,0.0015641212463378905
0.5,100.0,0.7,50,0.76,0.08339997335464533,81,0.8333333333333333,0.8333333333333333,0.6166666666666667,0.7166666666666667,0.8,0.41554107666015627,0.0015669822692871093
0.5,100.0,0.9,5,0.6399999999999999,0.07195677714974301,466,0.75,0.65,0.5333333333333333,0.6666666666666666,0.6000000000000001,0.45365090370178224,0.0015532493591308594
0.5,100.0,0.9,10,0.7433333333333334,0.11527744310527059,170,0.7333333333333334,0.5666666666666667,0.8,0.9166666666666667,0.7,0.4536760330200195,0.0015652179718017578
0.5,100.0,0.9,20,0.74,0.12319812408384219,193,0.8166666666666667,0.75,0.8,0.8333333333333333,0.5,0.45336503982543946,0.0015738964080810546
0.5,100.0,0.9,50,0.74,0.08339997335464533,193,0.8333333333333333,0.8333333333333333,0.6166666666666667,0.7166666666666667,0.7,0.45349669456481934,0.0015603065490722655
