param_clf__shrink_threshold,param_selector__C,param_selector__l1_ratio,param_selector__top_k,mean_test_score,std_test_score,rank_test_score,split0_test_score,split1_test_score,split2_test_score,split3_test_score,split4_test_score,mean_fit_time,mean_score_time
,0.001,0.1,5,0.6599999999999999,0.11382247385975916,484,0.7166666666666667,0.5166666666666667,0.5333333333333333,0.7333333333333334,0.8,0.0032848358154296876,0.0014111518859863282
,0.001,0.1,10,0.6900000000000001,0.12229290885229425,402,0.7166666666666667,0.5166666666666667,0.5833333333333334,0.8333333333333333,0.8,0.0032664775848388673,0.0014036178588867187
,0.001,0.1,20,0.6066666666666667,0.06463573143221771,672,0.6166666666666667,0.5166666666666667,0.5833333333333334,0.7166666666666667,0.6000000000000001,0.003243541717529297,0.0014125347137451173
,0.001,0.1,50,0.69,0.06960204339273703,420,0.7,0.7166666666666667,0.6333333333333333,0.8,0.6,0.0032500267028808595,0.001403665542602539
,0.001,0.3,5,0.6599999999999999,0.11382247385975916,484,0.7166666666666667,0.5166666666666667,0.5333333333333333,0.7333333333333334,0.8,0.003203153610229492,0.0013907909393310546
,0.001,0.3,10,0.6900000000000001,0.12229290885229425,402,0.7166666666666667,0.5166666666666667,0.5833333333333334,0.8333333333333333,0.8,0.0032911300659179688,0.0014196395874023437
,0.001,0.3,20,0.6066666666666667,0.06463573143221771,672,0.6166666666666667,0.5166666666666667,0.5833333333333334,0.7166666666666667,0.6000000000000001,0.0031961441040039063,0.0014062881469726562
,0.001,0.3,50,0.69,0.06960204339273703,420,0.7,0.7166666666666667,0.6333333333333333,0.8,0.6,0.003213977813720703,0.001415586471557617
,0.001,0.5,5,0.6599999999999999,0.11382247385975916,484,0.7166666666666667,0.5166666666666667,0.5333333333333333,0.7333333333333334,0.8,0.0032659530639648437,0.0013951778411865235
,0.001,0.5,10,0.6900000000000001,0.12229290885229425,402,0.7166666666666667,0.5166666666666667,0.5833333333333334,0.8333333333333333,0.8,0.0032810211181640626,0.001411104202270508
,0.001,0.5,20,0.6066666666666667,0.06463573143221771,672,0.6166666666666667,0.5166666666666667,0.5833333333333334,0.7166666666666667,0.6000000000000001,0.003241443634033203,0.001398324966430664
,0.001,0.5,50,0.69,0.06960204339273703,420,0.7,0.7166666666666667,0.6333333333333333,0.8,0.6,0.003242015838623047,0.0013989925384521485
,0.001,0.7,5,0.6599999999999999,0.11382247385975916,484,0.7166666666666667,0.5166666666666667,0.5333333333333333,0.7333333333333334,0.8,0.003223228454589844,0.0014188289642333984
,0.001,0.7,10,0.6900000000000001,0.12229290885229425,402,0.7166666666666667,0.5166666666666667,0.5833333333333334,0.8333333333333333,0.8,0.003277111053466797,0.0014039993286132813
,0.001,0.7,20,0.6066666666666667,0.06463573143221771,672,0.6166666666666667,0.5166666666666667,0.5833333333333334,0.7166666666666667,0.6000000000000001,0.00322265625,0.001392698287963867
,0.001,0.7,50,0.69,0.06960204339273703,420,0.7,0.7166666666666667,0.6333333333333333,0.8,0.6,0.003235530853271484,0.0014142990112304688
,0.001,0.9,5,0.6599999999999999,0.11382247385975916,484,0.7166666666666667,0.5166666666666667,0.5333333333333333,0.7333333333333334,0.8,0.003241443634033203,0.0014095783233642578
,0.001,0.9,10,0.6900000000000001,0.12229290885229425,402,0.7166666666666667,0.5166666666666667,0.5833333333333334,0.8333333333333333,0.8,0.003273200988769531,0.0013845443725585937
,0.001,0.9,20,0.6066666666666667,0.06463573143221771,672,0.6166666666666667,0.5166666666666667,0.5833333333333334,0.7166666666666667,0.6000000000000001,0.003264188766479492,0.0014025211334228516
,0.001,0.9,50,0.69,0.06960204339273703,420,0.7,0.7166666666666667,0.6333333333333333,0.8,0.6,0.0032083988189697266,0.001417398452758789
,0.00359381,0.1,5,0.6599999999999999,0.11382247385975916,484,0.7166666666666667,0.5166666666666667,0.5333333333333333,0.7333333333333334,0.8,0.0033744335174560546,0.001407289505004883
,0.00359381,0.1,10,0.6900000000000001,0.12229290885229425,402,0.7166666666666667,0.5166666666666667,0.5833333333333334,0.8333333333333333,0.8,0.003313589096069336,0.001404142379760742
,0.00359381,0.1,20,0.6066666666666667,0.06463573143221771,672,0.6166666666666667,0.5166666666666667,0.5833333333333334,0.7166666666666667,0.6000000000000001,0.0033922672271728517,0.0014189720153808595
,0.00359381,0.1,50,0.69,0.06960204339273703,420,0.7,0.7166666666666667,0.6333333333333333,0.8,0.6,0.0033475875854492186,0.0014148235321044921
,0.00359381,0.3,5,0.6599999999999999,0.11382247385975916,484,0.7166666666666667,0.5166666666666667,0.5333333333333333,0.7333333333333334,0.8,0.0032866477966308595,0.0013933181762695312
,0.00359381,0.3,10,0.6900000000000001,0.12229290885229425,402,0.7166666666666667,0.5166666666666667,0.5833333333333334,0.8333333333333333,0.8,0.0032586574554443358,0.0013944625854492188
,0.00359381,0.3,20,0.6066666666666667,0.06463573143221771,672,0.6166666666666667,0.5166666666666667,0.5833333333333334,0.7166666666666667,0.6000000000000001,0.0032310009002685545,0.0014000892639160155
,0.00359381,0.3,50,0.69,0.06960204339273703,420,0.7,0.7166666666666667,0.6333333333333333,0.8,0.6,0.003227519989013672,0.0014186382293701171
,0.00359381,0.5,5,0.6599999999999999,0.11382247385975916,484,0.7166666666666667,0.5166666666666667,0.5333333333333333,0.7333333333333334,0.8,0.0032911300659179688,0.001402425765991211
,0.00359381,0.5,10,0.6900000000000001,0.12229290885229425,402,0.7166666666666667,0.5166666666666667,0.5833333333333334,0.8333333333333333,0.8,0.003238868713378906,0.0013956069946289063
,0.00359381,0.5,20,0.6066666666666667,0.06463573143221771,672,0.6166666666666667,0.5166666666666667,0.5833333333333334,0.7166666666666667,0.6000000000000001,0.0032401084899902344,0.0013913154602050782
,0.00359381,0.5,50,0.69,0.06960204339273703,420,0.7,0.7166666666666667,0.6333333333333333,0.8,0.6,0.003265047073364258,0.0014107704162597656
,0.00359381,0.7,5,0.6599999999999999,0.11382247385975916,484,0.7166666666666667,0.5166666666666667,0.5333333333333333,0.7333333333333334,0.8,0.0032854557037353517,0.0014046669006347657
,0.00359381,0.7,10,0.6900000000000001,0.12229290885229425,402,0.7166666666666667,0.5166666666666667,0.5833333333333334,0.8333333333333333,0.8,0.003243112564086914,0.0013938426971435546
,0.00359381,0.7,20,0.6066666666666667,0.06463573143221771,672,0.6166666666666667,0.5166666666666667,0.5833333333333334,0.7166666666666667,0.6000000000000001,0.0032243728637695312,0.0014053821563720704
,0.00359381,0.7,50,0.69,0.06960204339273703,420,0.7,0.7166666666666667,0.6333333333333333,0.8,0.6,0.0032419681549072264,0.0014217376708984375
,0.00359381,0.9,5,0.6599999999999999,0.11382247385975916,484,0.7166666666666667,0.5166666666666667,0.5333333333333333,0.7333333333333334,0.8,0.003274679183959961,0.0014254093170166016
,0.00359381,0.9,10,0.6900000000000001,0.12229290885229425,402,0.7166666666666667,0.5166666666666667,0.5833333333333334,0.8333333333333333,0.8,0.0032518863677978515,0.0014031410217285156
,0.00359381,0.9,20,0.6066666666666667,0.06463573143221771,672,0.6166666666666667,0.5166666666666667,0.5833333333333334,0.7166666666666667,0.6000000000000001,0.0032429218292236326,0.0014017581939697265
,0.00359381,0.9,50,0.69,0.06960204339273703,420,0.7,0.7166666666666667,0.6333333333333333,0.8,0.6,0.00325627326965332,0.001414346694946289
,0.0129155,0.1,5,0.6233333333333333,0.06018490028422597,627,0.6166666666666667,0.65,0.5333333333333333,0.7166666666666667,0.6,0.011703729629516602,0.0013917446136474609
,0.0129155,0.1,10,0.72,0.12174654911833115,275,0.5166666666666667,0.7333333333333334,0.7333333333333334,0.7166666666666667,0.9,0.011700820922851563,0.0014720439910888671
,0.0129155,0.1,20,0.7533333333333333,0.19590247006553485,205,0.5,0.8166666666666667,0.55,1.0,0.9,0.01169447898864746,0.0014174938201904296
,0.0129155,0.1,50,0.8333333333333334,0.0674948557710553,4,0.8,0.8166666666666667,0.7333333333333334,0.9166666666666667,0.9,0.011741209030151366,0.0014053821563720704
,0.0129155,0.3,5,0.6599999999999999,0.11382247385975916,484,0.7166666666666667,0.5166666666666667,0.5333333333333333,0.7333333333333334,0.8,0.003393697738647461,0.0013957977294921874
,0.0129155,0.3,10,0.6900000000000001,0.12229290885229425,402,0.7166666666666667,0.5166666666666667,0.5833333333333334,0.8333333333333333,0.8,0.0035026073455810547,0.001399660110473633
,0.0129155,0.3,20,0.6066666666666667,0.06463573143221771,672,0.6166666666666667,0.5166666666666667,0.5833333333333334,0.7166666666666667,0.6000000000000001,0.0033978939056396483,0.0013935565948486328
,0.0129155,0.3,50,0.69,0.06960204339273703,420,0.7,0.7166666666666667,0.6333333333333333,0.8,0.6,0.003421163558959961,0.0013948440551757812
,0.0129155,0.5,5,0.6599999999999999,0.11382247385975916,484,0.7166666666666667,0.5166666666666667,0.5333333333333333,0.7333333333333334,0.8,0.0033055782318115235,0.0014107227325439453
,0.0129155,0.5,10,0.6900000000000001,0.12229290885229425,402,0.7166666666666667,0.5166666666666667,0.5833333333333334,0.8333333333333333,0.8,0.0033937931060791016,0.0014038562774658203
,0.0129155,0.5,20,0.6066666666666667,0.06463573143221771,672,0.6166666666666667,0.5166666666666667,0.5833333333333334,0.7166666666666667,0.6000000000000001,0.0033467292785644533,0.0014115333557128905
,0.0129155,0.5,50,0.69,0.06960204339273703,420,0.7,0.7166666666666667,0.6333333333333333,0.8,0.6,0.0033258438110351563,0.0014057636260986328
,0.0129155,0.7,5,0.6599999999999999,0.11382247385975916,484,0.7166666666666667,0.5166666666666667,0.5333333333333333,0.7333333333333334,0.8,0.003303194046020508,0.001396512985229492
,0.0129155,0.7,10,0.6900000000000001,0.12229290885229425,402,0.7166666666666667,0.5166666666666667,0.5833333333333334,0.8333333333333333,0.8,0.0032362937927246094,0.0013920783996582032
,0.0129155,0.7,20,0.6066666666666667,0.06463573143221771,672,0.6166666666666667,0.5166666666666667,0.5833333333333334,0.7166666666666667,0.6000000000000001,0.0032152175903320313,0.0014080524444580079
,0.0129155,0.7,50,0.69,0.06960204339273703,420,0.7,0.7166666666666667,0.6333333333333333,0.8,0.6,0.003256702423095703,0.001401519775390625
,0.0129155,0.9,5,0.6599999999999999,0.11382247385975916,484,0.7166666666666667,0.5166666666666667,0.5333333333333333,0.7333333333333334,0.8,0.0033188343048095705,0.0014157295227050781
,0.0129155,0.9,10,0.6900000000000001,0.12229290885229425,402,0.7166666666666667,0.5166666666666667,0.5833333333333334,0.8333333333333333,0.8,0.0032042980194091795,0.001394033432006836
,0.0129155,0.9,20,0.6066666666666667,0.06463573143221771,672,0.6166666666666667,0.5166666666666667,0.5833333333333334,0.7166666666666667,0.6000000000000001,0.003212118148803711,0.0013950347900390625
,0.0129155,0.9,50,0.69,0.06960204339273703,420,0.7,0.7166666666666667,0.6333333333333333,0.8,0.6,0.0032089710235595702,0.0014194488525390626
,0.0464159,0.1,5,0.6599999999999999,0.13605554421305702,484,0.6,0.7166666666666667,0.55,0.5333333333333333,0.9,0.022031497955322266,0.0014658927917480468
,0.0464159,0.1,10,0.7,0.10593499054713804,334,0.6166666666666667,0.6333333333333333,0.6333333333333333,0.7166666666666667,0.9,0.021868515014648437,0.0014101028442382812
,0.0464159,0.1,20,0.74,0.14321700705960558,216,0.9,0.5333333333333333,0.65,0.7166666666666667,0.9,0.02185201644897461,0.0014087200164794923
,0.0464159,0.1,50,0.7933333333333332,0.1565602475442317,64,0.7,0.8166666666666667,0.55,1.0,0.9,0.021999549865722657,0.0014188766479492187
,0.0464159,0.3,5,0.6433333333333333,0.0703957069398096,584,0.6166666666666667,0.7333333333333334,0.55,0.7166666666666667,0.6,0.023552608489990235,0.0014104843139648438
,0.0464159,0.3,10,0.7066666666666667,0.1635033129124096,327,0.5166666666666667,0.65,0.5666666666666667,0.9,0.9,0.023422098159790038,0.001416921615600586
,0.0464159,0.3,20,0.79,0.15972198067614587,76,0.5,0.9166666666666667,0.7333333333333334,0.9,0.9,0.023434925079345702,0.001410198211669922
,0.0464159,0.3,50,0.8333333333333334,0.09603240193925293,4,0.7,0.9166666666666667,0.7333333333333334,0.9166666666666667,0.9,0.02346911430358887,0.0014145374298095703
,0.0464159,0.5,5,0.7033333333333334,0.10402991022884822,328,0.6166666666666667,0.7333333333333334,0.55,0.8166666666666667,0.8,0.014965248107910157,0.001420450210571289
,0.0464159,0.5,10,0.7733333333333332,0.1254325848148452,154,0.7,0.7333333333333334,0.6333333333333333,1.0,0.8,0.014940595626831055,0.0014042377471923829
,0.0464159,0.5,20,0.6766666666666666,0.11234866364235144,472,0.6166666666666667,0.6333333333333333,0.6333333333333333,0.9,0.6000000000000001,0.01490626335144043,0.0014136791229248046
,0.0464159,0.5,50,0.7366666666666666,0.09910712498212337,240,0.8,0.8333333333333333,0.6333333333333333,0.8166666666666667,0.6,0.014961004257202148,0.0014430999755859375
,0.0464159,0.7,5,0.6599999999999999,0.11382247385975916,484,0.7166666666666667,0.5166666666666667,0.5333333333333333,0.7333333333333334,0.8,0.003977537155151367,0.0014024734497070312
,0.0464159,0.7,10,0.6900000000000001,0.12229290885229425,402,0.7166666666666667,0.5166666666666667,0.5833333333333334,0.8333333333333333,0.8,0.003943490982055664,0.0014044761657714844
,0.0464159,0.7,20,0.6066666666666667,0.06463573143221771,672,0.6166666666666667,0.5166666666666667,0.5833333333333334,0.7166666666666667,0.6000000000000001,0.003949880599975586,0.0014001846313476563
,0.0464159,0.7,50,0.69,0.06960204339273703,420,0.7,0.7166666666666667,0.6333333333333333,0.8,0.6,0.004013776779174805,0.001410055160522461
,0.0464159,0.9,5,0.6599999999999999,0.11382247385975916,484,0.7166666666666667,0.5166666666666667,0.5333333333333333,0.7333333333333334,0.8,0.003727149963378906,0.0014040470123291016
,0.0464159,0.9,10,0.6900000000000001,0.12229290885229425,402,0.7166666666666667,0.5166666666666667,0.5833333333333334,0.8333333333333333,0.8,0.0037239551544189452,0.0014017105102539062
,0.0464159,0.9,20,0.6066666666666667,0.06463573143221771,672,0.6166666666666667,0.5166666666666667,0.5833333333333334,0.7166666666666667,0.6000000000000001,0.003797006607055664,0.0014127254486083984
,0.0464159,0.9,50,0.69,0.06960204339273703,420,0.7,0.7166666666666667,0.6333333333333333,0.8,0.6,0.0037415027618408203,0.0014122486114501952
,0.16681,0.1,5,0.6266666666666667,0.12046207333061769,619,0.6166666666666667,0.7166666666666667,0.4666666666666667,0.5333333333333333,0.8,0.051924943923950195,0.0014774322509765625
,0.16681,0.1,10,0.6966666666666667,0.06699917080747261,364,0.7,0.7333333333333334,0.6333333333333333,0.6166666666666667,0.8,0.051887798309326175,0.0014185905456542969
,0.16681,0.1,20,0.78,0.10187137859957417,82,0.9,0.7333333333333334,0.65,0.7166666666666667,0.9,0.052524662017822264,0.00141448974609375
,0.16681,0.1,50,0.7933333333333332,0.1565602475442317,64,0.7,0.8166666666666667,0.55,1.0,0.9,0.052135372161865236,0.0015106678009033203
,0.16681,0.3,5,0.6233333333333334,0.09521904571390469,623,0.6,0.6333333333333333,0.55,0.5333333333333333,0.8,0.05558304786682129,0.0014211654663085938
,0.16681,0.3,10,0.6633333333333333,0.15542057635833023,475,0.4166666666666667,0.6333333333333333,0.65,0.7166666666666667,0.9,0.05582494735717773,0.0014451503753662109
,0.16681,0.3,20,0.72,0.12265579661982733,275,0.8,0.6333333333333333,0.55,0.7166666666666667,0.9,0.05575084686279297,0.001435995101928711
,0.16681,0.3,50,0.7933333333333333,0.15867506980549206,57,0.7,0.9166666666666667,0.55,1.0,0.8,0.05543680191040039,0.0014388084411621094
,0.16681,0.5,5,0.7,0.10697871023920809,334,0.6,0.7333333333333334,0.55,0.8166666666666667,0.8,0.06456546783447266,0.0014394760131835938
,0.16681,0.5,10,0.6966666666666667,0.17139946842909923,364,0.5,0.6333333333333333,0.55,0.9,0.9,0.06541261672973633,0.001431751251220703
,0.16681,0.5,20,0.6966666666666667,0.1318247995552346,364,0.6,0.6333333333333333,0.55,0.8,0.9,0.06437411308288574,0.0014201164245605468
,0.16681,0.5,50,0.7899999999999999,0.15333333333333335,80,0.6,0.8166666666666667,0.6333333333333333,1.0,0.9,0.06453533172607422,0.0014285564422607422
,0.16681,0.7,5,0.7,0.10697871023920809,334,0.6,0.7333333333333334,0.55,0.8166666666666667,0.8,0.0676572322845459,0.0014194965362548829
,0.16681,0.7,10,0.7366666666666666,0.15289793254906286,240,0.5,0.7333333333333334,0.65,0.9,0.9,0.06811432838439942,0.0014371395111083985
,0.16681,0.7,20,0.7933333333333332,0.1540562667772179,64,0.6,0.8333333333333333,0.6333333333333333,1.0,0.9,0.06767644882202148,0.0015454292297363281
,0.16681,0.7,50,0.7933333333333332,0.1821476812308567,64,0.6,0.9166666666666667,0.55,1.0,0.9,0.06774520874023438,0.0014362335205078125
,0.16681,0.9,5,0.6966666666666667,0.10349449797506682,364,0.6,0.7333333333333334,0.55,0.8,0.8,0.05635128021240234,0.0014186382293701171
,0.16681,0.9,10,0.74,0.19020456823582807,216,0.5,0.7333333333333334,0.5666666666666667,1.0,0.9,0.05696382522583008,0.0014203548431396484
,0.16681,0.9,20,0.7733333333333332,0.14087031072743628,154,0.6,0.8166666666666667,0.65,1.0,0.8,0.056592464447021484,0.001424694061279297
,0.16681,0.9,50,0.8133333333333335,0.08653836657164783,27,0.7,0.8166666666666667,0.7333333333333334,0.9166666666666667,0.9,0.056674528121948245,0.0014354705810546875
,0.599484,0.1,5,0.7200000000000001,0.047609522856952344,271,0.7166666666666667,0.7166666666666667,0.65,0.7166666666666667,0.8,0.12241983413696289,0.001458597183227539
,0.599484,0.1,10,0.7166666666666666,0.08692269873603531,309,0.7,0.8333333333333333,0.6333333333333333,0.6166666666666667,0.8,0.12208991050720215,0.001463603973388672
,0.599484,0.1,20,0.76,0.10252370999486467,170,0.8,0.6333333333333333,0.65,0.8166666666666667,0.9,0.12217221260070801,0.0014608383178710937
,0.599484,0.1,50,0.7766666666666666,0.15333333333333335,113,0.9,0.6333333333333333,0.55,0.9,0.9,0.12258729934692383,0.0014716148376464843
,0.599484,0.3,5,0.6233333333333333,0.12092238098144704,627,0.6,0.7166666666666667,0.4666666666666667,0.5333333333333333,0.8,0.1398311138153076,0.0014773368835449218
,0.599484,0.3,10,0.6799999999999999,0.11125546178852426,455,0.6,0.6333333333333333,0.65,0.6166666666666667,0.9,0.14096665382385254,0.0014822006225585938
,0.599484,0.3,20,0.74,0.09921917377424813,216,0.8,0.6333333333333333,0.65,0.7166666666666667,0.9,0.1395725727081299,0.0014698505401611328
,0.599484,0.3,50,0.8133333333333335,0.1495920378154458,27,0.8,0.8166666666666667,0.55,1.0,0.9,0.13939981460571288,0.0014652252197265626
,0.599484,0.5,5,0.6633333333333333,0.13097921802925666,475,0.6,0.6333333333333333,0.4666666666666667,0.8166666666666667,0.8,0.1500168800354004,0.0014718532562255859
,0.599484,0.5,10,0.6966666666666667,0.07180219742846009,364,0.6,0.6333333333333333,0.7333333333333334,0.7166666666666667,0.8,0.15154380798339845,0.0014811038970947265
,0.599484,0.5,20,0.74,0.09921917377424813,216,0.8,0.6333333333333333,0.65,0.7166666666666667,0.9,0.1508312702178955,0.001471567153930664
,0.599484,0.5,50,0.7766666666666666,0.14892205269125783,113,0.7,0.8333333333333333,0.55,1.0,0.8,0.15150556564331055,0.0014839649200439453
,0.599484,0.7,5,0.6633333333333333,0.13097921802925666,475,0.6,0.6333333333333333,0.4666666666666667,0.8166666666666667,0.8,0.18364400863647462,0.0014719963073730469
,0.599484,0.7,10,0.6599999999999999,0.09921917377424813,484,0.5,0.6333333333333333,0.65,0.7166666666666667,0.8,0.1797799587249756,0.0014925003051757812
,0.599484,0.7,20,0.7333333333333333,0.10954451150103325,253,0.6,0.6333333333333333,0.7333333333333334,0.8,0.9,0.17945027351379395,0.0014900684356689454
,0.599484,0.7,50,0.7533333333333333,0.14959203781544583,205,0.6,0.8166666666666667,0.55,0.9,0.9,0.17937493324279785,0.0014745712280273438
,0.599484,0.9,5,0.7133333333333333,0.08653836657164782,323,0.6,0.6333333333333333,0.7166666666666667,0.8166666666666667,0.8,0.2107029914855957,0.0015155315399169923
,0.599484,0.9,10,0.68,0.1018713785995742,444,0.5,0.7333333333333334,0.65,0.7166666666666667,0.8,0.21009464263916017,0.0015048980712890625
,0.599484,0.9,20,0.6966666666666665,0.10666666666666669,398,0.6,0.6333333333333333,0.65,0.7,0.9,0.20959968566894532,0.0015109062194824218
,0.599484,0.9,50,0.7733333333333333,0.17275544693133252,147,0.6,0.8166666666666667,0.55,1.0,0.9,0.210227108001709,0.0015098094940185548
,2.15443,0.1,5,0.7,0.0632455532033676,334,0.6166666666666667,0.7166666666666667,0.65,0.7166666666666667,0.8,0.25829830169677737,0.0016520500183105468
,2.15443,0.1,10,0.7166666666666666,0.08692269873603531,309,0.7,0.8333333333333333,0.6333333333333333,0.6166666666666667,0.8,0.2583559513092041,0.0015359878540039062
,2.15443,0.1,20,0.7766666666666666,0.08919392106839769,113,0.8,0.6333333333333333,0.7333333333333334,0.8166666666666667,0.9,0.25923972129821776,0.0015264987945556641
,2.15443,0.1,50,0.7766666666666666,0.12978614889287857,113,0.8,0.7333333333333334,0.55,0.9,0.9,0.2580694675445557,0.0015291213989257813
,2.15443,0.3,5,0.6466666666666667,0.12534397117975446,580,0.7166666666666667,0.7166666666666667,0.4666666666666667,0.5333333333333333,0.8,0.30565381050109863,0.0015422344207763673
,2.15443,0.3,10,0.72,0.12265579661982733,275,0.6,0.8333333333333333,0.65,0.6166666666666667,0.9,0.306946325302124,0.0015354633331298828
,2.15443,0.3,20,0.7833333333333333,0.12736648783028537,81,0.8,0.7333333333333334,0.5666666666666667,0.9166666666666667,0.9,0.30751514434814453,0.001524639129638672
,2.15443,0.3,50,0.7566666666666666,0.11623730516108462,185,0.8,0.7333333333333334,0.55,0.9,0.8,0.30782227516174315,0.001537322998046875
,2.15443,0.5,5,0.6799999999999999,0.13140268896284682,455,0.6,0.7166666666666667,0.4666666666666667,0.8166666666666667,0.8,0.3358163833618164,0.0015419960021972657
,2.15443,0.5,10,0.6599999999999999,0.07195677714974302,484,0.6,0.6333333333333333,0.65,0.6166666666666667,0.8,0.3372342586517334,0.0015481472015380859
,2.15443,0.5,20,0.7733333333333333,0.0946337971105226,147,0.8,0.7333333333333334,0.8166666666666667,0.6166666666666667,0.9,0.3348094463348389,0.0015358924865722656
,2.15443,0.5,50,0.7766666666666666,0.15762120556715853,113,0.7,0.7333333333333334,0.55,1.0,0.9,0.33403472900390624,0.001523733139038086
,2.15443,0.7,5,0.6799999999999999,0.13140268896284682,455,0.6,0.7166666666666667,0.4666666666666667,0.8166666666666667,0.8,0.35431661605834963,0.0015310287475585938
,2.15443,0.7,10,0.7166666666666666,0.05374838498865703,309,0.7,0.6333333333333333,0.7333333333333334,0.7166666666666667,0.8,0.3516084671020508,0.0015176773071289063
,2.15443,0.7,20,0.7566666666666666,0.09285592184789412,185,0.8,0.7333333333333334,0.7333333333333334,0.6166666666666667,0.9,0.35239262580871583,0.001538228988647461
,2.15443,0.7,50,0.7566666666666666,0.14514360704718163,185,0.7,0.8166666666666667,0.5666666666666667,1.0,0.7,0.3530740261077881,0.0015501976013183594
,2.15443,0.9,5,0.6900000000000001,0.07348469228349536,402,0.6,0.7166666666666667,0.7166666666666667,0.6166666666666667,0.8,0.3939701557159424,0.001547861099243164
,2.15443,0.9,10,0.6599999999999999,0.09225568335398701,484,0.6,0.5333333333333333,0.65,0.7166666666666667,0.8,0.3939786434173584,0.0015405654907226563
,2.15443,0.9,20,0.6599999999999999,0.07195677714974302,484,0.6,0.6333333333333333,0.65,0.6166666666666667,0.8,0.3949159622192383,0.0015262603759765626
,2.15443,0.9,50,0.7733333333333332,0.08856886837057616,154,0.7,0.8166666666666667,0.65,0.9,0.8,0.39487514495849607,0.0015507221221923828
,7.74264,0.1,5,0.7233333333333334,0.04784233364802442,259,0.7333333333333334,0.7166666666666667,0.65,0.7166666666666667,0.8,0.36372103691101076,0.001526641845703125
,7.74264,0.1,10,0.6966666666666667,0.09910712498212337,364,0.6,0.8333333333333333,0.6333333333333333,0.6166666666666667,0.8,0.3640589714050293,0.0015529632568359376
,7.74264,0.1,20,0.7966666666666666,0.1024152766382481,43,0.9,0.6333333333333333,0.7333333333333334,0.8166666666666667,0.9,0.3633908748626709,0.0015668392181396485
,7.74264,0.1,50,0.7966666666666666,0.139204086785474,43,0.9,0.7333333333333334,0.55,0.9,0.9,0.36478233337402344,0.0015784263610839843
,7.74264,0.3,5,0.7,0.0632455532033676,334,0.7166666666666667,0.7166666666666667,0.65,0.6166666666666667,0.8,0.5283507823944091,0.0015788078308105469
,7.74264,0.3,10,0.7366666666666667,0.07180219742846006,233,0.7,0.8333333333333333,0.6333333333333333,0.7166666666666667,0.8,0.5276557922363281,0.001575136184692383
,7.74264,0.3,20,0.8000000000000002,0.10055402085998906,36,0.8,0.7333333333333334,0.65,0.9166666666666667,0.9,0.5264712810516358,0.001590585708618164
,7.74264,0.3,50,0.7766666666666666,0.12978614889287857,113,0.9,0.7333333333333334,0.55,0.8,0.9,0.5321909427642822,0.0015837669372558594
,7.74264,0.5,5,0.7,0.10055402085998906,334,0.8,0.7166666666666667,0.65,0.5333333333333333,0.8,0.6035311698913575,0.001591062545776367
,7.74264,0.5,10,0.64,0.08856886837057618,590,0.6,0.5333333333333333,0.65,0.6166666666666667,0.8,0.6038003444671631,0.0015870094299316405
,7.74264,0.5,20,0.7433333333333334,0.10934146311237819,214,0.8,0.7333333333333334,0.5666666666666667,0.7166666666666667,0.9,0.601673936843872,0.0015994548797607423
,7.74264,0.5,50,0.7566666666666666,0.11623730516108462,185,0.8,0.7333333333333334,0.55,0.9,0.8,0.5961915969848632,0.0017078399658203125
,7.74264,0.7,5,0.6233333333333333,0.12092238098144704,627,0.6,0.7166666666666667,0.4666666666666667,0.5333333333333333,0.8,0.6462581634521485,0.0015793323516845703
,7.74264,0.7,10,0.6566666666666666,0.07348469228349536,533,0.6,0.6166666666666667,0.65,0.6166666666666667,0.8,0.6435035705566406,0.0015936851501464843
,7.74264,0.7,20,0.7233333333333334,0.12092238098144704,259,0.8,0.7333333333333334,0.5666666666666667,0.6166666666666667,0.9,0.6439164161682129,0.0015826225280761719
,7.74264,0.7,50,0.7933333333333333,0.15867506980549206,57,0.7,0.9166666666666667,0.55,1.0,0.8,0.6460304260253906,0.0015918731689453125
,7.74264,0.9,5,0.6799999999999999,0.13140268896284682,455,0.6,0.7166666666666667,0.4666666666666667,0.8166666666666667,0.8,0.6442730903625489,0.0015865325927734374
,7.74264,0.9,10,0.6566666666666666,0.09637888196533975,533,0.6,0.5333333333333333,0.7333333333333334,0.6166666666666667,0.8,0.644690990447998,0.0015903472900390624
,7.74264,0.9,20,0.7566666666666666,0.09285592184789412,185,0.8,0.7333333333333334,0.7333333333333334,0.6166666666666667,0.9,0.6422680377960205,0.0016514778137207032
,7.74264,0.9,50,0.7733333333333332,0.1477986618493024,154,0.7,0.8166666666666667,0.55,1.0,0.8,0.6435015201568604,0.0015855789184570312
,27.8256,0.1,5,0.6966666666666667,0.12884098726725124,364,0.9,0.7166666666666667,0.65,0.7166666666666667,0.5,0.2761800765991211,0.0015226364135742187
,27.8256,0.1,10,0.6599999999999999,0.12046207333061765,484,0.7,0.8333333333333333,0.55,0.7166666666666667,0.5,0.2760502338409424,0.001509380340576172
,27.8256,0.1,20,0.78,0.13055437351710758,82,0.9,0.7333333333333334,0.55,0.8166666666666667,0.9,0.2769361972808838,0.0015114307403564452
,27.8256,0.1,50,0.8166666666666668,0.12292725943057183,10,0.8,0.7333333333333334,0.65,1.0,0.9,0.2773125648498535,0.001502656936645508
,27.8256,0.3,5,0.7233333333333334,0.04784233364802442,259,0.7333333333333334,0.7166666666666667,0.65,0.7166666666666667,0.8,0.5747485637664795,0.0015885353088378907
,27.8256,0.3,10,0.6799999999999999,0.11421227799341206,455,0.6,0.8333333333333333,0.55,0.6166666666666667,0.8,0.5778992652893067,0.001693391799926758
,27.8256,0.3,20,0.7566666666666666,0.0679869268479038,185,0.8,0.6333333333333333,0.7333333333333334,0.8166666666666667,0.8,0.5760184288024902,0.0015766620635986328
,27.8256,0.3,50,0.7766666666666666,0.12978614889287857,113,0.9,0.7333333333333334,0.55,0.8,0.9,0.5761847972869873,0.001575469970703125
,27.8256,0.5,5,0.7033333333333334,0.06446359868604573,328,0.7333333333333334,0.7166666666666667,0.65,0.6166666666666667,0.8,0.7307602882385253,0.0016036510467529296
,27.8256,0.5,10,0.7166666666666666,0.08692269873603531,309,0.7,0.8333333333333333,0.6333333333333333,0.6166666666666667,0.8,0.7353809833526611,0.0015898704528808593
,27.8256,0.5,20,0.78,0.08393118874676114,82,0.8,0.7333333333333334,0.65,0.8166666666666667,0.9,0.7352011203765869,0.0016074657440185546
,27.8256,0.5,50,0.7366666666666666,0.11566234381931648,240,0.8,0.7333333333333334,0.55,0.7,0.9,0.7348654747009278,0.0017160415649414063
,27.8256,0.7,5,0.7,0.0632455532033676,334,0.7166666666666667,0.7166666666666667,0.65,0.6166666666666667,0.8,0.787112808227539,0.0016024112701416016
,27.8256,0.7,10,0.7366666666666667,0.07180219742846006,233,0.7,0.8333333333333333,0.6333333333333333,0.7166666666666667,0.8,0.7840886592864991,0.001600933074951172
,27.8256,0.7,20,0.8000000000000002,0.10055402085998906,36,0.8,0.7333333333333334,0.65,0.9166666666666667,0.9,0.7886698722839356,0.0016030311584472657
,27.8256,0.7,50,0.7566666666666667,0.13232955494186138,177,0.9,0.7333333333333334,0.55,0.7,0.9,0.784407663345337,0.0015998363494873046
,27.8256,0.9,5,0.6833333333333333,0.08881941729649487,439,0.7166666666666667,0.7166666666666667,0.65,0.5333333333333333,0.8,0.8306142330169678,0.001581716537475586
,27.8256,0.9,10,0.74,0.0671648055986996,216,0.7,0.8333333333333333,0.65,0.7166666666666667,0.8,0.8303216457366943,0.0015941619873046874
,27.8256,0.9,20,0.7433333333333334,0.10934146311237819,214,0.8,0.7333333333333334,0.5666666666666667,0.7166666666666667,0.9,0.8321073532104493,0.001611328125
,27.8256,0.9,50,0.7766666666666666,0.12978614889287857,113,0.8,0.7333333333333334,0.55,0.9,0.9,0.8325396060943604,0.0015943050384521484
,100.0,0.1,5,0.7166666666666667,0.12780193008453877,300,0.9,0.7166666666666667,0.75,0.7166666666666667,0.5,0.3072312355041504,0.0015988826751708984
,100.0,0.1,10,0.6566666666666666,0.12364824660660936,533,0.7,0.8333333333333333,0.5333333333333333,0.7166666666666667,0.5,0.30832610130310056,0.0015937328338623048
,100.0,0.1,20,0.78,0.13055437351710758,82,0.9,0.7333333333333334,0.55,0.8166666666666667,0.9,0.3072829246520996,0.0015966415405273438
,100.0,0.1,50,0.8166666666666668,0.12292725943057183,10,0.8,0.7333333333333334,0.65,1.0,0.9,0.30542807579040526,0.001587820053100586
,100.0,0.3,5,0.6966666666666667,0.12884098726725124,364,0.9,0.7166666666666667,0.65,0.7166666666666667,0.5,0.3281343936920166,0.0016472816467285156
,100.0,0.3,10,0.6566666666666666,0.12364824660660936,533,0.7,0.8333333333333333,0.5333333333333333,0.7166666666666667,0.5,0.32867088317871096,0.0015823841094970703
,100.0,0.3,20,0.78,0.13055437351710758,82,0.9,0.7333333333333334,0.55,0.8166666666666667,0.9,0.3281564235687256,0.0015925884246826172
,100.0,0.3,50,0.8166666666666668,0.12292725943057183,10,0.8,0.7333333333333334,0.65,1.0,0.9,0.32834997177124026,0.001590585708618164
,100.0,0.5,5,0.6966666666666667,0.12884098726725124,364,0.9,0.7166666666666667,0.65,0.7166666666666667,0.5,0.39304304122924805,0.0015824317932128906
,100.0,0.5,10,0.6599999999999999,0.12046207333061765,484,0.7,0.8333333333333333,0.55,0.7166666666666667,0.5,0.3913327693939209,0.0016102313995361329
,100.0,0.5,20,0.78,0.13055437351710758,82,0.9,0.7333333333333334,0.55,0.8166666666666667,0.9,0.39165501594543456,0.0015694141387939454
,100.0,0.5,50,0.8166666666666668,0.12292725943057183,10,0.8,0.7333333333333334,0.65,1.0,0.9,0.3911150932312012,0.0015819549560546875
,100.0,0.7,5,0.6966666666666667,0.12884098726725124,364,0.9,0.7166666666666667,0.65,0.7166666666666667,0.5,0.5198770046234131,0.001590728759765625
,100.0,0.7,10,0.6399999999999999,0.12046207333061765,600,0.6,0.8333333333333333,0.55,0.7166666666666667,0.5,0.5158711910247803,0.001614999771118164
,100.0,0.7,20,0.78,0.11709445380166865,82,0.9,0.6333333333333333,0.65,0.8166666666666667,0.9,0.5196493148803711,0.0017170429229736329
,100.0,0.7,50,0.7966666666666666,0.15289793254906286,43,0.8,0.7333333333333334,0.55,1.0,0.9,0.5214922904968262,0.0015924930572509765
,100.0,0.9,5,0.7233333333333334,0.04784233364802442,259,0.7333333333333334,0.7166666666666667,0.65,0.7166666666666667,0.8,0.6656901836395264,0.0015956878662109375
,100.0,0.9,10,0.6799999999999999,0.11421227799341206,455,0.6,0.8333333333333333,0.55,0.6166666666666667,0.8,0.659841251373291,0.0015860557556152343
,100.0,0.9,20,0.7566666666666666,0.0679869268479038,185,0.8,0.6333333333333333,0.7333333333333334,0.8166666666666667,0.8,0.6541872978210449,0.0015865325927734374
,100.0,0.9,50,0.7766666666666666,0.12978614889287857,113,0.9,0.7333333333333334,0.55,0.8,0.9,0.6544202327728271,0.001607990264892578
0.1,0.001,0.1,5,0.5900000000000001,0.11813363431112901,705,0.4666666666666667,0.5166666666666667,0.5333333333333333,0.6333333333333333,0.8,0.0033467769622802734,0.0014049530029296875
0.1,0.001,0.1,10,0.6566666666666666,0.0992191737742481,533,0.7166666666666667,0.5166666666666667,0.5833333333333334,0.6666666666666666,0.8,0.003323936462402344,0.0014014720916748046
0.1,0.001,0.1,20,0.6066666666666667,0.06463573143221771,672,0.6166666666666667,0.5166666666666667,0.5833333333333334,0.7166666666666667,0.6000000000000001,0.003254270553588867,0.0013906002044677735
0.1,0.001,0.1,50,0.63,0.06863753427324663,603,0.7,0.5166666666666667,0.6333333333333333,0.7,0.6,0.003318166732788086,0.0014051437377929688
0.1,0.001,0.3,5,0.5900000000000001,0.11813363431112901,705,0.4666666666666667,0.5166666666666667,0.5333333333333333,0.6333333333333333,0.8,0.003261423110961914,0.001389789581298828
0.1,0.001,0.3,10,0.6566666666666666,0.0992191737742481,533,0.7166666666666667,0.5166666666666667,0.5833333333333334,0.6666666666666666,0.8,0.01522216796875,0.0014376640319824219
0.1,0.001,0.3,20,0.6066666666666667,0.06463573143221771,672,0.6166666666666667,0.5166666666666667,0.5833333333333334,0.7166666666666667,0.6000000000000001,0.003265237808227539,0.0013759136199951172
0.1,0.001,0.3,50,0.63,0.06863753427324663,603,0.7,0.5166666666666667,0.6333333333333333,0.7,0.6,0.00325922966003418,0.001393747329711914
0.1,0.001,0.5,5,0.5900000000000001,0.11813363431112901,705,0.4666666666666667,0.5166666666666667,0.5333333333333333,0.6333333333333333,0.8,0.0031969547271728516,0.001398611068725586
0.1,0.001,0.5,10,0.6566666666666666,0.0992191737742481,533,0.7166666666666667,0.5166666666666667,0.5833333333333334,0.6666666666666666,0.8,0.0032947540283203127,0.0014023303985595704
0.1,0.001,0.5,20,0.6066666666666667,0.06463573143221771,672,0.6166666666666667,0.5166666666666667,0.5833333333333334,0.7166666666666667,0.6000000000000001,0.0032840728759765624,0.001401662826538086
0.1,0.001,0.5,50,0.63,0.06863753427324663,603,0.7,0.5166666666666667,0.6333333333333333,0.7,0.6,0.0032494068145751953,0.0013982772827148438
0.1,0.001,0.7,5,0.5900000000000001,0.11813363431112901,705,0.4666666666666667,0.5166666666666667,0.5333333333333333,0.6333333333333333,0.8,0.0032510757446289062,0.0013984203338623046
0.1,0.001,0.7,10,0.6566666666666666,0.0992191737742481,533,0.7166666666666667,0.5166666666666667,0.5833333333333334,0.6666666666666666,0.8,0.0032842159271240234,0.001407289505004883
0.1,0.001,0.7,20,0.6066666666666667,0.06463573143221771,672,0.6166666666666667,0.5166666666666667,0.5833333333333334,0.7166666666666667,0.6000000000000001,0.0032681941986083983,0.0013904571533203125
0.1,0.001,0.7,50,0.63,0.06863753427324663,603,0.7,0.5166666666666667,0.6333333333333333,0.7,0.6,0.003261756896972656,0.0014080524444580079
0.1,0.001,0.9,5,0.5900000000000001,0.11813363431112901,705,0.4666666666666667,0.5166666666666667,0.5333333333333333,0.6333333333333333,0.8,0.0032517433166503905,0.0013848304748535155
0.1,0.001,0.9,10,0.6566666666666666,0.0992191737742481,533,0.7166666666666667,0.5166666666666667,0.5833333333333334,0.6666666666666666,0.8,0.0033022880554199217,0.0014043331146240234
0.1,0.001,0.9,20,0.6066666666666667,0.06463573143221771,672,0.6166666666666667,0.5166666666666667,0.5833333333333334,0.7166666666666667,0.6000000000000001,0.003259754180908203,0.0013978958129882812
0.1,0.001,0.9,50,0.63,0.06863753427324663,603,0.7,0.5166666666666667,0.6333333333333333,0.7,0.6,0.0032588958740234373,0.0014055252075195312
0.1,0.00359381,0.1,5,0.5900000000000001,0.11813363431112901,705,0.4666666666666667,0.5166666666666667,0.5333333333333333,0.6333333333333333,0.8,0.0033493995666503905,0.0013773918151855468
0.1,0.00359381,0.1,10,0.6566666666666666,0.0992191737742481,533,0.7166666666666667,0.5166666666666667,0.5833333333333334,0.6666666666666666,0.8,0.003381681442260742,0.0013971328735351562
0.1,0.00359381,0.1,20,0.6066666666666667,0.06463573143221771,672,0.6166666666666667,0.5166666666666667,0.5833333333333334,0.7166666666666667,0.6000000000000001,0.003361225128173828,0.0014047622680664062
0.1,0.00359381,0.1,50,0.63,0.06863753427324663,603,0.7,0.5166666666666667,0.6333333333333333,0.7,0.6,0.003365230560302734,0.0013917446136474609
0.1,0.00359381,0.3,5,0.5900000000000001,0.11813363431112901,705,0.4666666666666667,0.5166666666666667,0.5333333333333333,0.6333333333333333,0.8,0.0032721519470214843,0.0013843059539794921
0.1,0.00359381,0.3,10,0.6566666666666666,0.0992191737742481,533,0.7166666666666667,0.5166666666666667,0.5833333333333334,0.6666666666666666,0.8,0.003266048431396484,0.00139617919921875
0.1,0.00359381,0.3,20,0.6066666666666667,0.06463573143221771,672,0.6166666666666667,0.5166666666666667,0.5833333333333334,0.7166666666666667,0.6000000000000001,0.0032522201538085936,0.0013989925384521485
0.1,0.00359381,0.3,50,0.63,0.06863753427324663,603,0.7,0.5166666666666667,0.6333333333333333,0.7,0.6,0.003257083892822266,0.001398754119873047
0.1,0.00359381,0.5,5,0.5900000000000001,0.11813363431112901,705,0.4666666666666667,0.5166666666666667,0.5333333333333333,0.6333333333333333,0.8,0.003326272964477539,0.0013957500457763671
0.1,0.00359381,0.5,10,0.6566666666666666,0.0992191737742481,533,0.7166666666666667,0.5166666666666667,0.5833333333333334,0.6666666666666666,0.8,0.0032535076141357424,0.00139617919921875
0.1,0.00359381,0.5,20,0.6066666666666667,0.06463573143221771,672,0.6166666666666667,0.5166666666666667,0.5833333333333334,0.7166666666666667,0.6000000000000001,0.0032373905181884766,0.001401805877685547
0.1,0.00359381,0.5,50,0.63,0.06863753427324663,603,0.7,0.5166666666666667,0.6333333333333333,0.7,0.6,0.003287601470947266,0.0013953685760498048
0.1,0.00359381,0.7,5,0.5900000000000001,0.11813363431112901,705,0.4666666666666667,0.5166666666666667,0.5333333333333333,0.6333333333333333,0.8,0.0032679080963134766,0.0014013290405273438
0.1,0.00359381,0.7,10,0.6566666666666666,0.0992191737742481,533,0.7166666666666667,0.5166666666666667,0.5833333333333334,0.6666666666666666,0.8,0.0032758712768554688,0.0014075756072998047
0.1,0.00359381,0.7,20,0.6066666666666667,0.06463573143221771,672,0.6166666666666667,0.5166666666666667,0.5833333333333334,0.7166666666666667,0.6000000000000001,0.003228616714477539,0.00139923095703125
0.1,0.00359381,0.7,50,0.63,0.06863753427324663,603,0.7,0.5166666666666667,0.6333333333333333,0.7,0.6,0.0032420635223388674,0.0013913154602050782
0.1,0.00359381,0.9,5,0.5900000000000001,0.11813363431112901,705,0.4666666666666667,0.5166666666666667,0.5333333333333333,0.6333333333333333,0.8,0.003281974792480469,0.0013993263244628906
0.1,0.00359381,0.9,10,0.6566666666666666,0.0992191737742481,533,0.7166666666666667,0.5166666666666667,0.5833333333333334,0.6666666666666666,0.8,0.003280305862426758,0.0013782024383544923
0.1,0.00359381,0.9,20,0.6066666666666667,0.06463573143221771,672,0.6166666666666667,0.5166666666666667,0.5833333333333334,0.7166666666666667,0.6000000000000001,0.003258228302001953,0.0013796329498291016
0.1,0.00359381,0.9,50,0.63,0.06863753427324663,603,0.7,0.5166666666666667,0.6333333333333333,0.7,0.6,0.003272342681884766,0.001383495330810547
0.1,0.0129155,0.1,5,0.6233333333333333,0.06018490028422597,627,0.6166666666666667,0.65,0.5333333333333333,0.7166666666666667,0.6,0.01186981201171875,0.0014070510864257813
0.1,0.0129155,0.1,10,0.72,0.12174654911833115,275,0.5166666666666667,0.7333333333333334,0.7333333333333334,0.7166666666666667,0.9,0.011854124069213868,0.0013985633850097656
0.1,0.0129155,0.1,20,0.7533333333333333,0.19590247006553485,205,0.5,0.8166666666666667,0.55,1.0,0.9,0.011786317825317383,0.0014103889465332032
0.1,0.0129155,0.1,50,0.85,0.09189365834726812,1,0.8,0.8166666666666667,0.7333333333333334,1.0,0.9,0.011902475357055664,0.0014063358306884766
0.1,0.0129155,0.3,5,0.5900000000000001,0.11813363431112901,705,0.4666666666666667,0.5166666666666667,0.5333333333333333,0.6333333333333333,0.8,0.003426980972290039,0.0014107227325439453
0.1,0.0129155,0.3,10,0.6566666666666666,0.0992191737742481,533,0.7166666666666667,0.5166666666666667,0.5833333333333334,0.6666666666666666,0.8,0.003477334976196289,0.0014029979705810548
0.1,0.0129155,0.3,20,0.6066666666666667,0.06463573143221771,672,0.6166666666666667,0.5166666666666667,0.5833333333333334,0.7166666666666667,0.6000000000000001,0.003460550308227539,0.0014042854309082031
0.1,0.0129155,0.3,50,0.63,0.06863753427324663,603,0.7,0.5166666666666667,0.6333333333333333,0.7,0.6,0.0034879207611083984,0.0013988971710205077
0.1,0.0129155,0.5,5,0.5900000000000001,0.11813363431112901,705,0.4666666666666667,0.5166666666666667,0.5333333333333333,0.6333333333333333,0.8,0.003321218490600586,0.0014035224914550782
0.1,0.0129155,0.5,10,0.6566666666666666,0.0992191737742481,533,0.7166666666666667,0.5166666666666667,0.5833333333333334,0.6666666666666666,0.8,0.0034091949462890627,0.0014073371887207032
0.1,0.0129155,0.5,20,0.6066666666666667,0.06463573143221771,672,0.6166666666666667,0.5166666666666667,0.5833333333333334,0.7166666666666667,0.6000000000000001,0.003394317626953125,0.0014118194580078126
0.1,0.0129155,0.5,50,0.63,0.06863753427324663,603,0.7,0.5166666666666667,0.6333333333333333,0.7,0.6,0.0033654212951660157,0.001400899887084961
0.1,0.0129155,0.7,5,0.5900000000000001,0.11813363431112901,705,0.4666666666666667,0.5166666666666667,0.5333333333333333,0.6333333333333333,0.8,0.0032442569732666015,0.0013976573944091796
0.1,0.0129155,0.7,10,0.6566666666666666,0.0992191737742481,533,0.7166666666666667,0.5166666666666667,0.5833333333333334,0.6666666666666666,0.8,0.003322315216064453,0.0014061927795410156
0.1,0.0129155,0.7,20,0.6066666666666667,0.06463573143221771,672,0.6166666666666667,0.5166666666666667,0.5833333333333334,0.7166666666666667,0.6000000000000001,0.0032674789428710936,0.0014054298400878907
0.1,0.0129155,0.7,50,0.63,0.06863753427324663,603,0.7,0.5166666666666667,0.6333333333333333,0.7,0.6,0.0032661914825439452,0.001407957077026367
0.1,0.0129155,0.9,5,0.5900000000000001,0.11813363431112901,705,0.4666666666666667,0.5166666666666667,0.5333333333333333,0.6333333333333333,0.8,0.00329442024230957,0.0013996124267578124
0.1,0.0129155,0.9,10,0.6566666666666666,0.0992191737742481,533,0.7166666666666667,0.5166666666666667,0.5833333333333334,0.6666666666666666,0.8,0.0032848358154296876,0.0014152050018310547
0.1,0.0129155,0.9,20,0.6066666666666667,0.06463573143221771,672,0.6166666666666667,0.5166666666666667,0.5833333333333334,0.7166666666666667,0.6000000000000001,0.0032361030578613283,0.0014125347137451173
0.1,0.0129155,0.9,50,0.63,0.06863753427324663,603,0.7,0.5166666666666667,0.6333333333333333,0.7,0.6,0.0032613277435302734,0.0014034271240234374
0.1,0.0464159,0.1,5,0.6599999999999999,0.13605554421305702,484,0.6,0.7166666666666667,0.55,0.5333333333333333,0.9,0.02224588394165039,0.0014146804809570313
0.1,0.0464159,0.1,10,0.7,0.10593499054713804,334,0.6166666666666667,0.6333333333333333,0.6333333333333333,0.7166666666666667,0.9,0.02214078903198242,0.001412200927734375
0.1,0.0464159,0.1,20,0.72,0.151803967156476,275,0.9,0.5333333333333333,0.65,0.6166666666666667,0.9,0.02212553024291992,0.0014163017272949218
0.1,0.0464159,0.1,50,0.7933333333333332,0.1565602475442317,64,0.7,0.8166666666666667,0.55,1.0,0.9,0.02217869758605957,0.0014119148254394531
0.1,0.0464159,0.3,5,0.6433333333333333,0.0703957069398096,584,0.6166666666666667,0.7333333333333334,0.55,0.7166666666666667,0.6,0.023665142059326173,0.001409149169921875
0.1,0.0464159,0.3,10,0.6866666666666666,0.14352700094407325,436,0.5166666666666667,0.65,0.5666666666666667,0.8,0.9,0.023784494400024413,0.0014085769653320312
0.1,0.0464159,0.3,20,0.79,0.15972198067614587,76,0.5,0.9166666666666667,0.7333333333333334,0.9,0.9,0.023635292053222658,0.001408529281616211
0.1,0.0464159,0.3,50,0.8300000000000001,0.09333333333333335,6,0.7,0.9166666666666667,0.7333333333333334,0.9,0.9,0.023916006088256836,0.0014163970947265625
0.1,0.0464159,0.5,5,0.6833333333333333,0.08881941729649485,439,0.6166666666666667,0.7333333333333334,0.55,0.7166666666666667,0.8,0.015089321136474609,0.00140533447265625
0.1,0.0464159,0.5,10,0.7733333333333332,0.1254325848148452,154,0.7,0.7333333333333334,0.6333333333333333,1.0,0.8,0.015071249008178711,0.0014690399169921876
0.1,0.0464159,0.5,20,0.7133333333333333,0.10456258094238748,323,0.7,0.7333333333333334,0.6333333333333333,0.9,0.6000000000000001,0.015264415740966797,0.0014123916625976562
0.1,0.0464159,0.5,50,0.7366666666666666,0.09910712498212337,240,0.8,0.8333333333333333,0.6333333333333333,0.8166666666666667,0.6,0.015082788467407227,0.0014125347137451173
0.1,0.0464159,0.7,5,0.5900000000000001,0.11813363431112901,705,0.4666666666666667,0.5166666666666667,0.5333333333333333,0.6333333333333333,0.8,0.003966283798217773,0.0014174461364746093
0.1,0.0464159,0.7,10,0.6566666666666666,0.0992191737742481,533,0.7166666666666667,0.5166666666666667,0.5833333333333334,0.6666666666666666,0.8,0.003989458084106445,0.0013985633850097656
0.1,0.0464159,0.7,20,0.6066666666666667,0.06463573143221771,672,0.6166666666666667,0.5166666666666667,0.5833333333333334,0.7166666666666667,0.6000000000000001,0.004069852828979492,0.0014049053192138673
0.1,0.0464159,0.7,50,0.63,0.06863753427324663,603,0.7,0.5166666666666667,0.6333333333333333,0.7,0.6,0.0039861202239990234,0.0014048576354980468
0.1,0.0464159,0.9,5,0.5900000000000001,0.11813363431112901,705,0.4666666666666667,0.5166666666666667,0.5333333333333333,0.6333333333333333,0.8,0.0037323474884033204,0.0013887405395507813
0.1,0.0464159,0.9,10,0.6566666666666666,0.0992191737742481,533,0.7166666666666667,0.5166666666666667,0.5833333333333334,0.6666666666666666,0.8,0.0037445068359375,0.0014031410217285156
0.1,0.0464159,0.9,20,0.6066666666666667,0.06463573143221771,672,0.6166666666666667,0.5166666666666667,0.5833333333333334,0.7166666666666667,0.6000000000000001,0.003864097595214844,0.0014067649841308593
0.1,0.0464159,0.9,50,0.63,0.06863753427324663,603,0.7,0.5166666666666667,0.6333333333333333,0.7,0.6,0.003787851333618164,0.0013967037200927734
0.1,0.16681,0.1,5,0.6266666666666667,0.12046207333061769,619,0.6166666666666667,0.7166666666666667,0.4666666666666667,0.5333333333333333,0.8,0.052440547943115236,0.0014171123504638672
0.1,0.16681,0.1,10,0.6966666666666667,0.06699917080747261,364,0.7,0.7333333333333334,0.6333333333333333,0.6166666666666667,0.8,0.052660655975341794,0.001413440704345703
0.1,0.16681,0.1,20,0.78,0.10187137859957417,82,0.9,0.7333333333333334,0.65,0.7166666666666667,0.9,0.0525719165802002,0.0014200687408447265
0.1,0.16681,0.1,50,0.7933333333333332,0.1565602475442317,64,0.7,0.8166666666666667,0.55,1.0,0.9,0.05272822380065918,0.0014371395111083985
0.1,0.16681,0.3,5,0.6233333333333334,0.09521904571390469,623,0.6,0.6333333333333333,0.55,0.5333333333333333,0.8,0.055826997756958006,0.001419401168823242
0.1,0.16681,0.3,10,0.6633333333333333,0.15542057635833023,475,0.4166666666666667,0.6333333333333333,0.65,0.7166666666666667,0.9,0.05610785484313965,0.0014076709747314453
0.1,0.16681,0.3,20,0.72,0.12265579661982733,275,0.8,0.6333333333333333,0.55,0.7166666666666667,0.9,0.05608434677124023,0.0014187812805175782
0.1,0.16681,0.3,50,0.7933333333333333,0.15867506980549206,57,0.7,0.9166666666666667,0.55,1.0,0.8,0.05653791427612305,0.0014223098754882813
0.1,0.16681,0.5,5,0.7,0.10697871023920809,334,0.6,0.7333333333333334,0.55,0.8166666666666667,0.8,0.06531486511230469,0.001409769058227539
0.1,0.16681,0.5,10,0.6966666666666667,0.17139946842909923,364,0.5,0.6333333333333333,0.55,0.9,0.9,0.06575174331665039,0.0014154911041259766
0.1,0.16681,0.5,20,0.6966666666666667,0.1318247995552346,364,0.6,0.6333333333333333,0.55,0.8,0.9,0.06479787826538086,0.0014248371124267578
0.1,0.16681,0.5,50,0.7699999999999999,0.12927146286443544,168,0.6,0.8166666666666667,0.6333333333333333,0.9,0.9,0.06523327827453614,0.001433420181274414
0.1,0.16681,0.7,5,0.7,0.10697871023920809,334,0.6,0.7333333333333334,0.55,0.8166666666666667,0.8,0.0682568073272705,0.0014143943786621093
0.1,0.16681,0.7,10,0.7166666666666667,0.13581032524975578,300,0.5,0.7333333333333334,0.65,0.8,0.9,0.06817641258239746,0.0014832019805908203
0.1,0.16681,0.7,20,0.7766666666666666,0.1737175229439384,113,0.6,0.8333333333333333,0.55,1.0,0.9,0.06821041107177735,0.0014327049255371093
0.1,0.16681,0.7,50,0.7933333333333332,0.1821476812308567,64,0.6,0.9166666666666667,0.55,1.0,0.9,0.06862168312072754,0.0014414310455322266
0.1,0.16681,0.9,5,0.6966666666666667,0.10349449797506682,364,0.6,0.7333333333333334,0.55,0.8,0.8,0.05719084739685058,0.0014217376708984375
0.1,0.16681,0.9,10,0.7033333333333334,0.16746475582773962,328,0.5,0.65,0.5666666666666667,0.9,0.9,0.056844329833984374,0.0014121055603027344
0.1,0.16681,0.9,20,0.7733333333333332,0.14087031072743628,154,0.6,0.8166666666666667,0.65,1.0,0.8,0.05654144287109375,0.0014107704162597656
0.1,0.16681,0.9,50,0.8099999999999999,0.08273115763993906,33,0.7,0.8166666666666667,0.7333333333333334,0.9,0.9,0.05691795349121094,0.0014256000518798827
0.1,0.599484,0.1,5,0.7200000000000001,0.047609522856952344,271,0.7166666666666667,0.7166666666666667,0.65,0.7166666666666667,0.8,0.12286829948425293,0.0014531135559082032
0.1,0.599484,0.1,10,0.7366666666666666,0.11175369742826806,240,0.7,0.8333333333333333,0.6333333333333333,0.6166666666666667,0.9,0.12452797889709473,0.0014871120452880859
0.1,0.599484,0.1,20,0.76,0.10252370999486467,170,0.8,0.6333333333333333,0.65,0.8166666666666667,0.9,0.12420902252197266,0.0014699935913085938
0.1,0.599484,0.1,50,0.7766666666666666,0.15333333333333335,113,0.9,0.6333333333333333,0.55,0.9,0.9,0.12434844970703125,0.0014557838439941406
0.1,0.599484,0.3,5,0.6233333333333333,0.12092238098144704,627,0.6,0.7166666666666667,0.4666666666666667,0.5333333333333333,0.8,0.13913722038269044,0.0014657974243164062
0.1,0.599484,0.3,10,0.6799999999999999,0.11125546178852426,455,0.6,0.6333333333333333,0.65,0.6166666666666667,0.9,0.1397374153137207,0.0014654636383056641
0.1,0.599484,0.3,20,0.72,0.11125546178852426,275,0.8,0.6333333333333333,0.65,0.6166666666666667,0.9,0.13924155235290528,0.001471233367919922
0.1,0.599484,0.3,50,0.7933333333333332,0.1565602475442317,64,0.7,0.8166666666666667,0.55,1.0,0.9,0.14031629562377929,0.0014688968658447266
0.1,0.599484,0.5,5,0.6633333333333333,0.13097921802925666,475,0.6,0.6333333333333333,0.4666666666666667,0.8166666666666667,0.8,0.15226831436157226,0.0014661312103271484
0.1,0.599484,0.5,10,0.6966666666666667,0.07180219742846009,364,0.6,0.6333333333333333,0.7333333333333334,0.7166666666666667,0.8,0.15302824974060059,0.0014786720275878906
0.1,0.599484,0.5,20,0.72,0.11125546178852426,275,0.8,0.6333333333333333,0.65,0.6166666666666667,0.9,0.1528238296508789,0.0014683723449707032
0.1,0.599484,0.5,50,0.7966666666666666,0.15719768163402126,43,0.7,0.8333333333333333,0.55,1.0,0.9,0.15232772827148439,0.0015027523040771484
0.1,0.599484,0.7,5,0.6633333333333333,0.13097921802925666,475,0.6,0.6333333333333333,0.4666666666666667,0.8166666666666667,0.8,0.18048582077026368,0.0014863967895507812
0.1,0.599484,0.7,10,0.6599999999999999,0.09921917377424813,484,0.5,0.6333333333333333,0.65,0.7166666666666667,0.8,0.18153796195983887,0.001495218276977539
0.1,0.599484,0.7,20,0.7333333333333333,0.10954451150103325,253,0.6,0.6333333333333333,0.7333333333333334,0.8,0.9,0.18109560012817383,0.001473712921142578
0.1,0.599484,0.7,50,0.7533333333333333,0.14959203781544583,205,0.6,0.8166666666666667,0.55,0.9,0.9,0.18317065238952637,0.0014820575714111328
0.1,0.599484,0.9,5,0.7133333333333333,0.08653836657164782,323,0.6,0.6333333333333333,0.7166666666666667,0.8166666666666667,0.8,0.2130147933959961,0.0014977455139160156
0.1,0.599484,0.9,10,0.68,0.1018713785995742,444,0.5,0.7333333333333334,0.65,0.7166666666666667,0.8,0.21428294181823732,0.001493549346923828
0.1,0.599484,0.9,20,0.6966666666666665,0.10666666666666669,398,0.6,0.6333333333333333,0.65,0.7,0.9,0.2127601146697998,0.0015514373779296875
0.1,0.599484,0.9,50,0.7733333333333333,0.17275544693133252,147,0.6,0.8166666666666667,0.55,1.0,0.9,0.21382198333740235,0.0014917373657226563
0.1,2.15443,0.1,5,0.7,0.0632455532033676,334,0.6166666666666667,0.7166666666666667,0.65,0.7166666666666667,0.8,0.25944790840148924,0.0015117168426513673
0.1,2.15443,0.1,10,0.7366666666666666,0.11175369742826806,240,0.7,0.8333333333333333,0.6333333333333333,0.6166666666666667,0.9,0.2622233390808105,0.0014946937561035156
0.1,2.15443,0.1,20,0.7766666666666666,0.08919392106839769,113,0.8,0.6333333333333333,0.7333333333333334,0.8166666666666667,0.9,0.26160120964050293,0.0015143394470214845
0.1,2.15443,0.1,50,0.7766666666666666,0.12978614889287857,113,0.8,0.7333333333333334,0.55,0.9,0.9,0.26283674240112304,0.0015085220336914062
0.1,2.15443,0.3,5,0.6466666666666667,0.12534397117975446,580,0.7166666666666667,0.7166666666666667,0.4666666666666667,0.5333333333333333,0.8,0.30641655921936034,0.0015196800231933594
0.1,2.15443,0.3,10,0.72,0.12265579661982733,275,0.6,0.8333333333333333,0.65,0.6166666666666667,0.9,0.30754361152648924,0.0015308856964111328
0.1,2.15443,0.3,20,0.8000000000000002,0.10055402085998906,36,0.8,0.7333333333333334,0.65,0.9166666666666667,0.9,0.3083215236663818,0.0015329837799072266
0.1,2.15443,0.3,50,0.7566666666666666,0.11623730516108462,185,0.8,0.7333333333333334,0.55,0.9,0.8,0.30943603515625,0.0015348434448242188
0.1,2.15443,0.5,5,0.6599999999999999,0.11575836902790228,484,0.6,0.7166666666666667,0.4666666666666667,0.7166666666666667,0.8,0.3376889705657959,0.0015482902526855469
0.1,2.15443,0.5,10,0.6599999999999999,0.07195677714974302,484,0.6,0.6333333333333333,0.65,0.6166666666666667,0.8,0.33834218978881836,0.0015329360961914063
0.1,2.15443,0.5,20,0.7733333333333333,0.0946337971105226,147,0.8,0.7333333333333334,0.8166666666666667,0.6166666666666667,0.9,0.3365117073059082,0.0015567779541015626
0.1,2.15443,0.5,50,0.7766666666666666,0.15762120556715853,113,0.7,0.7333333333333334,0.55,1.0,0.9,0.33896479606628416,0.0016794681549072265
0.1,2.15443,0.7,5,0.64,0.09695359714832658,590,0.6,0.7166666666666667,0.4666666666666667,0.7166666666666667,0.7,0.35307722091674804,0.0015598297119140624
0.1,2.15443,0.7,10,0.7166666666666666,0.05374838498865703,309,0.7,0.6333333333333333,0.7333333333333334,0.7166666666666667,0.8,0.35585503578186034,0.001551055908203125
0.1,2.15443,0.7,20,0.7566666666666666,0.09285592184789412,185,0.8,0.7333333333333334,0.7333333333333334,0.6166666666666667,0.9,0.35448169708251953,0.001550006866455078
0.1,2.15443,0.7,50,0.7799999999999999,0.14391355429948602,111,0.7,0.8333333333333333,0.5666666666666667,1.0,0.8,0.35486760139465334,0.0015723228454589844
0.1,2.15443,0.9,5,0.6699999999999999,0.05099019513592785,473,0.6,0.7166666666666667,0.7166666666666667,0.6166666666666667,0.7,0.3965656280517578,0.0015696048736572265
0.1,2.15443,0.9,10,0.6599999999999999,0.09225568335398701,484,0.6,0.5333333333333333,0.65,0.7166666666666667,0.8,0.39926776885986326,0.0015648841857910157
0.1,2.15443,0.9,20,0.64,0.09580071908799945,590,0.5,0.6333333333333333,0.65,0.6166666666666667,0.8,0.39580788612365725,0.0015788078308105469
0.1,2.15443,0.9,50,0.7733333333333332,0.08856886837057616,154,0.7,0.8166666666666667,0.65,0.9,0.8,0.39800467491149905,0.0015803813934326173
0.1,7.74264,0.1,5,0.7233333333333334,0.04784233364802442,259,0.7333333333333334,0.7166666666666667,0.65,0.7166666666666667,0.8,0.37090625762939455,0.0015613555908203125
0.1,7.74264,0.1,10,0.6966666666666667,0.09910712498212337,364,0.6,0.8333333333333333,0.6333333333333333,0.6166666666666667,0.8,0.37384543418884275,0.0015639305114746095
0.1,7.74264,0.1,20,0.7966666666666666,0.1024152766382481,43,0.9,0.6333333333333333,0.7333333333333334,0.8166666666666667,0.9,0.36800484657287597,0.0015841960906982423
0.1,7.74264,0.1,50,0.7966666666666666,0.139204086785474,43,0.9,0.7333333333333334,0.55,0.9,0.9,0.3720278263092041,0.0015873908996582031
0.1,7.74264,0.3,5,0.7,0.0632455532033676,334,0.7166666666666667,0.7166666666666667,0.65,0.6166666666666667,0.8,0.5358702659606933,0.0016023635864257813
0.1,7.74264,0.3,10,0.7366666666666667,0.07180219742846006,233,0.7,0.8333333333333333,0.6333333333333333,0.7166666666666667,0.8,0.5406900882720947,0.0015926837921142578
0.1,7.74264,0.3,20,0.8000000000000002,0.10055402085998906,36,0.8,0.7333333333333334,0.65,0.9166666666666667,0.9,0.5348510265350341,0.0015938282012939453
0.1,7.74264,0.3,50,0.7766666666666666,0.12978614889287857,113,0.9,0.7333333333333334,0.55,0.8,0.9,0.5392444610595704,0.001596832275390625
0.1,7.74264,0.5,5,0.7,0.10055402085998906,334,0.8,0.7166666666666667,0.65,0.5333333333333333,0.8,0.6040900230407715,0.001588153839111328
0.1,7.74264,0.5,10,0.6599999999999999,0.07195677714974302,484,0.6,0.6333333333333333,0.65,0.6166666666666667,0.8,0.6068134784698487,0.0016026020050048829
0.1,7.74264,0.5,20,0.76,0.08472176684759222,170,0.8,0.7333333333333334,0.65,0.7166666666666667,0.9,0.6069376945495606,0.0015813350677490235
0.1,7.74264,0.5,50,0.7566666666666666,0.11623730516108462,185,0.8,0.7333333333333334,0.55,0.9,0.8,0.6067768573760987,0.001574230194091797
0.1,7.74264,0.7,5,0.6233333333333333,0.12092238098144704,627,0.6,0.7166666666666667,0.4666666666666667,0.5333333333333333,0.8,0.6597080707550049,0.0015827178955078124
0.1,7.74264,0.7,10,0.6566666666666666,0.07348469228349536,533,0.6,0.6166666666666667,0.65,0.6166666666666667,0.8,0.6578887462615967,0.001592540740966797
0.1,7.74264,0.7,20,0.74,0.10252370999486465,216,0.8,0.7333333333333334,0.65,0.6166666666666667,0.9,0.6534392833709717,0.0015900611877441406
0.1,7.74264,0.7,50,0.8133333333333335,0.1644519517805868,27,0.7,0.9166666666666667,0.55,1.0,0.9,0.6579561710357666,0.0016834259033203125
0.1,7.74264,0.9,5,0.64,0.09695359714832658,590,0.6,0.7166666666666667,0.4666666666666667,0.7166666666666667,0.7,0.6571315288543701,0.0015877246856689452
0.1,7.74264,0.9,10,0.6566666666666666,0.09637888196533975,533,0.6,0.5333333333333333,0.7333333333333334,0.6166666666666667,0.8,0.6562386989593506,0.00158538818359375
0.1,7.74264,0.9,20,0.7566666666666666,0.09285592184789412,185,0.8,0.7333333333333334,0.7333333333333334,0.6166666666666667,0.9,0.6541258335113526,0.0016045093536376954
0.1,7.74264,0.9,50,0.7766666666666667,0.14437605218471808,112,0.8,0.7333333333333334,0.55,1.0,0.8,0.6586779594421387,0.0015845298767089844
0.1,27.8256,0.1,5,0.6966666666666667,0.12884098726725124,364,0.9,0.7166666666666667,0.65,0.7166666666666667,0.5,0.28167157173156737,0.0015872955322265626
0.1,27.8256,0.1,10,0.6599999999999999,0.12046207333061765,484,0.7,0.8333333333333333,0.55,0.7166666666666667,0.5,0.28160343170166013,0.001531076431274414
0.1,27.8256,0.1,20,0.78,0.13055437351710758,82,0.9,0.7333333333333334,0.55,0.8166666666666667,0.9,0.27873659133911133,0.0015177249908447266
0.1,27.8256,0.1,50,0.8166666666666668,0.12292725943057183,10,0.8,0.7333333333333334,0.65,1.0,0.9,0.2810080528259277,0.001527261734008789
0.1,27.8256,0.3,5,0.7233333333333334,0.04784233364802442,259,0.7333333333333334,0.7166666666666667,0.65,0.7166666666666667,0.8,0.5816241264343261,0.0015820503234863282
0.1,27.8256,0.3,10,0.6799999999999999,0.11421227799341206,455,0.6,0.8333333333333333,0.55,0.6166666666666667,0.8,0.582442331314087,0.0015783309936523438
0.1,27.8256,0.3,20,0.7733333333333332,0.07039570693980961,154,0.8,0.6333333333333333,0.8166666666666667,0.8166666666666667,0.8,0.5772847652435302,0.0015904426574707032
0.1,27.8256,0.3,50,0.7766666666666666,0.12978614889287857,113,0.9,0.7333333333333334,0.55,0.8,0.9,0.5835931777954102,0.0015866756439208984
0.1,27.8256,0.5,5,0.7033333333333334,0.06446359868604573,328,0.7333333333333334,0.7166666666666667,0.65,0.6166666666666667,0.8,0.7324397087097168,0.0015862941741943359
0.1,27.8256,0.5,10,0.7166666666666666,0.08692269873603531,309,0.7,0.8333333333333333,0.6333333333333333,0.6166666666666667,0.8,0.7346989154815674,0.001597452163696289
0.1,27.8256,0.5,20,0.78,0.08393118874676114,82,0.8,0.7333333333333334,0.65,0.8166666666666667,0.9,0.729061508178711,0.001592874526977539
0.1,27.8256,0.5,50,0.7533333333333334,0.11990737165736631,202,0.8,0.8166666666666667,0.55,0.7,0.9,0.7331228733062745,0.001589822769165039
0.1,27.8256,0.7,5,0.7,0.0632455532033676,334,0.7166666666666667,0.7166666666666667,0.65,0.6166666666666667,0.8,0.7882829666137695,0.0015933513641357422
0.1,27.8256,0.7,10,0.7366666666666667,0.07180219742846006,233,0.7,0.8333333333333333,0.6333333333333333,0.7166666666666667,0.8,0.7933532238006592,0.0016034603118896484
0.1,27.8256,0.7,20,0.78,0.08393118874676114,82,0.8,0.7333333333333334,0.65,0.8166666666666667,0.9,0.789583396911621,0.0015875339508056641
0.1,27.8256,0.7,50,0.7566666666666667,0.13232955494186138,177,0.9,0.7333333333333334,0.55,0.7,0.9,0.7948708534240723,0.0017650127410888672
0.1,27.8256,0.9,5,0.6833333333333333,0.08881941729649487,439,0.7166666666666667,0.7166666666666667,0.65,0.5333333333333333,0.8,0.8439824104309082,0.0015906333923339845
0.1,27.8256,0.9,10,0.74,0.0671648055986996,216,0.7,0.8333333333333333,0.65,0.7166666666666667,0.8,0.8443541526794434,0.0016508102416992188
0.1,27.8256,0.9,20,0.74,0.08472176684759224,216,0.7,0.7333333333333334,0.65,0.7166666666666667,0.9,0.8422883510589599,0.0015948295593261718
0.1,27.8256,0.9,50,0.7766666666666666,0.12978614889287857,113,0.8,0.7333333333333334,0.55,0.9,0.9,0.8474768161773681,0.0015932559967041016
0.1,100.0,0.1,5,0.7166666666666667,0.12780193008453877,300,0.9,0.7166666666666667,0.75,0.7166666666666667,0.5,0.3092034816741943,0.0015792369842529297
0.1,100.0,0.1,10,0.6566666666666666,0.12364824660660936,533,0.7,0.8333333333333333,0.5333333333333333,0.7166666666666667,0.5,0.3113547325134277,0.0016363143920898437
0.1,100.0,0.1,20,0.78,0.13055437351710758,82,0.9,0.7333333333333334,0.55,0.8166666666666667,0.9,0.3105044364929199,0.001573801040649414
0.1,100.0,0.1,50,0.8166666666666668,0.12292725943057183,10,0.8,0.7333333333333334,0.65,1.0,0.9,0.3115860462188721,0.0015787124633789063
0.1,100.0,0.3,5,0.6966666666666667,0.12884098726725124,364,0.9,0.7166666666666667,0.65,0.7166666666666667,0.5,0.33135042190551756,0.001558828353881836
0.1,100.0,0.3,10,0.6566666666666666,0.12364824660660936,533,0.7,0.8333333333333333,0.5333333333333333,0.7166666666666667,0.5,0.33222222328186035,0.0015646457672119141
0.1,100.0,0.3,20,0.78,0.13055437351710758,82,0.9,0.7333333333333334,0.55,0.8166666666666667,0.9,0.3308164119720459,0.0015625953674316406
0.1,100.0,0.3,50,0.8166666666666668,0.12292725943057183,10,0.8,0.7333333333333334,0.65,1.0,0.9,0.33290910720825195,0.0015810489654541015
0.1,100.0,0.5,5,0.6966666666666667,0.12884098726725124,364,0.9,0.7166666666666667,0.65,0.7166666666666667,0.5,0.3949767589569092,0.0015639305114746095
0.1,100.0,0.5,10,0.6599999999999999,0.12046207333061765,484,0.7,0.8333333333333333,0.55,0.7166666666666667,0.5,0.3933274745941162,0.0015803337097167968
0.1,100.0,0.5,20,0.78,0.13055437351710758,82,0.9,0.7333333333333334,0.55,0.8166666666666667,0.9,0.3925743103027344,0.0015806198120117188
0.1,100.0,0.5,50,0.8166666666666668,0.12292725943057183,10,0.8,0.7333333333333334,0.65,1.0,0.9,0.39359822273254397,0.0015915393829345702
0.1,100.0,0.7,5,0.6966666666666667,0.12884098726725124,364,0.9,0.7166666666666667,0.65,0.7166666666666667,0.5,0.5171891212463379,0.0015967845916748046
0.1,100.0,0.7,10,0.6399999999999999,0.12046207333061765,600,0.6,0.8333333333333333,0.55,0.7166666666666667,0.5,0.5166869640350342,0.0015952110290527344
0.1,100.0,0.7,20,0.78,0.11709445380166865,82,0.9,0.6333333333333333,0.65,0.8166666666666667,0.9,0.5171601295471191,0.0015958786010742188
0.1,100.0,0.7,50,0.7766666666666666,0.12978614889287857,113,0.8,0.7333333333333334,0.55,0.9,0.9,0.5154287338256835,0.001585102081298828
0.1,100.0,0.9,5,0.7233333333333334,0.04784233364802442,259,0.7333333333333334,0.7166666666666667,0.65,0.7166666666666667,0.8,0.6573479175567627,0.001615762710571289
0.1,100.0,0.9,10,0.6799999999999999,0.11421227799341206,455,0.6,0.8333333333333333,0.55,0.6166666666666667,0.8,0.6574760913848877,0.001675891876220703
0.1,100.0,0.9,20,0.7733333333333332,0.07039570693980961,154,0.8,0.6333333333333333,0.8166666666666667,0.8166666666666667,0.8,0.6581901550292969,0.00160369873046875
0.1,100.0,0.9,50,0.7766666666666666,0.12978614889287857,113,0.9,0.7333333333333334,0.55,0.8,0.9,0.6715409278869628,0.0016974449157714845
0.2,0.001,0.1,5,0.5733333333333333,0.13848385385227327,721,0.3833333333333333,0.5166666666666667,0.5333333333333333,0.6333333333333333,0.8,0.0033197879791259767,0.001412820816040039
0.2,0.001,0.1,10,0.6533333333333333,0.12174654911833117,564,0.7166666666666667,0.5166666666666667,0.5,0.7333333333333334,0.8,0.0033178329467773438,0.001409292221069336
0.2,0.001,0.1,20,0.6233333333333333,0.06716480559869958,627,0.6166666666666667,0.5166666666666667,0.6666666666666666,0.7166666666666667,0.6000000000000001,0.003291606903076172,0.0014096736907958985
0.2,0.001,0.1,50,0.6100000000000001,0.059254629448770565,656,0.7,0.5166666666666667,0.6333333333333333,0.6,0.6,0.0032950878143310548,0.001398324966430664
0.2,0.001,0.3,5,0.5733333333333333,0.13848385385227327,721,0.3833333333333333,0.5166666666666667,0.5333333333333333,0.6333333333333333,0.8,0.0032491207122802733,0.001393890380859375
0.2,0.001,0.3,10,0.6533333333333333,0.12174654911833117,564,0.7166666666666667,0.5166666666666667,0.5,0.7333333333333334,0.8,0.0032765865325927734,0.0014571189880371095
0.2,0.001,0.3,20,0.6233333333333333,0.06716480559869958,627,0.6166666666666667,0.5166666666666667,0.6666666666666666,0.7166666666666667,0.6000000000000001,0.0032543659210205076,0.0014091968536376954
0.2,0.001,0.3,50,0.6100000000000001,0.059254629448770565,656,0.7,0.5166666666666667,0.6333333333333333,0.6,0.6,0.0032981395721435546,0.0014030933380126953
0.2,0.001,0.5,5,0.5733333333333333,0.13848385385227327,721,0.3833333333333333,0.5166666666666667,0.5333333333333333,0.6333333333333333,0.8,0.0032659053802490236,0.0014068126678466798
0.2,0.001,0.5,10,0.6533333333333333,0.12174654911833117,564,0.7166666666666667,0.5166666666666667,0.5,0.7333333333333334,0.8,0.0033072948455810545,0.0014204978942871094
0.2,0.001,0.5,20,0.6233333333333333,0.06716480559869958,627,0.6166666666666667,0.5166666666666667,0.6666666666666666,0.7166666666666667,0.6000000000000001,0.0032796382904052733,0.0014036178588867187
0.2,0.001,0.5,50,0.6100000000000001,0.059254629448770565,656,0.7,0.5166666666666667,0.6333333333333333,0.6,0.6,0.003293943405151367,0.0013863086700439454
0.2,0.001,0.7,5,0.5733333333333333,0.13848385385227327,721,0.3833333333333333,0.5166666666666667,0.5333333333333333,0.6333333333333333,0.8,0.0032568931579589843,0.001409006118774414
0.2,0.001,0.7,10,0.6533333333333333,0.12174654911833117,564,0.7166666666666667,0.5166666666666667,0.5,0.7333333333333334,0.8,0.003313159942626953,0.0013998031616210937
0.2,0.001,0.7,20,0.6233333333333333,0.06716480559869958,627,0.6166666666666667,0.5166666666666667,0.6666666666666666,0.7166666666666667,0.6000000000000001,0.003249359130859375,0.0014077186584472655
0.2,0.001,0.7,50,0.6100000000000001,0.059254629448770565,656,0.7,0.5166666666666667,0.6333333333333333,0.6,0.6,0.0033028125762939453,0.0014060020446777343
0.2,0.001,0.9,5,0.5733333333333333,0.13848385385227327,721,0.3833333333333333,0.5166666666666667,0.5333333333333333,0.6333333333333333,0.8,0.0032776355743408202,0.0014063358306884766
0.2,0.001,0.9,10,0.6533333333333333,0.12174654911833117,564,0.7166666666666667,0.5166666666666667,0.5,0.7333333333333334,0.8,0.003271007537841797,0.0014732837677001952
0.2,0.001,0.9,20,0.6233333333333333,0.06716480559869958,627,0.6166666666666667,0.5166666666666667,0.6666666666666666,0.7166666666666667,0.6000000000000001,0.003282499313354492,0.001406717300415039
0.2,0.001,0.9,50,0.6100000000000001,0.059254629448770565,656,0.7,0.5166666666666667,0.6333333333333333,0.6,0.6,0.0033333301544189453,0.0014106273651123048
0.2,0.00359381,0.1,5,0.5733333333333333,0.13848385385227327,721,0.3833333333333333,0.5166666666666667,0.5333333333333333,0.6333333333333333,0.8,0.003360128402709961,0.0014664173126220704
0.2,0.00359381,0.1,10,0.6533333333333333,0.12174654911833117,564,0.7166666666666667,0.5166666666666667,0.5,0.7333333333333334,0.8,0.0033520221710205077,0.001397705078125
0.2,0.00359381,0.1,20,0.6233333333333333,0.06716480559869958,627,0.6166666666666667,0.5166666666666667,0.6666666666666666,0.7166666666666667,0.6000000000000001,0.003336668014526367,0.0014127731323242188
0.2,0.00359381,0.1,50,0.6100000000000001,0.059254629448770565,656,0.7,0.5166666666666667,0.6333333333333333,0.6,0.6,0.003410673141479492,0.0014176368713378906
0.2,0.00359381,0.3,5,0.5733333333333333,0.13848385385227327,721,0.3833333333333333,0.5166666666666667,0.5333333333333333,0.6333333333333333,0.8,0.0032915592193603514,0.0014711380004882812
0.2,0.00359381,0.3,10,0.6533333333333333,0.12174654911833117,564,0.7166666666666667,0.5166666666666667,0.5,0.7333333333333334,0.8,0.0032620906829833986,0.001407289505004883
0.2,0.00359381,0.3,20,0.6233333333333333,0.06716480559869958,627,0.6166666666666667,0.5166666666666667,0.6666666666666666,0.7166666666666667,0.6000000000000001,0.003266143798828125,0.0014048576354980468
0.2,0.00359381,0.3,50,0.6100000000000001,0.059254629448770565,656,0.7,0.5166666666666667,0.6333333333333333,0.6,0.6,0.0033135414123535156,0.0014006614685058594
0.2,0.00359381,0.5,5,0.5733333333333333,0.13848385385227327,721,0.3833333333333333,0.5166666666666667,0.5333333333333333,0.6333333333333333,0.8,0.003320741653442383,0.0014086246490478515
0.2,0.00359381,0.5,10,0.6533333333333333,0.12174654911833117,564,0.7166666666666667,0.5166666666666667,0.5,0.7333333333333334,0.8,0.0032712459564208985,0.0013919353485107421
0.2,0.00359381,0.5,20,0.6233333333333333,0.06716480559869958,627,0.6166666666666667,0.5166666666666667,0.6666666666666666,0.7166666666666667,0.6000000000000001,0.0032611370086669924,0.0014028549194335938
0.2,0.00359381,0.5,50,0.6100000000000001,0.059254629448770565,656,0.7,0.5166666666666667,0.6333333333333333,0.6,0.6,0.0033342838287353516,0.001410198211669922
0.2,0.00359381,0.7,5,0.5733333333333333,0.13848385385227327,721,0.3833333333333333,0.5166666666666667,0.5333333333333333,0.6333333333333333,0.8,0.0033101558685302733,0.0014029502868652343
0.2,0.00359381,0.7,10,0.6533333333333333,0.12174654911833117,564,0.7166666666666667,0.5166666666666667,0.5,0.7333333333333334,0.8,0.0032545089721679687,0.0014095306396484375
0.2,0.00359381,0.7,20,0.6233333333333333,0.06716480559869958,627,0.6166666666666667,0.5166666666666667,0.6666666666666666,0.7166666666666667,0.6000000000000001,0.0032800674438476563,0.0013919353485107421
0.2,0.00359381,0.7,50,0.6100000000000001,0.059254629448770565,656,0.7,0.5166666666666667,0.6333333333333333,0.6,0.6,0.003308868408203125,0.0014116287231445313
0.2,0.00359381,0.9,5,0.5733333333333333,0.13848385385227327,721,0.3833333333333333,0.5166666666666667,0.5333333333333333,0.6333333333333333,0.8,0.0032950401306152343,0.001397418975830078
0.2,0.00359381,0.9,10,0.6533333333333333,0.12174654911833117,564,0.7166666666666667,0.5166666666666667,0.5,0.7333333333333334,0.8,0.0032735347747802736,0.0013942718505859375
0.2,0.00359381,0.9,20,0.6233333333333333,0.06716480559869958,627,0.6166666666666667,0.5166666666666667,0.6666666666666666,0.7166666666666667,0.6000000000000001,0.0032654762268066405,0.0014075279235839845
0.2,0.00359381,0.9,50,0.6100000000000001,0.059254629448770565,656,0.7,0.5166666666666667,0.6333333333333333,0.6,0.6,0.003318023681640625,0.0014026641845703125
0.2,0.0129155,0.1,5,0.6233333333333333,0.06018490028422597,627,0.6166666666666667,0.65,0.5333333333333333,0.7166666666666667,0.6,0.011795711517333985,0.0014117240905761718
0.2,0.0129155,0.1,10,0.72,0.12174654911833115,275,0.5166666666666667,0.7333333333333334,0.7333333333333334,0.7166666666666667,0.9,0.011797666549682617,0.0013974666595458984
0.2,0.0129155,0.1,20,0.7533333333333333,0.19590247006553485,205,0.5,0.8166666666666667,0.55,1.0,0.9,0.011800289154052734,0.001476287841796875
0.2,0.0129155,0.1,50,0.85,0.09189365834726812,1,0.8,0.8166666666666667,0.7333333333333334,1.0,0.9,0.011776447296142578,0.0014124393463134765
0.2,0.0129155,0.3,5,0.5733333333333333,0.13848385385227327,721,0.3833333333333333,0.5166666666666667,0.5333333333333333,0.6333333333333333,0.8,0.003437376022338867,0.0013972282409667968
0.2,0.0129155,0.3,10,0.6533333333333333,0.12174654911833117,564,0.7166666666666667,0.5166666666666667,0.5,0.7333333333333334,0.8,0.0034546852111816406,0.0014739990234375
0.2,0.0129155,0.3,20,0.6233333333333333,0.06716480559869958,627,0.6166666666666667,0.5166666666666667,0.6666666666666666,0.7166666666666667,0.6000000000000001,0.003435707092285156,0.0014119625091552734
0.2,0.0129155,0.3,50,0.6100000000000001,0.059254629448770565,656,0.7,0.5166666666666667,0.6333333333333333,0.6,0.6,0.003498411178588867,0.0014000892639160155
0.2,0.0129155,0.5,5,0.5733333333333333,0.13848385385227327,721,0.3833333333333333,0.5166666666666667,0.5333333333333333,0.6333333333333333,0.8,0.003404855728149414,0.0014014720916748046
0.2,0.0129155,0.5,10,0.6533333333333333,0.12174654911833117,564,0.7166666666666667,0.5166666666666667,0.5,0.7333333333333334,0.8,0.003352785110473633,0.001403951644897461
0.2,0.0129155,0.5,20,0.6233333333333333,0.06716480559869958,627,0.6166666666666667,0.5166666666666667,0.6666666666666666,0.7166666666666667,0.6000000000000001,0.0033560752868652343,0.001407480239868164
0.2,0.0129155,0.5,50,0.6100000000000001,0.059254629448770565,656,0.7,0.5166666666666667,0.6333333333333333,0.6,0.6,0.0033910274505615234,0.0014257431030273438
0.2,0.0129155,0.7,5,0.5733333333333333,0.13848385385227327,721,0.3833333333333333,0.5166666666666667,0.5333333333333333,0.6333333333333333,0.8,0.0033327579498291016,0.001392221450805664
0.2,0.0129155,0.7,10,0.6533333333333333,0.12174654911833117,564,0.7166666666666667,0.5166666666666667,0.5,0.7333333333333334,0.8,0.0032550334930419923,0.0014009952545166015
0.2,0.0129155,0.7,20,0.6233333333333333,0.06716480559869958,627,0.6166666666666667,0.5166666666666667,0.6666666666666666,0.7166666666666667,0.6000000000000001,0.003268718719482422,0.0014084815979003907
0.2,0.0129155,0.7,50,0.6100000000000001,0.059254629448770565,656,0.7,0.5166666666666667,0.6333333333333333,0.6,0.6,0.0033254146575927733,0.001418733596801758
0.2,0.0129155,0.9,5,0.5733333333333333,0.13848385385227327,721,0.3833333333333333,0.5166666666666667,0.5333333333333333,0.6333333333333333,0.8,0.003303241729736328,0.0013985157012939454
0.2,0.0129155,0.9,10,0.6533333333333333,0.12174654911833117,564,0.7166666666666667,0.5166666666666667,0.5,0.7333333333333334,0.8,0.0032541751861572266,0.0013951778411865235
0.2,0.0129155,0.9,20,0.6233333333333333,0.06716480559869958,627,0.6166666666666667,0.5166666666666667,0.6666666666666666,0.7166666666666667,0.6000000000000001,0.0032573223114013674,0.001405954360961914
0.2,0.0129155,0.9,50,0.6100000000000001,0.059254629448770565,656,0.7,0.5166666666666667,0.6333333333333333,0.6,0.6,0.003308534622192383,0.0014112472534179687
0.2,0.0464159,0.1,5,0.6599999999999999,0.13605554421305702,484,0.6,0.7166666666666667,0.55,0.5333333333333333,0.9,0.022576904296875,0.001411104202270508
0.2,0.0464159,0.1,10,0.7,0.10593499054713804,334,0.7166666666666667,0.6333333333333333,0.6333333333333333,0.6166666666666667,0.9,0.02251777648925781,0.0014031410217285156
0.2,0.0464159,0.1,20,0.7233333333333334,0.11382247385975916,259,0.8166666666666667,0.6333333333333333,0.65,0.6166666666666667,0.9,0.022783899307250978,0.001418733596801758
0.2,0.0464159,0.1,50,0.7933333333333332,0.1565602475442317,64,0.7,0.8166666666666667,0.55,1.0,0.9,0.022446060180664064,0.0014191150665283203
0.2,0.0464159,0.3,5,0.6433333333333333,0.0703957069398096,584,0.6166666666666667,0.7333333333333334,0.55,0.7166666666666667,0.6,0.024028635025024413,0.00140380859375
0.2,0.0464159,0.3,10,0.6866666666666666,0.14352700094407325,436,0.5166666666666667,0.65,0.5666666666666667,0.8,0.9,0.02395772933959961,0.001432180404663086
0.2,0.0464159,0.3,20,0.79,0.15972198067614587,76,0.5,0.9166666666666667,0.7333333333333334,0.9,0.9,0.02397189140319824,0.0014098644256591796
0.2,0.0464159,0.3,50,0.8300000000000001,0.09333333333333335,6,0.7,0.9166666666666667,0.7333333333333334,0.9,0.9,0.024241542816162108,0.001414346694946289
0.2,0.0464159,0.5,5,0.7,0.08232726023485647,334,0.7,0.7333333333333334,0.55,0.7166666666666667,0.8,0.015367841720581055,0.0014008522033691407
0.2,0.0464159,0.5,10,0.7933333333333333,0.12,57,0.8,0.7333333333333334,0.6333333333333333,1.0,0.8,0.015357208251953126,0.0014046669006347657
0.2,0.0464159,0.5,20,0.7333333333333333,0.1414213562373095,253,0.7,0.7333333333333334,0.6333333333333333,1.0,0.6000000000000001,0.015306234359741211,0.0014108657836914063
0.2,0.0464159,0.5,50,0.72,0.1199073716573663,275,0.8,0.8333333333333333,0.55,0.8166666666666667,0.6,0.015347671508789063,0.0014006137847900391
0.2,0.0464159,0.7,5,0.5733333333333333,0.13848385385227327,721,0.3833333333333333,0.5166666666666667,0.5333333333333333,0.6333333333333333,0.8,0.003983926773071289,0.0014106273651123048
0.2,0.0464159,0.7,10,0.6533333333333333,0.12174654911833117,564,0.7166666666666667,0.5166666666666667,0.5,0.7333333333333334,0.8,0.004048824310302734,0.0014044284820556641
0.2,0.0464159,0.7,20,0.6233333333333333,0.06716480559869958,627,0.6166666666666667,0.5166666666666667,0.6666666666666666,0.7166666666666667,0.6000000000000001,0.004004096984863282,0.0014119625091552734
0.2,0.0464159,0.7,50,0.6100000000000001,0.059254629448770565,656,0.7,0.5166666666666667,0.6333333333333333,0.6,0.6,0.004038381576538086,0.0014066696166992188
0.2,0.0464159,0.9,5,0.5733333333333333,0.13848385385227327,721,0.3833333333333333,0.5166666666666667,0.5333333333333333,0.6333333333333333,0.8,0.0037618637084960937,0.001395845413208008
0.2,0.0464159,0.9,10,0.6533333333333333,0.12174654911833117,564,0.7166666666666667,0.5166666666666667,0.5,0.7333333333333334,0.8,0.0037993431091308595,0.001412343978881836
0.2,0.0464159,0.9,20,0.6233333333333333,0.06716480559869958,627,0.6166666666666667,0.5166666666666667,0.6666666666666666,0.7166666666666667,0.6000000000000001,0.0037570476531982424,0.001414346694946289
0.2,0.0464159,0.9,50,0.6100000000000001,0.059254629448770565,656,0.7,0.5166666666666667,0.6333333333333333,0.6,0.6,0.003798818588256836,0.0014032363891601563
0.2,0.16681,0.1,5,0.6266666666666667,0.12046207333061769,619,0.6166666666666667,0.7166666666666667,0.4666666666666667,0.5333333333333333,0.8,0.053128623962402345,0.001447153091430664
0.2,0.16681,0.1,10,0.6966666666666667,0.06699917080747261,364,0.7,0.7333333333333334,0.6333333333333333,0.6166666666666667,0.8,0.053191852569580075,0.001434659957885742
0.2,0.16681,0.1,20,0.78,0.10187137859957417,82,0.9,0.7333333333333334,0.65,0.7166666666666667,0.9,0.05324001312255859,0.0014431476593017578
0.2,0.16681,0.1,50,0.7933333333333332,0.1565602475442317,64,0.7,0.8166666666666667,0.55,1.0,0.9,0.05252737998962402,0.001429271697998047
0.2,0.16681,0.3,5,0.6233333333333334,0.09521904571390469,623,0.6,0.6333333333333333,0.55,0.5333333333333333,0.8,0.055702495574951175,0.0014115333557128905
0.2,0.16681,0.3,10,0.6633333333333333,0.15542057635833023,475,0.4166666666666667,0.6333333333333333,0.65,0.7166666666666667,0.9,0.055834388732910155,0.0014195919036865234
0.2,0.16681,0.3,20,0.72,0.12265579661982733,275,0.8,0.6333333333333333,0.55,0.7166666666666667,0.9,0.055818939208984376,0.0014307498931884766
0.2,0.16681,0.3,50,0.7933333333333333,0.15867506980549206,57,0.7,0.9166666666666667,0.55,1.0,0.8,0.055545902252197264,0.001424264907836914
0.2,0.16681,0.5,5,0.7,0.10697871023920809,334,0.6,0.7333333333333334,0.55,0.8166666666666667,0.8,0.06447510719299317,0.0014333724975585938
0.2,0.16681,0.5,10,0.7166666666666667,0.1520233900132184,300,0.6,0.6333333333333333,0.55,0.9,0.9,0.06456995010375977,0.0014297962188720703
0.2,0.16681,0.5,20,0.6966666666666667,0.1318247995552346,364,0.6,0.6333333333333333,0.55,0.8,0.9,0.06486735343933106,0.0014242172241210938
0.2,0.16681,0.5,50,0.7699999999999999,0.12927146286443544,168,0.6,0.8166666666666667,0.6333333333333333,0.9,0.9,0.06457686424255371,0.0014298915863037109
0.2,0.16681,0.7,5,0.68,0.09153020145163988,444,0.6,0.7333333333333334,0.55,0.7166666666666667,0.8,0.06723361015319824,0.0014187812805175782
0.2,0.16681,0.7,10,0.7166666666666667,0.13581032524975578,300,0.5,0.7333333333333334,0.65,0.8,0.9,0.06711664199829101,0.0014426231384277344
0.2,0.16681,0.7,20,0.7766666666666666,0.1737175229439384,113,0.6,0.8333333333333333,0.55,1.0,0.9,0.06737127304077148,0.0014241695404052734
0.2,0.16681,0.7,50,0.8133333333333335,0.1644519517805868,27,0.7,0.9166666666666667,0.55,1.0,0.9,0.06739864349365235,0.0014447689056396485
0.2,0.16681,0.9,5,0.68,0.09153020145163988,444,0.6,0.7333333333333334,0.55,0.7166666666666667,0.8,0.05634937286376953,0.0014289379119873046
0.2,0.16681,0.9,10,0.7033333333333334,0.16746475582773962,328,0.5,0.65,0.5666666666666667,0.9,0.9,0.05667843818664551,0.0014213085174560546
0.2,0.16681,0.9,20,0.7733333333333332,0.14087031072743628,154,0.6,0.8166666666666667,0.65,1.0,0.8,0.05624942779541016,0.0014238357543945312
0.2,0.16681,0.9,50,0.8099999999999999,0.08273115763993906,33,0.7,0.8166666666666667,0.7333333333333334,0.9,0.9,0.0565436840057373,0.0014272689819335937
0.2,0.599484,0.1,5,0.7200000000000001,0.047609522856952344,271,0.7166666666666667,0.7166666666666667,0.65,0.7166666666666667,0.8,0.12277278900146485,0.0014531135559082032
0.2,0.599484,0.1,10,0.7366666666666666,0.11175369742826806,240,0.7,0.8333333333333333,0.6333333333333333,0.6166666666666667,0.9,0.12280735969543458,0.0014578342437744141
0.2,0.599484,0.1,20,0.76,0.10252370999486467,170,0.8,0.6333333333333333,0.65,0.8166666666666667,0.9,0.12276020050048828,0.0014547348022460938
0.2,0.599484,0.1,50,0.7766666666666666,0.15333333333333335,113,0.9,0.6333333333333333,0.55,0.9,0.9,0.12270069122314453,0.001464986801147461
0.2,0.599484,0.3,5,0.6233333333333333,0.12092238098144704,627,0.6,0.7166666666666667,0.4666666666666667,0.5333333333333333,0.8,0.13864455223083497,0.0014525413513183593
0.2,0.599484,0.3,10,0.6799999999999999,0.11125546178852426,455,0.6,0.6333333333333333,0.65,0.6166666666666667,0.9,0.1388845443725586,0.0014561176300048827
0.2,0.599484,0.3,20,0.72,0.11125546178852426,275,0.8,0.6333333333333333,0.65,0.6166666666666667,0.9,0.1390315532684326,0.0014643669128417969
0.2,0.599484,0.3,50,0.7933333333333332,0.1565602475442317,64,0.7,0.8166666666666667,0.55,1.0,0.9,0.1389307975769043,0.0014631271362304688
0.2,0.599484,0.5,5,0.6633333333333333,0.13097921802925666,475,0.6,0.6333333333333333,0.4666666666666667,0.8166666666666667,0.8,0.15048656463623047,0.0014538288116455079
0.2,0.599484,0.5,10,0.6966666666666667,0.07180219742846009,364,0.6,0.6333333333333333,0.7333333333333334,0.7166666666666667,0.8,0.15010333061218262,0.0014691829681396484
0.2,0.599484,0.5,20,0.72,0.11125546178852426,275,0.8,0.6333333333333333,0.65,0.6166666666666667,0.9,0.15024070739746093,0.001456451416015625
0.2,0.599484,0.5,50,0.8166666666666668,0.1498147003616282,10,0.8,0.8333333333333333,0.55,1.0,0.9,0.15030570030212403,0.0014739513397216796
0.2,0.599484,0.7,5,0.6633333333333333,0.13097921802925666,475,0.6,0.6333333333333333,0.4666666666666667,0.8166666666666667,0.8,0.1796247959136963,0.001480245590209961
0.2,0.599484,0.7,10,0.6599999999999999,0.09921917377424813,484,0.5,0.6333333333333333,0.65,0.7166666666666667,0.8,0.17910232543945312,0.001481485366821289
0.2,0.599484,0.7,20,0.7333333333333333,0.10954451150103325,253,0.6,0.6333333333333333,0.7333333333333334,0.8,0.9,0.1789417266845703,0.0015114307403564452
0.2,0.599484,0.7,50,0.7533333333333333,0.14959203781544583,205,0.6,0.8166666666666667,0.55,0.9,0.9,0.1792330265045166,0.0015167236328125
0.2,0.599484,0.9,5,0.7133333333333333,0.08653836657164782,323,0.6,0.6333333333333333,0.7166666666666667,0.8166666666666667,0.8,0.20932512283325194,0.0015256404876708984
0.2,0.599484,0.9,10,0.68,0.1018713785995742,444,0.5,0.7333333333333334,0.65,0.7166666666666667,0.8,0.21003313064575196,0.001515960693359375
0.2,0.599484,0.9,20,0.6966666666666665,0.10666666666666669,398,0.6,0.6333333333333333,0.65,0.7,0.9,0.20970983505249025,0.0015187740325927734
0.2,0.599484,0.9,50,0.7733333333333333,0.17275544693133252,147,0.6,0.8166666666666667,0.55,1.0,0.9,0.20950984954833984,0.0015087604522705078
0.2,2.15443,0.1,5,0.7,0.0632455532033676,334,0.6166666666666667,0.7166666666666667,0.65,0.7166666666666667,0.8,0.25644664764404296,0.0015020370483398438
0.2,2.15443,0.1,10,0.7366666666666666,0.11175369742826806,240,0.7,0.8333333333333333,0.6333333333333333,0.6166666666666667,0.9,0.25632338523864745,0.0015072822570800781
0.2,2.15443,0.1,20,0.7766666666666666,0.08919392106839769,113,0.8,0.6333333333333333,0.7333333333333334,0.8166666666666667,0.9,0.25681777000427247,0.001525115966796875
0.2,2.15443,0.1,50,0.7766666666666666,0.12978614889287857,113,0.8,0.7333333333333334,0.55,0.9,0.9,0.2569762706756592,0.0015380859375
0.2,2.15443,0.3,5,0.6466666666666667,0.12534397117975446,580,0.7166666666666667,0.7166666666666667,0.4666666666666667,0.5333333333333333,0.8,0.3037060260772705,0.0015370368957519532
0.2,2.15443,0.3,10,0.72,0.12265579661982733,275,0.6,0.8333333333333333,0.65,0.6166666666666667,0.9,0.30310535430908203,0.0015432357788085938
0.2,2.15443,0.3,20,0.76,0.08856886837057616,170,0.7,0.7333333333333334,0.65,0.8166666666666667,0.9,0.3027904987335205,0.0015284061431884766
0.2,2.15443,0.3,50,0.7766666666666666,0.12978614889287857,113,0.8,0.7333333333333334,0.55,0.9,0.9,0.3045074462890625,0.0015377998352050781
0.2,2.15443,0.5,5,0.6599999999999999,0.11575836902790228,484,0.6,0.7166666666666667,0.4666666666666667,0.7166666666666667,0.8,0.33226327896118163,0.0015409469604492187
0.2,2.15443,0.5,10,0.6599999999999999,0.07195677714974302,484,0.6,0.6333333333333333,0.65,0.6166666666666667,0.8,0.33231239318847655,0.0015587329864501954
0.2,2.15443,0.5,20,0.7733333333333333,0.0946337971105226,147,0.8,0.7333333333333334,0.8166666666666667,0.6166666666666667,0.9,0.331898832321167,0.0015722751617431641
0.2,2.15443,0.5,50,0.7766666666666666,0.15762120556715853,113,0.7,0.7333333333333334,0.55,1.0,0.9,0.3314520359039307,0.0015411376953125
0.2,2.15443,0.7,5,0.64,0.09695359714832658,590,0.6,0.7166666666666667,0.4666666666666667,0.7166666666666667,0.7,0.3507677555084229,0.0015625953674316406
0.2,2.15443,0.7,10,0.7166666666666666,0.05374838498865703,309,0.7,0.6333333333333333,0.7333333333333334,0.7166666666666667,0.8,0.3499627590179443,0.0015733718872070312
0.2,2.15443,0.7,20,0.7566666666666666,0.09285592184789412,185,0.8,0.7333333333333334,0.7333333333333334,0.6166666666666667,0.9,0.34961705207824706,0.0015515804290771485
0.2,2.15443,0.7,50,0.8,0.13824294235551815,40,0.8,0.8333333333333333,0.5666666666666667,1.0,0.8,0.3502999782562256,0.0015468597412109375
0.2,2.15443,0.9,5,0.6699999999999999,0.05099019513592785,473,0.6,0.7166666666666667,0.7166666666666667,0.6166666666666667,0.7,0.39238524436950684,0.0015512466430664062
0.2,2.15443,0.9,10,0.6599999999999999,0.09225568335398701,484,0.6,0.5333333333333333,0.65,0.7166666666666667,0.8,0.39209256172180174,0.0015713691711425782
0.2,2.15443,0.9,20,0.64,0.09580071908799945,590,0.5,0.6333333333333333,0.65,0.6166666666666667,0.8,0.3912944316864014,0.0015763282775878907
0.2,2.15443,0.9,50,0.7733333333333332,0.08856886837057616,154,0.7,0.8166666666666667,0.65,0.9,0.8,0.39153132438659666,0.001682615280151367
0.2,7.74264,0.1,5,0.7233333333333334,0.04784233364802442,259,0.7333333333333334,0.7166666666666667,0.65,0.7166666666666667,0.8,0.3636673927307129,0.001561737060546875
0.2,7.74264,0.1,10,0.6966666666666667,0.09910712498212337,364,0.6,0.8333333333333333,0.6333333333333333,0.6166666666666667,0.8,0.36374678611755373,0.001556396484375
0.2,7.74264,0.1,20,0.7966666666666666,0.1024152766382481,43,0.9,0.6333333333333333,0.7333333333333334,0.8166666666666667,0.9,0.3647916793823242,0.0015543460845947265
0.2,7.74264,0.1,50,0.7966666666666666,0.139204086785474,43,0.9,0.7333333333333334,0.55,0.9,0.9,0.3644266605377197,0.0015680313110351563
0.2,7.74264,0.3,5,0.7,0.0632455532033676,334,0.7166666666666667,0.7166666666666667,0.65,0.6166666666666667,0.8,0.5273970127105713,0.0015999794006347657
0.2,7.74264,0.3,10,0.7166666666666666,0.06497862896539308,309,0.7,0.8333333333333333,0.6333333333333333,0.7166666666666667,0.7,0.5268558025360107,0.0015720844268798829
0.2,7.74264,0.3,20,0.78,0.08393118874676114,82,0.8,0.7333333333333334,0.65,0.8166666666666667,0.9,0.526006031036377,0.0015900611877441406
0.2,7.74264,0.3,50,0.7766666666666666,0.12978614889287857,113,0.9,0.7333333333333334,0.55,0.8,0.9,0.5267228603363037,0.001596832275390625
0.2,7.74264,0.5,5,0.7,0.10055402085998906,334,0.8,0.7166666666666667,0.65,0.5333333333333333,0.8,0.5943591117858886,0.0015812397003173828
0.2,7.74264,0.5,10,0.6599999999999999,0.07195677714974302,484,0.6,0.6333333333333333,0.65,0.6166666666666667,0.8,0.5955054283142089,0.001570272445678711
0.2,7.74264,0.5,20,0.74,0.08472176684759224,216,0.7,0.7333333333333334,0.65,0.7166666666666667,0.9,0.5951675415039063,0.001585674285888672
0.2,7.74264,0.5,50,0.7566666666666666,0.11623730516108462,185,0.8,0.7333333333333334,0.55,0.9,0.8,0.5950273513793946,0.0015868186950683595
0.2,7.74264,0.7,5,0.6233333333333333,0.12092238098144704,627,0.6,0.7166666666666667,0.4666666666666667,0.5333333333333333,0.8,0.6461984157562256,0.0015839099884033202
0.2,7.74264,0.7,10,0.6566666666666666,0.07348469228349536,533,0.6,0.6166666666666667,0.65,0.6166666666666667,0.8,0.6442723751068116,0.0015775203704833985
0.2,7.74264,0.7,20,0.74,0.10252370999486465,216,0.8,0.7333333333333334,0.65,0.6166666666666667,0.9,0.6448628902435303,0.0015868663787841797
0.2,7.74264,0.7,50,0.7933333333333332,0.1821476812308567,64,0.6,0.9166666666666667,0.55,1.0,0.9,0.6446121215820313,0.0015954971313476562
0.2,7.74264,0.9,5,0.64,0.09695359714832658,590,0.6,0.7166666666666667,0.4666666666666667,0.7166666666666667,0.7,0.6457342147827149,0.0015802860260009765
0.2,7.74264,0.9,10,0.6566666666666666,0.09637888196533975,533,0.6,0.5333333333333333,0.7333333333333334,0.6166666666666667,0.8,0.6461270809173584,0.0015924453735351562
0.2,7.74264,0.9,20,0.7566666666666666,0.09285592184789412,185,0.8,0.7333333333333334,0.7333333333333334,0.6166666666666667,0.9,0.6453775882720947,0.0015988826751708984
0.2,7.74264,0.9,50,0.7966666666666666,0.143913554299486,43,0.8,0.8333333333333333,0.55,1.0,0.8,0.6453517436981201,0.0015923023223876954
0.2,27.8256,0.1,5,0.6966666666666667,0.12884098726725124,364,0.9,0.7166666666666667,0.65,0.7166666666666667,0.5,0.27732529640197756,0.001531362533569336
0.2,27.8256,0.1,10,0.6599999999999999,0.12046207333061765,484,0.7,0.8333333333333333,0.55,0.7166666666666667,0.5,0.27806763648986815,0.0015388965606689454
0.2,27.8256,0.1,20,0.78,0.13055437351710758,82,0.9,0.7333333333333334,0.55,0.8166666666666667,0.9,0.27841010093688967,0.0016971588134765624
0.2,27.8256,0.1,50,0.8166666666666668,0.12292725943057183,10,0.8,0.7333333333333334,0.65,1.0,0.9,0.27689714431762696,0.0015427589416503907
0.2,27.8256,0.3,5,0.7233333333333334,0.04784233364802442,259,0.7333333333333334,0.7166666666666667,0.65,0.7166666666666667,0.8,0.5779475688934326,0.0015759944915771484
0.2,27.8256,0.3,10,0.6799999999999999,0.11421227799341206,455,0.6,0.8333333333333333,0.55,0.6166666666666667,0.8,0.5728237152099609,0.0015778064727783204
0.2,27.8256,0.3,20,0.7933333333333333,0.030912061651652323,57,0.8,0.7333333333333334,0.8166666666666667,0.8166666666666667,0.8,0.5749792575836181,0.001586008071899414
0.2,27.8256,0.3,50,0.7766666666666666,0.12978614889287857,113,0.9,0.7333333333333334,0.55,0.8,0.9,0.5753624916076661,0.001588153839111328
0.2,27.8256,0.5,5,0.7033333333333334,0.06446359868604573,328,0.7333333333333334,0.7166666666666667,0.65,0.6166666666666667,0.8,0.7265524387359619,0.0015825271606445313
0.2,27.8256,0.5,10,0.7166666666666666,0.08692269873603531,309,0.7,0.8333333333333333,0.6333333333333333,0.6166666666666667,0.8,0.7254189014434814,0.00158538818359375
0.2,27.8256,0.5,20,0.7966666666666666,0.06182412330330468,43,0.8,0.7333333333333334,0.7333333333333334,0.8166666666666667,0.9,0.7264297485351563,0.0015962600708007812
0.2,27.8256,0.5,50,0.7533333333333334,0.11990737165736631,202,0.8,0.8166666666666667,0.55,0.7,0.9,0.7264508724212646,0.0015904426574707032
0.2,27.8256,0.7,5,0.7,0.0632455532033676,334,0.7166666666666667,0.7166666666666667,0.65,0.6166666666666667,0.8,0.7833753108978272,0.001594877243041992
0.2,27.8256,0.7,10,0.7166666666666666,0.06497862896539308,309,0.7,0.8333333333333333,0.6333333333333333,0.7166666666666667,0.7,0.7834171295166016,0.0016005992889404296
0.2,27.8256,0.7,20,0.78,0.08393118874676114,82,0.8,0.7333333333333334,0.65,0.8166666666666667,0.9,0.7830623626708985,0.001596689224243164
0.2,27.8256,0.7,50,0.7566666666666667,0.13232955494186138,177,0.9,0.7333333333333334,0.55,0.7,0.9,0.7830144882202148,0.0015955448150634765
0.2,27.8256,0.9,5,0.6833333333333333,0.08881941729649487,439,0.7166666666666667,0.7166666666666667,0.65,0.5333333333333333,0.8,0.8322943210601806,0.001607370376586914
0.2,27.8256,0.9,10,0.74,0.0671648055986996,216,0.7,0.8333333333333333,0.65,0.7166666666666667,0.8,0.8288955688476562,0.0015937328338623048
0.2,27.8256,0.9,20,0.74,0.08472176684759224,216,0.7,0.7333333333333334,0.65,0.7166666666666667,0.9,0.8310080528259277,0.001593303680419922
0.2,27.8256,0.9,50,0.7766666666666666,0.12978614889287857,113,0.8,0.7333333333333334,0.55,0.9,0.9,0.8306776523590088,0.0017120361328125
0.2,100.0,0.1,5,0.7166666666666667,0.12780193008453877,300,0.9,0.7166666666666667,0.75,0.7166666666666667,0.5,0.30556588172912597,0.0015864372253417969
0.2,100.0,0.1,10,0.6566666666666666,0.12364824660660936,533,0.7,0.8333333333333333,0.5333333333333333,0.7166666666666667,0.5,0.3060624122619629,0.001575613021850586
0.2,100.0,0.1,20,0.78,0.13055437351710758,82,0.9,0.7333333333333334,0.55,0.8166666666666667,0.9,0.3058509349822998,0.0015738964080810546
0.2,100.0,0.1,50,0.8366666666666667,0.11566234381931648,3,0.8,0.8333333333333333,0.65,1.0,0.9,0.30556740760803225,0.0015729427337646484
0.2,100.0,0.3,5,0.6966666666666667,0.12884098726725124,364,0.9,0.7166666666666667,0.65,0.7166666666666667,0.5,0.32745962142944335,0.0015762805938720702
0.2,100.0,0.3,10,0.6566666666666666,0.12364824660660936,533,0.7,0.8333333333333333,0.5333333333333333,0.7166666666666667,0.5,0.3271456718444824,0.0015727996826171875
0.2,100.0,0.3,20,0.78,0.13055437351710758,82,0.9,0.7333333333333334,0.55,0.8166666666666667,0.9,0.3274897575378418,0.001568746566772461
0.2,100.0,0.3,50,0.8166666666666668,0.12292725943057183,10,0.8,0.7333333333333334,0.65,1.0,0.9,0.3273919582366943,0.001560211181640625
0.2,100.0,0.5,5,0.6966666666666667,0.12884098726725124,364,0.9,0.7166666666666667,0.65,0.7166666666666667,0.5,0.39345731735229494,0.0015729427337646484
0.2,100.0,0.5,10,0.6599999999999999,0.12046207333061765,484,0.7,0.8333333333333333,0.55,0.7166666666666667,0.5,0.3906274318695068,0.001569080352783203
0.2,100.0,0.5,20,0.78,0.13055437351710758,82,0.9,0.7333333333333334,0.55,0.8166666666666667,0.9,0.39052457809448243,0.0015796661376953126
0.2,100.0,0.5,50,0.7966666666666666,0.09683892697555967,43,0.8,0.7333333333333334,0.65,0.9,0.9,0.3904576778411865,0.0015731334686279296
0.2,100.0,0.7,5,0.6966666666666667,0.12884098726725124,364,0.9,0.7166666666666667,0.65,0.7166666666666667,0.5,0.5145866870880127,0.0015668869018554688
0.2,100.0,0.7,10,0.6399999999999999,0.12046207333061765,600,0.6,0.8333333333333333,0.55,0.7166666666666667,0.5,0.5136063575744629,0.001564931869506836
0.2,100.0,0.7,20,0.7999999999999999,0.097182531580755,41,0.9,0.7333333333333334,0.65,0.8166666666666667,0.9,0.5145950794219971,0.0015743732452392577
0.2,100.0,0.7,50,0.7766666666666666,0.12978614889287857,113,0.8,0.7333333333333334,0.55,0.9,0.9,0.5141046524047852,0.001579141616821289
0.2,100.0,0.9,5,0.7233333333333334,0.04784233364802442,259,0.7333333333333334,0.7166666666666667,0.65,0.7166666666666667,0.8,0.6553672313690185,0.0015937328338623048
0.2,100.0,0.9,10,0.6799999999999999,0.11421227799341206,455,0.6,0.8333333333333333,0.55,0.6166666666666667,0.8,0.6560698032379151,0.0015814781188964843
0.2,100.0,0.9,20,0.7933333333333333,0.030912061651652323,57,0.8,0.7333333333333334,0.8166666666666667,0.8166666666666667,0.8,0.6552090167999267,0.0015912055969238281
0.2,100.0,0.9,50,0.7766666666666666,0.12978614889287857,113,0.9,0.7333333333333334,0.55,0.8,0.9,0.6553093910217285,0.001607513427734375
0.5,0.001,0.1,5,0.5033333333333333,0.006666666666666687,769,0.5,0.5166666666666667,0.5,0.5,0.5,0.003297853469848633,0.0014036178588867187
0.5,0.001,0.1,10,0.48,0.048762462794426,785,0.3833333333333333,0.5166666666666667,0.5,0.5,0.5,0.0032980918884277345,0.0014005661010742187
0.5,0.001,0.1,20,0.5599999999999999,0.05228129047119376,737,0.6166666666666667,0.6166666666666667,0.5666666666666667,0.5,0.5,0.0032674312591552735,0.0014011859893798828
0.5,0.001,0.1,50,0.5333333333333333,0.07302967433402213,753,0.6,0.43333333333333335,0.6333333333333333,0.5,0.5,0.0033111095428466795,0.0014111995697021484
0.5,0.001,0.3,5,0.5033333333333333,0.006666666666666687,769,0.5,0.5166666666666667,0.5,0.5,0.5,0.003244972229003906,0.0014086723327636718
0.5,0.001,0.3,10,0.48,0.048762462794426,785,0.3833333333333333,0.5166666666666667,0.5,0.5,0.5,0.003310966491699219,0.001409435272216797
0.5,0.001,0.3,20,0.5599999999999999,0.05228129047119376,737,0.6166666666666667,0.6166666666666667,0.5666666666666667,0.5,0.5,0.003258943557739258,0.0014137744903564454
0.5,0.001,0.3,50,0.5333333333333333,0.07302967433402213,753,0.6,0.43333333333333335,0.6333333333333333,0.5,0.5,0.0033190250396728516,0.0014108180999755859
0.5,0.001,0.5,5,0.5033333333333333,0.006666666666666687,769,0.5,0.5166666666666667,0.5,0.5,0.5,0.0032422542572021484,0.001405477523803711
0.5,0.001,0.5,10,0.48,0.048762462794426,785,0.3833333333333333,0.5166666666666667,0.5,0.5,0.5,0.0033246994018554686,0.0013998031616210937
0.5,0.001,0.5,20,0.5599999999999999,0.05228129047119376,737,0.6166666666666667,0.6166666666666667,0.5666666666666667,0.5,0.5,0.0032344818115234374,0.001409912109375
0.5,0.001,0.5,50,0.5333333333333333,0.07302967433402213,753,0.6,0.43333333333333335,0.6333333333333333,0.5,0.5,0.0033156871795654297,0.0014081954956054687
0.5,0.001,0.7,5,0.5033333333333333,0.006666666666666687,769,0.5,0.5166666666666667,0.5,0.5,0.5,0.003228569030761719,0.001470184326171875
0.5,0.001,0.7,10,0.48,0.048762462794426,785,0.3833333333333333,0.5166666666666667,0.5,0.5,0.5,0.0032491207122802733,0.0014037609100341797
0.5,0.001,0.7,20,0.5599999999999999,0.05228129047119376,737,0.6166666666666667,0.6166666666666667,0.5666666666666667,0.5,0.5,0.0032529830932617188,0.0014134883880615235
0.5,0.001,0.7,50,0.5333333333333333,0.07302967433402213,753,0.6,0.43333333333333335,0.6333333333333333,0.5,0.5,0.003325748443603516,0.0014261722564697266
0.5,0.001,0.9,5,0.5033333333333333,0.006666666666666687,769,0.5,0.5166666666666667,0.5,0.5,0.5,0.003308534622192383,0.0014153480529785155
0.5,0.001,0.9,10,0.48,0.048762462794426,785,0.3833333333333333,0.5166666666666667,0.5,0.5,0.5,0.003254127502441406,0.0014009952545166015
0.5,0.001,0.9,20,0.5599999999999999,0.05228129047119376,737,0.6166666666666667,0.6166666666666667,0.5666666666666667,0.5,0.5,0.0032595157623291015,0.0014082431793212891
0.5,0.001,0.9,50,0.5333333333333333,0.07302967433402213,753,0.6,0.43333333333333335,0.6333333333333333,0.5,0.5,0.0033095359802246095,0.0014137744903564454
0.5,0.00359381,0.1,5,0.5033333333333333,0.006666666666666687,769,0.5,0.5166666666666667,0.5,0.5,0.5,0.0034085750579833985,0.0014101505279541016
0.5,0.00359381,0.1,10,0.48,0.048762462794426,785,0.3833333333333333,0.5166666666666667,0.5,0.5,0.5,0.0033318519592285155,0.001405620574951172
0.5,0.00359381,0.1,20,0.5599999999999999,0.05228129047119376,737,0.6166666666666667,0.6166666666666667,0.5666666666666667,0.5,0.5,0.003361415863037109,0.0013945579528808593
0.5,0.00359381,0.1,50,0.5333333333333333,0.07302967433402213,753,0.6,0.43333333333333335,0.6333333333333333,0.5,0.5,0.003402566909790039,0.0014142513275146485
0.5,0.00359381,0.3,5,0.5033333333333333,0.006666666666666687,769,0.5,0.5166666666666667,0.5,0.5,0.5,0.003292751312255859,0.00140228271484375
0.5,0.00359381,0.3,10,0.48,0.048762462794426,785,0.3833333333333333,0.5166666666666667,0.5,0.5,0.5,0.003247499465942383,0.0014009952545166015
0.5,0.00359381,0.3,20,0.5599999999999999,0.05228129047119376,737,0.6166666666666667,0.6166666666666667,0.5666666666666667,0.5,0.5,0.003265666961669922,0.001395416259765625
0.5,0.00359381,0.3,50,0.5333333333333333,0.07302967433402213,753,0.6,0.43333333333333335,0.6333333333333333,0.5,0.5,0.0032968521118164062,0.0014022350311279296
0.5,0.00359381,0.5,5,0.5033333333333333,0.006666666666666687,769,0.5,0.5166666666666667,0.5,0.5,0.5,0.0032785892486572265,0.0014008522033691407
0.5,0.00359381,0.5,10,0.48,0.048762462794426,785,0.3833333333333333,0.5166666666666667,0.5,0.5,0.5,0.0032392024993896486,0.0014144420623779298
0.5,0.00359381,0.5,20,0.5599999999999999,0.05228129047119376,737,0.6166666666666667,0.6166666666666667,0.5666666666666667,0.5,0.5,0.0032585620880126952,0.0014023303985595704
0.5,0.00359381,0.5,50,0.5333333333333333,0.07302967433402213,753,0.6,0.43333333333333335,0.6333333333333333,0.5,0.5,0.0032886981964111326,0.0014051437377929688
0.5,0.00359381,0.7,5,0.5033333333333333,0.006666666666666687,769,0.5,0.5166666666666667,0.5,0.5,0.5,0.0032172203063964844,0.0014687538146972655
0.5,0.00359381,0.7,10,0.48,0.048762462794426,785,0.3833333333333333,0.5166666666666667,0.5,0.5,0.5,0.0032495975494384764,0.0013988018035888672
0.5,0.00359381,0.7,20,0.5599999999999999,0.05228129047119376,737,0.6166666666666667,0.6166666666666667,0.5666666666666667,0.5,0.5,0.003259420394897461,0.0014061927795410156
0.5,0.00359381,0.7,50,0.5333333333333333,0.07302967433402213,753,0.6,0.43333333333333335,0.6333333333333333,0.5,0.5,0.003288555145263672,0.0014023303985595704
0.5,0.00359381,0.9,5,0.5033333333333333,0.006666666666666687,769,0.5,0.5166666666666667,0.5,0.5,0.5,0.0033097267150878906,0.0014083385467529297
0.5,0.00359381,0.9,10,0.48,0.048762462794426,785,0.3833333333333333,0.5166666666666667,0.5,0.5,0.5,0.0032645702362060548,0.0014014244079589844
0.5,0.00359381,0.9,20,0.5599999999999999,0.05228129047119376,737,0.6166666666666667,0.6166666666666667,0.5666666666666667,0.5,0.5,0.003275489807128906,0.0014167308807373046
0.5,0.00359381,0.9,50,0.5333333333333333,0.07302967433402213,753,0.6,0.43333333333333335,0.6333333333333333,0.5,0.5,0.0033599853515625,0.0014089107513427734
0.5,0.0129155,0.1,5,0.6233333333333333,0.06018490028422597,627,0.6166666666666667,0.65,0.5333333333333333,0.7166666666666667,0.6,0.01167917251586914,0.0014095306396484375
0.5,0.0129155,0.1,10,0.74,0.09104333522498444,216,0.6166666666666667,0.7333333333333334,0.7333333333333334,0.7166666666666667,0.9,0.011740636825561524,0.0014119625091552734
0.5,0.0129155,0.1,20,0.7333333333333333,0.17543596489254357,253,0.5,0.9166666666666667,0.55,0.8,0.9,0.01175684928894043,0.0014174461364746093
0.5,0.0129155,0.1,50,0.8300000000000001,0.10666666666666669,6,0.8,0.9166666666666667,0.6333333333333333,0.9,0.9,0.011773014068603515,0.0014223098754882813
0.5,0.0129155,0.3,5,0.5033333333333333,0.006666666666666687,769,0.5,0.5166666666666667,0.5,0.5,0.5,0.0034670352935791014,0.0014048576354980468
0.5,0.0129155,0.3,10,0.48,0.048762462794426,785,0.3833333333333333,0.5166666666666667,0.5,0.5,0.5,0.0034304141998291017,0.001405954360961914
0.5,0.0129155,0.3,20,0.5599999999999999,0.05228129047119376,737,0.6166666666666667,0.6166666666666667,0.5666666666666667,0.5,0.5,0.003437519073486328,0.0014064311981201172
0.5,0.0129155,0.3,50,0.5333333333333333,0.07302967433402213,753,0.6,0.43333333333333335,0.6333333333333333,0.5,0.5,0.0034789562225341795,0.0014169692993164062
0.5,0.0129155,0.5,5,0.5033333333333333,0.006666666666666687,769,0.5,0.5166666666666667,0.5,0.5,0.5,0.0033755779266357424,0.001402902603149414
0.5,0.0129155,0.5,10,0.48,0.048762462794426,785,0.3833333333333333,0.5166666666666667,0.5,0.5,0.5,0.0033242225646972655,0.0014062881469726562
0.5,0.0129155,0.5,20,0.5599999999999999,0.05228129047119376,737,0.6166666666666667,0.6166666666666667,0.5666666666666667,0.5,0.5,0.003344440460205078,0.0014074325561523437
0.5,0.0129155,0.5,50,0.5333333333333333,0.07302967433402213,753,0.6,0.43333333333333335,0.6333333333333333,0.5,0.5,0.003389883041381836,0.0014037609100341797
0.5,0.0129155,0.7,5,0.5033333333333333,0.006666666666666687,769,0.5,0.5166666666666667,0.5,0.5,0.5,0.003295278549194336,0.001398611068725586
0.5,0.0129155,0.7,10,0.48,0.048762462794426,785,0.3833333333333333,0.5166666666666667,0.5,0.5,0.5,0.003246498107910156,0.001409149169921875
0.5,0.0129155,0.7,20,0.5599999999999999,0.05228129047119376,737,0.6166666666666667,0.6166666666666667,0.5666666666666667,0.5,0.5,0.003274059295654297,0.0013967037200927734
0.5,0.0129155,0.7,50,0.5333333333333333,0.07302967433402213,753,0.6,0.43333333333333335,0.6333333333333333,0.5,0.5,0.0033094406127929686,0.0014070034027099609
0.5,0.0129155,0.9,5,0.5033333333333333,0.006666666666666687,769,0.5,0.5166666666666667,0.5,0.5,0.5,0.0032942771911621095,0.0013967514038085937
0.5,0.0129155,0.9,10,0.48,0.048762462794426,785,0.3833333333333333,0.5166666666666667,0.5,0.5,0.5,0.003251457214355469,0.0014026641845703125
0.5,0.0129155,0.9,20,0.5599999999999999,0.05228129047119376,737,0.6166666666666667,0.6166666666666667,0.5666666666666667,0.5,0.5,0.0032801151275634764,0.0014025211334228516
0.5,0.0129155,0.9,50,0.5333333333333333,0.07302967433402213,753,0.6,0.43333333333333335,0.6333333333333333,0.5,0.5,0.003285646438598633,0.0014155387878417968
0.5,0.0464159,0.1,5,0.6599999999999999,0.13605554421305702,484,0.6,0.7166666666666667,0.55,0.5333333333333333,0.9,0.02198319435119629,0.0014202117919921875
0.5,0.0464159,0.1,10,0.72,0.10077477638553985,275,0.7166666666666667,0.7333333333333334,0.6333333333333333,0.6166666666666667,0.9,0.022598934173583985,0.0014331817626953125
0.5,0.0464159,0.1,20,0.7233333333333334,0.11382247385975916,259,0.8166666666666667,0.6333333333333333,0.65,0.6166666666666667,0.9,0.022659730911254884,0.0014131546020507812
0.5,0.0464159,0.1,50,0.7533333333333333,0.14959203781544583,205,0.6,0.8166666666666667,0.55,0.9,0.9,0.021918344497680663,0.0014114856719970703
0.5,0.0464159,0.3,5,0.6433333333333333,0.0703957069398096,584,0.6166666666666667,0.7333333333333334,0.55,0.7166666666666667,0.6,0.023468160629272462,0.001409769058227539
0.5,0.0464159,0.3,10,0.6866666666666666,0.14352700094407325,436,0.5166666666666667,0.65,0.5666666666666667,0.8,0.9,0.023446941375732423,0.0014074325561523437
0.5,0.0464159,0.3,20,0.79,0.15972198067614587,76,0.5,0.9166666666666667,0.7333333333333334,0.9,0.9,0.023428916931152344,0.0014157295227050781
0.5,0.0464159,0.3,50,0.8099999999999999,0.1190704739966117,33,0.7,0.9166666666666667,0.6333333333333333,0.9,0.9,0.023533058166503907,0.0014130115509033204
0.5,0.0464159,0.5,5,0.64,0.09580071908799943,590,0.7,0.7333333333333334,0.55,0.7166666666666667,0.5,0.014967918395996094,0.001411771774291992
0.5,0.0464159,0.5,10,0.7333333333333334,0.16733200530681513,251,0.8,0.7333333333333334,0.6333333333333333,1.0,0.5,0.014970016479492188,0.0014044284820556641
0.5,0.0464159,0.5,20,0.7333333333333334,0.16733200530681513,251,0.8,0.7333333333333334,0.6333333333333333,1.0,0.5,0.014960432052612304,0.0014081954956054687
0.5,0.0464159,0.5,50,0.72,0.16241236953439775,275,0.9,0.8333333333333333,0.55,0.8166666666666667,0.5,0.015046501159667968,0.001410198211669922
0.5,0.0464159,0.7,5,0.5033333333333333,0.006666666666666687,769,0.5,0.5166666666666667,0.5,0.5,0.5,0.003937578201293946,0.00139007568359375
0.5,0.0464159,0.7,10,0.48,0.048762462794426,785,0.3833333333333333,0.5166666666666667,0.5,0.5,0.5,0.0039558887481689455,0.0013988494873046875
0.5,0.0464159,0.7,20,0.5599999999999999,0.05228129047119376,737,0.6166666666666667,0.6166666666666667,0.5666666666666667,0.5,0.5,0.0040210247039794925,0.0014061450958251954
0.5,0.0464159,0.7,50,0.5333333333333333,0.07302967433402213,753,0.6,0.43333333333333335,0.6333333333333333,0.5,0.5,0.004032039642333984,0.0014018535614013672
0.5,0.0464159,0.9,5,0.5033333333333333,0.006666666666666687,769,0.5,0.5166666666666667,0.5,0.5,0.5,0.0037435054779052734,0.0013950347900390625
0.5,0.0464159,0.9,10,0.48,0.048762462794426,785,0.3833333333333333,0.5166666666666667,0.5,0.5,0.5,0.003740692138671875,0.0014064788818359375
0.5,0.0464159,0.9,20,0.5599999999999999,0.05228129047119376,737,0.6166666666666667,0.6166666666666667,0.5666666666666667,0.5,0.5,0.0037915706634521484,0.001404142379760742
0.5,0.0464159,0.9,50,0.5333333333333333,0.07302967433402213,753,0.6,0.43333333333333335,0.6333333333333333,0.5,0.5,0.0037795066833496093,0.001397562026977539
0.5,0.16681,0.1,5,0.6266666666666667,0.12046207333061769,619,0.6166666666666667,0.7166666666666667,0.4666666666666667,0.5333333333333333,0.8,0.05200028419494629,0.0014117240905761718
0.5,0.16681,0.1,10,0.6766666666666667,0.07717224601860152,469,0.6,0.7333333333333334,0.6333333333333333,0.6166666666666667,0.8,0.05201106071472168,0.0014294147491455077
0.5,0.16681,0.1,20,0.74,0.14321700705960558,216,0.9,0.7333333333333334,0.55,0.6166666666666667,0.9,0.05208902359008789,0.0014136791229248046
0.5,0.16681,0.1,50,0.7733333333333332,0.1335830993967592,154,0.7,0.8166666666666667,0.55,0.9,0.9,0.05236592292785645,0.0014331817626953125
0.5,0.16681,0.3,5,0.6233333333333334,0.09521904571390469,623,0.6,0.6333333333333333,0.55,0.5333333333333333,0.8,0.05537471771240234,0.001428079605102539
0.5,0.16681,0.3,10,0.6799999999999999,0.1305543735171076,455,0.5,0.6333333333333333,0.65,0.7166666666666667,0.9,0.055387258529663086,0.0014236927032470702
0.5,0.16681,0.3,20,0.72,0.11125546178852426,275,0.8,0.6333333333333333,0.65,0.6166666666666667,0.9,0.05538420677185059,0.0014311313629150391
0.5,0.16681,0.3,50,0.8133333333333335,0.1644519517805868,27,0.7,0.9166666666666667,0.55,1.0,0.9,0.055511760711669925,0.0014202117919921875
0.5,0.16681,0.5,5,0.68,0.09153020145163988,444,0.6,0.7333333333333334,0.55,0.7166666666666667,0.8,0.06434621810913085,0.0014344215393066405
0.5,0.16681,0.5,10,0.7166666666666667,0.1520233900132184,300,0.6,0.6333333333333333,0.55,0.9,0.9,0.06439042091369629,0.001415252685546875
0.5,0.16681,0.5,20,0.6966666666666667,0.1318247995552346,364,0.6,0.6333333333333333,0.55,0.8,0.9,0.06425976753234863,0.0014280319213867188
0.5,0.16681,0.5,50,0.77,0.09333333333333335,167,0.7,0.8166666666666667,0.6333333333333333,0.8,0.9,0.06438684463500977,0.0014248371124267578
0.5,0.16681,0.7,5,0.68,0.09153020145163988,444,0.6,0.7333333333333334,0.55,0.7166666666666667,0.8,0.06725549697875977,0.0014490127563476563
0.5,0.16681,0.7,10,0.7166666666666667,0.13581032524975578,300,0.5,0.7333333333333334,0.65,0.8,0.9,0.06704392433166503,0.0014241695404052734
0.5,0.16681,0.7,20,0.74,0.14628738838327796,216,0.6,0.75,0.55,0.9,0.9,0.06715865135192871,0.0014496326446533203
0.5,0.16681,0.7,50,0.8133333333333335,0.1644519517805868,27,0.7,0.9166666666666667,0.55,1.0,0.9,0.06716370582580566,0.0014267444610595703
0.5,0.16681,0.9,5,0.68,0.09153020145163988,444,0.6,0.7333333333333334,0.55,0.7166666666666667,0.8,0.05611386299133301,0.0014204978942871094
0.5,0.16681,0.9,10,0.72,0.11224972160321826,275,0.6,0.65,0.65,0.8,0.9,0.056142997741699216,0.0014139652252197266
0.5,0.16681,0.9,20,0.7766666666666666,0.15114378731672845,113,0.6,0.7333333333333334,0.65,1.0,0.9,0.05640816688537598,0.001420307159423828
0.5,0.16681,0.9,50,0.8300000000000001,0.0635959467611297,6,0.8,0.8166666666666667,0.7333333333333334,0.9,0.9,0.05613231658935547,0.001424551010131836
0.5,0.599484,0.1,5,0.7200000000000001,0.047609522856952344,271,0.7166666666666667,0.7166666666666667,0.65,0.7166666666666667,0.8,0.12217168807983399,0.001462841033935547
0.5,0.599484,0.1,10,0.7366666666666666,0.11175369742826806,240,0.7,0.8333333333333333,0.6333333333333333,0.6166666666666667,0.9,0.12191281318664551,0.0014536380767822266
0.5,0.599484,0.1,20,0.78,0.08393118874676114,82,0.8,0.7333333333333334,0.65,0.8166666666666667,0.9,0.1222653865814209,0.00144500732421875
0.5,0.599484,0.1,50,0.7766666666666666,0.15333333333333335,113,0.9,0.6333333333333333,0.55,0.9,0.9,0.12209486961364746,0.0014511585235595704
0.5,0.599484,0.3,5,0.6233333333333333,0.12092238098144704,627,0.6,0.7166666666666667,0.4666666666666667,0.5333333333333333,0.8,0.13812637329101562,0.0014684200286865234
0.5,0.599484,0.3,10,0.7,0.1100504934614612,334,0.6,0.7333333333333334,0.65,0.6166666666666667,0.9,0.13784704208374024,0.0014645576477050782
0.5,0.599484,0.3,20,0.72,0.11125546178852426,275,0.8,0.6333333333333333,0.65,0.6166666666666667,0.9,0.13940057754516602,0.0014486312866210938
0.5,0.599484,0.3,50,0.7733333333333332,0.1335830993967592,154,0.7,0.8166666666666667,0.55,0.9,0.9,0.13839249610900878,0.0014756679534912109
0.5,0.599484,0.5,5,0.6433333333333333,0.11234866364235145,584,0.6,0.6333333333333333,0.4666666666666667,0.7166666666666667,0.8,0.15071487426757812,0.001584768295288086
0.5,0.599484,0.5,10,0.6599999999999999,0.10252370999486467,484,0.5,0.7333333333333334,0.65,0.6166666666666667,0.8,0.150209379196167,0.00149078369140625
0.5,0.599484,0.5,20,0.72,0.11125546178852426,275,0.8,0.6333333333333333,0.65,0.6166666666666667,0.9,0.15025978088378905,0.0014883041381835937
0.5,0.599484,0.5,50,0.7966666666666666,0.12927146286443542,43,0.8,0.8333333333333333,0.55,0.9,0.9,0.15078358650207518,0.0014856338500976562
0.5,0.599484,0.7,5,0.6433333333333333,0.11234866364235145,584,0.6,0.6333333333333333,0.4666666666666667,0.7166666666666667,0.8,0.17995548248291016,0.0014869213104248048
0.5,0.599484,0.7,10,0.6599999999999999,0.10252370999486467,484,0.5,0.7333333333333334,0.65,0.6166666666666667,0.8,0.1794112205505371,0.0014796257019042969
0.5,0.599484,0.7,20,0.6966666666666667,0.11175369742826807,364,0.6,0.6333333333333333,0.7333333333333334,0.6166666666666667,0.9,0.17993745803833008,0.0014836311340332032
0.5,0.599484,0.7,50,0.7499999999999999,0.11450376024878449,213,0.6,0.8166666666666667,0.6333333333333333,0.8,0.9,0.18009843826293945,0.0014946937561035156
0.5,0.599484,0.9,5,0.6933333333333334,0.07039570693980961,401,0.6,0.6333333333333333,0.7166666666666667,0.7166666666666667,0.8,0.210313081741333,0.0015024662017822266
0.5,0.599484,0.9,10,0.68,0.1018713785995742,444,0.5,0.7333333333333334,0.65,0.7166666666666667,0.8,0.20969338417053224,0.0014811992645263673
0.5,0.599484,0.9,20,0.6599999999999999,0.07195677714974302,484,0.6,0.6333333333333333,0.65,0.6166666666666667,0.8,0.2101072311401367,0.0015002727508544923
0.5,0.599484,0.9,50,0.7733333333333333,0.11766241729815193,147,0.8,0.8166666666666667,0.55,0.8,0.9,0.2098757266998291,0.0015065193176269532
0.5,2.15443,0.1,5,0.7,0.0632455532033676,334,0.6166666666666667,0.7166666666666667,0.65,0.7166666666666667,0.8,0.2588374137878418,0.001503896713256836
0.5,2.15443,0.1,10,0.7166666666666666,0.10110500592068736,309,0.7,0.7333333333333334,0.6333333333333333,0.6166666666666667,0.9,0.25711607933044434,0.001525115966796875
0.5,2.15443,0.1,20,0.78,0.08393118874676114,82,0.8,0.7333333333333334,0.65,0.8166666666666667,0.9,0.2568358421325684,0.001534271240234375
0.5,2.15443,0.1,50,0.7566666666666666,0.1420485050177501,185,0.8,0.6333333333333333,0.55,0.9,0.9,0.2572165966033936,0.0015395641326904296
0.5,2.15443,0.3,5,0.6466666666666667,0.12534397117975446,580,0.7166666666666667,0.7166666666666667,0.4666666666666667,0.5333333333333333,0.8,0.30544300079345704,0.0015380859375
0.5,2.15443,0.3,10,0.72,0.12265579661982733,275,0.6,0.8333333333333333,0.65,0.6166666666666667,0.9,0.3051718235015869,0.0015340805053710937
0.5,2.15443,0.3,20,0.74,0.08472176684759224,216,0.7,0.7333333333333334,0.65,0.7166666666666667,0.9,0.30607080459594727,0.0015519618988037109
0.5,2.15443,0.3,50,0.7566666666666666,0.13232955494186138,185,0.7,0.7333333333333334,0.55,0.9,0.9,0.30526294708251955,0.0015424251556396484
0.5,2.15443,0.5,5,0.6599999999999999,0.11575836902790228,484,0.6,0.7166666666666667,0.4666666666666667,0.7166666666666667,0.8,0.33297066688537597,0.0015606403350830079
0.5,2.15443,0.5,10,0.68,0.07557189365836425,444,0.6,0.7333333333333334,0.65,0.6166666666666667,0.8,0.33341388702392577,0.0015476703643798827
0.5,2.15443,0.5,20,0.7533333333333333,0.09392668535736914,205,0.8,0.7333333333333334,0.7166666666666667,0.6166666666666667,0.9,0.3323801517486572,0.0015436649322509766
0.5,2.15443,0.5,50,0.7366666666666667,0.14621141466307538,233,0.6,0.7333333333333334,0.55,0.9,0.9,0.33318262100219725,0.001556539535522461
0.5,2.15443,0.7,5,0.6599999999999999,0.11575836902790228,484,0.6,0.7166666666666667,0.4666666666666667,0.7166666666666667,0.8,0.35109100341796873,0.0015262603759765626
0.5,2.15443,0.7,10,0.7,0.06411794687223782,334,0.7,0.7333333333333334,0.65,0.6166666666666667,0.8,0.3506812572479248,0.0015643119812011718
0.5,2.15443,0.7,20,0.7566666666666666,0.09285592184789412,185,0.8,0.7333333333333334,0.7333333333333334,0.6166666666666667,0.9,0.35036439895629884,0.001558208465576172
0.5,2.15443,0.7,50,0.78,0.11274356350191843,82,0.8,0.8333333333333333,0.5666666666666667,0.9,0.8,0.34912972450256347,0.0015513896942138672
0.5,2.15443,0.9,5,0.6900000000000001,0.07348469228349536,402,0.6,0.7166666666666667,0.7166666666666667,0.6166666666666667,0.8,0.3906982421875,0.0015645503997802734
0.5,2.15443,0.9,10,0.64,0.09580071908799945,590,0.5,0.6333333333333333,0.65,0.6166666666666667,0.8,0.3914631843566895,0.0015583038330078125
0.5,2.15443,0.9,20,0.6599999999999999,0.13106402167558334,484,0.5,0.6333333333333333,0.65,0.6166666666666667,0.9,0.3918601512908936,0.0015466690063476562
0.5,2.15443,0.9,50,0.7333333333333332,0.10055402085998903,258,0.7,0.8166666666666667,0.55,0.8,0.8,0.3925327777862549,0.0015395641326904296
0.5,7.74264,0.1,5,0.7,0.0632455532033676,334,0.6166666666666667,0.7166666666666667,0.65,0.7166666666666667,0.8,0.36606783866882325,0.0015395164489746093
0.5,7.74264,0.1,10,0.6766666666666667,0.07717224601860152,469,0.6,0.7333333333333334,0.6333333333333333,0.6166666666666667,0.8,0.36618824005126954,0.0015604019165039063
0.5,7.74264,0.1,20,0.8166666666666668,0.07453559924999298,10,0.9,0.7333333333333334,0.7333333333333334,0.8166666666666667,0.9,0.36705403327941893,0.0015453338623046876
0.5,7.74264,0.1,50,0.7966666666666666,0.12927146286443542,43,0.9,0.8333333333333333,0.55,0.8,0.9,0.3677998065948486,0.001534271240234375
0.5,7.74264,0.3,5,0.7,0.0632455532033676,334,0.7166666666666667,0.7166666666666667,0.65,0.6166666666666667,0.8,0.5322834014892578,0.0015745162963867188
0.5,7.74264,0.3,10,0.7166666666666666,0.06497862896539308,309,0.7,0.8333333333333333,0.6333333333333333,0.7166666666666667,0.7,0.5327442646026611,0.001580667495727539
0.5,7.74264,0.3,20,0.76,0.08472176684759222,170,0.8,0.7333333333333334,0.65,0.7166666666666667,0.9,0.5297694206237793,0.0015731334686279296
0.5,7.74264,0.3,50,0.7366666666666666,0.1002219758558194,240,0.8,0.6333333333333333,0.65,0.7,0.9,0.5303875923156738,0.001684856414794922
0.5,7.74264,0.5,5,0.7,0.10055402085998906,334,0.8,0.7166666666666667,0.65,0.5333333333333333,0.8,0.5976828098297119,0.0015828609466552734
0.5,7.74264,0.5,10,0.6799999999999999,0.11125546178852426,455,0.6,0.6333333333333333,0.65,0.6166666666666667,0.9,0.595896053314209,0.0015908241271972655
0.5,7.74264,0.5,20,0.72,0.09854496999396321,275,0.7,0.7333333333333334,0.65,0.6166666666666667,0.9,0.5966893196105957,0.0015883922576904296
0.5,7.74264,0.5,50,0.7566666666666667,0.11623730516108462,177,0.8,0.7333333333333334,0.55,0.8,0.9,0.5975275039672852,0.001589822769165039
0.5,7.74264,0.7,5,0.6233333333333333,0.12092238098144704,627,0.6,0.7166666666666667,0.4666666666666667,0.5333333333333333,0.8,0.6479414939880371,0.0015800952911376952
0.5,7.74264,0.7,10,0.6566666666666666,0.07348469228349536,533,0.6,0.6166666666666667,0.65,0.6166666666666667,0.8,0.6454673290252686,0.001578378677368164
0.5,7.74264,0.7,20,0.72,0.09854496999396321,275,0.7,0.7333333333333334,0.65,0.6166666666666667,0.9,0.6452793598175048,0.0015976428985595703
0.5,7.74264,0.7,50,0.7366666666666667,0.14621141466307538,233,0.6,0.7333333333333334,0.55,0.9,0.9,0.6439638137817383,0.0015777587890625
0.5,7.74264,0.9,5,0.6599999999999999,0.11575836902790228,484,0.6,0.7166666666666667,0.4666666666666667,0.7166666666666667,0.8,0.6431918621063233,0.0015732288360595704
0.5,7.74264,0.9,10,0.6599999999999999,0.07195677714974302,484,0.6,0.6333333333333333,0.65,0.6166666666666667,0.8,0.6527464866638184,0.0015768051147460938
0.5,7.74264,0.9,20,0.7366666666666667,0.09213516640723503,233,0.7,0.7333333333333334,0.7333333333333334,0.6166666666666667,0.9,0.6503235340118408,0.0015905380249023437
0.5,7.74264,0.9,50,0.7566666666666667,0.11623730516108462,177,0.8,0.7333333333333334,0.55,0.8,0.9,0.6502746105194092,0.0015992164611816407
0.5,27.8256,0.1,5,0.6966666666666667,0.12884098726725124,364,0.9,0.7166666666666667,0.65,0.7166666666666667,0.5,0.2765202522277832,0.0015415191650390626
0.5,27.8256,0.1,10,0.64,0.09580071908799943,590,0.7,0.7333333333333334,0.55,0.7166666666666667,0.5,0.2764241695404053,0.0015182018280029297
0.5,27.8256,0.1,20,0.78,0.13055437351710758,82,0.9,0.7333333333333334,0.55,0.8166666666666667,0.9,0.27664752006530763,0.0015575408935546875
0.5,27.8256,0.1,50,0.8166666666666667,0.09189365834726813,22,0.8,0.8333333333333333,0.65,0.9,0.9,0.2760972023010254,0.001545286178588867
0.5,27.8256,0.3,5,0.7,0.0632455532033676,334,0.6166666666666667,0.7166666666666667,0.65,0.7166666666666667,0.8,0.5736950397491455,0.0015760898590087891
0.5,27.8256,0.3,10,0.6766666666666667,0.07717224601860152,469,0.6,0.7333333333333334,0.6333333333333333,0.6166666666666667,0.8,0.5713002204895019,0.001575613021850586
0.5,27.8256,0.3,20,0.7766666666666666,0.03590109871423001,113,0.8,0.7333333333333334,0.7333333333333334,0.8166666666666667,0.8,0.5719499111175537,0.001586771011352539
0.5,27.8256,0.3,50,0.7566666666666667,0.12183777921664708,177,0.8,0.8333333333333333,0.55,0.7,0.9,0.572224760055542,0.0015952110290527344
0.5,27.8256,0.5,5,0.68,0.07023769168568493,444,0.6166666666666667,0.7166666666666667,0.65,0.6166666666666667,0.8,0.7246880054473877,0.0017632484436035157
0.5,27.8256,0.5,10,0.7166666666666666,0.08692269873603531,309,0.7,0.8333333333333333,0.6333333333333333,0.6166666666666667,0.8,0.7239575386047363,0.001599264144897461
0.5,27.8256,0.5,20,0.7966666666666666,0.06182412330330468,43,0.8,0.7333333333333334,0.7333333333333334,0.8166666666666667,0.9,0.7231489181518554,0.0015906333923339845
0.5,27.8256,0.5,50,0.7533333333333334,0.11990737165736631,202,0.8,0.8166666666666667,0.55,0.7,0.9,0.7279118061065674,0.0015929698944091796
0.5,27.8256,0.7,5,0.7,0.0632455532033676,334,0.7166666666666667,0.7166666666666667,0.65,0.6166666666666667,0.8,0.7811148643493653,0.001669025421142578
0.5,27.8256,0.7,10,0.7166666666666666,0.06497862896539308,309,0.7,0.8333333333333333,0.6333333333333333,0.7166666666666667,0.7,0.781187105178833,0.0016073226928710938
0.5,27.8256,0.7,20,0.74,0.10252370999486465,216,0.8,0.7333333333333334,0.65,0.6166666666666667,0.9,0.7823154926300049,0.0015811443328857422
0.5,27.8256,0.7,50,0.7566666666666667,0.08666666666666667,177,0.8,0.7333333333333334,0.65,0.7,0.9,0.7823805809020996,0.001600170135498047
0.5,27.8256,0.9,5,0.6833333333333333,0.08881941729649487,439,0.7166666666666667,0.7166666666666667,0.65,0.5333333333333333,0.8,0.8326222419738769,0.001580953598022461
0.5,27.8256,0.9,10,0.76,0.09225568335398698,170,0.7,0.8333333333333333,0.65,0.7166666666666667,0.9,0.8327973842620849,0.0015869140625
0.5,27.8256,0.9,20,0.72,0.09854496999396321,275,0.7,0.7333333333333334,0.65,0.6166666666666667,0.9,0.8304677963256836,0.001589345932006836
0.5,27.8256,0.9,50,0.7366666666666666,0.11566234381931648,240,0.8,0.7333333333333334,0.55,0.7,0.9,0.8326791286468506,0.0015912055969238281
0.5,100.0,0.1,5,0.7166666666666667,0.12780193008453877,300,0.9,0.7166666666666667,0.75,0.7166666666666667,0.5,0.3066105365753174,0.0015681266784667968
0.5,100.0,0.1,10,0.6566666666666666,0.08537498983243799,533,0.7,0.7333333333333334,0.6333333333333333,0.7166666666666667,0.5,0.30756382942199706,0.0015716075897216797
0.5,100.0,0.1,20,0.78,0.13055437351710758,82,0.9,0.7333333333333334,0.55,0.8166666666666667,0.9,0.30753302574157715,0.0015566349029541016
0.5,100.0,0.1,50,0.8166666666666667,0.09189365834726813,22,0.8,0.8333333333333333,0.65,0.9,0.9,0.3074221134185791,0.0015502452850341796
0.5,100.0,0.3,5,0.6966666666666667,0.12884098726725124,364,0.9,0.7166666666666667,0.65,0.7166666666666667,0.5,0.3296011447906494,0.0015674114227294921
0.5,100.0,0.3,10,0.6566666666666666,0.08537498983243799,533,0.7,0.7333333333333334,0.6333333333333333,0.7166666666666667,0.5,0.32892417907714844,0.0015498638153076173
0.5,100.0,0.3,20,0.78,0.13055437351710758,82,0.9,0.7333333333333334,0.55,0.8166666666666667,0.9,0.3285357475280762,0.0015662670135498046
0.5,100.0,0.3,50,0.8166666666666667,0.09189365834726813,22,0.8,0.8333333333333333,0.65,0.9,0.9,0.3285196304321289,0.0015429973602294922
0.5,100.0,0.5,5,0.6966666666666667,0.12884098726725124,364,0.9,0.7166666666666667,0.65,0.7166666666666667,0.5,0.39241952896118165,0.0015575885772705078
0.5,100.0,0.5,10,0.62,0.08781293248212994,655,0.7,0.7333333333333334,0.55,0.6166666666666667,0.5,0.3940075397491455,0.001678800582885742
0.5,100.0,0.5,20,0.78,0.13055437351710758,82,0.9,0.7333333333333334,0.55,0.8166666666666667,0.9,0.39356675148010256,0.001553964614868164
0.5,100.0,0.5,50,0.8166666666666667,0.09189365834726813,22,0.8,0.8333333333333333,0.65,0.9,0.9,0.39434404373168946,0.0015680313110351563
0.5,100.0,0.7,5,0.6966666666666667,0.12884098726725124,364,0.9,0.7166666666666667,0.65,0.7166666666666667,0.5,0.517408800125122,0.0016391754150390625
0.5,100.0,0.7,10,0.6,0.07817359599705717,704,0.6,0.7333333333333334,0.55,0.6166666666666667,0.5,0.5151362419128418,0.0015846729278564454
0.5,100.0,0.7,20,0.7999999999999999,0.097182531580755,41,0.9,0.7333333333333334,0.65,0.8166666666666667,0.9,0.5161602020263671,0.0015821456909179688
0.5,100.0,0.7,50,0.8166666666666667,0.09189365834726813,22,0.8,0.8333333333333333,0.65,0.9,0.9,0.5153756618499756,0.0015722751617431641
0.5,100.0,0.9,5,0.7,0.0632455532033676,334,0.6166666666666667,0.7166666666666667,0.65,0.7166666666666667,0.8,0.6548526287078857,0.0015858173370361327
0.5,100.0,0.9,10,0.6599999999999999,0.092255683353987,484,0.6,0.7333333333333334,0.55,0.6166666666666667,0.8,0.6562126636505127,0.001587057113647461
0.5,100.0,0.9,20,0.7766666666666666,0.03590109871423001,113,0.8,0.7333333333333334,0.7333333333333334,0.8166666666666667,0.8,0.6546127796173096,0.0015841007232666015
0.5,100.0,0.9,50,0.7566666666666667,0.12183777921664708,177,0.8,0.8333333333333333,0.55,0.7,0.9,0.6536760807037354,0.0015885353088378907
