param_clf__shrink_threshold,param_selector__C,param_selector__l1_ratio,param_selector__top_k,mean_test_score,std_test_score,rank_test_score,split0_test_score,split1_test_score,split2_test_score,split3_test_score,split4_test_score,mean_fit_time,mean_score_time
,0.001,0.1,5,0.45,0.09249624617007741,687,0.5166666666666667,0.5333333333333333,0.3,0.3833333333333333,0.5166666666666667,0.002725696563720703,0.0011788368225097655
,0.001,0.1,10,0.6333333333333333,0.1140175425099138,339,0.4166666666666667,0.6333333333333333,0.7166666666666667,0.7333333333333334,0.6666666666666666,0.0026755332946777344,0.0011584758758544922
,0.001,0.1,20,0.5066666666666666,0.08069145624606802,560,0.4166666666666667,0.4666666666666667,0.45,0.5666666666666667,0.6333333333333333,0.0027740478515625,0.0011709213256835937
,0.001,0.1,50,0.43666666666666665,0.13308309851784755,736,0.3333333333333333,0.3833333333333333,0.6333333333333333,0.55,0.2833333333333333,0.002723407745361328,0.0011919021606445312
,0.001,0.3,5,0.45,0.09249624617007741,687,0.5166666666666667,0.5333333333333333,0.3,0.3833333333333333,0.5166666666666667,0.0026880741119384766,0.0011575698852539062
,0.001,0.3,10,0.6333333333333333,0.1140175425099138,339,0.4166666666666667,0.6333333333333333,0.7166666666666667,0.7333333333333334,0.6666666666666666,0.0027338981628417967,0.0011518478393554687
,0.001,0.3,20,0.5066666666666666,0.08069145624606802,560,0.4166666666666667,0.4666666666666667,0.45,0.5666666666666667,0.6333333333333333,0.002723550796508789,0.001222372055053711
,0.001,0.3,50,0.43666666666666665,0.13308309851784755,736,0.3333333333333333,0.3833333333333333,0.6333333333333333,0.55,0.2833333333333333,0.0027591705322265623,0.0011783123016357421
,0.001,0.5,5,0.45,0.09249624617007741,687,0.5166666666666667,0.5333333333333333,0.3,0.3833333333333333,0.5166666666666667,0.002727365493774414,0.0011583805084228516
,0.001,0.5,10,0.6333333333333333,0.1140175425099138,339,0.4166666666666667,0.6333333333333333,0.7166666666666667,0.7333333333333334,0.6666666666666666,0.0026941299438476562,0.0011689186096191407
,0.001,0.5,20,0.5066666666666666,0.08069145624606802,560,0.4166666666666667,0.4666666666666667,0.45,0.5666666666666667,0.6333333333333333,0.002726173400878906,0.001177501678466797
,0.001,0.5,50,0.43666666666666665,0.13308309851784755,736,0.3333333333333333,0.3833333333333333,0.6333333333333333,0.55,0.2833333333333333,0.002771472930908203,0.00118255615234375
,0.001,0.7,5,0.45,0.09249624617007741,687,0.5166666666666667,0.5333333333333333,0.3,0.3833333333333333,0.5166666666666667,0.002708721160888672,0.0011677265167236329
,0.001,0.7,10,0.6333333333333333,0.1140175425099138,339,0.4166666666666667,0.6333333333333333,0.7166666666666667,0.7333333333333334,0.6666666666666666,0.0026930809020996095,0.0011641025543212891
,0.001,0.7,20,0.5066666666666666,0.08069145624606802,560,0.4166666666666667,0.4666666666666667,0.45,0.5666666666666667,0.6333333333333333,0.0027956008911132813,0.0011947154998779297
,0.001,0.7,50,0.43666666666666665,0.13308309851784755,736,0.3333333333333333,0.3833333333333333,0.6333333333333333,0.55,0.2833333333333333,0.0027806758880615234,0.001170778274536133
,0.001,0.9,5,0.45,0.09249624617007741,687,0.5166666666666667,0.5333333333333333,0.3,0.3833333333333333,0.5166666666666667,0.0027818202972412108,0.001186370849609375
,0.001,0.9,10,0.6333333333333333,0.1140175425099138,339,0.4166666666666667,0.6333333333333333,0.7166666666666667,0.7333333333333334,0.6666666666666666,0.0027493953704833983,0.0011793613433837891
,0.001,0.9,20,0.5066666666666666,0.08069145624606802,560,0.4166666666666667,0.4666666666666667,0.45,0.5666666666666667,0.6333333333333333,0.0027151107788085938,0.0011658668518066406
,0.001,0.9,50,0.43666666666666665,0.13308309851784755,736,0.3333333333333333,0.3833333333333333,0.6333333333333333,0.55,0.2833333333333333,0.0027389049530029295,0.0011653423309326172
,0.00359381,0.1,5,0.45,0.09249624617007741,687,0.5166666666666667,0.5333333333333333,0.3,0.3833333333333333,0.5166666666666667,0.0027513980865478517,0.0011585712432861327
,0.00359381,0.1,10,0.6333333333333333,0.1140175425099138,339,0.4166666666666667,0.6333333333333333,0.7166666666666667,0.7333333333333334,0.6666666666666666,0.0027194976806640624,0.001171112060546875
,0.00359381,0.1,20,0.5066666666666666,0.08069145624606802,560,0.4166666666666667,0.4666666666666667,0.45,0.5666666666666667,0.6333333333333333,0.002796649932861328,0.0011637210845947266
,0.00359381,0.1,50,0.43666666666666665,0.13308309851784755,736,0.3333333333333333,0.3833333333333333,0.6333333333333333,0.55,0.2833333333333333,0.0027246952056884767,0.0011771202087402343
,0.00359381,0.3,5,0.45,0.09249624617007741,687,0.5166666666666667,0.5333333333333333,0.3,0.3833333333333333,0.5166666666666667,0.002736473083496094,0.001161336898803711
,0.00359381,0.3,10,0.6333333333333333,0.1140175425099138,339,0.4166666666666667,0.6333333333333333,0.7166666666666667,0.7333333333333334,0.6666666666666666,0.002874422073364258,0.0012013912200927734
,0.00359381,0.3,20,0.5066666666666666,0.08069145624606802,560,0.4166666666666667,0.4666666666666667,0.45,0.5666666666666667,0.6333333333333333,0.002844095230102539,0.0011858940124511719
,0.00359381,0.3,50,0.43666666666666665,0.13308309851784755,736,0.3333333333333333,0.3833333333333333,0.6333333333333333,0.55,0.2833333333333333,0.002725505828857422,0.0011620044708251954
,0.00359381,0.5,5,0.45,0.09249624617007741,687,0.5166666666666667,0.5333333333333333,0.3,0.3833333333333333,0.5166666666666667,0.0027039051055908203,0.0011578083038330078
,0.00359381,0.5,10,0.6333333333333333,0.1140175425099138,339,0.4166666666666667,0.6333333333333333,0.7166666666666667,0.7333333333333334,0.6666666666666666,0.0027511119842529297,0.0011719703674316407
,0.00359381,0.5,20,0.5066666666666666,0.08069145624606802,560,0.4166666666666667,0.4666666666666667,0.45,0.5666666666666667,0.6333333333333333,0.002719259262084961,0.0011594772338867187
,0.00359381,0.5,50,0.43666666666666665,0.13308309851784755,736,0.3333333333333333,0.3833333333333333,0.6333333333333333,0.55,0.2833333333333333,0.0027405738830566405,0.001165151596069336
,0.00359381,0.7,5,0.45,0.09249624617007741,687,0.5166666666666667,0.5333333333333333,0.3,0.3833333333333333,0.5166666666666667,0.0026871204376220704,0.0011583805084228516
,0.00359381,0.7,10,0.6333333333333333,0.1140175425099138,339,0.4166666666666667,0.6333333333333333,0.7166666666666667,0.7333333333333334,0.6666666666666666,0.002739429473876953,0.001159524917602539
,0.00359381,0.7,20,0.5066666666666666,0.08069145624606802,560,0.4166666666666667,0.4666666666666667,0.45,0.5666666666666667,0.6333333333333333,0.0027704715728759767,0.0011683464050292968
,0.00359381,0.7,50,0.43666666666666665,0.13308309851784755,736,0.3333333333333333,0.3833333333333333,0.6333333333333333,0.55,0.2833333333333333,0.0027741432189941407,0.0011725902557373046
,0.00359381,0.9,5,0.45,0.09249624617007741,687,0.5166666666666667,0.5333333333333333,0.3,0.3833333333333333,0.5166666666666667,0.0027163028717041016,0.001152801513671875
,0.00359381,0.9,10,0.6333333333333333,0.1140175425099138,339,0.4166666666666667,0.6333333333333333,0.7166666666666667,0.7333333333333334,0.6666666666666666,0.0027740001678466797,0.0011789321899414063
,0.00359381,0.9,20,0.5066666666666666,0.08069145624606802,560,0.4166666666666667,0.4666666666666667,0.45,0.5666666666666667,0.6333333333333333,0.0027083396911621095,0.001166391372680664
,0.00359381,0.9,50,0.43666666666666665,0.13308309851784755,736,0.3333333333333333,0.3833333333333333,0.6333333333333333,0.55,0.2833333333333333,0.0027652263641357424,0.0011721134185791015
,0.0129155,0.1,5,0.6433333333333333,0.05436502143433365,288,0.65,0.5666666666666667,0.6166666666666667,0.7333333333333334,0.65,0.009888696670532226,0.0011843204498291015
,0.0129155,0.1,10,0.5733333333333334,0.1412641340027806,479,0.55,0.4666666666666667,0.7166666666666667,0.75,0.3833333333333333,0.009792804718017578,0.0011654376983642578
,0.0129155,0.1,20,0.6833333333333333,0.15129074290546957,101,0.7333333333333334,0.5666666666666667,0.9,0.75,0.4666666666666667,0.009629583358764649,0.0011774539947509766
,0.0129155,0.1,50,0.6766666666666666,0.1439907404430345,142,0.6166666666666667,0.65,0.9,0.75,0.4666666666666667,0.009812116622924805,0.0011889934539794922
,0.0129155,0.3,5,0.45,0.09249624617007741,687,0.5166666666666667,0.5333333333333333,0.3,0.3833333333333333,0.5166666666666667,0.002798652648925781,0.0011658191680908204
,0.0129155,0.3,10,0.6333333333333333,0.1140175425099138,339,0.4166666666666667,0.6333333333333333,0.7166666666666667,0.7333333333333334,0.6666666666666666,0.002827358245849609,0.001165914535522461
,0.0129155,0.3,20,0.5066666666666666,0.08069145624606802,560,0.4166666666666667,0.4666666666666667,0.45,0.5666666666666667,0.6333333333333333,0.002845907211303711,0.0011594772338867187
,0.0129155,0.3,50,0.43666666666666665,0.13308309851784755,736,0.3333333333333333,0.3833333333333333,0.6333333333333333,0.55,0.2833333333333333,0.002816009521484375,0.0011747360229492187
,0.0129155,0.5,5,0.45,0.09249624617007741,687,0.5166666666666667,0.5333333333333333,0.3,0.3833333333333333,0.5166666666666667,0.002698659896850586,0.001165628433227539
,0.0129155,0.5,10,0.6333333333333333,0.1140175425099138,339,0.4166666666666667,0.6333333333333333,0.7166666666666667,0.7333333333333334,0.6666666666666666,0.002714252471923828,0.001177072525024414
,0.0129155,0.5,20,0.5066666666666666,0.08069145624606802,560,0.4166666666666667,0.4666666666666667,0.45,0.5666666666666667,0.6333333333333333,0.0027823448181152344,0.0011609554290771484
,0.0129155,0.5,50,0.43666666666666665,0.13308309851784755,736,0.3333333333333333,0.3833333333333333,0.6333333333333333,0.55,0.2833333333333333,0.0027451515197753906,0.0011664390563964843
,0.0129155,0.7,5,0.45,0.09249624617007741,687,0.5166666666666667,0.5333333333333333,0.3,0.3833333333333333,0.5166666666666667,0.0026947021484375,0.0011641025543212891
,0.0129155,0.7,10,0.6333333333333333,0.1140175425099138,339,0.4166666666666667,0.6333333333333333,0.7166666666666667,0.7333333333333334,0.6666666666666666,0.0028063774108886717,0.0011906623840332031
,0.0129155,0.7,20,0.5066666666666666,0.08069145624606802,560,0.4166666666666667,0.4666666666666667,0.45,0.5666666666666667,0.6333333333333333,0.0027369022369384765,0.0011600494384765626
,0.0129155,0.7,50,0.43666666666666665,0.13308309851784755,736,0.3333333333333333,0.3833333333333333,0.6333333333333333,0.55,0.2833333333333333,0.002751779556274414,0.001168966293334961
,0.0129155,0.9,5,0.45,0.09249624617007741,687,0.5166666666666667,0.5333333333333333,0.3,0.3833333333333333,0.5166666666666667,0.0027115345001220703,0.0011540889739990235
,0.0129155,0.9,10,0.6333333333333333,0.1140175425099138,339,0.4166666666666667,0.6333333333333333,0.7166666666666667,0.7333333333333334,0.6666666666666666,0.002771949768066406,0.0011764049530029296
,0.0129155,0.9,20,0.5066666666666666,0.08069145624606802,560,0.4166666666666667,0.4666666666666667,0.45,0.5666666666666667,0.6333333333333333,0.0027079105377197264,0.0011754035949707031
,0.0129155,0.9,50,0.43666666666666665,0.13308309851784755,736,0.3333333333333333,0.3833333333333333,0.6333333333333333,0.55,0.2833333333333333,0.0027382373809814453,0.0011645317077636718
,0.0464159,0.1,5,0.6733333333333332,0.14087031072743622,178,0.65,0.5666666666666667,0.8333333333333333,0.8333333333333333,0.48333333333333334,0.01874833106994629,0.0011759757995605468
,0.0464159,0.1,10,0.7,0.17701224063135676,43,0.55,0.55,0.9166666666666667,0.9166666666666667,0.5666666666666667,0.019193363189697266,0.0011955738067626954
,0.0464159,0.1,20,0.73,0.18178130939247972,10,0.7333333333333334,0.45,0.8166666666666667,1.0,0.65,0.018468952178955077,0.0011792659759521484
,0.0464159,0.1,50,0.69,0.23276120333461453,93,0.5333333333333333,0.3666666666666667,0.9,1.0,0.65,0.018662500381469726,0.0011831283569335937
,0.0464159,0.3,5,0.6833333333333333,0.08498365855987976,101,0.65,0.5666666666666667,0.8166666666666667,0.7333333333333334,0.65,0.019330978393554688,0.001183938980102539
,0.0464159,0.3,10,0.6466666666666667,0.19043809142780932,278,0.55,0.55,0.8166666666666667,0.9166666666666667,0.4,0.019042110443115233,0.0011672496795654297
,0.0464159,0.3,20,0.6566666666666666,0.23228335186912463,232,0.6333333333333333,0.5333333333333333,0.9,0.9166666666666667,0.3,0.01903524398803711,0.0011929035186767577
,0.0464159,0.3,50,0.6733333333333335,0.16619934483090543,153,0.6166666666666667,0.55,0.9,0.8333333333333333,0.4666666666666667,0.01891164779663086,0.0011738300323486327
,0.0464159,0.5,5,0.44666666666666666,0.09510228411791405,719,0.5166666666666667,0.4666666666666667,0.3,0.3833333333333333,0.5666666666666667,0.012107229232788086,0.0011749744415283203
,0.0464159,0.5,10,0.6566666666666666,0.15297058540778355,232,0.6166666666666667,0.8333333333333333,0.7166666666666667,0.7333333333333334,0.3833333333333333,0.011928892135620118,0.0011585235595703125
,0.0464159,0.5,20,0.55,0.07958224257542215,510,0.6166666666666667,0.65,0.45,0.5666666666666667,0.4666666666666667,0.012132596969604493,0.0011754512786865234
,0.0464159,0.5,50,0.5466666666666666,0.05517648452415614,513,0.5166666666666667,0.5666666666666667,0.6333333333333333,0.55,0.4666666666666667,0.011874055862426758,0.001179981231689453
,0.0464159,0.7,5,0.45,0.09249624617007741,687,0.5166666666666667,0.5333333333333333,0.3,0.3833333333333333,0.5166666666666667,0.0035044193267822266,0.001209592819213867
,0.0464159,0.7,10,0.6333333333333333,0.1140175425099138,339,0.4166666666666667,0.6333333333333333,0.7166666666666667,0.7333333333333334,0.6666666666666666,0.0034984588623046876,0.0011929035186767577
,0.0464159,0.7,20,0.5066666666666666,0.08069145624606802,560,0.4166666666666667,0.4666666666666667,0.45,0.5666666666666667,0.6333333333333333,0.003449153900146484,0.0011959552764892578
,0.0464159,0.7,50,0.43666666666666665,0.13308309851784755,736,0.3333333333333333,0.3833333333333333,0.6333333333333333,0.55,0.2833333333333333,0.003621673583984375,0.0012343883514404296
,0.0464159,0.9,5,0.45,0.09249624617007741,687,0.5166666666666667,0.5333333333333333,0.3,0.3833333333333333,0.5166666666666667,0.0032273292541503905,0.0011830329895019531
,0.0464159,0.9,10,0.6333333333333333,0.1140175425099138,339,0.4166666666666667,0.6333333333333333,0.7166666666666667,0.7333333333333334,0.6666666666666666,0.003107166290283203,0.001163148880004883
,0.0464159,0.9,20,0.5066666666666666,0.08069145624606802,560,0.4166666666666667,0.4666666666666667,0.45,0.5666666666666667,0.6333333333333333,0.0031264781951904296,0.0011560916900634766
,0.0464159,0.9,50,0.43666666666666665,0.13308309851784755,736,0.3333333333333333,0.3833333333333333,0.6333333333333333,0.55,0.2833333333333333,0.0031314373016357424,0.0011685848236083984
,0.16681,0.1,5,0.5866666666666667,0.13474255287605158,448,0.45,0.43333333333333335,0.7333333333333334,0.75,0.5666666666666667,0.04425859451293945,0.0011822700500488282
,0.16681,0.1,10,0.6866666666666666,0.13182479955523457,98,0.75,0.45,0.8333333333333333,0.75,0.65,0.04350957870483398,0.0011897087097167969
,0.16681,0.1,20,0.6433333333333333,0.1956754682858556,288,0.45,0.45,0.8333333333333333,0.9166666666666667,0.5666666666666667,0.04361915588378906,0.0011841297149658204
,0.16681,0.1,50,0.6533333333333334,0.24253293018108332,249,0.5333333333333333,0.26666666666666666,0.9,0.9166666666666667,0.65,0.044054079055786136,0.0011942386627197266
,0.16681,0.3,5,0.65,0.1643167672515498,267,0.65,0.45,0.8333333333333333,0.8333333333333333,0.48333333333333334,0.04730634689331055,0.0012016773223876953
,0.16681,0.3,10,0.7300000000000001,0.13224556283251584,6,0.65,0.5333333333333333,0.9166666666666667,0.8166666666666667,0.7333333333333334,0.047049760818481445,0.0011894702911376953
,0.16681,0.3,20,0.6933333333333334,0.1902045682358281,66,0.6166666666666667,0.45,0.9166666666666667,0.9166666666666667,0.5666666666666667,0.04656791687011719,0.0011777400970458985
,0.16681,0.3,50,0.6933333333333332,0.11479450238481707,76,0.5333333333333333,0.6333333333333333,0.8166666666666667,0.8333333333333333,0.65,0.04644174575805664,0.001184558868408203
,0.16681,0.5,5,0.6900000000000001,0.13190905958272917,83,0.65,0.65,0.8333333333333333,0.8333333333333333,0.48333333333333334,0.054598426818847655,0.0012574195861816406
,0.16681,0.5,10,0.6966666666666667,0.16,57,0.65,0.45,0.8166666666666667,0.9166666666666667,0.65,0.05210733413696289,0.001177501678466797
,0.16681,0.5,20,0.6566666666666666,0.21514852750806568,232,0.5333333333333333,0.45,0.8166666666666667,1.0,0.48333333333333334,0.05212407112121582,0.0011726856231689454
,0.16681,0.5,50,0.6933333333333331,0.12409673645990855,81,0.5333333333333333,0.7166666666666667,0.8166666666666667,0.8333333333333333,0.5666666666666667,0.05247454643249512,0.0011795520782470702
,0.16681,0.7,5,0.6633333333333333,0.14696938456699063,204,0.6333333333333333,0.5333333333333333,0.8333333333333333,0.8333333333333333,0.48333333333333334,0.050068330764770505,0.0011681079864501952
,0.16681,0.7,10,0.6766666666666666,0.14007934259633792,142,0.6333333333333333,0.45,0.8166666666666667,0.8333333333333333,0.65,0.05012192726135254,0.0011749267578125
,0.16681,0.7,20,0.6900000000000001,0.18336363385966759,83,0.6166666666666667,0.5333333333333333,0.9,0.9166666666666667,0.48333333333333334,0.05023031234741211,0.0011793613433837891
,0.16681,0.7,50,0.6599999999999999,0.1854723699099141,223,0.5333333333333333,0.6333333333333333,0.9,0.8333333333333333,0.4,0.0510200023651123,0.0011818408966064453
,0.16681,0.9,5,0.6699999999999999,0.14157840387730197,189,0.6333333333333333,0.5666666666666667,0.8333333333333333,0.8333333333333333,0.48333333333333334,0.04474306106567383,0.0011879920959472657
,0.16681,0.9,10,0.6599999999999999,0.1681930108205715,223,0.7333333333333334,0.45,0.8166666666666667,0.8333333333333333,0.4666666666666667,0.04507489204406738,0.0011666297912597656
,0.16681,0.9,20,0.6033333333333333,0.20558858593479035,423,0.5333333333333333,0.5333333333333333,0.9,0.75,0.3,0.04588723182678223,0.0012502193450927735
,0.16681,0.9,50,0.6566666666666666,0.15477582354991867,232,0.5333333333333333,0.6333333333333333,0.9,0.75,0.4666666666666667,0.04547295570373535,0.001188373565673828
,0.599484,0.1,5,0.5833333333333334,0.0816496580927726,460,0.6333333333333333,0.43333333333333335,0.6166666666666667,0.6666666666666666,0.5666666666666667,0.108668851852417,0.0012578964233398438
,0.599484,0.1,10,0.66,0.11860297916438131,215,0.7333333333333334,0.43333333333333335,0.7333333333333334,0.75,0.65,0.1050832748413086,0.0012218475341796875
,0.599484,0.1,20,0.6633333333333333,0.20038851153585518,204,0.5666666666666667,0.35,0.8333333333333333,0.9166666666666667,0.65,0.10499906539916992,0.0012180328369140625
,0.599484,0.1,50,0.67,0.18720161442798627,185,0.45,0.45,0.9,0.8166666666666667,0.7333333333333334,0.10539841651916504,0.0012141227722167968
,0.599484,0.3,5,0.57,0.11469767022723502,484,0.4666666666666667,0.43333333333333335,0.6333333333333333,0.75,0.5666666666666667,0.12330670356750488,0.0012252330780029297
,0.599484,0.3,10,0.6466666666666667,0.1375984496036686,278,0.7333333333333334,0.43333333333333335,0.8333333333333333,0.6666666666666666,0.5666666666666667,0.12223296165466309,0.0012048244476318359
,0.599484,0.3,20,0.6233333333333333,0.2182251640444388,367,0.45,0.35,0.8333333333333333,0.9166666666666667,0.5666666666666667,0.12201385498046875,0.0012195110321044922
,0.599484,0.3,50,0.67,0.2621280433511667,185,0.5333333333333333,0.26666666666666666,0.9,1.0,0.65,0.12404603958129883,0.0012183666229248046
,0.599484,0.5,5,0.6433333333333333,0.16179548132682126,288,0.55,0.43333333333333335,0.8333333333333333,0.8333333333333333,0.5666666666666667,0.1371763229370117,0.0012110233306884765
,0.599484,0.5,10,0.7100000000000001,0.1740370330960882,31,0.5333333333333333,0.5333333333333333,0.9166666666666667,0.9166666666666667,0.65,0.13735861778259278,0.0012257099151611328
,0.599484,0.5,20,0.6533333333333334,0.18390818965511632,249,0.6166666666666667,0.35,0.7333333333333334,0.9166666666666667,0.65,0.1371828556060791,0.0012121200561523438
,0.599484,0.5,50,0.6566666666666666,0.18030837781731363,232,0.43333333333333335,0.55,0.8166666666666667,0.9166666666666667,0.5666666666666667,0.13774237632751465,0.0012298583984375
,0.599484,0.7,5,0.5766666666666665,0.12978614889287857,477,0.5333333333333333,0.3666666666666667,0.6666666666666666,0.75,0.5666666666666667,0.16509661674499512,0.001219940185546875
,0.599484,0.7,10,0.69,0.12762793146051102,93,0.6333333333333333,0.5333333333333333,0.7166666666666667,0.9166666666666667,0.65,0.16424245834350587,0.0012198448181152343
,0.599484,0.7,20,0.6233333333333333,0.19049642749639403,367,0.55,0.35,0.7333333333333334,0.9166666666666667,0.5666666666666667,0.16434688568115235,0.0012168407440185547
,0.599484,0.7,50,0.59,0.16006942938057292,445,0.35,0.6333333333333333,0.8166666666666667,0.6666666666666666,0.48333333333333334,0.16391410827636718,0.001228475570678711
,0.599484,0.9,5,0.6133333333333333,0.17042430708218953,395,0.6333333333333333,0.3666666666666667,0.8333333333333333,0.75,0.48333333333333334,0.1561535358428955,0.0012076377868652343
,0.599484,0.9,10,0.7100000000000001,0.1851725921644154,31,0.6333333333333333,0.43333333333333335,0.9166666666666667,0.9166666666666667,0.65,0.15784044265747071,0.001332712173461914
,0.599484,0.9,20,0.6899999999999998,0.1522424966222565,97,0.6333333333333333,0.5166666666666667,0.9166666666666667,0.8166666666666667,0.5666666666666667,0.15867266654968262,0.0012143611907958984
,0.599484,0.9,50,0.6366666666666667,0.16812693617224653,323,0.43333333333333335,0.6333333333333333,0.8166666666666667,0.8333333333333333,0.4666666666666667,0.1569059371948242,0.001205587387084961
,2.15443,0.1,5,0.6066666666666667,0.08793937305515277,398,0.6333333333333333,0.43333333333333335,0.6333333333333333,0.6666666666666666,0.6666666666666666,0.2080387592315674,0.001233673095703125
,2.15443,0.1,10,0.6066666666666667,0.1688523352255192,398,0.7333333333333334,0.3333333333333333,0.7333333333333334,0.75,0.48333333333333334,0.20911188125610353,0.0012298107147216796
,2.15443,0.1,20,0.68,0.12666666666666668,114,0.65,0.45,0.7333333333333334,0.75,0.8166666666666667,0.21068158149719238,0.001230335235595703
,2.15443,0.1,50,0.6166666666666666,0.22035325174717882,393,0.35,0.35,0.8166666666666667,0.8333333333333333,0.7333333333333334,0.20850472450256347,0.0012355327606201171
,2.15443,0.3,5,0.5599999999999999,0.08472176684759221,503,0.5333333333333333,0.4166666666666667,0.6166666666666667,0.6666666666666666,0.5666666666666667,0.25713191032409666,0.001232481002807617
,2.15443,0.3,10,0.7,0.14944341180973258,43,0.8333333333333333,0.43333333333333335,0.8333333333333333,0.75,0.65,0.25927090644836426,0.0012639999389648438
,2.15443,0.3,20,0.6633333333333333,0.20038851153585518,204,0.5666666666666667,0.35,0.9166666666666667,0.8333333333333333,0.65,0.2619935989379883,0.0012722015380859375
,2.15443,0.3,50,0.6366666666666667,0.2416149369922683,323,0.45,0.26666666666666666,0.8166666666666667,0.9166666666666667,0.7333333333333334,0.2616710186004639,0.0012758255004882812
,2.15443,0.5,5,0.5666666666666667,0.1130388330520878,487,0.4666666666666667,0.43333333333333335,0.6166666666666667,0.75,0.5666666666666667,0.28583903312683107,0.0012701034545898437
,2.15443,0.5,10,0.53,0.14583095236151572,523,0.45,0.3333333333333333,0.6333333333333333,0.75,0.48333333333333334,0.28470606803894044,0.0012632369995117187
,2.15443,0.5,20,0.64,0.23607908279501033,312,0.45,0.35,0.9166666666666667,0.9166666666666667,0.5666666666666667,0.28471899032592773,0.0012389659881591798
,2.15443,0.5,50,0.6166666666666667,0.23967570682996733,386,0.43333333333333335,0.26666666666666666,0.8166666666666667,0.9166666666666667,0.65,0.2848811149597168,0.0012464523315429688
,2.15443,0.7,5,0.5299999999999999,0.12036980056845192,529,0.6333333333333333,0.43333333333333335,0.35,0.6666666666666666,0.5666666666666667,0.3474435806274414,0.0012606143951416015
,2.15443,0.7,10,0.5966666666666667,0.1886796226411321,437,0.5333333333333333,0.3333333333333333,0.6333333333333333,0.9166666666666667,0.5666666666666667,0.34957046508789064,0.0012814521789550782
,2.15443,0.7,20,0.6033333333333333,0.26042699979499484,423,0.35,0.35,0.9166666666666667,0.9166666666666667,0.48333333333333334,0.34615564346313477,0.001287078857421875
,2.15443,0.7,50,0.6199999999999999,0.21380156947766102,381,0.43333333333333335,0.3666666666666667,0.8166666666666667,0.9166666666666667,0.5666666666666667,0.34619889259338377,0.0012484550476074218
,2.15443,0.9,5,0.5666666666666667,0.10274023338281628,487,0.5333333333333333,0.43333333333333335,0.55,0.75,0.5666666666666667,0.4107047080993652,0.0012692928314208985
,2.15443,0.9,10,0.6333333333333334,0.2089657069154331,335,0.5333333333333333,0.3333333333333333,0.8166666666666667,0.9166666666666667,0.5666666666666667,0.4078821659088135,0.0012510299682617187
,2.15443,0.9,20,0.6033333333333333,0.19927646903513502,423,0.5333333333333333,0.35,0.7333333333333334,0.9166666666666667,0.48333333333333334,0.40688633918762207,0.0012589454650878905
,2.15443,0.9,50,0.6566666666666666,0.18030837781731363,232,0.43333333333333335,0.55,0.8166666666666667,0.9166666666666667,0.5666666666666667,0.40816659927368165,0.0012518405914306641
,7.74264,0.1,5,0.6066666666666667,0.10198039027185571,398,0.7333333333333334,0.43333333333333335,0.6333333333333333,0.6666666666666666,0.5666666666666667,0.24820704460144044,0.0012189865112304688
,7.74264,0.1,10,0.63,0.168457050246577,357,0.55,0.35,0.8333333333333333,0.75,0.6666666666666666,0.24763169288635253,0.0012146949768066407
,7.74264,0.1,20,0.6633333333333333,0.184511366707974,204,0.65,0.35,0.9166666666666667,0.75,0.65,0.24948363304138182,0.0012279510498046874
,7.74264,0.1,50,0.6733333333333335,0.23513589451397868,153,0.45,0.35,0.9166666666666667,0.9166666666666667,0.7333333333333334,0.24855051040649415,0.001228475570678711
,7.74264,0.3,5,0.5866666666666667,0.0832666399786453,448,0.6333333333333333,0.43333333333333335,0.6333333333333333,0.6666666666666666,0.5666666666666667,0.4144852638244629,0.0012509346008300782
,7.74264,0.3,10,0.5666666666666667,0.14414498873626436,487,0.6333333333333333,0.3333333333333333,0.6333333333333333,0.75,0.48333333333333334,0.4196058750152588,0.0012566566467285157
,7.74264,0.3,20,0.6266666666666667,0.16418147141366335,361,0.5666666666666667,0.35,0.7333333333333334,0.8333333333333333,0.65,0.41472835540771485,0.0012548446655273437
,7.74264,0.3,50,0.65,0.2532017201977726,267,0.35,0.35,0.9,0.9166666666666667,0.7333333333333334,0.41398372650146487,0.00127105712890625
,7.74264,0.5,5,0.5633333333333332,0.07916228058025278,497,0.5333333333333333,0.43333333333333335,0.6166666666666667,0.6666666666666666,0.5666666666666667,0.4804422855377197,0.001277017593383789
,7.74264,0.5,10,0.5833333333333334,0.097182531580755,460,0.5333333333333333,0.5166666666666667,0.6333333333333333,0.75,0.48333333333333334,0.4812894821166992,0.0012650489807128906
,7.74264,0.5,20,0.6399999999999999,0.18844392033470095,320,0.55,0.35,0.7333333333333334,0.9166666666666667,0.65,0.48180999755859377,0.0012645244598388672
,7.74264,0.5,50,0.6366666666666666,0.21354156504062624,332,0.45,0.35,0.8166666666666667,0.9166666666666667,0.65,0.4815711975097656,0.0012623786926269532
,7.74264,0.7,5,0.5599999999999999,0.08472176684759221,503,0.5333333333333333,0.4166666666666667,0.6166666666666667,0.6666666666666666,0.5666666666666667,0.5430403232574463,0.0012664318084716797
,7.74264,0.7,10,0.6066666666666667,0.12849556844930923,398,0.7333333333333334,0.43333333333333335,0.6333333333333333,0.75,0.48333333333333334,0.5461416244506836,0.001407766342163086
,7.74264,0.7,20,0.6033333333333333,0.2020450994758899,423,0.35,0.45,0.7333333333333334,0.9166666666666667,0.5666666666666667,0.5447848320007325,0.0012691497802734375
,7.74264,0.7,50,0.6166666666666667,0.23967570682996733,386,0.43333333333333335,0.26666666666666666,0.8166666666666667,0.9166666666666667,0.65,0.5374088287353516,0.0013117313385009766
,7.74264,0.9,5,0.5233333333333332,0.09165151389911678,536,0.5333333333333333,0.4166666666666667,0.43333333333333335,0.6666666666666666,0.5666666666666667,0.5529587745666504,0.0013303756713867188
,7.74264,0.9,10,0.5666666666666667,0.11785113019775792,487,0.45,0.43333333333333335,0.6333333333333333,0.75,0.5666666666666667,0.5557999610900879,0.0012803077697753906
,7.74264,0.9,20,0.5833333333333334,0.22035325174717882,460,0.35,0.35,0.7333333333333334,0.9166666666666667,0.5666666666666667,0.5544013023376465,0.0012865543365478515
,7.74264,0.9,50,0.6533333333333333,0.2355607965873967,252,0.43333333333333335,0.3666666666666667,0.8166666666666667,1.0,0.65,0.5557995319366456,0.0012680530548095704
,27.8256,0.1,5,0.5466666666666666,0.1717232916318834,513,0.65,0.43333333333333335,0.45,0.3666666666666667,0.8333333333333333,0.2687053680419922,0.001234722137451172
,27.8256,0.1,10,0.6066666666666667,0.10466878978738388,398,0.7333333333333334,0.43333333333333335,0.55,0.65,0.6666666666666666,0.2685226917266846,0.001224374771118164
,27.8256,0.1,20,0.66,0.1902045682358281,215,0.65,0.3333333333333333,0.9166666666666667,0.75,0.65,0.27355008125305175,0.001256418228149414
,27.8256,0.1,50,0.6533333333333333,0.21715329966536445,252,0.45,0.35,0.8166666666666667,0.9166666666666667,0.7333333333333334,0.2670919895172119,0.0012651443481445312
,27.8256,0.3,5,0.6066666666666667,0.10198039027185571,398,0.7333333333333334,0.43333333333333335,0.6333333333333333,0.6666666666666666,0.5666666666666667,0.36166949272155763,0.001285409927368164
,27.8256,0.3,10,0.5733333333333334,0.13482498944104457,479,0.55,0.35,0.55,0.75,0.6666666666666666,0.3665483474731445,0.0012740135192871095
,27.8256,0.3,20,0.7,0.1520233900132184,43,0.65,0.45,0.9166666666666667,0.75,0.7333333333333334,0.36687211990356444,0.001259613037109375
,27.8256,0.3,50,0.6533333333333333,0.21715329966536445,252,0.45,0.35,0.8166666666666667,0.9166666666666667,0.7333333333333334,0.3651240825653076,0.001254701614379883
,27.8256,0.5,5,0.6066666666666667,0.10198039027185571,398,0.7333333333333334,0.43333333333333335,0.6333333333333333,0.6666666666666666,0.5666666666666667,0.49293150901794436,0.0013324260711669923
,27.8256,0.5,10,0.6,0.0983192080250175,434,0.6333333333333333,0.5,0.6333333333333333,0.75,0.48333333333333334,0.49176592826843263,0.0012922286987304688
,27.8256,0.5,20,0.6299999999999999,0.1664665465224503,359,0.65,0.35,0.8333333333333333,0.75,0.5666666666666667,0.4984426021575928,0.0012763500213623046
,27.8256,0.5,50,0.65,0.2532017201977726,267,0.35,0.35,0.9,0.9166666666666667,0.7333333333333334,0.49054532051086425,0.0012708663940429687
,27.8256,0.7,5,0.5866666666666667,0.0832666399786453,448,0.6333333333333333,0.43333333333333335,0.6333333333333333,0.6666666666666666,0.5666666666666667,0.5812690258026123,0.0012711524963378907
,27.8256,0.7,10,0.5833333333333334,0.11879019787470307,460,0.6333333333333333,0.4166666666666667,0.6333333333333333,0.75,0.48333333333333334,0.5793585777282715,0.0012725830078125
,27.8256,0.7,20,0.6466666666666666,0.18116904322268254,284,0.5666666666666667,0.35,0.8333333333333333,0.8333333333333333,0.65,0.5868052482604981,0.0012828350067138673
,27.8256,0.7,50,0.6700000000000002,0.23175657727691595,180,0.35,0.45,0.9,0.9166666666666667,0.7333333333333334,0.5809788703918457,0.001286935806274414
,27.8256,0.9,5,0.5833333333333334,0.0816496580927726,460,0.6333333333333333,0.43333333333333335,0.6166666666666667,0.6666666666666666,0.5666666666666667,0.6150468826293946,0.001260662078857422
,27.8256,0.9,10,0.5800000000000001,0.1175679472569893,474,0.6333333333333333,0.4166666666666667,0.6166666666666667,0.75,0.48333333333333334,0.6098004817962647,0.0012747764587402344
,27.8256,0.9,20,0.6433333333333333,0.18275666882497066,288,0.55,0.35,0.8333333333333333,0.8333333333333333,0.65,0.6092121124267578,0.0013737201690673829
,27.8256,0.9,50,0.6333333333333333,0.24988886418655085,339,0.35,0.35,0.9,0.9166666666666667,0.65,0.6115305900573731,0.0012889862060546874
,100.0,0.1,5,0.5466666666666666,0.1717232916318834,513,0.65,0.43333333333333335,0.45,0.3666666666666667,0.8333333333333333,0.31286044120788575,0.0012192726135253906
,100.0,0.1,10,0.6066666666666667,0.10466878978738388,398,0.7333333333333334,0.43333333333333335,0.55,0.65,0.6666666666666666,0.31316285133361815,0.0012059688568115234
,100.0,0.1,20,0.66,0.1902045682358281,215,0.65,0.3333333333333333,0.9166666666666667,0.75,0.65,0.31522607803344727,0.0012273311614990235
,100.0,0.1,50,0.6533333333333333,0.21715329966536445,252,0.45,0.35,0.8166666666666667,0.9166666666666667,0.7333333333333334,0.3138761043548584,0.001236867904663086
,100.0,0.3,5,0.5466666666666666,0.1717232916318834,513,0.65,0.43333333333333335,0.45,0.3666666666666667,0.8333333333333333,0.32144842147827146,0.0012401580810546876
,100.0,0.3,10,0.6066666666666667,0.10466878978738388,398,0.7333333333333334,0.43333333333333335,0.55,0.65,0.6666666666666666,0.32242331504821775,0.0012479782104492187
,100.0,0.3,20,0.66,0.1902045682358281,215,0.65,0.3333333333333333,0.9166666666666667,0.75,0.65,0.3212674617767334,0.0012514114379882813
,100.0,0.3,50,0.6533333333333333,0.21715329966536445,252,0.45,0.35,0.8166666666666667,0.9166666666666667,0.7333333333333334,0.32569093704223634,0.0012436389923095703
,100.0,0.5,5,0.5466666666666666,0.1717232916318834,513,0.65,0.43333333333333335,0.45,0.3666666666666667,0.8333333333333333,0.3486231803894043,0.0012438297271728516
,100.0,0.5,10,0.5733333333333334,0.16418147141366335,479,0.7333333333333334,0.26666666666666666,0.55,0.65,0.6666666666666666,0.3487891674041748,0.001249980926513672
,100.0,0.5,20,0.66,0.1902045682358281,215,0.65,0.3333333333333333,0.9166666666666667,0.75,0.65,0.3487525939941406,0.0012370109558105468
,100.0,0.5,50,0.6366666666666667,0.2416149369922683,323,0.45,0.26666666666666666,0.8166666666666667,0.9166666666666667,0.7333333333333334,0.3506911754608154,0.0012398242950439453
,100.0,0.7,5,0.49333333333333335,0.10143416036468625,598,0.65,0.43333333333333335,0.45,0.3666666666666667,0.5666666666666667,0.3827977657318115,0.001270294189453125
,100.0,0.7,10,0.6266666666666667,0.16619934483090545,361,0.7333333333333334,0.35,0.55,0.8333333333333333,0.6666666666666666,0.37973456382751464,0.0012596607208251952
,100.0,0.7,20,0.6666666666666667,0.17888543819998315,194,0.65,0.3666666666666667,0.9166666666666667,0.75,0.65,0.38420734405517576,0.0012518405914306641
,100.0,0.7,50,0.6700000000000002,0.23175657727691595,180,0.45,0.35,0.9,0.9166666666666667,0.7333333333333334,0.37915525436401365,0.0012277126312255859
,100.0,0.9,5,0.51,0.12892719737209146,556,0.7333333333333334,0.43333333333333335,0.45,0.3666666666666667,0.5666666666666667,0.4202408313751221,0.0012393474578857421
,100.0,0.9,10,0.5733333333333334,0.13482498944104457,479,0.55,0.35,0.55,0.75,0.6666666666666666,0.4254299640655518,0.001313018798828125
,100.0,0.9,20,0.68,0.18630918149976164,114,0.65,0.35,0.9166666666666667,0.75,0.7333333333333334,0.4238532066345215,0.001232004165649414
,100.0,0.9,50,0.6700000000000002,0.23175657727691595,180,0.45,0.35,0.9,0.9166666666666667,0.7333333333333334,0.41973443031311036,0.0012568950653076172
0.1,0.001,0.1,5,0.4133333333333334,0.11990737165736633,769,0.43333333333333335,0.5333333333333333,0.2,0.3833333333333333,0.5166666666666667,0.0028371810913085938,0.001214456558227539
0.1,0.001,0.1,10,0.5166666666666667,0.11401754250991379,537,0.4166666666666667,0.6333333333333333,0.3833333333333333,0.48333333333333334,0.6666666666666666,0.0027859687805175783,0.0011708259582519532
0.1,0.001,0.1,20,0.45666666666666667,0.14892205269125783,670,0.4166666666666667,0.4666666666666667,0.2,0.5666666666666667,0.6333333333333333,0.002807950973510742,0.0011758804321289062
0.1,0.001,0.1,50,0.41999999999999993,0.12265579661982733,753,0.3333333333333333,0.3833333333333333,0.6333333333333333,0.4666666666666667,0.2833333333333333,0.002852010726928711,0.001190042495727539
0.1,0.001,0.3,5,0.4133333333333334,0.11990737165736633,769,0.43333333333333335,0.5333333333333333,0.2,0.3833333333333333,0.5166666666666667,0.0027690887451171874,0.001162576675415039
0.1,0.001,0.3,10,0.5166666666666667,0.11401754250991379,537,0.4166666666666667,0.6333333333333333,0.3833333333333333,0.48333333333333334,0.6666666666666666,0.002761220932006836,0.0011800289154052734
0.1,0.001,0.3,20,0.45666666666666667,0.14892205269125783,670,0.4166666666666667,0.4666666666666667,0.2,0.5666666666666667,0.6333333333333333,0.0027783870697021484,0.0011635780334472655
0.1,0.001,0.3,50,0.41999999999999993,0.12265579661982733,753,0.3333333333333333,0.3833333333333333,0.6333333333333333,0.4666666666666667,0.2833333333333333,0.002937173843383789,0.0012590408325195313
0.1,0.001,0.5,5,0.4133333333333334,0.11990737165736633,769,0.43333333333333335,0.5333333333333333,0.2,0.3833333333333333,0.5166666666666667,0.0027591705322265623,0.0011881351470947265
0.1,0.001,0.5,10,0.5166666666666667,0.11401754250991379,537,0.4166666666666667,0.6333333333333333,0.3833333333333333,0.48333333333333334,0.6666666666666666,0.0028034210205078124,0.0011906623840332031
0.1,0.001,0.5,20,0.45666666666666667,0.14892205269125783,670,0.4166666666666667,0.4666666666666667,0.2,0.5666666666666667,0.6333333333333333,0.002753591537475586,0.0011697769165039062
0.1,0.001,0.5,50,0.41999999999999993,0.12265579661982733,753,0.3333333333333333,0.3833333333333333,0.6333333333333333,0.4666666666666667,0.2833333333333333,0.0027824878692626954,0.0011830329895019531
0.1,0.001,0.7,5,0.4133333333333334,0.11990737165736633,769,0.43333333333333335,0.5333333333333333,0.2,0.3833333333333333,0.5166666666666667,0.0028267860412597655,0.0012014389038085937
0.1,0.001,0.7,10,0.5166666666666667,0.11401754250991379,537,0.4166666666666667,0.6333333333333333,0.3833333333333333,0.48333333333333334,0.6666666666666666,0.0027539730072021484,0.0011739253997802735
0.1,0.001,0.7,20,0.45666666666666667,0.14892205269125783,670,0.4166666666666667,0.4666666666666667,0.2,0.5666666666666667,0.6333333333333333,0.0030675411224365236,0.0013050556182861329
0.1,0.001,0.7,50,0.41999999999999993,0.12265579661982733,753,0.3333333333333333,0.3833333333333333,0.6333333333333333,0.4666666666666667,0.2833333333333333,0.002800178527832031,0.0012051582336425782
0.1,0.001,0.9,5,0.4133333333333334,0.11990737165736633,769,0.43333333333333335,0.5333333333333333,0.2,0.3833333333333333,0.5166666666666667,0.0027559757232666015,0.0011595726013183595
0.1,0.001,0.9,10,0.5166666666666667,0.11401754250991379,537,0.4166666666666667,0.6333333333333333,0.3833333333333333,0.48333333333333334,0.6666666666666666,0.00280146598815918,0.0011729717254638672
0.1,0.001,0.9,20,0.45666666666666667,0.14892205269125783,670,0.4166666666666667,0.4666666666666667,0.2,0.5666666666666667,0.6333333333333333,0.0028983592987060548,0.0012346744537353516
0.1,0.001,0.9,50,0.41999999999999993,0.12265579661982733,753,0.3333333333333333,0.3833333333333333,0.6333333333333333,0.4666666666666667,0.2833333333333333,0.002760791778564453,0.001157093048095703
0.1,0.00359381,0.1,5,0.4133333333333334,0.11990737165736633,769,0.43333333333333335,0.5333333333333333,0.2,0.3833333333333333,0.5166666666666667,0.0027271270751953124,0.0011631011962890624
0.1,0.00359381,0.1,10,0.5166666666666667,0.11401754250991379,537,0.4166666666666667,0.6333333333333333,0.3833333333333333,0.48333333333333334,0.6666666666666666,0.0028476715087890625,0.001186037063598633
0.1,0.00359381,0.1,20,0.45666666666666667,0.14892205269125783,670,0.4166666666666667,0.4666666666666667,0.2,0.5666666666666667,0.6333333333333333,0.002790355682373047,0.001183462142944336
0.1,0.00359381,0.1,50,0.41999999999999993,0.12265579661982733,753,0.3333333333333333,0.3833333333333333,0.6333333333333333,0.4666666666666667,0.2833333333333333,0.0027629375457763673,0.0011628150939941406
0.1,0.00359381,0.3,5,0.4133333333333334,0.11990737165736633,769,0.43333333333333335,0.5333333333333333,0.2,0.3833333333333333,0.5166666666666667,0.0027274131774902345,0.001169443130493164
0.1,0.00359381,0.3,10,0.5166666666666667,0.11401754250991379,537,0.4166666666666667,0.6333333333333333,0.3833333333333333,0.48333333333333334,0.6666666666666666,0.002752828598022461,0.0011754512786865234
0.1,0.00359381,0.3,20,0.45666666666666667,0.14892205269125783,670,0.4166666666666667,0.4666666666666667,0.2,0.5666666666666667,0.6333333333333333,0.00281672477722168,0.001183795928955078
0.1,0.00359381,0.3,50,0.41999999999999993,0.12265579661982733,753,0.3333333333333333,0.3833333333333333,0.6333333333333333,0.4666666666666667,0.2833333333333333,0.0027695178985595705,0.001174783706665039
0.1,0.00359381,0.5,5,0.4133333333333334,0.11990737165736633,769,0.43333333333333335,0.5333333333333333,0.2,0.3833333333333333,0.5166666666666667,0.0027269840240478514,0.0011750221252441405
0.1,0.00359381,0.5,10,0.5166666666666667,0.11401754250991379,537,0.4166666666666667,0.6333333333333333,0.3833333333333333,0.48333333333333334,0.6666666666666666,0.0028734683990478517,0.0012505531311035156
0.1,0.00359381,0.5,20,0.45666666666666667,0.14892205269125783,670,0.4166666666666667,0.4666666666666667,0.2,0.5666666666666667,0.6333333333333333,0.0028435707092285155,0.001253032684326172
0.1,0.00359381,0.5,50,0.41999999999999993,0.12265579661982733,753,0.3333333333333333,0.3833333333333333,0.6333333333333333,0.4666666666666667,0.2833333333333333,0.002794504165649414,0.0011973857879638671
0.1,0.00359381,0.7,5,0.4133333333333334,0.11990737165736633,769,0.43333333333333335,0.5333333333333333,0.2,0.3833333333333333,0.5166666666666667,0.002759838104248047,0.001166534423828125
0.1,0.00359381,0.7,10,0.5166666666666667,0.11401754250991379,537,0.4166666666666667,0.6333333333333333,0.3833333333333333,0.48333333333333334,0.6666666666666666,0.002739715576171875,0.0011662960052490235
0.1,0.00359381,0.7,20,0.45666666666666667,0.14892205269125783,670,0.4166666666666667,0.4666666666666667,0.2,0.5666666666666667,0.6333333333333333,0.002792167663574219,0.0011680126190185547
0.1,0.00359381,0.7,50,0.41999999999999993,0.12265579661982733,753,0.3333333333333333,0.3833333333333333,0.6333333333333333,0.4666666666666667,0.2833333333333333,0.0027881622314453124,0.0011707305908203124
0.1,0.00359381,0.9,5,0.4133333333333334,0.11990737165736633,769,0.43333333333333335,0.5333333333333333,0.2,0.3833333333333333,0.5166666666666667,0.0027414798736572266,0.0011612892150878907
0.1,0.00359381,0.9,10,0.5166666666666667,0.11401754250991379,537,0.4166666666666667,0.6333333333333333,0.3833333333333333,0.48333333333333334,0.6666666666666666,0.0027269840240478514,0.0011699676513671875
0.1,0.00359381,0.9,20,0.45666666666666667,0.14892205269125783,670,0.4166666666666667,0.4666666666666667,0.2,0.5666666666666667,0.6333333333333333,0.002769804000854492,0.0011719226837158202
0.1,0.00359381,0.9,50,0.41999999999999993,0.12265579661982733,753,0.3333333333333333,0.3833333333333333,0.6333333333333333,0.4666666666666667,0.2833333333333333,0.0028123855590820312,0.0011798858642578125
0.1,0.0129155,0.1,5,0.6433333333333333,0.05436502143433365,288,0.65,0.5666666666666667,0.6166666666666667,0.7333333333333334,0.65,0.010032320022583007,0.0011860847473144532
0.1,0.0129155,0.1,10,0.5900000000000001,0.12138094304022082,442,0.55,0.4666666666666667,0.7166666666666667,0.75,0.4666666666666667,0.010098075866699219,0.0011869430541992187
0.1,0.0129155,0.1,20,0.6833333333333333,0.15129074290546957,101,0.7333333333333334,0.5666666666666667,0.9,0.75,0.4666666666666667,0.009703636169433594,0.0011635303497314453
0.1,0.0129155,0.1,50,0.6966666666666667,0.14583095236151572,57,0.6166666666666667,0.75,0.9,0.75,0.4666666666666667,0.009773349761962891,0.0011816978454589843
0.1,0.0129155,0.3,5,0.4133333333333334,0.11990737165736633,769,0.43333333333333335,0.5333333333333333,0.2,0.3833333333333333,0.5166666666666667,0.0028141498565673827,0.0011687755584716796
0.1,0.0129155,0.3,10,0.5166666666666667,0.11401754250991379,537,0.4166666666666667,0.6333333333333333,0.3833333333333333,0.48333333333333334,0.6666666666666666,0.0029695987701416015,0.0012254714965820312
0.1,0.0129155,0.3,20,0.45666666666666667,0.14892205269125783,670,0.4166666666666667,0.4666666666666667,0.2,0.5666666666666667,0.6333333333333333,0.0028458118438720705,0.0011700630187988282
0.1,0.0129155,0.3,50,0.41999999999999993,0.12265579661982733,753,0.3333333333333333,0.3833333333333333,0.6333333333333333,0.4666666666666667,0.2833333333333333,0.0028791904449462892,0.0011767864227294922
0.1,0.0129155,0.5,5,0.4133333333333334,0.11990737165736633,769,0.43333333333333335,0.5333333333333333,0.2,0.3833333333333333,0.5166666666666667,0.002765369415283203,0.0011908054351806641
0.1,0.0129155,0.5,10,0.5166666666666667,0.11401754250991379,537,0.4166666666666667,0.6333333333333333,0.3833333333333333,0.48333333333333334,0.6666666666666666,0.0027564525604248046,0.0011713027954101563
0.1,0.0129155,0.5,20,0.45666666666666667,0.14892205269125783,670,0.4166666666666667,0.4666666666666667,0.2,0.5666666666666667,0.6333333333333333,0.0027647972106933593,0.0011732101440429688
0.1,0.0129155,0.5,50,0.41999999999999993,0.12265579661982733,753,0.3333333333333333,0.3833333333333333,0.6333333333333333,0.4666666666666667,0.2833333333333333,0.002791166305541992,0.0012302875518798828
0.1,0.0129155,0.7,5,0.4133333333333334,0.11990737165736633,769,0.43333333333333335,0.5333333333333333,0.2,0.3833333333333333,0.5166666666666667,0.0028560638427734377,0.0012278556823730469
0.1,0.0129155,0.7,10,0.5166666666666667,0.11401754250991379,537,0.4166666666666667,0.6333333333333333,0.3833333333333333,0.48333333333333334,0.6666666666666666,0.0028107166290283203,0.0011815547943115235
0.1,0.0129155,0.7,20,0.45666666666666667,0.14892205269125783,670,0.4166666666666667,0.4666666666666667,0.2,0.5666666666666667,0.6333333333333333,0.00277099609375,0.0011707305908203124
0.1,0.0129155,0.7,50,0.41999999999999993,0.12265579661982733,753,0.3333333333333333,0.3833333333333333,0.6333333333333333,0.4666666666666667,0.2833333333333333,0.0027749061584472655,0.0011754035949707031
0.1,0.0129155,0.9,5,0.4133333333333334,0.11990737165736633,769,0.43333333333333335,0.5333333333333333,0.2,0.3833333333333333,0.5166666666666667,0.002918100357055664,0.0012429714202880859
0.1,0.0129155,0.9,10,0.5166666666666667,0.11401754250991379,537,0.4166666666666667,0.6333333333333333,0.3833333333333333,0.48333333333333334,0.6666666666666666,0.0027473926544189452,0.001172351837158203
0.1,0.0129155,0.9,20,0.45666666666666667,0.14892205269125783,670,0.4166666666666667,0.4666666666666667,0.2,0.5666666666666667,0.6333333333333333,0.0027775287628173826,0.0011672019958496095
0.1,0.0129155,0.9,50,0.41999999999999993,0.12265579661982733,753,0.3333333333333333,0.3833333333333333,0.6333333333333333,0.4666666666666667,0.2833333333333333,0.0027295589447021485,0.001177978515625
0.1,0.0464159,0.1,5,0.6566666666666666,0.12498888839501782,232,0.65,0.5666666666666667,0.75,0.8333333333333333,0.48333333333333334,0.01871318817138672,0.001171445846557617
0.1,0.0464159,0.1,10,0.6833333333333333,0.1588150566609546,101,0.55,0.55,0.8333333333333333,0.9166666666666667,0.5666666666666667,0.018737125396728515,0.0011752128601074218
0.1,0.0464159,0.1,20,0.7133333333333334,0.18451136670797397,18,0.65,0.45,0.8166666666666667,1.0,0.65,0.01880192756652832,0.00118865966796875
0.1,0.0464159,0.1,50,0.6566666666666667,0.19624248039380038,229,0.5333333333333333,0.3666666666666667,0.8166666666666667,0.9166666666666667,0.65,0.018592214584350585,0.0011875629425048828
0.1,0.0464159,0.3,5,0.6833333333333333,0.08498365855987976,101,0.65,0.5666666666666667,0.8166666666666667,0.7333333333333334,0.65,0.019672107696533204,0.00119476318359375
0.1,0.0464159,0.3,10,0.6466666666666667,0.19043809142780932,278,0.55,0.55,0.8166666666666667,0.9166666666666667,0.4,0.019188976287841795,0.0011826038360595703
0.1,0.0464159,0.3,20,0.6566666666666666,0.23228335186912463,232,0.6333333333333333,0.5333333333333333,0.9,0.9166666666666667,0.3,0.01919412612915039,0.0012130260467529297
0.1,0.0464159,0.3,50,0.6900000000000001,0.1845715759987617,83,0.6166666666666667,0.55,0.9,0.9166666666666667,0.4666666666666667,0.01891489028930664,0.0011760234832763673
0.1,0.0464159,0.5,5,0.42666666666666664,0.12849556844930923,752,0.5166666666666667,0.4666666666666667,0.2,0.3833333333333333,0.5666666666666667,0.012080240249633788,0.0012064933776855468
0.1,0.0464159,0.5,10,0.5233333333333333,0.14204850501775013,534,0.6166666666666667,0.75,0.3833333333333333,0.48333333333333334,0.3833333333333333,0.012066459655761719,0.001168203353881836
0.1,0.0464159,0.5,20,0.5166666666666667,0.1770122406313567,537,0.7,0.65,0.2,0.5666666666666667,0.4666666666666667,0.011837387084960937,0.0011724472045898438
0.1,0.0464159,0.5,50,0.53,0.0635959467611297,523,0.5166666666666667,0.5666666666666667,0.6333333333333333,0.4666666666666667,0.4666666666666667,0.011971044540405273,0.0011823654174804687
0.1,0.0464159,0.7,5,0.4133333333333334,0.11990737165736633,769,0.43333333333333335,0.5333333333333333,0.2,0.3833333333333333,0.5166666666666667,0.0034122467041015625,0.0012209892272949218
0.1,0.0464159,0.7,10,0.5166666666666667,0.11401754250991379,537,0.4166666666666667,0.6333333333333333,0.3833333333333333,0.48333333333333334,0.6666666666666666,0.0034594058990478514,0.001215362548828125
0.1,0.0464159,0.7,20,0.45666666666666667,0.14892205269125783,670,0.4166666666666667,0.4666666666666667,0.2,0.5666666666666667,0.6333333333333333,0.0035463809967041016,0.00122222900390625
0.1,0.0464159,0.7,50,0.41999999999999993,0.12265579661982733,753,0.3333333333333333,0.3833333333333333,0.6333333333333333,0.4666666666666667,0.2833333333333333,0.003397226333618164,0.0011734485626220704
0.1,0.0464159,0.9,5,0.4133333333333334,0.11990737165736633,769,0.43333333333333335,0.5333333333333333,0.2,0.3833333333333333,0.5166666666666667,0.0031978130340576173,0.00117340087890625
0.1,0.0464159,0.9,10,0.5166666666666667,0.11401754250991379,537,0.4166666666666667,0.6333333333333333,0.3833333333333333,0.48333333333333334,0.6666666666666666,0.0031672000885009767,0.0011787891387939453
0.1,0.0464159,0.9,20,0.45666666666666667,0.14892205269125783,670,0.4166666666666667,0.4666666666666667,0.2,0.5666666666666667,0.6333333333333333,0.0031482696533203123,0.0011694908142089843
0.1,0.0464159,0.9,50,0.41999999999999993,0.12265579661982733,753,0.3333333333333333,0.3833333333333333,0.6333333333333333,0.4666666666666667,0.2833333333333333,0.0031301021575927735,0.0011689186096191407
0.1,0.16681,0.1,5,0.6066666666666667,0.11953614051360739,398,0.55,0.43333333333333335,0.7333333333333334,0.75,0.5666666666666667,0.04425292015075684,0.001192617416381836
0.1,0.16681,0.1,10,0.6666666666666667,0.1282358937444756,194,0.65,0.45,0.8333333333333333,0.75,0.65,0.04416766166687012,0.0011956214904785157
0.1,0.16681,0.1,20,0.6433333333333333,0.1956754682858556,288,0.45,0.45,0.8333333333333333,0.9166666666666667,0.5666666666666667,0.04411649703979492,0.0012148380279541015
0.1,0.16681,0.1,50,0.6366666666666666,0.22740077201080722,332,0.5333333333333333,0.26666666666666666,0.8166666666666667,0.9166666666666667,0.65,0.04363794326782226,0.0011855602264404298
0.1,0.16681,0.3,5,0.65,0.1643167672515498,267,0.65,0.45,0.8333333333333333,0.8333333333333333,0.48333333333333334,0.04714665412902832,0.0011858463287353516
0.1,0.16681,0.3,10,0.7300000000000001,0.13224556283251584,6,0.65,0.5333333333333333,0.9166666666666667,0.8166666666666667,0.7333333333333334,0.04699721336364746,0.001191568374633789
0.1,0.16681,0.3,20,0.6766666666666667,0.1996107322877316,138,0.5333333333333333,0.45,0.9166666666666667,0.9166666666666667,0.5666666666666667,0.04762077331542969,0.0012215614318847657
0.1,0.16681,0.3,50,0.6933333333333332,0.11479450238481707,76,0.5333333333333333,0.6333333333333333,0.8166666666666667,0.8333333333333333,0.65,0.04763784408569336,0.0011937141418457032
0.1,0.16681,0.5,5,0.6900000000000001,0.13190905958272917,83,0.65,0.65,0.8333333333333333,0.8333333333333333,0.48333333333333334,0.052482080459594724,0.0011932849884033203
0.1,0.16681,0.5,10,0.6966666666666667,0.16,57,0.65,0.45,0.8166666666666667,0.9166666666666667,0.65,0.05214357376098633,0.001193094253540039
0.1,0.16681,0.5,20,0.6566666666666666,0.21514852750806568,232,0.5333333333333333,0.45,0.8166666666666667,1.0,0.48333333333333334,0.05218420028686523,0.0012021064758300781
0.1,0.16681,0.5,50,0.6766666666666665,0.1688523352255192,149,0.45,0.6333333333333333,0.8166666666666667,0.9166666666666667,0.5666666666666667,0.05449423789978027,0.001256704330444336
0.1,0.16681,0.7,5,0.6466666666666667,0.16445195178058677,278,0.6333333333333333,0.45,0.8333333333333333,0.8333333333333333,0.48333333333333334,0.049391889572143556,0.0012032032012939454
0.1,0.16681,0.7,10,0.6766666666666666,0.14007934259633792,142,0.6333333333333333,0.45,0.8166666666666667,0.8333333333333333,0.65,0.049372196197509766,0.0012207984924316405
0.1,0.16681,0.7,20,0.6733333333333333,0.16653327995729064,171,0.6166666666666667,0.5333333333333333,0.8166666666666667,0.9166666666666667,0.48333333333333334,0.04968080520629883,0.0012151718139648438
0.1,0.16681,0.7,50,0.6599999999999999,0.1854723699099141,223,0.5333333333333333,0.6333333333333333,0.9,0.8333333333333333,0.4,0.049364900588989256,0.0012157917022705077
0.1,0.16681,0.9,5,0.6699999999999999,0.14157840387730197,189,0.6333333333333333,0.5666666666666667,0.8333333333333333,0.8333333333333333,0.48333333333333334,0.04423375129699707,0.0011939048767089845
0.1,0.16681,0.9,10,0.6799999999999999,0.14884742374510737,126,0.7333333333333334,0.45,0.8166666666666667,0.8333333333333333,0.5666666666666667,0.0443211555480957,0.001239633560180664
0.1,0.16681,0.9,20,0.6033333333333333,0.20558858593479035,423,0.5333333333333333,0.5333333333333333,0.9,0.75,0.3,0.04534754753112793,0.001201295852661133
0.1,0.16681,0.9,50,0.6566666666666666,0.15477582354991867,232,0.5333333333333333,0.6333333333333333,0.9,0.75,0.4666666666666667,0.04458746910095215,0.0012061595916748047
0.1,0.599484,0.1,5,0.5833333333333334,0.0816496580927726,460,0.6333333333333333,0.43333333333333335,0.6166666666666667,0.6666666666666666,0.5666666666666667,0.10615153312683105,0.0012251853942871094
0.1,0.599484,0.1,10,0.6399999999999999,0.11284207253207172,320,0.6333333333333333,0.43333333333333335,0.7333333333333334,0.75,0.65,0.10561861991882324,0.0012162208557128906
0.1,0.599484,0.1,20,0.6633333333333333,0.20038851153585518,204,0.5666666666666667,0.35,0.8333333333333333,0.9166666666666667,0.65,0.10421566963195801,0.0012174606323242187
0.1,0.599484,0.1,50,0.6900000000000001,0.20618222792256155,83,0.45,0.45,0.9,0.9166666666666667,0.7333333333333334,0.10508580207824707,0.001213836669921875
0.1,0.599484,0.3,5,0.57,0.11469767022723502,484,0.4666666666666667,0.43333333333333335,0.6333333333333333,0.75,0.5666666666666667,0.12142763137817383,0.0012121200561523438
0.1,0.599484,0.3,10,0.6433333333333333,0.13968217893171306,288,0.6333333333333333,0.43333333333333335,0.8333333333333333,0.75,0.5666666666666667,0.12372984886169433,0.00124359130859375
0.1,0.599484,0.3,20,0.6599999999999999,0.2007209228976613,223,0.6333333333333333,0.35,0.8333333333333333,0.9166666666666667,0.5666666666666667,0.12168612480163574,0.0012080669403076172
0.1,0.599484,0.3,50,0.6533333333333334,0.24253293018108332,249,0.5333333333333333,0.26666666666666666,0.9,0.9166666666666667,0.65,0.1228830337524414,0.0012683391571044922
0.1,0.599484,0.5,5,0.6433333333333333,0.16179548132682126,288,0.55,0.43333333333333335,0.8333333333333333,0.8333333333333333,0.5666666666666667,0.1373904228210449,0.0012176513671875
0.1,0.599484,0.5,10,0.7100000000000001,0.1740370330960882,31,0.5333333333333333,0.5333333333333333,0.9166666666666667,0.9166666666666667,0.65,0.13720350265502929,0.001215982437133789
0.1,0.599484,0.5,20,0.67,0.19390719429665318,185,0.6166666666666667,0.35,0.8166666666666667,0.9166666666666667,0.65,0.13805050849914552,0.0012352466583251953
0.1,0.599484,0.5,50,0.6366666666666667,0.19590247006553488,323,0.43333333333333335,0.45,0.8166666666666667,0.9166666666666667,0.5666666666666667,0.1396198272705078,0.0012334823608398438
0.1,0.599484,0.7,5,0.5766666666666665,0.12978614889287857,477,0.5333333333333333,0.3666666666666667,0.6666666666666666,0.75,0.5666666666666667,0.1667264938354492,0.0012302875518798828
0.1,0.599484,0.7,10,0.69,0.12762793146051102,93,0.6333333333333333,0.5333333333333333,0.7166666666666667,0.9166666666666667,0.65,0.16515202522277833,0.001229572296142578
0.1,0.599484,0.7,20,0.6233333333333333,0.19049642749639403,367,0.55,0.35,0.7333333333333334,0.9166666666666667,0.5666666666666667,0.16463055610656738,0.0012168407440185547
0.1,0.599484,0.7,50,0.6566666666666666,0.19793377119071368,232,0.35,0.6333333333333333,0.8166666666666667,0.9166666666666667,0.5666666666666667,0.1652087688446045,0.0012318611145019532
0.1,0.599484,0.9,5,0.6133333333333333,0.17042430708218953,395,0.6333333333333333,0.3666666666666667,0.8333333333333333,0.75,0.48333333333333334,0.158026123046875,0.0012158870697021485
0.1,0.599484,0.9,10,0.7100000000000001,0.1851725921644154,31,0.6333333333333333,0.43333333333333335,0.9166666666666667,0.9166666666666667,0.65,0.16043453216552733,0.0013114452362060548
0.1,0.599484,0.9,20,0.6533333333333333,0.14809906594348707,252,0.6333333333333333,0.43333333333333335,0.8166666666666667,0.8166666666666667,0.5666666666666667,0.16037745475769044,0.0012333393096923828
0.1,0.599484,0.9,50,0.6366666666666667,0.15577761927397227,323,0.5333333333333333,0.5333333333333333,0.8166666666666667,0.8333333333333333,0.4666666666666667,0.16114406585693358,0.0012228965759277343
0.1,2.15443,0.1,5,0.6066666666666667,0.08793937305515277,398,0.6333333333333333,0.43333333333333335,0.6333333333333333,0.6666666666666666,0.6666666666666666,0.20888795852661132,0.0012476444244384766
0.1,2.15443,0.1,10,0.6066666666666667,0.1688523352255192,398,0.7333333333333334,0.3333333333333333,0.7333333333333334,0.75,0.48333333333333334,0.20944662094116212,0.0012235164642333985
0.1,2.15443,0.1,20,0.7,0.1406334873981932,43,0.65,0.45,0.8333333333333333,0.75,0.8166666666666667,0.21006994247436522,0.0012251853942871094
0.1,2.15443,0.1,50,0.6533333333333333,0.21715329966536445,252,0.45,0.35,0.8166666666666667,0.9166666666666667,0.7333333333333334,0.21058287620544433,0.001238393783569336
0.1,2.15443,0.3,5,0.5599999999999999,0.08472176684759221,503,0.5333333333333333,0.4166666666666667,0.6166666666666667,0.6666666666666666,0.5666666666666667,0.25599122047424316,0.0012888431549072266
0.1,2.15443,0.3,10,0.7,0.14944341180973258,43,0.8333333333333333,0.43333333333333335,0.8333333333333333,0.75,0.65,0.2575825691223145,0.0012328624725341797
0.1,2.15443,0.3,20,0.6799999999999999,0.21664102412362565,126,0.5666666666666667,0.35,0.9166666666666667,0.9166666666666667,0.65,0.25584821701049804,0.0012331962585449218
0.1,2.15443,0.3,50,0.6366666666666667,0.2416149369922683,323,0.45,0.26666666666666666,0.8166666666666667,0.9166666666666667,0.7333333333333334,0.2572351932525635,0.001273345947265625
0.1,2.15443,0.5,5,0.5666666666666667,0.1130388330520878,487,0.4666666666666667,0.43333333333333335,0.6166666666666667,0.75,0.5666666666666667,0.28452463150024415,0.001256704330444336
0.1,2.15443,0.5,10,0.53,0.14583095236151572,523,0.45,0.3333333333333333,0.6333333333333333,0.75,0.48333333333333334,0.2841169834136963,0.0012540340423583985
0.1,2.15443,0.5,20,0.6766666666666665,0.21720446076859884,149,0.6333333333333333,0.35,0.9166666666666667,0.9166666666666667,0.5666666666666667,0.28667349815368653,0.0012638568878173828
0.1,2.15443,0.5,50,0.6166666666666667,0.23967570682996733,386,0.43333333333333335,0.26666666666666666,0.8166666666666667,0.9166666666666667,0.65,0.2852650165557861,0.0012546539306640624
0.1,2.15443,0.7,5,0.5133333333333333,0.11025223605694151,554,0.55,0.43333333333333335,0.35,0.6666666666666666,0.5666666666666667,0.3474843978881836,0.0012544631958007813
0.1,2.15443,0.7,10,0.5966666666666667,0.1886796226411321,437,0.5333333333333333,0.3333333333333333,0.6333333333333333,0.9166666666666667,0.5666666666666667,0.3490723133087158,0.0012754440307617188
0.1,2.15443,0.7,20,0.64,0.23607908279501033,312,0.45,0.35,0.9166666666666667,0.9166666666666667,0.5666666666666667,0.34761409759521483,0.001324462890625
0.1,2.15443,0.7,50,0.6199999999999999,0.21380156947766102,381,0.43333333333333335,0.3666666666666667,0.8166666666666667,0.9166666666666667,0.5666666666666667,0.3469118118286133,0.0012598991394042968
0.1,2.15443,0.9,5,0.5666666666666667,0.10274023338281628,487,0.5333333333333333,0.43333333333333335,0.55,0.75,0.5666666666666667,0.40946087837219236,0.0012724876403808593
0.1,2.15443,0.9,10,0.6333333333333334,0.2089657069154331,335,0.5333333333333333,0.3333333333333333,0.8166666666666667,0.9166666666666667,0.5666666666666667,0.40781378746032715,0.0012664794921875
0.1,2.15443,0.9,20,0.6199999999999999,0.19189117286165677,381,0.5333333333333333,0.35,0.7333333333333334,0.9166666666666667,0.5666666666666667,0.40979743003845215,0.0012555599212646484
0.1,2.15443,0.9,50,0.6566666666666667,0.19933221850301405,229,0.35,0.55,0.8166666666666667,0.9166666666666667,0.65,0.4093306064605713,0.0012583255767822266
0.1,7.74264,0.1,5,0.6066666666666667,0.10198039027185571,398,0.7333333333333334,0.43333333333333335,0.6333333333333333,0.6666666666666666,0.5666666666666667,0.2489245891571045,0.001228189468383789
0.1,7.74264,0.1,10,0.6466666666666666,0.14197026292697898,284,0.55,0.43333333333333335,0.8333333333333333,0.75,0.6666666666666666,0.24840683937072755,0.0012192726135253906
0.1,7.74264,0.1,20,0.68,0.18630918149976164,114,0.65,0.35,0.9166666666666667,0.75,0.7333333333333334,0.24790291786193847,0.0012331008911132812
0.1,7.74264,0.1,50,0.6733333333333335,0.23513589451397868,153,0.45,0.35,0.9166666666666667,0.9166666666666667,0.7333333333333334,0.24709577560424806,0.0012379169464111328
0.1,7.74264,0.3,5,0.5866666666666667,0.0832666399786453,448,0.6333333333333333,0.43333333333333335,0.6333333333333333,0.6666666666666666,0.5666666666666667,0.41544809341430666,0.0012650012969970704
0.1,7.74264,0.3,10,0.5666666666666667,0.14414498873626436,487,0.6333333333333333,0.3333333333333333,0.6333333333333333,0.75,0.48333333333333334,0.41999144554138185,0.0012606143951416015
0.1,7.74264,0.3,20,0.6466666666666666,0.18116904322268254,284,0.5666666666666667,0.35,0.8333333333333333,0.8333333333333333,0.65,0.4207431793212891,0.001255941390991211
0.1,7.74264,0.3,50,0.6700000000000002,0.23175657727691595,180,0.35,0.45,0.9,0.9166666666666667,0.7333333333333334,0.41876888275146484,0.0012779712677001953
0.1,7.74264,0.5,5,0.5633333333333332,0.07916228058025278,497,0.5333333333333333,0.43333333333333335,0.6166666666666667,0.6666666666666666,0.5666666666666667,0.48868417739868164,0.0012699127197265624
0.1,7.74264,0.5,10,0.6,0.11055415967851333,434,0.5333333333333333,0.5166666666666667,0.7166666666666667,0.75,0.48333333333333334,0.4847273826599121,0.0012590885162353516
0.1,7.74264,0.5,20,0.6799999999999999,0.19504985117770393,126,0.65,0.35,0.8333333333333333,0.9166666666666667,0.65,0.4825585842132568,0.0013272762298583984
0.1,7.74264,0.5,50,0.6366666666666666,0.21354156504062624,332,0.45,0.35,0.8166666666666667,0.9166666666666667,0.65,0.48466954231262205,0.0012836933135986328
0.1,7.74264,0.7,5,0.5599999999999999,0.08472176684759221,503,0.5333333333333333,0.4166666666666667,0.6166666666666667,0.6666666666666666,0.5666666666666667,0.5374849796295166,0.0013616085052490234
0.1,7.74264,0.7,10,0.6066666666666667,0.12849556844930923,398,0.7333333333333334,0.43333333333333335,0.6333333333333333,0.75,0.48333333333333334,0.5355056285858154,0.0013714313507080078
0.1,7.74264,0.7,20,0.6233333333333333,0.2182251640444388,367,0.35,0.45,0.8333333333333333,0.9166666666666667,0.5666666666666667,0.5325055122375488,0.001285409927368164
0.1,7.74264,0.7,50,0.6166666666666667,0.23967570682996733,386,0.43333333333333335,0.26666666666666666,0.8166666666666667,0.9166666666666667,0.65,0.5354447841644288,0.0013219356536865235
0.1,7.74264,0.9,5,0.5066666666666666,0.11185307823708343,560,0.5333333333333333,0.4166666666666667,0.35,0.6666666666666666,0.5666666666666667,0.5481851100921631,0.0012714385986328125
0.1,7.74264,0.9,10,0.5666666666666667,0.11785113019775792,487,0.45,0.43333333333333335,0.6333333333333333,0.75,0.5666666666666667,0.547684907913208,0.0012883663177490235
0.1,7.74264,0.9,20,0.6233333333333333,0.2182251640444388,367,0.45,0.35,0.8333333333333333,0.9166666666666667,0.5666666666666667,0.5494386196136475,0.001275348663330078
0.1,7.74264,0.9,50,0.6333333333333333,0.2618311584887398,339,0.43333333333333335,0.26666666666666666,0.8166666666666667,1.0,0.65,0.5508301734924317,0.0012703418731689453
0.1,27.8256,0.1,5,0.5266666666666667,0.18696404883173542,530,0.65,0.43333333333333335,0.35,0.3666666666666667,0.8333333333333333,0.2686664581298828,0.0012469768524169921
0.1,27.8256,0.1,10,0.6066666666666667,0.10466878978738388,398,0.7333333333333334,0.43333333333333335,0.55,0.65,0.6666666666666666,0.2692906379699707,0.0012610435485839843
0.1,27.8256,0.1,20,0.6433333333333333,0.1695090951345483,288,0.65,0.3333333333333333,0.8333333333333333,0.75,0.65,0.2705573081970215,0.0013068199157714843
0.1,27.8256,0.1,50,0.6733333333333335,0.2015495527710797,153,0.55,0.35,0.8166666666666667,0.9166666666666667,0.7333333333333334,0.2703005313873291,0.0012894153594970703
0.1,27.8256,0.3,5,0.6066666666666667,0.10198039027185571,398,0.7333333333333334,0.43333333333333335,0.6333333333333333,0.6666666666666666,0.5666666666666667,0.3624743938446045,0.0012702465057373047
0.1,27.8256,0.3,10,0.59,0.1088321847820967,445,0.55,0.43333333333333335,0.55,0.75,0.6666666666666666,0.3645019054412842,0.0012745857238769531
0.1,27.8256,0.3,20,0.7,0.1520233900132184,43,0.65,0.45,0.9166666666666667,0.75,0.7333333333333334,0.3649149894714355,0.0012764453887939454
0.1,27.8256,0.3,50,0.6533333333333333,0.21715329966536445,252,0.45,0.35,0.8166666666666667,0.9166666666666667,0.7333333333333334,0.3625978469848633,0.0012578964233398438
0.1,27.8256,0.5,5,0.6066666666666667,0.10198039027185571,398,0.7333333333333334,0.43333333333333335,0.6333333333333333,0.6666666666666666,0.5666666666666667,0.4898411273956299,0.001269960403442383
0.1,27.8256,0.5,10,0.62,0.11224972160321826,380,0.7333333333333334,0.5,0.6333333333333333,0.75,0.48333333333333334,0.4899130344390869,0.0012737274169921874
0.1,27.8256,0.5,20,0.6299999999999999,0.1664665465224503,359,0.65,0.35,0.8333333333333333,0.75,0.5666666666666667,0.4965797424316406,0.0013422489166259766
0.1,27.8256,0.5,50,0.6900000000000001,0.20618222792256155,83,0.45,0.45,0.9,0.9166666666666667,0.7333333333333334,0.491055965423584,0.0012688159942626954
0.1,27.8256,0.7,5,0.5866666666666667,0.0832666399786453,448,0.6333333333333333,0.43333333333333335,0.6333333333333333,0.6666666666666666,0.5666666666666667,0.5814685344696044,0.001308107376098633
0.1,27.8256,0.7,10,0.5833333333333334,0.11879019787470307,460,0.6333333333333333,0.4166666666666667,0.6333333333333333,0.75,0.48333333333333334,0.5826698303222656,0.001300811767578125
0.1,27.8256,0.7,20,0.6466666666666666,0.18116904322268254,284,0.5666666666666667,0.35,0.8333333333333333,0.8333333333333333,0.65,0.5773750305175781,0.001283121109008789
0.1,27.8256,0.7,50,0.6700000000000002,0.23175657727691595,180,0.35,0.45,0.9,0.9166666666666667,0.7333333333333334,0.5785894870758057,0.001280498504638672
0.1,27.8256,0.9,5,0.5833333333333334,0.0816496580927726,460,0.6333333333333333,0.43333333333333335,0.6166666666666667,0.6666666666666666,0.5666666666666667,0.6083465576171875,0.0012786388397216797
0.1,27.8256,0.9,10,0.5800000000000001,0.1175679472569893,474,0.6333333333333333,0.4166666666666667,0.6166666666666667,0.75,0.48333333333333334,0.6167489051818847,0.0013344287872314453
0.1,27.8256,0.9,20,0.6799999999999999,0.19504985117770393,126,0.65,0.35,0.8333333333333333,0.9166666666666667,0.65,0.611323881149292,0.0013608932495117188
0.1,27.8256,0.9,50,0.6933333333333332,0.18666666666666665,76,0.55,0.45,0.9,0.9166666666666667,0.65,0.609610652923584,0.001278257369995117
0.1,100.0,0.1,5,0.5266666666666667,0.18696404883173542,530,0.65,0.43333333333333335,0.35,0.3666666666666667,0.8333333333333333,0.31324038505554197,0.001239442825317383
0.1,100.0,0.1,10,0.6066666666666667,0.10466878978738388,398,0.7333333333333334,0.43333333333333335,0.55,0.65,0.6666666666666666,0.3109458923339844,0.001217222213745117
0.1,100.0,0.1,20,0.66,0.1902045682358281,215,0.65,0.3333333333333333,0.9166666666666667,0.75,0.65,0.3114467620849609,0.0012448787689208984
0.1,100.0,0.1,50,0.6733333333333335,0.2015495527710797,153,0.55,0.35,0.8166666666666667,0.9166666666666667,0.7333333333333334,0.31375956535339355,0.0012308597564697266
0.1,100.0,0.3,5,0.5266666666666667,0.18696404883173542,530,0.65,0.43333333333333335,0.35,0.3666666666666667,0.8333333333333333,0.3219809055328369,0.0012531280517578125
0.1,100.0,0.3,10,0.6066666666666667,0.10466878978738388,398,0.7333333333333334,0.43333333333333335,0.55,0.65,0.6666666666666666,0.3231203556060791,0.0012624263763427734
0.1,100.0,0.3,20,0.6433333333333333,0.1695090951345483,288,0.65,0.3333333333333333,0.8333333333333333,0.75,0.65,0.3212862014770508,0.0012920856475830077
0.1,100.0,0.3,50,0.6733333333333335,0.2015495527710797,153,0.55,0.35,0.8166666666666667,0.9166666666666667,0.7333333333333334,0.3225697994232178,0.0012540340423583985
0.1,100.0,0.5,5,0.5066666666666666,0.20725722075613082,560,0.65,0.43333333333333335,0.35,0.26666666666666666,0.8333333333333333,0.3498959541320801,0.0012336254119873046
0.1,100.0,0.5,10,0.5733333333333334,0.16418147141366335,479,0.7333333333333334,0.26666666666666666,0.55,0.65,0.6666666666666666,0.3454465866088867,0.0012316703796386719
0.1,100.0,0.5,20,0.6433333333333333,0.1695090951345483,288,0.65,0.3333333333333333,0.8333333333333333,0.75,0.65,0.34910922050476073,0.0012447357177734375
0.1,100.0,0.5,50,0.6366666666666667,0.2416149369922683,323,0.45,0.26666666666666666,0.8166666666666667,0.9166666666666667,0.7333333333333334,0.3480090141296387,0.0012429714202880859
0.1,100.0,0.7,5,0.4533333333333333,0.13960261060914617,686,0.65,0.43333333333333335,0.35,0.26666666666666666,0.5666666666666667,0.3831387996673584,0.0012500286102294922
0.1,100.0,0.7,10,0.6433333333333333,0.13968217893171306,288,0.7333333333333334,0.43333333333333335,0.55,0.8333333333333333,0.6666666666666666,0.3793196201324463,0.0012334823608398438
0.1,100.0,0.7,20,0.6666666666666667,0.17888543819998315,194,0.65,0.3666666666666667,0.9166666666666667,0.75,0.65,0.38106961250305177,0.0012473106384277345
0.1,100.0,0.7,50,0.6900000000000001,0.20618222792256155,83,0.45,0.45,0.9,0.9166666666666667,0.7333333333333334,0.3823399543762207,0.0012847900390625
0.1,100.0,0.9,5,0.4699999999999999,0.16478942792411036,652,0.7333333333333334,0.43333333333333335,0.35,0.26666666666666666,0.5666666666666667,0.4230687141418457,0.00132904052734375
0.1,100.0,0.9,10,0.59,0.1088321847820967,445,0.55,0.43333333333333335,0.55,0.75,0.6666666666666666,0.4252004146575928,0.0012930870056152345
0.1,100.0,0.9,20,0.68,0.18630918149976164,114,0.65,0.35,0.9166666666666667,0.75,0.7333333333333334,0.42301573753356936,0.001282072067260742
0.1,100.0,0.9,50,0.6733333333333335,0.19136933459209768,153,0.45,0.45,0.8166666666666667,0.9166666666666667,0.7333333333333334,0.42081780433654786,0.0012893199920654297
0.2,0.001,0.1,5,0.45,0.057735026918962574,687,0.43333333333333335,0.5333333333333333,0.4,0.3833333333333333,0.5,0.0028118133544921876,0.0011823654174804687
0.2,0.001,0.1,10,0.4966666666666667,0.12622730819174324,580,0.4166666666666667,0.6333333333333333,0.3833333333333333,0.3833333333333333,0.6666666666666666,0.0027779579162597657,0.0011733055114746093
0.2,0.001,0.1,20,0.4766666666666667,0.11623730516108462,636,0.4166666666666667,0.4666666666666667,0.3,0.5666666666666667,0.6333333333333333,0.002761507034301758,0.0011734962463378906
0.2,0.001,0.1,50,0.44000000000000006,0.13808210118138656,720,0.3333333333333333,0.3833333333333333,0.65,0.55,0.2833333333333333,0.0027933120727539062,0.0011666297912597656
0.2,0.001,0.3,5,0.45,0.057735026918962574,687,0.43333333333333335,0.5333333333333333,0.4,0.3833333333333333,0.5,0.0027402400970458984,0.0011592388153076171
0.2,0.001,0.3,10,0.4966666666666667,0.12622730819174324,580,0.4166666666666667,0.6333333333333333,0.3833333333333333,0.3833333333333333,0.6666666666666666,0.002718830108642578,0.0011673450469970703
0.2,0.001,0.3,20,0.4766666666666667,0.11623730516108462,636,0.4166666666666667,0.4666666666666667,0.3,0.5666666666666667,0.6333333333333333,0.002855873107910156,0.0011893749237060548
0.2,0.001,0.3,50,0.44000000000000006,0.13808210118138656,720,0.3333333333333333,0.3833333333333333,0.65,0.55,0.2833333333333333,0.002794837951660156,0.0011894702911376953
0.2,0.001,0.5,5,0.45,0.057735026918962574,687,0.43333333333333335,0.5333333333333333,0.4,0.3833333333333333,0.5,0.002752256393432617,0.0011538982391357422
0.2,0.001,0.5,10,0.4966666666666667,0.12622730819174324,580,0.4166666666666667,0.6333333333333333,0.3833333333333333,0.3833333333333333,0.6666666666666666,0.002731657028198242,0.0011724472045898438
0.2,0.001,0.5,20,0.4766666666666667,0.11623730516108462,636,0.4166666666666667,0.4666666666666667,0.3,0.5666666666666667,0.6333333333333333,0.0027384281158447264,0.001162099838256836
0.2,0.001,0.5,50,0.44000000000000006,0.13808210118138656,720,0.3333333333333333,0.3833333333333333,0.65,0.55,0.2833333333333333,0.0029228687286376952,0.0012116432189941406
0.2,0.001,0.7,5,0.45,0.057735026918962574,687,0.43333333333333335,0.5333333333333333,0.4,0.3833333333333333,0.5,0.002748441696166992,0.0011588096618652343
0.2,0.001,0.7,10,0.4966666666666667,0.12622730819174324,580,0.4166666666666667,0.6333333333333333,0.3833333333333333,0.3833333333333333,0.6666666666666666,0.0027512550354003907,0.0011776447296142577
0.2,0.001,0.7,20,0.4766666666666667,0.11623730516108462,636,0.4166666666666667,0.4666666666666667,0.3,0.5666666666666667,0.6333333333333333,0.0027838706970214843,0.0011844635009765625
0.2,0.001,0.7,50,0.44000000000000006,0.13808210118138656,720,0.3333333333333333,0.3833333333333333,0.65,0.55,0.2833333333333333,0.0029605865478515626,0.001239633560180664
0.2,0.001,0.9,5,0.45,0.057735026918962574,687,0.43333333333333335,0.5333333333333333,0.4,0.3833333333333333,0.5,0.0027431488037109376,0.001187276840209961
0.2,0.001,0.9,10,0.4966666666666667,0.12622730819174324,580,0.4166666666666667,0.6333333333333333,0.3833333333333333,0.3833333333333333,0.6666666666666666,0.002766704559326172,0.0011636734008789063
0.2,0.001,0.9,20,0.4766666666666667,0.11623730516108462,636,0.4166666666666667,0.4666666666666667,0.3,0.5666666666666667,0.6333333333333333,0.0027572154998779298,0.0011776924133300782
0.2,0.001,0.9,50,0.44000000000000006,0.13808210118138656,720,0.3333333333333333,0.3833333333333333,0.65,0.55,0.2833333333333333,0.00279083251953125,0.0011724472045898438
0.2,0.00359381,0.1,5,0.45,0.057735026918962574,687,0.43333333333333335,0.5333333333333333,0.4,0.3833333333333333,0.5,0.002789592742919922,0.0011845111846923828
0.2,0.00359381,0.1,10,0.4966666666666667,0.12622730819174324,580,0.4166666666666667,0.6333333333333333,0.3833333333333333,0.3833333333333333,0.6666666666666666,0.002756166458129883,0.0011635780334472655
0.2,0.00359381,0.1,20,0.4766666666666667,0.11623730516108462,636,0.4166666666666667,0.4666666666666667,0.3,0.5666666666666667,0.6333333333333333,0.0027917861938476563,0.0011909008026123047
0.2,0.00359381,0.1,50,0.44000000000000006,0.13808210118138656,720,0.3333333333333333,0.3833333333333333,0.65,0.55,0.2833333333333333,0.002782297134399414,0.001177072525024414
0.2,0.00359381,0.3,5,0.45,0.057735026918962574,687,0.43333333333333335,0.5333333333333333,0.4,0.3833333333333333,0.5,0.0028130054473876954,0.0011849403381347656
0.2,0.00359381,0.3,10,0.4966666666666667,0.12622730819174324,580,0.4166666666666667,0.6333333333333333,0.3833333333333333,0.3833333333333333,0.6666666666666666,0.00276036262512207,0.0011771202087402343
0.2,0.00359381,0.3,20,0.4766666666666667,0.11623730516108462,636,0.4166666666666667,0.4666666666666667,0.3,0.5666666666666667,0.6333333333333333,0.0027941226959228515,0.0011948585510253907
0.2,0.00359381,0.3,50,0.44000000000000006,0.13808210118138656,720,0.3333333333333333,0.3833333333333333,0.65,0.55,0.2833333333333333,0.0028695583343505858,0.0012058734893798829
0.2,0.00359381,0.5,5,0.45,0.057735026918962574,687,0.43333333333333335,0.5333333333333333,0.4,0.3833333333333333,0.5,0.0028142452239990233,0.0012133121490478516
0.2,0.00359381,0.5,10,0.4966666666666667,0.12622730819174324,580,0.4166666666666667,0.6333333333333333,0.3833333333333333,0.3833333333333333,0.6666666666666666,0.0028380393981933595,0.001186704635620117
0.2,0.00359381,0.5,20,0.4766666666666667,0.11623730516108462,636,0.4166666666666667,0.4666666666666667,0.3,0.5666666666666667,0.6333333333333333,0.002759504318237305,0.001183938980102539
0.2,0.00359381,0.5,50,0.44000000000000006,0.13808210118138656,720,0.3333333333333333,0.3833333333333333,0.65,0.55,0.2833333333333333,0.002809953689575195,0.0011899471282958984
0.2,0.00359381,0.7,5,0.45,0.057735026918962574,687,0.43333333333333335,0.5333333333333333,0.4,0.3833333333333333,0.5,0.002746391296386719,0.0011616230010986328
0.2,0.00359381,0.7,10,0.4966666666666667,0.12622730819174324,580,0.4166666666666667,0.6333333333333333,0.3833333333333333,0.3833333333333333,0.6666666666666666,0.002841615676879883,0.0011916637420654296
0.2,0.00359381,0.7,20,0.4766666666666667,0.11623730516108462,636,0.4166666666666667,0.4666666666666667,0.3,0.5666666666666667,0.6333333333333333,0.0027738094329833986,0.0011781215667724609
0.2,0.00359381,0.7,50,0.44000000000000006,0.13808210118138656,720,0.3333333333333333,0.3833333333333333,0.65,0.55,0.2833333333333333,0.002828025817871094,0.0011869430541992187
0.2,0.00359381,0.9,5,0.45,0.057735026918962574,687,0.43333333333333335,0.5333333333333333,0.4,0.3833333333333333,0.5,0.002719211578369141,0.0011772632598876954
0.2,0.00359381,0.9,10,0.4966666666666667,0.12622730819174324,580,0.4166666666666667,0.6333333333333333,0.3833333333333333,0.3833333333333333,0.6666666666666666,0.0028033733367919924,0.0011947154998779297
0.2,0.00359381,0.9,20,0.4766666666666667,0.11623730516108462,636,0.4166666666666667,0.4666666666666667,0.3,0.5666666666666667,0.6333333333333333,0.0027634620666503905,0.0012244224548339845
0.2,0.00359381,0.9,50,0.44000000000000006,0.13808210118138656,720,0.3333333333333333,0.3833333333333333,0.65,0.55,0.2833333333333333,0.002795886993408203,0.0011808395385742188
0.2,0.0129155,0.1,5,0.6433333333333333,0.05436502143433365,288,0.65,0.5666666666666667,0.6166666666666667,0.7333333333333334,0.65,0.009949827194213867,0.0011795997619628907
0.2,0.0129155,0.1,10,0.5900000000000001,0.12138094304022082,442,0.55,0.4666666666666667,0.7166666666666667,0.75,0.4666666666666667,0.0102783203125,0.0012030601501464844
0.2,0.0129155,0.1,20,0.6833333333333333,0.15129074290546957,101,0.7333333333333334,0.5666666666666667,0.9,0.75,0.4666666666666667,0.009796953201293946,0.0011810302734375
0.2,0.0129155,0.1,50,0.6966666666666667,0.14583095236151572,57,0.6166666666666667,0.75,0.9,0.75,0.4666666666666667,0.00969104766845703,0.0011812686920166016
0.2,0.0129155,0.3,5,0.45,0.057735026918962574,687,0.43333333333333335,0.5333333333333333,0.4,0.3833333333333333,0.5,0.0028108596801757813,0.0011713504791259766
0.2,0.0129155,0.3,10,0.4966666666666667,0.12622730819174324,580,0.4166666666666667,0.6333333333333333,0.3833333333333333,0.3833333333333333,0.6666666666666666,0.0028923511505126952,0.0011851787567138672
0.2,0.0129155,0.3,20,0.4766666666666667,0.11623730516108462,636,0.4166666666666667,0.4666666666666667,0.3,0.5666666666666667,0.6333333333333333,0.0028761863708496095,0.0011814117431640625
0.2,0.0129155,0.3,50,0.44000000000000006,0.13808210118138656,720,0.3333333333333333,0.3833333333333333,0.65,0.55,0.2833333333333333,0.0028575897216796876,0.0011825084686279297
0.2,0.0129155,0.5,5,0.45,0.057735026918962574,687,0.43333333333333335,0.5333333333333333,0.4,0.3833333333333333,0.5,0.002734661102294922,0.00117034912109375
0.2,0.0129155,0.5,10,0.4966666666666667,0.12622730819174324,580,0.4166666666666667,0.6333333333333333,0.3833333333333333,0.3833333333333333,0.6666666666666666,0.0027458667755126953,0.0011909008026123047
0.2,0.0129155,0.5,20,0.4766666666666667,0.11623730516108462,636,0.4166666666666667,0.4666666666666667,0.3,0.5666666666666667,0.6333333333333333,0.002818870544433594,0.0011781215667724609
0.2,0.0129155,0.5,50,0.44000000000000006,0.13808210118138656,720,0.3333333333333333,0.3833333333333333,0.65,0.55,0.2833333333333333,0.002771329879760742,0.0011861324310302734
0.2,0.0129155,0.7,5,0.45,0.057735026918962574,687,0.43333333333333335,0.5333333333333333,0.4,0.3833333333333333,0.5,0.0027346134185791014,0.0011585235595703125
0.2,0.0129155,0.7,10,0.4966666666666667,0.12622730819174324,580,0.4166666666666667,0.6333333333333333,0.3833333333333333,0.3833333333333333,0.6666666666666666,0.0027614116668701174,0.0011869907379150391
0.2,0.0129155,0.7,20,0.4766666666666667,0.11623730516108462,636,0.4166666666666667,0.4666666666666667,0.3,0.5666666666666667,0.6333333333333333,0.002830648422241211,0.0012005805969238282
0.2,0.0129155,0.7,50,0.44000000000000006,0.13808210118138656,720,0.3333333333333333,0.3833333333333333,0.65,0.55,0.2833333333333333,0.00285191535949707,0.001194000244140625
0.2,0.0129155,0.9,5,0.45,0.057735026918962574,687,0.43333333333333335,0.5333333333333333,0.4,0.3833333333333333,0.5,0.0027339935302734377,0.0011750221252441405
0.2,0.0129155,0.9,10,0.4966666666666667,0.12622730819174324,580,0.4166666666666667,0.6333333333333333,0.3833333333333333,0.3833333333333333,0.6666666666666666,0.0027313709259033205,0.0011705398559570313
0.2,0.0129155,0.9,20,0.4766666666666667,0.11623730516108462,636,0.4166666666666667,0.4666666666666667,0.3,0.5666666666666667,0.6333333333333333,0.002745246887207031,0.0011648178100585938
0.2,0.0129155,0.9,50,0.44000000000000006,0.13808210118138656,720,0.3333333333333333,0.3833333333333333,0.65,0.55,0.2833333333333333,0.002858877182006836,0.0011769771575927735
0.2,0.0464159,0.1,5,0.6566666666666666,0.12498888839501782,232,0.65,0.5666666666666667,0.75,0.8333333333333333,0.48333333333333334,0.018649721145629884,0.0011903762817382813
0.2,0.0464159,0.1,10,0.6833333333333333,0.1588150566609546,101,0.55,0.55,0.8333333333333333,0.9166666666666667,0.5666666666666667,0.019208335876464845,0.0012073040008544922
0.2,0.0464159,0.1,20,0.7133333333333334,0.18451136670797397,18,0.65,0.45,0.8166666666666667,1.0,0.65,0.018649768829345704,0.0011878013610839844
0.2,0.0464159,0.1,50,0.6766666666666666,0.18755739862180265,142,0.6333333333333333,0.3666666666666667,0.8166666666666667,0.9166666666666667,0.65,0.018749475479125977,0.0011815547943115235
0.2,0.0464159,0.3,5,0.6833333333333333,0.08498365855987976,101,0.65,0.5666666666666667,0.8166666666666667,0.7333333333333334,0.65,0.019158029556274415,0.0012192726135253906
0.2,0.0464159,0.3,10,0.63,0.20149441679609886,357,0.55,0.4666666666666667,0.8166666666666667,0.9166666666666667,0.4,0.01899127960205078,0.001176166534423828
0.2,0.0464159,0.3,20,0.6566666666666666,0.23228335186912463,232,0.6333333333333333,0.5333333333333333,0.9,0.9166666666666667,0.3,0.019030237197875978,0.0011816978454589843
0.2,0.0464159,0.3,50,0.6733333333333335,0.1939644870130154,153,0.5333333333333333,0.55,0.9,0.9166666666666667,0.4666666666666667,0.01900820732116699,0.0011920452117919922
0.2,0.0464159,0.5,5,0.4633333333333334,0.10718623460542352,653,0.5166666666666667,0.3666666666666667,0.4,0.3833333333333333,0.65,0.011949539184570312,0.0011960983276367188
0.2,0.0464159,0.5,10,0.5,0.11352924243950935,579,0.6166666666666667,0.65,0.3833333333333333,0.3833333333333333,0.4666666666666667,0.011902427673339844,0.0011707305908203124
0.2,0.0464159,0.5,20,0.5533333333333333,0.138001610296563,509,0.7,0.65,0.3,0.5666666666666667,0.55,0.011931276321411133,0.0011731624603271485
0.2,0.0464159,0.5,50,0.55,0.060553007081949835,510,0.5166666666666667,0.5666666666666667,0.65,0.55,0.4666666666666667,0.01180129051208496,0.0011766910552978515
0.2,0.0464159,0.7,5,0.45,0.057735026918962574,687,0.43333333333333335,0.5333333333333333,0.4,0.3833333333333333,0.5,0.0034475803375244142,0.001194000244140625
0.2,0.0464159,0.7,10,0.4966666666666667,0.12622730819174324,580,0.4166666666666667,0.6333333333333333,0.3833333333333333,0.3833333333333333,0.6666666666666666,0.003491973876953125,0.001208019256591797
0.2,0.0464159,0.7,20,0.4766666666666667,0.11623730516108462,636,0.4166666666666667,0.4666666666666667,0.3,0.5666666666666667,0.6333333333333333,0.00351099967956543,0.0012115478515625
0.2,0.0464159,0.7,50,0.44000000000000006,0.13808210118138656,720,0.3333333333333333,0.3833333333333333,0.65,0.55,0.2833333333333333,0.0034777164459228516,0.0011740684509277343
0.2,0.0464159,0.9,5,0.45,0.057735026918962574,687,0.43333333333333335,0.5333333333333333,0.4,0.3833333333333333,0.5,0.003135824203491211,0.0011666297912597656
0.2,0.0464159,0.9,10,0.4966666666666667,0.12622730819174324,580,0.4166666666666667,0.6333333333333333,0.3833333333333333,0.3833333333333333,0.6666666666666666,0.0031733036041259764,0.0011809349060058593
0.2,0.0464159,0.9,20,0.4766666666666667,0.11623730516108462,636,0.4166666666666667,0.4666666666666667,0.3,0.5666666666666667,0.6333333333333333,0.0031404495239257812,0.0011719226837158202
0.2,0.0464159,0.9,50,0.44000000000000006,0.13808210118138656,720,0.3333333333333333,0.3833333333333333,0.65,0.55,0.2833333333333333,0.003205680847167969,0.0011757373809814452
0.2,0.16681,0.1,5,0.6066666666666667,0.11953614051360739,398,0.55,0.43333333333333335,0.7333333333333334,0.75,0.5666666666666667,0.0438387393951416,0.0011989116668701173
0.2,0.16681,0.1,10,0.6666666666666667,0.1282358937444756,194,0.65,0.45,0.8333333333333333,0.75,0.65,0.04362082481384277,0.0011981964111328126
0.2,0.16681,0.1,20,0.6633333333333333,0.17931970208417022,204,0.55,0.45,0.8333333333333333,0.9166666666666667,0.5666666666666667,0.043845319747924806,0.0011926651000976562
0.2,0.16681,0.1,50,0.6533333333333333,0.23079572497485015,252,0.5333333333333333,0.26666666666666666,0.8166666666666667,0.9166666666666667,0.7333333333333334,0.044156122207641604,0.0012012481689453124
0.2,0.16681,0.3,5,0.65,0.1643167672515498,267,0.65,0.45,0.8333333333333333,0.8333333333333333,0.48333333333333334,0.04651155471801758,0.0011744022369384766
0.2,0.16681,0.3,10,0.7300000000000001,0.13224556283251584,6,0.65,0.5333333333333333,0.9166666666666667,0.8166666666666667,0.7333333333333334,0.046561384201049806,0.001188039779663086
0.2,0.16681,0.3,20,0.6766666666666667,0.1996107322877316,138,0.5333333333333333,0.45,0.9166666666666667,0.9166666666666667,0.5666666666666667,0.04697990417480469,0.001193094253540039
0.2,0.16681,0.3,50,0.6933333333333332,0.11479450238481707,76,0.5333333333333333,0.6333333333333333,0.8166666666666667,0.8333333333333333,0.65,0.04646024703979492,0.00120086669921875
0.2,0.16681,0.5,5,0.6900000000000001,0.13190905958272917,83,0.65,0.65,0.8333333333333333,0.8333333333333333,0.48333333333333334,0.052962636947631835,0.0012025833129882812
0.2,0.16681,0.5,10,0.6966666666666667,0.16,57,0.65,0.45,0.8166666666666667,0.9166666666666667,0.65,0.052955102920532224,0.001188039779663086
0.2,0.16681,0.5,20,0.6566666666666666,0.21514852750806568,232,0.5333333333333333,0.45,0.8166666666666667,1.0,0.48333333333333334,0.05331134796142578,0.0011936187744140624
0.2,0.16681,0.5,50,0.6933333333333334,0.19396448701301539,66,0.45,0.6333333333333333,0.8166666666666667,1.0,0.5666666666666667,0.0521033763885498,0.0011954307556152344
0.2,0.16681,0.7,5,0.6466666666666667,0.16445195178058677,278,0.6333333333333333,0.45,0.8333333333333333,0.8333333333333333,0.48333333333333334,0.04936175346374512,0.0012459754943847656
0.2,0.16681,0.7,10,0.6966666666666665,0.13960261060914614,65,0.7333333333333334,0.45,0.8166666666666667,0.8333333333333333,0.65,0.04937596321105957,0.001187610626220703
0.2,0.16681,0.7,20,0.6933333333333334,0.1645195023900409,66,0.7166666666666667,0.5333333333333333,0.8166666666666667,0.9166666666666667,0.48333333333333334,0.050525856018066403,0.00119171142578125
0.2,0.16681,0.7,50,0.6933333333333331,0.14666666666666667,81,0.5333333333333333,0.6333333333333333,0.9,0.8333333333333333,0.5666666666666667,0.05009946823120117,0.0012011051177978516
0.2,0.16681,0.9,5,0.6699999999999999,0.14157840387730197,189,0.6333333333333333,0.5666666666666667,0.8333333333333333,0.8333333333333333,0.48333333333333334,0.04525370597839355,0.0011791706085205079
0.2,0.16681,0.9,10,0.6799999999999999,0.14884742374510737,126,0.7333333333333334,0.45,0.8166666666666667,0.8333333333333333,0.5666666666666667,0.04483871459960938,0.0011819362640380859
0.2,0.16681,0.9,20,0.6033333333333333,0.20558858593479035,423,0.5333333333333333,0.5333333333333333,0.9,0.75,0.3,0.044874715805053714,0.0011967658996582032
0.2,0.16681,0.9,50,0.6733333333333333,0.14476033833738974,171,0.6166666666666667,0.6333333333333333,0.9,0.75,0.4666666666666667,0.045035505294799806,0.0011861801147460937
0.2,0.599484,0.1,5,0.5833333333333334,0.0816496580927726,460,0.6333333333333333,0.43333333333333335,0.6166666666666667,0.6666666666666666,0.5666666666666667,0.10492219924926757,0.0011990070343017578
0.2,0.599484,0.1,10,0.6433333333333333,0.08981462390204986,288,0.55,0.5333333333333333,0.7333333333333334,0.75,0.65,0.10623288154602051,0.0012021064758300781
0.2,0.599484,0.1,20,0.6633333333333333,0.20038851153585518,204,0.5666666666666667,0.35,0.8333333333333333,0.9166666666666667,0.65,0.10474171638488769,0.0012150287628173828
0.2,0.599484,0.1,50,0.6733333333333335,0.19136933459209768,153,0.45,0.45,0.8166666666666667,0.9166666666666667,0.7333333333333334,0.10491113662719727,0.0012010574340820313
0.2,0.599484,0.3,5,0.57,0.11469767022723502,484,0.4666666666666667,0.43333333333333335,0.6333333333333333,0.75,0.5666666666666667,0.1231494426727295,0.0012093067169189453
0.2,0.599484,0.3,10,0.6433333333333333,0.13968217893171306,288,0.6333333333333333,0.43333333333333335,0.8333333333333333,0.75,0.5666666666666667,0.12135443687438965,0.001216745376586914
0.2,0.599484,0.3,20,0.6599999999999999,0.2007209228976613,223,0.6333333333333333,0.35,0.8333333333333333,0.9166666666666667,0.5666666666666667,0.12279295921325684,0.0012063026428222657
0.2,0.599484,0.3,50,0.6733333333333333,0.21202725191719005,171,0.5333333333333333,0.3666666666666667,0.9,0.9166666666666667,0.65,0.12189264297485351,0.001243448257446289
0.2,0.599484,0.5,5,0.6433333333333333,0.16179548132682126,288,0.55,0.43333333333333335,0.8333333333333333,0.8333333333333333,0.5666666666666667,0.13859119415283203,0.0012136936187744141
0.2,0.599484,0.5,10,0.7100000000000001,0.1740370330960882,31,0.5333333333333333,0.5333333333333333,0.9166666666666667,0.9166666666666667,0.65,0.13752169609069825,0.001213979721069336
0.2,0.599484,0.5,20,0.67,0.19390719429665318,185,0.6166666666666667,0.35,0.8166666666666667,0.9166666666666667,0.65,0.1379411220550537,0.0011894702911376953
0.2,0.599484,0.5,50,0.6533333333333333,0.19275776393067948,252,0.43333333333333335,0.45,0.8166666666666667,0.9166666666666667,0.65,0.13694844245910645,0.001209259033203125
0.2,0.599484,0.7,5,0.5966666666666667,0.12927146286443542,437,0.6333333333333333,0.3666666666666667,0.6666666666666666,0.75,0.5666666666666667,0.16440892219543457,0.0012149810791015625
0.2,0.599484,0.7,10,0.69,0.12762793146051102,93,0.6333333333333333,0.5333333333333333,0.7166666666666667,0.9166666666666667,0.65,0.16508474349975585,0.0012011528015136719
0.2,0.599484,0.7,20,0.64,0.20264912204760888,312,0.55,0.35,0.8166666666666667,0.9166666666666667,0.5666666666666667,0.1646967887878418,0.0012248992919921876
0.2,0.599484,0.7,50,0.6566666666666666,0.19793377119071368,232,0.35,0.6333333333333333,0.8166666666666667,0.9166666666666667,0.5666666666666667,0.16539397239685058,0.001216554641723633
0.2,0.599484,0.9,5,0.6333333333333334,0.17732581437693845,335,0.7333333333333334,0.3666666666666667,0.8333333333333333,0.75,0.48333333333333334,0.1583693027496338,0.0012041568756103516
0.2,0.599484,0.9,10,0.7100000000000001,0.1851725921644154,31,0.6333333333333333,0.43333333333333335,0.9166666666666667,0.9166666666666667,0.65,0.15853171348571776,0.0011995792388916015
0.2,0.599484,0.9,20,0.6533333333333333,0.14809906594348707,252,0.6333333333333333,0.43333333333333335,0.8166666666666667,0.8166666666666667,0.5666666666666667,0.1605405330657959,0.0013067245483398438
0.2,0.599484,0.9,50,0.6733333333333333,0.13106402167558331,171,0.5333333333333333,0.5333333333333333,0.8166666666666667,0.8333333333333333,0.65,0.16040124893188476,0.0012637615203857423
0.2,2.15443,0.1,5,0.6233333333333333,0.10413666234542206,367,0.6333333333333333,0.43333333333333335,0.6333333333333333,0.6666666666666666,0.75,0.2104170322418213,0.0012265682220458985
0.2,2.15443,0.1,10,0.6033333333333333,0.15070206073943088,423,0.6333333333333333,0.3333333333333333,0.7333333333333334,0.75,0.5666666666666667,0.20859017372131347,0.0012155532836914062
0.2,2.15443,0.1,20,0.7,0.1406334873981932,43,0.65,0.45,0.8333333333333333,0.75,0.8166666666666667,0.21042990684509277,0.0012249469757080079
0.2,2.15443,0.1,50,0.6533333333333333,0.21715329966536445,252,0.45,0.35,0.8166666666666667,0.9166666666666667,0.7333333333333334,0.2084181785583496,0.0012239456176757813
0.2,2.15443,0.3,5,0.5599999999999999,0.08472176684759221,503,0.5333333333333333,0.4166666666666667,0.6166666666666667,0.6666666666666666,0.5666666666666667,0.2583277225494385,0.0012239933013916016
0.2,2.15443,0.3,10,0.7,0.14944341180973258,43,0.8333333333333333,0.43333333333333335,0.8333333333333333,0.75,0.65,0.2582000732421875,0.0012235164642333985
0.2,2.15443,0.3,20,0.6799999999999999,0.21664102412362565,126,0.5666666666666667,0.35,0.9166666666666667,0.9166666666666667,0.65,0.2588805675506592,0.0012206077575683595
0.2,2.15443,0.3,50,0.6733333333333335,0.22720524250602633,153,0.45,0.3666666666666667,0.9,0.9166666666666667,0.7333333333333334,0.25792880058288575,0.0012473583221435547
0.2,2.15443,0.5,5,0.5666666666666667,0.1130388330520878,487,0.4666666666666667,0.43333333333333335,0.6166666666666667,0.75,0.5666666666666667,0.28487401008605956,0.0012502670288085938
0.2,2.15443,0.5,10,0.5466666666666666,0.16069294390925268,513,0.45,0.3333333333333333,0.7166666666666667,0.75,0.48333333333333334,0.285735559463501,0.0012736320495605469
0.2,2.15443,0.5,20,0.6766666666666665,0.21720446076859884,149,0.6333333333333333,0.35,0.9166666666666667,0.9166666666666667,0.5666666666666667,0.2836967945098877,0.0012636661529541015
0.2,2.15443,0.5,50,0.6166666666666667,0.23967570682996733,386,0.43333333333333335,0.26666666666666666,0.8166666666666667,0.9166666666666667,0.65,0.2845778942108154,0.0013027191162109375
0.2,2.15443,0.7,5,0.5133333333333333,0.11025223605694151,554,0.55,0.43333333333333335,0.35,0.6666666666666666,0.5666666666666667,0.3466094970703125,0.0012656688690185548
0.2,2.15443,0.7,10,0.6133333333333333,0.19476481543988725,395,0.5333333333333333,0.3333333333333333,0.7166666666666667,0.9166666666666667,0.5666666666666667,0.34762420654296877,0.0012664794921875
0.2,2.15443,0.7,20,0.64,0.23607908279501033,312,0.45,0.35,0.9166666666666667,0.9166666666666667,0.5666666666666667,0.35553512573242185,0.0012582778930664063
0.2,2.15443,0.7,50,0.6199999999999999,0.21380156947766102,381,0.43333333333333335,0.3666666666666667,0.8166666666666667,0.9166666666666667,0.5666666666666667,0.35163445472717286,0.001269960403442383
0.2,2.15443,0.9,5,0.5866666666666667,0.10402991022884822,448,0.6333333333333333,0.43333333333333335,0.55,0.75,0.5666666666666667,0.4152081966400146,0.0012714385986328125
0.2,2.15443,0.9,10,0.6333333333333334,0.2089657069154331,335,0.5333333333333333,0.3333333333333333,0.8166666666666667,0.9166666666666667,0.5666666666666667,0.4181073188781738,0.0012745380401611329
0.2,2.15443,0.9,20,0.6199999999999999,0.19189117286165677,381,0.5333333333333333,0.35,0.7333333333333334,0.9166666666666667,0.5666666666666667,0.4172075271606445,0.0012584686279296874
0.2,2.15443,0.9,50,0.6566666666666667,0.18903262505010435,229,0.45,0.45,0.8166666666666667,0.9166666666666667,0.65,0.40708069801330565,0.0012567996978759765
0.2,7.74264,0.1,5,0.6266666666666667,0.10198039027185571,361,0.7333333333333334,0.43333333333333335,0.6333333333333333,0.6666666666666666,0.6666666666666666,0.24811863899230957,0.0012404918670654297
0.2,7.74264,0.1,10,0.6799999999999999,0.16103829772241546,126,0.55,0.43333333333333335,0.8333333333333333,0.75,0.8333333333333333,0.24709835052490234,0.0012105464935302734
0.2,7.74264,0.1,20,0.68,0.18630918149976164,114,0.65,0.35,0.9166666666666667,0.75,0.7333333333333334,0.24816393852233887,0.0012332439422607423
0.2,7.74264,0.1,50,0.6733333333333335,0.23513589451397868,153,0.45,0.35,0.9166666666666667,0.9166666666666667,0.7333333333333334,0.24946870803833007,0.0012421607971191406
0.2,7.74264,0.3,5,0.5866666666666667,0.0832666399786453,448,0.6333333333333333,0.43333333333333335,0.6333333333333333,0.6666666666666666,0.5666666666666667,0.4118834972381592,0.0012444019317626952
0.2,7.74264,0.3,10,0.5833333333333333,0.13824294235551815,471,0.6333333333333333,0.3333333333333333,0.6333333333333333,0.75,0.5666666666666667,0.4128065586090088,0.0012464523315429688
0.2,7.74264,0.3,20,0.6666666666666666,0.15018507101425077,200,0.5666666666666667,0.45,0.8333333333333333,0.8333333333333333,0.65,0.41283426284790037,0.001284313201904297
0.2,7.74264,0.3,50,0.71,0.18577166390790367,37,0.55,0.45,0.9,0.9166666666666667,0.7333333333333334,0.41368732452392576,0.001291036605834961
0.2,7.74264,0.5,5,0.5633333333333332,0.07916228058025278,497,0.5333333333333333,0.43333333333333335,0.6166666666666667,0.6666666666666666,0.5666666666666667,0.48218021392822263,0.0012835979461669922
0.2,7.74264,0.5,10,0.6366666666666667,0.08781293248212993,323,0.6333333333333333,0.5166666666666667,0.7166666666666667,0.75,0.5666666666666667,0.48757052421569824,0.001302480697631836
0.2,7.74264,0.5,20,0.6799999999999999,0.19504985117770393,126,0.65,0.35,0.8333333333333333,0.9166666666666667,0.65,0.4838498592376709,0.0012706756591796876
0.2,7.74264,0.5,50,0.6766666666666666,0.17048949136725897,142,0.55,0.45,0.8166666666666667,0.9166666666666667,0.65,0.4846492767333984,0.0013065814971923828
0.2,7.74264,0.7,5,0.5599999999999999,0.08472176684759221,503,0.5333333333333333,0.4166666666666667,0.6166666666666667,0.6666666666666666,0.5666666666666667,0.5346534252166748,0.0012849807739257813
0.2,7.74264,0.7,10,0.6233333333333333,0.13605554421305702,367,0.7333333333333334,0.43333333333333335,0.7166666666666667,0.75,0.48333333333333334,0.5315279006958008,0.0012714385986328125
0.2,7.74264,0.7,20,0.6433333333333333,0.1956754682858556,288,0.45,0.45,0.8333333333333333,0.9166666666666667,0.5666666666666667,0.5324555397033691,0.0013692855834960937
0.2,7.74264,0.7,50,0.6166666666666667,0.23967570682996733,386,0.43333333333333335,0.26666666666666666,0.8166666666666667,0.9166666666666667,0.65,0.5327963829040527,0.0012835979461669922
0.2,7.74264,0.9,5,0.5066666666666666,0.11185307823708343,560,0.5333333333333333,0.4166666666666667,0.35,0.6666666666666666,0.5666666666666667,0.5480762004852295,0.0012838363647460938
0.2,7.74264,0.9,10,0.5833333333333334,0.1312334645668635,460,0.45,0.43333333333333335,0.7166666666666667,0.75,0.5666666666666667,0.5496608734130859,0.0012744903564453126
0.2,7.74264,0.9,20,0.6233333333333333,0.2182251640444388,367,0.45,0.35,0.8333333333333333,0.9166666666666667,0.5666666666666667,0.5511709690093994,0.001275920867919922
0.2,7.74264,0.9,50,0.6166666666666667,0.23967570682996733,386,0.43333333333333335,0.26666666666666666,0.8166666666666667,0.9166666666666667,0.65,0.5506353855133057,0.001279306411743164
0.2,27.8256,0.1,5,0.53,0.18390818965511627,523,0.65,0.43333333333333335,0.3666666666666667,0.3666666666666667,0.8333333333333333,0.2681559085845947,0.0012370109558105468
0.2,27.8256,0.1,10,0.64,0.13928388277184117,312,0.7333333333333334,0.43333333333333335,0.55,0.65,0.8333333333333333,0.26860895156860354,0.0012271404266357422
0.2,27.8256,0.1,20,0.6433333333333333,0.1695090951345483,288,0.65,0.3333333333333333,0.8333333333333333,0.75,0.65,0.2686943054199219,0.0012660026550292969
0.2,27.8256,0.1,50,0.6733333333333335,0.2015495527710797,153,0.55,0.35,0.8166666666666667,0.9166666666666667,0.7333333333333334,0.26814842224121094,0.0012529373168945312
0.2,27.8256,0.3,5,0.6266666666666667,0.10198039027185571,361,0.7333333333333334,0.43333333333333335,0.6333333333333333,0.6666666666666666,0.6666666666666666,0.36194825172424316,0.0012502670288085938
0.2,27.8256,0.3,10,0.6233333333333333,0.1462873883832779,367,0.55,0.43333333333333335,0.55,0.75,0.8333333333333333,0.36420679092407227,0.0012555122375488281
0.2,27.8256,0.3,20,0.7,0.1520233900132184,43,0.65,0.45,0.9166666666666667,0.75,0.7333333333333334,0.36452884674072267,0.0012652873992919922
0.2,27.8256,0.3,50,0.6533333333333333,0.21715329966536445,252,0.45,0.35,0.8166666666666667,0.9166666666666667,0.7333333333333334,0.36632184982299804,0.0012647151947021485
0.2,27.8256,0.5,5,0.6066666666666667,0.10198039027185571,398,0.7333333333333334,0.43333333333333335,0.6333333333333333,0.6666666666666666,0.5666666666666667,0.491461181640625,0.001251554489135742
0.2,27.8256,0.5,10,0.6366666666666667,0.09568466729604884,323,0.7333333333333334,0.5,0.6333333333333333,0.75,0.5666666666666667,0.4928733825683594,0.0012585639953613282
0.2,27.8256,0.5,20,0.65,0.13457752825457564,267,0.65,0.45,0.8333333333333333,0.75,0.5666666666666667,0.4963183879852295,0.001275634765625
0.2,27.8256,0.5,50,0.6733333333333335,0.19136933459209768,153,0.45,0.45,0.8166666666666667,0.9166666666666667,0.7333333333333334,0.4895740509033203,0.0012613773345947266
0.2,27.8256,0.7,5,0.5866666666666667,0.0832666399786453,448,0.6333333333333333,0.43333333333333335,0.6333333333333333,0.6666666666666666,0.5666666666666667,0.5797116756439209,0.0012679576873779296
0.2,27.8256,0.7,10,0.5833333333333333,0.13824294235551815,471,0.6333333333333333,0.3333333333333333,0.6333333333333333,0.75,0.5666666666666667,0.5809452056884765,0.0012983322143554688
0.2,27.8256,0.7,20,0.6666666666666666,0.15018507101425077,200,0.5666666666666667,0.45,0.8333333333333333,0.8333333333333333,0.65,0.5806459426879883,0.0012754440307617188
0.2,27.8256,0.7,50,0.71,0.18577166390790367,37,0.55,0.45,0.9,0.9166666666666667,0.7333333333333334,0.5796985149383544,0.0013321876525878907
0.2,27.8256,0.9,5,0.5833333333333334,0.0816496580927726,460,0.6333333333333333,0.43333333333333335,0.6166666666666667,0.6666666666666666,0.5666666666666667,0.6131410121917724,0.0012773513793945313
0.2,27.8256,0.9,10,0.5633333333333332,0.13678856352455462,497,0.6333333333333333,0.3333333333333333,0.5333333333333333,0.75,0.5666666666666667,0.6119517803192138,0.001314258575439453
0.2,27.8256,0.9,20,0.6799999999999999,0.19504985117770393,126,0.65,0.35,0.8333333333333333,0.9166666666666667,0.65,0.6136846542358398,0.0012840747833251954
0.2,27.8256,0.9,50,0.7133333333333334,0.17524585904126555,18,0.65,0.45,0.9,0.9166666666666667,0.65,0.6093530178070068,0.0014107704162597656
0.2,100.0,0.1,5,0.53,0.18390818965511627,523,0.65,0.43333333333333335,0.3666666666666667,0.3666666666666667,0.8333333333333333,0.31302762031555176,0.0012601375579833984
0.2,100.0,0.1,10,0.64,0.13928388277184117,312,0.7333333333333334,0.43333333333333335,0.55,0.65,0.8333333333333333,0.312820291519165,0.0013292312622070312
0.2,100.0,0.1,20,0.66,0.1902045682358281,215,0.65,0.3333333333333333,0.9166666666666667,0.75,0.65,0.3125669002532959,0.0012253284454345702
0.2,100.0,0.1,50,0.6733333333333335,0.2015495527710797,153,0.55,0.35,0.8166666666666667,0.9166666666666667,0.7333333333333334,0.31333508491516116,0.0012458324432373046
0.2,100.0,0.3,5,0.53,0.18390818965511627,523,0.65,0.43333333333333335,0.3666666666666667,0.3666666666666667,0.8333333333333333,0.32483901977539065,0.001243448257446289
0.2,100.0,0.3,10,0.64,0.13928388277184117,312,0.7333333333333334,0.43333333333333335,0.55,0.65,0.8333333333333333,0.32498831748962403,0.0012519359588623047
0.2,100.0,0.3,20,0.6433333333333333,0.1695090951345483,288,0.65,0.3333333333333333,0.8333333333333333,0.75,0.65,0.3240361213684082,0.0012929916381835937
0.2,100.0,0.3,50,0.6733333333333335,0.2015495527710797,153,0.55,0.35,0.8166666666666667,0.9166666666666667,0.7333333333333334,0.3241663932800293,0.0012842655181884766
0.2,100.0,0.5,5,0.5266666666666667,0.18696404883173542,530,0.65,0.43333333333333335,0.3666666666666667,0.35,0.8333333333333333,0.35222597122192384,0.0012629032135009766
0.2,100.0,0.5,10,0.6066666666666667,0.1939644870130154,398,0.7333333333333334,0.26666666666666666,0.55,0.65,0.8333333333333333,0.3527797222137451,0.0012747764587402344
0.2,100.0,0.5,20,0.6433333333333333,0.1695090951345483,288,0.65,0.3333333333333333,0.8333333333333333,0.75,0.65,0.35339860916137694,0.0012742996215820313
0.2,100.0,0.5,50,0.6566666666666666,0.2125506475590648,232,0.45,0.3666666666666667,0.8166666666666667,0.9166666666666667,0.7333333333333334,0.351072883605957,0.001310253143310547
0.2,100.0,0.7,5,0.49333333333333335,0.13767917618708922,598,0.65,0.43333333333333335,0.3666666666666667,0.35,0.6666666666666666,0.388088321685791,0.0012708187103271484
0.2,100.0,0.7,10,0.6766666666666665,0.15972198067614582,149,0.7333333333333334,0.43333333333333335,0.55,0.8333333333333333,0.8333333333333333,0.3783423900604248,0.0012705802917480468
0.2,100.0,0.7,20,0.6666666666666667,0.17888543819998315,194,0.65,0.3666666666666667,0.9166666666666667,0.75,0.65,0.37877321243286133,0.0012456417083740235
0.2,100.0,0.7,50,0.6733333333333335,0.19136933459209768,153,0.45,0.45,0.8166666666666667,0.9166666666666667,0.7333333333333334,0.3781569004058838,0.0012609004974365235
0.2,100.0,0.9,5,0.51,0.1590248058916875,556,0.7333333333333334,0.43333333333333335,0.3666666666666667,0.35,0.6666666666666666,0.41860485076904297,0.001250314712524414
0.2,100.0,0.9,10,0.6233333333333333,0.1462873883832779,367,0.55,0.43333333333333335,0.55,0.75,0.8333333333333333,0.41599164009094236,0.0012576580047607422
0.2,100.0,0.9,20,0.68,0.18630918149976164,114,0.65,0.35,0.9166666666666667,0.75,0.7333333333333334,0.4212831497192383,0.0013036727905273438
0.2,100.0,0.9,50,0.6733333333333335,0.19136933459209768,153,0.45,0.45,0.8166666666666667,0.9166666666666667,0.7333333333333334,0.4191701412200928,0.0012920379638671875
0.5,0.001,0.1,5,0.49000000000000005,0.019999999999999993,620,0.45,0.5,0.5,0.5,0.5,0.0028420448303222655,0.0012021064758300781
0.5,0.001,0.1,10,0.49333333333333335,0.04294699575575042,598,0.4166666666666667,0.55,0.5,0.5,0.5,0.0028731822967529297,0.0012478828430175781
0.5,0.001,0.1,20,0.46333333333333326,0.04521553322083511,654,0.4166666666666667,0.4,0.5,0.5,0.5,0.002777290344238281,0.0011818408966064453
0.5,0.001,0.1,50,0.4133333333333334,0.10187137859957418,769,0.43333333333333335,0.3833333333333333,0.4,0.5833333333333334,0.26666666666666666,0.002794694900512695,0.001181793212890625
0.5,0.001,0.3,5,0.49000000000000005,0.019999999999999993,620,0.45,0.5,0.5,0.5,0.5,0.0027863025665283204,0.0011934280395507813
0.5,0.001,0.3,10,0.49333333333333335,0.04294699575575042,598,0.4166666666666667,0.55,0.5,0.5,0.5,0.0027240753173828126,0.0011793613433837891
0.5,0.001,0.3,20,0.46333333333333326,0.04521553322083511,654,0.4166666666666667,0.4,0.5,0.5,0.5,0.002765655517578125,0.0011574745178222657
0.5,0.001,0.3,50,0.4133333333333334,0.10187137859957418,769,0.43333333333333335,0.3833333333333333,0.4,0.5833333333333334,0.26666666666666666,0.0028067111968994142,0.0011838436126708984
0.5,0.001,0.5,5,0.49000000000000005,0.019999999999999993,620,0.45,0.5,0.5,0.5,0.5,0.00279083251953125,0.0011702537536621093
0.5,0.001,0.5,10,0.49333333333333335,0.04294699575575042,598,0.4166666666666667,0.55,0.5,0.5,0.5,0.0027624130249023437,0.0011909961700439452
0.5,0.001,0.5,20,0.46333333333333326,0.04521553322083511,654,0.4166666666666667,0.4,0.5,0.5,0.5,0.002766275405883789,0.001178884506225586
0.5,0.001,0.5,50,0.4133333333333334,0.10187137859957418,769,0.43333333333333335,0.3833333333333333,0.4,0.5833333333333334,0.26666666666666666,0.0027520179748535155,0.001184701919555664
0.5,0.001,0.7,5,0.49000000000000005,0.019999999999999993,620,0.45,0.5,0.5,0.5,0.5,0.0029172420501708983,0.001282072067260742
0.5,0.001,0.7,10,0.49333333333333335,0.04294699575575042,598,0.4166666666666667,0.55,0.5,0.5,0.5,0.002752685546875,0.0011676788330078126
0.5,0.001,0.7,20,0.46333333333333326,0.04521553322083511,654,0.4166666666666667,0.4,0.5,0.5,0.5,0.002747774124145508,0.0011762619018554688
0.5,0.001,0.7,50,0.4133333333333334,0.10187137859957418,769,0.43333333333333335,0.3833333333333333,0.4,0.5833333333333334,0.26666666666666666,0.0027606010437011717,0.001172780990600586
0.5,0.001,0.9,5,0.49000000000000005,0.019999999999999993,620,0.45,0.5,0.5,0.5,0.5,0.0027965545654296876,0.0011795520782470702
0.5,0.001,0.9,10,0.49333333333333335,0.04294699575575042,598,0.4166666666666667,0.55,0.5,0.5,0.5,0.002731180191040039,0.001176595687866211
0.5,0.001,0.9,20,0.46333333333333326,0.04521553322083511,654,0.4166666666666667,0.4,0.5,0.5,0.5,0.0027471065521240236,0.0011790275573730468
0.5,0.001,0.9,50,0.4133333333333334,0.10187137859957418,769,0.43333333333333335,0.3833333333333333,0.4,0.5833333333333334,0.26666666666666666,0.002802467346191406,0.0011867523193359376
0.5,0.00359381,0.1,5,0.49000000000000005,0.019999999999999993,620,0.45,0.5,0.5,0.5,0.5,0.0027683734893798827,0.0011713504791259766
0.5,0.00359381,0.1,10,0.49333333333333335,0.04294699575575042,598,0.4166666666666667,0.55,0.5,0.5,0.5,0.0028063297271728516,0.0011588096618652343
0.5,0.00359381,0.1,20,0.46333333333333326,0.04521553322083511,654,0.4166666666666667,0.4,0.5,0.5,0.5,0.0027705669403076173,0.0011816978454589843
0.5,0.00359381,0.1,50,0.4133333333333334,0.10187137859957418,769,0.43333333333333335,0.3833333333333333,0.4,0.5833333333333334,0.26666666666666666,0.0028718948364257813,0.0012360095977783203
0.5,0.00359381,0.3,5,0.49000000000000005,0.019999999999999993,620,0.45,0.5,0.5,0.5,0.5,0.002855873107910156,0.0011846542358398438
0.5,0.00359381,0.3,10,0.49333333333333335,0.04294699575575042,598,0.4166666666666667,0.55,0.5,0.5,0.5,0.002792024612426758,0.0012377262115478515
0.5,0.00359381,0.3,20,0.46333333333333326,0.04521553322083511,654,0.4166666666666667,0.4,0.5,0.5,0.5,0.002758169174194336,0.0011695384979248046
0.5,0.00359381,0.3,50,0.4133333333333334,0.10187137859957418,769,0.43333333333333335,0.3833333333333333,0.4,0.5833333333333334,0.26666666666666666,0.0028217792510986327,0.0011993408203125
0.5,0.00359381,0.5,5,0.49000000000000005,0.019999999999999993,620,0.45,0.5,0.5,0.5,0.5,0.0028163909912109373,0.0011855125427246093
0.5,0.00359381,0.5,10,0.49333333333333335,0.04294699575575042,598,0.4166666666666667,0.55,0.5,0.5,0.5,0.0027205944061279297,0.0011657238006591796
0.5,0.00359381,0.5,20,0.46333333333333326,0.04521553322083511,654,0.4166666666666667,0.4,0.5,0.5,0.5,0.002800464630126953,0.001177358627319336
0.5,0.00359381,0.5,50,0.4133333333333334,0.10187137859957418,769,0.43333333333333335,0.3833333333333333,0.4,0.5833333333333334,0.26666666666666666,0.0027495384216308593,0.0011744499206542969
0.5,0.00359381,0.7,5,0.49000000000000005,0.019999999999999993,620,0.45,0.5,0.5,0.5,0.5,0.002767324447631836,0.0011764049530029296
0.5,0.00359381,0.7,10,0.49333333333333335,0.04294699575575042,598,0.4166666666666667,0.55,0.5,0.5,0.5,0.002748394012451172,0.0011751651763916016
0.5,0.00359381,0.7,20,0.46333333333333326,0.04521553322083511,654,0.4166666666666667,0.4,0.5,0.5,0.5,0.002830314636230469,0.0012156963348388672
0.5,0.00359381,0.7,50,0.4133333333333334,0.10187137859957418,769,0.43333333333333335,0.3833333333333333,0.4,0.5833333333333334,0.26666666666666666,0.0029153823852539062,0.001203775405883789
0.5,0.00359381,0.9,5,0.49000000000000005,0.019999999999999993,620,0.45,0.5,0.5,0.5,0.5,0.0027454853057861327,0.0011717796325683594
0.5,0.00359381,0.9,10,0.49333333333333335,0.04294699575575042,598,0.4166666666666667,0.55,0.5,0.5,0.5,0.0027851104736328126,0.001165151596069336
0.5,0.00359381,0.9,20,0.46333333333333326,0.04521553322083511,654,0.4166666666666667,0.4,0.5,0.5,0.5,0.0027705669403076173,0.0011671066284179687
0.5,0.00359381,0.9,50,0.4133333333333334,0.10187137859957418,769,0.43333333333333335,0.3833333333333333,0.4,0.5833333333333334,0.26666666666666666,0.0027646541595458983,0.001217794418334961
0.5,0.0129155,0.1,5,0.6433333333333333,0.05436502143433365,288,0.65,0.5666666666666667,0.6166666666666667,0.7333333333333334,0.65,0.009862279891967774,0.0011766910552978515
0.5,0.0129155,0.1,10,0.6066666666666667,0.1083205120618128,398,0.55,0.4666666666666667,0.7166666666666667,0.75,0.55,0.009792232513427734,0.0011725902557373046
0.5,0.0129155,0.1,20,0.72,0.1403962645910179,12,0.8333333333333333,0.5666666666666667,0.9,0.75,0.55,0.01014118194580078,0.0011913299560546875
0.5,0.0129155,0.1,50,0.6966666666666667,0.11990737165736633,57,0.6333333333333333,0.65,0.9,0.75,0.55,0.00981278419494629,0.0011723041534423828
0.5,0.0129155,0.3,5,0.49000000000000005,0.019999999999999993,620,0.45,0.5,0.5,0.5,0.5,0.0028987884521484374,0.0011737346649169922
0.5,0.0129155,0.3,10,0.49333333333333335,0.04294699575575042,598,0.4166666666666667,0.55,0.5,0.5,0.5,0.0028279781341552734,0.0011637687683105468
0.5,0.0129155,0.3,20,0.46333333333333326,0.04521553322083511,654,0.4166666666666667,0.4,0.5,0.5,0.5,0.002931976318359375,0.001187610626220703
0.5,0.0129155,0.3,50,0.4133333333333334,0.10187137859957418,769,0.43333333333333335,0.3833333333333333,0.4,0.5833333333333334,0.26666666666666666,0.002947282791137695,0.001213216781616211
0.5,0.0129155,0.5,5,0.49000000000000005,0.019999999999999993,620,0.45,0.5,0.5,0.5,0.5,0.0028563976287841798,0.001203012466430664
0.5,0.0129155,0.5,10,0.49333333333333335,0.04294699575575042,598,0.4166666666666667,0.55,0.5,0.5,0.5,0.002766704559326172,0.001176166534423828
0.5,0.0129155,0.5,20,0.46333333333333326,0.04521553322083511,654,0.4166666666666667,0.4,0.5,0.5,0.5,0.0028255939483642577,0.001196432113647461
0.5,0.0129155,0.5,50,0.4133333333333334,0.10187137859957418,769,0.43333333333333335,0.3833333333333333,0.4,0.5833333333333334,0.26666666666666666,0.0028681278228759764,0.0011884212493896485
0.5,0.0129155,0.7,5,0.49000000000000005,0.019999999999999993,620,0.45,0.5,0.5,0.5,0.5,0.002780580520629883,0.0011707305908203124
0.5,0.0129155,0.7,10,0.49333333333333335,0.04294699575575042,598,0.4166666666666667,0.55,0.5,0.5,0.5,0.0027894020080566407,0.0011816024780273438
0.5,0.0129155,0.7,20,0.46333333333333326,0.04521553322083511,654,0.4166666666666667,0.4,0.5,0.5,0.5,0.00274810791015625,0.0011765480041503907
0.5,0.0129155,0.7,50,0.4133333333333334,0.10187137859957418,769,0.43333333333333335,0.3833333333333333,0.4,0.5833333333333334,0.26666666666666666,0.002870655059814453,0.0011919021606445312
0.5,0.0129155,0.9,5,0.49000000000000005,0.019999999999999993,620,0.45,0.5,0.5,0.5,0.5,0.002775287628173828,0.0011906623840332031
0.5,0.0129155,0.9,10,0.49333333333333335,0.04294699575575042,598,0.4166666666666667,0.55,0.5,0.5,0.5,0.0027664661407470702,0.0011693477630615235
0.5,0.0129155,0.9,20,0.46333333333333326,0.04521553322083511,654,0.4166666666666667,0.4,0.5,0.5,0.5,0.002779102325439453,0.0011810302734375
0.5,0.0129155,0.9,50,0.4133333333333334,0.10187137859957418,769,0.43333333333333335,0.3833333333333333,0.4,0.5833333333333334,0.26666666666666666,0.0027973175048828123,0.0011962413787841796
0.5,0.0464159,0.1,5,0.64,0.11671427600007728,312,0.65,0.5666666666666667,0.6666666666666666,0.8333333333333333,0.48333333333333334,0.019881057739257812,0.0012402057647705079
0.5,0.0464159,0.1,10,0.6866666666666665,0.12445436468396308,100,0.65,0.55,0.8333333333333333,0.8333333333333333,0.5666666666666667,0.01913762092590332,0.0011868476867675781
0.5,0.0464159,0.1,20,0.6966666666666667,0.16,57,0.65,0.45,0.8166666666666667,0.9166666666666667,0.65,0.019015026092529298,0.001181173324584961
0.5,0.0464159,0.1,50,0.6766666666666666,0.18755739862180265,142,0.6333333333333333,0.3666666666666667,0.8166666666666667,0.9166666666666667,0.65,0.01861395835876465,0.0011922359466552735
0.5,0.0464159,0.3,5,0.6833333333333333,0.08498365855987976,101,0.65,0.5666666666666667,0.8166666666666667,0.7333333333333334,0.65,0.019225263595581056,0.0011739253997802735
0.5,0.0464159,0.3,10,0.6833333333333333,0.1636391694484477,101,0.65,0.4666666666666667,0.8166666666666667,0.9166666666666667,0.5666666666666667,0.019382143020629884,0.0012228965759277343
0.5,0.0464159,0.3,20,0.6933333333333332,0.20779263167344936,76,0.7333333333333334,0.5333333333333333,0.9,0.9166666666666667,0.3833333333333333,0.019399070739746095,0.0012090206146240234
0.5,0.0464159,0.3,50,0.6900000000000001,0.18755739862180268,83,0.6333333333333333,0.45,0.9,0.9166666666666667,0.55,0.01921877861022949,0.0012163639068603516
0.5,0.0464159,0.5,5,0.5233333333333333,0.09752492558885195,534,0.6,0.3666666666666667,0.5,0.5,0.65,0.011879396438598634,0.001177978515625
0.5,0.0464159,0.5,10,0.5633333333333332,0.0733333333333333,497,0.7,0.5666666666666667,0.5,0.5,0.55,0.011883735656738281,0.001177072525024414
0.5,0.0464159,0.5,20,0.5633333333333332,0.0733333333333333,497,0.7,0.5666666666666667,0.5,0.5,0.55,0.012233781814575195,0.0012128829956054687
0.5,0.0464159,0.5,50,0.5466666666666666,0.10561986345169906,513,0.7166666666666667,0.48333333333333334,0.4,0.5833333333333334,0.55,0.012120294570922851,0.0011793136596679687
0.5,0.0464159,0.7,5,0.49000000000000005,0.019999999999999993,620,0.45,0.5,0.5,0.5,0.5,0.0034209251403808593,0.0011777877807617188
0.5,0.0464159,0.7,10,0.49333333333333335,0.04294699575575042,598,0.4166666666666667,0.55,0.5,0.5,0.5,0.003403759002685547,0.001169443130493164
0.5,0.0464159,0.7,20,0.46333333333333326,0.04521553322083511,654,0.4166666666666667,0.4,0.5,0.5,0.5,0.0034343242645263673,0.001177501678466797
0.5,0.0464159,0.7,50,0.4133333333333334,0.10187137859957418,769,0.43333333333333335,0.3833333333333333,0.4,0.5833333333333334,0.26666666666666666,0.0034926891326904296,0.001191997528076172
0.5,0.0464159,0.9,5,0.49000000000000005,0.019999999999999993,620,0.45,0.5,0.5,0.5,0.5,0.003199338912963867,0.001180744171142578
0.5,0.0464159,0.9,10,0.49333333333333335,0.04294699575575042,598,0.4166666666666667,0.55,0.5,0.5,0.5,0.0031824588775634767,0.0011980056762695313
0.5,0.0464159,0.9,20,0.46333333333333326,0.04521553322083511,654,0.4166666666666667,0.4,0.5,0.5,0.5,0.003326606750488281,0.0012122631072998048
0.5,0.0464159,0.9,50,0.4133333333333334,0.10187137859957418,769,0.43333333333333335,0.3833333333333333,0.4,0.5833333333333334,0.26666666666666666,0.0031636714935302734,0.0011821269989013671
0.5,0.16681,0.1,5,0.6266666666666667,0.11671427600007732,361,0.65,0.43333333333333335,0.7333333333333334,0.75,0.5666666666666667,0.04430656433105469,0.0011909008026123047
0.5,0.16681,0.1,10,0.6666666666666667,0.1282358937444756,194,0.65,0.45,0.8333333333333333,0.75,0.65,0.04509181976318359,0.0011826515197753905
0.5,0.16681,0.1,20,0.7166666666666667,0.1788854381999832,13,0.65,0.45,0.9166666666666667,0.9166666666666667,0.65,0.044669294357299806,0.0012317657470703124
0.5,0.16681,0.1,50,0.7133333333333334,0.14544949486180953,18,0.55,0.55,0.8166666666666667,0.9166666666666667,0.7333333333333334,0.044344091415405275,0.001197481155395508
0.5,0.16681,0.3,5,0.65,0.1643167672515498,267,0.65,0.45,0.8333333333333333,0.8333333333333333,0.48333333333333334,0.04733567237854004,0.001181793212890625
0.5,0.16681,0.3,10,0.75,0.15018507101425085,2,0.65,0.5333333333333333,0.9166666666666667,0.9166666666666667,0.7333333333333334,0.04732155799865723,0.001205587387084961
0.5,0.16681,0.3,20,0.6966666666666667,0.18897383710744492,57,0.6333333333333333,0.45,0.9166666666666667,0.9166666666666667,0.5666666666666667,0.04695835113525391,0.001186704635620117
0.5,0.16681,0.3,50,0.7066666666666667,0.15297058540778358,39,0.5333333333333333,0.5333333333333333,0.8166666666666667,0.9166666666666667,0.7333333333333334,0.04707188606262207,0.0012166976928710937
0.5,0.16681,0.5,5,0.6900000000000001,0.13190905958272917,83,0.65,0.65,0.8333333333333333,0.8333333333333333,0.48333333333333334,0.05401225090026855,0.001188945770263672
0.5,0.16681,0.5,10,0.7133333333333334,0.15860503004493762,18,0.65,0.45,0.8166666666666667,0.9166666666666667,0.7333333333333334,0.053070354461669925,0.0012072086334228515
0.5,0.16681,0.5,20,0.7300000000000001,0.20639767440550294,6,0.7166666666666667,0.45,0.9166666666666667,1.0,0.5666666666666667,0.054326200485229494,0.0011920928955078125
0.5,0.16681,0.5,50,0.7266666666666668,0.17403703309608815,11,0.55,0.5333333333333333,0.8166666666666667,1.0,0.7333333333333334,0.053552865982055664,0.0012018203735351563
0.5,0.16681,0.7,5,0.6466666666666667,0.16445195178058677,278,0.6333333333333333,0.45,0.8333333333333333,0.8333333333333333,0.48333333333333334,0.05033259391784668,0.0011814117431640625
0.5,0.16681,0.7,10,0.7133333333333333,0.138001610296563,30,0.7333333333333334,0.45,0.8166666666666667,0.8333333333333333,0.7333333333333334,0.049599409103393555,0.0011847972869873046
0.5,0.16681,0.7,20,0.6933333333333334,0.1645195023900409,66,0.7166666666666667,0.5333333333333333,0.8166666666666667,0.9166666666666667,0.48333333333333334,0.05005040168762207,0.0011957645416259765
0.5,0.16681,0.7,50,0.7666666666666667,0.10593499054713802,1,0.8166666666666667,0.6333333333333333,0.9,0.8333333333333333,0.65,0.049959754943847655,0.001194906234741211
0.5,0.16681,0.9,5,0.6699999999999999,0.14157840387730197,189,0.6333333333333333,0.5666666666666667,0.8333333333333333,0.8333333333333333,0.48333333333333334,0.04618091583251953,0.0011902332305908203
0.5,0.16681,0.9,10,0.6633333333333333,0.13474255287605158,204,0.7333333333333334,0.45,0.8166666666666667,0.75,0.5666666666666667,0.04523248672485351,0.0012247562408447266
0.5,0.16681,0.9,20,0.6933333333333334,0.13686976778431872,66,0.7333333333333334,0.5333333333333333,0.9,0.75,0.55,0.045285606384277345,0.001204204559326172
0.5,0.16681,0.9,50,0.68,0.13055437351710758,114,0.7333333333333334,0.55,0.9,0.6666666666666666,0.55,0.045083236694335935,0.001188945770263672
0.5,0.599484,0.1,5,0.5666666666666667,0.08164965809277258,487,0.6333333333333333,0.43333333333333335,0.5333333333333333,0.6666666666666666,0.5666666666666667,0.10563817024230956,0.0012053489685058595
0.5,0.599484,0.1,10,0.6633333333333333,0.07702813338860896,204,0.65,0.5333333333333333,0.7333333333333334,0.75,0.65,0.1068796157836914,0.0012036800384521485
0.5,0.599484,0.1,20,0.7,0.18797162906495582,43,0.5666666666666667,0.45,0.9166666666666667,0.9166666666666667,0.65,0.1061983585357666,0.0012206077575683595
0.5,0.599484,0.1,50,0.6933333333333334,0.17113996870657913,66,0.45,0.55,0.8166666666666667,0.9166666666666667,0.7333333333333334,0.10784444808959961,0.001222085952758789
0.5,0.599484,0.3,5,0.5900000000000001,0.1057250101810247,442,0.65,0.43333333333333335,0.55,0.75,0.5666666666666667,0.1247413158416748,0.0011940479278564453
0.5,0.599484,0.3,10,0.6666666666666666,0.11205157542647738,200,0.65,0.5333333333333333,0.8333333333333333,0.75,0.5666666666666667,0.12422685623168946,0.001204538345336914
0.5,0.599484,0.3,20,0.7,0.18797162906495582,43,0.65,0.45,0.9166666666666667,0.9166666666666667,0.5666666666666667,0.1246492862701416,0.0012118816375732422
0.5,0.599484,0.3,50,0.6733333333333333,0.1730767331432956,171,0.5333333333333333,0.45,0.8166666666666667,0.9166666666666667,0.65,0.12395772933959961,0.0011985301971435547
0.5,0.599484,0.5,5,0.6433333333333333,0.16179548132682126,288,0.55,0.43333333333333335,0.8333333333333333,0.8333333333333333,0.5666666666666667,0.1383413314819336,0.0012007713317871093
0.5,0.599484,0.5,10,0.7133333333333334,0.17074997966487598,18,0.55,0.5333333333333333,0.9166666666666667,0.9166666666666667,0.65,0.13815803527832032,0.0012211322784423829
0.5,0.599484,0.5,20,0.7133333333333334,0.1586050300449376,18,0.7333333333333334,0.45,0.8166666666666667,0.9166666666666667,0.65,0.1380837917327881,0.0012082099914550782
0.5,0.599484,0.5,50,0.6933333333333334,0.15224249662225653,66,0.6333333333333333,0.45,0.7333333333333334,0.9166666666666667,0.7333333333333334,0.13928823471069335,0.0012221813201904296
0.5,0.599484,0.7,5,0.5966666666666667,0.12927146286443542,437,0.6333333333333333,0.3666666666666667,0.6666666666666666,0.75,0.5666666666666667,0.1645914077758789,0.0012138843536376952
0.5,0.599484,0.7,10,0.6733333333333333,0.13888444437333108,171,0.55,0.5333333333333333,0.7166666666666667,0.9166666666666667,0.65,0.16656279563903809,0.0012621879577636719
0.5,0.599484,0.7,20,0.6433333333333333,0.18932629094883904,288,0.4666666666666667,0.45,0.8166666666666667,0.9166666666666667,0.5666666666666667,0.16852250099182128,0.0012323856353759766
0.5,0.599484,0.7,50,0.6766666666666666,0.17048949136725897,142,0.55,0.45,0.8166666666666667,0.9166666666666667,0.65,0.1676431655883789,0.0012363433837890626
0.5,0.599484,0.9,5,0.5966666666666667,0.15107025591499545,437,0.6333333333333333,0.3666666666666667,0.75,0.75,0.48333333333333334,0.15853543281555177,0.001298666000366211
0.5,0.599484,0.9,10,0.7133333333333334,0.17074997966487598,18,0.55,0.5333333333333333,0.9166666666666667,0.9166666666666667,0.65,0.15898313522338867,0.001226520538330078
0.5,0.599484,0.9,20,0.6733333333333332,0.12138094304022082,178,0.6333333333333333,0.5333333333333333,0.8166666666666667,0.8166666666666667,0.5666666666666667,0.1636122226715088,0.0012125968933105469
0.5,0.599484,0.9,50,0.7066666666666667,0.1396821789317131,39,0.6166666666666667,0.5333333333333333,0.8166666666666667,0.9166666666666667,0.65,0.16157708168029786,0.001310873031616211
0.5,2.15443,0.1,5,0.6033333333333333,0.10974718422102885,423,0.5333333333333333,0.43333333333333335,0.6333333333333333,0.6666666666666666,0.75,0.21129188537597657,0.00123291015625
0.5,2.15443,0.1,10,0.6233333333333333,0.11860297916438131,367,0.55,0.43333333333333335,0.7333333333333334,0.75,0.65,0.2108846664428711,0.001218271255493164
0.5,2.15443,0.1,20,0.7166666666666666,0.1591644851508443,17,0.65,0.45,0.9166666666666667,0.75,0.8166666666666667,0.2111748695373535,0.001220560073852539
0.5,2.15443,0.1,50,0.6933333333333334,0.20965580258021854,66,0.45,0.45,0.9166666666666667,0.9166666666666667,0.7333333333333334,0.21130051612854003,0.0012306690216064454
0.5,2.15443,0.3,5,0.5466666666666666,0.07986099033807291,513,0.55,0.4166666666666667,0.5333333333333333,0.6666666666666666,0.5666666666666667,0.2567488193511963,0.0012187957763671875
0.5,2.15443,0.3,10,0.6833333333333333,0.10165300454651269,101,0.65,0.5333333333333333,0.8333333333333333,0.75,0.65,0.2605020523071289,0.0012305736541748046
0.5,2.15443,0.3,20,0.7,0.18797162906495582,43,0.5666666666666667,0.45,0.9166666666666667,0.9166666666666667,0.65,0.25981879234313965,0.0012506484985351563
0.5,2.15443,0.3,50,0.6933333333333334,0.17113996870657913,66,0.55,0.45,0.8166666666666667,0.9166666666666667,0.7333333333333334,0.2587780475616455,0.0012268543243408204
0.5,2.15443,0.5,5,0.5866666666666667,0.10718623460542351,448,0.65,0.43333333333333335,0.5333333333333333,0.75,0.5666666666666667,0.2900411128997803,0.0012706756591796876
0.5,2.15443,0.5,10,0.6433333333333333,0.11185307823708346,288,0.7333333333333334,0.5333333333333333,0.7166666666666667,0.75,0.48333333333333334,0.2897508144378662,0.001269960403442383
0.5,2.15443,0.5,20,0.7,0.18797162906495582,43,0.65,0.45,0.9166666666666667,0.9166666666666667,0.5666666666666667,0.288709020614624,0.0012551307678222655
0.5,2.15443,0.5,50,0.6399999999999999,0.20912516188477495,320,0.45,0.3666666666666667,0.8166666666666667,0.9166666666666667,0.65,0.28838367462158204,0.0012752056121826173
0.5,2.15443,0.7,5,0.4966666666666667,0.09030811456096045,580,0.55,0.43333333333333335,0.35,0.5833333333333334,0.5666666666666667,0.35269794464111326,0.001272439956665039
0.5,2.15443,0.7,10,0.6533333333333333,0.1480990659434871,252,0.5333333333333333,0.5333333333333333,0.7166666666666667,0.9166666666666667,0.5666666666666667,0.3499398708343506,0.0012509346008300782
0.5,2.15443,0.7,20,0.7,0.18797162906495582,43,0.65,0.45,0.9166666666666667,0.9166666666666667,0.5666666666666667,0.3491856098175049,0.0012516498565673829
0.5,2.15443,0.7,50,0.6266666666666666,0.2083266665599966,366,0.6333333333333333,0.2833333333333333,0.7333333333333334,0.9166666666666667,0.5666666666666667,0.3468958377838135,0.001264476776123047
0.5,2.15443,0.9,5,0.5866666666666667,0.10402991022884822,448,0.6333333333333333,0.43333333333333335,0.55,0.75,0.5666666666666667,0.41892313957214355,0.0013226032257080077
0.5,2.15443,0.9,10,0.6166666666666666,0.19663841605003504,393,0.5333333333333333,0.3333333333333333,0.7333333333333334,0.9166666666666667,0.5666666666666667,0.4195369243621826,0.0012716293334960938
0.5,2.15443,0.9,20,0.6599999999999999,0.21385353243127256,223,0.45,0.45,0.9166666666666667,0.9166666666666667,0.5666666666666667,0.4142866611480713,0.0012759685516357422
0.5,2.15443,0.9,50,0.66,0.22891046284519198,215,0.45,0.3666666666666667,0.9166666666666667,0.9166666666666667,0.65,0.41582717895507815,0.0013200759887695313
0.5,7.74264,0.1,5,0.6066666666666667,0.13523641850067197,398,0.6333333333333333,0.35,0.6333333333333333,0.6666666666666666,0.75,0.25408239364624025,0.00125885009765625
0.5,7.74264,0.1,10,0.7033333333333334,0.1388044187577134,41,0.75,0.43333333333333335,0.75,0.75,0.8333333333333333,0.2497422218322754,0.0012617111206054688
0.5,7.74264,0.1,20,0.6799999999999999,0.1771377367411523,126,0.65,0.35,0.8333333333333333,0.75,0.8166666666666667,0.25081534385681153,0.0012446403503417968
0.5,7.74264,0.1,50,0.6933333333333334,0.20965580258021854,66,0.45,0.45,0.9166666666666667,0.9166666666666667,0.7333333333333334,0.25296754837036134,0.0012454986572265625
0.5,7.74264,0.3,5,0.5866666666666667,0.0832666399786453,448,0.6333333333333333,0.43333333333333335,0.6333333333333333,0.6666666666666666,0.5666666666666667,0.42338900566101073,0.0013054847717285157
0.5,7.74264,0.3,10,0.6033333333333333,0.10614455552060437,423,0.6333333333333333,0.43333333333333335,0.55,0.75,0.65,0.42374157905578613,0.0013000011444091798
0.5,7.74264,0.3,20,0.7033333333333334,0.1528979325490629,41,0.75,0.45,0.9166666666666667,0.75,0.65,0.4192030906677246,0.0013265609741210938
0.5,7.74264,0.3,50,0.7133333333333334,0.15860503004493762,18,0.65,0.45,0.8166666666666667,0.9166666666666667,0.7333333333333334,0.42849254608154297,0.001261138916015625
0.5,7.74264,0.5,5,0.5333333333333334,0.05270462766947299,522,0.55,0.43333333333333335,0.5333333333333333,0.5833333333333334,0.5666666666666667,0.4912082672119141,0.0012899398803710937
0.5,7.74264,0.5,10,0.6533333333333333,0.0805536398239638,252,0.6333333333333333,0.5166666666666667,0.7166666666666667,0.75,0.65,0.4895598888397217,0.001268482208251953
0.5,7.74264,0.5,20,0.7166666666666667,0.1788854381999832,13,0.65,0.45,0.9166666666666667,0.9166666666666667,0.65,0.4873822689056396,0.0012908458709716796
0.5,7.74264,0.5,50,0.7133333333333334,0.15860503004493762,18,0.65,0.45,0.8166666666666667,0.9166666666666667,0.7333333333333334,0.4794586181640625,0.0012827396392822265
0.5,7.74264,0.7,5,0.5466666666666666,0.07986099033807291,513,0.55,0.4166666666666667,0.5333333333333333,0.6666666666666666,0.5666666666666667,0.535155200958252,0.0012734413146972656
0.5,7.74264,0.7,10,0.6233333333333333,0.13605554421305702,367,0.7333333333333334,0.43333333333333335,0.7166666666666667,0.75,0.48333333333333334,0.5358911991119385,0.0013686180114746093
0.5,7.74264,0.7,20,0.68,0.19731531449264994,114,0.55,0.45,0.9166666666666667,0.9166666666666667,0.5666666666666667,0.5380344867706299,0.00128173828125
0.5,7.74264,0.7,50,0.6733333333333333,0.2053722906766582,171,0.45,0.45,0.9,0.9166666666666667,0.65,0.5333414554595948,0.0013033390045166016
0.5,7.74264,0.9,5,0.51,0.11284207253207171,556,0.55,0.4166666666666667,0.35,0.6666666666666666,0.5666666666666667,0.5476971626281738,0.0012776851654052734
0.5,7.74264,0.9,10,0.6033333333333333,0.1161416759345623,423,0.55,0.43333333333333335,0.7166666666666667,0.75,0.5666666666666667,0.5530726909637451,0.0012763023376464843
0.5,7.74264,0.9,20,0.6833333333333333,0.20221001184137471,101,0.65,0.45,0.9166666666666667,0.9166666666666667,0.48333333333333334,0.5501051425933838,0.0012971878051757813
0.5,7.74264,0.9,50,0.6233333333333333,0.19737161790783284,367,0.45,0.3666666666666667,0.7333333333333334,0.9166666666666667,0.65,0.5474313735961914,0.0012730121612548827
0.5,27.8256,0.1,5,0.49333333333333335,0.14476033833738977,598,0.5666666666666667,0.35,0.4666666666666667,0.35,0.7333333333333334,0.26769518852233887,0.001289510726928711
0.5,27.8256,0.1,10,0.65,0.1735255344642716,267,0.75,0.35,0.5666666666666667,0.75,0.8333333333333333,0.2688615322113037,0.0012654781341552735
0.5,27.8256,0.1,20,0.68,0.13638181696985852,114,0.65,0.43333333333333335,0.8333333333333333,0.75,0.7333333333333334,0.2676698207855225,0.0012719154357910157
0.5,27.8256,0.1,50,0.7166666666666667,0.1864880097426582,13,0.75,0.3666666666666667,0.8166666666666667,0.9166666666666667,0.7333333333333334,0.2681435108184814,0.001272106170654297
0.5,27.8256,0.3,5,0.6066666666666667,0.13523641850067197,398,0.6333333333333333,0.35,0.6333333333333333,0.6666666666666666,0.75,0.36405091285705565,0.0012540817260742188
0.5,27.8256,0.3,10,0.6633333333333333,0.14809906594348704,204,0.75,0.43333333333333335,0.55,0.75,0.8333333333333333,0.3622441291809082,0.0012990474700927735
0.5,27.8256,0.3,20,0.6833333333333333,0.13038404810405296,101,0.65,0.45,0.8333333333333333,0.75,0.7333333333333334,0.36159181594848633,0.0012514114379882813
0.5,27.8256,0.3,50,0.6733333333333335,0.19136933459209768,153,0.45,0.45,0.8166666666666667,0.9166666666666667,0.7333333333333334,0.3626758575439453,0.0012582302093505859
0.5,27.8256,0.5,5,0.6033333333333333,0.08589399151150082,423,0.6333333333333333,0.43333333333333335,0.6333333333333333,0.6666666666666666,0.65,0.4911490440368652,0.0013053417205810547
0.5,27.8256,0.5,10,0.6,0.11155467020454339,434,0.6333333333333333,0.4166666666666667,0.55,0.75,0.65,0.5018980979919434,0.0012577533721923827
0.5,27.8256,0.5,20,0.6699999999999999,0.1403962645910179,189,0.75,0.45,0.8333333333333333,0.75,0.5666666666666667,0.4994822025299072,0.0012823104858398437
0.5,27.8256,0.5,50,0.7133333333333334,0.18926759422104522,18,0.55,0.45,0.9166666666666667,0.9166666666666667,0.7333333333333334,0.49628796577453616,0.0012629032135009766
0.5,27.8256,0.7,5,0.5866666666666667,0.0832666399786453,448,0.6333333333333333,0.43333333333333335,0.6333333333333333,0.6666666666666666,0.5666666666666667,0.5818893432617187,0.0012841224670410156
0.5,27.8256,0.7,10,0.5833333333333333,0.14023789311975088,471,0.6333333333333333,0.3333333333333333,0.55,0.75,0.65,0.5779419898986816,0.0013165473937988281
0.5,27.8256,0.7,20,0.6866666666666666,0.13182479955523457,98,0.75,0.45,0.8333333333333333,0.75,0.65,0.5776493072509765,0.0012808799743652343
0.5,27.8256,0.7,50,0.7333333333333334,0.17575235101952094,3,0.65,0.45,0.9166666666666667,0.9166666666666667,0.7333333333333334,0.5859002113342285,0.0012904167175292968
0.5,27.8256,0.9,5,0.55,0.06666666666666667,510,0.6333333333333333,0.43333333333333335,0.5333333333333333,0.5833333333333334,0.5666666666666667,0.6170446872711182,0.0012725830078125
0.5,27.8256,0.9,10,0.58,0.1411854572303158,476,0.6333333333333333,0.3333333333333333,0.5333333333333333,0.75,0.65,0.6167266845703125,0.001287555694580078
0.5,27.8256,0.9,20,0.7166666666666667,0.1788854381999832,13,0.65,0.45,0.9166666666666667,0.9166666666666667,0.65,0.6186150550842285,0.0013714313507080078
0.5,27.8256,0.9,50,0.7133333333333334,0.15860503004493762,18,0.65,0.45,0.8166666666666667,0.9166666666666667,0.7333333333333334,0.6111801624298095,0.0012773036956787109
0.5,100.0,0.1,5,0.49333333333333335,0.14476033833738977,598,0.5666666666666667,0.35,0.4666666666666667,0.35,0.7333333333333334,0.3117011547088623,0.001250314712524414
0.5,100.0,0.1,10,0.65,0.1735255344642716,267,0.75,0.35,0.5666666666666667,0.75,0.8333333333333333,0.3104279041290283,0.0012429714202880859
0.5,100.0,0.1,20,0.68,0.13638181696985852,114,0.65,0.43333333333333335,0.8333333333333333,0.75,0.7333333333333334,0.31125717163085936,0.0012834548950195312
0.5,100.0,0.1,50,0.7333333333333334,0.15563490039905004,3,0.75,0.45,0.8166666666666667,0.9166666666666667,0.7333333333333334,0.3130161762237549,0.0012905597686767578
0.5,100.0,0.3,5,0.49333333333333335,0.14476033833738977,598,0.5666666666666667,0.35,0.4666666666666667,0.35,0.7333333333333334,0.3236678600311279,0.00125885009765625
0.5,100.0,0.3,10,0.65,0.1735255344642716,267,0.75,0.35,0.5666666666666667,0.75,0.8333333333333333,0.32429866790771483,0.0012538909912109375
0.5,100.0,0.3,20,0.68,0.13638181696985852,114,0.65,0.43333333333333335,0.8333333333333333,0.75,0.7333333333333334,0.3229706287384033,0.00126190185546875
0.5,100.0,0.3,50,0.7333333333333334,0.15563490039905004,3,0.75,0.45,0.8166666666666667,0.9166666666666667,0.7333333333333334,0.32214698791503904,0.0012604236602783204
0.5,100.0,0.5,5,0.49333333333333335,0.14476033833738977,598,0.5666666666666667,0.35,0.4666666666666667,0.35,0.7333333333333334,0.34965810775756834,0.0012401580810546876
0.5,100.0,0.5,10,0.65,0.1735255344642716,267,0.75,0.35,0.5666666666666667,0.75,0.8333333333333333,0.3490553379058838,0.0012563228607177734
0.5,100.0,0.5,20,0.68,0.13638181696985852,114,0.65,0.43333333333333335,0.8333333333333333,0.75,0.7333333333333334,0.3482402801513672,0.0012575149536132812
0.5,100.0,0.5,50,0.6766666666666667,0.19624248039380038,138,0.55,0.3666666666666667,0.8166666666666667,0.9166666666666667,0.7333333333333334,0.34754481315612795,0.0012391567230224609
0.5,100.0,0.7,5,0.4966666666666667,0.1503329637837291,580,0.5666666666666667,0.35,0.4666666666666667,0.35,0.75,0.3789230823516846,0.0012445926666259765
0.5,100.0,0.7,10,0.6799999999999999,0.16103829772241546,126,0.75,0.43333333333333335,0.55,0.8333333333333333,0.8333333333333333,0.37979941368103026,0.0012327671051025391
0.5,100.0,0.7,20,0.6666666666666666,0.1609002451486289,200,0.65,0.3666666666666667,0.8333333333333333,0.75,0.7333333333333334,0.3793953895568848,0.0012473106384277345
0.5,100.0,0.7,50,0.6766666666666667,0.19624248039380038,138,0.55,0.3666666666666667,0.8166666666666667,0.9166666666666667,0.7333333333333334,0.38013925552368166,0.0012476444244384766
0.5,100.0,0.9,5,0.51,0.15867506980549206,556,0.6333333333333333,0.35,0.4666666666666667,0.35,0.75,0.424303674697876,0.0012914657592773438
0.5,100.0,0.9,10,0.6633333333333333,0.14809906594348704,204,0.75,0.43333333333333335,0.55,0.75,0.8333333333333333,0.4158911228179932,0.0012874126434326172
0.5,100.0,0.9,20,0.6799999999999999,0.1771377367411523,126,0.65,0.35,0.8333333333333333,0.75,0.8166666666666667,0.4199355602264404,0.001279592514038086
0.5,100.0,0.9,50,0.6566666666666666,0.2125506475590648,232,0.45,0.3666666666666667,0.8166666666666667,0.9166666666666667,0.7333333333333334,0.4168792724609375,0.0012726783752441406
