param_clf__max_features,param_clf__min_samples_leaf,param_selector__C,param_selector__l1_ratio,param_selector__top_k,mean_test_score,std_test_score,rank_test_score,split0_test_score,split1_test_score,split2_test_score,split3_test_score,split4_test_score,mean_fit_time,mean_score_time
sqrt,1,0.001,0.1,5,0.6533333333333333,0.09741092797468302,465,0.5333333333333333,0.6166666666666667,0.8166666666666667,0.7,0.6000000000000001,0.4770266056060791,0.020795345306396484
sqrt,1,0.001,0.1,10,0.6533333333333333,0.10402991022884822,465,0.6333333333333333,0.6166666666666667,0.8166666666666667,0.7,0.5,0.4791994094848633,0.021125316619873047
sqrt,1,0.001,0.1,20,0.6666666666666666,0.08232726023485645,427,0.55,0.6333333333333333,0.65,0.7,0.8,0.4849635124206543,0.020970678329467772
sqrt,1,0.001,0.1,50,0.5666666666666667,0.12156388352540315,721,0.45,0.55,0.5333333333333333,0.8,0.5,0.49255857467651365,0.02086939811706543
sqrt,1,0.001,0.3,5,0.6533333333333333,0.09741092797468302,465,0.5333333333333333,0.6166666666666667,0.8166666666666667,0.7,0.6000000000000001,0.47748050689697263,0.02084627151489258
sqrt,1,0.001,0.3,10,0.6533333333333333,0.10402991022884822,465,0.6333333333333333,0.6166666666666667,0.8166666666666667,0.7,0.5,0.4802673816680908,0.021086454391479492
sqrt,1,0.001,0.3,20,0.6666666666666666,0.08232726023485645,427,0.55,0.6333333333333333,0.65,0.7,0.8,0.4870497703552246,0.021245336532592772
sqrt,1,0.001,0.3,50,0.5666666666666667,0.12156388352540315,721,0.45,0.55,0.5333333333333333,0.8,0.5,0.49228739738464355,0.020869731903076172
sqrt,1,0.001,0.5,5,0.6533333333333333,0.09741092797468302,465,0.5333333333333333,0.6166666666666667,0.8166666666666667,0.7,0.6000000000000001,0.4792629241943359,0.02091670036315918
sqrt,1,0.001,0.5,10,0.6533333333333333,0.10402991022884822,465,0.6333333333333333,0.6166666666666667,0.8166666666666667,0.7,0.5,0.47917375564575193,0.020939016342163087
sqrt,1,0.001,0.5,20,0.6666666666666666,0.08232726023485645,427,0.55,0.6333333333333333,0.65,0.7,0.8,0.4850266933441162,0.02077827453613281
sqrt,1,0.001,0.5,50,0.5666666666666667,0.12156388352540315,721,0.45,0.55,0.5333333333333333,0.8,0.5,0.49268131256103515,0.02095026969909668
sqrt,1,0.001,0.7,5,0.6533333333333333,0.09741092797468302,465,0.5333333333333333,0.6166666666666667,0.8166666666666667,0.7,0.6000000000000001,0.47636613845825193,0.02087230682373047
sqrt,1,0.001,0.7,10,0.6533333333333333,0.10402991022884822,465,0.6333333333333333,0.6166666666666667,0.8166666666666667,0.7,0.5,0.4817512035369873,0.021448659896850585
sqrt,1,0.001,0.7,20,0.6666666666666666,0.08232726023485645,427,0.55,0.6333333333333333,0.65,0.7,0.8,0.4887577533721924,0.02126169204711914
sqrt,1,0.001,0.7,50,0.5666666666666667,0.12156388352540315,721,0.45,0.55,0.5333333333333333,0.8,0.5,0.49225125312805174,0.02087435722351074
sqrt,1,0.001,0.9,5,0.6533333333333333,0.09741092797468302,465,0.5333333333333333,0.6166666666666667,0.8166666666666667,0.7,0.6000000000000001,0.477138090133667,0.02102174758911133
sqrt,1,0.001,0.9,10,0.6533333333333333,0.10402991022884822,465,0.6333333333333333,0.6166666666666667,0.8166666666666667,0.7,0.5,0.4798762321472168,0.021236371994018555
sqrt,1,0.001,0.9,20,0.6666666666666666,0.08232726023485645,427,0.55,0.6333333333333333,0.65,0.7,0.8,0.4845768451690674,0.021009349822998048
sqrt,1,0.001,0.9,50,0.5666666666666667,0.12156388352540315,721,0.45,0.55,0.5333333333333333,0.8,0.5,0.4920847415924072,0.020955848693847656
sqrt,1,0.00359381,0.1,5,0.6533333333333333,0.09741092797468302,465,0.5333333333333333,0.6166666666666667,0.8166666666666667,0.7,0.6000000000000001,0.4776184558868408,0.02090916633605957
sqrt,1,0.00359381,0.1,10,0.6533333333333333,0.10402991022884822,465,0.6333333333333333,0.6166666666666667,0.8166666666666667,0.7,0.5,0.480652379989624,0.021004676818847656
sqrt,1,0.00359381,0.1,20,0.6666666666666666,0.08232726023485645,427,0.55,0.6333333333333333,0.65,0.7,0.8,0.4858821392059326,0.021464157104492187
sqrt,1,0.00359381,0.1,50,0.5666666666666667,0.12156388352540315,721,0.45,0.55,0.5333333333333333,0.8,0.5,0.4924619197845459,0.021009254455566406
sqrt,1,0.00359381,0.3,5,0.6533333333333333,0.09741092797468302,465,0.5333333333333333,0.6166666666666667,0.8166666666666667,0.7,0.6000000000000001,0.47548689842224123,0.0210111141204834
sqrt,1,0.00359381,0.3,10,0.6533333333333333,0.10402991022884822,465,0.6333333333333333,0.6166666666666667,0.8166666666666667,0.7,0.5,0.48057122230529786,0.020922136306762696
sqrt,1,0.00359381,0.3,20,0.6666666666666666,0.08232726023485645,427,0.55,0.6333333333333333,0.65,0.7,0.8,0.4850948333740234,0.020766592025756835
sqrt,1,0.00359381,0.3,50,0.5666666666666667,0.12156388352540315,721,0.45,0.55,0.5333333333333333,0.8,0.5,0.4932821750640869,0.020728111267089844
sqrt,1,0.00359381,0.5,5,0.6533333333333333,0.09741092797468302,465,0.5333333333333333,0.6166666666666667,0.8166666666666667,0.7,0.6000000000000001,0.4778343677520752,0.02091355323791504
sqrt,1,0.00359381,0.5,10,0.6533333333333333,0.10402991022884822,465,0.6333333333333333,0.6166666666666667,0.8166666666666667,0.7,0.5,0.48225913047790525,0.021016931533813475
sqrt,1,0.00359381,0.5,20,0.6666666666666666,0.08232726023485645,427,0.55,0.6333333333333333,0.65,0.7,0.8,0.4891656875610352,0.021144676208496093
sqrt,1,0.00359381,0.5,50,0.5666666666666667,0.12156388352540315,721,0.45,0.55,0.5333333333333333,0.8,0.5,0.49261274337768557,0.020801305770874023
sqrt,1,0.00359381,0.7,5,0.6533333333333333,0.09741092797468302,465,0.5333333333333333,0.6166666666666667,0.8166666666666667,0.7,0.6000000000000001,0.48037033081054686,0.02104945182800293
sqrt,1,0.00359381,0.7,10,0.6533333333333333,0.10402991022884822,465,0.6333333333333333,0.6166666666666667,0.8166666666666667,0.7,0.5,0.48247323036193845,0.020986461639404298
sqrt,1,0.00359381,0.7,20,0.6666666666666666,0.08232726023485645,427,0.55,0.6333333333333333,0.65,0.7,0.8,0.48776822090148925,0.02098360061645508
sqrt,1,0.00359381,0.7,50,0.5666666666666667,0.12156388352540315,721,0.45,0.55,0.5333333333333333,0.8,0.5,0.49278888702392576,0.021019935607910156
sqrt,1,0.00359381,0.9,5,0.6533333333333333,0.09741092797468302,465,0.5333333333333333,0.6166666666666667,0.8166666666666667,0.7,0.6000000000000001,0.47787837982177733,0.02100648880004883
sqrt,1,0.00359381,0.9,10,0.6533333333333333,0.10402991022884822,465,0.6333333333333333,0.6166666666666667,0.8166666666666667,0.7,0.5,0.4844381332397461,0.021317052841186523
sqrt,1,0.00359381,0.9,20,0.6666666666666666,0.08232726023485645,427,0.55,0.6333333333333333,0.65,0.7,0.8,0.48712978363037107,0.020940494537353516
sqrt,1,0.00359381,0.9,50,0.5666666666666667,0.12156388352540315,721,0.45,0.55,0.5333333333333333,0.8,0.5,0.49555072784423826,0.020705366134643556
sqrt,1,0.0129155,0.1,5,0.6866666666666666,0.11803954139750517,361,0.6,0.65,0.5666666666666667,0.7166666666666667,0.9,0.4851992607116699,0.02077341079711914
sqrt,1,0.0129155,0.1,10,0.7433333333333334,0.09580071908799943,61,0.8,0.65,0.65,0.7166666666666667,0.9,0.4883254051208496,0.020810842514038086
sqrt,1,0.0129155,0.1,20,0.76,0.10252370999486467,31,0.8,0.6333333333333333,0.65,0.8166666666666667,0.9,0.49074807167053225,0.020656633377075195
sqrt,1,0.0129155,0.1,50,0.7633333333333333,0.09910712498212337,24,0.8,0.8333333333333333,0.5666666666666667,0.8166666666666667,0.8,0.4989287853240967,0.02084770202636719
sqrt,1,0.0129155,0.3,5,0.6533333333333333,0.09741092797468302,465,0.5333333333333333,0.6166666666666667,0.8166666666666667,0.7,0.6000000000000001,0.4783017158508301,0.021048641204833983
sqrt,1,0.0129155,0.3,10,0.6533333333333333,0.10402991022884822,465,0.6333333333333333,0.6166666666666667,0.8166666666666667,0.7,0.5,0.4820690631866455,0.02077956199645996
sqrt,1,0.0129155,0.3,20,0.6666666666666666,0.08232726023485645,427,0.55,0.6333333333333333,0.65,0.7,0.8,0.48918852806091306,0.020967578887939452
sqrt,1,0.0129155,0.3,50,0.5666666666666667,0.12156388352540315,721,0.45,0.55,0.5333333333333333,0.8,0.5,0.4953357219696045,0.02094125747680664
sqrt,1,0.0129155,0.5,5,0.6533333333333333,0.09741092797468302,465,0.5333333333333333,0.6166666666666667,0.8166666666666667,0.7,0.6000000000000001,0.47914795875549315,0.020864486694335938
sqrt,1,0.0129155,0.5,10,0.6533333333333333,0.10402991022884822,465,0.6333333333333333,0.6166666666666667,0.8166666666666667,0.7,0.5,0.4821913242340088,0.02091970443725586
sqrt,1,0.0129155,0.5,20,0.6666666666666666,0.08232726023485645,427,0.55,0.6333333333333333,0.65,0.7,0.8,0.4873366832733154,0.020989084243774415
sqrt,1,0.0129155,0.5,50,0.5666666666666667,0.12156388352540315,721,0.45,0.55,0.5333333333333333,0.8,0.5,0.4953936576843262,0.0207643985748291
sqrt,1,0.0129155,0.7,5,0.6533333333333333,0.09741092797468302,465,0.5333333333333333,0.6166666666666667,0.8166666666666667,0.7,0.6000000000000001,0.47882966995239257,0.021039819717407225
sqrt,1,0.0129155,0.7,10,0.6533333333333333,0.10402991022884822,465,0.6333333333333333,0.6166666666666667,0.8166666666666667,0.7,0.5,0.4845427989959717,0.02085394859313965
sqrt,1,0.0129155,0.7,20,0.6666666666666666,0.08232726023485645,427,0.55,0.6333333333333333,0.65,0.7,0.8,0.48644247055053713,0.020963191986083984
sqrt,1,0.0129155,0.7,50,0.5666666666666667,0.12156388352540315,721,0.45,0.55,0.5333333333333333,0.8,0.5,0.4920548439025879,0.020853090286254882
sqrt,1,0.0129155,0.9,5,0.6533333333333333,0.09741092797468302,465,0.5333333333333333,0.6166666666666667,0.8166666666666667,0.7,0.6000000000000001,0.47902398109436034,0.020841407775878906
sqrt,1,0.0129155,0.9,10,0.6533333333333333,0.10402991022884822,465,0.6333333333333333,0.6166666666666667,0.8166666666666667,0.7,0.5,0.4822267532348633,0.021167421340942384
sqrt,1,0.0129155,0.9,20,0.6666666666666666,0.08232726023485645,427,0.55,0.6333333333333333,0.65,0.7,0.8,0.48592243194580076,0.021667289733886718
sqrt,1,0.0129155,0.9,50,0.5666666666666667,0.12156388352540315,721,0.45,0.55,0.5333333333333333,0.8,0.5,0.494233512878418,0.020906782150268553
sqrt,1,0.0464159,0.1,5,0.6900000000000001,0.09285592184789412,296,0.8166666666666667,0.7333333333333334,0.5666666666666667,0.7333333333333334,0.6000000000000001,0.49609932899475095,0.021103763580322267
sqrt,1,0.0464159,0.1,10,0.7833333333333333,0.08232726023485647,4,0.8,0.65,0.75,0.8166666666666667,0.9,0.5001477718353271,0.02088961601257324
sqrt,1,0.0464159,0.1,20,0.7366666666666667,0.06699917080747261,97,0.8,0.7333333333333334,0.7333333333333334,0.6166666666666667,0.8,0.49948644638061523,0.02090282440185547
sqrt,1,0.0464159,0.1,50,0.7433333333333334,0.06548960901462832,61,0.8166666666666667,0.7333333333333334,0.65,0.8166666666666667,0.7,0.5051009654998779,0.02088751792907715
sqrt,1,0.0464159,0.3,5,0.65,0.11450376024878448,545,0.6,0.65,0.4666666666666667,0.7333333333333334,0.8,0.4972952365875244,0.020953655242919922
sqrt,1,0.0464159,0.3,10,0.7233333333333334,0.06716480559869963,119,0.8,0.65,0.65,0.7166666666666667,0.8,0.5005127429962158,0.02092766761779785
sqrt,1,0.0464159,0.3,20,0.7566666666666666,0.03590109871423003,40,0.8,0.7333333333333334,0.7333333333333334,0.7166666666666667,0.8,0.5015285015106201,0.020765972137451173
sqrt,1,0.0464159,0.3,50,0.7633333333333334,0.11469767022723502,15,0.8,0.8333333333333333,0.5666666666666667,0.7166666666666667,0.9,0.5077373027801514,0.020944499969482423
sqrt,1,0.0464159,0.5,5,0.71,0.12806248474865695,182,0.7,0.8333333333333333,0.48333333333333334,0.8333333333333333,0.7,0.49107952117919923,0.02103142738342285
sqrt,1,0.0464159,0.5,10,0.7233333333333333,0.09285592184789412,140,0.8,0.7166666666666667,0.5666666666666667,0.8333333333333333,0.7,0.49559412002563474,0.020696115493774415
sqrt,1,0.0464159,0.5,20,0.7466666666666667,0.08781293248212993,49,0.6166666666666667,0.8166666666666667,0.6666666666666666,0.8333333333333333,0.8,0.4972642421722412,0.02098255157470703
sqrt,1,0.0464159,0.5,50,0.7266666666666666,0.11185307823708343,113,0.6166666666666667,0.8333333333333333,0.5666666666666667,0.8166666666666667,0.8,0.50337233543396,0.020947360992431642
sqrt,1,0.0464159,0.7,5,0.6533333333333333,0.09741092797468302,465,0.5333333333333333,0.6166666666666667,0.8166666666666667,0.7,0.6000000000000001,0.4776925086975098,0.020766210556030274
sqrt,1,0.0464159,0.7,10,0.6533333333333333,0.10402991022884822,465,0.6333333333333333,0.6166666666666667,0.8166666666666667,0.7,0.5,0.4816405773162842,0.021069812774658202
sqrt,1,0.0464159,0.7,20,0.6666666666666666,0.08232726023485645,427,0.55,0.6333333333333333,0.65,0.7,0.8,0.4889791011810303,0.02215609550476074
sqrt,1,0.0464159,0.7,50,0.5666666666666667,0.12156388352540315,721,0.45,0.55,0.5333333333333333,0.8,0.5,0.4927239894866943,0.020841121673583984
sqrt,1,0.0464159,0.9,5,0.6533333333333333,0.09741092797468302,465,0.5333333333333333,0.6166666666666667,0.8166666666666667,0.7,0.6000000000000001,0.477009916305542,0.020898914337158202
sqrt,1,0.0464159,0.9,10,0.6533333333333333,0.10402991022884822,465,0.6333333333333333,0.6166666666666667,0.8166666666666667,0.7,0.5,0.48190011978149416,0.021282291412353514
sqrt,1,0.0464159,0.9,20,0.6666666666666666,0.08232726023485645,427,0.55,0.6333333333333333,0.65,0.7,0.8,0.48779950141906736,0.02133655548095703
sqrt,1,0.0464159,0.9,50,0.5666666666666667,0.12156388352540315,721,0.45,0.55,0.5333333333333333,0.8,0.5,0.4931931495666504,0.020852041244506837
sqrt,1,0.16681,0.1,5,0.6900000000000001,0.09285592184789412,296,0.8166666666666667,0.7333333333333334,0.5666666666666667,0.7333333333333334,0.6000000000000001,0.5237660884857178,0.020864534378051757
sqrt,1,0.16681,0.1,10,0.6933333333333332,0.127627931460511,294,0.7166666666666667,0.55,0.5666666666666667,0.7333333333333334,0.9,0.5265975952148437,0.020819711685180663
sqrt,1,0.16681,0.1,20,0.6633333333333333,0.12578641509408808,451,0.8,0.6333333333333333,0.4666666666666667,0.6166666666666667,0.8,0.5291286945343018,0.020946025848388672
sqrt,1,0.16681,0.1,50,0.74,0.08472176684759225,87,0.9,0.7333333333333334,0.65,0.7166666666666667,0.7,0.5352571964263916,0.020908117294311523
sqrt,1,0.16681,0.3,5,0.6333333333333333,0.05676462121975469,601,0.6166666666666667,0.65,0.5666666666666667,0.7333333333333334,0.6000000000000001,0.5318657398223877,0.02109971046447754
sqrt,1,0.16681,0.3,10,0.7233333333333333,0.1057250101810247,140,0.8,0.55,0.65,0.8166666666666667,0.8,0.5310276031494141,0.020959806442260743
sqrt,1,0.16681,0.3,20,0.74,0.1267543556122103,87,0.8,0.8166666666666667,0.5666666666666667,0.6166666666666667,0.9,0.533360767364502,0.020969295501708986
sqrt,1,0.16681,0.3,50,0.7233333333333334,0.10624918300339486,119,0.9,0.7333333333333334,0.5666666666666667,0.7166666666666667,0.7,0.5425110340118409,0.02086949348449707
sqrt,1,0.16681,0.5,5,0.7333333333333334,0.1456784892227477,100,0.7166666666666667,0.65,0.5666666666666667,0.7333333333333334,1.0,0.5366118431091309,0.02081332206726074
sqrt,1,0.16681,0.5,10,0.6866666666666668,0.08393118874676114,315,0.7,0.55,0.65,0.7333333333333334,0.8,0.5366157054901123,0.020922374725341798
sqrt,1,0.16681,0.5,20,0.7566666666666666,0.1067707825203131,40,0.8,0.8166666666666667,0.65,0.6166666666666667,0.9,0.5378524780273437,0.020751762390136718
sqrt,1,0.16681,0.5,50,0.7433333333333334,0.06018490028422596,61,0.7166666666666667,0.7333333333333334,0.65,0.8166666666666667,0.8,0.5454526901245117,0.020954179763793945
sqrt,1,0.16681,0.7,5,0.7466666666666667,0.1503329637837291,49,0.7,0.65,0.5666666666666667,0.8166666666666667,1.0,0.538024616241455,0.02089533805847168
sqrt,1,0.16681,0.7,10,0.7033333333333334,0.05517648452415617,222,0.7,0.65,0.65,0.7166666666666667,0.8,0.5407415866851807,0.021023893356323244
sqrt,1,0.16681,0.7,20,0.7200000000000001,0.07557189365836424,148,0.8,0.7333333333333334,0.65,0.6166666666666667,0.8,0.5428302764892579,0.020803451538085938
sqrt,1,0.16681,0.7,50,0.7633333333333333,0.09910712498212337,24,0.8,0.8333333333333333,0.5666666666666667,0.8166666666666667,0.8,0.5499388217926026,0.020905780792236327
sqrt,1,0.16681,0.9,5,0.8,0.12156388352540312,1,0.7,0.65,0.8333333333333333,0.8166666666666667,1.0,0.5381237983703613,0.020949649810791015
sqrt,1,0.16681,0.9,10,0.7566666666666666,0.051207638319124046,40,0.7,0.7333333333333334,0.8333333333333333,0.7166666666666667,0.8,0.540695333480835,0.020984697341918945
sqrt,1,0.16681,0.9,20,0.7233333333333334,0.06018490028422596,119,0.6166666666666667,0.7333333333333334,0.75,0.7166666666666667,0.8,0.5441267967224122,0.0207855224609375
sqrt,1,0.16681,0.9,50,0.7266666666666668,0.10624918300339486,101,0.8,0.8333333333333333,0.5666666666666667,0.6333333333333333,0.8,0.5480904102325439,0.020784282684326173
sqrt,1,0.599484,0.1,5,0.7066666666666668,0.07498147919467991,193,0.8166666666666667,0.7333333333333334,0.65,0.7333333333333334,0.6000000000000001,0.5931750774383545,0.02084641456604004
sqrt,1,0.599484,0.1,10,0.6766666666666666,0.12935738607954836,390,0.7166666666666667,0.55,0.6666666666666666,0.55,0.9,0.5945028781890869,0.02079167366027832
sqrt,1,0.599484,0.1,20,0.6466666666666667,0.11125546178852426,561,0.7166666666666667,0.6333333333333333,0.4666666666666667,0.6166666666666667,0.8,0.5945570468902588,0.021032094955444336
sqrt,1,0.599484,0.1,50,0.7,0.06411794687223782,265,0.8,0.7333333333333334,0.65,0.6166666666666667,0.7,0.6029821872711182,0.02093825340270996
sqrt,1,0.599484,0.3,5,0.6333333333333333,0.10274023338281624,601,0.6166666666666667,0.55,0.5666666666666667,0.8333333333333333,0.6000000000000001,0.6195199966430665,0.021043014526367188
sqrt,1,0.599484,0.3,10,0.71,0.062003584125794264,182,0.7166666666666667,0.75,0.65,0.6333333333333333,0.8,0.6215448379516602,0.021270132064819335
sqrt,1,0.599484,0.3,20,0.7833333333333333,0.11352924243950935,4,0.8,0.8333333333333333,0.5666666666666667,0.8166666666666667,0.9,0.6199863910675049,0.021056413650512695
sqrt,1,0.599484,0.3,50,0.74,0.08472176684759225,87,0.9,0.7333333333333334,0.65,0.7166666666666667,0.7,0.6268895626068115,0.0209989070892334
sqrt,1,0.599484,0.5,5,0.6100000000000001,0.0533333333333333,653,0.7,0.55,0.5666666666666667,0.6333333333333333,0.6000000000000001,0.6340443134307862,0.020913362503051758
sqrt,1,0.599484,0.5,10,0.6900000000000001,0.08472176684759222,296,0.7166666666666667,0.55,0.65,0.7333333333333334,0.8,0.635474157333374,0.02093057632446289
sqrt,1,0.599484,0.5,20,0.76,0.062003584125794244,31,0.8,0.7333333333333334,0.65,0.8166666666666667,0.8,0.6370223999023438,0.02104353904724121
sqrt,1,0.599484,0.5,50,0.7433333333333334,0.10934146311237819,61,0.9,0.7333333333333334,0.5666666666666667,0.7166666666666667,0.8,0.643914270401001,0.0208526611328125
sqrt,1,0.599484,0.7,5,0.65,0.05962847939999441,545,0.6166666666666667,0.6333333333333333,0.5666666666666667,0.7333333333333334,0.7,0.6501776695251464,0.020871639251708984
sqrt,1,0.599484,0.7,10,0.7466666666666667,0.06944222218666553,49,0.7166666666666667,0.6333333333333333,0.8333333333333333,0.75,0.8,0.6571612358093262,0.020808839797973634
sqrt,1,0.599484,0.7,20,0.7233333333333334,0.06018490028422596,119,0.7166666666666667,0.7333333333333334,0.75,0.6166666666666667,0.8,0.6579058647155762,0.02094130516052246
sqrt,1,0.599484,0.7,50,0.7633333333333333,0.09910712498212337,24,0.8,0.8333333333333333,0.5666666666666667,0.8166666666666667,0.8,0.6637344360351562,0.020841121673583984
sqrt,1,0.599484,0.9,5,0.7433333333333334,0.1470449666674185,61,0.6166666666666667,0.6333333333333333,0.65,0.8166666666666667,1.0,0.6697640419006348,0.020987796783447265
sqrt,1,0.599484,0.9,10,0.7466666666666667,0.06616477747093068,49,0.7,0.65,0.8333333333333333,0.75,0.8,0.6655112743377686,0.020898056030273438
sqrt,1,0.599484,0.9,20,0.74,0.10252370999486465,87,0.8,0.7333333333333334,0.65,0.6166666666666667,0.9,0.6667588710784912,0.02089719772338867
sqrt,1,0.599484,0.9,50,0.7833333333333334,0.11642832797715323,3,0.8,0.8333333333333333,0.5666666666666667,0.9166666666666667,0.8,0.6746274471282959,0.020741844177246095
sqrt,1,2.15443,0.1,5,0.7066666666666668,0.07498147919467991,193,0.8166666666666667,0.7333333333333334,0.65,0.7333333333333334,0.6000000000000001,0.7210066318511963,0.021133804321289064
sqrt,1,2.15443,0.1,10,0.71,0.024944382578492984,182,0.7166666666666667,0.7333333333333334,0.6666666666666666,0.7333333333333334,0.7,0.7214683055877685,0.020942544937133788
sqrt,1,2.15443,0.1,20,0.6666666666666666,0.15456030825826175,427,0.8,0.6333333333333333,0.3833333333333333,0.7166666666666667,0.8,0.7241955280303956,0.021253538131713868
sqrt,1,2.15443,0.1,50,0.7200000000000001,0.07557189365836424,148,0.8,0.7333333333333334,0.65,0.6166666666666667,0.8,0.7304008960723877,0.020979881286621094
sqrt,1,2.15443,0.3,5,0.7266666666666667,0.09104333522498437,110,0.8166666666666667,0.7333333333333334,0.65,0.8333333333333333,0.6000000000000001,0.7728851795196533,0.021800470352172852
sqrt,1,2.15443,0.3,10,0.6533333333333333,0.05906681715556448,465,0.7166666666666667,0.55,0.6666666666666666,0.6333333333333333,0.7,0.7747329711914063,0.020911550521850585
sqrt,1,2.15443,0.3,20,0.7433333333333334,0.13888444437333106,61,0.8,0.8333333333333333,0.4666666666666667,0.8166666666666667,0.8,0.7744214057922363,0.02152724266052246
sqrt,1,2.15443,0.3,50,0.7200000000000001,0.07557189365836424,148,0.8,0.7333333333333334,0.65,0.6166666666666667,0.8,0.7838094234466553,0.020937013626098632
sqrt,1,2.15443,0.5,5,0.6100000000000001,0.03431876713662332,653,0.6166666666666667,0.55,0.65,0.6333333333333333,0.6000000000000001,0.8186331748962402,0.020844268798828124
sqrt,1,2.15443,0.5,10,0.6733333333333332,0.06548960901462834,397,0.7166666666666667,0.75,0.5666666666666667,0.6333333333333333,0.7,0.82194504737854,0.020795392990112304
sqrt,1,2.15443,0.5,20,0.7433333333333334,0.09285592184789415,61,0.8,0.7333333333333334,0.5666666666666667,0.8166666666666667,0.8,0.8246402740478516,0.02089414596557617
sqrt,1,2.15443,0.5,50,0.7200000000000001,0.07557189365836424,148,0.8,0.7333333333333334,0.65,0.6166666666666667,0.8,0.829755163192749,0.02102041244506836
sqrt,1,2.15443,0.7,5,0.6599999999999999,0.06200358412579422,460,0.7,0.55,0.7166666666666667,0.6333333333333333,0.7,0.8671717643737793,0.02095489501953125
sqrt,1,2.15443,0.7,10,0.7100000000000001,0.11234866364235147,179,0.7166666666666667,0.6333333333333333,0.5666666666666667,0.7333333333333334,0.9,0.8736194610595703,0.021672439575195313
sqrt,1,2.15443,0.7,20,0.7466666666666667,0.055176484524156175,49,0.7166666666666667,0.7333333333333334,0.6666666666666666,0.8166666666666667,0.8,0.8768709182739258,0.020813131332397462
sqrt,1,2.15443,0.7,50,0.7033333333333334,0.076303487615064,222,0.8,0.7333333333333334,0.5666666666666667,0.7166666666666667,0.7,0.8804402828216553,0.020998477935791016
sqrt,1,2.15443,0.9,5,0.6666666666666666,0.07888106377466156,427,0.7,0.6333333333333333,0.5666666666666667,0.6333333333333333,0.8,0.8486123085021973,0.02131061553955078
sqrt,1,2.15443,0.9,10,0.7433333333333333,0.1147945023848171,82,0.7166666666666667,0.55,0.75,0.8,0.9,0.8487320423126221,0.020987272262573242
sqrt,1,2.15443,0.9,20,0.7633333333333334,0.06944222218666553,15,0.7166666666666667,0.7333333333333334,0.75,0.7166666666666667,0.9,0.8543827533721924,0.020986413955688475
sqrt,1,2.15443,0.9,50,0.7466666666666665,0.09854496999396321,59,0.7166666666666667,0.8333333333333333,0.5666666666666667,0.8166666666666667,0.8,0.8593060493469238,0.020957040786743163
sqrt,1,7.74264,0.1,5,0.7066666666666668,0.07498147919467991,193,0.8166666666666667,0.7333333333333334,0.65,0.7333333333333334,0.6000000000000001,0.8296955108642579,0.02080855369567871
sqrt,1,7.74264,0.1,10,0.6733333333333332,0.06548960901462833,397,0.7166666666666667,0.55,0.6666666666666666,0.7333333333333334,0.7,0.8366846084594727,0.02085399627685547
sqrt,1,7.74264,0.1,20,0.6699999999999999,0.11944315244779279,413,0.8,0.6333333333333333,0.48333333333333334,0.6333333333333333,0.8,0.8364235877990722,0.021031904220581054
sqrt,1,7.74264,0.1,50,0.6833333333333333,0.08299933065325824,363,0.8,0.7333333333333334,0.5666666666666667,0.6166666666666667,0.7,0.837258768081665,0.02073249816894531
sqrt,1,7.74264,0.3,5,0.67,0.09510228411791401,407,0.8166666666666667,0.55,0.65,0.7333333333333334,0.6000000000000001,0.9745951652526855,0.02104349136352539
sqrt,1,7.74264,0.3,10,0.6366666666666667,0.11372481406154654,586,0.8,0.65,0.5666666666666667,0.4666666666666667,0.7,0.9784603118896484,0.020893239974975587
sqrt,1,7.74264,0.3,20,0.6466666666666667,0.11125546178852426,561,0.7166666666666667,0.6333333333333333,0.4666666666666667,0.6166666666666667,0.8,0.9808870315551758,0.02090897560119629
sqrt,1,7.74264,0.3,50,0.7200000000000001,0.07557189365836424,148,0.8,0.7333333333333334,0.65,0.6166666666666667,0.8,0.981944227218628,0.020989513397216795
sqrt,1,7.74264,0.5,5,0.69,0.11479450238481705,310,0.8166666666666667,0.55,0.65,0.8333333333333333,0.6000000000000001,1.0250688552856446,0.021028852462768553
sqrt,1,7.74264,0.5,10,0.6133333333333333,0.06944222218666549,642,0.5166666666666667,0.55,0.6666666666666666,0.6333333333333333,0.7,1.030466651916504,0.021153736114501952
sqrt,1,7.74264,0.5,20,0.7233333333333334,0.14360439485692011,119,0.8,0.7333333333333334,0.4666666666666667,0.7166666666666667,0.9,1.0375550270080567,0.020847797393798828
sqrt,1,7.74264,0.5,50,0.7266666666666666,0.09225568335398698,113,0.7166666666666667,0.8333333333333333,0.5666666666666667,0.7166666666666667,0.8,1.0379135131835937,0.020961189270019533
sqrt,1,7.74264,0.7,5,0.6300000000000001,0.060918889608323555,610,0.6166666666666667,0.55,0.65,0.7333333333333334,0.6000000000000001,1.1574493408203126,0.021065568923950194
sqrt,1,7.74264,0.7,10,0.6933333333333334,0.04027681991198192,284,0.7166666666666667,0.75,0.6666666666666666,0.6333333333333333,0.7,1.1609307289123536,0.020955991744995118
sqrt,1,7.74264,0.7,20,0.7466666666666666,0.11125546178852425,58,0.7166666666666667,0.7333333333333334,0.5666666666666667,0.8166666666666667,0.9,1.163965606689453,0.020871496200561522
sqrt,1,7.74264,0.7,50,0.76,0.08472176684759222,31,0.9,0.7333333333333334,0.65,0.7166666666666667,0.8,1.1680282592773437,0.021028900146484376
sqrt,1,7.74264,0.9,5,0.6433333333333333,0.0654896090146283,568,0.7166666666666667,0.55,0.7166666666666667,0.6333333333333333,0.6000000000000001,1.1959321975708008,0.02086215019226074
sqrt,1,7.74264,0.9,10,0.6533333333333333,0.053124591501697425,465,0.7166666666666667,0.65,0.5666666666666667,0.6333333333333333,0.7,1.1926536083221435,0.02089238166809082
sqrt,1,7.74264,0.9,20,0.7233333333333334,0.08537498983243799,119,0.8,0.7333333333333334,0.5666666666666667,0.7166666666666667,0.8,1.194678544998169,0.02091946601867676
sqrt,1,7.74264,0.9,50,0.7033333333333334,0.076303487615064,222,0.7,0.7333333333333334,0.5666666666666667,0.7166666666666667,0.8,1.2079327583312989,0.020929670333862303
sqrt,1,27.8256,0.1,5,0.7666666666666667,0.08498365855987974,10,0.8166666666666667,0.7333333333333334,0.65,0.7333333333333334,0.9,0.7398393630981446,0.020983076095581053
sqrt,1,27.8256,0.1,10,0.6333333333333333,0.0767390962214756,601,0.7166666666666667,0.55,0.5666666666666667,0.7333333333333334,0.6,0.7355706691741943,0.020902538299560548
sqrt,1,27.8256,0.1,20,0.7266666666666667,0.10624918300339488,110,0.8,0.6333333333333333,0.6666666666666666,0.6333333333333333,0.9,0.7385127067565918,0.020720386505126955
sqrt,1,27.8256,0.1,50,0.7200000000000001,0.04876246279442599,148,0.8,0.7333333333333334,0.65,0.7166666666666667,0.7,0.7414228439331054,0.021033620834350585
sqrt,1,27.8256,0.3,5,0.7066666666666668,0.07498147919467991,193,0.8166666666666667,0.7333333333333334,0.65,0.7333333333333334,0.6000000000000001,0.9753861904144288,0.020830154418945312
sqrt,1,27.8256,0.3,10,0.6933333333333334,0.08339997335464537,284,0.7166666666666667,0.55,0.6666666666666666,0.7333333333333334,0.8,0.9819805145263671,0.021163034439086913
sqrt,1,27.8256,0.3,20,0.6866666666666668,0.09568466729604885,315,0.8,0.6333333333333333,0.5666666666666667,0.6333333333333333,0.8,0.9809274196624755,0.02084689140319824
sqrt,1,27.8256,0.3,50,0.7166666666666666,0.059628479399994404,178,0.8,0.7333333333333334,0.7333333333333334,0.6166666666666667,0.7,0.9861395835876465,0.021045732498168945
sqrt,1,27.8256,0.5,5,0.7266666666666667,0.09104333522498437,110,0.8166666666666667,0.7333333333333334,0.65,0.8333333333333333,0.6000000000000001,1.1235415458679199,0.020919990539550782
sqrt,1,27.8256,0.5,10,0.75,0.07888106377466156,47,0.7166666666666667,0.7333333333333334,0.6666666666666666,0.7333333333333334,0.9,1.128601312637329,0.020772790908813475
sqrt,1,27.8256,0.5,20,0.6666666666666667,0.11303883305208783,420,0.7166666666666667,0.6333333333333333,0.4666666666666667,0.7166666666666667,0.8,1.1296828746795655,0.020624589920043946
sqrt,1,27.8256,0.5,50,0.7200000000000001,0.07557189365836424,148,0.8,0.7333333333333334,0.65,0.6166666666666667,0.8,1.1426837921142579,0.02067737579345703
sqrt,1,27.8256,0.7,5,0.67,0.09510228411791401,407,0.8166666666666667,0.55,0.65,0.7333333333333334,0.6000000000000001,1.2218873023986816,0.02100825309753418
sqrt,1,27.8256,0.7,10,0.6233333333333334,0.09104333522498441,616,0.7166666666666667,0.65,0.5833333333333334,0.4666666666666667,0.7,1.2182334423065186,0.02088327407836914
sqrt,1,27.8256,0.7,20,0.6466666666666667,0.11125546178852426,561,0.7166666666666667,0.6333333333333333,0.4666666666666667,0.6166666666666667,0.8,1.2245519638061524,0.020944881439208984
sqrt,1,27.8256,0.7,50,0.7200000000000001,0.07557189365836424,148,0.8,0.7333333333333334,0.65,0.6166666666666667,0.8,1.232398271560669,0.021027803421020508
sqrt,1,27.8256,0.9,5,0.6733333333333333,0.09752492558885192,396,0.8166666666666667,0.55,0.65,0.75,0.6000000000000001,1.2896047115325928,0.020885419845581055
sqrt,1,27.8256,0.9,10,0.6366666666666667,0.11661903789690602,586,0.8,0.55,0.6666666666666666,0.4666666666666667,0.7,1.2898951053619385,0.020813846588134767
sqrt,1,27.8256,0.9,20,0.7433333333333334,0.10934146311237819,61,0.8,0.7333333333333334,0.5666666666666667,0.7166666666666667,0.9,1.2904800415039062,0.020937013626098632
sqrt,1,27.8256,0.9,50,0.74,0.06716480559869961,87,0.8,0.8333333333333333,0.65,0.7166666666666667,0.7,1.3090989589691162,0.02103252410888672
sqrt,1,100.0,0.1,5,0.7666666666666667,0.08498365855987974,10,0.8166666666666667,0.7333333333333334,0.65,0.7333333333333334,0.9,0.7677987098693848,0.021145105361938477
sqrt,1,100.0,0.1,10,0.6733333333333332,0.09809292646374775,397,0.7166666666666667,0.55,0.5666666666666667,0.7333333333333334,0.8,0.7768214702606201,0.020916557312011717
sqrt,1,100.0,0.1,20,0.7033333333333334,0.08055363982396384,222,0.8,0.6333333333333333,0.6666666666666666,0.6166666666666667,0.8,0.7704730987548828,0.020936203002929688
sqrt,1,100.0,0.1,50,0.7,0.06411794687223782,265,0.8,0.7333333333333334,0.65,0.6166666666666667,0.7,0.7759276866912842,0.020940256118774415
sqrt,1,100.0,0.3,5,0.7666666666666667,0.08498365855987974,10,0.8166666666666667,0.7333333333333334,0.65,0.7333333333333334,0.9,0.7876710414886474,0.020922422409057617
sqrt,1,100.0,0.3,10,0.6333333333333333,0.0767390962214756,601,0.7166666666666667,0.55,0.5666666666666667,0.7333333333333334,0.6,0.7970057964324951,0.021148252487182616
sqrt,1,100.0,0.3,20,0.7066666666666667,0.07717224601860154,202,0.8,0.6333333333333333,0.6666666666666666,0.6333333333333333,0.8,0.7920102119445801,0.021069669723510744
sqrt,1,100.0,0.3,50,0.7200000000000001,0.04876246279442599,148,0.8,0.7333333333333334,0.65,0.7166666666666667,0.7,0.7979086399078369,0.020810031890869142
sqrt,1,100.0,0.5,5,0.7666666666666667,0.08498365855987974,10,0.8166666666666667,0.7333333333333334,0.65,0.7333333333333334,0.9,0.8435768604278564,0.02084059715270996
sqrt,1,100.0,0.5,10,0.6533333333333333,0.0784573486395988,465,0.7166666666666667,0.55,0.5666666666666667,0.7333333333333334,0.7,0.8468893051147461,0.02106938362121582
sqrt,1,100.0,0.5,20,0.7066666666666667,0.07717224601860154,202,0.8,0.6333333333333333,0.6666666666666666,0.6333333333333333,0.8,0.8476133346557617,0.02085285186767578
sqrt,1,100.0,0.5,50,0.7,0.06411794687223782,265,0.8,0.7333333333333334,0.65,0.6166666666666667,0.7,0.8511470794677735,0.020905303955078124
sqrt,1,100.0,0.7,5,0.7066666666666668,0.07498147919467991,193,0.8166666666666667,0.7333333333333334,0.65,0.7333333333333334,0.6000000000000001,0.935841703414917,0.021023368835449217
sqrt,1,100.0,0.7,10,0.6533333333333333,0.0784573486395988,465,0.7166666666666667,0.55,0.5666666666666667,0.7333333333333334,0.7,0.9447912216186524,0.02097296714782715
sqrt,1,100.0,0.7,20,0.6699999999999999,0.15577761927397232,413,0.8,0.6333333333333333,0.3833333333333333,0.7333333333333334,0.8,0.945589542388916,0.020794773101806642
sqrt,1,100.0,0.7,50,0.7,0.06411794687223782,265,0.8,0.7333333333333334,0.65,0.6166666666666667,0.7,0.9525631427764892,0.020853233337402344
sqrt,1,100.0,0.9,5,0.7066666666666668,0.07498147919467991,193,0.8166666666666667,0.7333333333333334,0.65,0.7333333333333334,0.6000000000000001,1.0571360111236572,0.02107844352722168
sqrt,1,100.0,0.9,10,0.6933333333333334,0.08339997335464537,284,0.7166666666666667,0.55,0.6666666666666666,0.7333333333333334,0.8,1.0564637184143066,0.021114683151245116
sqrt,1,100.0,0.9,20,0.6699999999999999,0.11944315244779279,413,0.8,0.6333333333333333,0.48333333333333334,0.6333333333333333,0.8,1.062211513519287,0.02099771499633789
sqrt,1,100.0,0.9,50,0.6833333333333333,0.08299933065325824,363,0.8,0.7333333333333334,0.5666666666666667,0.6166666666666667,0.7,1.0689246654510498,0.020922231674194335
sqrt,5,0.001,0.1,5,0.54,0.1057250101810247,753,0.35,0.6333333333333333,0.6166666666666667,0.6,0.5,0.46579694747924805,0.020659875869750977
sqrt,5,0.001,0.1,10,0.49333333333333335,0.1284955684493092,769,0.25,0.5166666666666667,0.6,0.6,0.5,0.46582489013671874,0.0206784725189209
sqrt,5,0.001,0.1,20,0.6033333333333334,0.12534397117975446,675,0.65,0.4166666666666667,0.55,0.8,0.6000000000000001,0.4685800552368164,0.020665073394775392
sqrt,5,0.001,0.1,50,0.6433333333333333,0.11382247385975915,568,0.6333333333333333,0.7166666666666667,0.55,0.8166666666666667,0.5,0.4744236469268799,0.020785951614379884
sqrt,5,0.001,0.3,5,0.54,0.1057250101810247,753,0.35,0.6333333333333333,0.6166666666666667,0.6,0.5,0.4652709007263184,0.020750808715820312
sqrt,5,0.001,0.3,10,0.49333333333333335,0.1284955684493092,769,0.25,0.5166666666666667,0.6,0.6,0.5,0.46465296745300294,0.02058415412902832
sqrt,5,0.001,0.3,20,0.6033333333333334,0.12534397117975446,675,0.65,0.4166666666666667,0.55,0.8,0.6000000000000001,0.4686917781829834,0.020696115493774415
sqrt,5,0.001,0.3,50,0.6433333333333333,0.11382247385975915,568,0.6333333333333333,0.7166666666666667,0.55,0.8166666666666667,0.5,0.47405190467834474,0.02086153030395508
sqrt,5,0.001,0.5,5,0.54,0.1057250101810247,753,0.35,0.6333333333333333,0.6166666666666667,0.6,0.5,0.46895203590393064,0.021092891693115234
sqrt,5,0.001,0.5,10,0.49333333333333335,0.1284955684493092,769,0.25,0.5166666666666667,0.6,0.6,0.5,0.47595877647399903,0.020562171936035156
sqrt,5,0.001,0.5,20,0.6033333333333334,0.12534397117975446,675,0.65,0.4166666666666667,0.55,0.8,0.6000000000000001,0.4687625885009766,0.020730876922607423
sqrt,5,0.001,0.5,50,0.6433333333333333,0.11382247385975915,568,0.6333333333333333,0.7166666666666667,0.55,0.8166666666666667,0.5,0.473785924911499,0.020778703689575195
sqrt,5,0.001,0.7,5,0.54,0.1057250101810247,753,0.35,0.6333333333333333,0.6166666666666667,0.6,0.5,0.46580681800842283,0.020769214630126952
sqrt,5,0.001,0.7,10,0.49333333333333335,0.1284955684493092,769,0.25,0.5166666666666667,0.6,0.6,0.5,0.464721155166626,0.020576000213623047
sqrt,5,0.001,0.7,20,0.6033333333333334,0.12534397117975446,675,0.65,0.4166666666666667,0.55,0.8,0.6000000000000001,0.4701728343963623,0.020673799514770507
sqrt,5,0.001,0.7,50,0.6433333333333333,0.11382247385975915,568,0.6333333333333333,0.7166666666666667,0.55,0.8166666666666667,0.5,0.4787296295166016,0.020792627334594728
sqrt,5,0.001,0.9,5,0.54,0.1057250101810247,753,0.35,0.6333333333333333,0.6166666666666667,0.6,0.5,0.46734910011291503,0.020901060104370116
sqrt,5,0.001,0.9,10,0.49333333333333335,0.1284955684493092,769,0.25,0.5166666666666667,0.6,0.6,0.5,0.4670595169067383,0.0205047607421875
sqrt,5,0.001,0.9,20,0.6033333333333334,0.12534397117975446,675,0.65,0.4166666666666667,0.55,0.8,0.6000000000000001,0.4693941116333008,0.020822811126708984
sqrt,5,0.001,0.9,50,0.6433333333333333,0.11382247385975915,568,0.6333333333333333,0.7166666666666667,0.55,0.8166666666666667,0.5,0.47565479278564454,0.02080078125
sqrt,5,0.00359381,0.1,5,0.54,0.1057250101810247,753,0.35,0.6333333333333333,0.6166666666666667,0.6,0.5,0.4656191825866699,0.02078981399536133
sqrt,5,0.00359381,0.1,10,0.49333333333333335,0.1284955684493092,769,0.25,0.5166666666666667,0.6,0.6,0.5,0.46789941787719724,0.020781707763671876
sqrt,5,0.00359381,0.1,20,0.6033333333333334,0.12534397117975446,675,0.65,0.4166666666666667,0.55,0.8,0.6000000000000001,0.4696347713470459,0.020629692077636718
sqrt,5,0.00359381,0.1,50,0.6433333333333333,0.11382247385975915,568,0.6333333333333333,0.7166666666666667,0.55,0.8166666666666667,0.5,0.47432994842529297,0.020634841918945313
sqrt,5,0.00359381,0.3,5,0.54,0.1057250101810247,753,0.35,0.6333333333333333,0.6166666666666667,0.6,0.5,0.4649256706237793,0.020698404312133788
sqrt,5,0.00359381,0.3,10,0.49333333333333335,0.1284955684493092,769,0.25,0.5166666666666667,0.6,0.6,0.5,0.46604671478271487,0.020815372467041016
sqrt,5,0.00359381,0.3,20,0.6033333333333334,0.12534397117975446,675,0.65,0.4166666666666667,0.55,0.8,0.6000000000000001,0.4686629295349121,0.020701169967651367
sqrt,5,0.00359381,0.3,50,0.6433333333333333,0.11382247385975915,568,0.6333333333333333,0.7166666666666667,0.55,0.8166666666666667,0.5,0.47548413276672363,0.020718193054199217
sqrt,5,0.00359381,0.5,5,0.54,0.1057250101810247,753,0.35,0.6333333333333333,0.6166666666666667,0.6,0.5,0.46445503234863283,0.020812559127807616
sqrt,5,0.00359381,0.5,10,0.49333333333333335,0.1284955684493092,769,0.25,0.5166666666666667,0.6,0.6,0.5,0.46687331199646,0.020633125305175783
sqrt,5,0.00359381,0.5,20,0.6033333333333334,0.12534397117975446,675,0.65,0.4166666666666667,0.55,0.8,0.6000000000000001,0.4688133239746094,0.020672035217285157
sqrt,5,0.00359381,0.5,50,0.6433333333333333,0.11382247385975915,568,0.6333333333333333,0.7166666666666667,0.55,0.8166666666666667,0.5,0.47470788955688475,0.020792198181152344
sqrt,5,0.00359381,0.7,5,0.54,0.1057250101810247,753,0.35,0.6333333333333333,0.6166666666666667,0.6,0.5,0.465761137008667,0.02085599899291992
sqrt,5,0.00359381,0.7,10,0.49333333333333335,0.1284955684493092,769,0.25,0.5166666666666667,0.6,0.6,0.5,0.4673823356628418,0.02066173553466797
sqrt,5,0.00359381,0.7,20,0.6033333333333334,0.12534397117975446,675,0.65,0.4166666666666667,0.55,0.8,0.6000000000000001,0.4670587062835693,0.020743274688720705
sqrt,5,0.00359381,0.7,50,0.6433333333333333,0.11382247385975915,568,0.6333333333333333,0.7166666666666667,0.55,0.8166666666666667,0.5,0.47708687782287595,0.02075681686401367
sqrt,5,0.00359381,0.9,5,0.54,0.1057250101810247,753,0.35,0.6333333333333333,0.6166666666666667,0.6,0.5,0.46535067558288573,0.020735788345336913
sqrt,5,0.00359381,0.9,10,0.49333333333333335,0.1284955684493092,769,0.25,0.5166666666666667,0.6,0.6,0.5,0.46399149894714353,0.020718479156494142
sqrt,5,0.00359381,0.9,20,0.6033333333333334,0.12534397117975446,675,0.65,0.4166666666666667,0.55,0.8,0.6000000000000001,0.4681610107421875,0.020824337005615236
sqrt,5,0.00359381,0.9,50,0.6433333333333333,0.11382247385975915,568,0.6333333333333333,0.7166666666666667,0.55,0.8166666666666667,0.5,0.47378225326538087,0.020773887634277344
sqrt,5,0.0129155,0.1,5,0.6466666666666667,0.09273618495495703,561,0.7,0.65,0.4666666666666667,0.7166666666666667,0.7,0.4809530735015869,0.02105989456176758
sqrt,5,0.0129155,0.1,10,0.7066666666666667,0.08981462390204988,202,0.8,0.5666666666666667,0.65,0.7166666666666667,0.8,0.47644686698913574,0.0207061767578125
sqrt,5,0.0129155,0.1,20,0.6866666666666668,0.1480990659434871,315,0.8,0.4666666666666667,0.55,0.8166666666666667,0.8,0.4789119720458984,0.020617580413818358
sqrt,5,0.0129155,0.1,50,0.76,0.062003584125794244,31,0.8,0.7333333333333334,0.65,0.8166666666666667,0.8,0.48382015228271485,0.02114129066467285
sqrt,5,0.0129155,0.3,5,0.54,0.1057250101810247,753,0.35,0.6333333333333333,0.6166666666666667,0.6,0.5,0.4646965980529785,0.02073054313659668
sqrt,5,0.0129155,0.3,10,0.49333333333333335,0.1284955684493092,769,0.25,0.5166666666666667,0.6,0.6,0.5,0.4648159027099609,0.02080874443054199
sqrt,5,0.0129155,0.3,20,0.6033333333333334,0.12534397117975446,675,0.65,0.4166666666666667,0.55,0.8,0.6000000000000001,0.46811857223510744,0.020806026458740235
sqrt,5,0.0129155,0.3,50,0.6433333333333333,0.11382247385975915,568,0.6333333333333333,0.7166666666666667,0.55,0.8166666666666667,0.5,0.4739501476287842,0.020627498626708984
sqrt,5,0.0129155,0.5,5,0.54,0.1057250101810247,753,0.35,0.6333333333333333,0.6166666666666667,0.6,0.5,0.46419672966003417,0.020756006240844727
sqrt,5,0.0129155,0.5,10,0.49333333333333335,0.1284955684493092,769,0.25,0.5166666666666667,0.6,0.6,0.5,0.46494007110595703,0.02060537338256836
sqrt,5,0.0129155,0.5,20,0.6033333333333334,0.12534397117975446,675,0.65,0.4166666666666667,0.55,0.8,0.6000000000000001,0.4693786144256592,0.02076692581176758
sqrt,5,0.0129155,0.5,50,0.6433333333333333,0.11382247385975915,568,0.6333333333333333,0.7166666666666667,0.55,0.8166666666666667,0.5,0.4732665061950684,0.020798492431640624
sqrt,5,0.0129155,0.7,5,0.54,0.1057250101810247,753,0.35,0.6333333333333333,0.6166666666666667,0.6,0.5,0.46452980041503905,0.020651578903198242
sqrt,5,0.0129155,0.7,10,0.49333333333333335,0.1284955684493092,769,0.25,0.5166666666666667,0.6,0.6,0.5,0.4651026725769043,0.020737886428833008
sqrt,5,0.0129155,0.7,20,0.6033333333333334,0.12534397117975446,675,0.65,0.4166666666666667,0.55,0.8,0.6000000000000001,0.4685947895050049,0.020818424224853516
sqrt,5,0.0129155,0.7,50,0.6433333333333333,0.11382247385975915,568,0.6333333333333333,0.7166666666666667,0.55,0.8166666666666667,0.5,0.4741808891296387,0.020812463760375977
sqrt,5,0.0129155,0.9,5,0.54,0.1057250101810247,753,0.35,0.6333333333333333,0.6166666666666667,0.6,0.5,0.46558394432067873,0.020628690719604492
sqrt,5,0.0129155,0.9,10,0.49333333333333335,0.1284955684493092,769,0.25,0.5166666666666667,0.6,0.6,0.5,0.46554079055786135,0.020761537551879882
sqrt,5,0.0129155,0.9,20,0.6033333333333334,0.12534397117975446,675,0.65,0.4166666666666667,0.55,0.8,0.6000000000000001,0.46844282150268557,0.020682001113891603
sqrt,5,0.0129155,0.9,50,0.6433333333333333,0.11382247385975915,568,0.6333333333333333,0.7166666666666667,0.55,0.8166666666666667,0.5,0.4756157398223877,0.020690727233886718
sqrt,5,0.0464159,0.1,5,0.71,0.09345230512584125,182,0.7166666666666667,0.65,0.5666666666666667,0.8166666666666667,0.8,0.48731222152709963,0.02225942611694336
sqrt,5,0.0464159,0.1,10,0.6900000000000001,0.10519822558706336,296,0.8,0.5666666666666667,0.5666666666666667,0.7166666666666667,0.8,0.48953847885131835,0.020641803741455078
sqrt,5,0.0464159,0.1,20,0.7033333333333334,0.05517648452415616,222,0.8,0.65,0.65,0.7166666666666667,0.7,0.4911159038543701,0.020809316635131837
sqrt,5,0.0464159,0.1,50,0.7233333333333334,0.04898979485566358,119,0.8,0.7333333333333334,0.65,0.7333333333333334,0.7,0.4947511672973633,0.02073063850402832
sqrt,5,0.0464159,0.3,5,0.6866666666666668,0.07702813338860898,315,0.7,0.65,0.5666666666666667,0.7166666666666667,0.8,0.4874525547027588,0.020710086822509764
sqrt,5,0.0464159,0.3,10,0.6833333333333333,0.10055402085998905,363,0.8,0.55,0.65,0.6166666666666667,0.8,0.4924278259277344,0.021054792404174804
sqrt,5,0.0464159,0.3,20,0.6633333333333333,0.08393118874676113,451,0.8,0.65,0.55,0.6166666666666667,0.7,0.4931910037994385,0.020716190338134766
sqrt,5,0.0464159,0.3,50,0.76,0.062003584125794244,31,0.8,0.7333333333333334,0.65,0.8166666666666667,0.8,0.49750776290893556,0.020781850814819335
sqrt,5,0.0464159,0.5,5,0.6866666666666668,0.16679994670929071,315,0.7,0.7333333333333334,0.3666666666666667,0.8333333333333333,0.8,0.48178491592407224,0.020652961730957032
sqrt,5,0.0464159,0.5,10,0.7433333333333332,0.09977753031397177,84,0.7,0.8166666666666667,0.5666666666666667,0.8333333333333333,0.8,0.4852804660797119,0.02041940689086914
sqrt,5,0.0464159,0.5,20,0.74,0.071956777149743,87,0.7,0.8166666666666667,0.65,0.8333333333333333,0.7,0.48628621101379393,0.020568370819091797
sqrt,5,0.0464159,0.5,50,0.7233333333333333,0.061101009266077845,140,0.7,0.8333333333333333,0.65,0.7333333333333334,0.7,0.4940514087677002,0.020698356628417968
sqrt,5,0.0464159,0.7,5,0.54,0.1057250101810247,753,0.35,0.6333333333333333,0.6166666666666667,0.6,0.5,0.46812262535095217,0.020693159103393553
sqrt,5,0.0464159,0.7,10,0.49333333333333335,0.1284955684493092,769,0.25,0.5166666666666667,0.6,0.6,0.5,0.46903438568115235,0.02078537940979004
sqrt,5,0.0464159,0.7,20,0.6033333333333334,0.12534397117975446,675,0.65,0.4166666666666667,0.55,0.8,0.6000000000000001,0.4710243225097656,0.0207674503326416
sqrt,5,0.0464159,0.7,50,0.6433333333333333,0.11382247385975915,568,0.6333333333333333,0.7166666666666667,0.55,0.8166666666666667,0.5,0.47689318656921387,0.020836257934570314
sqrt,5,0.0464159,0.9,5,0.54,0.1057250101810247,753,0.35,0.6333333333333333,0.6166666666666667,0.6,0.5,0.4676546096801758,0.020799875259399414
sqrt,5,0.0464159,0.9,10,0.49333333333333335,0.1284955684493092,769,0.25,0.5166666666666667,0.6,0.6,0.5,0.46848354339599607,0.020817899703979494
sqrt,5,0.0464159,0.9,20,0.6033333333333334,0.12534397117975446,675,0.65,0.4166666666666667,0.55,0.8,0.6000000000000001,0.47083725929260256,0.02075672149658203
sqrt,5,0.0464159,0.9,50,0.6433333333333333,0.11382247385975915,568,0.6333333333333333,0.7166666666666667,0.55,0.8166666666666667,0.5,0.47682976722717285,0.020595312118530273
sqrt,5,0.16681,0.1,5,0.6933333333333334,0.08730533902472529,284,0.7166666666666667,0.65,0.5666666666666667,0.8333333333333333,0.7,0.5174055099487305,0.020788908004760742
sqrt,5,0.16681,0.1,10,0.6333333333333333,0.1636391694484477,601,0.7166666666666667,0.4666666666666667,0.4666666666666667,0.6166666666666667,0.9,0.5196064949035645,0.020699596405029295
sqrt,5,0.16681,0.1,20,0.6700000000000002,0.13266499161421602,406,0.8,0.5666666666666667,0.4666666666666667,0.7166666666666667,0.8,0.5209980964660644,0.020728588104248047
sqrt,5,0.16681,0.1,50,0.7033333333333334,0.06446359868604573,222,0.7166666666666667,0.7333333333333334,0.65,0.6166666666666667,0.8,0.5251705646514893,0.021003103256225585
sqrt,5,0.16681,0.3,5,0.6766666666666666,0.1565602475442317,390,0.6166666666666667,0.48333333333333334,0.5666666666666667,0.8166666666666667,0.9,0.5211005210876465,0.02072315216064453
sqrt,5,0.16681,0.3,10,0.6533333333333333,0.11990737165736633,465,0.7166666666666667,0.4666666666666667,0.5666666666666667,0.7166666666666667,0.8,0.522926139831543,0.020670032501220702
sqrt,5,0.16681,0.3,20,0.6666666666666667,0.11595018087284059,420,0.7166666666666667,0.7333333333333334,0.4666666666666667,0.6166666666666667,0.8,0.5263913631439209,0.020801830291748046
sqrt,5,0.16681,0.3,50,0.7433333333333334,0.08406346808612328,61,0.8,0.8333333333333333,0.65,0.6333333333333333,0.8,0.5335777282714844,0.02092113494873047
sqrt,5,0.16681,0.5,5,0.6933333333333334,0.10883218478209672,284,0.7166666666666667,0.5666666666666667,0.5666666666666667,0.8166666666666667,0.8,0.5280340671539306,0.020931529998779296
sqrt,5,0.16681,0.5,10,0.7066666666666667,0.12138094304022083,202,0.8,0.55,0.5666666666666667,0.8166666666666667,0.8,0.5285467147827149,0.02081718444824219
sqrt,5,0.16681,0.5,20,0.6833333333333333,0.1206464071390257,363,0.6166666666666667,0.6333333333333333,0.55,0.7166666666666667,0.9,0.5307470798492432,0.02086219787597656
sqrt,5,0.16681,0.5,50,0.76,0.06716480559869961,31,0.8,0.8333333333333333,0.65,0.7166666666666667,0.8,0.5361444473266601,0.020780372619628906
sqrt,5,0.16681,0.7,5,0.6933333333333334,0.10883218478209672,284,0.8166666666666667,0.5666666666666667,0.5666666666666667,0.7166666666666667,0.8,0.5320728778839111,0.020905017852783203
sqrt,5,0.16681,0.7,10,0.7066666666666667,0.08981462390204988,202,0.8,0.65,0.5666666666666667,0.7166666666666667,0.8,0.5330124855041504,0.02075204849243164
sqrt,5,0.16681,0.7,20,0.6866666666666668,0.09854496999396321,315,0.8,0.55,0.65,0.6333333333333333,0.8,0.5346204280853272,0.020957565307617186
sqrt,5,0.16681,0.7,50,0.7266666666666666,0.0793025150224688,113,0.7166666666666667,0.8333333333333333,0.65,0.6333333333333333,0.8,0.5451455593109131,0.021261978149414062
sqrt,5,0.16681,0.9,5,0.6699999999999999,0.09092121131323905,413,0.7,0.5666666666666667,0.5666666666666667,0.7166666666666667,0.8,0.5286674976348877,0.02077059745788574
sqrt,5,0.16681,0.9,10,0.6866666666666668,0.10923979738782627,315,0.7166666666666667,0.55,0.5666666666666667,0.8,0.8,0.5304077625274658,0.020813941955566406
sqrt,5,0.16681,0.9,20,0.6433333333333333,0.05637178175095917,568,0.6166666666666667,0.55,0.65,0.7,0.7,0.5325582027435303,0.020806169509887694
sqrt,5,0.16681,0.9,50,0.7233333333333334,0.07118052168020876,119,0.8,0.7333333333333334,0.65,0.6333333333333333,0.8,0.538669204711914,0.020704889297485353
sqrt,5,0.599484,0.1,5,0.6733333333333335,0.11953614051360736,393,0.7166666666666667,0.65,0.4666666666666667,0.8333333333333333,0.7,0.5857449054718018,0.020735931396484376
sqrt,5,0.599484,0.1,10,0.71,0.15260697523012795,182,0.7166666666666667,0.4666666666666667,0.8333333333333333,0.6333333333333333,0.9,0.5872855663299561,0.020733213424682616
sqrt,5,0.599484,0.1,20,0.6866666666666668,0.12355835328567095,315,0.8,0.65,0.4666666666666667,0.7166666666666667,0.8,0.5882387161254883,0.020594263076782228
sqrt,5,0.599484,0.1,50,0.7200000000000001,0.07557189365836424,148,0.8,0.7333333333333334,0.65,0.6166666666666667,0.8,0.593361234664917,0.020869731903076172
sqrt,5,0.599484,0.3,5,0.6133333333333334,0.12174654911833113,638,0.6166666666666667,0.55,0.4666666666666667,0.8333333333333333,0.6,0.6085994243621826,0.020737504959106444
sqrt,5,0.599484,0.3,10,0.6333333333333334,0.0641179468722378,592,0.7166666666666667,0.5666666666666667,0.5666666666666667,0.6166666666666667,0.7,0.6143964290618896,0.02092766761779785
sqrt,5,0.599484,0.3,20,0.7433333333333334,0.05120763831912408,61,0.8,0.7333333333333334,0.6666666666666666,0.7166666666666667,0.8,0.6140681743621826,0.02081785202026367
sqrt,5,0.599484,0.3,50,0.7033333333333334,0.06000000000000002,222,0.8,0.7333333333333334,0.65,0.6333333333333333,0.7,0.6173105239868164,0.020894241333007813
sqrt,5,0.599484,0.5,5,0.5933333333333334,0.08730533902472531,693,0.6166666666666667,0.55,0.4666666666666667,0.7333333333333334,0.6,0.6271370410919189,0.02107267379760742
sqrt,5,0.599484,0.5,10,0.6333333333333334,0.06749485577105528,592,0.7166666666666667,0.55,0.5666666666666667,0.6333333333333333,0.7,0.6347093105316162,0.02175617218017578
sqrt,5,0.599484,0.5,20,0.6833333333333333,0.03651483716701109,363,0.7,0.7333333333333334,0.65,0.6333333333333333,0.7,0.6274872303009034,0.021021556854248048
sqrt,5,0.599484,0.5,50,0.7233333333333333,0.07999999999999999,140,0.7,0.8333333333333333,0.65,0.6333333333333333,0.8,0.6317954540252686,0.020938920974731445
sqrt,5,0.599484,0.7,5,0.6100000000000001,0.02494438257849293,653,0.6166666666666667,0.6333333333333333,0.5666666666666667,0.6333333333333333,0.6000000000000001,0.6411107063293457,0.020786237716674805
sqrt,5,0.599484,0.7,10,0.6566666666666666,0.1271918935222594,461,0.7166666666666667,0.4666666666666667,0.5666666666666667,0.8333333333333333,0.7,0.6441214561462403,0.020775222778320314
sqrt,5,0.599484,0.7,20,0.6666666666666666,0.04346134936801767,427,0.6166666666666667,0.7333333333333334,0.65,0.6333333333333333,0.7,0.6480672359466553,0.020605039596557618
sqrt,5,0.599484,0.7,50,0.7233333333333333,0.08,140,0.8,0.8333333333333333,0.65,0.6333333333333333,0.7,0.6510511875152588,0.02070446014404297
sqrt,5,0.599484,0.9,5,0.6866666666666668,0.07986099033807295,315,0.7166666666666667,0.6333333333333333,0.5666666666666667,0.7166666666666667,0.8,0.654906177520752,0.02109847068786621
sqrt,5,0.599484,0.9,10,0.6533333333333333,0.07180219742846007,465,0.7,0.5666666666666667,0.5666666666666667,0.7333333333333334,0.7,0.658737325668335,0.02080216407775879
sqrt,5,0.599484,0.9,20,0.7,0.02788866755113586,265,0.7166666666666667,0.7333333333333334,0.65,0.7,0.7,0.6599112987518311,0.021013259887695312
sqrt,5,0.599484,0.9,50,0.7633333333333333,0.06531972647421806,24,0.8,0.8333333333333333,0.65,0.7333333333333334,0.8,0.6625958442687988,0.02079463005065918
sqrt,5,2.15443,0.1,5,0.6733333333333335,0.11953614051360736,393,0.7166666666666667,0.65,0.4666666666666667,0.8333333333333333,0.7,0.7151139259338379,0.020764780044555665
sqrt,5,2.15443,0.1,10,0.69,0.14126413400278062,310,0.7166666666666667,0.4666666666666667,0.7333333333333334,0.6333333333333333,0.9,0.716679859161377,0.02068610191345215
sqrt,5,2.15443,0.1,20,0.6666666666666667,0.13540064007726602,420,0.8,0.55,0.4666666666666667,0.7166666666666667,0.8,0.7178150177001953,0.020820808410644532
sqrt,5,2.15443,0.1,50,0.7200000000000001,0.07557189365836424,148,0.8,0.7333333333333334,0.65,0.6166666666666667,0.8,0.721180534362793,0.020785140991210937
sqrt,5,2.15443,0.3,5,0.6533333333333334,0.12174654911833113,463,0.7166666666666667,0.65,0.4666666666666667,0.8333333333333333,0.6,0.7629805088043213,0.02088651657104492
sqrt,5,2.15443,0.3,10,0.5966666666666667,0.07774602526460399,691,0.6166666666666667,0.4666666666666667,0.5666666666666667,0.6333333333333333,0.7,0.7620372772216797,0.020853662490844728
sqrt,5,2.15443,0.3,20,0.7033333333333334,0.12310790208412926,222,0.8,0.7333333333333334,0.4666666666666667,0.7166666666666667,0.8,0.7637505054473877,0.021084976196289063
sqrt,5,2.15443,0.3,50,0.7033333333333334,0.06000000000000002,222,0.8,0.7333333333333334,0.65,0.6333333333333333,0.7,0.7686821460723877,0.020888662338256835
sqrt,5,2.15443,0.5,5,0.5933333333333334,0.08730533902472531,693,0.6166666666666667,0.55,0.4666666666666667,0.7333333333333334,0.6,0.8090061664581298,0.020756101608276366
sqrt,5,2.15443,0.5,10,0.6366666666666667,0.06359594676112972,586,0.7166666666666667,0.5666666666666667,0.5666666666666667,0.6333333333333333,0.7,0.8182537078857421,0.02129025459289551
sqrt,5,2.15443,0.5,20,0.6866666666666668,0.08055363982396384,315,0.7,0.7333333333333334,0.5666666666666667,0.6333333333333333,0.8,0.8133459091186523,0.021074390411376952
sqrt,5,2.15443,0.5,50,0.6833333333333333,0.07302967433402217,363,0.8,0.7333333333333334,0.65,0.6333333333333333,0.6,0.8170028686523437,0.020870399475097657
sqrt,5,2.15443,0.7,5,0.6133333333333333,0.09741092797468306,642,0.6166666666666667,0.55,0.4666666666666667,0.7333333333333334,0.7,0.8591095924377441,0.02087512016296387
sqrt,5,2.15443,0.7,10,0.6333333333333334,0.06749485577105528,592,0.7166666666666667,0.55,0.5666666666666667,0.6333333333333333,0.7,0.8633834838867187,0.02168698310852051
sqrt,5,2.15443,0.7,20,0.7033333333333334,0.060000000000000026,222,0.7,0.7333333333333334,0.65,0.6333333333333333,0.8,0.8636520862579345,0.020761728286743164
sqrt,5,2.15443,0.7,50,0.7233333333333334,0.07118052168020876,119,0.8,0.7333333333333334,0.65,0.6333333333333333,0.8,0.8646947383880615,0.020946455001831055
sqrt,5,2.15443,0.9,5,0.6300000000000001,0.09213516640723503,610,0.6166666666666667,0.6333333333333333,0.4666666666666667,0.7333333333333334,0.7,0.8370896339416504,0.020734214782714845
sqrt,5,2.15443,0.9,10,0.6133333333333333,0.09153020145163987,642,0.6166666666666667,0.4666666666666667,0.5666666666666667,0.7166666666666667,0.7,0.8373936653137207,0.02086915969848633
sqrt,5,2.15443,0.9,20,0.7,0.02788866755113586,265,0.7,0.7333333333333334,0.65,0.7166666666666667,0.7,0.8424752712249756,0.02068018913269043
sqrt,5,2.15443,0.9,50,0.7266666666666668,0.08339997335464534,101,0.6166666666666667,0.8333333333333333,0.65,0.7333333333333334,0.8,0.8444166660308838,0.020783519744873045
sqrt,5,7.74264,0.1,5,0.6900000000000001,0.12935738607954836,296,0.8166666666666667,0.65,0.4666666666666667,0.8166666666666667,0.7,0.8178730964660644,0.02075047492980957
sqrt,5,7.74264,0.1,10,0.7066666666666667,0.11671427600007732,202,0.7166666666666667,0.55,0.7333333333333334,0.6333333333333333,0.9,0.8179970741271972,0.020720911026000977
sqrt,5,7.74264,0.1,20,0.6733333333333332,0.13399834161494523,397,0.8,0.4666666666666667,0.5666666666666667,0.7333333333333334,0.8,0.8175912380218506,0.020990276336669923
sqrt,5,7.74264,0.1,50,0.74,0.056371781750959214,87,0.8,0.7333333333333334,0.65,0.7166666666666667,0.8,0.8221907138824462,0.02093987464904785
sqrt,5,7.74264,0.3,5,0.6533333333333333,0.12970050972229144,465,0.7166666666666667,0.55,0.4666666666666667,0.8333333333333333,0.7,0.9622200489044189,0.020716428756713867
sqrt,5,7.74264,0.3,10,0.69,0.13727506854649335,310,0.8,0.55,0.5666666666666667,0.6333333333333333,0.9,0.9655208587646484,0.02076272964477539
sqrt,5,7.74264,0.3,20,0.6833333333333333,0.12472191289246473,363,0.8,0.6333333333333333,0.4666666666666667,0.7166666666666667,0.8,0.9683950901031494,0.020730876922607423
sqrt,5,7.74264,0.3,50,0.7033333333333334,0.06000000000000002,222,0.8,0.7333333333333334,0.65,0.6333333333333333,0.7,0.9729246616363525,0.020639657974243164
sqrt,5,7.74264,0.5,5,0.6533333333333334,0.14659088951530677,463,0.8166666666666667,0.55,0.4666666666666667,0.8333333333333333,0.6,1.0272654056549073,0.02183232307434082
sqrt,5,7.74264,0.5,10,0.6133333333333333,0.07845734863959879,642,0.6166666666666667,0.4666666666666667,0.65,0.6333333333333333,0.7,1.0305048465728759,0.02071413993835449
sqrt,5,7.74264,0.5,20,0.6833333333333333,0.12472191289246473,363,0.8,0.6333333333333333,0.4666666666666667,0.7166666666666667,0.8,1.0245166778564454,0.020757579803466798
sqrt,5,7.74264,0.5,50,0.7033333333333334,0.132664991614216,222,0.8,0.8333333333333333,0.55,0.5333333333333333,0.8,1.0332031726837159,0.020755624771118163
sqrt,5,7.74264,0.7,5,0.5933333333333334,0.08730533902472531,693,0.6166666666666667,0.55,0.4666666666666667,0.7333333333333334,0.6,1.1471014499664307,0.021223926544189455
sqrt,5,7.74264,0.7,10,0.6333333333333334,0.043461349368017654,592,0.6166666666666667,0.5666666666666667,0.65,0.6333333333333333,0.7,1.1486368656158448,0.02088785171508789
sqrt,5,7.74264,0.7,20,0.6866666666666668,0.08393118874676116,315,0.6166666666666667,0.7333333333333334,0.5666666666666667,0.7166666666666667,0.8,1.149592924118042,0.020877552032470704
sqrt,5,7.74264,0.7,50,0.7200000000000001,0.04876246279442599,148,0.8,0.7333333333333334,0.65,0.7166666666666667,0.7,1.1561065673828126,0.020810985565185548
sqrt,5,7.74264,0.9,5,0.6133333333333334,0.10077477638553983,638,0.7166666666666667,0.55,0.4666666666666667,0.7333333333333334,0.6,1.1759796619415284,0.02086801528930664
sqrt,5,7.74264,0.9,10,0.6166666666666666,0.09189365834726813,636,0.7166666666666667,0.4666666666666667,0.5666666666666667,0.6333333333333333,0.7,1.1792026042938233,0.020888805389404297
sqrt,5,7.74264,0.9,20,0.7033333333333334,0.076303487615064,222,0.7,0.7333333333333334,0.5666666666666667,0.7166666666666667,0.8,1.1898266315460204,0.020848798751831054
sqrt,5,7.74264,0.9,50,0.7200000000000001,0.04876246279442599,148,0.8,0.7333333333333334,0.65,0.7166666666666667,0.7,1.1971771240234375,0.02069993019104004
sqrt,5,27.8256,0.1,5,0.6900000000000001,0.08205689083394113,296,0.7166666666666667,0.65,0.5666666666666667,0.8166666666666667,0.7,0.7208421707153321,0.020711326599121095
sqrt,5,27.8256,0.1,10,0.5700000000000001,0.08781293248212993,717,0.7166666666666667,0.55,0.45,0.5333333333333333,0.6,0.7222196578979492,0.020755529403686523
sqrt,5,27.8256,0.1,20,0.7066666666666667,0.07717224601860154,202,0.8,0.6333333333333333,0.6666666666666666,0.6333333333333333,0.8,0.7296270370483399,0.02088441848754883
sqrt,5,27.8256,0.1,50,0.7366666666666667,0.058118652580542336,97,0.8,0.7333333333333334,0.65,0.8,0.7,0.728122329711914,0.020677471160888673
sqrt,5,27.8256,0.3,5,0.6900000000000001,0.12935738607954836,296,0.8166666666666667,0.65,0.4666666666666667,0.8166666666666667,0.7,0.9672589302062988,0.020869064331054687
sqrt,5,27.8256,0.3,10,0.6666666666666666,0.0674948557710553,427,0.7166666666666667,0.55,0.7333333333333334,0.6333333333333333,0.7,0.9697514057159424,0.02090287208557129
sqrt,5,27.8256,0.3,20,0.7066666666666667,0.09285592184789417,202,0.8,0.6333333333333333,0.5666666666666667,0.7333333333333334,0.8,0.9669469833374024,0.020835065841674806
sqrt,5,27.8256,0.3,50,0.7200000000000001,0.04876246279442599,148,0.8,0.7333333333333334,0.65,0.7166666666666667,0.7,0.9753600120544433,0.020787620544433595
sqrt,5,27.8256,0.5,5,0.6733333333333335,0.11953614051360736,393,0.7166666666666667,0.65,0.4666666666666667,0.8333333333333333,0.7,1.128387212753296,0.020857858657836913
sqrt,5,27.8256,0.5,10,0.7266666666666666,0.12762793146051096,113,0.7166666666666667,0.55,0.8333333333333333,0.6333333333333333,0.9,1.1398053169250488,0.020813894271850587
sqrt,5,27.8256,0.5,20,0.6833333333333333,0.12472191289246473,363,0.8,0.6333333333333333,0.4666666666666667,0.7166666666666667,0.8,1.1285067081451416,0.020822954177856446
sqrt,5,27.8256,0.5,50,0.7,0.06411794687223782,265,0.8,0.7333333333333334,0.65,0.6166666666666667,0.7,1.1300459384918213,0.021470069885253906
sqrt,5,27.8256,0.7,5,0.6533333333333333,0.12970050972229144,465,0.7166666666666667,0.55,0.4666666666666667,0.8333333333333333,0.7,1.2186511516571046,0.020996856689453124
sqrt,5,27.8256,0.7,10,0.6733333333333332,0.13274871834493251,397,0.7166666666666667,0.55,0.6666666666666666,0.5333333333333333,0.9,1.224776315689087,0.02091360092163086
sqrt,5,27.8256,0.7,20,0.6833333333333333,0.12472191289246473,363,0.8,0.6333333333333333,0.4666666666666667,0.7166666666666667,0.8,1.2220394134521484,0.02089519500732422
sqrt,5,27.8256,0.7,50,0.6666666666666666,0.07226494462892934,427,0.7166666666666667,0.7333333333333334,0.65,0.5333333333333333,0.7,1.2257240772247315,0.020770931243896486
sqrt,5,27.8256,0.9,5,0.6133333333333334,0.10077477638553983,638,0.7166666666666667,0.55,0.4666666666666667,0.7333333333333334,0.6,1.2854239463806152,0.02088160514831543
sqrt,5,27.8256,0.9,10,0.6133333333333333,0.13097921802925666,642,0.7,0.4666666666666667,0.4666666666666667,0.6333333333333333,0.8,1.271960973739624,0.020753955841064452
sqrt,5,27.8256,0.9,20,0.7033333333333334,0.12310790208412926,222,0.8,0.7333333333333334,0.4666666666666667,0.7166666666666667,0.8,1.2807656288146974,0.020785760879516602
sqrt,5,27.8256,0.9,50,0.7066666666666667,0.10780641085864152,202,0.7166666666666667,0.8333333333333333,0.65,0.5333333333333333,0.8,1.3082646369934081,0.020726966857910156
sqrt,5,100.0,0.1,5,0.67,0.08906926143924926,407,0.7166666666666667,0.65,0.5666666666666667,0.8166666666666667,0.6,0.7534476280212402,0.02082676887512207
sqrt,5,100.0,0.1,10,0.67,0.1780761385225744,407,0.7166666666666667,0.55,0.55,0.5333333333333333,1.0,0.754564619064331,0.02093214988708496
sqrt,5,100.0,0.1,20,0.74,0.056371781750959214,87,0.8,0.7333333333333334,0.65,0.7166666666666667,0.8,0.7569211483001709,0.020897865295410156
sqrt,5,100.0,0.1,50,0.7,0.06411794687223782,265,0.8,0.7333333333333334,0.65,0.6166666666666667,0.7,0.7606559753417969,0.020891237258911132
sqrt,5,100.0,0.3,5,0.6900000000000001,0.08205689083394113,296,0.7166666666666667,0.65,0.5666666666666667,0.8166666666666667,0.7,0.7746308326721192,0.0207855224609375
sqrt,5,100.0,0.3,10,0.5700000000000001,0.08781293248212993,717,0.7166666666666667,0.55,0.45,0.5333333333333333,0.6,0.7761290073394775,0.02067279815673828
sqrt,5,100.0,0.3,20,0.7266666666666668,0.06798692684790383,101,0.8,0.7333333333333334,0.6666666666666666,0.6333333333333333,0.8,0.7781017303466797,0.021188068389892577
sqrt,5,100.0,0.3,50,0.7366666666666667,0.058118652580542336,97,0.8,0.7333333333333334,0.65,0.8,0.7,0.7842609405517578,0.020847797393798828
sqrt,5,100.0,0.5,5,0.6900000000000001,0.08205689083394113,296,0.7166666666666667,0.65,0.5666666666666667,0.8166666666666667,0.7,0.8272471904754639,0.02070155143737793
sqrt,5,100.0,0.5,10,0.65,0.08232726023485645,545,0.7166666666666667,0.55,0.55,0.7333333333333334,0.7,0.8344407081604004,0.02087888717651367
sqrt,5,100.0,0.5,20,0.7266666666666668,0.06798692684790383,101,0.8,0.7333333333333334,0.6666666666666666,0.6333333333333333,0.8,0.8354610919952392,0.02071390151977539
sqrt,5,100.0,0.5,50,0.7,0.06411794687223782,265,0.8,0.7333333333333334,0.65,0.6166666666666667,0.7,0.8375288486480713,0.0209169864654541
sqrt,5,100.0,0.7,5,0.71,0.09695359714832658,182,0.8166666666666667,0.65,0.5666666666666667,0.8166666666666667,0.7,0.9240430355072021,0.020756006240844727
sqrt,5,100.0,0.7,10,0.61,0.0992191737742481,657,0.7166666666666667,0.55,0.45,0.6333333333333333,0.7,0.9280842304229736,0.020644187927246094
sqrt,5,100.0,0.7,20,0.6866666666666668,0.14809906594348707,315,0.8,0.55,0.4666666666666667,0.8166666666666667,0.8,0.9295209884643555,0.020771360397338866
sqrt,5,100.0,0.7,50,0.7,0.06411794687223782,265,0.8,0.7333333333333334,0.65,0.6166666666666667,0.7,0.933599328994751,0.02082991600036621
sqrt,5,100.0,0.9,5,0.71,0.09695359714832658,182,0.8166666666666667,0.65,0.5666666666666667,0.8166666666666667,0.7,1.0409759998321533,0.020755958557128907
sqrt,5,100.0,0.9,10,0.6666666666666666,0.0674948557710553,427,0.7166666666666667,0.55,0.7333333333333334,0.6333333333333333,0.7,1.045234251022339,0.020732784271240236
sqrt,5,100.0,0.9,20,0.7033333333333334,0.09797958971132714,222,0.8,0.6333333333333333,0.55,0.7333333333333334,0.8,1.0407383441925049,0.020788192749023438
sqrt,5,100.0,0.9,50,0.7,0.06411794687223782,265,0.8,0.7333333333333334,0.65,0.6166666666666667,0.7,1.0459991931915282,0.02083592414855957
0.3,1,0.001,0.1,5,0.6533333333333333,0.09741092797468302,465,0.5333333333333333,0.6166666666666667,0.8166666666666667,0.7,0.6000000000000001,0.4741968631744385,0.020976781845092773
0.3,1,0.001,0.1,10,0.6533333333333333,0.10402991022884822,465,0.6333333333333333,0.6166666666666667,0.8166666666666667,0.7,0.5,0.4772922992706299,0.021144771575927736
0.3,1,0.001,0.1,20,0.6866666666666668,0.09854496999396323,315,0.55,0.6333333333333333,0.65,0.8,0.8,0.4865585803985596,0.02093782424926758
0.3,1,0.001,0.1,50,0.5866666666666667,0.12265579661982733,700,0.45,0.55,0.6333333333333333,0.8,0.5,0.5091040134429932,0.020825004577636717
0.3,1,0.001,0.3,5,0.6533333333333333,0.09741092797468302,465,0.5333333333333333,0.6166666666666667,0.8166666666666667,0.7,0.6000000000000001,0.47180566787719724,0.020856523513793947
0.3,1,0.001,0.3,10,0.6533333333333333,0.10402991022884822,465,0.6333333333333333,0.6166666666666667,0.8166666666666667,0.7,0.5,0.47770113945007325,0.021005535125732423
0.3,1,0.001,0.3,20,0.6866666666666668,0.09854496999396323,315,0.55,0.6333333333333333,0.65,0.8,0.8,0.4871175765991211,0.020925140380859374
0.3,1,0.001,0.3,50,0.5866666666666667,0.12265579661982733,700,0.45,0.55,0.6333333333333333,0.8,0.5,0.5073947906494141,0.02105269432067871
0.3,1,0.001,0.5,5,0.6533333333333333,0.09741092797468302,465,0.5333333333333333,0.6166666666666667,0.8166666666666667,0.7,0.6000000000000001,0.47380547523498534,0.021190738677978514
0.3,1,0.001,0.5,10,0.6533333333333333,0.10402991022884822,465,0.6333333333333333,0.6166666666666667,0.8166666666666667,0.7,0.5,0.47803611755371095,0.02096562385559082
0.3,1,0.001,0.5,20,0.6866666666666668,0.09854496999396323,315,0.55,0.6333333333333333,0.65,0.8,0.8,0.4859426498413086,0.021012163162231444
0.3,1,0.001,0.5,50,0.5866666666666667,0.12265579661982733,700,0.45,0.55,0.6333333333333333,0.8,0.5,0.5046239852905273,0.020966720581054688
0.3,1,0.001,0.7,5,0.6533333333333333,0.09741092797468302,465,0.5333333333333333,0.6166666666666667,0.8166666666666667,0.7,0.6000000000000001,0.472015380859375,0.021127605438232423
0.3,1,0.001,0.7,10,0.6533333333333333,0.10402991022884822,465,0.6333333333333333,0.6166666666666667,0.8166666666666667,0.7,0.5,0.47864460945129395,0.020880889892578126
0.3,1,0.001,0.7,20,0.6866666666666668,0.09854496999396323,315,0.55,0.6333333333333333,0.65,0.8,0.8,0.4866007328033447,0.02098426818847656
0.3,1,0.001,0.7,50,0.5866666666666667,0.12265579661982733,700,0.45,0.55,0.6333333333333333,0.8,0.5,0.5046810626983642,0.020972251892089844
0.3,1,0.001,0.9,5,0.6533333333333333,0.09741092797468302,465,0.5333333333333333,0.6166666666666667,0.8166666666666667,0.7,0.6000000000000001,0.4706877708435059,0.02111926078796387
0.3,1,0.001,0.9,10,0.6533333333333333,0.10402991022884822,465,0.6333333333333333,0.6166666666666667,0.8166666666666667,0.7,0.5,0.4784087657928467,0.021182441711425783
0.3,1,0.001,0.9,20,0.6866666666666668,0.09854496999396323,315,0.55,0.6333333333333333,0.65,0.8,0.8,0.48813180923461913,0.02130570411682129
0.3,1,0.001,0.9,50,0.5866666666666667,0.12265579661982733,700,0.45,0.55,0.6333333333333333,0.8,0.5,0.5070847034454345,0.021015214920043945
0.3,1,0.00359381,0.1,5,0.6533333333333333,0.09741092797468302,465,0.5333333333333333,0.6166666666666667,0.8166666666666667,0.7,0.6000000000000001,0.4732151985168457,0.020996665954589842
0.3,1,0.00359381,0.1,10,0.6533333333333333,0.10402991022884822,465,0.6333333333333333,0.6166666666666667,0.8166666666666667,0.7,0.5,0.4782390117645264,0.021126699447631837
0.3,1,0.00359381,0.1,20,0.6866666666666668,0.09854496999396323,315,0.55,0.6333333333333333,0.65,0.8,0.8,0.4911063194274902,0.021093177795410156
0.3,1,0.00359381,0.1,50,0.5866666666666667,0.12265579661982733,700,0.45,0.55,0.6333333333333333,0.8,0.5,0.5108871459960938,0.021167945861816407
0.3,1,0.00359381,0.3,5,0.6533333333333333,0.09741092797468302,465,0.5333333333333333,0.6166666666666667,0.8166666666666667,0.7,0.6000000000000001,0.4716798305511475,0.021108722686767577
0.3,1,0.00359381,0.3,10,0.6533333333333333,0.10402991022884822,465,0.6333333333333333,0.6166666666666667,0.8166666666666667,0.7,0.5,0.4790794372558594,0.02097020149230957
0.3,1,0.00359381,0.3,20,0.6866666666666668,0.09854496999396323,315,0.55,0.6333333333333333,0.65,0.8,0.8,0.4867424488067627,0.021048736572265626
0.3,1,0.00359381,0.3,50,0.5866666666666667,0.12265579661982733,700,0.45,0.55,0.6333333333333333,0.8,0.5,0.5053699016571045,0.021047449111938475
0.3,1,0.00359381,0.5,5,0.6533333333333333,0.09741092797468302,465,0.5333333333333333,0.6166666666666667,0.8166666666666667,0.7,0.6000000000000001,0.47102994918823243,0.021059226989746094
0.3,1,0.00359381,0.5,10,0.6533333333333333,0.10402991022884822,465,0.6333333333333333,0.6166666666666667,0.8166666666666667,0.7,0.5,0.47819995880126953,0.02110142707824707
0.3,1,0.00359381,0.5,20,0.6866666666666668,0.09854496999396323,315,0.55,0.6333333333333333,0.65,0.8,0.8,0.4863494873046875,0.020944881439208984
0.3,1,0.00359381,0.5,50,0.5866666666666667,0.12265579661982733,700,0.45,0.55,0.6333333333333333,0.8,0.5,0.5043453693389892,0.020984649658203125
0.3,1,0.00359381,0.7,5,0.6533333333333333,0.09741092797468302,465,0.5333333333333333,0.6166666666666667,0.8166666666666667,0.7,0.6000000000000001,0.4715258598327637,0.020966434478759767
0.3,1,0.00359381,0.7,10,0.6533333333333333,0.10402991022884822,465,0.6333333333333333,0.6166666666666667,0.8166666666666667,0.7,0.5,0.47766666412353515,0.02125124931335449
0.3,1,0.00359381,0.7,20,0.6866666666666668,0.09854496999396323,315,0.55,0.6333333333333333,0.65,0.8,0.8,0.48607625961303713,0.02139430046081543
0.3,1,0.00359381,0.7,50,0.5866666666666667,0.12265579661982733,700,0.45,0.55,0.6333333333333333,0.8,0.5,0.503428840637207,0.02090482711791992
0.3,1,0.00359381,0.9,5,0.6533333333333333,0.09741092797468302,465,0.5333333333333333,0.6166666666666667,0.8166666666666667,0.7,0.6000000000000001,0.47066526412963866,0.02118396759033203
0.3,1,0.00359381,0.9,10,0.6533333333333333,0.10402991022884822,465,0.6333333333333333,0.6166666666666667,0.8166666666666667,0.7,0.5,0.48114933967590334,0.02106132507324219
0.3,1,0.00359381,0.9,20,0.6866666666666668,0.09854496999396323,315,0.55,0.6333333333333333,0.65,0.8,0.8,0.48665738105773926,0.021004533767700194
0.3,1,0.00359381,0.9,50,0.5866666666666667,0.12265579661982733,700,0.45,0.55,0.6333333333333333,0.8,0.5,0.5047808170318604,0.02097458839416504
0.3,1,0.0129155,0.1,5,0.6866666666666666,0.11803954139750517,361,0.6,0.65,0.5666666666666667,0.7166666666666667,0.9,0.48143296241760253,0.020945978164672852
0.3,1,0.0129155,0.1,10,0.7433333333333334,0.09580071908799943,61,0.8,0.65,0.65,0.7166666666666667,0.9,0.4831493854522705,0.02090144157409668
0.3,1,0.0129155,0.1,20,0.7633333333333334,0.16069294390925265,15,0.9,0.7333333333333334,0.4666666666666667,0.8166666666666667,0.9,0.49055981636047363,0.020833873748779298
0.3,1,0.0129155,0.1,50,0.7633333333333334,0.11469767022723502,15,0.8,0.8333333333333333,0.5666666666666667,0.7166666666666667,0.9,0.5061345577239991,0.02087874412536621
0.3,1,0.0129155,0.3,5,0.6533333333333333,0.09741092797468302,465,0.5333333333333333,0.6166666666666667,0.8166666666666667,0.7,0.6000000000000001,0.4707907199859619,0.021018028259277344
0.3,1,0.0129155,0.3,10,0.6533333333333333,0.10402991022884822,465,0.6333333333333333,0.6166666666666667,0.8166666666666667,0.7,0.5,0.4787324905395508,0.02101297378540039
0.3,1,0.0129155,0.3,20,0.6866666666666668,0.09854496999396323,315,0.55,0.6333333333333333,0.65,0.8,0.8,0.49013171195983884,0.022625160217285157
0.3,1,0.0129155,0.3,50,0.5866666666666667,0.12265579661982733,700,0.45,0.55,0.6333333333333333,0.8,0.5,0.5047536373138428,0.021054458618164063
0.3,1,0.0129155,0.5,5,0.6533333333333333,0.09741092797468302,465,0.5333333333333333,0.6166666666666667,0.8166666666666667,0.7,0.6000000000000001,0.4708045482635498,0.021107816696166994
0.3,1,0.0129155,0.5,10,0.6533333333333333,0.10402991022884822,465,0.6333333333333333,0.6166666666666667,0.8166666666666667,0.7,0.5,0.4794155597686768,0.02103705406188965
0.3,1,0.0129155,0.5,20,0.6866666666666668,0.09854496999396323,315,0.55,0.6333333333333333,0.65,0.8,0.8,0.48719043731689454,0.02119135856628418
0.3,1,0.0129155,0.5,50,0.5866666666666667,0.12265579661982733,700,0.45,0.55,0.6333333333333333,0.8,0.5,0.5039716243743897,0.02104334831237793
0.3,1,0.0129155,0.7,5,0.6533333333333333,0.09741092797468302,465,0.5333333333333333,0.6166666666666667,0.8166666666666667,0.7,0.6000000000000001,0.4705845832824707,0.02095003128051758
0.3,1,0.0129155,0.7,10,0.6533333333333333,0.10402991022884822,465,0.6333333333333333,0.6166666666666667,0.8166666666666667,0.7,0.5,0.4781684398651123,0.02130570411682129
0.3,1,0.0129155,0.7,20,0.6866666666666668,0.09854496999396323,315,0.55,0.6333333333333333,0.65,0.8,0.8,0.48632473945617677,0.021269893646240233
0.3,1,0.0129155,0.7,50,0.5866666666666667,0.12265579661982733,700,0.45,0.55,0.6333333333333333,0.8,0.5,0.5045073986053467,0.02095828056335449
0.3,1,0.0129155,0.9,5,0.6533333333333333,0.09741092797468302,465,0.5333333333333333,0.6166666666666667,0.8166666666666667,0.7,0.6000000000000001,0.4722311496734619,0.020937204360961914
0.3,1,0.0129155,0.9,10,0.6533333333333333,0.10402991022884822,465,0.6333333333333333,0.6166666666666667,0.8166666666666667,0.7,0.5,0.47742400169372556,0.02125558853149414
0.3,1,0.0129155,0.9,20,0.6866666666666668,0.09854496999396323,315,0.55,0.6333333333333333,0.65,0.8,0.8,0.4910010814666748,0.02099461555480957
0.3,1,0.0129155,0.9,50,0.5866666666666667,0.12265579661982733,700,0.45,0.55,0.6333333333333333,0.8,0.5,0.5049071788787842,0.021018362045288085
0.3,1,0.0464159,0.1,5,0.72,0.0694422221866655,172,0.8166666666666667,0.7333333333333334,0.7166666666666667,0.7333333333333334,0.6000000000000001,0.4900946140289307,0.020985984802246095
0.3,1,0.0464159,0.1,10,0.7833333333333333,0.08232726023485647,4,0.8,0.65,0.75,0.8166666666666667,0.9,0.4930689811706543,0.020887327194213868
0.3,1,0.0464159,0.1,20,0.7033333333333334,0.09568466729604884,222,0.8,0.7333333333333334,0.5666666666666667,0.6166666666666667,0.8,0.49924654960632325,0.02102670669555664
0.3,1,0.0464159,0.1,50,0.7266666666666668,0.09225568335398698,101,0.8166666666666667,0.7333333333333334,0.5666666666666667,0.8166666666666667,0.7,0.5161673545837402,0.020951032638549805
0.3,1,0.0464159,0.3,5,0.65,0.11450376024878448,545,0.6,0.65,0.4666666666666667,0.7333333333333334,0.8,0.49237856864929197,0.02116403579711914
0.3,1,0.0464159,0.3,10,0.7233333333333334,0.06716480559869963,119,0.8,0.65,0.65,0.7166666666666667,0.8,0.4982501983642578,0.020723676681518553
0.3,1,0.0464159,0.3,20,0.78,0.08781293248212993,9,0.8,0.8333333333333333,0.65,0.7166666666666667,0.9,0.5026810169219971,0.020991420745849608
0.3,1,0.0464159,0.3,50,0.7633333333333334,0.11469767022723502,15,0.8,0.8333333333333333,0.5666666666666667,0.7166666666666667,0.9,0.5192817211151123,0.02085247039794922
0.3,1,0.0464159,0.5,5,0.7266666666666668,0.14704496666741854,101,0.7,0.8333333333333333,0.48333333333333334,0.9166666666666667,0.7,0.4848475456237793,0.02092881202697754
0.3,1,0.0464159,0.5,10,0.7233333333333333,0.09285592184789412,140,0.8,0.7166666666666667,0.5666666666666667,0.8333333333333333,0.7,0.4932281970977783,0.022037696838378907
0.3,1,0.0464159,0.5,20,0.7466666666666667,0.08781293248212993,49,0.6166666666666667,0.8166666666666667,0.6666666666666666,0.8333333333333333,0.8,0.49952330589294436,0.021275997161865234
0.3,1,0.0464159,0.5,50,0.7266666666666666,0.09285592184789412,113,0.7,0.8333333333333333,0.5666666666666667,0.7333333333333334,0.8,0.5137585639953614,0.020822715759277344
0.3,1,0.0464159,0.7,5,0.6533333333333333,0.09741092797468302,465,0.5333333333333333,0.6166666666666667,0.8166666666666667,0.7,0.6000000000000001,0.4718212604522705,0.021102190017700195
0.3,1,0.0464159,0.7,10,0.6533333333333333,0.10402991022884822,465,0.6333333333333333,0.6166666666666667,0.8166666666666667,0.7,0.5,0.47866320610046387,0.020870780944824217
0.3,1,0.0464159,0.7,20,0.6866666666666668,0.09854496999396323,315,0.55,0.6333333333333333,0.65,0.8,0.8,0.4883436679840088,0.020928144454956055
0.3,1,0.0464159,0.7,50,0.5866666666666667,0.12265579661982733,700,0.45,0.55,0.6333333333333333,0.8,0.5,0.5073606491088867,0.02106814384460449
0.3,1,0.0464159,0.9,5,0.6533333333333333,0.09741092797468302,465,0.5333333333333333,0.6166666666666667,0.8166666666666667,0.7,0.6000000000000001,0.4713919639587402,0.02119436264038086
0.3,1,0.0464159,0.9,10,0.6533333333333333,0.10402991022884822,465,0.6333333333333333,0.6166666666666667,0.8166666666666667,0.7,0.5,0.47893600463867186,0.021011495590209962
0.3,1,0.0464159,0.9,20,0.6866666666666668,0.09854496999396323,315,0.55,0.6333333333333333,0.65,0.8,0.8,0.48833723068237306,0.020992088317871093
0.3,1,0.0464159,0.9,50,0.5866666666666667,0.12265579661982733,700,0.45,0.55,0.6333333333333333,0.8,0.5,0.5043257713317871,0.021015739440917967
0.3,1,0.16681,0.1,5,0.7000000000000001,0.05055250296034365,261,0.7166666666666667,0.7333333333333334,0.7166666666666667,0.7333333333333334,0.6000000000000001,0.522214412689209,0.020845746994018553
0.3,1,0.16681,0.1,10,0.6933333333333332,0.127627931460511,294,0.7166666666666667,0.55,0.5666666666666667,0.7333333333333334,0.9,0.5284332752227783,0.020925521850585938
0.3,1,0.16681,0.1,20,0.6633333333333333,0.12578641509408808,451,0.8,0.6333333333333333,0.4666666666666667,0.6166666666666667,0.8,0.5308248996734619,0.020965766906738282
0.3,1,0.16681,0.1,50,0.7233333333333334,0.10624918300339486,119,0.9,0.7333333333333334,0.5666666666666667,0.7166666666666667,0.7,0.5457120418548584,0.020904159545898436
0.3,1,0.16681,0.3,5,0.6633333333333333,0.05312459150169741,451,0.6166666666666667,0.65,0.7166666666666667,0.7333333333333334,0.6000000000000001,0.5245092391967774,0.02087411880493164
0.3,1,0.16681,0.3,10,0.7233333333333333,0.1057250101810247,140,0.8,0.55,0.65,0.8166666666666667,0.8,0.5286925315856934,0.020973825454711915
0.3,1,0.16681,0.3,20,0.7233333333333334,0.12092238098144704,119,0.8,0.7333333333333334,0.5666666666666667,0.6166666666666667,0.9,0.5350739479064941,0.02089977264404297
0.3,1,0.16681,0.3,50,0.7033333333333334,0.076303487615064,222,0.8,0.7333333333333334,0.5666666666666667,0.7166666666666667,0.7,0.5515116214752197,0.021008062362670898
0.3,1,0.16681,0.5,5,0.7633333333333334,0.12174654911833115,15,0.7166666666666667,0.65,0.7166666666666667,0.7333333333333334,1.0,0.5294825553894043,0.02096395492553711
0.3,1,0.16681,0.5,10,0.6866666666666668,0.08393118874676114,315,0.7,0.55,0.65,0.7333333333333334,0.8,0.5354713439941406,0.021100473403930665
0.3,1,0.16681,0.5,20,0.7566666666666666,0.09285592184789412,40,0.8,0.7333333333333334,0.7333333333333334,0.6166666666666667,0.9,0.5411468029022217,0.020986652374267577
0.3,1,0.16681,0.5,50,0.7433333333333334,0.09285592184789415,61,0.8,0.7333333333333334,0.5666666666666667,0.8166666666666667,0.8,0.5568956851959228,0.021033763885498047
0.3,1,0.16681,0.7,5,0.7666666666666666,0.130384048104053,14,0.7,0.65,0.6666666666666666,0.8166666666666667,1.0,0.5370108127593994,0.020977115631103514
0.3,1,0.16681,0.7,10,0.7033333333333334,0.05517648452415617,222,0.7,0.65,0.65,0.7166666666666667,0.8,0.5401936531066894,0.02099580764770508
0.3,1,0.16681,0.7,20,0.7200000000000001,0.07557189365836424,148,0.8,0.7333333333333334,0.65,0.6166666666666667,0.8,0.5464294910430908,0.020950841903686523
0.3,1,0.16681,0.7,50,0.7466666666666667,0.09568466729604884,49,0.8,0.8333333333333333,0.5666666666666667,0.7333333333333334,0.8,0.5621233463287354,0.020915126800537108
0.3,1,0.16681,0.9,5,0.8,0.12156388352540312,1,0.7,0.65,0.8333333333333333,0.8166666666666667,1.0,0.5337952136993408,0.021042871475219726
0.3,1,0.16681,0.9,10,0.7566666666666666,0.051207638319124046,40,0.7,0.7333333333333334,0.8333333333333333,0.7166666666666667,0.8,0.537968635559082,0.020796728134155274
0.3,1,0.16681,0.9,20,0.7433333333333334,0.07498147919467993,61,0.6166666666666667,0.8333333333333333,0.75,0.7166666666666667,0.8,0.5447683811187745,0.02093191146850586
0.3,1,0.16681,0.9,50,0.7433333333333334,0.09637888196533974,61,0.8,0.8333333333333333,0.5666666666666667,0.7166666666666667,0.8,0.5610055446624755,0.02101449966430664
0.3,1,0.599484,0.1,5,0.6866666666666668,0.05312459150169741,315,0.7166666666666667,0.7333333333333334,0.65,0.7333333333333334,0.6000000000000001,0.5888173103332519,0.020938634872436523
0.3,1,0.599484,0.1,10,0.6766666666666666,0.12935738607954836,390,0.7166666666666667,0.55,0.6666666666666666,0.55,0.9,0.594785737991333,0.021020174026489258
0.3,1,0.599484,0.1,20,0.6633333333333333,0.12578641509408808,451,0.8,0.6333333333333333,0.4666666666666667,0.6166666666666667,0.8,0.5988317966461182,0.02110738754272461
0.3,1,0.599484,0.1,50,0.7233333333333334,0.12092238098144704,119,0.9,0.7333333333333334,0.5666666666666667,0.6166666666666667,0.8,0.61578369140625,0.0209104061126709
0.3,1,0.599484,0.3,5,0.6633333333333333,0.10718623460542347,451,0.5166666666666667,0.65,0.7166666666666667,0.8333333333333333,0.6000000000000001,0.6134016036987304,0.021036911010742187
0.3,1,0.599484,0.3,10,0.71,0.062003584125794264,182,0.7166666666666667,0.75,0.65,0.6333333333333333,0.8,0.616232442855835,0.02091836929321289
0.3,1,0.599484,0.3,20,0.7433333333333332,0.09977753031397177,84,0.7,0.8333333333333333,0.5666666666666667,0.8166666666666667,0.8,0.6233622074127197,0.020855236053466796
0.3,1,0.599484,0.3,50,0.72,0.09854496999396321,172,0.9,0.7333333333333334,0.65,0.6166666666666667,0.7,0.6400206565856934,0.02073497772216797
0.3,1,0.599484,0.5,5,0.6233333333333333,0.05436502143433361,618,0.6166666666666667,0.55,0.7166666666666667,0.6333333333333333,0.6000000000000001,0.6312487602233887,0.02095646858215332
0.3,1,0.599484,0.5,10,0.6900000000000001,0.08472176684759222,296,0.7166666666666667,0.55,0.65,0.7333333333333334,0.8,0.6342275142669678,0.02094101905822754
0.3,1,0.599484,0.5,20,0.7433333333333334,0.05734883511361753,61,0.8,0.7333333333333334,0.6666666666666666,0.8166666666666667,0.7,0.6397925853729248,0.02115664482116699
0.3,1,0.599484,0.5,50,0.7033333333333334,0.076303487615064,222,0.8,0.7333333333333334,0.5666666666666667,0.7166666666666667,0.7,0.6552669525146484,0.020891284942626952
0.3,1,0.599484,0.7,5,0.6966666666666667,0.033993463423951924,283,0.7,0.6333333333333333,0.7166666666666667,0.7333333333333334,0.7,0.6480051040649414,0.021279191970825194
0.3,1,0.599484,0.7,10,0.7466666666666667,0.06944222218666553,49,0.7166666666666667,0.6333333333333333,0.8333333333333333,0.75,0.8,0.6513083457946778,0.021011972427368165
0.3,1,0.599484,0.7,20,0.6866666666666668,0.08393118874676116,315,0.7166666666666667,0.7333333333333334,0.5666666666666667,0.6166666666666667,0.8,0.6595894813537597,0.020876455307006835
0.3,1,0.599484,0.7,50,0.7433333333333334,0.09977753031397177,61,0.8,0.8333333333333333,0.5666666666666667,0.8166666666666667,0.7,0.6726183891296387,0.021038007736206055
0.3,1,0.599484,0.9,5,0.74,0.14929463784372463,87,0.6166666666666667,0.6333333333333333,0.6333333333333333,0.8166666666666667,1.0,0.6601355075836182,0.021223926544189455
0.3,1,0.599484,0.9,10,0.7466666666666667,0.06616477747093068,49,0.7,0.65,0.8333333333333333,0.75,0.8,0.6659544467926025,0.02098231315612793
0.3,1,0.599484,0.9,20,0.7066666666666667,0.1147945023848171,202,0.7166666666666667,0.7333333333333334,0.5666666666666667,0.6166666666666667,0.9,0.6678847789764404,0.02084827423095703
0.3,1,0.599484,0.9,50,0.7433333333333334,0.09637888196533974,61,0.8,0.8333333333333333,0.5666666666666667,0.7166666666666667,0.8,0.683740758895874,0.02101445198059082
0.3,1,2.15443,0.1,5,0.6866666666666668,0.05312459150169741,315,0.7166666666666667,0.7333333333333334,0.65,0.7333333333333334,0.6000000000000001,0.7156891345977783,0.021108341217041016
0.3,1,2.15443,0.1,10,0.71,0.024944382578492984,182,0.7166666666666667,0.7333333333333334,0.6666666666666666,0.7333333333333334,0.7,0.7198214054107666,0.020928144454956055
0.3,1,2.15443,0.1,20,0.65,0.1433720877840438,545,0.7166666666666667,0.6333333333333333,0.3833333333333333,0.7166666666666667,0.8,0.7301405906677246,0.021138954162597656
0.3,1,2.15443,0.1,50,0.7033333333333334,0.09568466729604884,222,0.8,0.7333333333333334,0.5666666666666667,0.6166666666666667,0.8,0.7443948268890381,0.020796728134155274
0.3,1,2.15443,0.3,5,0.7066666666666668,0.07930251502246875,193,0.7166666666666667,0.7333333333333334,0.65,0.8333333333333333,0.6000000000000001,0.7655731201171875,0.020897960662841795
0.3,1,2.15443,0.3,10,0.6533333333333333,0.05906681715556448,465,0.7166666666666667,0.55,0.6666666666666666,0.6333333333333333,0.7,0.773245096206665,0.021111202239990235
0.3,1,2.15443,0.3,20,0.7233333333333334,0.14779866184930246,119,0.7166666666666667,0.9166666666666667,0.4666666666666667,0.7166666666666667,0.8,0.7753129959106445,0.02095932960510254
0.3,1,2.15443,0.3,50,0.7233333333333334,0.10624918300339486,119,0.9,0.7333333333333334,0.5666666666666667,0.7166666666666667,0.7,0.7885966300964355,0.02101302146911621
0.3,1,2.15443,0.5,5,0.63,0.01943650631615098,614,0.6166666666666667,0.65,0.65,0.6333333333333333,0.6000000000000001,0.8153536796569825,0.021142911911010743
0.3,1,2.15443,0.5,10,0.6733333333333332,0.06548960901462834,397,0.7166666666666667,0.75,0.5666666666666667,0.6333333333333333,0.7,0.8218163013458252,0.02112588882446289
0.3,1,2.15443,0.5,20,0.7233333333333334,0.08537498983243799,119,0.8,0.7333333333333334,0.5666666666666667,0.7166666666666667,0.8,0.8283258438110351,0.021026468276977538
0.3,1,2.15443,0.5,50,0.6833333333333333,0.08299933065325824,363,0.8,0.7333333333333334,0.5666666666666667,0.6166666666666667,0.7,0.8443948745727539,0.020891094207763673
0.3,1,2.15443,0.7,5,0.6633333333333333,0.0865383665716478,451,0.6166666666666667,0.55,0.7166666666666667,0.6333333333333333,0.8,0.8654119968414307,0.02108602523803711
0.3,1,2.15443,0.7,10,0.7100000000000001,0.11234866364235147,179,0.7166666666666667,0.6333333333333333,0.5666666666666667,0.7333333333333334,0.9,0.8682620525360107,0.021113014221191405
0.3,1,2.15443,0.7,20,0.7633333333333333,0.05617433182117574,24,0.8,0.7333333333333334,0.6666666666666666,0.8166666666666667,0.8,0.8758568286895752,0.021085643768310548
0.3,1,2.15443,0.7,50,0.6466666666666667,0.06091888960832356,561,0.6166666666666667,0.7333333333333334,0.5666666666666667,0.6166666666666667,0.7,0.8919299602508545,0.02092423439025879
0.3,1,2.15443,0.9,5,0.68,0.06944222218666556,389,0.6166666666666667,0.6333333333333333,0.7166666666666667,0.6333333333333333,0.8,0.842860221862793,0.021280813217163085
0.3,1,2.15443,0.9,10,0.7433333333333333,0.1147945023848171,82,0.7166666666666667,0.55,0.75,0.8,0.9,0.8489397048950196,0.021148014068603515
0.3,1,2.15443,0.9,20,0.7633333333333333,0.05617433182117574,24,0.8,0.7333333333333334,0.6666666666666666,0.8166666666666667,0.8,0.8579064846038819,0.020797300338745116
0.3,1,2.15443,0.9,50,0.6866666666666668,0.08781293248212994,315,0.6166666666666667,0.7333333333333334,0.5666666666666667,0.8166666666666667,0.7,0.8715251922607422,0.020936250686645508
0.3,1,7.74264,0.1,5,0.7066666666666668,0.07498147919467991,193,0.8166666666666667,0.7333333333333334,0.65,0.7333333333333334,0.6000000000000001,0.8243845462799072,0.02093510627746582
0.3,1,7.74264,0.1,10,0.6733333333333332,0.06548960901462833,397,0.7166666666666667,0.55,0.6666666666666666,0.7333333333333334,0.7,0.8398892879486084,0.021099138259887695
0.3,1,7.74264,0.1,20,0.65,0.1527525231651947,545,0.8,0.6333333333333333,0.3833333333333333,0.6333333333333333,0.8,0.8335944175720215,0.020967578887939452
0.3,1,7.74264,0.1,50,0.6833333333333333,0.08299933065325824,363,0.8,0.7333333333333334,0.5666666666666667,0.6166666666666667,0.7,0.8489294052124023,0.0219113826751709
0.3,1,7.74264,0.3,5,0.6900000000000001,0.0764489662745314,296,0.8166666666666667,0.65,0.65,0.7333333333333334,0.6000000000000001,0.9705491542816163,0.021035051345825194
0.3,1,7.74264,0.3,10,0.6366666666666667,0.11372481406154654,586,0.8,0.65,0.5666666666666667,0.4666666666666667,0.7,0.9743824958801269,0.02122650146484375
0.3,1,7.74264,0.3,20,0.6666666666666667,0.11595018087284059,420,0.7166666666666667,0.7333333333333334,0.4666666666666667,0.6166666666666667,0.8,0.980117654800415,0.02083163261413574
0.3,1,7.74264,0.3,50,0.6833333333333333,0.08299933065325824,363,0.8,0.7333333333333334,0.5666666666666667,0.6166666666666667,0.7,0.997979736328125,0.020930767059326172
0.3,1,7.74264,0.5,5,0.7100000000000001,0.09580071908799938,179,0.8166666666666667,0.65,0.65,0.8333333333333333,0.6000000000000001,1.0238161563873291,0.02137889862060547
0.3,1,7.74264,0.5,10,0.6133333333333333,0.06944222218666549,642,0.5166666666666667,0.55,0.6666666666666666,0.6333333333333333,0.7,1.028602933883667,0.021164321899414064
0.3,1,7.74264,0.5,20,0.7033333333333334,0.12310790208412926,222,0.8,0.7333333333333334,0.4666666666666667,0.7166666666666667,0.8,1.0360467433929443,0.020815944671630858
0.3,1,7.74264,0.5,50,0.6833333333333333,0.08299933065325824,363,0.8,0.7333333333333334,0.5666666666666667,0.6166666666666667,0.7,1.0492072105407715,0.02086324691772461
0.3,1,7.74264,0.7,5,0.63,0.01943650631615098,614,0.6166666666666667,0.65,0.65,0.6333333333333333,0.6000000000000001,1.1592440605163574,0.021071100234985353
0.3,1,7.74264,0.7,10,0.6933333333333334,0.04027681991198192,284,0.7166666666666667,0.75,0.6666666666666666,0.6333333333333333,0.7,1.169350528717041,0.021129608154296875
0.3,1,7.74264,0.7,20,0.7233333333333334,0.08537498983243799,119,0.8,0.7333333333333334,0.5666666666666667,0.7166666666666667,0.8,1.1735536575317382,0.02089557647705078
0.3,1,7.74264,0.7,50,0.7033333333333334,0.11469767022723504,222,0.9,0.7333333333333334,0.5666666666666667,0.6166666666666667,0.7,1.1910035133361816,0.020977020263671875
0.3,1,7.74264,0.9,5,0.6233333333333333,0.05436502143433361,618,0.6166666666666667,0.55,0.7166666666666667,0.6333333333333333,0.6000000000000001,1.1909554958343507,0.021019363403320314
0.3,1,7.74264,0.9,10,0.6533333333333333,0.053124591501697425,465,0.7166666666666667,0.65,0.5666666666666667,0.6333333333333333,0.7,1.1938823223114015,0.020955324172973633
0.3,1,7.74264,0.9,20,0.7466666666666665,0.09854496999396321,59,0.7166666666666667,0.8333333333333333,0.5666666666666667,0.8166666666666667,0.8,1.1924726009368896,0.02113170623779297
0.3,1,7.74264,0.9,50,0.6833333333333333,0.08299933065325824,363,0.7,0.7333333333333334,0.5666666666666667,0.6166666666666667,0.8,1.212624454498291,0.02095475196838379
0.3,1,27.8256,0.1,5,0.7833333333333333,0.06666666666666664,4,0.8166666666666667,0.7333333333333334,0.7333333333333334,0.7333333333333334,0.9,0.7274596214294433,0.02104220390319824
0.3,1,27.8256,0.1,10,0.6333333333333333,0.0767390962214756,601,0.7166666666666667,0.55,0.5666666666666667,0.7333333333333334,0.6,0.7439661979675293,0.021125221252441408
0.3,1,27.8256,0.1,20,0.7266666666666668,0.06798692684790383,101,0.8,0.6333333333333333,0.6666666666666666,0.7333333333333334,0.8,0.7413538932800293,0.021062660217285156
0.3,1,27.8256,0.1,50,0.72,0.09854496999396321,172,0.9,0.7333333333333334,0.65,0.6166666666666667,0.7,0.7594817638397217,0.02077012062072754
0.3,1,27.8256,0.3,5,0.7066666666666668,0.07498147919467991,193,0.8166666666666667,0.7333333333333334,0.65,0.7333333333333334,0.6000000000000001,0.9748771667480469,0.020882272720336915
0.3,1,27.8256,0.3,10,0.6933333333333334,0.08339997335464537,284,0.7166666666666667,0.55,0.6666666666666666,0.7333333333333334,0.8,0.9888032913208008,0.021157360076904295
0.3,1,27.8256,0.3,20,0.6533333333333333,0.10509255180289633,465,0.7166666666666667,0.6333333333333333,0.48333333333333334,0.6333333333333333,0.8,0.9941955089569092,0.020813703536987305
0.3,1,27.8256,0.3,50,0.6833333333333333,0.08299933065325824,363,0.8,0.7333333333333334,0.5666666666666667,0.6166666666666667,0.7,1.001997137069702,0.021041011810302733
0.3,1,27.8256,0.5,5,0.6866666666666668,0.05312459150169741,315,0.7166666666666667,0.7333333333333334,0.65,0.7333333333333334,0.6000000000000001,1.1278369903564454,0.02108755111694336
0.3,1,27.8256,0.5,10,0.75,0.07888106377466156,47,0.7166666666666667,0.7333333333333334,0.6666666666666666,0.7333333333333334,0.9,1.1259207725524902,0.020959234237670897
0.3,1,27.8256,0.5,20,0.6466666666666667,0.11125546178852426,561,0.7166666666666667,0.6333333333333333,0.4666666666666667,0.6166666666666667,0.8,1.132961368560791,0.021037578582763672
0.3,1,27.8256,0.5,50,0.7,0.06411794687223782,265,0.8,0.7333333333333334,0.65,0.6166666666666667,0.7,1.1470083236694335,0.020950984954833985
0.3,1,27.8256,0.7,5,0.6900000000000001,0.0764489662745314,296,0.8166666666666667,0.65,0.65,0.7333333333333334,0.6000000000000001,1.2137261390686036,0.02093029022216797
0.3,1,27.8256,0.7,10,0.6233333333333334,0.09104333522498441,616,0.7166666666666667,0.65,0.5833333333333334,0.4666666666666667,0.7,1.2142870903015137,0.02091374397277832
0.3,1,27.8256,0.7,20,0.6666666666666667,0.11595018087284059,420,0.7166666666666667,0.7333333333333334,0.4666666666666667,0.6166666666666667,0.8,1.2184511184692384,0.020871782302856447
0.3,1,27.8256,0.7,50,0.6866666666666668,0.08393118874676116,315,0.7166666666666667,0.7333333333333334,0.5666666666666667,0.6166666666666667,0.8,1.23954439163208,0.021075677871704102
0.3,1,27.8256,0.9,5,0.6933333333333334,0.0785988408170106,284,0.8166666666666667,0.65,0.65,0.75,0.6000000000000001,1.2791502952575684,0.02095632553100586
0.3,1,27.8256,0.9,10,0.6366666666666667,0.11661903789690602,586,0.8,0.55,0.6666666666666666,0.4666666666666667,0.7,1.275566816329956,0.02238621711730957
0.3,1,27.8256,0.9,20,0.6866666666666668,0.08393118874676116,315,0.7166666666666667,0.7333333333333334,0.5666666666666667,0.6166666666666667,0.8,1.2893027782440185,0.0208590030670166
0.3,1,27.8256,0.9,50,0.7033333333333334,0.11469767022723504,222,0.9,0.7333333333333334,0.5666666666666667,0.6166666666666667,0.7,1.3074760437011719,0.020967626571655275
0.3,1,100.0,0.1,5,0.7633333333333334,0.08969082698049141,15,0.8166666666666667,0.7333333333333334,0.6333333333333333,0.7333333333333334,0.9,0.7603693962097168,0.020964860916137695
0.3,1,100.0,0.1,10,0.6733333333333332,0.09809292646374775,397,0.7166666666666667,0.55,0.5666666666666667,0.7333333333333334,0.8,0.7682496547698975,0.0210115909576416
0.3,1,100.0,0.1,20,0.7033333333333334,0.08055363982396384,222,0.8,0.6333333333333333,0.6666666666666666,0.6166666666666667,0.8,0.7718063831329346,0.02100515365600586
0.3,1,100.0,0.1,50,0.7033333333333334,0.076303487615064,222,0.8,0.7333333333333334,0.5666666666666667,0.7166666666666667,0.7,0.7874970436096191,0.02087883949279785
0.3,1,100.0,0.3,5,0.7833333333333333,0.06666666666666664,4,0.8166666666666667,0.7333333333333334,0.7333333333333334,0.7333333333333334,0.9,0.7821515560150146,0.021018028259277344
0.3,1,100.0,0.3,10,0.6333333333333333,0.0767390962214756,601,0.7166666666666667,0.55,0.5666666666666667,0.7333333333333334,0.6,0.7894984722137451,0.021096515655517577
0.3,1,100.0,0.3,20,0.7266666666666668,0.06798692684790383,101,0.8,0.6333333333333333,0.6666666666666666,0.7333333333333334,0.8,0.7928950309753418,0.020850992202758788
0.3,1,100.0,0.3,50,0.6833333333333333,0.08299933065325824,363,0.8,0.7333333333333334,0.5666666666666667,0.6166666666666667,0.7,0.8090296745300293,0.020813989639282226
0.3,1,100.0,0.5,5,0.7633333333333334,0.08969082698049141,15,0.8166666666666667,0.7333333333333334,0.6333333333333333,0.7333333333333334,0.9,0.838024377822876,0.02123713493347168
0.3,1,100.0,0.5,10,0.6533333333333333,0.0784573486395988,465,0.7166666666666667,0.55,0.5666666666666667,0.7333333333333334,0.7,0.8423133373260498,0.02107696533203125
0.3,1,100.0,0.5,20,0.6900000000000001,0.06289320754704406,296,0.7166666666666667,0.6333333333333333,0.6666666666666666,0.6333333333333333,0.8,0.8462157249450684,0.021007537841796875
0.3,1,100.0,0.5,50,0.7200000000000001,0.07557189365836424,148,0.8,0.7333333333333334,0.65,0.6166666666666667,0.8,0.8655688762664795,0.020840883255004883
0.3,1,100.0,0.7,5,0.7033333333333334,0.07774602526460399,222,0.8166666666666667,0.7333333333333334,0.6333333333333333,0.7333333333333334,0.6000000000000001,0.9333437919616699,0.021153974533081054
0.3,1,100.0,0.7,10,0.6533333333333333,0.0784573486395988,465,0.7166666666666667,0.55,0.5666666666666667,0.7333333333333334,0.7,0.9537309169769287,0.020939159393310546
0.3,1,100.0,0.7,20,0.6699999999999999,0.11944315244779279,413,0.8,0.6333333333333333,0.48333333333333334,0.6333333333333333,0.8,0.941463565826416,0.02090344429016113
0.3,1,100.0,0.7,50,0.6833333333333333,0.08299933065325824,363,0.8,0.7333333333333334,0.5666666666666667,0.6166666666666667,0.7,0.9605624675750732,0.02097597122192383
0.3,1,100.0,0.9,5,0.7033333333333334,0.07774602526460399,222,0.8166666666666667,0.7333333333333334,0.6333333333333333,0.7333333333333334,0.6000000000000001,1.0445125579833985,0.020877790451049805
0.3,1,100.0,0.9,10,0.6933333333333334,0.08339997335464537,284,0.7166666666666667,0.55,0.6666666666666666,0.7333333333333334,0.8,1.0604086875915528,0.021059370040893553
0.3,1,100.0,0.9,20,0.65,0.1527525231651947,545,0.8,0.6333333333333333,0.3833333333333333,0.6333333333333333,0.8,1.0575989723205566,0.02086977958679199
0.3,1,100.0,0.9,50,0.7033333333333334,0.11469767022723504,222,0.9,0.7333333333333334,0.5666666666666667,0.6166666666666667,0.7,1.0693513870239257,0.021025609970092774
0.3,5,0.001,0.1,5,0.5533333333333333,0.12754084313139327,737,0.3333333333333333,0.6333333333333333,0.7,0.6,0.5,0.4620380878448486,0.020702505111694337
0.3,5,0.001,0.1,10,0.49333333333333335,0.1284955684493092,769,0.25,0.5166666666666667,0.6,0.6,0.5,0.4774810314178467,0.021120548248291016
0.3,5,0.001,0.1,20,0.6233333333333333,0.0992191737742481,618,0.55,0.5166666666666667,0.65,0.8,0.6000000000000001,0.4699793815612793,0.020845603942871094
0.3,5,0.001,0.1,50,0.6066666666666667,0.07498147919467994,659,0.6333333333333333,0.6333333333333333,0.55,0.7166666666666667,0.5,0.4805119037628174,0.020785760879516602
0.3,5,0.001,0.3,5,0.5533333333333333,0.12754084313139327,737,0.3333333333333333,0.6333333333333333,0.7,0.6,0.5,0.4607072353363037,0.020592498779296874
0.3,5,0.001,0.3,10,0.49333333333333335,0.1284955684493092,769,0.25,0.5166666666666667,0.6,0.6,0.5,0.46329302787780763,0.020773792266845705
0.3,5,0.001,0.3,20,0.6233333333333333,0.0992191737742481,618,0.55,0.5166666666666667,0.65,0.8,0.6000000000000001,0.4696091651916504,0.020953655242919922
0.3,5,0.001,0.3,50,0.6066666666666667,0.07498147919467994,659,0.6333333333333333,0.6333333333333333,0.55,0.7166666666666667,0.5,0.4829836845397949,0.020752668380737305
0.3,5,0.001,0.5,5,0.5533333333333333,0.12754084313139327,737,0.3333333333333333,0.6333333333333333,0.7,0.6,0.5,0.460891580581665,0.020621585845947265
0.3,5,0.001,0.5,10,0.49333333333333335,0.1284955684493092,769,0.25,0.5166666666666667,0.6,0.6,0.5,0.4637792110443115,0.020823574066162108
0.3,5,0.001,0.5,20,0.6233333333333333,0.0992191737742481,618,0.55,0.5166666666666667,0.65,0.8,0.6000000000000001,0.47033348083496096,0.020806121826171874
0.3,5,0.001,0.5,50,0.6066666666666667,0.07498147919467994,659,0.6333333333333333,0.6333333333333333,0.55,0.7166666666666667,0.5,0.4823151588439941,0.020756006240844727
0.3,5,0.001,0.7,5,0.5533333333333333,0.12754084313139327,737,0.3333333333333333,0.6333333333333333,0.7,0.6,0.5,0.46121554374694823,0.020619297027587892
0.3,5,0.001,0.7,10,0.49333333333333335,0.1284955684493092,769,0.25,0.5166666666666667,0.6,0.6,0.5,0.46454925537109376,0.020738744735717775
0.3,5,0.001,0.7,20,0.6233333333333333,0.0992191737742481,618,0.55,0.5166666666666667,0.65,0.8,0.6000000000000001,0.46996068954467773,0.02090449333190918
0.3,5,0.001,0.7,50,0.6066666666666667,0.07498147919467994,659,0.6333333333333333,0.6333333333333333,0.55,0.7166666666666667,0.5,0.4824565887451172,0.020872163772583007
0.3,5,0.001,0.9,5,0.5533333333333333,0.12754084313139327,737,0.3333333333333333,0.6333333333333333,0.7,0.6,0.5,0.4621452808380127,0.020813751220703124
0.3,5,0.001,0.9,10,0.49333333333333335,0.1284955684493092,769,0.25,0.5166666666666667,0.6,0.6,0.5,0.4651055812835693,0.02078280448913574
0.3,5,0.001,0.9,20,0.6233333333333333,0.0992191737742481,618,0.55,0.5166666666666667,0.65,0.8,0.6000000000000001,0.47055959701538086,0.020741748809814452
0.3,5,0.001,0.9,50,0.6066666666666667,0.07498147919467994,659,0.6333333333333333,0.6333333333333333,0.55,0.7166666666666667,0.5,0.4820264339447021,0.021039819717407225
0.3,5,0.00359381,0.1,5,0.5533333333333333,0.12754084313139327,737,0.3333333333333333,0.6333333333333333,0.7,0.6,0.5,0.4622642040252686,0.020704317092895507
0.3,5,0.00359381,0.1,10,0.49333333333333335,0.1284955684493092,769,0.25,0.5166666666666667,0.6,0.6,0.5,0.4648707389831543,0.02077031135559082
0.3,5,0.00359381,0.1,20,0.6233333333333333,0.0992191737742481,618,0.55,0.5166666666666667,0.65,0.8,0.6000000000000001,0.4707744598388672,0.020829200744628906
0.3,5,0.00359381,0.1,50,0.6066666666666667,0.07498147919467994,659,0.6333333333333333,0.6333333333333333,0.55,0.7166666666666667,0.5,0.485317325592041,0.020768404006958008
0.3,5,0.00359381,0.3,5,0.5533333333333333,0.12754084313139327,737,0.3333333333333333,0.6333333333333333,0.7,0.6,0.5,0.46307077407836916,0.02070136070251465
0.3,5,0.00359381,0.3,10,0.49333333333333335,0.1284955684493092,769,0.25,0.5166666666666667,0.6,0.6,0.5,0.4670868873596191,0.020927286148071288
0.3,5,0.00359381,0.3,20,0.6233333333333333,0.0992191737742481,618,0.55,0.5166666666666667,0.65,0.8,0.6000000000000001,0.4703698635101318,0.020821142196655273
0.3,5,0.00359381,0.3,50,0.6066666666666667,0.07498147919467994,659,0.6333333333333333,0.6333333333333333,0.55,0.7166666666666667,0.5,0.4852158546447754,0.02078723907470703
0.3,5,0.00359381,0.5,5,0.5533333333333333,0.12754084313139327,737,0.3333333333333333,0.6333333333333333,0.7,0.6,0.5,0.4617255210876465,0.020860815048217775
0.3,5,0.00359381,0.5,10,0.49333333333333335,0.1284955684493092,769,0.25,0.5166666666666667,0.6,0.6,0.5,0.4636687755584717,0.020788288116455077
0.3,5,0.00359381,0.5,20,0.6233333333333333,0.0992191737742481,618,0.55,0.5166666666666667,0.65,0.8,0.6000000000000001,0.46817765235900877,0.020711994171142577
0.3,5,0.00359381,0.5,50,0.6066666666666667,0.07498147919467994,659,0.6333333333333333,0.6333333333333333,0.55,0.7166666666666667,0.5,0.48142342567443847,0.021148014068603515
0.3,5,0.00359381,0.7,5,0.5533333333333333,0.12754084313139327,737,0.3333333333333333,0.6333333333333333,0.7,0.6,0.5,0.461641788482666,0.020683097839355468
0.3,5,0.00359381,0.7,10,0.49333333333333335,0.1284955684493092,769,0.25,0.5166666666666667,0.6,0.6,0.5,0.46239509582519533,0.020818328857421874
0.3,5,0.00359381,0.7,20,0.6233333333333333,0.0992191737742481,618,0.55,0.5166666666666667,0.65,0.8,0.6000000000000001,0.46877074241638184,0.020837831497192382
0.3,5,0.00359381,0.7,50,0.6066666666666667,0.07498147919467994,659,0.6333333333333333,0.6333333333333333,0.55,0.7166666666666667,0.5,0.4827761650085449,0.02064204216003418
0.3,5,0.00359381,0.9,5,0.5533333333333333,0.12754084313139327,737,0.3333333333333333,0.6333333333333333,0.7,0.6,0.5,0.4610546112060547,0.02089529037475586
0.3,5,0.00359381,0.9,10,0.49333333333333335,0.1284955684493092,769,0.25,0.5166666666666667,0.6,0.6,0.5,0.4634812355041504,0.020648717880249023
0.3,5,0.00359381,0.9,20,0.6233333333333333,0.0992191737742481,618,0.55,0.5166666666666667,0.65,0.8,0.6000000000000001,0.46900129318237305,0.020650863647460938
0.3,5,0.00359381,0.9,50,0.6066666666666667,0.07498147919467994,659,0.6333333333333333,0.6333333333333333,0.55,0.7166666666666667,0.5,0.480788516998291,0.020673274993896484
0.3,5,0.0129155,0.1,5,0.6866666666666668,0.07702813338860898,315,0.7,0.65,0.5666666666666667,0.7166666666666667,0.8,0.4708384037017822,0.020842838287353515
0.3,5,0.0129155,0.1,10,0.7066666666666667,0.08981462390204988,202,0.8,0.5666666666666667,0.65,0.7166666666666667,0.8,0.4764735698699951,0.02075061798095703
0.3,5,0.0129155,0.1,20,0.7066666666666667,0.12138094304022082,202,0.8,0.5666666666666667,0.55,0.8166666666666667,0.8,0.4825320243835449,0.020843935012817384
0.3,5,0.0129155,0.1,50,0.7633333333333334,0.11175369742826807,15,0.8,0.7333333333333334,0.5666666666666667,0.8166666666666667,0.9,0.4944307804107666,0.020719385147094725
0.3,5,0.0129155,0.3,5,0.5533333333333333,0.12754084313139327,737,0.3333333333333333,0.6333333333333333,0.7,0.6,0.5,0.4615756988525391,0.020708751678466798
0.3,5,0.0129155,0.3,10,0.49333333333333335,0.1284955684493092,769,0.25,0.5166666666666667,0.6,0.6,0.5,0.4701498508453369,0.02077517509460449
0.3,5,0.0129155,0.3,20,0.6233333333333333,0.0992191737742481,618,0.55,0.5166666666666667,0.65,0.8,0.6000000000000001,0.47122955322265625,0.020835065841674806
0.3,5,0.0129155,0.3,50,0.6066666666666667,0.07498147919467994,659,0.6333333333333333,0.6333333333333333,0.55,0.7166666666666667,0.5,0.48738718032836914,0.020692157745361327
0.3,5,0.0129155,0.5,5,0.5533333333333333,0.12754084313139327,737,0.3333333333333333,0.6333333333333333,0.7,0.6,0.5,0.4628328800201416,0.02056708335876465
0.3,5,0.0129155,0.5,10,0.49333333333333335,0.1284955684493092,769,0.25,0.5166666666666667,0.6,0.6,0.5,0.4635728359222412,0.020670080184936525
0.3,5,0.0129155,0.5,20,0.6233333333333333,0.0992191737742481,618,0.55,0.5166666666666667,0.65,0.8,0.6000000000000001,0.47096881866455076,0.020945978164672852
0.3,5,0.0129155,0.5,50,0.6066666666666667,0.07498147919467994,659,0.6333333333333333,0.6333333333333333,0.55,0.7166666666666667,0.5,0.48792200088500975,0.02074460983276367
0.3,5,0.0129155,0.7,5,0.5533333333333333,0.12754084313139327,737,0.3333333333333333,0.6333333333333333,0.7,0.6,0.5,0.4624344348907471,0.020766735076904297
0.3,5,0.0129155,0.7,10,0.49333333333333335,0.1284955684493092,769,0.25,0.5166666666666667,0.6,0.6,0.5,0.4651439666748047,0.020783662796020508
0.3,5,0.0129155,0.7,20,0.6233333333333333,0.0992191737742481,618,0.55,0.5166666666666667,0.65,0.8,0.6000000000000001,0.4696811676025391,0.020895004272460938
0.3,5,0.0129155,0.7,50,0.6066666666666667,0.07498147919467994,659,0.6333333333333333,0.6333333333333333,0.55,0.7166666666666667,0.5,0.4845719337463379,0.02063899040222168
0.3,5,0.0129155,0.9,5,0.5533333333333333,0.12754084313139327,737,0.3333333333333333,0.6333333333333333,0.7,0.6,0.5,0.4628161907196045,0.02068495750427246
0.3,5,0.0129155,0.9,10,0.49333333333333335,0.1284955684493092,769,0.25,0.5166666666666667,0.6,0.6,0.5,0.4638184070587158,0.020671653747558593
0.3,5,0.0129155,0.9,20,0.6233333333333333,0.0992191737742481,618,0.55,0.5166666666666667,0.65,0.8,0.6000000000000001,0.4722834587097168,0.020760774612426758
0.3,5,0.0129155,0.9,50,0.6066666666666667,0.07498147919467994,659,0.6333333333333333,0.6333333333333333,0.55,0.7166666666666667,0.5,0.4821638584136963,0.020896530151367186
0.3,5,0.0464159,0.1,5,0.7066666666666667,0.08069145624606804,202,0.7166666666666667,0.7333333333333334,0.5666666666666667,0.8166666666666667,0.7,0.4916501045227051,0.020722579956054688
0.3,5,0.0464159,0.1,10,0.6900000000000001,0.10519822558706336,296,0.8,0.5666666666666667,0.5666666666666667,0.7166666666666667,0.8,0.4864529609680176,0.020710515975952148
0.3,5,0.0464159,0.1,20,0.7200000000000001,0.04876246279442599,148,0.8,0.7333333333333334,0.65,0.7166666666666667,0.7,0.49643549919128416,0.02079181671142578
0.3,5,0.0464159,0.1,50,0.7433333333333334,0.06018490028422596,61,0.7166666666666667,0.7333333333333334,0.65,0.8166666666666667,0.8,0.5058445453643798,0.020856285095214845
0.3,5,0.0464159,0.3,5,0.6866666666666668,0.07702813338860898,315,0.7,0.65,0.5666666666666667,0.7166666666666667,0.8,0.4820772647857666,0.02069258689880371
0.3,5,0.0464159,0.3,10,0.6833333333333333,0.10055402085998905,363,0.8,0.55,0.65,0.6166666666666667,0.8,0.48598518371582033,0.02070727348327637
0.3,5,0.0464159,0.3,20,0.6833333333333333,0.10055402085998905,363,0.8,0.65,0.55,0.6166666666666667,0.8,0.49297318458557127,0.020709514617919922
0.3,5,0.0464159,0.3,50,0.7,0.06411794687223782,265,0.8,0.7333333333333334,0.65,0.6166666666666667,0.7,0.5022701263427735,0.020793581008911134
0.3,5,0.0464159,0.5,5,0.7033333333333334,0.17461067804945057,222,0.7,0.8166666666666667,0.3666666666666667,0.8333333333333333,0.8,0.4760786533355713,0.02086505889892578
0.3,5,0.0464159,0.5,10,0.7433333333333332,0.09977753031397177,84,0.7,0.8166666666666667,0.5666666666666667,0.8333333333333333,0.8,0.48050222396850584,0.020818758010864257
0.3,5,0.0464159,0.5,20,0.76,0.09921917377424813,31,0.7,0.9166666666666667,0.65,0.8333333333333333,0.7,0.48526568412780763,0.020702648162841796
0.3,5,0.0464159,0.5,50,0.7233333333333334,0.11234866364235148,119,0.7,0.9166666666666667,0.5666666666666667,0.7333333333333334,0.7,0.498763370513916,0.02068672180175781
0.3,5,0.0464159,0.7,5,0.5533333333333333,0.12754084313139327,737,0.3333333333333333,0.6333333333333333,0.7,0.6,0.5,0.46157541275024416,0.020777225494384766
0.3,5,0.0464159,0.7,10,0.49333333333333335,0.1284955684493092,769,0.25,0.5166666666666667,0.6,0.6,0.5,0.4644009590148926,0.02109975814819336
0.3,5,0.0464159,0.7,20,0.6233333333333333,0.0992191737742481,618,0.55,0.5166666666666667,0.65,0.8,0.6000000000000001,0.46937408447265627,0.0208158016204834
0.3,5,0.0464159,0.7,50,0.6066666666666667,0.07498147919467994,659,0.6333333333333333,0.6333333333333333,0.55,0.7166666666666667,0.5,0.48230857849121095,0.02073493003845215
0.3,5,0.0464159,0.9,5,0.5533333333333333,0.12754084313139327,737,0.3333333333333333,0.6333333333333333,0.7,0.6,0.5,0.4603376865386963,0.020673704147338868
0.3,5,0.0464159,0.9,10,0.49333333333333335,0.1284955684493092,769,0.25,0.5166666666666667,0.6,0.6,0.5,0.4655482769012451,0.020775842666625976
0.3,5,0.0464159,0.9,20,0.6233333333333333,0.0992191737742481,618,0.55,0.5166666666666667,0.65,0.8,0.6000000000000001,0.47100353240966797,0.020710563659667967
0.3,5,0.0464159,0.9,50,0.6066666666666667,0.07498147919467994,659,0.6333333333333333,0.6333333333333333,0.55,0.7166666666666667,0.5,0.4807138919830322,0.021201276779174806
0.3,5,0.16681,0.1,5,0.6699999999999999,0.06182412330330471,413,0.7166666666666667,0.7333333333333334,0.5666666666666667,0.6333333333333333,0.7,0.5097916126251221,0.020871782302856447
0.3,5,0.16681,0.1,10,0.6333333333333333,0.1636391694484477,601,0.7166666666666667,0.4666666666666667,0.4666666666666667,0.6166666666666667,0.9,0.5136265754699707,0.02076578140258789
0.3,5,0.16681,0.1,20,0.65,0.13165611772087668,545,0.8,0.5666666666666667,0.4666666666666667,0.6166666666666667,0.8,0.518433952331543,0.020917892456054688
0.3,5,0.16681,0.1,50,0.7200000000000001,0.07557189365836424,148,0.8,0.7333333333333334,0.65,0.6166666666666667,0.8,0.5304736137390137,0.02079482078552246
0.3,5,0.16681,0.3,5,0.6699999999999999,0.08524474568362947,413,0.6166666666666667,0.65,0.5666666666666667,0.8166666666666667,0.7,0.5152750015258789,0.020893144607543945
0.3,5,0.16681,0.3,10,0.6533333333333333,0.11990737165736633,465,0.7166666666666667,0.4666666666666667,0.5666666666666667,0.7166666666666667,0.8,0.5198289394378662,0.0206662654876709
0.3,5,0.16681,0.3,20,0.7033333333333334,0.09568466729604884,222,0.8,0.7333333333333334,0.5666666666666667,0.6166666666666667,0.8,0.5239002227783203,0.020878124237060546
0.3,5,0.16681,0.3,50,0.7433333333333334,0.09637888196533974,61,0.8,0.8333333333333333,0.5666666666666667,0.7166666666666667,0.8,0.5363099098205566,0.021082735061645506
0.3,5,0.16681,0.5,5,0.71,0.09345230512584125,182,0.7166666666666667,0.65,0.5666666666666667,0.8166666666666667,0.8,0.5247448444366455,0.020738792419433594
0.3,5,0.16681,0.5,10,0.7066666666666667,0.12138094304022083,202,0.8,0.55,0.5666666666666667,0.8166666666666667,0.8,0.5250527381896972,0.02080254554748535
0.3,5,0.16681,0.5,20,0.6633333333333333,0.06944222218666554,451,0.6166666666666667,0.6333333333333333,0.65,0.6166666666666667,0.8,0.5294288635253906,0.020827770233154297
0.3,5,0.16681,0.5,50,0.7433333333333334,0.05537749241945384,61,0.8,0.7333333333333334,0.65,0.7333333333333334,0.8,0.5413289070129395,0.021042060852050782
0.3,5,0.16681,0.7,5,0.65,0.09309493362512629,545,0.6,0.5666666666666667,0.5666666666666667,0.7166666666666667,0.8,0.5264546871185303,0.02077350616455078
0.3,5,0.16681,0.7,10,0.7066666666666667,0.08981462390204988,202,0.8,0.65,0.5666666666666667,0.7166666666666667,0.8,0.5334004402160645,0.0207763671875
0.3,5,0.16681,0.7,20,0.6300000000000001,0.14157840387730203,610,0.8,0.55,0.4666666666666667,0.5333333333333333,0.8,0.5370221138000488,0.020814895629882812
0.3,5,0.16681,0.7,50,0.76,0.06716480559869961,31,0.8,0.8333333333333333,0.65,0.7166666666666667,0.8,0.5469233512878418,0.02081890106201172
0.3,5,0.16681,0.9,5,0.65,0.09309493362512629,545,0.6,0.5666666666666667,0.5666666666666667,0.7166666666666667,0.8,0.5258922576904297,0.02088193893432617
0.3,5,0.16681,0.9,10,0.6866666666666668,0.10923979738782627,315,0.7166666666666667,0.55,0.5666666666666667,0.8,0.8,0.5308876037597656,0.02084693908691406
0.3,5,0.16681,0.9,20,0.6866666666666668,0.07702813338860896,315,0.7166666666666667,0.65,0.5666666666666667,0.8,0.7,0.5337666511535645,0.020801210403442384
0.3,5,0.16681,0.9,50,0.7433333333333334,0.08406346808612328,61,0.8,0.8333333333333333,0.65,0.6333333333333333,0.8,0.5452468872070313,0.02107696533203125
0.3,5,0.599484,0.1,5,0.65,0.09775252199076788,545,0.7166666666666667,0.7333333333333334,0.4666666666666667,0.6333333333333333,0.7,0.5784717082977295,0.020901966094970702
0.3,5,0.599484,0.1,10,0.71,0.15260697523012795,182,0.7166666666666667,0.4666666666666667,0.8333333333333333,0.6333333333333333,0.9,0.5886988639831543,0.0210174560546875
0.3,5,0.599484,0.1,20,0.65,0.13165611772087668,545,0.8,0.5666666666666667,0.4666666666666667,0.6166666666666667,0.8,0.5875072479248047,0.021196937561035155
0.3,5,0.599484,0.1,50,0.7200000000000001,0.07557189365836424,148,0.8,0.7333333333333334,0.65,0.6166666666666667,0.8,0.6076873302459717,0.02080879211425781
0.3,5,0.599484,0.3,5,0.6333333333333334,0.1260511360079269,592,0.6166666666666667,0.55,0.4666666666666667,0.8333333333333333,0.7,0.6036368846893311,0.020755529403686523
0.3,5,0.599484,0.3,10,0.6333333333333334,0.0641179468722378,592,0.7166666666666667,0.5666666666666667,0.5666666666666667,0.6166666666666667,0.7,0.6070087432861329,0.02082090377807617
0.3,5,0.599484,0.3,20,0.7233333333333334,0.07272474743090478,119,0.8,0.7333333333333334,0.6666666666666666,0.6166666666666667,0.8,0.6132779121398926,0.02066965103149414
0.3,5,0.599484,0.3,50,0.7233333333333334,0.07118052168020876,119,0.8,0.7333333333333334,0.65,0.6333333333333333,0.8,0.6269255161285401,0.021019506454467773
0.3,5,0.599484,0.5,5,0.5933333333333334,0.08730533902472531,693,0.6166666666666667,0.55,0.4666666666666667,0.7333333333333334,0.6,0.6230442523956299,0.020870542526245116
0.3,5,0.599484,0.5,10,0.6333333333333334,0.06749485577105528,592,0.7166666666666667,0.55,0.5666666666666667,0.6333333333333333,0.7,0.6310468673706054,0.020785951614379884
0.3,5,0.599484,0.5,20,0.7200000000000001,0.048762462794426,148,0.7,0.7333333333333334,0.65,0.7166666666666667,0.8,0.6347074031829834,0.020852994918823243
0.3,5,0.599484,0.5,50,0.72,0.08393118874676113,172,0.7,0.8333333333333333,0.65,0.6166666666666667,0.8,0.6442915439605713,0.02096405029296875
0.3,5,0.599484,0.7,5,0.6100000000000001,0.02494438257849293,653,0.6166666666666667,0.6333333333333333,0.5666666666666667,0.6333333333333333,0.6000000000000001,0.639977502822876,0.020893049240112305
0.3,5,0.599484,0.7,10,0.6566666666666666,0.1271918935222594,461,0.7166666666666667,0.4666666666666667,0.5666666666666667,0.8333333333333333,0.7,0.6406161785125732,0.020541810989379884
0.3,5,0.599484,0.7,20,0.6866666666666668,0.06531972647421809,315,0.7166666666666667,0.65,0.65,0.6166666666666667,0.8,0.6456686973571777,0.020960664749145506
0.3,5,0.599484,0.7,50,0.7633333333333333,0.06531972647421806,24,0.8,0.8333333333333333,0.65,0.7333333333333334,0.8,0.6577542304992676,0.021222257614135744
0.3,5,0.599484,0.9,5,0.7033333333333334,0.05906681715556452,222,0.7166666666666667,0.6333333333333333,0.65,0.7166666666666667,0.8,0.6488097667694092,0.020858144760131835
0.3,5,0.599484,0.9,10,0.6533333333333333,0.07180219742846007,465,0.7,0.5666666666666667,0.5666666666666667,0.7333333333333334,0.7,0.6582326889038086,0.020747947692871093
0.3,5,0.599484,0.9,20,0.7200000000000001,0.07557189365836424,148,0.8,0.7333333333333334,0.65,0.6166666666666667,0.8,0.660157299041748,0.020896482467651366
0.3,5,0.599484,0.9,50,0.76,0.062003584125794244,31,0.8,0.7333333333333334,0.65,0.8166666666666667,0.8,0.6700226783752441,0.020830583572387696
0.3,5,2.15443,0.1,5,0.65,0.09775252199076788,545,0.7166666666666667,0.7333333333333334,0.4666666666666667,0.6333333333333333,0.7,0.7092749118804932,0.020804834365844727
0.3,5,2.15443,0.1,10,0.69,0.14126413400278062,310,0.7166666666666667,0.4666666666666667,0.7333333333333334,0.6333333333333333,0.9,0.7135368347167969,0.020761489868164062
0.3,5,2.15443,0.1,20,0.6833333333333333,0.12472191289246473,363,0.8,0.6333333333333333,0.4666666666666667,0.7166666666666667,0.8,0.7146209239959717,0.020870113372802736
0.3,5,2.15443,0.1,50,0.7033333333333334,0.10132456102380444,222,0.8,0.7333333333333334,0.65,0.5333333333333333,0.8,0.7281209468841553,0.02100973129272461
0.3,5,2.15443,0.3,5,0.67,0.12578641509408806,407,0.7166666666666667,0.7333333333333334,0.4666666666666667,0.8333333333333333,0.6,0.7610663414001465,0.02074275016784668
0.3,5,2.15443,0.3,10,0.5966666666666667,0.07774602526460399,691,0.6166666666666667,0.4666666666666667,0.5666666666666667,0.6333333333333333,0.7,0.7620199203491211,0.020916032791137695
0.3,5,2.15443,0.3,20,0.7033333333333334,0.12310790208412926,222,0.8,0.7333333333333334,0.4666666666666667,0.7166666666666667,0.8,0.7696005821228027,0.020819950103759765
0.3,5,2.15443,0.3,50,0.6833333333333333,0.0894427190999916,363,0.8,0.7333333333333334,0.65,0.5333333333333333,0.7,0.7831231594085694,0.020708799362182617
0.3,5,2.15443,0.5,5,0.5933333333333334,0.08730533902472531,693,0.6166666666666667,0.55,0.4666666666666667,0.7333333333333334,0.6,0.8215796470642089,0.02067456245422363
0.3,5,2.15443,0.5,10,0.6366666666666667,0.06359594676112972,586,0.7166666666666667,0.5666666666666667,0.5666666666666667,0.6333333333333333,0.7,0.8136180877685547,0.020793819427490236
0.3,5,2.15443,0.5,20,0.7033333333333334,0.076303487615064,222,0.7,0.7333333333333334,0.5666666666666667,0.7166666666666667,0.8,0.8195359230041503,0.020666980743408205
0.3,5,2.15443,0.5,50,0.7033333333333334,0.06000000000000002,222,0.8,0.7333333333333334,0.65,0.6333333333333333,0.7,0.8261899948120117,0.021196317672729493
0.3,5,2.15443,0.7,5,0.5933333333333334,0.08730533902472531,693,0.6166666666666667,0.55,0.4666666666666667,0.7333333333333334,0.6000000000000001,0.8587485313415527,0.020797252655029297
0.3,5,2.15443,0.7,10,0.6333333333333334,0.06749485577105528,592,0.7166666666666667,0.55,0.5666666666666667,0.6333333333333333,0.7,0.8604540824890137,0.02073063850402832
0.3,5,2.15443,0.7,20,0.7233333333333334,0.04784233364802442,119,0.7166666666666667,0.7333333333333334,0.65,0.7166666666666667,0.8,0.8618782043457032,0.02073960304260254
0.3,5,2.15443,0.7,50,0.6866666666666668,0.11323525167642018,315,0.6166666666666667,0.8333333333333333,0.65,0.5333333333333333,0.8,0.875195837020874,0.020948171615600586
0.3,5,2.15443,0.9,5,0.6300000000000001,0.09213516640723503,610,0.6166666666666667,0.6333333333333333,0.4666666666666667,0.7333333333333334,0.7,0.8319156646728516,0.020709466934204102
0.3,5,2.15443,0.9,10,0.6133333333333333,0.09153020145163987,642,0.6166666666666667,0.4666666666666667,0.5666666666666667,0.7166666666666667,0.7,0.8375932693481445,0.020943498611450194
0.3,5,2.15443,0.9,20,0.6833333333333333,0.06749485577105531,363,0.6166666666666667,0.6333333333333333,0.65,0.7166666666666667,0.8,0.83993558883667,0.020671987533569337
0.3,5,2.15443,0.9,50,0.65,0.10110500592068736,545,0.6166666666666667,0.7333333333333334,0.5666666666666667,0.5333333333333333,0.8,0.851807975769043,0.020868635177612303
0.3,5,7.74264,0.1,5,0.7066666666666667,0.1284955684493092,202,0.8166666666666667,0.7333333333333334,0.4666666666666667,0.8166666666666667,0.7,0.8202516078948975,0.021287012100219726
0.3,5,7.74264,0.1,10,0.7066666666666667,0.11671427600007732,202,0.7166666666666667,0.55,0.7333333333333334,0.6333333333333333,0.9,0.8225569725036621,0.02110180854797363
0.3,5,7.74264,0.1,20,0.6533333333333333,0.15434449203720302,465,0.8,0.4666666666666667,0.4666666666666667,0.7333333333333334,0.8,0.8203816413879395,0.020740509033203125
0.3,5,7.74264,0.1,50,0.7,0.06411794687223782,265,0.8,0.7333333333333334,0.65,0.6166666666666667,0.7,0.8281056880950928,0.02065906524658203
0.3,5,7.74264,0.3,5,0.6133333333333333,0.09392668535736912,642,0.7166666666666667,0.55,0.4666666666666667,0.6333333333333333,0.7,0.9552051067352295,0.0208158016204834
0.3,5,7.74264,0.3,10,0.69,0.13727506854649335,310,0.8,0.55,0.5666666666666667,0.6333333333333333,0.9,0.9642124176025391,0.02088923454284668
0.3,5,7.74264,0.3,20,0.6833333333333333,0.12472191289246473,363,0.8,0.6333333333333333,0.4666666666666667,0.7166666666666667,0.8,0.9655556201934814,0.02094860076904297
0.3,5,7.74264,0.3,50,0.6866666666666668,0.09030811456096045,315,0.7166666666666667,0.7333333333333334,0.65,0.5333333333333333,0.8,0.9813663959503174,0.020724678039550783
0.3,5,7.74264,0.5,5,0.6333333333333333,0.12866839377079187,601,0.7166666666666667,0.55,0.4666666666666667,0.8333333333333333,0.6,1.0175344944000244,0.02084507942199707
0.3,5,7.74264,0.5,10,0.6133333333333333,0.07845734863959879,642,0.6166666666666667,0.4666666666666667,0.65,0.6333333333333333,0.7,1.0187126636505126,0.020845699310302734
0.3,5,7.74264,0.5,20,0.6633333333333333,0.12578641509408808,451,0.8,0.6333333333333333,0.4666666666666667,0.6166666666666667,0.8,1.0202439785003663,0.020763444900512695
0.3,5,7.74264,0.5,50,0.74,0.08856886837057613,87,0.8,0.8333333333333333,0.65,0.6166666666666667,0.8,1.035692024230957,0.020753765106201173
0.3,5,7.74264,0.7,5,0.5933333333333334,0.08730533902472531,693,0.6166666666666667,0.55,0.4666666666666667,0.7333333333333334,0.6,1.1445903778076172,0.02102189064025879
0.3,5,7.74264,0.7,10,0.6333333333333334,0.043461349368017654,592,0.6166666666666667,0.5666666666666667,0.65,0.6333333333333333,0.7,1.1511428833007813,0.020950746536254884
0.3,5,7.74264,0.7,20,0.6666666666666667,0.11595018087284059,420,0.6166666666666667,0.7333333333333334,0.4666666666666667,0.7166666666666667,0.8,1.1669403076171876,0.020732307434082033
0.3,5,7.74264,0.7,50,0.7200000000000001,0.07557189365836424,148,0.8,0.7333333333333334,0.65,0.6166666666666667,0.8,1.1855522632598876,0.020747947692871093
0.3,5,7.74264,0.9,5,0.5766666666666668,0.0891939210683977,716,0.5333333333333333,0.55,0.4666666666666667,0.7333333333333334,0.6,1.186882495880127,0.02086806297302246
0.3,5,7.74264,0.9,10,0.6166666666666666,0.09189365834726813,636,0.7166666666666667,0.4666666666666667,0.5666666666666667,0.6333333333333333,0.7,1.175923490524292,0.02088141441345215
0.3,5,7.74264,0.9,20,0.6866666666666668,0.10821788720498617,315,0.6166666666666667,0.8333333333333333,0.5666666666666667,0.6166666666666667,0.8,1.17910795211792,0.020961236953735352
0.3,5,7.74264,0.9,50,0.6466666666666667,0.09568466729604881,561,0.7,0.7333333333333334,0.4666666666666667,0.6333333333333333,0.7,1.193589973449707,0.020890331268310545
0.3,5,27.8256,0.1,5,0.7000000000000001,0.0767390962214756,261,0.7166666666666667,0.7333333333333334,0.6333333333333333,0.8166666666666667,0.6,0.714060115814209,0.020840930938720702
0.3,5,27.8256,0.1,10,0.5700000000000001,0.08781293248212993,717,0.7166666666666667,0.55,0.45,0.5333333333333333,0.6,0.7181671619415283,0.020636749267578126
0.3,5,27.8256,0.1,20,0.7066666666666667,0.09285592184789415,202,0.8,0.7333333333333334,0.5666666666666667,0.6333333333333333,0.8,0.7254877090454102,0.02068190574645996
0.3,5,27.8256,0.1,50,0.7,0.06411794687223782,265,0.8,0.7333333333333334,0.65,0.6166666666666667,0.7,0.7363981246948242,0.02087550163269043
0.3,5,27.8256,0.3,5,0.7066666666666667,0.1284955684493092,202,0.8166666666666667,0.7333333333333334,0.4666666666666667,0.8166666666666667,0.7,0.958022928237915,0.02085285186767578
0.3,5,27.8256,0.3,10,0.6666666666666666,0.0674948557710553,427,0.7166666666666667,0.55,0.7333333333333334,0.6333333333333333,0.7,0.9659668922424316,0.020653295516967773
0.3,5,27.8256,0.3,20,0.6866666666666668,0.12578641509408808,315,0.8,0.6333333333333333,0.4666666666666667,0.7333333333333334,0.8,0.972106647491455,0.020813655853271485
0.3,5,27.8256,0.3,50,0.7200000000000001,0.07557189365836424,148,0.8,0.7333333333333334,0.65,0.6166666666666667,0.8,0.9775779247283936,0.02080569267272949
0.3,5,27.8256,0.5,5,0.65,0.09775252199076788,545,0.7166666666666667,0.7333333333333334,0.4666666666666667,0.6333333333333333,0.7,1.109029769897461,0.020782661437988282
0.3,5,27.8256,0.5,10,0.7266666666666666,0.12762793146051096,113,0.7166666666666667,0.55,0.8333333333333333,0.6333333333333333,0.9,1.1136943340301513,0.020928239822387694
0.3,5,27.8256,0.5,20,0.6833333333333333,0.12472191289246473,363,0.8,0.6333333333333333,0.4666666666666667,0.7166666666666667,0.8,1.1294747352600099,0.02066974639892578
0.3,5,27.8256,0.5,50,0.7033333333333334,0.10132456102380444,222,0.8,0.7333333333333334,0.65,0.5333333333333333,0.8,1.1308266162872314,0.020787572860717772
0.3,5,27.8256,0.7,5,0.6133333333333333,0.09392668535736912,642,0.7166666666666667,0.55,0.4666666666666667,0.6333333333333333,0.7,1.2013156414031982,0.020721292495727538
0.3,5,27.8256,0.7,10,0.6733333333333332,0.13274871834493251,397,0.7166666666666667,0.55,0.6666666666666666,0.5333333333333333,0.9,1.2079107761383057,0.02078084945678711
0.3,5,27.8256,0.7,20,0.6833333333333333,0.12472191289246473,363,0.8,0.6333333333333333,0.4666666666666667,0.7166666666666667,0.8,1.208313274383545,0.020859909057617188
0.3,5,27.8256,0.7,50,0.7233333333333333,0.11430952132988165,140,0.8,0.8333333333333333,0.65,0.5333333333333333,0.8,1.2222647190093994,0.020738935470581053
0.3,5,27.8256,0.9,5,0.6133333333333334,0.10077477638553983,638,0.7166666666666667,0.55,0.4666666666666667,0.7333333333333334,0.6,1.2795535564422607,0.022271203994750976
0.3,5,27.8256,0.9,10,0.6133333333333333,0.13097921802925666,642,0.7,0.4666666666666667,0.4666666666666667,0.6333333333333333,0.8,1.2716273307800292,0.0207216739654541
0.3,5,27.8256,0.9,20,0.6666666666666667,0.13540064007726602,420,0.8,0.55,0.4666666666666667,0.7166666666666667,0.8,1.280545139312744,0.02095632553100586
0.3,5,27.8256,0.9,50,0.7033333333333334,0.10132456102380444,222,0.8,0.7333333333333334,0.65,0.5333333333333333,0.8,1.3084957599639893,0.02097015380859375
0.3,5,100.0,0.1,5,0.7000000000000001,0.0767390962214756,261,0.7166666666666667,0.7333333333333334,0.6333333333333333,0.8166666666666667,0.6,0.7677579879760742,0.020803117752075197
0.3,5,100.0,0.1,10,0.67,0.1780761385225744,407,0.7166666666666667,0.55,0.55,0.5333333333333333,1.0,0.771692943572998,0.020977354049682616
0.3,5,100.0,0.1,20,0.7033333333333334,0.09568466729604884,222,0.8,0.7333333333333334,0.5666666666666667,0.6166666666666667,0.8,0.773094654083252,0.02179417610168457
0.3,5,100.0,0.1,50,0.7,0.06411794687223782,265,0.8,0.7333333333333334,0.65,0.6166666666666667,0.7,0.7820361614227295,0.020734691619873048
0.3,5,100.0,0.3,5,0.7000000000000001,0.0767390962214756,261,0.7166666666666667,0.7333333333333334,0.6333333333333333,0.8166666666666667,0.6,0.778768253326416,0.020747804641723634
0.3,5,100.0,0.3,10,0.5700000000000001,0.08781293248212993,717,0.7166666666666667,0.55,0.45,0.5333333333333333,0.6,0.7748770713806152,0.020825862884521484
0.3,5,100.0,0.3,20,0.7066666666666667,0.09285592184789415,202,0.8,0.7333333333333334,0.5666666666666667,0.6333333333333333,0.8,0.7832162380218506,0.02084975242614746
0.3,5,100.0,0.3,50,0.7200000000000001,0.07557189365836424,148,0.8,0.7333333333333334,0.65,0.6166666666666667,0.8,0.7978720188140869,0.020592164993286134
0.3,5,100.0,0.5,5,0.7166666666666667,0.06912147117775908,177,0.7166666666666667,0.7333333333333334,0.7166666666666667,0.8166666666666667,0.6,0.8318828582763672,0.02086505889892578
0.3,5,100.0,0.5,10,0.65,0.08232726023485645,545,0.7166666666666667,0.55,0.55,0.7333333333333334,0.7,0.8350411891937256,0.021657323837280272
0.3,5,100.0,0.5,20,0.7266666666666668,0.06798692684790383,101,0.8,0.7333333333333334,0.6666666666666666,0.6333333333333333,0.8,0.8407597064971923,0.02088766098022461
0.3,5,100.0,0.5,50,0.7166666666666668,0.049441323247304436,176,0.8,0.7333333333333334,0.65,0.7,0.7,0.8473117351531982,0.02089085578918457
0.3,5,100.0,0.7,5,0.7566666666666666,0.05011098792790969,40,0.8166666666666667,0.7333333333333334,0.7166666666666667,0.8166666666666667,0.7,0.9283041954040527,0.02091388702392578
0.3,5,100.0,0.7,10,0.61,0.0992191737742481,657,0.7166666666666667,0.55,0.45,0.6333333333333333,0.7,0.9313111782073975,0.02102031707763672
0.3,5,100.0,0.7,20,0.6866666666666668,0.12578641509408808,315,0.8,0.6333333333333333,0.4666666666666667,0.7333333333333334,0.8,0.9325615882873535,0.020687007904052736
0.3,5,100.0,0.7,50,0.7,0.06411794687223782,265,0.8,0.7333333333333334,0.65,0.6166666666666667,0.7,0.9439899444580078,0.02082681655883789
0.3,5,100.0,0.9,5,0.7566666666666666,0.05011098792790969,40,0.8166666666666667,0.7333333333333334,0.7166666666666667,0.8166666666666667,0.7,1.0362595081329347,0.020972299575805663
0.3,5,100.0,0.9,10,0.6666666666666666,0.0674948557710553,427,0.7166666666666667,0.55,0.7333333333333334,0.6333333333333333,0.7,1.039503574371338,0.02074737548828125
0.3,5,100.0,0.9,20,0.7033333333333334,0.1359738536958076,222,0.8,0.6333333333333333,0.4666666666666667,0.8166666666666667,0.8,1.0465270042419434,0.0208071231842041
0.3,5,100.0,0.9,50,0.7,0.06411794687223782,265,0.8,0.7333333333333334,0.65,0.6166666666666667,0.7,1.0673521041870118,0.020627784729003906
