param_clf__shrink_threshold,param_selector__C,param_selector__l1_ratio,param_selector__top_k,mean_test_score,std_test_score,rank_test_score,split0_test_score,split1_test_score,split2_test_score,split3_test_score,split4_test_score,mean_fit_time,mean_score_time
,0.001,0.1,5,0.45999999999999996,0.09463379711052261,753,0.48333333333333334,0.3333333333333333,0.4666666666666667,0.6166666666666667,0.4,0.0032797813415527343,0.001386547088623047
,0.001,0.1,10,0.5,0.062360956446232366,593,0.48333333333333334,0.43333333333333335,0.4666666666666667,0.6166666666666667,0.5,0.00315709114074707,0.0013713359832763672
,0.001,0.1,20,0.5,0.1816590212458495,593,0.4,0.25,0.8,0.55,0.5,0.0032001018524169924,0.0013808727264404297
,0.001,0.1,50,0.5633333333333334,0.11125546178852423,535,0.4,0.55,0.7166666666666667,0.65,0.5,0.0032186508178710938,0.0013878822326660156
,0.001,0.3,5,0.45999999999999996,0.09463379711052261,753,0.48333333333333334,0.3333333333333333,0.4666666666666667,0.6166666666666667,0.4,0.0031861782073974608,0.0014421939849853516
,0.001,0.3,10,0.5,0.062360956446232366,593,0.48333333333333334,0.43333333333333335,0.4666666666666667,0.6166666666666667,0.5,0.0037716388702392577,0.0016353607177734375
,0.001,0.3,20,0.5,0.1816590212458495,593,0.4,0.25,0.8,0.55,0.5,0.0031437397003173826,0.0013753414154052735
,0.001,0.3,50,0.5633333333333334,0.11125546178852423,535,0.4,0.55,0.7166666666666667,0.65,0.5,0.0031751155853271484,0.001379251480102539
,0.001,0.5,5,0.45999999999999996,0.09463379711052261,753,0.48333333333333334,0.3333333333333333,0.4666666666666667,0.6166666666666667,0.4,0.0032568931579589843,0.001374530792236328
,0.001,0.5,10,0.5,0.062360956446232366,593,0.48333333333333334,0.43333333333333335,0.4666666666666667,0.6166666666666667,0.5,0.003174304962158203,0.0013617515563964845
,0.001,0.5,20,0.5,0.1816590212458495,593,0.4,0.25,0.8,0.55,0.5,0.003189229965209961,0.0013689517974853516
,0.001,0.5,50,0.5633333333333334,0.11125546178852423,535,0.4,0.55,0.7166666666666667,0.65,0.5,0.0031871795654296875,0.0013792037963867188
,0.001,0.7,5,0.45999999999999996,0.09463379711052261,753,0.48333333333333334,0.3333333333333333,0.4666666666666667,0.6166666666666667,0.4,0.0033308029174804687,0.00140380859375
,0.001,0.7,10,0.5,0.062360956446232366,593,0.48333333333333334,0.43333333333333335,0.4666666666666667,0.6166666666666667,0.5,0.003646373748779297,0.0015470027923583985
,0.001,0.7,20,0.5,0.1816590212458495,593,0.4,0.25,0.8,0.55,0.5,0.0031366825103759767,0.0013764381408691406
,0.001,0.7,50,0.5633333333333334,0.11125546178852423,535,0.4,0.55,0.7166666666666667,0.65,0.5,0.00318760871887207,0.0013802051544189453
,0.001,0.9,5,0.45999999999999996,0.09463379711052261,753,0.48333333333333334,0.3333333333333333,0.4666666666666667,0.6166666666666667,0.4,0.0032384395599365234,0.0013711929321289062
,0.001,0.9,10,0.5,0.062360956446232366,593,0.48333333333333334,0.43333333333333335,0.4666666666666667,0.6166666666666667,0.5,0.003180980682373047,0.001371145248413086
,0.001,0.9,20,0.5,0.1816590212458495,593,0.4,0.25,0.8,0.55,0.5,0.003171062469482422,0.0013717174530029296
,0.001,0.9,50,0.5633333333333334,0.11125546178852423,535,0.4,0.55,0.7166666666666667,0.65,0.5,0.0032111167907714843,0.001387643814086914
,0.00359381,0.1,5,0.45999999999999996,0.09463379711052261,753,0.48333333333333334,0.3333333333333333,0.4666666666666667,0.6166666666666667,0.4,0.0037814617156982423,0.0013670921325683594
,0.00359381,0.1,10,0.5,0.062360956446232366,593,0.48333333333333334,0.43333333333333335,0.4666666666666667,0.6166666666666667,0.5,0.003694581985473633,0.0013742446899414062
,0.00359381,0.1,20,0.5,0.1816590212458495,593,0.4,0.25,0.8,0.55,0.5,0.0037781715393066405,0.001367473602294922
,0.00359381,0.1,50,0.5633333333333334,0.11125546178852423,535,0.4,0.55,0.7166666666666667,0.65,0.5,0.0037852764129638673,0.0013766288757324219
,0.00359381,0.3,5,0.45999999999999996,0.09463379711052261,753,0.48333333333333334,0.3333333333333333,0.4666666666666667,0.6166666666666667,0.4,0.003926467895507812,0.0017156600952148438
,0.00359381,0.3,10,0.5,0.062360956446232366,593,0.48333333333333334,0.43333333333333335,0.4666666666666667,0.6166666666666667,0.5,0.003180789947509766,0.001368093490600586
,0.00359381,0.3,20,0.5,0.1816590212458495,593,0.4,0.25,0.8,0.55,0.5,0.0031614780426025392,0.0013710975646972657
,0.00359381,0.3,50,0.5633333333333334,0.11125546178852423,535,0.4,0.55,0.7166666666666667,0.65,0.5,0.0032310009002685545,0.0013677597045898438
,0.00359381,0.5,5,0.45999999999999996,0.09463379711052261,753,0.48333333333333334,0.3333333333333333,0.4666666666666667,0.6166666666666667,0.4,0.003155374526977539,0.0013702392578125
,0.00359381,0.5,10,0.5,0.062360956446232366,593,0.48333333333333334,0.43333333333333335,0.4666666666666667,0.6166666666666667,0.5,0.0032039165496826174,0.0013774871826171876
,0.00359381,0.5,20,0.5,0.1816590212458495,593,0.4,0.25,0.8,0.55,0.5,0.0031793594360351564,0.0013714313507080078
,0.00359381,0.5,50,0.5633333333333334,0.11125546178852423,535,0.4,0.55,0.7166666666666667,0.65,0.5,0.003233051300048828,0.00138092041015625
,0.00359381,0.7,5,0.45999999999999996,0.09463379711052261,753,0.48333333333333334,0.3333333333333333,0.4666666666666667,0.6166666666666667,0.4,0.0031461238861083983,0.0013602733612060546
,0.00359381,0.7,10,0.5,0.062360956446232366,593,0.48333333333333334,0.43333333333333335,0.4666666666666667,0.6166666666666667,0.5,0.0031958580017089843,0.0013750553131103515
,0.00359381,0.7,20,0.5,0.1816590212458495,593,0.4,0.25,0.8,0.55,0.5,0.0031651973724365233,0.001394367218017578
,0.00359381,0.7,50,0.5633333333333334,0.11125546178852423,535,0.4,0.55,0.7166666666666667,0.65,0.5,0.00325164794921875,0.0013934612274169923
,0.00359381,0.9,5,0.45999999999999996,0.09463379711052261,753,0.48333333333333334,0.3333333333333333,0.4666666666666667,0.6166666666666667,0.4,0.003163433074951172,0.0013643741607666016
,0.00359381,0.9,10,0.5,0.062360956446232366,593,0.48333333333333334,0.43333333333333335,0.4666666666666667,0.6166666666666667,0.5,0.0031974315643310547,0.0013602733612060546
,0.00359381,0.9,20,0.5,0.1816590212458495,593,0.4,0.25,0.8,0.55,0.5,0.0031976699829101562,0.0013710975646972657
,0.00359381,0.9,50,0.5633333333333334,0.11125546178852423,535,0.4,0.55,0.7166666666666667,0.65,0.5,0.0033179283142089843,0.00142669677734375
,0.0129155,0.1,5,0.56,0.1003327796219494,552,0.5666666666666667,0.5666666666666667,0.7166666666666667,0.55,0.4,0.012324380874633788,0.0013980388641357422
,0.0129155,0.1,10,0.6833333333333333,0.10954451150103321,377,0.8333333333333333,0.65,0.7,0.7333333333333334,0.5,0.011674976348876953,0.001386260986328125
,0.0129155,0.1,20,0.8,0.07302967433402215,16,0.8333333333333333,0.8333333333333333,0.9,0.7333333333333334,0.7,0.01235060691833496,0.001516437530517578
,0.0129155,0.1,50,0.7733333333333334,0.08,53,0.8333333333333333,0.9,0.7,0.7333333333333334,0.7,0.012172079086303711,0.0014578342437744141
,0.0129155,0.3,5,0.45999999999999996,0.09463379711052261,753,0.48333333333333334,0.3333333333333333,0.4666666666666667,0.6166666666666667,0.4,0.004610443115234375,0.0016596317291259766
,0.0129155,0.3,10,0.5,0.062360956446232366,593,0.48333333333333334,0.43333333333333335,0.4666666666666667,0.6166666666666667,0.5,0.004048776626586914,0.0013743877410888673
,0.0129155,0.3,20,0.5,0.1816590212458495,593,0.4,0.25,0.8,0.55,0.5,0.0038468360900878905,0.0013736724853515626
,0.0129155,0.3,50,0.5633333333333334,0.11125546178852423,535,0.4,0.55,0.7166666666666667,0.65,0.5,0.004119253158569336,0.001533651351928711
,0.0129155,0.5,5,0.45999999999999996,0.09463379711052261,753,0.48333333333333334,0.3333333333333333,0.4666666666666667,0.6166666666666667,0.4,0.004198312759399414,0.001489877700805664
,0.0129155,0.5,10,0.5,0.062360956446232366,593,0.48333333333333334,0.43333333333333335,0.4666666666666667,0.6166666666666667,0.5,0.003751659393310547,0.0013710498809814454
,0.0129155,0.5,20,0.5,0.1816590212458495,593,0.4,0.25,0.8,0.55,0.5,0.003728294372558594,0.0014384269714355468
,0.0129155,0.5,50,0.5633333333333334,0.11125546178852423,535,0.4,0.55,0.7166666666666667,0.65,0.5,0.003744220733642578,0.0013904571533203125
,0.0129155,0.7,5,0.45999999999999996,0.09463379711052261,753,0.48333333333333334,0.3333333333333333,0.4666666666666667,0.6166666666666667,0.4,0.003334808349609375,0.001375865936279297
,0.0129155,0.7,10,0.5,0.062360956446232366,593,0.48333333333333334,0.43333333333333335,0.4666666666666667,0.6166666666666667,0.5,0.003362417221069336,0.0013756752014160156
,0.0129155,0.7,20,0.5,0.1816590212458495,593,0.4,0.25,0.8,0.55,0.5,0.003440093994140625,0.0013849735260009766
,0.0129155,0.7,50,0.5633333333333334,0.11125546178852423,535,0.4,0.55,0.7166666666666667,0.65,0.5,0.003385448455810547,0.0013847827911376953
,0.0129155,0.9,5,0.45999999999999996,0.09463379711052261,753,0.48333333333333334,0.3333333333333333,0.4666666666666667,0.6166666666666667,0.4,0.003185939788818359,0.0013681411743164062
,0.0129155,0.9,10,0.5,0.062360956446232366,593,0.48333333333333334,0.43333333333333335,0.4666666666666667,0.6166666666666667,0.5,0.0031742095947265626,0.0013837337493896485
,0.0129155,0.9,20,0.5,0.1816590212458495,593,0.4,0.25,0.8,0.55,0.5,0.0031931400299072266,0.0014310836791992187
,0.0129155,0.9,50,0.5633333333333334,0.11125546178852423,535,0.4,0.55,0.7166666666666667,0.65,0.5,0.0031976222991943358,0.0013887882232666016
,0.0464159,0.1,5,0.7,0.12156388352540311,302,0.8166666666666667,0.65,0.7,0.8333333333333333,0.5,0.021589946746826173,0.0013921737670898437
,0.0464159,0.1,10,0.72,0.12220201853215572,195,0.8333333333333333,0.7333333333333334,0.7,0.8333333333333333,0.5,0.021629190444946288,0.0013887882232666016
,0.0464159,0.1,20,0.7833333333333334,0.08628119403696524,25,0.75,0.65,0.8,0.9166666666666667,0.8,0.021634674072265624,0.00138702392578125
,0.0464159,0.1,50,0.7233333333333333,0.13358309939675922,177,0.75,0.55,0.6,0.9166666666666667,0.8,0.021695518493652345,0.0013941287994384765
,0.0464159,0.3,5,0.58,0.11224972160321824,530,0.5666666666666667,0.5666666666666667,0.6166666666666667,0.75,0.4,0.021874332427978517,0.0013789653778076172
,0.0464159,0.3,10,0.7766666666666666,0.10088497300281038,49,0.9,0.75,0.8,0.8333333333333333,0.6,0.021933841705322265,0.0013898372650146484
,0.0464159,0.3,20,0.74,0.12587471725666138,123,0.75,0.8333333333333333,0.6,0.9166666666666667,0.6000000000000001,0.021964836120605468,0.0013797283172607422
,0.0464159,0.3,50,0.7733333333333334,0.08,53,0.8333333333333333,0.9,0.7,0.7333333333333334,0.7,0.021936368942260743,0.0013915538787841798
,0.0464159,0.5,5,0.6233333333333333,0.06716480559869961,505,0.65,0.65,0.7,0.6166666666666667,0.5,0.01572890281677246,0.0013792037963867188
,0.0464159,0.5,10,0.6799999999999999,0.041365578819969516,408,0.65,0.7333333333333334,0.7,0.6166666666666667,0.7,0.017214250564575196,0.001440286636352539
,0.0464159,0.5,20,0.65,0.0760116950066092,483,0.5666666666666667,0.7333333333333334,0.7,0.55,0.7,0.01575336456298828,0.0013792037963867188
,0.0464159,0.5,50,0.6666666666666666,0.045946829173634095,462,0.65,0.7333333333333334,0.6,0.65,0.7,0.015764284133911132,0.0013881206512451171
,0.0464159,0.7,5,0.45999999999999996,0.09463379711052261,753,0.48333333333333334,0.3333333333333333,0.4666666666666667,0.6166666666666667,0.4,0.004003143310546875,0.0013874530792236327
,0.0464159,0.7,10,0.5,0.062360956446232366,593,0.48333333333333334,0.43333333333333335,0.4666666666666667,0.6166666666666667,0.5,0.004098749160766602,0.0013837337493896485
,0.0464159,0.7,20,0.5,0.1816590212458495,593,0.4,0.25,0.8,0.55,0.5,0.004000377655029297,0.0013853073120117187
,0.0464159,0.7,50,0.5633333333333334,0.11125546178852423,535,0.4,0.55,0.7166666666666667,0.65,0.5,0.004030847549438476,0.0013894081115722657
,0.0464159,0.9,5,0.45999999999999996,0.09463379711052261,753,0.48333333333333334,0.3333333333333333,0.4666666666666667,0.6166666666666667,0.4,0.003948068618774414,0.001378345489501953
,0.0464159,0.9,10,0.5,0.062360956446232366,593,0.48333333333333334,0.43333333333333335,0.4666666666666667,0.6166666666666667,0.5,0.003986978530883789,0.0013907432556152343
,0.0464159,0.9,20,0.5,0.1816590212458495,593,0.4,0.25,0.8,0.55,0.5,0.003931856155395508,0.0013739109039306641
,0.0464159,0.9,50,0.5633333333333334,0.11125546178852423,535,0.4,0.55,0.7166666666666667,0.65,0.5,0.003939008712768555,0.0013782978057861328
,0.16681,0.1,5,0.6833333333333333,0.11642832797715319,377,0.8166666666666667,0.5666666666666667,0.6,0.8333333333333333,0.6,0.05026741027832031,0.0014078140258789063
,0.16681,0.1,10,0.6733333333333332,0.19281539818639426,432,0.8333333333333333,0.3833333333333333,0.8166666666666667,0.8333333333333333,0.5,0.05068702697753906,0.0014064788818359375
,0.16681,0.1,20,0.7666666666666666,0.0641179468722378,56,0.75,0.65,0.8,0.8333333333333333,0.8,0.0501741886138916,0.0014028072357177735
,0.16681,0.1,50,0.7233333333333334,0.12587471725666138,163,0.65,0.55,0.7,0.9166666666666667,0.8,0.050211620330810544,0.0013993740081787109
,0.16681,0.3,5,0.7033333333333333,0.10873004286866725,295,0.8166666666666667,0.5666666666666667,0.7,0.8333333333333333,0.6,0.05448579788208008,0.001398468017578125
,0.16681,0.3,10,0.7033333333333334,0.12489995996796793,274,0.8333333333333333,0.65,0.7,0.8333333333333333,0.5,0.05443730354309082,0.001392030715942383
,0.16681,0.3,20,0.8200000000000001,0.07557189365836424,3,0.75,0.7333333333333334,0.8,0.9166666666666667,0.9,0.05435853004455567,0.0014004707336425781
,0.16681,0.3,50,0.7633333333333332,0.09092121131323903,77,0.65,0.7333333333333334,0.7,0.8333333333333333,0.9,0.05433917045593262,0.0015005111694335938
,0.16681,0.5,5,0.67,0.09854496999396321,442,0.75,0.75,0.6166666666666667,0.7333333333333334,0.5,0.06575374603271485,0.001397705078125
,0.16681,0.5,10,0.7566666666666667,0.16384274303259339,88,1.0,0.55,0.8,0.8333333333333333,0.6000000000000001,0.06584997177124023,0.001392030715942383
,0.16681,0.5,20,0.78,0.11125546178852427,40,0.75,0.6333333333333333,0.7,0.9166666666666667,0.9,0.0657419204711914,0.0014073848724365234
,0.16681,0.5,50,0.7966666666666666,0.076303487615064,20,0.8333333333333333,0.7333333333333334,0.7,0.9166666666666667,0.8,0.06581063270568847,0.001398181915283203
,0.16681,0.7,5,0.6733333333333333,0.11953614051360739,417,0.75,0.5666666666666667,0.8166666666666667,0.7333333333333334,0.5,0.05862579345703125,0.0014040470123291016
,0.16681,0.7,10,0.6833333333333333,0.08944271909999156,377,0.7333333333333334,0.65,0.6,0.8333333333333333,0.6000000000000001,0.0585899829864502,0.0014069080352783203
,0.16681,0.7,20,0.7066666666666667,0.1240967364599086,240,0.75,0.5666666666666667,0.6,0.9166666666666667,0.7,0.05860781669616699,0.0014147281646728516
,0.16681,0.7,50,0.8133333333333332,0.06944222218666556,8,0.8333333333333333,0.8166666666666667,0.7,0.9166666666666667,0.8,0.058576107025146484,0.0014792919158935548
,0.16681,0.9,5,0.7066666666666667,0.15077577170531523,240,0.9,0.5666666666666667,0.8166666666666667,0.75,0.5,0.06319942474365234,0.0014167308807373046
,0.16681,0.9,10,0.7233333333333334,0.07571877794400364,163,0.7333333333333334,0.75,0.6,0.8333333333333333,0.7,0.06297883987426758,0.0014190196990966797
,0.16681,0.9,20,0.7,0.17159383568311667,302,0.75,0.8333333333333333,0.5,0.9166666666666667,0.5,0.0630190372467041,0.001426362991333008
,0.16681,0.9,50,0.7533333333333333,0.10456258094238749,90,0.8333333333333333,0.9,0.6,0.7333333333333334,0.7,0.06306166648864746,0.0014077186584472655
,0.599484,0.1,5,0.6933333333333332,0.09809292646374772,329,0.75,0.5666666666666667,0.7166666666666667,0.8333333333333333,0.6000000000000001,0.11621322631835937,0.0014654159545898437
,0.599484,0.1,10,0.6733333333333332,0.16686654681045102,432,0.8333333333333333,0.3833333333333333,0.6166666666666667,0.8333333333333333,0.7,0.11621618270874023,0.0014588356018066407
,0.599484,0.1,20,0.7299999999999999,0.18808981306221179,150,0.75,0.3666666666666667,0.9,0.8333333333333333,0.8,0.11645150184631348,0.001464080810546875
,0.599484,0.1,50,0.7233333333333333,0.09580071908799942,177,0.75,0.55,0.7,0.8166666666666667,0.8,0.11654777526855468,0.0014594554901123046
,0.599484,0.3,5,0.7266666666666667,0.11766241729815193,153,0.8166666666666667,0.5666666666666667,0.8333333333333333,0.8166666666666667,0.6,0.1326054573059082,0.0014604091644287109
,0.599484,0.3,10,0.6733333333333333,0.10143416036468625,417,0.8333333333333333,0.5666666666666667,0.6166666666666667,0.75,0.6,0.1325408935546875,0.0014543533325195312
,0.599484,0.3,20,0.7833333333333332,0.036514837167011045,31,0.75,0.7333333333333334,0.8,0.8333333333333333,0.8,0.1327448844909668,0.0014575004577636718
,0.599484,0.3,50,0.6833333333333333,0.10697871023920807,377,0.65,0.55,0.6,0.8166666666666667,0.8,0.1326632022857666,0.001451253890991211
,0.599484,0.5,5,0.7066666666666667,0.15260697523012795,240,0.8333333333333333,0.5666666666666667,0.9,0.7333333333333334,0.5,0.14757461547851564,0.0014623641967773438
,0.599484,0.5,10,0.72,0.138001610296563,195,0.8333333333333333,0.55,0.7,0.9166666666666667,0.6,0.14698314666748047,0.0014588356018066407
,0.599484,0.5,20,0.76,0.09225568335398701,81,0.65,0.7333333333333334,0.7,0.9166666666666667,0.8,0.1470618724822998,0.0014659881591796875
,0.599484,0.5,50,0.7233333333333333,0.04898979485566358,177,0.65,0.7333333333333334,0.7,0.7333333333333334,0.8,0.14715933799743652,0.0014708518981933593
,0.599484,0.7,5,0.6666666666666667,0.04714045207910319,458,0.6666666666666666,0.6333333333333333,0.7,0.7333333333333334,0.6,0.18235926628112792,0.0015008926391601562
,0.599484,0.7,10,0.7666666666666665,0.1534781924429512,67,0.8333333333333333,0.4666666666666667,0.8,0.8333333333333333,0.9,0.18257613182067872,0.00153961181640625
,0.599484,0.7,20,0.8033333333333335,0.09854496999396324,13,0.75,0.65,0.8,0.9166666666666667,0.9,0.1841646671295166,0.0015295028686523437
,0.599484,0.7,50,0.7233333333333333,0.08793937305515279,177,0.65,0.7333333333333334,0.6,0.8333333333333333,0.8,0.1842339038848877,0.0015239715576171875
,0.599484,0.9,5,0.6666666666666666,0.10110500592068736,462,0.6666666666666666,0.6333333333333333,0.8,0.7333333333333334,0.5,0.15685014724731444,0.0014820575714111328
,0.599484,0.9,10,0.7666666666666665,0.1534781924429512,67,0.8333333333333333,0.4666666666666667,0.8,0.8333333333333333,0.9,0.15714049339294434,0.0015133380889892577
,0.599484,0.9,20,0.7766666666666667,0.07788880963698619,46,0.75,0.7166666666666667,0.7,0.9166666666666667,0.8,0.15731639862060548,0.001505565643310547
,0.599484,0.9,50,0.7966666666666666,0.0669991708074726,20,0.7333333333333334,0.7333333333333334,0.8,0.9166666666666667,0.8,0.1571425437927246,0.001520395278930664
,2.15443,0.1,5,0.7333333333333334,0.12605113600792692,138,0.65,0.5666666666666667,0.9166666666666667,0.8333333333333333,0.7,0.22906899452209473,0.0015323162078857422
,2.15443,0.1,10,0.6699999999999999,0.15143755588800728,450,0.7333333333333334,0.3833333333333333,0.7,0.8333333333333333,0.7,0.23001551628112793,0.0016716480255126952
,2.15443,0.1,20,0.5933333333333334,0.1614517471774978,523,0.65,0.2833333333333333,0.7,0.7333333333333334,0.6,0.22891440391540527,0.001605987548828125
,2.15443,0.1,50,0.72,0.08781293248212996,195,0.75,0.6333333333333333,0.6,0.8166666666666667,0.8,0.2289668083190918,0.0015497207641601562
,2.15443,0.3,5,0.6699999999999999,0.1547040184782972,450,0.75,0.4666666666666667,0.8166666666666667,0.8166666666666667,0.5,0.28211359977722167,0.0015338897705078126
,2.15443,0.3,10,0.6733333333333333,0.14204850501775007,417,0.8333333333333333,0.4666666666666667,0.6333333333333333,0.8333333333333333,0.6,0.28241662979125975,0.001598215103149414
,2.15443,0.3,20,0.7466666666666667,0.07986099033807291,98,0.65,0.65,0.8,0.8333333333333333,0.8,0.2827881336212158,0.0015392780303955078
,2.15443,0.3,50,0.7033333333333334,0.1561338457150716,274,0.75,0.55,0.5,0.9166666666666667,0.8,0.28255271911621094,0.0015419960021972657
,2.15443,0.5,5,0.7266666666666666,0.13848385385227324,158,0.8333333333333333,0.4666666666666667,0.8166666666666667,0.8166666666666667,0.7,0.310806941986084,0.0015311717987060546
,2.15443,0.5,10,0.6566666666666666,0.1263153021433094,476,0.8333333333333333,0.4666666666666667,0.6333333333333333,0.75,0.6,0.31120848655700684,0.0015307903289794923
,2.15443,0.5,20,0.7833333333333332,0.036514837167011045,31,0.75,0.7333333333333334,0.8,0.8333333333333333,0.8,0.31176080703735354,0.0015507221221923828
,2.15443,0.5,50,0.6866666666666668,0.1151810169544733,364,0.6666666666666666,0.65,0.5,0.8166666666666667,0.8,0.31109819412231443,0.0015528678894042968
,2.15443,0.7,5,0.7633333333333333,0.0819213715162967,70,0.8333333333333333,0.6333333333333333,0.8333333333333333,0.8166666666666667,0.7,0.3522483348846436,0.001558065414428711
,2.15443,0.7,10,0.7433333333333334,0.11430952132988165,108,0.8333333333333333,0.6333333333333333,0.9,0.75,0.6,0.352396821975708,0.0015798091888427734
,2.15443,0.7,20,0.8200000000000001,0.07557189365836424,3,0.75,0.7333333333333334,0.8,0.9166666666666667,0.9,0.3528693675994873,0.001558542251586914
,2.15443,0.7,50,0.7066666666666667,0.09977753031397177,240,0.5666666666666667,0.6333333333333333,0.7,0.8333333333333333,0.8,0.3532865524291992,0.0015739917755126954
,2.15443,0.9,5,0.7233333333333333,0.13482498944104454,177,0.8333333333333333,0.6333333333333333,0.8333333333333333,0.8166666666666667,0.5,0.371735668182373,0.0015604972839355468
,2.15443,0.9,10,0.78,0.17619433715203348,40,0.8333333333333333,0.55,1.0,0.9166666666666667,0.6,0.37114500999450684,0.0015540599822998046
,2.15443,0.9,20,0.7633333333333333,0.0915302014516399,70,0.75,0.65,0.7,0.9166666666666667,0.8,0.37107152938842775,0.0015754222869873047
,2.15443,0.9,50,0.7233333333333333,0.08793937305515279,177,0.65,0.7333333333333334,0.6,0.8333333333333333,0.8,0.37136068344116213,0.0015787601470947266
,7.74264,0.1,5,0.6933333333333332,0.11085526098877256,329,0.65,0.5666666666666667,0.8166666666666667,0.8333333333333333,0.6000000000000001,0.32181763648986816,0.0015655040740966796
,7.74264,0.1,10,0.7366666666666666,0.12970050972229147,135,0.75,0.48333333333333334,0.8166666666666667,0.8333333333333333,0.8,0.32235093116760255,0.0015494823455810547
,7.74264,0.1,20,0.6133333333333334,0.18239152027072603,511,0.65,0.2833333333333333,0.7,0.8333333333333333,0.6,0.3222402572631836,0.0015530586242675781
,7.74264,0.1,50,0.72,0.11990737165736638,195,0.65,0.6333333333333333,0.6,0.9166666666666667,0.8,0.32198057174682615,0.0015557765960693359
,7.74264,0.3,5,0.7333333333333332,0.13621877827801698,144,0.75,0.4666666666666667,0.8166666666666667,0.8333333333333333,0.8,0.4719379425048828,0.0015714645385742187
,7.74264,0.3,10,0.67,0.16812693617224653,442,0.8333333333333333,0.3833333333333333,0.7,0.8333333333333333,0.6,0.47206950187683105,0.0015661239624023438
,7.74264,0.3,20,0.7066666666666667,0.13605554421305702,240,0.75,0.45,0.8,0.8333333333333333,0.7,0.4717833995819092,0.0015752315521240234
,7.74264,0.3,50,0.68,0.10821788720498618,404,0.75,0.6333333333333333,0.5,0.8166666666666667,0.7,0.47214655876159667,0.0015738487243652343
,7.74264,0.5,5,0.6733333333333332,0.1579732748143038,432,0.75,0.4666666666666667,0.8166666666666667,0.8333333333333333,0.5,0.5395137786865234,0.001552248001098633
,7.74264,0.5,10,0.6499999999999999,0.15563490039904998,489,0.8333333333333333,0.4666666666666667,0.5166666666666667,0.8333333333333333,0.6,0.5390625476837159,0.0015664100646972656
,7.74264,0.5,20,0.7833333333333332,0.036514837167011045,31,0.75,0.7333333333333334,0.8,0.8333333333333333,0.8,0.5386919021606446,0.0015694618225097657
,7.74264,0.5,50,0.6433333333333333,0.11185307823708343,492,0.65,0.55,0.5,0.8166666666666667,0.7,0.5386440277099609,0.0015796661376953126
,7.74264,0.7,5,0.7266666666666666,0.13848385385227324,158,0.8333333333333333,0.4666666666666667,0.8166666666666667,0.8166666666666667,0.7,0.5697167873382568,0.0015663623809814454
,7.74264,0.7,10,0.7266666666666666,0.13888444437333103,158,0.8333333333333333,0.4666666666666667,0.8,0.8333333333333333,0.7,0.5705026149749756,0.0016936302185058595
,7.74264,0.7,20,0.7666666666666666,0.0641179468722378,56,0.75,0.65,0.8,0.8333333333333333,0.8,0.5707137584686279,0.001569223403930664
,7.74264,0.7,50,0.6433333333333333,0.11185307823708343,492,0.65,0.55,0.5,0.8166666666666667,0.7,0.5695528984069824,0.0015748023986816406
,7.74264,0.9,5,0.7133333333333333,0.1322455628325158,219,0.8333333333333333,0.4666666666666667,0.75,0.8166666666666667,0.7,0.6324036121368408,0.0016313552856445312
,7.74264,0.9,10,0.7433333333333334,0.15477582354991867,108,0.8333333333333333,0.4666666666666667,0.8,0.9166666666666667,0.7,0.6330438613891601,0.001574563980102539
,7.74264,0.9,20,0.7666666666666666,0.0641179468722378,56,0.75,0.65,0.8,0.8333333333333333,0.8,0.6336058616638184,0.001561594009399414
,7.74264,0.9,50,0.7033333333333334,0.09451631252505216,274,0.65,0.6333333333333333,0.6,0.8333333333333333,0.8,0.6331190586090087,0.0015706062316894532
,27.8256,0.1,5,0.6933333333333332,0.11085526098877256,329,0.65,0.5666666666666667,0.8166666666666667,0.8333333333333333,0.6000000000000001,0.3158930778503418,0.0015169620513916016
,27.8256,0.1,10,0.6966666666666667,0.16713268182295565,312,0.75,0.3666666666666667,0.8166666666666667,0.75,0.8,0.3159347057342529,0.0015094757080078125
,27.8256,0.1,20,0.73,0.12128936932440168,149,0.65,0.5666666666666667,0.7,0.8333333333333333,0.9,0.31644043922424314,0.0015100479125976563
,27.8256,0.1,50,0.6833333333333333,0.10697871023920807,377,0.65,0.55,0.6,0.8166666666666667,0.8,0.31607780456542967,0.0015226364135742187
,27.8256,0.3,5,0.6933333333333332,0.11085526098877256,329,0.65,0.5666666666666667,0.8166666666666667,0.8333333333333333,0.6000000000000001,0.4815713405609131,0.0015350818634033204
,27.8256,0.3,10,0.7333333333333332,0.14944341180973264,144,0.65,0.48333333333333334,0.9,0.8333333333333333,0.8,0.4811726093292236,0.0015324592590332032
,27.8256,0.3,20,0.6166666666666666,0.1689838914084877,510,0.65,0.2833333333333333,0.7166666666666667,0.7333333333333334,0.7,0.4826940059661865,0.0015339374542236329
,27.8256,0.3,50,0.7033333333333334,0.08844332774281069,274,0.6666666666666666,0.6333333333333333,0.6,0.8166666666666667,0.8,0.48178253173828123,0.0015333175659179687
,27.8256,0.5,5,0.7533333333333333,0.09741092797468304,90,0.75,0.5666666666666667,0.8166666666666667,0.8333333333333333,0.8,0.5996337890625,0.0015574455261230468
,27.8256,0.5,10,0.6733333333333335,0.1522424966222565,414,0.7333333333333334,0.3833333333333333,0.7166666666666667,0.8333333333333333,0.7,0.5999190330505371,0.001542377471923828
,27.8256,0.5,20,0.5966666666666667,0.1596524001977073,515,0.65,0.2833333333333333,0.7166666666666667,0.6333333333333333,0.7,0.5998235702514648,0.001548004150390625
,27.8256,0.5,50,0.68,0.10821788720498618,404,0.75,0.6333333333333333,0.5,0.8166666666666667,0.7,0.5998915195465088,0.0015536308288574218
,27.8256,0.7,5,0.7333333333333332,0.13621877827801698,144,0.75,0.4666666666666667,0.8166666666666667,0.8333333333333333,0.8,0.6805428504943848,0.0015536308288574218
,27.8256,0.7,10,0.7100000000000001,0.19252705437591536,232,0.8333333333333333,0.3833333333333333,0.9,0.8333333333333333,0.6,0.6821507453918457,0.0015689373016357423
,27.8256,0.7,20,0.7066666666666667,0.13605554421305702,240,0.75,0.45,0.8,0.8333333333333333,0.7,0.6826576232910156,0.0015480995178222656
,27.8256,0.7,50,0.68,0.10821788720498618,404,0.75,0.6333333333333333,0.5,0.8166666666666667,0.7,0.6816428661346435,0.0016698360443115235
,27.8256,0.9,5,0.7133333333333333,0.1322455628325158,219,0.75,0.4666666666666667,0.8166666666666667,0.8333333333333333,0.7,0.7278656005859375,0.001563119888305664
,27.8256,0.9,10,0.6866666666666666,0.14079141387961913,370,0.8333333333333333,0.4666666666666667,0.7,0.8333333333333333,0.6,0.7290276527404785,0.0015587806701660156
,27.8256,0.9,20,0.7066666666666667,0.09225568335398696,240,0.75,0.55,0.7,0.8333333333333333,0.7,0.7295097827911377,0.0015657424926757812
,27.8256,0.9,50,0.7,0.1370320319406298,302,0.75,0.6333333333333333,0.5,0.9166666666666667,0.7,0.7276406288146973,0.001576375961303711
,100.0,0.1,5,0.5933333333333335,0.03431876713662334,522,0.65,0.5666666666666667,0.6,0.55,0.6000000000000001,0.36215410232543943,0.0015228271484375
,100.0,0.1,10,0.6566666666666667,0.16145174717749777,474,0.75,0.3666666666666667,0.8166666666666667,0.75,0.6000000000000001,0.3630638122558594,0.0015835762023925781
,100.0,0.1,20,0.7333333333333333,0.1206464071390257,142,0.65,0.5666666666666667,0.7166666666666667,0.8333333333333333,0.9,0.36040315628051756,0.0015208721160888672
,100.0,0.1,50,0.7033333333333334,0.13556466271775172,274,0.65,0.55,0.6,0.9166666666666667,0.8,0.360780143737793,0.001525735855102539
,100.0,0.3,5,0.6366666666666666,0.09626352718795765,495,0.65,0.5666666666666667,0.8166666666666667,0.55,0.6000000000000001,0.37702298164367676,0.0015131473541259766
,100.0,0.3,10,0.6966666666666667,0.16713268182295565,312,0.75,0.3666666666666667,0.8166666666666667,0.75,0.8,0.37831544876098633,0.001523447036743164
,100.0,0.3,20,0.7333333333333333,0.1206464071390257,142,0.65,0.5666666666666667,0.7166666666666667,0.8333333333333333,0.9,0.3768896579742432,0.0015235424041748046
,100.0,0.3,50,0.6833333333333333,0.10697871023920807,377,0.65,0.55,0.6,0.8166666666666667,0.8,0.3771018981933594,0.0015144824981689453
,100.0,0.5,5,0.6933333333333332,0.11085526098877256,329,0.65,0.5666666666666667,0.8166666666666667,0.8333333333333333,0.6000000000000001,0.4107644557952881,0.001512002944946289
,100.0,0.5,10,0.6966666666666667,0.16713268182295565,312,0.75,0.3666666666666667,0.8166666666666667,0.75,0.8,0.40957369804382326,0.0015192508697509765
,100.0,0.5,20,0.6900000000000001,0.08666666666666663,353,0.65,0.5666666666666667,0.7,0.8333333333333333,0.7,0.4088775157928467,0.0015186786651611329
,100.0,0.5,50,0.7033333333333334,0.10821788720498618,274,0.75,0.55,0.6,0.8166666666666667,0.8,0.4095165252685547,0.001553821563720703
,100.0,0.7,5,0.6933333333333332,0.11085526098877256,329,0.65,0.5666666666666667,0.8166666666666667,0.8333333333333333,0.6000000000000001,0.465073823928833,0.0015517234802246093
,100.0,0.7,10,0.7,0.12292725943057184,302,0.65,0.48333333333333334,0.8166666666666667,0.75,0.8,0.46469974517822266,0.0015499591827392578
,100.0,0.7,20,0.6933333333333334,0.10466878978738386,320,0.65,0.5666666666666667,0.6166666666666667,0.8333333333333333,0.8,0.464414644241333,0.0016111373901367188
,100.0,0.7,50,0.6633333333333334,0.09153020145163986,468,0.65,0.55,0.6,0.8166666666666667,0.7,0.46770601272583007,0.0015390396118164062
,100.0,0.9,5,0.7133333333333333,0.1007747763855398,219,0.65,0.5666666666666667,0.8166666666666667,0.8333333333333333,0.7,0.549813985824585,0.0015544414520263672
,100.0,0.9,10,0.6833333333333333,0.12064640713902573,377,0.65,0.48333333333333334,0.8166666666666667,0.6666666666666666,0.8,0.5496042728424072,0.0015751838684082032
,100.0,0.9,20,0.5966666666666667,0.16172679294277606,515,0.65,0.2833333333333333,0.6166666666666667,0.7333333333333334,0.7,0.55168137550354,0.0015616416931152344
,100.0,0.9,50,0.6833333333333333,0.09718253158075499,377,0.75,0.55,0.6,0.8166666666666667,0.7,0.5502262115478516,0.0016839027404785157
0.1,0.001,0.1,5,0.48,0.10402991022884824,705,0.48333333333333334,0.3333333333333333,0.5666666666666667,0.6166666666666667,0.4,0.0032966136932373047,0.0013912677764892577
0.1,0.001,0.1,10,0.48,0.07408703590297623,705,0.48333333333333334,0.43333333333333335,0.4666666666666667,0.6166666666666667,0.4,0.003285789489746094,0.0013956069946289063
0.1,0.001,0.1,20,0.4833333333333334,0.1552775293180282,657,0.4,0.25,0.7166666666666667,0.55,0.5,0.0032845020294189455,0.0013876914978027343
0.1,0.001,0.1,50,0.5433333333333333,0.10252370999486465,558,0.4,0.55,0.7166666666666667,0.55,0.5,0.0032251358032226564,0.0013989448547363282
0.1,0.001,0.3,5,0.48,0.10402991022884824,705,0.48333333333333334,0.3333333333333333,0.5666666666666667,0.6166666666666667,0.4,0.003212118148803711,0.0013747215270996094
0.1,0.001,0.3,10,0.48,0.07408703590297623,705,0.48333333333333334,0.43333333333333335,0.4666666666666667,0.6166666666666667,0.4,0.0032120227813720705,0.0014529705047607421
0.1,0.001,0.3,20,0.4833333333333334,0.1552775293180282,657,0.4,0.25,0.7166666666666667,0.55,0.5,0.003225898742675781,0.001391124725341797
0.1,0.001,0.3,50,0.5433333333333333,0.10252370999486465,558,0.4,0.55,0.7166666666666667,0.55,0.5,0.0032540321350097655,0.0013824462890625
0.1,0.001,0.5,5,0.48,0.10402991022884824,705,0.48333333333333334,0.3333333333333333,0.5666666666666667,0.6166666666666667,0.4,0.0032305240631103514,0.0013854503631591797
0.1,0.001,0.5,10,0.48,0.07408703590297623,705,0.48333333333333334,0.43333333333333335,0.4666666666666667,0.6166666666666667,0.4,0.0032684326171875,0.0013903141021728515
0.1,0.001,0.5,20,0.4833333333333334,0.1552775293180282,657,0.4,0.25,0.7166666666666667,0.55,0.5,0.003213357925415039,0.0013891220092773437
0.1,0.001,0.5,50,0.5433333333333333,0.10252370999486465,558,0.4,0.55,0.7166666666666667,0.55,0.5,0.0032495498657226563,0.0013776302337646484
0.1,0.001,0.7,5,0.48,0.10402991022884824,705,0.48333333333333334,0.3333333333333333,0.5666666666666667,0.6166666666666667,0.4,0.0032450675964355467,0.0014375209808349609
0.1,0.001,0.7,10,0.48,0.07408703590297623,705,0.48333333333333334,0.43333333333333335,0.4666666666666667,0.6166666666666667,0.4,0.003196048736572266,0.0013787269592285157
0.1,0.001,0.7,20,0.4833333333333334,0.1552775293180282,657,0.4,0.25,0.7166666666666667,0.55,0.5,0.003238201141357422,0.001375436782836914
0.1,0.001,0.7,50,0.5433333333333333,0.10252370999486465,558,0.4,0.55,0.7166666666666667,0.55,0.5,0.003222370147705078,0.0013854026794433594
0.1,0.001,0.9,5,0.48,0.10402991022884824,705,0.48333333333333334,0.3333333333333333,0.5666666666666667,0.6166666666666667,0.4,0.0032741069793701173,0.0013915061950683593
0.1,0.001,0.9,10,0.48,0.07408703590297623,705,0.48333333333333334,0.43333333333333335,0.4666666666666667,0.6166666666666667,0.4,0.003205537796020508,0.001376199722290039
0.1,0.001,0.9,20,0.4833333333333334,0.1552775293180282,657,0.4,0.25,0.7166666666666667,0.55,0.5,0.003230428695678711,0.0013843536376953124
0.1,0.001,0.9,50,0.5433333333333333,0.10252370999486465,558,0.4,0.55,0.7166666666666667,0.55,0.5,0.003213834762573242,0.0013811111450195313
0.1,0.00359381,0.1,5,0.48,0.10402991022884824,705,0.48333333333333334,0.3333333333333333,0.5666666666666667,0.6166666666666667,0.4,0.003806304931640625,0.0013750076293945312
0.1,0.00359381,0.1,10,0.48,0.07408703590297623,705,0.48333333333333334,0.43333333333333335,0.4666666666666667,0.6166666666666667,0.4,0.003725576400756836,0.0013639450073242188
0.1,0.00359381,0.1,20,0.4833333333333334,0.1552775293180282,657,0.4,0.25,0.7166666666666667,0.55,0.5,0.0037868976593017577,0.001366567611694336
0.1,0.00359381,0.1,50,0.5433333333333333,0.10252370999486465,558,0.4,0.55,0.7166666666666667,0.55,0.5,0.0037563800811767577,0.0013841629028320313
0.1,0.00359381,0.3,5,0.48,0.10402991022884824,705,0.48333333333333334,0.3333333333333333,0.5666666666666667,0.6166666666666667,0.4,0.0032601356506347656,0.0013869762420654296
0.1,0.00359381,0.3,10,0.48,0.07408703590297623,705,0.48333333333333334,0.43333333333333335,0.4666666666666667,0.6166666666666667,0.4,0.003214311599731445,0.0013710498809814454
0.1,0.00359381,0.3,20,0.4833333333333334,0.1552775293180282,657,0.4,0.25,0.7166666666666667,0.55,0.5,0.003220939636230469,0.0013825416564941407
0.1,0.00359381,0.3,50,0.5433333333333333,0.10252370999486465,558,0.4,0.55,0.7166666666666667,0.55,0.5,0.0032239437103271486,0.0013684749603271485
0.1,0.00359381,0.5,5,0.48,0.10402991022884824,705,0.48333333333333334,0.3333333333333333,0.5666666666666667,0.6166666666666667,0.4,0.003261375427246094,0.0014051437377929688
0.1,0.00359381,0.5,10,0.48,0.07408703590297623,705,0.48333333333333334,0.43333333333333335,0.4666666666666667,0.6166666666666667,0.4,0.003195667266845703,0.0013863086700439454
0.1,0.00359381,0.5,20,0.4833333333333334,0.1552775293180282,657,0.4,0.25,0.7166666666666667,0.55,0.5,0.0032233715057373045,0.0013684272766113282
0.1,0.00359381,0.5,50,0.5433333333333333,0.10252370999486465,558,0.4,0.55,0.7166666666666667,0.55,0.5,0.0031890869140625,0.0013842582702636719
0.1,0.00359381,0.7,5,0.48,0.10402991022884824,705,0.48333333333333334,0.3333333333333333,0.5666666666666667,0.6166666666666667,0.4,0.0032230377197265624,0.0014299869537353516
0.1,0.00359381,0.7,10,0.48,0.07408703590297623,705,0.48333333333333334,0.43333333333333335,0.4666666666666667,0.6166666666666667,0.4,0.0032045841217041016,0.001381254196166992
0.1,0.00359381,0.7,20,0.4833333333333334,0.1552775293180282,657,0.4,0.25,0.7166666666666667,0.55,0.5,0.0032452106475830077,0.0013939380645751954
0.1,0.00359381,0.7,50,0.5433333333333333,0.10252370999486465,558,0.4,0.55,0.7166666666666667,0.55,0.5,0.0032167434692382812,0.001392507553100586
0.1,0.00359381,0.9,5,0.48,0.10402991022884824,705,0.48333333333333334,0.3333333333333333,0.5666666666666667,0.6166666666666667,0.4,0.0032512187957763673,0.0013996124267578124
0.1,0.00359381,0.9,10,0.48,0.07408703590297623,705,0.48333333333333334,0.43333333333333335,0.4666666666666667,0.6166666666666667,0.4,0.003199863433837891,0.0013759136199951172
0.1,0.00359381,0.9,20,0.4833333333333334,0.1552775293180282,657,0.4,0.25,0.7166666666666667,0.55,0.5,0.0032285213470458984,0.0013789653778076172
0.1,0.00359381,0.9,50,0.5433333333333333,0.10252370999486465,558,0.4,0.55,0.7166666666666667,0.55,0.5,0.003211212158203125,0.0014441967010498046
0.1,0.0129155,0.1,5,0.56,0.1003327796219494,552,0.5666666666666667,0.5666666666666667,0.7166666666666667,0.55,0.4,0.011566448211669921,0.0013825416564941407
0.1,0.0129155,0.1,10,0.6833333333333333,0.10954451150103321,377,0.8333333333333333,0.65,0.7,0.7333333333333334,0.5,0.011580705642700195,0.00139312744140625
0.1,0.0129155,0.1,20,0.7966666666666666,0.076303487615064,20,0.8333333333333333,0.9166666666666667,0.8,0.7333333333333334,0.7,0.01160573959350586,0.001388692855834961
0.1,0.0129155,0.1,50,0.7533333333333332,0.0903081145609604,92,0.8333333333333333,0.8166666666666667,0.7,0.8166666666666667,0.6000000000000001,0.011662578582763672,0.0013913154602050782
0.1,0.0129155,0.3,5,0.48,0.10402991022884824,705,0.48333333333333334,0.3333333333333333,0.5666666666666667,0.6166666666666667,0.4,0.003852224349975586,0.0013743400573730468
0.1,0.0129155,0.3,10,0.48,0.07408703590297623,705,0.48333333333333334,0.43333333333333335,0.4666666666666667,0.6166666666666667,0.4,0.0039195060729980465,0.0013910770416259766
0.1,0.0129155,0.3,20,0.4833333333333334,0.1552775293180282,657,0.4,0.25,0.7166666666666667,0.55,0.5,0.0039097309112548825,0.0013769149780273437
0.1,0.0129155,0.3,50,0.5433333333333333,0.10252370999486465,558,0.4,0.55,0.7166666666666667,0.55,0.5,0.0038647174835205076,0.0013858318328857423
0.1,0.0129155,0.5,5,0.48,0.10402991022884824,705,0.48333333333333334,0.3333333333333333,0.5666666666666667,0.6166666666666667,0.4,0.0037650585174560545,0.0013823986053466796
0.1,0.0129155,0.5,10,0.48,0.07408703590297623,705,0.48333333333333334,0.43333333333333335,0.4666666666666667,0.6166666666666667,0.4,0.003729438781738281,0.0013813972473144531
0.1,0.0129155,0.5,20,0.4833333333333334,0.1552775293180282,657,0.4,0.25,0.7166666666666667,0.55,0.5,0.0037663936614990234,0.001380157470703125
0.1,0.0129155,0.5,50,0.5433333333333333,0.10252370999486465,558,0.4,0.55,0.7166666666666667,0.55,0.5,0.003763628005981445,0.0013890266418457031
0.1,0.0129155,0.7,5,0.48,0.10402991022884824,705,0.48333333333333334,0.3333333333333333,0.5666666666666667,0.6166666666666667,0.4,0.003419780731201172,0.0013842582702636719
0.1,0.0129155,0.7,10,0.48,0.07408703590297623,705,0.48333333333333334,0.43333333333333335,0.4666666666666667,0.6166666666666667,0.4,0.003390979766845703,0.0013823986053466796
0.1,0.0129155,0.7,20,0.4833333333333334,0.1552775293180282,657,0.4,0.25,0.7166666666666667,0.55,0.5,0.015212392807006836,0.001436471939086914
0.1,0.0129155,0.7,50,0.5433333333333333,0.10252370999486465,558,0.4,0.55,0.7166666666666667,0.55,0.5,0.003991556167602539,0.001615285873413086
0.1,0.0129155,0.9,5,0.48,0.10402991022884824,705,0.48333333333333334,0.3333333333333333,0.5666666666666667,0.6166666666666667,0.4,0.0032011032104492187,0.001385068893432617
0.1,0.0129155,0.9,10,0.48,0.07408703590297623,705,0.48333333333333334,0.43333333333333335,0.4666666666666667,0.6166666666666667,0.4,0.0032375335693359377,0.0013803482055664063
0.1,0.0129155,0.9,20,0.4833333333333334,0.1552775293180282,657,0.4,0.25,0.7166666666666667,0.55,0.5,0.003212308883666992,0.0013735771179199218
0.1,0.0129155,0.9,50,0.5433333333333333,0.10252370999486465,558,0.4,0.55,0.7166666666666667,0.55,0.5,0.0032288074493408204,0.0013904571533203125
0.1,0.0464159,0.1,5,0.7,0.12156388352540311,302,0.8166666666666667,0.65,0.7,0.8333333333333333,0.5,0.02167816162109375,0.0014071464538574219
0.1,0.0464159,0.1,10,0.72,0.12220201853215572,195,0.8333333333333333,0.7333333333333334,0.7,0.8333333333333333,0.5,0.021653223037719726,0.0013939380645751954
0.1,0.0464159,0.1,20,0.7833333333333334,0.08628119403696524,25,0.75,0.65,0.8,0.9166666666666667,0.8,0.021702146530151366,0.0013924598693847655
0.1,0.0464159,0.1,50,0.7233333333333333,0.13358309939675922,177,0.75,0.55,0.6,0.9166666666666667,0.8,0.021706533432006837,0.0014060497283935546
0.1,0.0464159,0.3,5,0.5599999999999999,0.08602325267042626,555,0.5666666666666667,0.5666666666666667,0.6166666666666667,0.65,0.4,0.021960067749023437,0.001389455795288086
0.1,0.0464159,0.3,10,0.7766666666666666,0.10088497300281038,49,0.9,0.75,0.8,0.8333333333333333,0.6,0.02195148468017578,0.0013804435729980469
0.1,0.0464159,0.3,20,0.7366666666666667,0.16713268182295568,131,0.75,0.9166666666666667,0.6,0.9166666666666667,0.5,0.021979904174804686,0.001393604278564453
0.1,0.0464159,0.3,50,0.7533333333333332,0.0903081145609604,92,0.8333333333333333,0.8166666666666667,0.7,0.8166666666666667,0.6000000000000001,0.021981239318847656,0.0013959407806396484
0.1,0.0464159,0.5,5,0.6233333333333333,0.06716480559869961,505,0.65,0.65,0.7,0.6166666666666667,0.5,0.015815114974975585,0.0013735294342041016
0.1,0.0464159,0.5,10,0.6799999999999999,0.041365578819969516,408,0.65,0.7333333333333334,0.7,0.6166666666666667,0.7,0.015835666656494142,0.0013853073120117187
0.1,0.0464159,0.5,20,0.63,0.07333333333333333,502,0.5666666666666667,0.7333333333333334,0.7,0.55,0.6000000000000001,0.0158174991607666,0.0013972282409667968
0.1,0.0464159,0.5,50,0.65,0.05477225575051658,483,0.65,0.65,0.7,0.55,0.7,0.015869998931884767,0.0014028549194335938
0.1,0.0464159,0.7,5,0.48,0.10402991022884824,705,0.48333333333333334,0.3333333333333333,0.5666666666666667,0.6166666666666667,0.4,0.004050064086914063,0.0013785839080810546
0.1,0.0464159,0.7,10,0.48,0.07408703590297623,705,0.48333333333333334,0.43333333333333335,0.4666666666666667,0.6166666666666667,0.4,0.004107379913330078,0.001382303237915039
0.1,0.0464159,0.7,20,0.4833333333333334,0.1552775293180282,657,0.4,0.25,0.7166666666666667,0.55,0.5,0.004093694686889649,0.0013700485229492187
0.1,0.0464159,0.7,50,0.5433333333333333,0.10252370999486465,558,0.4,0.55,0.7166666666666667,0.55,0.5,0.004066944122314453,0.0013888359069824218
0.1,0.0464159,0.9,5,0.48,0.10402991022884824,705,0.48333333333333334,0.3333333333333333,0.5666666666666667,0.6166666666666667,0.4,0.003993177413940429,0.0014043331146240234
0.1,0.0464159,0.9,10,0.48,0.07408703590297623,705,0.48333333333333334,0.43333333333333335,0.4666666666666667,0.6166666666666667,0.4,0.0040285587310791016,0.001383209228515625
0.1,0.0464159,0.9,20,0.4833333333333334,0.1552775293180282,657,0.4,0.25,0.7166666666666667,0.55,0.5,0.003968000411987305,0.001385641098022461
0.1,0.0464159,0.9,50,0.5433333333333333,0.10252370999486465,558,0.4,0.55,0.7166666666666667,0.55,0.5,0.0040089130401611325,0.0013813018798828126
0.1,0.16681,0.1,5,0.6833333333333333,0.11642832797715319,377,0.8166666666666667,0.5666666666666667,0.6,0.8333333333333333,0.6,0.050503206253051755,0.0013946056365966796
0.1,0.16681,0.1,10,0.6733333333333332,0.19281539818639426,432,0.8333333333333333,0.3833333333333333,0.8166666666666667,0.8333333333333333,0.5,0.05038552284240723,0.0014118671417236329
0.1,0.16681,0.1,20,0.7666666666666666,0.0641179468722378,56,0.75,0.65,0.8,0.8333333333333333,0.8,0.05041489601135254,0.0013948440551757812
0.1,0.16681,0.1,50,0.7233333333333334,0.12587471725666138,163,0.65,0.55,0.7,0.9166666666666667,0.8,0.05048074722290039,0.0014134883880615235
0.1,0.16681,0.3,5,0.7033333333333333,0.10873004286866725,295,0.8166666666666667,0.5666666666666667,0.7,0.8333333333333333,0.6,0.05453476905822754,0.0014080047607421876
0.1,0.16681,0.3,10,0.7033333333333334,0.12489995996796793,274,0.8333333333333333,0.65,0.7,0.8333333333333333,0.5,0.05444693565368652,0.00140228271484375
0.1,0.16681,0.3,20,0.8200000000000001,0.07557189365836424,3,0.75,0.7333333333333334,0.8,0.9166666666666667,0.9,0.05444793701171875,0.0013999462127685547
0.1,0.16681,0.3,50,0.7633333333333332,0.09092121131323903,77,0.65,0.7333333333333334,0.7,0.8333333333333333,0.9,0.05437030792236328,0.001405477523803711
0.1,0.16681,0.5,5,0.67,0.09854496999396321,442,0.75,0.75,0.6166666666666667,0.7333333333333334,0.5,0.06594934463500976,0.001407289505004883
0.1,0.16681,0.5,10,0.74,0.18666666666666665,123,1.0,0.4666666666666667,0.8,0.8333333333333333,0.6000000000000001,0.06593375205993653,0.0014071464538574219
0.1,0.16681,0.5,20,0.78,0.11125546178852427,40,0.75,0.6333333333333333,0.7,0.9166666666666667,0.9,0.06597676277160644,0.0014157772064208984
0.1,0.16681,0.5,50,0.8133333333333332,0.06944222218666556,8,0.8333333333333333,0.8166666666666667,0.7,0.9166666666666667,0.8,0.0658461570739746,0.0014122962951660157
0.1,0.16681,0.7,5,0.6733333333333333,0.11953614051360739,417,0.75,0.5666666666666667,0.8166666666666667,0.7333333333333334,0.5,0.05865058898925781,0.0013972282409667968
0.1,0.16681,0.7,10,0.6833333333333333,0.08944271909999156,377,0.7333333333333334,0.65,0.6,0.8333333333333333,0.6000000000000001,0.05858659744262695,0.001399993896484375
0.1,0.16681,0.7,20,0.7066666666666667,0.1240967364599086,240,0.75,0.5666666666666667,0.6,0.9166666666666667,0.7,0.05862469673156738,0.0013993740081787109
0.1,0.16681,0.7,50,0.7966666666666666,0.076303487615064,20,0.8333333333333333,0.7333333333333334,0.7,0.9166666666666667,0.8,0.058608388900756835,0.0014222145080566406
0.1,0.16681,0.9,5,0.67,0.12884098726725124,442,0.8166666666666667,0.5666666666666667,0.8166666666666667,0.65,0.5,0.06319737434387207,0.0014046669006347657
0.1,0.16681,0.9,10,0.7433333333333334,0.04898979485566354,108,0.7333333333333334,0.75,0.7,0.8333333333333333,0.7,0.063114595413208,0.0013961315155029297
0.1,0.16681,0.9,20,0.7166666666666668,0.18708286933869708,206,0.75,0.9166666666666667,0.5,0.9166666666666667,0.5,0.06309990882873535,0.001413106918334961
0.1,0.16681,0.9,50,0.7366666666666667,0.08459051693633012,131,0.8333333333333333,0.8166666666666667,0.6,0.7333333333333334,0.7,0.06319379806518555,0.001429605484008789
0.1,0.599484,0.1,5,0.6933333333333332,0.09809292646374772,329,0.75,0.5666666666666667,0.7166666666666667,0.8333333333333333,0.6000000000000001,0.11645479202270508,0.0015216350555419921
0.1,0.599484,0.1,10,0.6733333333333332,0.16686654681045102,432,0.8333333333333333,0.3833333333333333,0.6166666666666667,0.8333333333333333,0.7,0.11643767356872559,0.001483011245727539
0.1,0.599484,0.1,20,0.7299999999999999,0.18808981306221179,150,0.75,0.3666666666666667,0.9,0.8333333333333333,0.8,0.11644248962402344,0.001473379135131836
0.1,0.599484,0.1,50,0.7399999999999999,0.10572501018102469,129,0.8333333333333333,0.55,0.7,0.8166666666666667,0.8,0.11657161712646484,0.001459360122680664
0.1,0.599484,0.3,5,0.7266666666666667,0.11766241729815193,153,0.8166666666666667,0.5666666666666667,0.8333333333333333,0.8166666666666667,0.6,0.13266000747680665,0.0014757633209228516
0.1,0.599484,0.3,10,0.69,0.11813363431112897,358,0.8333333333333333,0.5666666666666667,0.6166666666666667,0.8333333333333333,0.6,0.13267951011657714,0.0014606475830078124
0.1,0.599484,0.3,20,0.7833333333333332,0.036514837167011045,31,0.75,0.7333333333333334,0.8,0.8333333333333333,0.8,0.1326505184173584,0.0014620780944824218
0.1,0.599484,0.3,50,0.6833333333333333,0.10697871023920807,377,0.65,0.55,0.6,0.8166666666666667,0.8,0.13263607025146484,0.001469898223876953
0.1,0.599484,0.5,5,0.7066666666666667,0.15260697523012795,240,0.8333333333333333,0.5666666666666667,0.9,0.7333333333333334,0.5,0.14723920822143555,0.0015306949615478515
0.1,0.599484,0.5,10,0.72,0.138001610296563,195,0.8333333333333333,0.55,0.7,0.9166666666666667,0.6,0.14734597206115724,0.001478433609008789
0.1,0.599484,0.5,20,0.76,0.09225568335398701,81,0.65,0.7333333333333334,0.7,0.9166666666666667,0.8,0.14720230102539061,0.001473236083984375
0.1,0.599484,0.5,50,0.7433333333333333,0.08406346808612329,116,0.65,0.7333333333333334,0.7,0.7333333333333334,0.9,0.1472013473510742,0.0014835357666015624
0.1,0.599484,0.7,5,0.6866666666666666,0.07180219742846009,370,0.6666666666666666,0.6333333333333333,0.8,0.7333333333333334,0.6,0.18268513679504395,0.0015041351318359375
0.1,0.599484,0.7,10,0.7466666666666666,0.154344492037203,105,0.8333333333333333,0.4666666666666667,0.7,0.8333333333333333,0.9,0.18239774703979492,0.0014984607696533203
0.1,0.599484,0.7,20,0.8033333333333335,0.09854496999396324,13,0.75,0.65,0.8,0.9166666666666667,0.9,0.18239879608154297,0.0014974594116210938
0.1,0.599484,0.7,50,0.7233333333333333,0.08793937305515279,177,0.65,0.7333333333333334,0.6,0.8333333333333333,0.8,0.18299927711486816,0.001488065719604492
0.1,0.599484,0.9,5,0.6666666666666666,0.10110500592068736,462,0.6666666666666666,0.6333333333333333,0.8,0.7333333333333334,0.5,0.1569194793701172,0.0015216827392578124
0.1,0.599484,0.9,10,0.7666666666666665,0.1534781924429512,67,0.8333333333333333,0.4666666666666667,0.8,0.8333333333333333,0.9,0.15704917907714844,0.001539897918701172
0.1,0.599484,0.9,20,0.7766666666666667,0.07788880963698619,46,0.75,0.7166666666666667,0.7,0.9166666666666667,0.8,0.15685877799987794,0.001552581787109375
0.1,0.599484,0.9,50,0.8133333333333332,0.059066817155564506,8,0.7333333333333334,0.8166666666666667,0.8,0.9166666666666667,0.8,0.15696191787719727,0.00152587890625
0.1,2.15443,0.1,5,0.7333333333333334,0.12605113600792692,138,0.65,0.5666666666666667,0.9166666666666667,0.8333333333333333,0.7,0.22888331413269042,0.0015479564666748048
0.1,2.15443,0.1,10,0.6699999999999999,0.15143755588800728,450,0.7333333333333334,0.3833333333333333,0.7,0.8333333333333333,0.7,0.22925715446472167,0.0015449047088623047
0.1,2.15443,0.1,20,0.5933333333333334,0.1614517471774978,523,0.65,0.2833333333333333,0.7,0.7333333333333334,0.6,0.22952795028686523,0.0015417098999023437
0.1,2.15443,0.1,50,0.7,0.07817359599705716,302,0.75,0.6333333333333333,0.6,0.8166666666666667,0.7,0.22924251556396485,0.0015597343444824219
0.1,2.15443,0.3,5,0.6699999999999999,0.1547040184782972,450,0.75,0.4666666666666667,0.8166666666666667,0.8166666666666667,0.5,0.2831248760223389,0.0015568256378173829
0.1,2.15443,0.3,10,0.6733333333333333,0.14204850501775007,417,0.8333333333333333,0.4666666666666667,0.6333333333333333,0.8333333333333333,0.6,0.2826080322265625,0.001546955108642578
0.1,2.15443,0.3,20,0.7466666666666667,0.07986099033807291,98,0.65,0.65,0.8,0.8333333333333333,0.8,0.28303799629211424,0.0015700817108154296
0.1,2.15443,0.3,50,0.7033333333333334,0.1561338457150716,274,0.75,0.55,0.5,0.9166666666666667,0.8,0.2823437213897705,0.0015657424926757812
0.1,2.15443,0.5,5,0.7066666666666666,0.14779866184930243,269,0.8333333333333333,0.4666666666666667,0.8166666666666667,0.8166666666666667,0.6,0.3111432075500488,0.0015508174896240235
0.1,2.15443,0.5,10,0.6733333333333333,0.14204850501775007,417,0.8333333333333333,0.4666666666666667,0.6333333333333333,0.8333333333333333,0.6,0.31108798980712893,0.0015573978424072265
0.1,2.15443,0.5,20,0.7833333333333332,0.036514837167011045,31,0.75,0.7333333333333334,0.8,0.8333333333333333,0.8,0.3108851909637451,0.001552248001098633
0.1,2.15443,0.5,50,0.6866666666666668,0.1151810169544733,364,0.6666666666666666,0.65,0.5,0.8166666666666667,0.8,0.3111730098724365,0.001550769805908203
0.1,2.15443,0.7,5,0.7433333333333333,0.10413666234542203,116,0.8333333333333333,0.6333333333333333,0.8333333333333333,0.8166666666666667,0.6,0.35297508239746095,0.0015587806701660156
0.1,2.15443,0.7,10,0.76,0.12000000000000001,81,0.8333333333333333,0.6333333333333333,0.9,0.8333333333333333,0.6,0.3528938293457031,0.0015602588653564453
0.1,2.15443,0.7,20,0.8200000000000001,0.07557189365836424,3,0.75,0.7333333333333334,0.8,0.9166666666666667,0.9,0.35319223403930666,0.001562643051147461
0.1,2.15443,0.7,50,0.7066666666666667,0.09977753031397177,240,0.5666666666666667,0.6333333333333333,0.7,0.8333333333333333,0.8,0.3529517650604248,0.001641702651977539
0.1,2.15443,0.9,5,0.7233333333333333,0.13482498944104454,177,0.8333333333333333,0.6333333333333333,0.8333333333333333,0.8166666666666667,0.5,0.37157454490661623,0.0015723228454589844
0.1,2.15443,0.9,10,0.78,0.17619433715203348,40,0.8333333333333333,0.55,1.0,0.9166666666666667,0.6,0.3715212821960449,0.0016074180603027344
0.1,2.15443,0.9,20,0.7633333333333333,0.0915302014516399,70,0.75,0.65,0.7,0.9166666666666667,0.8,0.3715385437011719,0.0015736103057861328
0.1,2.15443,0.9,50,0.74,0.11185307823708347,123,0.65,0.7333333333333334,0.6,0.9166666666666667,0.8,0.3719196796417236,0.0015639305114746095
0.1,7.74264,0.1,5,0.6933333333333332,0.11085526098877256,329,0.65,0.5666666666666667,0.8166666666666667,0.8333333333333333,0.6000000000000001,0.32276148796081544,0.0015810489654541015
0.1,7.74264,0.1,10,0.7366666666666666,0.12970050972229147,135,0.75,0.48333333333333334,0.8166666666666667,0.8333333333333333,0.8,0.32294330596923826,0.0015799522399902344
0.1,7.74264,0.1,20,0.5933333333333334,0.1614517471774978,523,0.65,0.2833333333333333,0.7,0.7333333333333334,0.6,0.3231804370880127,0.0016852855682373048
0.1,7.74264,0.1,50,0.6833333333333333,0.1269295517643985,377,0.65,0.55,0.6,0.9166666666666667,0.7,0.3225699424743652,0.0015790939331054687
0.1,7.74264,0.3,5,0.6933333333333332,0.14007934259633795,329,0.75,0.4666666666666667,0.8166666666666667,0.8333333333333333,0.6,0.4726154327392578,0.0015841484069824218
0.1,7.74264,0.3,10,0.6866666666666666,0.18660713336371207,370,0.8333333333333333,0.3833333333333333,0.7,0.9166666666666667,0.6,0.4720952033996582,0.0015809059143066407
0.1,7.74264,0.3,20,0.7066666666666667,0.13605554421305702,240,0.75,0.45,0.8,0.8333333333333333,0.7,0.4715142726898193,0.0015777587890625
0.1,7.74264,0.3,50,0.68,0.10821788720498618,404,0.75,0.6333333333333333,0.5,0.8166666666666667,0.7,0.4716226577758789,0.0015886306762695312
0.1,7.74264,0.5,5,0.6733333333333332,0.1579732748143038,432,0.75,0.4666666666666667,0.8166666666666667,0.8333333333333333,0.5,0.5391327381134033,0.0015813827514648438
0.1,7.74264,0.5,10,0.6499999999999999,0.15563490039904998,489,0.8333333333333333,0.4666666666666667,0.5166666666666667,0.8333333333333333,0.6,0.5389882087707519,0.0015864849090576171
0.1,7.74264,0.5,20,0.7833333333333332,0.036514837167011045,31,0.75,0.7333333333333334,0.8,0.8333333333333333,0.8,0.5393633365631103,0.0015763282775878907
0.1,7.74264,0.5,50,0.6633333333333333,0.11990737165736631,470,0.75,0.55,0.5,0.8166666666666667,0.7,0.5393328189849853,0.0015859603881835938
0.1,7.74264,0.7,5,0.7066666666666666,0.14779866184930243,269,0.8333333333333333,0.4666666666666667,0.8166666666666667,0.8166666666666667,0.6,0.5707841396331788,0.0015685081481933594
0.1,7.74264,0.7,10,0.7066666666666667,0.1339983416149452,240,0.8333333333333333,0.4666666666666667,0.7,0.8333333333333333,0.7,0.5720542430877685,0.001587057113647461
0.1,7.74264,0.7,20,0.7666666666666666,0.0641179468722378,56,0.75,0.65,0.8,0.8333333333333333,0.8,0.5717217922210693,0.0015960216522216796
0.1,7.74264,0.7,50,0.6633333333333333,0.11990737165736631,470,0.75,0.55,0.5,0.8166666666666667,0.7,0.5711203575134277,0.001587677001953125
0.1,7.74264,0.9,5,0.6933333333333332,0.14007934259633795,329,0.8333333333333333,0.4666666666666667,0.75,0.8166666666666667,0.6,0.6327336311340332,0.0015868663787841797
0.1,7.74264,0.9,10,0.7233333333333333,0.15260697523012798,177,0.8333333333333333,0.4666666666666667,0.7,0.9166666666666667,0.7,0.633598804473877,0.0015784263610839843
0.1,7.74264,0.9,20,0.7666666666666666,0.0641179468722378,56,0.75,0.65,0.8,0.8333333333333333,0.8,0.6330804347991943,0.0015724658966064452
0.1,7.74264,0.9,50,0.6866666666666668,0.11125546178852423,364,0.65,0.55,0.6,0.8333333333333333,0.8,0.6332102298736573,0.0015684604644775391
0.1,27.8256,0.1,5,0.6933333333333332,0.11085526098877256,329,0.65,0.5666666666666667,0.8166666666666667,0.8333333333333333,0.6000000000000001,0.3162508487701416,0.0015244007110595704
0.1,27.8256,0.1,10,0.6966666666666667,0.16713268182295565,312,0.75,0.3666666666666667,0.8166666666666667,0.75,0.8,0.31613984107971194,0.0015164852142333985
0.1,27.8256,0.1,20,0.7100000000000001,0.11035296904831234,232,0.65,0.5666666666666667,0.7,0.7333333333333334,0.9,0.31577448844909667,0.0014997482299804687
0.1,27.8256,0.1,50,0.6833333333333333,0.10697871023920807,377,0.65,0.55,0.6,0.8166666666666667,0.8,0.3159195899963379,0.001508617401123047
0.1,27.8256,0.3,5,0.6933333333333332,0.11085526098877256,329,0.65,0.5666666666666667,0.8166666666666667,0.8333333333333333,0.6000000000000001,0.4825739860534668,0.001565408706665039
0.1,27.8256,0.3,10,0.7333333333333332,0.14944341180973264,144,0.65,0.48333333333333334,0.9,0.8333333333333333,0.8,0.482346773147583,0.0015749454498291016
0.1,27.8256,0.3,20,0.5966666666666667,0.1596524001977073,515,0.65,0.2833333333333333,0.7166666666666667,0.6333333333333333,0.7,0.4822711944580078,0.001680898666381836
0.1,27.8256,0.3,50,0.6833333333333333,0.07453559924999299,377,0.6666666666666666,0.6333333333333333,0.6,0.8166666666666667,0.7,0.4821589469909668,0.0015667438507080077
0.1,27.8256,0.5,5,0.7133333333333334,0.1102522360569415,210,0.75,0.5666666666666667,0.8166666666666667,0.8333333333333333,0.6,0.6007243633270264,0.001585102081298828
0.1,27.8256,0.5,10,0.6733333333333335,0.1522424966222565,414,0.7333333333333334,0.3833333333333333,0.7166666666666667,0.8333333333333333,0.7,0.6005453586578369,0.0015828132629394532
0.1,27.8256,0.5,20,0.5966666666666667,0.1596524001977073,515,0.65,0.2833333333333333,0.7166666666666667,0.6333333333333333,0.7,0.6000819206237793,0.001558828353881836
0.1,27.8256,0.5,50,0.6633333333333333,0.11990737165736631,470,0.75,0.55,0.5,0.8166666666666667,0.7,0.600613784790039,0.001586008071899414
0.1,27.8256,0.7,5,0.6933333333333332,0.14007934259633795,329,0.75,0.4666666666666667,0.8166666666666667,0.8333333333333333,0.6,0.6816160202026367,0.001573467254638672
0.1,27.8256,0.7,10,0.7100000000000001,0.19252705437591536,232,0.8333333333333333,0.3833333333333333,0.9,0.8333333333333333,0.6,0.6811751365661621,0.001581859588623047
0.1,27.8256,0.7,20,0.7233333333333334,0.15441646429200628,163,0.75,0.45,0.8,0.9166666666666667,0.7,0.6809780120849609,0.001558828353881836
0.1,27.8256,0.7,50,0.6633333333333333,0.11990737165736631,470,0.75,0.55,0.5,0.8166666666666667,0.7,0.6811309337615967,0.001578044891357422
0.1,27.8256,0.9,5,0.7133333333333333,0.1322455628325158,219,0.75,0.4666666666666667,0.8166666666666667,0.8333333333333333,0.7,0.726932144165039,0.0015714168548583984
0.1,27.8256,0.9,10,0.6866666666666666,0.14079141387961913,370,0.8333333333333333,0.4666666666666667,0.7,0.8333333333333333,0.6,0.7278080940246582,0.0015760898590087891
0.1,27.8256,0.9,20,0.7066666666666667,0.09225568335398696,240,0.75,0.55,0.7,0.8333333333333333,0.7,0.7272018909454345,0.0015796661376953126
0.1,27.8256,0.9,50,0.6833333333333333,0.14869805348796977,377,0.75,0.55,0.5,0.9166666666666667,0.7,0.7261930942535401,0.0015772342681884765
0.1,100.0,0.1,5,0.5933333333333334,0.08472176684759222,523,0.65,0.5666666666666667,0.7,0.45,0.6000000000000001,0.3605662822723389,0.0015279769897460938
0.1,100.0,0.1,10,0.6566666666666667,0.16145174717749777,474,0.75,0.3666666666666667,0.8166666666666667,0.75,0.6000000000000001,0.36153554916381836,0.0015180110931396484
0.1,100.0,0.1,20,0.7133333333333334,0.11025223605694154,210,0.65,0.5666666666666667,0.7166666666666667,0.7333333333333334,0.9,0.361530065536499,0.0015216827392578124
0.1,100.0,0.1,50,0.7033333333333334,0.13556466271775172,274,0.65,0.55,0.6,0.9166666666666667,0.8,0.36098179817199705,0.001522064208984375
0.1,100.0,0.3,5,0.6166666666666667,0.11972189997378646,508,0.65,0.5666666666666667,0.8166666666666667,0.45,0.6000000000000001,0.3775170803070068,0.0015254020690917969
0.1,100.0,0.3,10,0.6966666666666667,0.16713268182295565,312,0.75,0.3666666666666667,0.8166666666666667,0.75,0.8,0.37760353088378906,0.0015110015869140626
0.1,100.0,0.3,20,0.7133333333333334,0.11025223605694154,210,0.65,0.5666666666666667,0.7166666666666667,0.7333333333333334,0.9,0.3777929306030273,0.0015829086303710937
0.1,100.0,0.3,50,0.6833333333333333,0.10697871023920807,377,0.65,0.55,0.6,0.8166666666666667,0.8,0.3772459030151367,0.0015450000762939453
0.1,100.0,0.5,5,0.6933333333333332,0.11085526098877256,329,0.65,0.5666666666666667,0.8166666666666667,0.8333333333333333,0.6000000000000001,0.4105031490325928,0.0016612529754638672
0.1,100.0,0.5,10,0.6966666666666667,0.16713268182295565,312,0.75,0.3666666666666667,0.8166666666666667,0.75,0.8,0.4091691493988037,0.0015478134155273438
0.1,100.0,0.5,20,0.6700000000000002,0.058118652580542315,440,0.65,0.5666666666666667,0.7,0.7333333333333334,0.7,0.40881824493408203,0.001546192169189453
0.1,100.0,0.5,50,0.7033333333333334,0.10821788720498618,274,0.75,0.55,0.6,0.8166666666666667,0.8,0.4089498996734619,0.001562643051147461
0.1,100.0,0.7,5,0.6933333333333332,0.11085526098877256,329,0.65,0.5666666666666667,0.8166666666666667,0.8333333333333333,0.6000000000000001,0.4644155025482178,0.0015485286712646484
0.1,100.0,0.7,10,0.7,0.12292725943057184,302,0.65,0.48333333333333334,0.8166666666666667,0.75,0.8,0.4643730163574219,0.0015508174896240235
0.1,100.0,0.7,20,0.6733333333333335,0.08339997335464538,414,0.65,0.5666666666666667,0.6166666666666667,0.7333333333333334,0.8,0.4641601085662842,0.0015649795532226562
0.1,100.0,0.7,50,0.6633333333333334,0.09153020145163986,468,0.65,0.55,0.6,0.8166666666666667,0.7,0.4645694255828857,0.0015677928924560547
0.1,100.0,0.9,5,0.7133333333333333,0.1007747763855398,219,0.65,0.5666666666666667,0.8166666666666667,0.8333333333333333,0.7,0.5485452651977539,0.0015642642974853516
0.1,100.0,0.9,10,0.6833333333333333,0.12064640713902573,377,0.65,0.48333333333333334,0.8166666666666667,0.6666666666666666,0.8,0.5485935211181641,0.001580524444580078
0.1,100.0,0.9,20,0.5766666666666668,0.1492946378437246,531,0.65,0.2833333333333333,0.6166666666666667,0.6333333333333333,0.7,0.5490648746490479,0.0015840530395507812
0.1,100.0,0.9,50,0.6833333333333333,0.09718253158075499,377,0.75,0.55,0.6,0.8166666666666667,0.7,0.5504728794097901,0.0015624523162841796
0.2,0.001,0.1,5,0.4633333333333334,0.09510228411791403,737,0.48333333333333334,0.3333333333333333,0.48333333333333334,0.6166666666666667,0.4,0.0032746315002441405,0.001396942138671875
0.2,0.001,0.1,10,0.5,0.08096638534327412,593,0.48333333333333334,0.43333333333333335,0.5666666666666667,0.6166666666666667,0.4,0.003216981887817383,0.0014462471008300781
0.2,0.001,0.1,20,0.4833333333333334,0.1552775293180282,657,0.4,0.25,0.7166666666666667,0.55,0.5,0.0032505035400390626,0.00138702392578125
0.2,0.001,0.1,50,0.5433333333333333,0.10252370999486465,558,0.4,0.55,0.7166666666666667,0.55,0.5,0.003256368637084961,0.0013906002044677735
0.2,0.001,0.3,5,0.4633333333333334,0.09510228411791403,737,0.48333333333333334,0.3333333333333333,0.48333333333333334,0.6166666666666667,0.4,0.003173351287841797,0.0013666629791259765
0.2,0.001,0.3,10,0.5,0.08096638534327412,593,0.48333333333333334,0.43333333333333335,0.5666666666666667,0.6166666666666667,0.4,0.0032581806182861326,0.0013691902160644532
0.2,0.001,0.3,20,0.4833333333333334,0.1552775293180282,657,0.4,0.25,0.7166666666666667,0.55,0.5,0.0032033920288085938,0.0013889312744140626
0.2,0.001,0.3,50,0.5433333333333333,0.10252370999486465,558,0.4,0.55,0.7166666666666667,0.55,0.5,0.0032649993896484374,0.0013828754425048828
0.2,0.001,0.5,5,0.4633333333333334,0.09510228411791403,737,0.48333333333333334,0.3333333333333333,0.48333333333333334,0.6166666666666667,0.4,0.0032204627990722657,0.0013842582702636719
0.2,0.001,0.5,10,0.5,0.08096638534327412,593,0.48333333333333334,0.43333333333333335,0.5666666666666667,0.6166666666666667,0.4,0.0032077312469482424,0.0014455318450927734
0.2,0.001,0.5,20,0.4833333333333334,0.1552775293180282,657,0.4,0.25,0.7166666666666667,0.55,0.5,0.0032175064086914064,0.001386117935180664
0.2,0.001,0.5,50,0.5433333333333333,0.10252370999486465,558,0.4,0.55,0.7166666666666667,0.55,0.5,0.003259563446044922,0.0013957023620605469
0.2,0.001,0.7,5,0.4633333333333334,0.09510228411791403,737,0.48333333333333334,0.3333333333333333,0.48333333333333334,0.6166666666666667,0.4,0.0031984329223632814,0.0013852596282958984
0.2,0.001,0.7,10,0.5,0.08096638534327412,593,0.48333333333333334,0.43333333333333335,0.5666666666666667,0.6166666666666667,0.4,0.0032752037048339845,0.0013865947723388672
0.2,0.001,0.7,20,0.4833333333333334,0.1552775293180282,657,0.4,0.25,0.7166666666666667,0.55,0.5,0.003200531005859375,0.0013801097869873048
0.2,0.001,0.7,50,0.5433333333333333,0.10252370999486465,558,0.4,0.55,0.7166666666666667,0.55,0.5,0.003237342834472656,0.0013914108276367188
0.2,0.001,0.9,5,0.4633333333333334,0.09510228411791403,737,0.48333333333333334,0.3333333333333333,0.48333333333333334,0.6166666666666667,0.4,0.0032154083251953124,0.0013837814331054688
0.2,0.001,0.9,10,0.5,0.08096638534327412,593,0.48333333333333334,0.43333333333333335,0.5666666666666667,0.6166666666666667,0.4,0.003223609924316406,0.0014508724212646484
0.2,0.001,0.9,20,0.4833333333333334,0.1552775293180282,657,0.4,0.25,0.7166666666666667,0.55,0.5,0.003199005126953125,0.0013844966888427734
0.2,0.001,0.9,50,0.5433333333333333,0.10252370999486465,558,0.4,0.55,0.7166666666666667,0.55,0.5,0.003270578384399414,0.0013785839080810546
0.2,0.00359381,0.1,5,0.4633333333333334,0.09510228411791403,737,0.48333333333333334,0.3333333333333333,0.48333333333333334,0.6166666666666667,0.4,0.0037145614624023438,0.0014381885528564453
0.2,0.00359381,0.1,10,0.5,0.08096638534327412,593,0.48333333333333334,0.43333333333333335,0.5666666666666667,0.6166666666666667,0.4,0.003751325607299805,0.0013895511627197265
0.2,0.00359381,0.1,20,0.4833333333333334,0.1552775293180282,657,0.4,0.25,0.7166666666666667,0.55,0.5,0.00374298095703125,0.0013916969299316406
0.2,0.00359381,0.1,50,0.5433333333333333,0.10252370999486465,558,0.4,0.55,0.7166666666666667,0.55,0.5,0.003778553009033203,0.0013915061950683593
0.2,0.00359381,0.3,5,0.4633333333333334,0.09510228411791403,737,0.48333333333333334,0.3333333333333333,0.48333333333333334,0.6166666666666667,0.4,0.00321197509765625,0.0014375686645507813
0.2,0.00359381,0.3,10,0.5,0.08096638534327412,593,0.48333333333333334,0.43333333333333335,0.5666666666666667,0.6166666666666667,0.4,0.003226613998413086,0.0013917446136474609
0.2,0.00359381,0.3,20,0.4833333333333334,0.1552775293180282,657,0.4,0.25,0.7166666666666667,0.55,0.5,0.003225564956665039,0.0013789653778076172
0.2,0.00359381,0.3,50,0.5433333333333333,0.10252370999486465,558,0.4,0.55,0.7166666666666667,0.55,0.5,0.00323028564453125,0.0013851165771484376
0.2,0.00359381,0.5,5,0.4633333333333334,0.09510228411791403,737,0.48333333333333334,0.3333333333333333,0.48333333333333334,0.6166666666666667,0.4,0.0032442092895507814,0.0013743877410888673
0.2,0.00359381,0.5,10,0.5,0.08096638534327412,593,0.48333333333333334,0.43333333333333335,0.5666666666666667,0.6166666666666667,0.4,0.003187704086303711,0.0014006137847900391
0.2,0.00359381,0.5,20,0.4833333333333334,0.1552775293180282,657,0.4,0.25,0.7166666666666667,0.55,0.5,0.003224802017211914,0.0013957500457763671
0.2,0.00359381,0.5,50,0.5433333333333333,0.10252370999486465,558,0.4,0.55,0.7166666666666667,0.55,0.5,0.0032548427581787108,0.0013813972473144531
0.2,0.00359381,0.7,5,0.4633333333333334,0.09510228411791403,737,0.48333333333333334,0.3333333333333333,0.48333333333333334,0.6166666666666667,0.4,0.0031970977783203126,0.0014402389526367188
0.2,0.00359381,0.7,10,0.5,0.08096638534327412,593,0.48333333333333334,0.43333333333333335,0.5666666666666667,0.6166666666666667,0.4,0.003238010406494141,0.0013774871826171876
0.2,0.00359381,0.7,20,0.4833333333333334,0.1552775293180282,657,0.4,0.25,0.7166666666666667,0.55,0.5,0.0032134056091308594,0.0013911724090576172
0.2,0.00359381,0.7,50,0.5433333333333333,0.10252370999486465,558,0.4,0.55,0.7166666666666667,0.55,0.5,0.003243255615234375,0.0013792037963867188
0.2,0.00359381,0.9,5,0.4633333333333334,0.09510228411791403,737,0.48333333333333334,0.3333333333333333,0.48333333333333334,0.6166666666666667,0.4,0.003275442123413086,0.0013766765594482421
0.2,0.00359381,0.9,10,0.5,0.08096638534327412,593,0.48333333333333334,0.43333333333333335,0.5666666666666667,0.6166666666666667,0.4,0.003199481964111328,0.0013694286346435547
0.2,0.00359381,0.9,20,0.4833333333333334,0.1552775293180282,657,0.4,0.25,0.7166666666666667,0.55,0.5,0.003189229965209961,0.001399087905883789
0.2,0.00359381,0.9,50,0.5433333333333333,0.10252370999486465,558,0.4,0.55,0.7166666666666667,0.55,0.5,0.0032709598541259765,0.0013755321502685546
0.2,0.0129155,0.1,5,0.56,0.1003327796219494,552,0.5666666666666667,0.5666666666666667,0.7166666666666667,0.55,0.4,0.011601924896240234,0.0013968944549560547
0.2,0.0129155,0.1,10,0.6833333333333333,0.10954451150103321,377,0.8333333333333333,0.65,0.7,0.7333333333333334,0.5,0.011577463150024414,0.001410531997680664
0.2,0.0129155,0.1,20,0.7766666666666666,0.10624918300339482,49,0.8333333333333333,0.9166666666666667,0.8,0.7333333333333334,0.6000000000000001,0.011571168899536133,0.0013841152191162109
0.2,0.0129155,0.1,50,0.7533333333333332,0.0903081145609604,92,0.8333333333333333,0.8166666666666667,0.7,0.8166666666666667,0.6000000000000001,0.011706924438476563,0.0013838768005371093
0.2,0.0129155,0.3,5,0.4633333333333334,0.09510228411791403,737,0.48333333333333334,0.3333333333333333,0.48333333333333334,0.6166666666666667,0.4,0.0038758277893066405,0.0013849258422851563
0.2,0.0129155,0.3,10,0.5,0.08096638534327412,593,0.48333333333333334,0.43333333333333335,0.5666666666666667,0.6166666666666667,0.4,0.0038872241973876955,0.0014455318450927734
0.2,0.0129155,0.3,20,0.4833333333333334,0.1552775293180282,657,0.4,0.25,0.7166666666666667,0.55,0.5,0.0038773536682128905,0.0013803958892822266
0.2,0.0129155,0.3,50,0.5433333333333333,0.10252370999486465,558,0.4,0.55,0.7166666666666667,0.55,0.5,0.003943777084350586,0.0013860225677490234
0.2,0.0129155,0.5,5,0.4633333333333334,0.09510228411791403,737,0.48333333333333334,0.3333333333333333,0.48333333333333334,0.6166666666666667,0.4,0.003814983367919922,0.001384401321411133
0.2,0.0129155,0.5,10,0.5,0.08096638534327412,593,0.48333333333333334,0.43333333333333335,0.5666666666666667,0.6166666666666667,0.4,0.0037502765655517576,0.0013945579528808593
0.2,0.0129155,0.5,20,0.4833333333333334,0.1552775293180282,657,0.4,0.25,0.7166666666666667,0.55,0.5,0.0037434577941894533,0.0013738155364990234
0.2,0.0129155,0.5,50,0.5433333333333333,0.10252370999486465,558,0.4,0.55,0.7166666666666667,0.55,0.5,0.003788661956787109,0.0013927459716796876
0.2,0.0129155,0.7,5,0.4633333333333334,0.09510228411791403,737,0.48333333333333334,0.3333333333333333,0.48333333333333334,0.6166666666666667,0.4,0.003466939926147461,0.001395416259765625
0.2,0.0129155,0.7,10,0.5,0.08096638534327412,593,0.48333333333333334,0.43333333333333335,0.5666666666666667,0.6166666666666667,0.4,0.003374624252319336,0.0013856887817382812
0.2,0.0129155,0.7,20,0.4833333333333334,0.1552775293180282,657,0.4,0.25,0.7166666666666667,0.55,0.5,0.0033946990966796874,0.0013823986053466796
0.2,0.0129155,0.7,50,0.5433333333333333,0.10252370999486465,558,0.4,0.55,0.7166666666666667,0.55,0.5,0.00341644287109375,0.001390361785888672
0.2,0.0129155,0.9,5,0.4633333333333334,0.09510228411791403,737,0.48333333333333334,0.3333333333333333,0.48333333333333334,0.6166666666666667,0.4,0.0032734394073486326,0.0013781547546386718
0.2,0.0129155,0.9,10,0.5,0.08096638534327412,593,0.48333333333333334,0.43333333333333335,0.5666666666666667,0.6166666666666667,0.4,0.0032010555267333986,0.0013900279998779296
0.2,0.0129155,0.9,20,0.4833333333333334,0.1552775293180282,657,0.4,0.25,0.7166666666666667,0.55,0.5,0.0032281398773193358,0.0013934135437011718
0.2,0.0129155,0.9,50,0.5433333333333333,0.10252370999486465,558,0.4,0.55,0.7166666666666667,0.55,0.5,0.0032747268676757814,0.0013882637023925782
0.2,0.0464159,0.1,5,0.7,0.12156388352540311,302,0.8166666666666667,0.65,0.7,0.8333333333333333,0.5,0.021621274948120116,0.0013936519622802734
0.2,0.0464159,0.1,10,0.72,0.12220201853215572,195,0.8333333333333333,0.7333333333333334,0.7,0.8333333333333333,0.5,0.021625328063964843,0.0013938426971435546
0.2,0.0464159,0.1,20,0.7833333333333334,0.08628119403696524,25,0.75,0.65,0.8,0.9166666666666667,0.8,0.02166404724121094,0.0014046669006347657
0.2,0.0464159,0.1,50,0.7433333333333334,0.11185307823708347,108,0.75,0.65,0.6,0.9166666666666667,0.8,0.02172560691833496,0.0014010906219482423
0.2,0.0464159,0.3,5,0.5599999999999999,0.08602325267042626,555,0.5666666666666667,0.5666666666666667,0.6166666666666667,0.65,0.4,0.021935272216796874,0.0013955593109130859
0.2,0.0464159,0.3,10,0.76,0.11035296904831234,81,0.9,0.6666666666666666,0.8,0.8333333333333333,0.6,0.021952390670776367,0.0014111995697021484
0.2,0.0464159,0.3,20,0.7366666666666667,0.16713268182295568,131,0.75,0.9166666666666667,0.6,0.9166666666666667,0.5,0.021953630447387695,0.001400327682495117
0.2,0.0464159,0.3,50,0.7533333333333332,0.0903081145609604,92,0.8333333333333333,0.8166666666666667,0.7,0.8166666666666667,0.6000000000000001,0.021981096267700194,0.0013906478881835938
0.2,0.0464159,0.5,5,0.6233333333333333,0.06716480559869961,505,0.65,0.65,0.7,0.6166666666666667,0.5,0.01577792167663574,0.0013844490051269532
0.2,0.0464159,0.5,10,0.6799999999999999,0.041365578819969516,408,0.65,0.7333333333333334,0.7,0.6166666666666667,0.7,0.01582956314086914,0.0013768672943115234
0.2,0.0464159,0.5,20,0.63,0.07333333333333333,502,0.5666666666666667,0.7333333333333334,0.7,0.55,0.6000000000000001,0.01578798294067383,0.001390218734741211
0.2,0.0464159,0.5,50,0.65,0.05477225575051658,483,0.65,0.65,0.7,0.55,0.7,0.01583242416381836,0.0014027595520019532
0.2,0.0464159,0.7,5,0.4633333333333334,0.09510228411791403,737,0.48333333333333334,0.3333333333333333,0.48333333333333334,0.6166666666666667,0.4,0.004052019119262696,0.001378774642944336
0.2,0.0464159,0.7,10,0.5,0.08096638534327412,593,0.48333333333333334,0.43333333333333335,0.5666666666666667,0.6166666666666667,0.4,0.00406341552734375,0.0013875484466552735
0.2,0.0464159,0.7,20,0.4833333333333334,0.1552775293180282,657,0.4,0.25,0.7166666666666667,0.55,0.5,0.0040686607360839845,0.0013972282409667968
0.2,0.0464159,0.7,50,0.5433333333333333,0.10252370999486465,558,0.4,0.55,0.7166666666666667,0.55,0.5,0.004172086715698242,0.0013824939727783204
0.2,0.0464159,0.9,5,0.4633333333333334,0.09510228411791403,737,0.48333333333333334,0.3333333333333333,0.48333333333333334,0.6166666666666667,0.4,0.003959751129150391,0.0013822078704833984
0.2,0.0464159,0.9,10,0.5,0.08096638534327412,593,0.48333333333333334,0.43333333333333335,0.5666666666666667,0.6166666666666667,0.4,0.003970003128051758,0.001371145248413086
0.2,0.0464159,0.9,20,0.4833333333333334,0.1552775293180282,657,0.4,0.25,0.7166666666666667,0.55,0.5,0.004030656814575195,0.0013910770416259766
0.2,0.0464159,0.9,50,0.5433333333333333,0.10252370999486465,558,0.4,0.55,0.7166666666666667,0.55,0.5,0.004007863998413086,0.0013903141021728515
0.2,0.16681,0.1,5,0.7033333333333333,0.10873004286866725,295,0.8166666666666667,0.5666666666666667,0.7,0.8333333333333333,0.6,0.050168323516845706,0.0013974666595458984
0.2,0.16681,0.1,10,0.6733333333333332,0.19281539818639426,432,0.8333333333333333,0.3833333333333333,0.8166666666666667,0.8333333333333333,0.5,0.05024938583374024,0.0014010906219482423
0.2,0.16681,0.1,20,0.7666666666666666,0.0641179468722378,56,0.75,0.65,0.8,0.8333333333333333,0.8,0.05019807815551758,0.0014310359954833984
0.2,0.16681,0.1,50,0.7233333333333334,0.12587471725666138,163,0.65,0.55,0.7,0.9166666666666667,0.8,0.05040011405944824,0.0014032840728759766
0.2,0.16681,0.3,5,0.7033333333333333,0.10873004286866725,295,0.8166666666666667,0.5666666666666667,0.7,0.8333333333333333,0.6,0.054279756546020505,0.0013988018035888672
0.2,0.16681,0.3,10,0.7033333333333334,0.12489995996796793,274,0.8333333333333333,0.65,0.7,0.8333333333333333,0.5,0.054236555099487306,0.0013976097106933594
0.2,0.16681,0.3,20,0.8200000000000001,0.07557189365836424,3,0.75,0.7333333333333334,0.8,0.9166666666666667,0.9,0.05447707176208496,0.0014158248901367187
0.2,0.16681,0.3,50,0.7633333333333332,0.09092121131323903,77,0.65,0.7333333333333334,0.7,0.8333333333333333,0.9,0.054303550720214845,0.0014678001403808593
0.2,0.16681,0.5,5,0.67,0.09854496999396321,442,0.75,0.75,0.6166666666666667,0.7333333333333334,0.5,0.06570510864257813,0.0014050960540771484
0.2,0.16681,0.5,10,0.74,0.18666666666666665,123,1.0,0.4666666666666667,0.8,0.8333333333333333,0.6000000000000001,0.06567850112915039,0.001417827606201172
0.2,0.16681,0.5,20,0.78,0.11125546178852427,40,0.75,0.6333333333333333,0.7,0.9166666666666667,0.9,0.06574106216430664,0.0014107704162597656
0.2,0.16681,0.5,50,0.8333333333333334,0.04346134936801768,1,0.8333333333333333,0.8166666666666667,0.8,0.9166666666666667,0.8,0.06577200889587402,0.001413583755493164
0.2,0.16681,0.7,5,0.6733333333333333,0.11953614051360739,417,0.75,0.5666666666666667,0.8166666666666667,0.7333333333333334,0.5,0.05861120223999024,0.0014240264892578125
0.2,0.16681,0.7,10,0.7033333333333333,0.07916228058025274,295,0.7333333333333334,0.65,0.7,0.8333333333333333,0.6000000000000001,0.05854954719543457,0.001398324966430664
0.2,0.16681,0.7,20,0.7266666666666668,0.10677078252031315,152,0.75,0.6666666666666666,0.6,0.9166666666666667,0.7,0.05856666564941406,0.0014113903045654297
0.2,0.16681,0.7,50,0.7966666666666666,0.076303487615064,20,0.8333333333333333,0.7333333333333334,0.7,0.9166666666666667,0.8,0.05864081382751465,0.0014162063598632812
0.2,0.16681,0.9,5,0.67,0.12884098726725124,442,0.8166666666666667,0.5666666666666667,0.8166666666666667,0.65,0.5,0.06317400932312012,0.0014165878295898438
0.2,0.16681,0.9,10,0.7266666666666666,0.0573488351136175,158,0.7333333333333334,0.6666666666666666,0.7,0.8333333333333333,0.7,0.06318502426147461,0.001417255401611328
0.2,0.16681,0.9,20,0.7166666666666668,0.18708286933869708,206,0.75,0.9166666666666667,0.5,0.9166666666666667,0.5,0.06320428848266602,0.0014313220977783202
0.2,0.16681,0.9,50,0.74,0.04294699575575043,123,0.75,0.8166666666666667,0.7,0.7333333333333334,0.7,0.06318912506103516,0.0014209270477294922
0.2,0.599484,0.1,5,0.6933333333333332,0.09809292646374772,329,0.75,0.5666666666666667,0.7166666666666667,0.8333333333333333,0.6000000000000001,0.11660280227661132,0.0014467239379882812
0.2,0.599484,0.1,10,0.6733333333333332,0.16686654681045102,432,0.8333333333333333,0.3833333333333333,0.6166666666666667,0.8333333333333333,0.7,0.11662535667419434,0.0014491081237792969
0.2,0.599484,0.1,20,0.7133333333333333,0.22045407685048604,219,0.75,0.2833333333333333,0.9,0.8333333333333333,0.8,0.11666178703308105,0.0014664649963378907
0.2,0.599484,0.1,50,0.7233333333333333,0.09580071908799942,177,0.75,0.55,0.7,0.8166666666666667,0.8,0.11680703163146973,0.0014667510986328125
0.2,0.599484,0.3,5,0.7266666666666667,0.11766241729815193,153,0.8166666666666667,0.5666666666666667,0.8333333333333333,0.8166666666666667,0.6,0.13257551193237305,0.0014675617218017577
0.2,0.599484,0.3,10,0.69,0.11813363431112897,358,0.8333333333333333,0.5666666666666667,0.6166666666666667,0.8333333333333333,0.6,0.132609224319458,0.0014562129974365235
0.2,0.599484,0.3,20,0.7833333333333332,0.036514837167011045,31,0.75,0.7333333333333334,0.8,0.8333333333333333,0.8,0.1327676296234131,0.0014696121215820312
0.2,0.599484,0.3,50,0.6833333333333333,0.10697871023920807,377,0.65,0.55,0.6,0.8166666666666667,0.8,0.13250927925109862,0.0014700889587402344
0.2,0.599484,0.5,5,0.7066666666666667,0.15260697523012795,240,0.8333333333333333,0.5666666666666667,0.9,0.7333333333333334,0.5,0.14728870391845703,0.0014574527740478516
0.2,0.599484,0.5,10,0.72,0.138001610296563,195,0.8333333333333333,0.55,0.7,0.9166666666666667,0.6,0.14719996452331544,0.001476621627807617
0.2,0.599484,0.5,20,0.76,0.09225568335398701,81,0.65,0.7333333333333334,0.7,0.9166666666666667,0.8,0.1475090503692627,0.0014691352844238281
0.2,0.599484,0.5,50,0.7399999999999999,0.06200358412579425,129,0.65,0.7333333333333334,0.7,0.8166666666666667,0.8,0.14710450172424316,0.0014670848846435546
0.2,0.599484,0.7,5,0.6866666666666666,0.07180219742846009,370,0.6666666666666666,0.6333333333333333,0.8,0.7333333333333334,0.6,0.18251757621765136,0.0014917850494384766
0.2,0.599484,0.7,10,0.7466666666666665,0.10241527663824809,106,0.8333333333333333,0.5666666666666667,0.7,0.8333333333333333,0.8,0.1829352855682373,0.0014888286590576173
0.2,0.599484,0.7,20,0.8233333333333335,0.07195677714974302,2,0.75,0.75,0.8,0.9166666666666667,0.9,0.1827829360961914,0.0014750957489013672
0.2,0.599484,0.7,50,0.7566666666666666,0.11575836902790228,89,0.65,0.8166666666666667,0.6,0.9166666666666667,0.8,0.18315472602844238,0.0014822006225585938
0.2,0.599484,0.9,5,0.6666666666666666,0.10110500592068736,462,0.6666666666666666,0.6333333333333333,0.8,0.7333333333333334,0.5,0.1570742607116699,0.0014618873596191407
0.2,0.599484,0.9,10,0.7666666666666666,0.10110500592068733,56,0.8333333333333333,0.5666666666666667,0.8,0.8333333333333333,0.8,0.15731444358825683,0.001462268829345703
0.2,0.599484,0.9,20,0.7766666666666667,0.07788880963698619,46,0.75,0.7166666666666667,0.7,0.9166666666666667,0.8,0.15744123458862305,0.001489400863647461
0.2,0.599484,0.9,50,0.8133333333333332,0.059066817155564506,8,0.7333333333333334,0.8166666666666667,0.8,0.9166666666666667,0.8,0.1569133758544922,0.0014929771423339844
0.2,2.15443,0.1,5,0.7333333333333334,0.12605113600792692,138,0.65,0.5666666666666667,0.9166666666666667,0.8333333333333333,0.7,0.22924962043762206,0.0015172958374023438
0.2,2.15443,0.1,10,0.6699999999999999,0.15143755588800728,450,0.7333333333333334,0.3833333333333333,0.7,0.8333333333333333,0.7,0.2287578582763672,0.0015118122100830078
0.2,2.15443,0.1,20,0.5933333333333334,0.1614517471774978,523,0.65,0.2833333333333333,0.7,0.7333333333333334,0.6,0.23030538558959962,0.0015446662902832032
0.2,2.15443,0.1,50,0.6833333333333333,0.09718253158075499,377,0.75,0.55,0.6,0.8166666666666667,0.7,0.2298588275909424,0.0015481948852539063
0.2,2.15443,0.3,5,0.6699999999999999,0.1547040184782972,450,0.75,0.4666666666666667,0.8166666666666667,0.8166666666666667,0.5,0.28252949714660647,0.001555633544921875
0.2,2.15443,0.3,10,0.6733333333333333,0.14204850501775007,417,0.8333333333333333,0.4666666666666667,0.6333333333333333,0.8333333333333333,0.6,0.2829572677612305,0.0015706062316894532
0.2,2.15443,0.3,20,0.7466666666666667,0.07986099033807291,98,0.65,0.65,0.8,0.8333333333333333,0.8,0.28252201080322265,0.0016746044158935547
0.2,2.15443,0.3,50,0.7233333333333334,0.10883218478209676,163,0.75,0.65,0.6,0.9166666666666667,0.7,0.2827178955078125,0.001561737060546875
0.2,2.15443,0.5,5,0.7066666666666666,0.14779866184930243,269,0.8333333333333333,0.4666666666666667,0.8166666666666667,0.8166666666666667,0.6,0.31230807304382324,0.0015644073486328126
0.2,2.15443,0.5,10,0.6733333333333333,0.14204850501775007,417,0.8333333333333333,0.4666666666666667,0.6333333333333333,0.8333333333333333,0.6,0.31047630310058594,0.0015490531921386718
0.2,2.15443,0.5,20,0.7833333333333332,0.036514837167011045,31,0.75,0.7333333333333334,0.8,0.8333333333333333,0.8,0.31120805740356444,0.0015722751617431641
0.2,2.15443,0.5,50,0.6866666666666668,0.1151810169544733,364,0.6666666666666666,0.65,0.5,0.8166666666666667,0.8,0.3102733135223389,0.0016222000122070312
0.2,2.15443,0.7,5,0.7433333333333333,0.10413666234542203,116,0.8333333333333333,0.6333333333333333,0.8333333333333333,0.8166666666666667,0.6,0.35286779403686525,0.0015702247619628906
0.2,2.15443,0.7,10,0.7433333333333333,0.14047538337136983,116,0.8333333333333333,0.55,0.9,0.8333333333333333,0.6,0.3524447441101074,0.001573657989501953
0.2,2.15443,0.7,20,0.8,0.06411794687223782,16,0.75,0.7333333333333334,0.8,0.9166666666666667,0.8,0.3518155574798584,0.0015782356262207032
0.2,2.15443,0.7,50,0.7066666666666667,0.09977753031397177,240,0.5666666666666667,0.6333333333333333,0.7,0.8333333333333333,0.8,0.35531024932861327,0.0015759468078613281
0.2,2.15443,0.9,5,0.7233333333333333,0.13482498944104454,177,0.8333333333333333,0.6333333333333333,0.8333333333333333,0.8166666666666667,0.5,0.3712498188018799,0.0015746116638183593
0.2,2.15443,0.9,10,0.78,0.17619433715203348,40,0.8333333333333333,0.55,1.0,0.9166666666666667,0.6,0.3723006248474121,0.0015457630157470702
0.2,2.15443,0.9,20,0.7633333333333333,0.0915302014516399,70,0.75,0.65,0.7,0.9166666666666667,0.8,0.3712456226348877,0.0015797615051269531
0.2,2.15443,0.9,50,0.7433333333333334,0.10252370999486468,108,0.65,0.65,0.7,0.9166666666666667,0.8,0.3716411590576172,0.0015702247619628906
0.2,7.74264,0.1,5,0.7133333333333333,0.1007747763855398,219,0.65,0.5666666666666667,0.8166666666666667,0.8333333333333333,0.7,0.32245678901672364,0.001566457748413086
0.2,7.74264,0.1,10,0.7166666666666666,0.12605113600792692,208,0.75,0.48333333333333334,0.8166666666666667,0.8333333333333333,0.7,0.32188758850097654,0.00157012939453125
0.2,7.74264,0.1,20,0.5933333333333334,0.1614517471774978,523,0.65,0.2833333333333333,0.7,0.7333333333333334,0.6,0.32184772491455077,0.0015549659729003906
0.2,7.74264,0.1,50,0.7033333333333334,0.1279756921363498,274,0.75,0.55,0.6,0.9166666666666667,0.7,0.32224559783935547,0.0015574455261230468
0.2,7.74264,0.3,5,0.6933333333333332,0.14007934259633795,329,0.75,0.4666666666666667,0.8166666666666667,0.8333333333333333,0.6,0.4721363067626953,0.001578044891357422
0.2,7.74264,0.3,10,0.6866666666666666,0.18660713336371207,370,0.8333333333333333,0.3833333333333333,0.7,0.9166666666666667,0.6,0.4716945171356201,0.0015711307525634766
0.2,7.74264,0.3,20,0.6900000000000001,0.16786237749352226,353,0.75,0.3666666666666667,0.8,0.8333333333333333,0.7,0.47271003723144533,0.0015708446502685548
0.2,7.74264,0.3,50,0.6833333333333333,0.09718253158075499,377,0.75,0.55,0.6,0.8166666666666667,0.7,0.47217230796813964,0.0015760898590087891
0.2,7.74264,0.5,5,0.6533333333333333,0.14197026292697904,479,0.75,0.4666666666666667,0.8166666666666667,0.7333333333333334,0.5,0.5382182598114014,0.0015911579132080079
0.2,7.74264,0.5,10,0.6666666666666667,0.17732581437693848,458,0.8333333333333333,0.4666666666666667,0.5166666666666667,0.9166666666666667,0.6,0.538377332687378,0.001596689224243164
0.2,7.74264,0.5,20,0.7833333333333332,0.036514837167011045,31,0.75,0.7333333333333334,0.8,0.8333333333333333,0.8,0.5375938415527344,0.001561737060546875
0.2,7.74264,0.5,50,0.6833333333333333,0.10697871023920807,377,0.75,0.65,0.5,0.8166666666666667,0.7,0.5376049995422363,0.0015924930572509765
0.2,7.74264,0.7,5,0.7066666666666666,0.14779866184930243,269,0.8333333333333333,0.4666666666666667,0.8166666666666667,0.8166666666666667,0.6,0.5706065654754638,0.0015848636627197265
0.2,7.74264,0.7,10,0.7066666666666667,0.1339983416149452,240,0.8333333333333333,0.4666666666666667,0.7,0.8333333333333333,0.7,0.5708482742309571,0.001581859588623047
0.2,7.74264,0.7,20,0.7466666666666667,0.06616477747093068,98,0.75,0.65,0.8,0.8333333333333333,0.7,0.569987440109253,0.0015787601470947266
0.2,7.74264,0.7,50,0.6833333333333333,0.10697871023920807,377,0.75,0.65,0.5,0.8166666666666667,0.7,0.569758129119873,0.0017117023468017577
0.2,7.74264,0.9,5,0.6933333333333332,0.14007934259633795,329,0.8333333333333333,0.4666666666666667,0.75,0.8166666666666667,0.6,0.6328246593475342,0.0015982627868652345
0.2,7.74264,0.9,10,0.7233333333333333,0.15260697523012798,177,0.8333333333333333,0.4666666666666667,0.7,0.9166666666666667,0.7,0.6324715137481689,0.0015726089477539062
0.2,7.74264,0.9,20,0.7466666666666667,0.06616477747093068,98,0.75,0.65,0.8,0.8333333333333333,0.7,0.6323373317718506,0.0015923023223876954
0.2,7.74264,0.9,50,0.6666666666666666,0.13207741837439296,462,0.65,0.55,0.5,0.8333333333333333,0.8,0.6337216854095459,0.0015877246856689452
0.2,27.8256,0.1,5,0.6933333333333332,0.11085526098877256,329,0.65,0.5666666666666667,0.8166666666666667,0.8333333333333333,0.6000000000000001,0.3155349254608154,0.0016013145446777343
0.2,27.8256,0.1,10,0.7133333333333333,0.17556258776351588,219,0.75,0.3666666666666667,0.8166666666666667,0.8333333333333333,0.8,0.3162224292755127,0.0015175342559814453
0.2,27.8256,0.1,20,0.7100000000000001,0.11035296904831234,232,0.65,0.5666666666666667,0.7,0.7333333333333334,0.9,0.31598548889160155,0.001522207260131836
0.2,27.8256,0.1,50,0.7033333333333334,0.13556466271775172,274,0.65,0.55,0.6,0.9166666666666667,0.8,0.31563410758972166,0.0015354633331298828
0.2,27.8256,0.3,5,0.7133333333333333,0.1007747763855398,219,0.65,0.5666666666666667,0.8166666666666667,0.8333333333333333,0.7,0.4808072566986084,0.0015517234802246093
0.2,27.8256,0.3,10,0.7333333333333334,0.14259499757471625,138,0.75,0.48333333333333334,0.9,0.8333333333333333,0.7,0.48120846748352053,0.0015734195709228515
0.2,27.8256,0.3,20,0.5966666666666667,0.1596524001977073,515,0.65,0.2833333333333333,0.7166666666666667,0.6333333333333333,0.7,0.4821341514587402,0.0015546321868896485
0.2,27.8256,0.3,50,0.6866666666666668,0.12622730819174327,364,0.6666666666666666,0.55,0.6,0.9166666666666667,0.7,0.48196001052856446,0.0015830516815185547
0.2,27.8256,0.5,5,0.7133333333333334,0.1102522360569415,210,0.75,0.5666666666666667,0.8166666666666667,0.8333333333333333,0.6,0.601856279373169,0.0015685558319091797
0.2,27.8256,0.5,10,0.6900000000000001,0.1721110752456745,353,0.7333333333333334,0.3833333333333333,0.7166666666666667,0.9166666666666667,0.7,0.6005798816680908,0.0015634059906005859
0.2,27.8256,0.5,20,0.5966666666666667,0.1596524001977073,515,0.65,0.2833333333333333,0.7166666666666667,0.6333333333333333,0.7,0.599961805343628,0.0015744209289550782
0.2,27.8256,0.5,50,0.7233333333333334,0.10883218478209676,163,0.75,0.65,0.6,0.9166666666666667,0.7,0.6027891635894775,0.0015753746032714845
0.2,27.8256,0.7,5,0.6933333333333332,0.14007934259633795,329,0.75,0.4666666666666667,0.8166666666666667,0.8333333333333333,0.6,0.6804527759552002,0.0015639781951904297
0.2,27.8256,0.7,10,0.7100000000000001,0.19252705437591536,232,0.8333333333333333,0.3833333333333333,0.9,0.8333333333333333,0.6,0.6818773746490479,0.0015757560729980468
0.2,27.8256,0.7,20,0.7066666666666667,0.18457157599876173,240,0.75,0.3666666666666667,0.8,0.9166666666666667,0.7,0.680523681640625,0.0015694618225097657
0.2,27.8256,0.7,50,0.7033333333333334,0.1279756921363498,274,0.75,0.55,0.6,0.9166666666666667,0.7,0.6815118789672852,0.0015737533569335938
0.2,27.8256,0.9,5,0.7133333333333333,0.1322455628325158,219,0.75,0.4666666666666667,0.8166666666666667,0.8333333333333333,0.7,0.7264644145965576,0.0015948295593261718
0.2,27.8256,0.9,10,0.7033333333333334,0.16069294390925268,274,0.8333333333333333,0.4666666666666667,0.7,0.9166666666666667,0.6,0.7280869960784913,0.0016906261444091797
0.2,27.8256,0.9,20,0.7066666666666667,0.09225568335398696,240,0.75,0.55,0.7,0.8333333333333333,0.7,0.7299694538116455,0.0015805721282958984
0.2,27.8256,0.9,50,0.6833333333333333,0.14869805348796977,377,0.75,0.55,0.5,0.9166666666666667,0.7,0.7295022010803223,0.001581573486328125
0.2,100.0,0.1,5,0.6133333333333334,0.1142122779934121,511,0.65,0.5666666666666667,0.8,0.45,0.6000000000000001,0.3620931625366211,0.0015207767486572266
0.2,100.0,0.1,10,0.7133333333333333,0.17556258776351588,219,0.75,0.3666666666666667,0.8166666666666667,0.8333333333333333,0.8,0.3605220317840576,0.001519489288330078
0.2,100.0,0.1,20,0.7133333333333334,0.11025223605694154,210,0.65,0.5666666666666667,0.7166666666666667,0.7333333333333334,0.9,0.36037697792053225,0.0015008926391601562
0.2,100.0,0.1,50,0.7233333333333333,0.13358309939675922,177,0.75,0.55,0.6,0.9166666666666667,0.8,0.36036953926086424,0.0015330314636230469
0.2,100.0,0.3,5,0.6166666666666667,0.11972189997378646,508,0.65,0.5666666666666667,0.8166666666666667,0.45,0.6000000000000001,0.3766185283660889,0.001528453826904297
0.2,100.0,0.3,10,0.7133333333333333,0.17556258776351588,219,0.75,0.3666666666666667,0.8166666666666667,0.8333333333333333,0.8,0.37719879150390623,0.0015492439270019531
0.2,100.0,0.3,20,0.7133333333333334,0.11025223605694154,210,0.65,0.5666666666666667,0.7166666666666667,0.7333333333333334,0.9,0.3764182567596436,0.0015972137451171875
0.2,100.0,0.3,50,0.7033333333333334,0.13556466271775172,274,0.65,0.55,0.6,0.9166666666666667,0.8,0.3763249397277832,0.0015225887298583984
0.2,100.0,0.5,5,0.6933333333333332,0.11085526098877256,329,0.65,0.5666666666666667,0.8166666666666667,0.8333333333333333,0.6000000000000001,0.4088288307189941,0.0015452384948730468
0.2,100.0,0.5,10,0.6933333333333334,0.17016332024133624,320,0.75,0.3666666666666667,0.8166666666666667,0.8333333333333333,0.7,0.4095610618591309,0.001535797119140625
0.2,100.0,0.5,20,0.6700000000000002,0.058118652580542315,440,0.65,0.5666666666666667,0.7,0.7333333333333334,0.7,0.40954222679138186,0.0015372276306152345
0.2,100.0,0.5,50,0.7233333333333333,0.13358309939675922,177,0.75,0.55,0.6,0.9166666666666667,0.8,0.4087643623352051,0.0015351295471191407
0.2,100.0,0.7,5,0.6933333333333332,0.11085526098877256,329,0.65,0.5666666666666667,0.8166666666666667,0.8333333333333333,0.6000000000000001,0.4656512260437012,0.0015533924102783202
0.2,100.0,0.7,10,0.7166666666666666,0.12605113600792692,208,0.75,0.48333333333333334,0.8166666666666667,0.8333333333333333,0.7,0.46456732749938967,0.0015594482421875
0.2,100.0,0.7,20,0.6933333333333334,0.11671427600007732,320,0.65,0.5666666666666667,0.6166666666666667,0.7333333333333334,0.9,0.46549301147460936,0.0015727996826171875
0.2,100.0,0.7,50,0.7033333333333334,0.1279756921363498,274,0.75,0.55,0.6,0.9166666666666667,0.7,0.4646303653717041,0.0015601634979248047
0.2,100.0,0.9,5,0.7133333333333333,0.1007747763855398,219,0.65,0.5666666666666667,0.8166666666666667,0.8333333333333333,0.7,0.5494992733001709,0.0015604972839355468
0.2,100.0,0.9,10,0.7,0.11450376024878445,302,0.75,0.48333333333333334,0.8166666666666667,0.75,0.7,0.5500146865844726,0.00158843994140625
0.2,100.0,0.9,20,0.5766666666666668,0.1492946378437246,531,0.65,0.2833333333333333,0.6166666666666667,0.6333333333333333,0.7,0.5483356475830078,0.0015791893005371095
0.2,100.0,0.9,50,0.7033333333333334,0.1279756921363498,274,0.75,0.55,0.6,0.9166666666666667,0.7,0.5493049621582031,0.001578950881958008
0.5,0.001,0.1,5,0.4833333333333333,0.04472135954999579,689,0.48333333333333334,0.5333333333333333,0.5,0.5,0.4,0.0033022403717041016,0.0013947486877441406
0.5,0.001,0.1,10,0.45999999999999996,0.06377042156569665,753,0.48333333333333334,0.3333333333333333,0.48333333333333334,0.5,0.5,0.0032054424285888673,0.0014358043670654296
0.5,0.001,0.1,20,0.42666666666666664,0.09580071908799943,785,0.4,0.25,0.48333333333333334,0.5,0.5,0.0032305240631103514,0.0013905048370361328
0.5,0.001,0.1,50,0.5,0.09006170724070862,593,0.4,0.55,0.6333333333333333,0.5166666666666667,0.4,0.0032588958740234373,0.0013964176177978516
0.5,0.001,0.3,5,0.4833333333333333,0.04472135954999579,689,0.48333333333333334,0.5333333333333333,0.5,0.5,0.4,0.003238010406494141,0.0013925552368164063
0.5,0.001,0.3,10,0.45999999999999996,0.06377042156569665,753,0.48333333333333334,0.3333333333333333,0.48333333333333334,0.5,0.5,0.003292751312255859,0.0013789653778076172
0.5,0.001,0.3,20,0.42666666666666664,0.09580071908799943,785,0.4,0.25,0.48333333333333334,0.5,0.5,0.0032397747039794923,0.0013940811157226562
0.5,0.001,0.3,50,0.5,0.09006170724070862,593,0.4,0.55,0.6333333333333333,0.5166666666666667,0.4,0.003248929977416992,0.0013912200927734375
0.5,0.001,0.5,5,0.4833333333333333,0.04472135954999579,689,0.48333333333333334,0.5333333333333333,0.5,0.5,0.4,0.003246927261352539,0.0013918399810791016
0.5,0.001,0.5,10,0.45999999999999996,0.06377042156569665,753,0.48333333333333334,0.3333333333333333,0.48333333333333334,0.5,0.5,0.0032455921173095703,0.0013755321502685546
0.5,0.001,0.5,20,0.42666666666666664,0.09580071908799943,785,0.4,0.25,0.48333333333333334,0.5,0.5,0.0032334327697753906,0.0013877391815185548
0.5,0.001,0.5,50,0.5,0.09006170724070862,593,0.4,0.55,0.6333333333333333,0.5166666666666667,0.4,0.0032493114471435548,0.0013985633850097656
0.5,0.001,0.7,5,0.4833333333333333,0.04472135954999579,689,0.48333333333333334,0.5333333333333333,0.5,0.5,0.4,0.003255939483642578,0.001394033432006836
0.5,0.001,0.7,10,0.45999999999999996,0.06377042156569665,753,0.48333333333333334,0.3333333333333333,0.48333333333333334,0.5,0.5,0.0032563209533691406,0.0014017105102539062
0.5,0.001,0.7,20,0.42666666666666664,0.09580071908799943,785,0.4,0.25,0.48333333333333334,0.5,0.5,0.003222036361694336,0.00138397216796875
0.5,0.001,0.7,50,0.5,0.09006170724070862,593,0.4,0.55,0.6333333333333333,0.5166666666666667,0.4,0.0032536983489990234,0.001393270492553711
0.5,0.001,0.9,5,0.4833333333333333,0.04472135954999579,689,0.48333333333333334,0.5333333333333333,0.5,0.5,0.4,0.003265190124511719,0.0013849735260009766
0.5,0.001,0.9,10,0.45999999999999996,0.06377042156569665,753,0.48333333333333334,0.3333333333333333,0.48333333333333334,0.5,0.5,0.0032730579376220705,0.00138092041015625
0.5,0.001,0.9,20,0.42666666666666664,0.09580071908799943,785,0.4,0.25,0.48333333333333334,0.5,0.5,0.003223609924316406,0.0013803005218505859
0.5,0.001,0.9,50,0.5,0.09006170724070862,593,0.4,0.55,0.6333333333333333,0.5166666666666667,0.4,0.0032238483428955076,0.0013938426971435546
0.5,0.00359381,0.1,5,0.4833333333333333,0.04472135954999579,689,0.48333333333333334,0.5333333333333333,0.5,0.5,0.4,0.0038092613220214845,0.0013919830322265624
0.5,0.00359381,0.1,10,0.45999999999999996,0.06377042156569665,753,0.48333333333333334,0.3333333333333333,0.48333333333333334,0.5,0.5,0.0037975311279296875,0.0013955593109130859
0.5,0.00359381,0.1,20,0.42666666666666664,0.09580071908799943,785,0.4,0.25,0.48333333333333334,0.5,0.5,0.003743696212768555,0.0013895988464355468
0.5,0.00359381,0.1,50,0.5,0.09006170724070862,593,0.4,0.55,0.6333333333333333,0.5166666666666667,0.4,0.003767108917236328,0.0013878345489501953
0.5,0.00359381,0.3,5,0.4833333333333333,0.04472135954999579,689,0.48333333333333334,0.5333333333333333,0.5,0.5,0.4,0.003303861618041992,0.0013881683349609374
0.5,0.00359381,0.3,10,0.45999999999999996,0.06377042156569665,753,0.48333333333333334,0.3333333333333333,0.48333333333333334,0.5,0.5,0.0032377719879150392,0.001395416259765625
0.5,0.00359381,0.3,20,0.42666666666666664,0.09580071908799943,785,0.4,0.25,0.48333333333333334,0.5,0.5,0.0032320499420166017,0.0013853549957275391
0.5,0.00359381,0.3,50,0.5,0.09006170724070862,593,0.4,0.55,0.6333333333333333,0.5166666666666667,0.4,0.0032238483428955076,0.0013945579528808593
0.5,0.00359381,0.5,5,0.4833333333333333,0.04472135954999579,689,0.48333333333333334,0.5333333333333333,0.5,0.5,0.4,0.0032996177673339845,0.001396322250366211
0.5,0.00359381,0.5,10,0.45999999999999996,0.06377042156569665,753,0.48333333333333334,0.3333333333333333,0.48333333333333334,0.5,0.5,0.0032224655151367188,0.0014034271240234374
0.5,0.00359381,0.5,20,0.42666666666666664,0.09580071908799943,785,0.4,0.25,0.48333333333333334,0.5,0.5,0.003243112564086914,0.001386547088623047
0.5,0.00359381,0.5,50,0.5,0.09006170724070862,593,0.4,0.55,0.6333333333333333,0.5166666666666667,0.4,0.0032390594482421876,0.0013898849487304688
0.5,0.00359381,0.7,5,0.4833333333333333,0.04472135954999579,689,0.48333333333333334,0.5333333333333333,0.5,0.5,0.4,0.003285932540893555,0.0013829708099365235
0.5,0.00359381,0.7,10,0.45999999999999996,0.06377042156569665,753,0.48333333333333334,0.3333333333333333,0.48333333333333334,0.5,0.5,0.0032071590423583983,0.001385068893432617
0.5,0.00359381,0.7,20,0.42666666666666664,0.09580071908799943,785,0.4,0.25,0.48333333333333334,0.5,0.5,0.003217792510986328,0.0013955593109130859
0.5,0.00359381,0.7,50,0.5,0.09006170724070862,593,0.4,0.55,0.6333333333333333,0.5166666666666667,0.4,0.0032485008239746095,0.0013814926147460937
0.5,0.00359381,0.9,5,0.4833333333333333,0.04472135954999579,689,0.48333333333333334,0.5333333333333333,0.5,0.5,0.4,0.0032845020294189455,0.0013913631439208985
0.5,0.00359381,0.9,10,0.45999999999999996,0.06377042156569665,753,0.48333333333333334,0.3333333333333333,0.48333333333333334,0.5,0.5,0.00319819450378418,0.001385498046875
0.5,0.00359381,0.9,20,0.42666666666666664,0.09580071908799943,785,0.4,0.25,0.48333333333333334,0.5,0.5,0.003216409683227539,0.0013911724090576172
0.5,0.00359381,0.9,50,0.5,0.09006170724070862,593,0.4,0.55,0.6333333333333333,0.5166666666666667,0.4,0.003250885009765625,0.001397418975830078
0.5,0.0129155,0.1,5,0.5433333333333332,0.10466878978738388,590,0.5666666666666667,0.48333333333333334,0.7166666666666667,0.55,0.4,0.011610078811645507,0.0013806343078613282
0.5,0.0129155,0.1,10,0.65,0.08027729719194865,483,0.6666666666666666,0.65,0.7,0.7333333333333334,0.5,0.011603689193725586,0.0014032363891601563
0.5,0.0129155,0.1,20,0.7766666666666666,0.10624918300339482,49,0.8333333333333333,0.9166666666666667,0.8,0.7333333333333334,0.6000000000000001,0.011577415466308593,0.0013924121856689453
0.5,0.0129155,0.1,50,0.7733333333333333,0.11085526098877263,55,0.8333333333333333,0.9166666666666667,0.7,0.8166666666666667,0.6,0.011604118347167968,0.001399660110473633
0.5,0.0129155,0.3,5,0.4833333333333333,0.04472135954999579,689,0.48333333333333334,0.5333333333333333,0.5,0.5,0.4,0.003922033309936524,0.0013953208923339843
0.5,0.0129155,0.3,10,0.45999999999999996,0.06377042156569665,753,0.48333333333333334,0.3333333333333333,0.48333333333333334,0.5,0.5,0.003885841369628906,0.001458883285522461
0.5,0.0129155,0.3,20,0.42666666666666664,0.09580071908799943,785,0.4,0.25,0.48333333333333334,0.5,0.5,0.003881072998046875,0.001390838623046875
0.5,0.0129155,0.3,50,0.5,0.09006170724070862,593,0.4,0.55,0.6333333333333333,0.5166666666666667,0.4,0.0038908958435058595,0.0013896465301513673
0.5,0.0129155,0.5,5,0.4833333333333333,0.04472135954999579,689,0.48333333333333334,0.5333333333333333,0.5,0.5,0.4,0.003847980499267578,0.0013970375061035157
0.5,0.0129155,0.5,10,0.45999999999999996,0.06377042156569665,753,0.48333333333333334,0.3333333333333333,0.48333333333333334,0.5,0.5,0.003740215301513672,0.0013878345489501953
0.5,0.0129155,0.5,20,0.42666666666666664,0.09580071908799943,785,0.4,0.25,0.48333333333333334,0.5,0.5,0.0037427425384521486,0.001375436782836914
0.5,0.0129155,0.5,50,0.5,0.09006170724070862,593,0.4,0.55,0.6333333333333333,0.5166666666666667,0.4,0.003758525848388672,0.0013835906982421875
0.5,0.0129155,0.7,5,0.4833333333333333,0.04472135954999579,689,0.48333333333333334,0.5333333333333333,0.5,0.5,0.4,0.00350341796875,0.0014091014862060546
0.5,0.0129155,0.7,10,0.45999999999999996,0.06377042156569665,753,0.48333333333333334,0.3333333333333333,0.48333333333333334,0.5,0.5,0.0033882617950439452,0.0013885974884033203
0.5,0.0129155,0.7,20,0.42666666666666664,0.09580071908799943,785,0.4,0.25,0.48333333333333334,0.5,0.5,0.0033692359924316407,0.0013972759246826173
0.5,0.0129155,0.7,50,0.5,0.09006170724070862,593,0.4,0.55,0.6333333333333333,0.5166666666666667,0.4,0.003414821624755859,0.0013903141021728515
0.5,0.0129155,0.9,5,0.4833333333333333,0.04472135954999579,689,0.48333333333333334,0.5333333333333333,0.5,0.5,0.4,0.003313636779785156,0.001386404037475586
0.5,0.0129155,0.9,10,0.45999999999999996,0.06377042156569665,753,0.48333333333333334,0.3333333333333333,0.48333333333333334,0.5,0.5,0.003216123580932617,0.0013930320739746094
0.5,0.0129155,0.9,20,0.42666666666666664,0.09580071908799943,785,0.4,0.25,0.48333333333333334,0.5,0.5,0.003220224380493164,0.0013854026794433594
0.5,0.0129155,0.9,50,0.5,0.09006170724070862,593,0.4,0.55,0.6333333333333333,0.5166666666666667,0.4,0.003254127502441406,0.0013928413391113281
0.5,0.0464159,0.1,5,0.7,0.12156388352540311,302,0.8166666666666667,0.65,0.7,0.8333333333333333,0.5,0.021711444854736327,0.0013927936553955079
0.5,0.0464159,0.1,10,0.72,0.12220201853215572,195,0.8333333333333333,0.7333333333333334,0.7,0.8333333333333333,0.5,0.02165975570678711,0.0013980865478515625
0.5,0.0464159,0.1,20,0.7666666666666666,0.11401754250991382,56,0.75,0.5666666666666667,0.8,0.9166666666666667,0.8,0.02169656753540039,0.0013972759246826173
0.5,0.0464159,0.1,50,0.7433333333333334,0.11185307823708347,108,0.75,0.65,0.6,0.9166666666666667,0.8,0.021680212020874022,0.0014113903045654297
0.5,0.0464159,0.3,5,0.5233333333333333,0.07498147919467994,592,0.5666666666666667,0.48333333333333334,0.6166666666666667,0.55,0.4,0.02213888168334961,0.0013967990875244141
0.5,0.0464159,0.3,10,0.6866666666666668,0.07180219742846009,364,0.7333333333333334,0.6666666666666666,0.8,0.6333333333333333,0.6,0.021955537796020507,0.0013927459716796876
0.5,0.0464159,0.3,20,0.72,0.151803967156476,195,0.75,0.8333333333333333,0.6,0.9166666666666667,0.5,0.022015810012817383,0.0014022350311279296
0.5,0.0464159,0.3,50,0.7366666666666666,0.08124038404635961,135,0.75,0.8166666666666667,0.7,0.8166666666666667,0.6,0.022028636932373048,0.001401662826538086
0.5,0.0464159,0.5,5,0.6033333333333333,0.14696938456699066,513,0.65,0.8333333333333333,0.6333333333333333,0.5,0.4,0.015864229202270506,0.0013918876647949219
0.5,0.0464159,0.5,10,0.5633333333333332,0.11075498483890768,551,0.65,0.7333333333333334,0.43333333333333335,0.5,0.5,0.015813016891479494,0.0013922691345214845
0.5,0.0464159,0.5,20,0.5966666666666667,0.11661903789690602,515,0.5666666666666667,0.8166666666666667,0.6,0.5,0.5,0.015848159790039062,0.0013928890228271484
0.5,0.0464159,0.5,50,0.6399999999999999,0.0764489662745314,494,0.65,0.7333333333333334,0.7,0.5166666666666667,0.6000000000000001,0.01585693359375,0.0013919353485107421
0.5,0.0464159,0.7,5,0.4833333333333333,0.04472135954999579,689,0.48333333333333334,0.5333333333333333,0.5,0.5,0.4,0.004075098037719727,0.0013939380645751954
0.5,0.0464159,0.7,10,0.45999999999999996,0.06377042156569665,753,0.48333333333333334,0.3333333333333333,0.48333333333333334,0.5,0.5,0.004085683822631836,0.001386117935180664
0.5,0.0464159,0.7,20,0.42666666666666664,0.09580071908799943,785,0.4,0.25,0.48333333333333334,0.5,0.5,0.004062461853027344,0.001392507553100586
0.5,0.0464159,0.7,50,0.5,0.09006170724070862,593,0.4,0.55,0.6333333333333333,0.5166666666666667,0.4,0.00419464111328125,0.0013907909393310546
0.5,0.0464159,0.9,5,0.4833333333333333,0.04472135954999579,689,0.48333333333333334,0.5333333333333333,0.5,0.5,0.4,0.003943681716918945,0.0013985633850097656
0.5,0.0464159,0.9,10,0.45999999999999996,0.06377042156569665,753,0.48333333333333334,0.3333333333333333,0.48333333333333334,0.5,0.5,0.003979539871215821,0.0013852119445800781
0.5,0.0464159,0.9,20,0.42666666666666664,0.09580071908799943,785,0.4,0.25,0.48333333333333334,0.5,0.5,0.004035472869873047,0.0013918399810791016
0.5,0.0464159,0.9,50,0.5,0.09006170724070862,593,0.4,0.55,0.6333333333333333,0.5166666666666667,0.4,0.004023885726928711,0.0013867855072021485
0.5,0.16681,0.1,5,0.7400000000000001,0.13441230102437304,121,0.8166666666666667,0.5666666666666667,0.8,0.9166666666666667,0.6,0.050322103500366214,0.001462697982788086
0.5,0.16681,0.1,10,0.6533333333333333,0.18178130939247972,479,0.8333333333333333,0.3833333333333333,0.7166666666666667,0.8333333333333333,0.5,0.05035223960876465,0.0014074325561523437
0.5,0.16681,0.1,20,0.75,0.09545214042184236,96,0.75,0.5666666666666667,0.8,0.8333333333333333,0.8,0.05041909217834473,0.0014119148254394531
0.5,0.16681,0.1,50,0.7233333333333333,0.11766241729815195,177,0.65,0.65,0.6,0.9166666666666667,0.8,0.05030269622802734,0.0014019489288330078
0.5,0.16681,0.3,5,0.7033333333333333,0.10873004286866725,295,0.8166666666666667,0.5666666666666667,0.7,0.8333333333333333,0.6,0.054355287551879884,0.0014024734497070312
0.5,0.16681,0.3,10,0.7033333333333334,0.12489995996796793,274,0.8333333333333333,0.65,0.7,0.8333333333333333,0.5,0.054410123825073244,0.0013997077941894532
0.5,0.16681,0.3,20,0.8,0.06411794687223782,16,0.75,0.7333333333333334,0.8,0.9166666666666667,0.8,0.054304647445678714,0.001402425765991211
0.5,0.16681,0.3,50,0.7433333333333333,0.13605554421305704,116,0.65,0.65,0.6,0.9166666666666667,0.9,0.05445351600646973,0.0014136791229248046
0.5,0.16681,0.5,5,0.67,0.09854496999396321,442,0.75,0.75,0.6166666666666667,0.7333333333333334,0.5,0.06585006713867188,0.001403951644897461
0.5,0.16681,0.5,10,0.74,0.18666666666666665,123,1.0,0.4666666666666667,0.8,0.8333333333333333,0.6000000000000001,0.06582908630371094,0.0013959884643554687
0.5,0.16681,0.5,20,0.76,0.09580071908799948,81,0.75,0.6333333333333333,0.7,0.9166666666666667,0.8,0.06578850746154785,0.0014039993286132813
0.5,0.16681,0.5,50,0.7633333333333333,0.09741092797468306,70,0.75,0.7333333333333334,0.6166666666666667,0.9166666666666667,0.8,0.06589984893798828,0.0014028549194335938
0.5,0.16681,0.7,5,0.6366666666666666,0.13224556283251582,495,0.75,0.48333333333333334,0.8166666666666667,0.6333333333333333,0.5,0.059079217910766604,0.0015216350555419921
0.5,0.16681,0.7,10,0.7033333333333333,0.07916228058025274,295,0.7333333333333334,0.65,0.7,0.8333333333333333,0.6000000000000001,0.05863642692565918,0.001413869857788086
0.5,0.16681,0.7,20,0.7066666666666668,0.11860297916438135,238,0.75,0.6666666666666666,0.6,0.9166666666666667,0.6,0.058576345443725586,0.001409292221069336
0.5,0.16681,0.7,50,0.7600000000000001,0.08069145624606806,80,0.75,0.7333333333333334,0.7,0.9166666666666667,0.7,0.058675193786621095,0.0014226436614990234
0.5,0.16681,0.9,5,0.6,0.12292725943057183,514,0.65,0.48333333333333334,0.8166666666666667,0.55,0.5,0.06318831443786621,0.0014244556427001954
0.5,0.16681,0.9,10,0.7066666666666666,0.0771722460186015,269,0.7333333333333334,0.6666666666666666,0.7,0.8333333333333333,0.6,0.06470928192138672,0.0014409065246582032
0.5,0.16681,0.9,20,0.72,0.151803967156476,195,0.75,0.8333333333333333,0.6,0.9166666666666667,0.5,0.06318144798278809,0.0014193534851074218
0.5,0.16681,0.9,50,0.7366666666666667,0.04396968652757641,131,0.75,0.8166666666666667,0.7,0.7166666666666667,0.7,0.06315569877624512,0.0014277458190917968
0.5,0.599484,0.1,5,0.6900000000000001,0.1293573860795484,353,0.75,0.5666666666666667,0.6166666666666667,0.9166666666666667,0.6000000000000001,0.11660251617431641,0.0014543533325195312
0.5,0.599484,0.1,10,0.6333333333333333,0.15092308563562362,497,0.8333333333333333,0.3833333333333333,0.6166666666666667,0.7333333333333334,0.6,0.11665844917297363,0.0014487266540527343
0.5,0.599484,0.1,20,0.6933333333333334,0.20672042311618205,320,0.75,0.2833333333333333,0.8,0.8333333333333333,0.8,0.11678261756896972,0.001471233367919922
0.5,0.599484,0.1,50,0.7633333333333333,0.0915302014516399,70,0.75,0.65,0.7,0.9166666666666667,0.8,0.116886568069458,0.001468992233276367
0.5,0.599484,0.3,5,0.7266666666666667,0.11766241729815193,153,0.8166666666666667,0.5666666666666667,0.8333333333333333,0.8166666666666667,0.6,0.13309760093688966,0.001454639434814453
0.5,0.599484,0.3,10,0.69,0.11813363431112897,358,0.8333333333333333,0.5666666666666667,0.6166666666666667,0.8333333333333333,0.6,0.13280978202819824,0.0014688491821289063
0.5,0.599484,0.3,20,0.7833333333333334,0.08628119403696524,25,0.75,0.65,0.8,0.9166666666666667,0.8,0.13285326957702637,0.0014720916748046874
0.5,0.599484,0.3,50,0.7433333333333334,0.11185307823708347,108,0.75,0.65,0.6,0.9166666666666667,0.8,0.13280811309814453,0.0014723777770996095
0.5,0.599484,0.5,5,0.6900000000000001,0.14204850501775013,353,0.75,0.5666666666666667,0.9,0.7333333333333334,0.5,0.14780707359313966,0.0014732837677001952
0.5,0.599484,0.5,10,0.7400000000000001,0.11766241729815195,121,0.8333333333333333,0.65,0.7,0.9166666666666667,0.6,0.14792146682739257,0.0014751434326171875
0.5,0.599484,0.5,20,0.7633333333333333,0.0915302014516399,70,0.75,0.65,0.7,0.9166666666666667,0.8,0.14716510772705077,0.0014719009399414063
0.5,0.599484,0.5,50,0.76,0.04294699575575042,81,0.75,0.7333333333333334,0.7,0.8166666666666667,0.8,0.14795308113098143,0.0014580249786376952
0.5,0.599484,0.7,5,0.6866666666666666,0.07180219742846009,370,0.6666666666666666,0.6333333333333333,0.8,0.7333333333333334,0.6,0.18330278396606445,0.0014893054962158204
0.5,0.599484,0.7,10,0.7466666666666665,0.10241527663824809,106,0.8333333333333333,0.5666666666666667,0.7,0.8333333333333333,0.8,0.1832517147064209,0.0014840126037597655
0.5,0.599484,0.7,20,0.8033333333333333,0.060918889608323576,15,0.75,0.75,0.8,0.9166666666666667,0.8,0.18294353485107423,0.0015289783477783203
0.5,0.599484,0.7,50,0.7200000000000001,0.10821788720498621,194,0.65,0.7333333333333334,0.6,0.9166666666666667,0.7,0.18254642486572265,0.0014917373657226563
0.5,0.599484,0.9,5,0.6666666666666666,0.10110500592068736,462,0.6666666666666666,0.6333333333333333,0.8,0.7333333333333334,0.5,0.15719232559204102,0.001473236083984375
0.5,0.599484,0.9,10,0.7666666666666666,0.10110500592068733,56,0.8333333333333333,0.5666666666666667,0.8,0.8333333333333333,0.8,0.15699100494384766,0.0014539241790771484
0.5,0.599484,0.9,20,0.7833333333333334,0.07378647873726223,25,0.75,0.75,0.7,0.9166666666666667,0.8,0.15730199813842774,0.001455211639404297
0.5,0.599484,0.9,50,0.8133333333333332,0.059066817155564506,8,0.7333333333333334,0.8166666666666667,0.8,0.9166666666666667,0.8,0.15696849822998046,0.0014638900756835938
0.5,2.15443,0.1,5,0.7499999999999999,0.15846485765339619,97,0.75,0.5666666666666667,1.0,0.8333333333333333,0.6,0.22900829315185547,0.0015128612518310546
0.5,2.15443,0.1,10,0.6333333333333333,0.15092308563562362,497,0.8333333333333333,0.3833333333333333,0.6166666666666667,0.7333333333333334,0.6,0.2294774532318115,0.0015120983123779296
0.5,2.15443,0.1,20,0.5933333333333334,0.1614517471774978,523,0.65,0.2833333333333333,0.7,0.7333333333333334,0.6,0.2290771484375,0.0015280723571777343
0.5,2.15443,0.1,50,0.7233333333333333,0.13358309939675922,177,0.75,0.55,0.6,0.9166666666666667,0.8,0.22967419624328614,0.0015401363372802735
0.5,2.15443,0.3,5,0.6699999999999999,0.1547040184782972,450,0.75,0.4666666666666667,0.8166666666666667,0.8166666666666667,0.5,0.28202452659606936,0.0015425682067871094
0.5,2.15443,0.3,10,0.6333333333333333,0.13333333333333333,497,0.8333333333333333,0.4666666666666667,0.5333333333333333,0.7333333333333334,0.6,0.28279695510864256,0.0015150547027587891
0.5,2.15443,0.3,20,0.7466666666666667,0.06616477747093068,98,0.75,0.65,0.8,0.8333333333333333,0.7,0.2818993091583252,0.0015456199645996094
0.5,2.15443,0.3,50,0.7233333333333334,0.10883218478209676,163,0.75,0.65,0.6,0.9166666666666667,0.7,0.2820024013519287,0.001548004150390625
0.5,2.15443,0.5,5,0.69,0.13686976778431872,358,0.75,0.4666666666666667,0.8166666666666667,0.8166666666666667,0.6,0.31018886566162107,0.0015388011932373046
0.5,2.15443,0.5,10,0.6533333333333332,0.1528979325490628,482,0.8333333333333333,0.4666666666666667,0.5333333333333333,0.8333333333333333,0.6,0.31001811027526854,0.0015421390533447265
0.5,2.15443,0.5,20,0.7833333333333334,0.08628119403696524,25,0.75,0.65,0.8,0.9166666666666667,0.8,0.3106854915618896,0.001552581787109375
0.5,2.15443,0.5,50,0.7066666666666667,0.08602325267042628,240,0.6666666666666666,0.65,0.6,0.8166666666666667,0.8,0.31067705154418945,0.0015531539916992187
0.5,2.15443,0.7,5,0.7266666666666667,0.0946337971105226,153,0.75,0.6333333333333333,0.8333333333333333,0.8166666666666667,0.6,0.3531743049621582,0.0015674114227294921
0.5,2.15443,0.7,10,0.7233333333333334,0.12274635093014642,163,0.8333333333333333,0.55,0.8,0.8333333333333333,0.6,0.3525238037109375,0.0015712738037109374
0.5,2.15443,0.7,20,0.7466666666666667,0.09966610925150705,98,0.6666666666666666,0.65,0.7,0.9166666666666667,0.8,0.3518684864044189,0.0016202926635742188
0.5,2.15443,0.7,50,0.7066666666666667,0.13928388277184123,240,0.5666666666666667,0.55,0.7,0.9166666666666667,0.8,0.35270109176635744,0.0015645503997802734
0.5,2.15443,0.9,5,0.7066666666666667,0.12498888839501783,240,0.75,0.6333333333333333,0.8333333333333333,0.8166666666666667,0.5,0.3744986534118652,0.001571321487426758
0.5,2.15443,0.9,10,0.8,0.15311578770474468,16,0.8333333333333333,0.65,1.0,0.9166666666666667,0.6,0.3709451198577881,0.0015644073486328126
0.5,2.15443,0.9,20,0.7300000000000001,0.11944315244779281,148,0.6666666666666666,0.5666666666666667,0.7,0.9166666666666667,0.8,0.37368459701538087,0.0015784740447998048
0.5,2.15443,0.9,50,0.7233333333333334,0.09921917377424815,163,0.65,0.65,0.7,0.9166666666666667,0.7,0.37590456008911133,0.001566600799560547
0.5,7.74264,0.1,5,0.7133333333333334,0.1102522360569415,210,0.75,0.5666666666666667,0.8166666666666667,0.8333333333333333,0.6,0.32193427085876464,0.0015576839447021484
0.5,7.74264,0.1,10,0.6566666666666666,0.13767917618708922,476,0.75,0.48333333333333334,0.8166666666666667,0.7333333333333334,0.5,0.32144503593444823,0.0015515804290771485
0.5,7.74264,0.1,20,0.5733333333333334,0.1655294535724685,534,0.65,0.2833333333333333,0.7,0.7333333333333334,0.5,0.3225274562835693,0.0015680789947509766
0.5,7.74264,0.1,50,0.7066666666666667,0.13441230102437304,240,0.6666666666666666,0.55,0.6,0.9166666666666667,0.8,0.3241699695587158,0.001570272445678711
0.5,7.74264,0.3,5,0.6733333333333333,0.13767917618708922,417,0.65,0.4666666666666667,0.8166666666666667,0.8333333333333333,0.6,0.4785393238067627,0.0015797138214111329
0.5,7.74264,0.3,10,0.63,0.17365355036841473,502,0.8333333333333333,0.3833333333333333,0.5166666666666667,0.8166666666666667,0.6,0.47797789573669436,0.0015744686126708985
0.5,7.74264,0.3,20,0.69,0.13727506854649332,358,0.75,0.4666666666666667,0.8,0.8333333333333333,0.6,0.4730977058410645,0.0017017841339111329
0.5,7.74264,0.3,50,0.7033333333333334,0.1279756921363498,274,0.75,0.55,0.6,0.9166666666666667,0.7,0.4717695713043213,0.0015704631805419922
0.5,7.74264,0.5,5,0.6533333333333333,0.14197026292697904,479,0.75,0.4666666666666667,0.8166666666666667,0.7333333333333334,0.5,0.5374709129333496,0.0015877246856689452
0.5,7.74264,0.5,10,0.6466666666666666,0.15180396715647596,491,0.8333333333333333,0.4666666666666667,0.5166666666666667,0.8166666666666667,0.6,0.5372635364532471,0.0015760898590087891
0.5,7.74264,0.5,20,0.7666666666666666,0.0641179468722378,56,0.75,0.65,0.8,0.8333333333333333,0.8,0.5382748126983643,0.0015862941741943359
0.5,7.74264,0.5,50,0.7233333333333334,0.10883218478209676,163,0.75,0.65,0.6,0.9166666666666667,0.7,0.5380845069885254,0.001580953598022461
0.5,7.74264,0.7,5,0.69,0.13686976778431872,358,0.75,0.4666666666666667,0.8166666666666667,0.8166666666666667,0.6,0.5707619667053223,0.0015759468078613281
0.5,7.74264,0.7,10,0.6333333333333333,0.13333333333333333,497,0.8333333333333333,0.4666666666666667,0.5333333333333333,0.7333333333333334,0.6,0.5714080810546875,0.0015710830688476563
0.5,7.74264,0.7,20,0.7433333333333334,0.11185307823708346,108,0.75,0.65,0.8,0.9166666666666667,0.6000000000000001,0.575308084487915,0.0016192913055419922
0.5,7.74264,0.7,50,0.6833333333333333,0.10697871023920807,377,0.75,0.65,0.5,0.8166666666666667,0.7,0.5817057132720947,0.0015700817108154296
0.5,7.74264,0.9,5,0.6766666666666666,0.1267543556122103,411,0.75,0.4666666666666667,0.75,0.8166666666666667,0.6,0.645327091217041,0.001560354232788086
0.5,7.74264,0.9,10,0.67,0.1746106780494506,442,0.8333333333333333,0.4666666666666667,0.5333333333333333,0.9166666666666667,0.6,0.636939001083374,0.0015618324279785157
0.5,7.74264,0.9,20,0.7100000000000001,0.09043106644167022,232,0.6666666666666666,0.65,0.8,0.8333333333333333,0.6000000000000001,0.6322912693023681,0.0015872955322265626
0.5,7.74264,0.9,50,0.7033333333333334,0.08781293248212994,274,0.65,0.65,0.6,0.8166666666666667,0.8,0.6331944942474366,0.0015795230865478516
0.5,27.8256,0.1,5,0.6933333333333334,0.13523641850067195,320,0.75,0.5666666666666667,0.8166666666666667,0.8333333333333333,0.5,0.3163407325744629,0.0015442848205566406
0.5,27.8256,0.1,10,0.6933333333333334,0.09463379711052258,320,0.75,0.5666666666666667,0.8166666666666667,0.7333333333333334,0.6000000000000001,0.3157344341278076,0.0015299797058105468
0.5,27.8256,0.1,20,0.6933333333333332,0.13441230102437302,329,0.65,0.48333333333333334,0.7,0.7333333333333334,0.9,0.3163326263427734,0.0015268802642822265
0.5,27.8256,0.1,50,0.7066666666666667,0.13441230102437304,240,0.6666666666666666,0.55,0.6,0.9166666666666667,0.8,0.3153255462646484,0.0015266895294189452
0.5,27.8256,0.3,5,0.7133333333333334,0.1102522360569415,210,0.75,0.5666666666666667,0.8166666666666667,0.8333333333333333,0.6,0.4819516658782959,0.0015568256378173829
0.5,27.8256,0.3,10,0.6733333333333333,0.1593737745050923,417,0.75,0.48333333333333334,0.9,0.7333333333333334,0.5,0.48050436973571775,0.0015414237976074218
0.5,27.8256,0.3,20,0.5366666666666667,0.13474255287605158,591,0.65,0.2833333333333333,0.5166666666666667,0.6333333333333333,0.6,0.4808325290679932,0.0015608310699462891
0.5,27.8256,0.3,50,0.7066666666666667,0.13441230102437304,240,0.6666666666666666,0.55,0.6,0.9166666666666667,0.8,0.4811394691467285,0.0015637397766113282
0.5,27.8256,0.5,5,0.6933333333333332,0.11085526098877259,329,0.65,0.5666666666666667,0.8166666666666667,0.8333333333333333,0.6,0.598804521560669,0.001578521728515625
0.5,27.8256,0.5,10,0.6699999999999999,0.1637749132871766,450,0.8333333333333333,0.3833333333333333,0.6166666666666667,0.8166666666666667,0.7,0.5997000694274902,0.001683807373046875
0.5,27.8256,0.5,20,0.5766666666666667,0.1515109090315135,533,0.65,0.2833333333333333,0.7166666666666667,0.6333333333333333,0.6,0.5986266613006592,0.001578378677368164
0.5,27.8256,0.5,50,0.7233333333333334,0.10883218478209676,163,0.75,0.65,0.6,0.9166666666666667,0.7,0.5993754863739014,0.0015792369842529297
0.5,27.8256,0.7,5,0.6733333333333333,0.13767917618708922,417,0.65,0.4666666666666667,0.8166666666666667,0.8333333333333333,0.6,0.6793248176574707,0.0016457557678222657
0.5,27.8256,0.7,10,0.7066666666666668,0.19049642749639398,238,0.8333333333333333,0.3833333333333333,0.9,0.8166666666666667,0.6,0.6800193786621094,0.0015873908996582031
0.5,27.8256,0.7,20,0.6666666666666667,0.15383974345619106,458,0.75,0.4666666666666667,0.6,0.9166666666666667,0.6,0.6809864997863769,0.001600027084350586
0.5,27.8256,0.7,50,0.7233333333333334,0.10883218478209676,163,0.75,0.65,0.6,0.9166666666666667,0.7,0.6794879913330079,0.0015814781188964843
0.5,27.8256,0.9,5,0.6733333333333333,0.1376791761870892,417,0.65,0.4666666666666667,0.8166666666666667,0.8333333333333333,0.6000000000000001,0.726711654663086,0.0015807628631591796
0.5,27.8256,0.9,10,0.6666666666666667,0.13944333775567924,458,0.8333333333333333,0.4666666666666667,0.6166666666666667,0.8166666666666667,0.6,0.7257340908050537,0.0015763282775878907
0.5,27.8256,0.9,20,0.7066666666666667,0.08069145624606801,240,0.75,0.65,0.6,0.8333333333333333,0.7,0.7258686065673828,0.0015839576721191407
0.5,27.8256,0.9,50,0.7233333333333334,0.10883218478209676,163,0.75,0.65,0.6,0.9166666666666667,0.7,0.7257516384124756,0.0015864849090576171
0.5,100.0,0.1,5,0.65,0.1169045194450012,483,0.75,0.5666666666666667,0.8166666666666667,0.6166666666666667,0.5,0.3603363513946533,0.0015473365783691406
0.5,100.0,0.1,10,0.6733333333333333,0.11953614051360739,417,0.75,0.5666666666666667,0.8166666666666667,0.7333333333333334,0.5,0.36328964233398436,0.0015256404876708984
0.5,100.0,0.1,20,0.6966666666666667,0.13474255287605158,312,0.65,0.48333333333333334,0.7166666666666667,0.7333333333333334,0.9,0.360728120803833,0.0015479564666748048
0.5,100.0,0.1,50,0.7066666666666667,0.13441230102437304,240,0.6666666666666666,0.55,0.6,0.9166666666666667,0.8,0.3613694667816162,0.0015283584594726562
0.5,100.0,0.3,5,0.65,0.1169045194450012,483,0.75,0.5666666666666667,0.8166666666666667,0.6166666666666667,0.5,0.3762996196746826,0.0015291213989257813
0.5,100.0,0.3,10,0.6933333333333334,0.09463379711052258,320,0.75,0.5666666666666667,0.8166666666666667,0.7333333333333334,0.6000000000000001,0.37737722396850587,0.001536083221435547
0.5,100.0,0.3,20,0.6966666666666667,0.13474255287605158,312,0.65,0.48333333333333334,0.7166666666666667,0.7333333333333334,0.9,0.3762040138244629,0.001535940170288086
0.5,100.0,0.3,50,0.7066666666666667,0.13441230102437304,240,0.6666666666666666,0.55,0.6,0.9166666666666667,0.8,0.37628602981567383,0.0015456676483154297
0.5,100.0,0.5,5,0.6933333333333334,0.13523641850067195,320,0.75,0.5666666666666667,0.8166666666666667,0.8333333333333333,0.5,0.4100499629974365,0.0015979290008544921
0.5,100.0,0.5,10,0.6733333333333333,0.11953614051360739,417,0.75,0.5666666666666667,0.8166666666666667,0.7333333333333334,0.5,0.40944781303405764,0.0015440940856933593
0.5,100.0,0.5,20,0.6333333333333333,0.08755950357709132,497,0.65,0.48333333333333334,0.7,0.7333333333333334,0.6,0.4098514556884766,0.0015386581420898438
0.5,100.0,0.5,50,0.7266666666666666,0.11575836902790229,158,0.6666666666666666,0.65,0.6,0.9166666666666667,0.8,0.40863037109375,0.0015494823455810547
0.5,100.0,0.7,5,0.6933333333333334,0.13523641850067195,320,0.75,0.5666666666666667,0.8166666666666667,0.8333333333333333,0.5,0.4651467323303223,0.0016686439514160157
0.5,100.0,0.7,10,0.6566666666666666,0.13767917618708922,476,0.75,0.48333333333333334,0.8166666666666667,0.7333333333333334,0.5,0.46497344970703125,0.001566600799560547
0.5,100.0,0.7,20,0.6766666666666666,0.13767917618708922,411,0.65,0.48333333333333334,0.6166666666666667,0.7333333333333334,0.9,0.46441330909729006,0.0015490531921386718
0.5,100.0,0.7,50,0.7066666666666667,0.10984838035522723,240,0.6666666666666666,0.65,0.6,0.9166666666666667,0.7,0.46576480865478515,0.0015497207641601562
0.5,100.0,0.9,5,0.7133333333333334,0.11025223605694148,210,0.75,0.5666666666666667,0.8166666666666667,0.8333333333333333,0.6000000000000001,0.5502100467681885,0.0015594005584716798
0.5,100.0,0.9,10,0.6766666666666665,0.15369522511198003,413,0.75,0.48333333333333334,0.8166666666666667,0.8333333333333333,0.5,0.549560832977295,0.0015780925750732422
0.5,100.0,0.9,20,0.5566666666666668,0.13767917618708922,557,0.65,0.2833333333333333,0.6166666666666667,0.6333333333333333,0.6,0.5493365287780761,0.0015744209289550782
0.5,100.0,0.9,50,0.7066666666666667,0.10984838035522723,240,0.6666666666666666,0.65,0.6,0.9166666666666667,0.7,0.5490834712982178,0.0015712738037109374
