param_clf__max_features,param_clf__min_samples_leaf,param_selector__C,param_selector__l1_ratio,param_selector__top_k,mean_test_score,std_test_score,rank_test_score,split0_test_score,split1_test_score,split2_test_score,split3_test_score,split4_test_score,mean_fit_time,mean_score_time
sqrt,1,0.001,0.1,5,0.5433333333333333,0.14666666666666667,626,0.6,0.55,0.6,0.26666666666666666,0.7,0.4796782970428467,0.020792484283447266
sqrt,1,0.001,0.1,10,0.5566666666666668,0.10413666234542206,514,0.6,0.6333333333333333,0.6,0.35,0.6,0.4824990272521973,0.020997095108032226
sqrt,1,0.001,0.1,20,0.5533333333333333,0.2114500203620494,562,0.43333333333333335,0.6333333333333333,0.5333333333333333,0.26666666666666666,0.9,0.489666223526001,0.020964908599853515
sqrt,1,0.001,0.1,50,0.51,0.07571877794400364,740,0.43333333333333335,0.55,0.6333333333333333,0.43333333333333335,0.5,0.4956411838531494,0.020903968811035158
sqrt,1,0.001,0.3,5,0.5433333333333333,0.14666666666666667,626,0.6,0.55,0.6,0.26666666666666666,0.7,0.47971835136413576,0.02094559669494629
sqrt,1,0.001,0.3,10,0.5566666666666668,0.10413666234542206,514,0.6,0.6333333333333333,0.6,0.35,0.6,0.48294715881347655,0.020791149139404295
sqrt,1,0.001,0.3,20,0.5533333333333333,0.2114500203620494,562,0.43333333333333335,0.6333333333333333,0.5333333333333333,0.26666666666666666,0.9,0.4905050277709961,0.020928239822387694
sqrt,1,0.001,0.3,50,0.51,0.07571877794400364,740,0.43333333333333335,0.55,0.6333333333333333,0.43333333333333335,0.5,0.49553370475769043,0.020935201644897462
sqrt,1,0.001,0.5,5,0.5433333333333333,0.14666666666666667,626,0.6,0.55,0.6,0.26666666666666666,0.7,0.48117594718933104,0.02077031135559082
sqrt,1,0.001,0.5,10,0.5566666666666668,0.10413666234542206,514,0.6,0.6333333333333333,0.6,0.35,0.6,0.485429573059082,0.020827245712280274
sqrt,1,0.001,0.5,20,0.5533333333333333,0.2114500203620494,562,0.43333333333333335,0.6333333333333333,0.5333333333333333,0.26666666666666666,0.9,0.49092674255371094,0.021036243438720702
sqrt,1,0.001,0.5,50,0.51,0.07571877794400364,740,0.43333333333333335,0.55,0.6333333333333333,0.43333333333333335,0.5,0.49706220626831055,0.020988035202026366
sqrt,1,0.001,0.7,5,0.5433333333333333,0.14666666666666667,626,0.6,0.55,0.6,0.26666666666666666,0.7,0.48001413345336913,0.021097183227539062
sqrt,1,0.001,0.7,10,0.5566666666666668,0.10413666234542206,514,0.6,0.6333333333333333,0.6,0.35,0.6,0.4854905128479004,0.020925140380859374
sqrt,1,0.001,0.7,20,0.5533333333333333,0.2114500203620494,562,0.43333333333333335,0.6333333333333333,0.5333333333333333,0.26666666666666666,0.9,0.4910982608795166,0.020863056182861328
sqrt,1,0.001,0.7,50,0.51,0.07571877794400364,740,0.43333333333333335,0.55,0.6333333333333333,0.43333333333333335,0.5,0.4971480369567871,0.02136073112487793
sqrt,1,0.001,0.9,5,0.5433333333333333,0.14666666666666667,626,0.6,0.55,0.6,0.26666666666666666,0.7,0.48061623573303225,0.021129703521728514
sqrt,1,0.001,0.9,10,0.5566666666666668,0.10413666234542206,514,0.6,0.6333333333333333,0.6,0.35,0.6,0.4827617645263672,0.021071529388427733
sqrt,1,0.001,0.9,20,0.5533333333333333,0.2114500203620494,562,0.43333333333333335,0.6333333333333333,0.5333333333333333,0.26666666666666666,0.9,0.4895768165588379,0.020931291580200195
sqrt,1,0.001,0.9,50,0.51,0.07571877794400364,740,0.43333333333333335,0.55,0.6333333333333333,0.43333333333333335,0.5,0.4947833061218262,0.020937013626098632
sqrt,1,0.00359381,0.1,5,0.5433333333333333,0.14666666666666667,626,0.6,0.55,0.6,0.26666666666666666,0.7,0.47942676544189455,0.020921659469604493
sqrt,1,0.00359381,0.1,10,0.5566666666666668,0.10413666234542206,514,0.6,0.6333333333333333,0.6,0.35,0.6,0.4871778964996338,0.020833587646484374
sqrt,1,0.00359381,0.1,20,0.5533333333333333,0.2114500203620494,562,0.43333333333333335,0.6333333333333333,0.5333333333333333,0.26666666666666666,0.9,0.4925816059112549,0.021119117736816406
sqrt,1,0.00359381,0.1,50,0.51,0.07571877794400364,740,0.43333333333333335,0.55,0.6333333333333333,0.43333333333333335,0.5,0.4953158378601074,0.021100187301635744
sqrt,1,0.00359381,0.3,5,0.5433333333333333,0.14666666666666667,626,0.6,0.55,0.6,0.26666666666666666,0.7,0.4806392192840576,0.021139764785766603
sqrt,1,0.00359381,0.3,10,0.5566666666666668,0.10413666234542206,514,0.6,0.6333333333333333,0.6,0.35,0.6,0.4842419147491455,0.02083244323730469
sqrt,1,0.00359381,0.3,20,0.5533333333333333,0.2114500203620494,562,0.43333333333333335,0.6333333333333333,0.5333333333333333,0.26666666666666666,0.9,0.49266724586486815,0.02090768814086914
sqrt,1,0.00359381,0.3,50,0.51,0.07571877794400364,740,0.43333333333333335,0.55,0.6333333333333333,0.43333333333333335,0.5,0.5017182350158691,0.021125364303588866
sqrt,1,0.00359381,0.5,5,0.5433333333333333,0.14666666666666667,626,0.6,0.55,0.6,0.26666666666666666,0.7,0.48354458808898926,0.020900583267211913
sqrt,1,0.00359381,0.5,10,0.5566666666666668,0.10413666234542206,514,0.6,0.6333333333333333,0.6,0.35,0.6,0.48793883323669435,0.02097311019897461
sqrt,1,0.00359381,0.5,20,0.5533333333333333,0.2114500203620494,562,0.43333333333333335,0.6333333333333333,0.5333333333333333,0.26666666666666666,0.9,0.49161653518676757,0.020998382568359376
sqrt,1,0.00359381,0.5,50,0.51,0.07571877794400364,740,0.43333333333333335,0.55,0.6333333333333333,0.43333333333333335,0.5,0.4992839336395264,0.020943832397460938
sqrt,1,0.00359381,0.7,5,0.5433333333333333,0.14666666666666667,626,0.6,0.55,0.6,0.26666666666666666,0.7,0.47959675788879397,0.021120452880859376
sqrt,1,0.00359381,0.7,10,0.5566666666666668,0.10413666234542206,514,0.6,0.6333333333333333,0.6,0.35,0.6,0.4839178085327148,0.021022558212280273
sqrt,1,0.00359381,0.7,20,0.5533333333333333,0.2114500203620494,562,0.43333333333333335,0.6333333333333333,0.5333333333333333,0.26666666666666666,0.9,0.4911195278167725,0.021037197113037108
sqrt,1,0.00359381,0.7,50,0.51,0.07571877794400364,740,0.43333333333333335,0.55,0.6333333333333333,0.43333333333333335,0.5,0.4974161148071289,0.021104192733764647
sqrt,1,0.00359381,0.9,5,0.5433333333333333,0.14666666666666667,626,0.6,0.55,0.6,0.26666666666666666,0.7,0.48131890296936036,0.02077178955078125
sqrt,1,0.00359381,0.9,10,0.5566666666666668,0.10413666234542206,514,0.6,0.6333333333333333,0.6,0.35,0.6,0.4840057373046875,0.020984792709350587
sqrt,1,0.00359381,0.9,20,0.5533333333333333,0.2114500203620494,562,0.43333333333333335,0.6333333333333333,0.5333333333333333,0.26666666666666666,0.9,0.4928737163543701,0.021161985397338868
sqrt,1,0.00359381,0.9,50,0.51,0.07571877794400364,740,0.43333333333333335,0.55,0.6333333333333333,0.43333333333333335,0.5,0.49754695892333983,0.020869731903076172
sqrt,1,0.0129155,0.1,5,0.6533333333333333,0.14429907214608909,77,0.4666666666666667,0.9,0.5833333333333334,0.6166666666666667,0.7,0.4907681465148926,0.02122960090637207
sqrt,1,0.0129155,0.1,10,0.68,0.06863753427324669,7,0.6333333333333333,0.7,0.6666666666666666,0.6,0.8,0.4936689853668213,0.020834732055664062
sqrt,1,0.0129155,0.1,20,0.6,0.08432740427115676,292,0.5333333333333333,0.7,0.5666666666666667,0.5,0.7,0.4966372013092041,0.02087230682373047
sqrt,1,0.0129155,0.1,50,0.5666666666666667,0.10540925533894596,482,0.6333333333333333,0.7,0.4,0.5,0.6,0.5044750690460205,0.02088894844055176
sqrt,1,0.0129155,0.3,5,0.5433333333333333,0.14666666666666667,626,0.6,0.55,0.6,0.26666666666666666,0.7,0.48176255226135256,0.0209808349609375
sqrt,1,0.0129155,0.3,10,0.5566666666666668,0.10413666234542206,514,0.6,0.6333333333333333,0.6,0.35,0.6,0.48494396209716795,0.02088642120361328
sqrt,1,0.0129155,0.3,20,0.5533333333333333,0.2114500203620494,562,0.43333333333333335,0.6333333333333333,0.5333333333333333,0.26666666666666666,0.9,0.4919497013092041,0.02112269401550293
sqrt,1,0.0129155,0.3,50,0.51,0.07571877794400364,740,0.43333333333333335,0.55,0.6333333333333333,0.43333333333333335,0.5,0.4993453502655029,0.021140861511230468
sqrt,1,0.0129155,0.5,5,0.5433333333333333,0.14666666666666667,626,0.6,0.55,0.6,0.26666666666666666,0.7,0.4831368923187256,0.02237701416015625
sqrt,1,0.0129155,0.5,10,0.5566666666666668,0.10413666234542206,514,0.6,0.6333333333333333,0.6,0.35,0.6,0.48485550880432127,0.02079777717590332
sqrt,1,0.0129155,0.5,20,0.5533333333333333,0.2114500203620494,562,0.43333333333333335,0.6333333333333333,0.5333333333333333,0.26666666666666666,0.9,0.49157161712646485,0.020935726165771485
sqrt,1,0.0129155,0.5,50,0.51,0.07571877794400364,740,0.43333333333333335,0.55,0.6333333333333333,0.43333333333333335,0.5,0.4997730255126953,0.021124982833862306
sqrt,1,0.0129155,0.7,5,0.5433333333333333,0.14666666666666667,626,0.6,0.55,0.6,0.26666666666666666,0.7,0.4791835308074951,0.02104339599609375
sqrt,1,0.0129155,0.7,10,0.5566666666666668,0.10413666234542206,514,0.6,0.6333333333333333,0.6,0.35,0.6,0.4851470947265625,0.020859575271606444
sqrt,1,0.0129155,0.7,20,0.5533333333333333,0.2114500203620494,562,0.43333333333333335,0.6333333333333333,0.5333333333333333,0.26666666666666666,0.9,0.4910439491271973,0.020923900604248046
sqrt,1,0.0129155,0.7,50,0.51,0.07571877794400364,740,0.43333333333333335,0.55,0.6333333333333333,0.43333333333333335,0.5,0.4978490829467773,0.020963668823242188
sqrt,1,0.0129155,0.9,5,0.5433333333333333,0.14666666666666667,626,0.6,0.55,0.6,0.26666666666666666,0.7,0.48123579025268554,0.021282148361206055
sqrt,1,0.0129155,0.9,10,0.5566666666666668,0.10413666234542206,514,0.6,0.6333333333333333,0.6,0.35,0.6,0.4832448482513428,0.02110772132873535
sqrt,1,0.0129155,0.9,20,0.5533333333333333,0.2114500203620494,562,0.43333333333333335,0.6333333333333333,0.5333333333333333,0.26666666666666666,0.9,0.4904299736022949,0.021204185485839844
sqrt,1,0.0129155,0.9,50,0.51,0.07571877794400364,740,0.43333333333333335,0.55,0.6333333333333333,0.43333333333333335,0.5,0.4969755172729492,0.02085843086242676
sqrt,1,0.0464159,0.1,5,0.5800000000000001,0.045215533220835116,406,0.55,0.5166666666666667,0.5833333333333334,0.65,0.6000000000000001,0.4999195098876953,0.020963335037231447
sqrt,1,0.0464159,0.1,10,0.5900000000000001,0.12183777921664707,364,0.45,0.7,0.6666666666666666,0.43333333333333335,0.7,0.5027000427246093,0.020826244354248048
sqrt,1,0.0464159,0.1,20,0.5666666666666667,0.15491933384829665,482,0.26666666666666666,0.7,0.6666666666666666,0.6,0.6,0.5065474510192871,0.021344852447509766
sqrt,1,0.0464159,0.1,50,0.6333333333333334,0.11547005383792518,137,0.5333333333333333,0.8,0.7333333333333334,0.5,0.6,0.5105557441711426,0.02093086242675781
sqrt,1,0.0464159,0.3,5,0.6166666666666667,0.15563490039905004,199,0.4666666666666667,0.9,0.48333333333333334,0.6333333333333333,0.6000000000000001,0.5005791664123536,0.020841360092163086
sqrt,1,0.0464159,0.3,10,0.69,0.11623730516108463,4,0.55,0.7,0.6666666666666666,0.6333333333333333,0.9,0.5018040657043457,0.02088608741760254
sqrt,1,0.0464159,0.3,20,0.61,0.12806248474865697,252,0.5333333333333333,0.7,0.5833333333333334,0.43333333333333335,0.8,0.505697774887085,0.020900535583496093
sqrt,1,0.0464159,0.3,50,0.6266666666666666,0.07039570693980958,166,0.7166666666666667,0.6,0.5833333333333334,0.5333333333333333,0.7,0.5130216598510742,0.02092585563659668
sqrt,1,0.0464159,0.5,5,0.5533333333333333,0.15434449203720302,562,0.8166666666666667,0.55,0.3833333333333333,0.4166666666666667,0.6,0.49123339653015136,0.02100214958190918
sqrt,1,0.0464159,0.5,10,0.5900000000000001,0.11953614051360738,364,0.7166666666666667,0.6333333333333333,0.48333333333333334,0.4166666666666667,0.7,0.4970130443572998,0.020993852615356447
sqrt,1,0.0464159,0.5,20,0.6633333333333333,0.07180219742846007,21,0.6166666666666667,0.6333333333333333,0.6666666666666666,0.6,0.8,0.49925975799560546,0.021089744567871094
sqrt,1,0.0464159,0.5,50,0.5933333333333334,0.07195677714974301,319,0.7166666666666667,0.55,0.5,0.6,0.6,0.5063728332519531,0.020850706100463866
sqrt,1,0.0464159,0.7,5,0.5433333333333333,0.14666666666666667,626,0.6,0.55,0.6,0.26666666666666666,0.7,0.47943758964538574,0.021074914932250978
sqrt,1,0.0464159,0.7,10,0.5566666666666668,0.10413666234542206,514,0.6,0.6333333333333333,0.6,0.35,0.6,0.4839146137237549,0.021037197113037108
sqrt,1,0.0464159,0.7,20,0.5533333333333333,0.2114500203620494,562,0.43333333333333335,0.6333333333333333,0.5333333333333333,0.26666666666666666,0.9,0.49050126075744627,0.02099013328552246
sqrt,1,0.0464159,0.7,50,0.51,0.07571877794400364,740,0.43333333333333335,0.55,0.6333333333333333,0.43333333333333335,0.5,0.5035813331604004,0.02104015350341797
sqrt,1,0.0464159,0.9,5,0.5433333333333333,0.14666666666666667,626,0.6,0.55,0.6,0.26666666666666666,0.7,0.4796015739440918,0.020967578887939452
sqrt,1,0.0464159,0.9,10,0.5566666666666668,0.10413666234542206,514,0.6,0.6333333333333333,0.6,0.35,0.6,0.48337411880493164,0.021130466461181642
sqrt,1,0.0464159,0.9,20,0.5533333333333333,0.2114500203620494,562,0.43333333333333335,0.6333333333333333,0.5333333333333333,0.26666666666666666,0.9,0.4905862808227539,0.021105337142944335
sqrt,1,0.0464159,0.9,50,0.51,0.07571877794400364,740,0.43333333333333335,0.55,0.6333333333333333,0.43333333333333335,0.5,0.4961109638214111,0.020824098587036134
sqrt,1,0.16681,0.1,5,0.4866666666666667,0.1132352516764202,790,0.2833333333333333,0.5333333333333333,0.5666666666666667,0.45,0.6000000000000001,0.5304352760314941,0.02110943794250488
sqrt,1,0.16681,0.1,10,0.5166666666666666,0.1422048600513436,733,0.26666666666666666,0.7,0.5833333333333334,0.5333333333333333,0.5,0.5344019412994385,0.020809698104858398
sqrt,1,0.16681,0.1,20,0.6233333333333334,0.12274635093014646,171,0.43333333333333335,0.7,0.5833333333333334,0.6,0.8,0.5372191905975342,0.020769166946411132
sqrt,1,0.16681,0.1,50,0.62,0.11224972160321826,182,0.45,0.8,0.65,0.6,0.6,0.5543502807617188,0.021088552474975587
sqrt,1,0.16681,0.3,5,0.5233333333333333,0.09809292646374776,721,0.3666666666666667,0.5166666666666667,0.48333333333333334,0.65,0.6000000000000001,0.5352827548980713,0.021335315704345704
sqrt,1,0.16681,0.3,10,0.5733333333333334,0.08205689083394113,442,0.45,0.7,0.5833333333333334,0.5333333333333333,0.6,0.5416728973388671,0.02106471061706543
sqrt,1,0.16681,0.3,20,0.6033333333333333,0.14621141466307538,281,0.3666666666666667,0.7,0.75,0.5,0.7,0.5406696319580078,0.02101869583129883
sqrt,1,0.16681,0.3,50,0.5633333333333334,0.0858939915115008,493,0.45,0.7,0.5666666666666667,0.5,0.6,0.5470813751220703,0.02110280990600586
sqrt,1,0.16681,0.5,5,0.63,0.15506271132817345,150,0.35,0.8,0.6666666666666666,0.7333333333333334,0.6000000000000001,0.5362143516540527,0.02109355926513672
sqrt,1,0.16681,0.5,10,0.5866666666666667,0.09273618495495702,377,0.45,0.7,0.6666666666666666,0.5166666666666667,0.6,0.5385083675384521,0.02115206718444824
sqrt,1,0.16681,0.5,20,0.5833333333333334,0.06497862896539307,391,0.5333333333333333,0.7,0.5666666666666667,0.5166666666666667,0.6,0.5398083209991456,0.021034955978393555
sqrt,1,0.16681,0.5,50,0.6199999999999999,0.07774602526460399,190,0.6333333333333333,0.7,0.5666666666666667,0.5,0.7,0.5474437713623047,0.021134567260742188
sqrt,1,0.16681,0.7,5,0.6366666666666667,0.06782329983125267,118,0.55,0.7166666666666667,0.5666666666666667,0.65,0.7,0.5333630084991455,0.021153688430786133
sqrt,1,0.16681,0.7,10,0.61,0.08666666666666666,252,0.45,0.7,0.6666666666666666,0.6333333333333333,0.6,0.5340482234954834,0.021137094497680663
sqrt,1,0.16681,0.7,20,0.61,0.07571877794400363,252,0.5333333333333333,0.7,0.5833333333333334,0.5333333333333333,0.7,0.5354010105133057,0.020972442626953126
sqrt,1,0.16681,0.7,50,0.6066666666666667,0.08730533902472527,270,0.5333333333333333,0.7,0.48333333333333334,0.6166666666666667,0.7,0.5450517177581787,0.021124267578125
sqrt,1,0.16681,0.9,5,0.6166666666666667,0.10954451150103323,199,0.4666666666666667,0.8,0.5666666666666667,0.65,0.6000000000000001,0.5263171672821045,0.02096695899963379
sqrt,1,0.16681,0.9,10,0.6699999999999999,0.14391355429948602,18,0.45,0.7,0.6666666666666666,0.6333333333333333,0.9,0.5301726818084717,0.021008920669555665
sqrt,1,0.16681,0.9,20,0.61,0.08793937305515279,252,0.5333333333333333,0.7,0.48333333333333334,0.6333333333333333,0.7,0.5310078620910644,0.02103595733642578
sqrt,1,0.16681,0.9,50,0.6233333333333334,0.09521904571390465,171,0.5333333333333333,0.7,0.48333333333333334,0.7,0.7,0.540446138381958,0.02100958824157715
sqrt,1,0.599484,0.1,5,0.5766666666666667,0.07999999999999999,423,0.5666666666666667,0.7,0.5666666666666667,0.45,0.6,0.598898983001709,0.02088470458984375
sqrt,1,0.599484,0.1,10,0.5166666666666667,0.17857460314638496,731,0.18333333333333335,0.7,0.5833333333333334,0.6166666666666667,0.5,0.601768159866333,0.020995903015136718
sqrt,1,0.599484,0.1,20,0.5866666666666667,0.16411378166788226,377,0.26666666666666666,0.7,0.6666666666666666,0.6,0.7,0.6048506259918213,0.021073198318481444
sqrt,1,0.599484,0.1,50,0.6133333333333334,0.09092121131323905,210,0.5333333333333333,0.7,0.7333333333333334,0.5,0.6,0.6115289211273194,0.020981693267822267
sqrt,1,0.599484,0.3,5,0.5033333333333333,0.09392668535736916,760,0.3666666666666667,0.6166666666666667,0.48333333333333334,0.45,0.6000000000000001,0.6210394859313965,0.020935630798339842
sqrt,1,0.599484,0.3,10,0.5933333333333334,0.09695359714832656,319,0.45,0.7,0.5833333333333334,0.5333333333333333,0.7,0.625222635269165,0.021018314361572265
sqrt,1,0.599484,0.3,20,0.5866666666666667,0.15470401847829723,377,0.35,0.7,0.5666666666666667,0.5166666666666667,0.8,0.6273006439208985,0.021119165420532226
sqrt,1,0.599484,0.3,50,0.58,0.09273618495495703,411,0.45,0.7,0.65,0.5,0.6,0.6342483997344971,0.021085405349731447
sqrt,1,0.599484,0.5,5,0.5633333333333332,0.14884742374510737,502,0.3666666666666667,0.5166666666666667,0.48333333333333334,0.65,0.8,0.6341983795166015,0.021135282516479493
sqrt,1,0.599484,0.5,10,0.5933333333333334,0.09695359714832656,319,0.45,0.7,0.5833333333333334,0.5333333333333333,0.7,0.6382891178131104,0.021031999588012697
sqrt,1,0.599484,0.5,20,0.6266666666666667,0.1368697677843187,155,0.3666666666666667,0.7,0.75,0.6166666666666667,0.7,0.6374282360076904,0.020968008041381835
sqrt,1,0.599484,0.5,50,0.5833333333333333,0.08027729719194861,395,0.45,0.7,0.5666666666666667,0.6,0.6,0.643244743347168,0.02091379165649414
sqrt,1,0.599484,0.7,5,0.5666666666666667,0.17384539747207065,482,0.2833333333333333,0.6166666666666667,0.48333333333333334,0.65,0.8,0.6511802673339844,0.02107381820678711
sqrt,1,0.599484,0.7,10,0.61,0.09225568335398696,252,0.45,0.7,0.5833333333333334,0.6166666666666667,0.7,0.6540889739990234,0.021047258377075197
sqrt,1,0.599484,0.7,20,0.6233333333333333,0.09404490653110588,173,0.45,0.7,0.6666666666666666,0.6,0.7,0.6565011024475098,0.02081613540649414
sqrt,1,0.599484,0.7,50,0.6399999999999999,0.05830951894845298,117,0.55,0.7,0.65,0.7,0.6,0.664332914352417,0.021036863327026367
sqrt,1,0.599484,0.9,5,0.5466666666666666,0.13349989596333858,621,0.2833333333333333,0.6166666666666667,0.5833333333333334,0.65,0.6000000000000001,0.6549142360687256,0.021131610870361327
sqrt,1,0.599484,0.9,10,0.6266666666666666,0.09345230512584123,166,0.45,0.7,0.6666666666666666,0.6166666666666667,0.7,0.6595443248748779,0.02084798812866211
sqrt,1,0.599484,0.9,20,0.6766666666666667,0.09752492558885198,11,0.5333333333333333,0.7,0.75,0.6,0.8,0.6605782032012939,0.021085309982299804
sqrt,1,0.599484,0.9,50,0.64,0.05333333333333332,105,0.6333333333333333,0.7,0.5666666666666667,0.6,0.7,0.670707368850708,0.02092909812927246
sqrt,1,2.15443,0.1,5,0.5733333333333334,0.034318767136623324,442,0.5666666666666667,0.6166666666666667,0.5666666666666667,0.5166666666666667,0.6,0.724516773223877,0.021069955825805665
sqrt,1,2.15443,0.1,10,0.5533333333333333,0.20038851153585513,562,0.18333333333333335,0.7,0.6666666666666666,0.7166666666666667,0.5,0.7321390628814697,0.020818090438842772
sqrt,1,2.15443,0.1,20,0.5633333333333332,0.12265579661982733,502,0.35,0.7,0.65,0.5166666666666667,0.6000000000000001,0.7287689685821533,0.020865869522094727
sqrt,1,2.15443,0.1,50,0.6533333333333334,0.09797958971132716,71,0.5333333333333333,0.8,0.7333333333333334,0.6,0.6,0.7363020420074463,0.021165895462036132
sqrt,1,2.15443,0.3,5,0.5,0.1192569587999888,764,0.2833333333333333,0.6166666666666667,0.48333333333333334,0.5166666666666667,0.6,0.7936459541320801,0.02115497589111328
sqrt,1,2.15443,0.3,10,0.5366666666666666,0.14544949486180953,674,0.26666666666666666,0.7,0.5833333333333334,0.5333333333333333,0.6000000000000001,0.7972383022308349,0.0210573673248291
sqrt,1,2.15443,0.3,20,0.5866666666666667,0.17869900204906944,377,0.26666666666666666,0.7,0.75,0.5166666666666667,0.7,0.8015420436859131,0.021881771087646485
sqrt,1,2.15443,0.3,50,0.6166666666666667,0.09888264649460884,199,0.45,0.7,0.7333333333333334,0.6,0.6,0.8045470237731933,0.02094297409057617
sqrt,1,2.15443,0.5,5,0.5033333333333333,0.09392668535736916,760,0.3666666666666667,0.6166666666666667,0.48333333333333334,0.45,0.6000000000000001,0.8358382225036621,0.021244335174560546
sqrt,1,2.15443,0.5,10,0.5566666666666666,0.1590248058916875,548,0.26666666666666666,0.7,0.5833333333333334,0.5333333333333333,0.7,0.8384438514709472,0.020986461639404298
sqrt,1,2.15443,0.5,20,0.6066666666666667,0.17530925056406274,270,0.26666666666666666,0.7,0.75,0.6166666666666667,0.7,0.8390693187713623,0.020965194702148436
sqrt,1,2.15443,0.5,50,0.6566666666666667,0.07859884081701064,64,0.5333333333333333,0.7,0.75,0.7,0.6,0.8505138874053955,0.0209378719329834
sqrt,1,2.15443,0.7,5,0.5800000000000001,0.13960261060914617,406,0.3666666666666667,0.7166666666666667,0.48333333333333334,0.7333333333333334,0.6000000000000001,0.8394948959350585,0.020950174331665038
sqrt,1,2.15443,0.7,10,0.5733333333333333,0.12935738607954836,465,0.35,0.7,0.5833333333333334,0.5333333333333333,0.7,0.8432302951812745,0.020928287506103517
sqrt,1,2.15443,0.7,20,0.6433333333333333,0.13968217893171306,94,0.3666666666666667,0.7,0.75,0.7,0.7,0.8432530403137207,0.021036767959594728
sqrt,1,2.15443,0.7,50,0.62,0.050990195135927834,182,0.55,0.7,0.65,0.6,0.6,0.8516258716583252,0.02106895446777344
sqrt,1,2.15443,0.9,5,0.5966666666666668,0.16034684627740925,311,0.3666666666666667,0.7166666666666667,0.48333333333333334,0.8166666666666667,0.6000000000000001,0.8891533374786377,0.02113785743713379
sqrt,1,2.15443,0.9,10,0.5733333333333335,0.19737161790783278,437,0.18333333333333335,0.6166666666666667,0.6666666666666666,0.7,0.7,0.8980861186981202,0.021235036849975585
sqrt,1,2.15443,0.9,20,0.6233333333333333,0.13727506854649332,173,0.3666666666666667,0.7,0.75,0.6,0.7,0.9020665168762207,0.021562957763671876
sqrt,1,2.15443,0.9,50,0.6033333333333333,0.05206833117271101,281,0.55,0.7,0.5666666666666667,0.6,0.6,0.9057299613952636,0.02109980583190918
sqrt,1,7.74264,0.1,5,0.6266666666666667,0.15405626677721793,155,0.5666666666666667,0.8,0.5666666666666667,0.8,0.4,0.7740711688995361,0.02102007865905762
sqrt,1,7.74264,0.1,10,0.6366666666666667,0.14772346537440223,118,0.5333333333333333,0.8,0.8333333333333333,0.5166666666666667,0.5,0.7783183097839356,0.020945930480957033
sqrt,1,7.74264,0.1,20,0.6033333333333333,0.11125546178852423,281,0.45,0.7,0.75,0.5166666666666667,0.6000000000000001,0.7773385524749756,0.020926380157470705
sqrt,1,7.74264,0.1,50,0.5966666666666667,0.058118652580542295,313,0.5333333333333333,0.7,0.55,0.6,0.6,0.7834242343902588,0.021047639846801757
sqrt,1,7.74264,0.3,5,0.5533333333333335,0.05517648452415616,559,0.4666666666666667,0.6166666666666667,0.5666666666666667,0.5166666666666667,0.6,0.9685056686401368,0.020917081832885744
sqrt,1,7.74264,0.3,10,0.56,0.10883218478209672,508,0.3833333333333333,0.7,0.5,0.6166666666666667,0.6000000000000001,0.9726969718933105,0.021112489700317382
sqrt,1,7.74264,0.3,20,0.5666666666666667,0.12516655570345725,482,0.35,0.7,0.6666666666666666,0.5166666666666667,0.6000000000000001,0.9741108417510986,0.02098560333251953
sqrt,1,7.74264,0.3,50,0.6166666666666667,0.13333333333333336,199,0.45,0.8,0.7333333333333334,0.5,0.6,0.9822623252868652,0.0210968017578125
sqrt,1,7.74264,0.5,5,0.5366666666666667,0.1355646627177517,669,0.2833333333333333,0.6166666666666667,0.6666666666666666,0.5166666666666667,0.6,1.0563997745513916,0.020961570739746093
sqrt,1,7.74264,0.5,10,0.5566666666666666,0.16451950239004087,548,0.26666666666666666,0.7,0.5,0.7166666666666667,0.6000000000000001,1.0663499355316162,0.020996665954589842
sqrt,1,7.74264,0.5,20,0.5833333333333333,0.12156388352540314,395,0.35,0.7,0.65,0.6166666666666667,0.6000000000000001,1.0688927173614502,0.02116055488586426
sqrt,1,7.74264,0.5,50,0.6,0.08366600265340754,292,0.45,0.7,0.65,0.6,0.6,1.0742403030395509,0.021328115463256837
sqrt,1,7.74264,0.7,5,0.52,0.08459051693633016,728,0.3833333333333333,0.6166666666666667,0.48333333333333334,0.5166666666666667,0.6,1.126164436340332,0.021018600463867186
sqrt,1,7.74264,0.7,10,0.5566666666666668,0.1522424966222565,514,0.26666666666666666,0.6166666666666667,0.5833333333333334,0.7166666666666667,0.6000000000000001,1.1292721271514892,0.02099294662475586
sqrt,1,7.74264,0.7,20,0.64,0.14628738838327793,105,0.35,0.7,0.75,0.7,0.7,1.139812994003296,0.021076536178588866
sqrt,1,7.74264,0.7,50,0.6733333333333332,0.10198039027185568,16,0.5333333333333333,0.7,0.8333333333333333,0.6,0.7,1.1400797367095947,0.021117496490478515
sqrt,1,7.74264,0.9,5,0.5066666666666666,0.09809292646374773,758,0.3666666666666667,0.6333333333333333,0.48333333333333334,0.45,0.6000000000000001,1.2128464221954345,0.021140384674072265
sqrt,1,7.74264,0.9,10,0.5733333333333333,0.12498888839501783,465,0.35,0.6166666666666667,0.6666666666666666,0.5333333333333333,0.7,1.2129860877990724,0.02095661163330078
sqrt,1,7.74264,0.9,20,0.6433333333333333,0.13968217893171306,94,0.3666666666666667,0.7,0.75,0.7,0.7,1.2218216419219972,0.020980453491210936
sqrt,1,7.74264,0.9,50,0.6199999999999999,0.12534397117975443,190,0.5333333333333333,0.7,0.75,0.4166666666666667,0.7,1.2253269672393798,0.021071910858154297
sqrt,1,27.8256,0.1,5,0.5766666666666667,0.01999999999999998,423,0.5666666666666667,0.55,0.5666666666666667,0.6,0.6,0.7582076549530029,0.02131953239440918
sqrt,1,27.8256,0.1,10,0.5466666666666666,0.1547040184782972,621,0.3666666666666667,0.7,0.75,0.5166666666666667,0.4,0.760270071029663,0.02101283073425293
sqrt,1,27.8256,0.1,20,0.5633333333333334,0.1492201952373293,493,0.35,0.7,0.7333333333333334,0.43333333333333335,0.6000000000000001,0.7637583255767822,0.021045875549316407
sqrt,1,27.8256,0.1,50,0.6166666666666667,0.09545214042184237,199,0.5333333333333333,0.8,0.55,0.6,0.6,0.7694316864013672,0.021169042587280272
sqrt,1,27.8256,0.3,5,0.6266666666666667,0.15405626677721793,155,0.5666666666666667,0.8,0.5666666666666667,0.8,0.4,0.8951383590698242,0.021036434173583984
sqrt,1,27.8256,0.3,10,0.6,0.1864880097426582,292,0.35,0.8,0.8333333333333333,0.5166666666666667,0.5,0.8946463108062744,0.02087407112121582
sqrt,1,27.8256,0.3,20,0.5833333333333333,0.14181364924121764,395,0.35,0.7,0.75,0.5166666666666667,0.6000000000000001,0.8958234786987305,0.021133899688720703
sqrt,1,27.8256,0.3,50,0.58,0.08124038404635958,411,0.45,0.7,0.55,0.6,0.6,0.9020629405975342,0.021132946014404297
sqrt,1,27.8256,0.5,5,0.5900000000000001,0.11430952132988166,364,0.4666666666666667,0.8,0.5666666666666667,0.5166666666666667,0.6,1.1082409858703612,0.02100663185119629
sqrt,1,27.8256,0.5,10,0.5866666666666667,0.16646654652245033,377,0.35,0.8,0.75,0.5333333333333333,0.5,1.1112986087799073,0.02105998992919922
sqrt,1,27.8256,0.5,20,0.6366666666666667,0.077746025264604,118,0.5333333333333333,0.7,0.75,0.6,0.6000000000000001,1.1101731777191162,0.02108149528503418
sqrt,1,27.8256,0.5,50,0.6333333333333334,0.0894427190999916,137,0.5333333333333333,0.8,0.6333333333333333,0.6,0.6,1.117436408996582,0.020737457275390624
sqrt,1,27.8256,0.7,5,0.5533333333333335,0.05517648452415616,559,0.4666666666666667,0.6166666666666667,0.5666666666666667,0.5166666666666667,0.6,1.216055965423584,0.021056127548217774
sqrt,1,27.8256,0.7,10,0.4966666666666667,0.18571184369578825,776,0.18333333333333335,0.7,0.6666666666666666,0.43333333333333335,0.5,1.220787811279297,0.021136093139648437
sqrt,1,27.8256,0.7,20,0.5666666666666667,0.12516655570345725,482,0.35,0.7,0.6666666666666666,0.5166666666666667,0.6000000000000001,1.2183768272399902,0.020982074737548827
sqrt,1,27.8256,0.7,50,0.6366666666666667,0.1212893693244017,118,0.45,0.8,0.7333333333333334,0.6,0.6,1.227509355545044,0.021044301986694335
sqrt,1,27.8256,0.9,5,0.5366666666666667,0.09510228411791402,669,0.3833333333333333,0.5166666666666667,0.6666666666666666,0.5166666666666667,0.6,1.261851930618286,0.021159267425537108
sqrt,1,27.8256,0.9,10,0.5,0.17224014243685085,764,0.18333333333333335,0.7,0.5833333333333334,0.5333333333333333,0.5,1.2641520977020264,0.02111339569091797
sqrt,1,27.8256,0.9,20,0.5666666666666667,0.17029386365926402,482,0.26666666666666666,0.7,0.75,0.5166666666666667,0.6000000000000001,1.2701644897460938,0.021071243286132812
sqrt,1,27.8256,0.9,50,0.6,0.08366600265340754,292,0.45,0.7,0.65,0.6,0.6,1.2754010200500487,0.020904159545898436
sqrt,1,100.0,0.1,5,0.5766666666666667,0.01999999999999998,423,0.5666666666666667,0.55,0.5666666666666667,0.6,0.6,0.8031909465789795,0.021044588088989256
sqrt,1,100.0,0.1,10,0.51,0.15441646429200626,740,0.2833333333333333,0.7,0.65,0.5166666666666667,0.4,0.807349157333374,0.021055221557617188
sqrt,1,100.0,0.1,20,0.5633333333333334,0.1492201952373293,493,0.35,0.7,0.7333333333333334,0.43333333333333335,0.6000000000000001,0.8108010292053223,0.021032190322875975
sqrt,1,100.0,0.1,50,0.5966666666666667,0.058118652580542295,313,0.5333333333333333,0.7,0.55,0.6,0.6,0.8199728012084961,0.022804880142211915
sqrt,1,100.0,0.3,5,0.5766666666666667,0.01999999999999998,423,0.5666666666666667,0.55,0.5666666666666667,0.6,0.6,0.8149467945098877,0.021031951904296874
sqrt,1,100.0,0.3,10,0.5266666666666666,0.13190905958272917,716,0.3666666666666667,0.7,0.65,0.5166666666666667,0.4,0.8220380306243896,0.021114587783813477
sqrt,1,100.0,0.3,20,0.5633333333333334,0.1492201952373293,493,0.35,0.7,0.7333333333333334,0.43333333333333335,0.6000000000000001,0.8178539276123047,0.021068239212036134
sqrt,1,100.0,0.3,50,0.6166666666666667,0.09545214042184237,199,0.5333333333333333,0.8,0.55,0.6,0.6,0.8275327205657959,0.02103705406188965
sqrt,1,100.0,0.5,5,0.5766666666666667,0.01999999999999998,423,0.5666666666666667,0.55,0.5666666666666667,0.6,0.6,0.8414161682128907,0.020929288864135743
sqrt,1,100.0,0.5,10,0.5433333333333332,0.15867506980549206,665,0.35,0.7,0.75,0.5166666666666667,0.4,0.8439805984497071,0.021057510375976564
sqrt,1,100.0,0.5,20,0.5633333333333334,0.1492201952373293,493,0.35,0.7,0.7333333333333334,0.43333333333333335,0.6000000000000001,0.8443156242370605,0.02099452018737793
sqrt,1,100.0,0.5,50,0.6,0.058689389538863344,292,0.5333333333333333,0.6166666666666667,0.55,0.6,0.7,0.8508427619934082,0.021068429946899413
sqrt,1,100.0,0.7,5,0.5166666666666666,0.10954451150103323,733,0.5666666666666667,0.55,0.5666666666666667,0.6,0.3,0.8869072437286377,0.02121624946594238
sqrt,1,100.0,0.7,10,0.5633333333333332,0.14506703431325962,502,0.35,0.7,0.75,0.5166666666666667,0.5,0.8897792339324951,0.0211517333984375
sqrt,1,100.0,0.7,20,0.58,0.13800161029656302,411,0.35,0.7,0.7333333333333334,0.5166666666666667,0.6000000000000001,0.8953452587127686,0.021082735061645506
sqrt,1,100.0,0.7,50,0.6,0.1140175425099138,292,0.45,0.8,0.55,0.6,0.6,0.9016772747039795,0.02089552879333496
sqrt,1,100.0,0.9,5,0.5766666666666667,0.12806248474865697,423,0.5666666666666667,0.55,0.5666666666666667,0.8,0.4,0.9465957164764405,0.021018791198730468
sqrt,1,100.0,0.9,10,0.5833333333333333,0.196638416050035,395,0.35,0.8,0.8333333333333333,0.43333333333333335,0.5,0.946401834487915,0.021093988418579103
sqrt,1,100.0,0.9,20,0.58,0.13800161029656302,411,0.35,0.7,0.7333333333333334,0.5166666666666667,0.6000000000000001,0.9488176822662353,0.021120643615722655
sqrt,1,100.0,0.9,50,0.62,0.12083045973594571,182,0.45,0.8,0.55,0.7,0.6,0.9548876762390137,0.020944690704345702
sqrt,5,0.001,0.1,5,0.5933333333333334,0.17657230184198705,319,0.4166666666666667,0.7,0.8,0.35,0.7,0.46468400955200195,0.020778894424438477
sqrt,5,0.001,0.1,10,0.6133333333333333,0.16034684627740925,215,0.5166666666666667,0.7,0.8,0.35,0.7,0.4663578510284424,0.02079434394836426
sqrt,5,0.001,0.1,20,0.6600000000000001,0.1600694293805729,29,0.5166666666666667,0.8333333333333333,0.8166666666666667,0.43333333333333335,0.7,0.46825671195983887,0.020851850509643555
sqrt,5,0.001,0.1,50,0.55,0.10954451150103321,596,0.43333333333333335,0.65,0.5333333333333333,0.43333333333333335,0.7,0.4757358551025391,0.020961189270019533
sqrt,5,0.001,0.3,5,0.5933333333333334,0.17657230184198705,319,0.4166666666666667,0.7,0.8,0.35,0.7,0.4661153793334961,0.020917081832885744
sqrt,5,0.001,0.3,10,0.6133333333333333,0.16034684627740925,215,0.5166666666666667,0.7,0.8,0.35,0.7,0.46591434478759763,0.020731687545776367
sqrt,5,0.001,0.3,20,0.6600000000000001,0.1600694293805729,29,0.5166666666666667,0.8333333333333333,0.8166666666666667,0.43333333333333335,0.7,0.4694790840148926,0.020855474472045898
sqrt,5,0.001,0.3,50,0.55,0.10954451150103321,596,0.43333333333333335,0.65,0.5333333333333333,0.43333333333333335,0.7,0.47405710220336916,0.020865392684936524
sqrt,5,0.001,0.5,5,0.5933333333333334,0.17657230184198705,319,0.4166666666666667,0.7,0.8,0.35,0.7,0.4646933078765869,0.020636796951293945
sqrt,5,0.001,0.5,10,0.6133333333333333,0.16034684627740925,215,0.5166666666666667,0.7,0.8,0.35,0.7,0.4740105152130127,0.02079157829284668
sqrt,5,0.001,0.5,20,0.6600000000000001,0.1600694293805729,29,0.5166666666666667,0.8333333333333333,0.8166666666666667,0.43333333333333335,0.7,0.47365641593933105,0.02085742950439453
sqrt,5,0.001,0.5,50,0.55,0.10954451150103321,596,0.43333333333333335,0.65,0.5333333333333333,0.43333333333333335,0.7,0.47434196472167967,0.020796585083007812
sqrt,5,0.001,0.7,5,0.5933333333333334,0.17657230184198705,319,0.4166666666666667,0.7,0.8,0.35,0.7,0.4654080390930176,0.020795679092407225
sqrt,5,0.001,0.7,10,0.6133333333333333,0.16034684627740925,215,0.5166666666666667,0.7,0.8,0.35,0.7,0.46651740074157716,0.020862579345703125
sqrt,5,0.001,0.7,20,0.6600000000000001,0.1600694293805729,29,0.5166666666666667,0.8333333333333333,0.8166666666666667,0.43333333333333335,0.7,0.46954774856567383,0.02075223922729492
sqrt,5,0.001,0.7,50,0.55,0.10954451150103321,596,0.43333333333333335,0.65,0.5333333333333333,0.43333333333333335,0.7,0.4779860019683838,0.02082986831665039
sqrt,5,0.001,0.9,5,0.5933333333333334,0.17657230184198705,319,0.4166666666666667,0.7,0.8,0.35,0.7,0.4649923324584961,0.020548248291015626
sqrt,5,0.001,0.9,10,0.6133333333333333,0.16034684627740925,215,0.5166666666666667,0.7,0.8,0.35,0.7,0.46744141578674314,0.020805883407592773
sqrt,5,0.001,0.9,20,0.6600000000000001,0.1600694293805729,29,0.5166666666666667,0.8333333333333333,0.8166666666666667,0.43333333333333335,0.7,0.4706019401550293,0.02096133232116699
sqrt,5,0.001,0.9,50,0.55,0.10954451150103321,596,0.43333333333333335,0.65,0.5333333333333333,0.43333333333333335,0.7,0.47534914016723634,0.020946836471557616
sqrt,5,0.00359381,0.1,5,0.5933333333333334,0.17657230184198705,319,0.4166666666666667,0.7,0.8,0.35,0.7,0.46570258140563964,0.02071413993835449
sqrt,5,0.00359381,0.1,10,0.6133333333333333,0.16034684627740925,215,0.5166666666666667,0.7,0.8,0.35,0.7,0.46910943984985354,0.020846462249755858
sqrt,5,0.00359381,0.1,20,0.6600000000000001,0.1600694293805729,29,0.5166666666666667,0.8333333333333333,0.8166666666666667,0.43333333333333335,0.7,0.4699282646179199,0.020788192749023438
sqrt,5,0.00359381,0.1,50,0.55,0.10954451150103321,596,0.43333333333333335,0.65,0.5333333333333333,0.43333333333333335,0.7,0.4766761302947998,0.020810508728027345
sqrt,5,0.00359381,0.3,5,0.5933333333333334,0.17657230184198705,319,0.4166666666666667,0.7,0.8,0.35,0.7,0.46540064811706544,0.02079925537109375
sqrt,5,0.00359381,0.3,10,0.6133333333333333,0.16034684627740925,215,0.5166666666666667,0.7,0.8,0.35,0.7,0.46584200859069824,0.020897865295410156
sqrt,5,0.00359381,0.3,20,0.6600000000000001,0.1600694293805729,29,0.5166666666666667,0.8333333333333333,0.8166666666666667,0.43333333333333335,0.7,0.47004451751708987,0.020910263061523438
sqrt,5,0.00359381,0.3,50,0.55,0.10954451150103321,596,0.43333333333333335,0.65,0.5333333333333333,0.43333333333333335,0.7,0.47699713706970215,0.02103080749511719
sqrt,5,0.00359381,0.5,5,0.5933333333333334,0.17657230184198705,319,0.4166666666666667,0.7,0.8,0.35,0.7,0.4727322578430176,0.020814943313598632
sqrt,5,0.00359381,0.5,10,0.6133333333333333,0.16034684627740925,215,0.5166666666666667,0.7,0.8,0.35,0.7,0.4668148994445801,0.020854997634887695
sqrt,5,0.00359381,0.5,20,0.6600000000000001,0.1600694293805729,29,0.5166666666666667,0.8333333333333333,0.8166666666666667,0.43333333333333335,0.7,0.4693117141723633,0.020635509490966798
sqrt,5,0.00359381,0.5,50,0.55,0.10954451150103321,596,0.43333333333333335,0.65,0.5333333333333333,0.43333333333333335,0.7,0.4748678207397461,0.020949363708496094
sqrt,5,0.00359381,0.7,5,0.5933333333333334,0.17657230184198705,319,0.4166666666666667,0.7,0.8,0.35,0.7,0.4657732486724854,0.020909595489501952
sqrt,5,0.00359381,0.7,10,0.6133333333333333,0.16034684627740925,215,0.5166666666666667,0.7,0.8,0.35,0.7,0.4665983200073242,0.020804452896118163
sqrt,5,0.00359381,0.7,20,0.6600000000000001,0.1600694293805729,29,0.5166666666666667,0.8333333333333333,0.8166666666666667,0.43333333333333335,0.7,0.469801664352417,0.020833492279052734
sqrt,5,0.00359381,0.7,50,0.55,0.10954451150103321,596,0.43333333333333335,0.65,0.5333333333333333,0.43333333333333335,0.7,0.47429800033569336,0.02075471878051758
sqrt,5,0.00359381,0.9,5,0.5933333333333334,0.17657230184198705,319,0.4166666666666667,0.7,0.8,0.35,0.7,0.4655256748199463,0.020827293395996094
sqrt,5,0.00359381,0.9,10,0.6133333333333333,0.16034684627740925,215,0.5166666666666667,0.7,0.8,0.35,0.7,0.4663523197174072,0.02069535255432129
sqrt,5,0.00359381,0.9,20,0.6600000000000001,0.1600694293805729,29,0.5166666666666667,0.8333333333333333,0.8166666666666667,0.43333333333333335,0.7,0.47015810012817383,0.02080841064453125
sqrt,5,0.00359381,0.9,50,0.55,0.10954451150103321,596,0.43333333333333335,0.65,0.5333333333333333,0.43333333333333335,0.7,0.47498669624328616,0.020970535278320313
sqrt,5,0.0129155,0.1,5,0.68,0.12400716825158851,7,0.5333333333333333,0.9,0.6666666666666666,0.6,0.7,0.47740745544433594,0.02087264060974121
sqrt,5,0.0129155,0.1,10,0.64,0.09043106644167026,105,0.5333333333333333,0.8,0.6666666666666666,0.6,0.6000000000000001,0.47885379791259763,0.02086353302001953
sqrt,5,0.0129155,0.1,20,0.64,0.10413666234542206,105,0.6333333333333333,0.8,0.5666666666666667,0.5,0.7,0.48096489906311035,0.020774650573730468
sqrt,5,0.0129155,0.1,50,0.65,0.08819171036881969,83,0.7166666666666667,0.7,0.7333333333333334,0.5,0.6,0.4863548278808594,0.020920372009277342
sqrt,5,0.0129155,0.3,5,0.5933333333333334,0.17657230184198705,319,0.4166666666666667,0.7,0.8,0.35,0.7,0.4657120704650879,0.02085285186767578
sqrt,5,0.0129155,0.3,10,0.6133333333333333,0.16034684627740925,215,0.5166666666666667,0.7,0.8,0.35,0.7,0.4673634052276611,0.02086043357849121
sqrt,5,0.0129155,0.3,20,0.6600000000000001,0.1600694293805729,29,0.5166666666666667,0.8333333333333333,0.8166666666666667,0.43333333333333335,0.7,0.47188100814819334,0.02092466354370117
sqrt,5,0.0129155,0.3,50,0.55,0.10954451150103321,596,0.43333333333333335,0.65,0.5333333333333333,0.43333333333333335,0.7,0.47846179008483886,0.020782327651977538
sqrt,5,0.0129155,0.5,5,0.5933333333333334,0.17657230184198705,319,0.4166666666666667,0.7,0.8,0.35,0.7,0.46555476188659667,0.020812606811523436
sqrt,5,0.0129155,0.5,10,0.6133333333333333,0.16034684627740925,215,0.5166666666666667,0.7,0.8,0.35,0.7,0.4696450710296631,0.020884084701538085
sqrt,5,0.0129155,0.5,20,0.6600000000000001,0.1600694293805729,29,0.5166666666666667,0.8333333333333333,0.8166666666666667,0.43333333333333335,0.7,0.4685188293457031,0.020943403244018555
sqrt,5,0.0129155,0.5,50,0.55,0.10954451150103321,596,0.43333333333333335,0.65,0.5333333333333333,0.43333333333333335,0.7,0.47431535720825196,0.021024131774902345
sqrt,5,0.0129155,0.7,5,0.5933333333333334,0.17657230184198705,319,0.4166666666666667,0.7,0.8,0.35,0.7,0.46549282073974607,0.02084460258483887
sqrt,5,0.0129155,0.7,10,0.6133333333333333,0.16034684627740925,215,0.5166666666666667,0.7,0.8,0.35,0.7,0.46701617240905763,0.020856189727783202
sqrt,5,0.0129155,0.7,20,0.6600000000000001,0.1600694293805729,29,0.5166666666666667,0.8333333333333333,0.8166666666666667,0.43333333333333335,0.7,0.4703183174133301,0.020850515365600585
sqrt,5,0.0129155,0.7,50,0.55,0.10954451150103321,596,0.43333333333333335,0.65,0.5333333333333333,0.43333333333333335,0.7,0.475310230255127,0.02076864242553711
sqrt,5,0.0129155,0.9,5,0.5933333333333334,0.17657230184198705,319,0.4166666666666667,0.7,0.8,0.35,0.7,0.4658366203308105,0.02092609405517578
sqrt,5,0.0129155,0.9,10,0.6133333333333333,0.16034684627740925,215,0.5166666666666667,0.7,0.8,0.35,0.7,0.46645092964172363,0.0208284854888916
sqrt,5,0.0129155,0.9,20,0.6600000000000001,0.1600694293805729,29,0.5166666666666667,0.8333333333333333,0.8166666666666667,0.43333333333333335,0.7,0.46970248222351074,0.020839166641235352
sqrt,5,0.0129155,0.9,50,0.55,0.10954451150103321,596,0.43333333333333335,0.65,0.5333333333333333,0.43333333333333335,0.7,0.47542262077331543,0.02101144790649414
sqrt,5,0.0464159,0.1,5,0.6,0.12427567921538166,292,0.45,0.7333333333333334,0.6666666666666666,0.45,0.7,0.4892604827880859,0.021219825744628905
sqrt,5,0.0464159,0.1,10,0.6133333333333333,0.10402991022884822,215,0.5333333333333333,0.7166666666666667,0.6666666666666666,0.45,0.7,0.4893647193908691,0.020990610122680664
sqrt,5,0.0464159,0.1,20,0.6233333333333333,0.12762793146051096,173,0.5333333333333333,0.7166666666666667,0.75,0.4166666666666667,0.7,0.49205689430236815,0.020827722549438477
sqrt,5,0.0464159,0.1,50,0.6533333333333334,0.1045625809423875,71,0.6333333333333333,0.8,0.7333333333333334,0.5,0.6,0.49766998291015624,0.02101421356201172
sqrt,5,0.0464159,0.3,5,0.6633333333333333,0.08844332774281066,21,0.5333333333333333,0.8,0.6666666666666666,0.6166666666666667,0.7,0.4866907596588135,0.021179914474487305
sqrt,5,0.0464159,0.3,10,0.6633333333333333,0.12310790208412925,21,0.7166666666666667,0.8,0.6666666666666666,0.43333333333333335,0.7,0.48872575759887693,0.020998525619506835
sqrt,5,0.0464159,0.3,20,0.6433333333333333,0.16110727964792765,94,0.7166666666666667,0.8,0.6666666666666666,0.3333333333333333,0.7,0.4929220199584961,0.020787954330444336
sqrt,5,0.0464159,0.3,50,0.65,0.13333333333333336,83,0.8,0.7,0.7333333333333334,0.4166666666666667,0.6,0.49772052764892577,0.021132135391235353
sqrt,5,0.0464159,0.5,5,0.6433333333333333,0.1249888883950178,94,0.8166666666666667,0.7,0.48333333333333334,0.5166666666666667,0.7,0.47792444229125974,0.020661449432373045
sqrt,5,0.0464159,0.5,10,0.6233333333333333,0.12762793146051096,173,0.6166666666666667,0.7,0.5833333333333334,0.4166666666666667,0.8,0.4795373439788818,0.020751762390136718
sqrt,5,0.0464159,0.5,20,0.6900000000000001,0.12229290885229424,2,0.7166666666666667,0.8333333333333333,0.5833333333333334,0.5166666666666667,0.8,0.48421359062194824,0.021192216873168947
sqrt,5,0.0464159,0.5,50,0.6433333333333333,0.08273115763993907,94,0.8,0.65,0.5666666666666667,0.6,0.6,0.48688716888427735,0.021285581588745116
sqrt,5,0.0464159,0.7,5,0.5933333333333334,0.17657230184198705,319,0.4166666666666667,0.7,0.8,0.35,0.7,0.466420316696167,0.020868825912475585
sqrt,5,0.0464159,0.7,10,0.6133333333333333,0.16034684627740925,215,0.5166666666666667,0.7,0.8,0.35,0.7,0.4687495708465576,0.02073559761047363
sqrt,5,0.0464159,0.7,20,0.6600000000000001,0.1600694293805729,29,0.5166666666666667,0.8333333333333333,0.8166666666666667,0.43333333333333335,0.7,0.4703568458557129,0.02092604637145996
sqrt,5,0.0464159,0.7,50,0.55,0.10954451150103321,596,0.43333333333333335,0.65,0.5333333333333333,0.43333333333333335,0.7,0.4752164363861084,0.02099757194519043
sqrt,5,0.0464159,0.9,5,0.5933333333333334,0.17657230184198705,319,0.4166666666666667,0.7,0.8,0.35,0.7,0.4672535419464111,0.02071270942687988
sqrt,5,0.0464159,0.9,10,0.6133333333333333,0.16034684627740925,215,0.5166666666666667,0.7,0.8,0.35,0.7,0.46657304763793944,0.020796442031860353
sqrt,5,0.0464159,0.9,20,0.6600000000000001,0.1600694293805729,29,0.5166666666666667,0.8333333333333333,0.8166666666666667,0.43333333333333335,0.7,0.47060647010803225,0.020722389221191406
sqrt,5,0.0464159,0.9,50,0.55,0.10954451150103321,596,0.43333333333333335,0.65,0.5333333333333333,0.43333333333333335,0.7,0.4748575687408447,0.020690011978149413
sqrt,5,0.16681,0.1,5,0.5266666666666666,0.15151090903151349,716,0.2833333333333333,0.5333333333333333,0.6666666666666666,0.45,0.7,0.5185975551605224,0.02084012031555176
sqrt,5,0.16681,0.1,10,0.57,0.141578403877302,477,0.45,0.8,0.6666666666666666,0.43333333333333335,0.5,0.520047378540039,0.020884895324707033
sqrt,5,0.16681,0.1,20,0.64,0.1147945023848171,105,0.5333333333333333,0.8,0.75,0.5166666666666667,0.6000000000000001,0.5218907833099365,0.02072148323059082
sqrt,5,0.16681,0.1,50,0.6333333333333334,0.11547005383792518,137,0.5333333333333333,0.8,0.7333333333333334,0.5,0.6,0.5260508060455322,0.020894956588745118
sqrt,5,0.16681,0.3,5,0.6166666666666666,0.107496769977314,209,0.5333333333333333,0.7333333333333334,0.6666666666666666,0.45,0.7,0.5222184658050537,0.02074441909790039
sqrt,5,0.16681,0.3,10,0.5700000000000001,0.14391355429948605,471,0.5333333333333333,0.8,0.5666666666666667,0.35,0.6,0.5243033409118653,0.020795631408691406
sqrt,5,0.16681,0.3,20,0.6033333333333333,0.14734690736866896,281,0.45,0.8,0.65,0.4166666666666667,0.7,0.5263915061950684,0.020923280715942384
sqrt,5,0.16681,0.3,50,0.6366666666666667,0.09683892697555968,118,0.6333333333333333,0.8,0.65,0.5,0.6,0.5315455913543701,0.02093977928161621
sqrt,5,0.16681,0.5,5,0.6300000000000001,0.09626352718795766,148,0.6166666666666667,0.7166666666666667,0.6666666666666666,0.45,0.7,0.5231327533721923,0.020848751068115234
sqrt,5,0.16681,0.5,10,0.6266666666666667,0.17688665548562135,155,0.5333333333333333,0.8,0.6666666666666666,0.3333333333333333,0.8,0.5252334594726562,0.020857524871826173
sqrt,5,0.16681,0.5,20,0.6,0.08366600265340754,292,0.5166666666666667,0.7166666666666667,0.6666666666666666,0.5,0.6,0.5271493911743164,0.021028423309326173
sqrt,5,0.16681,0.5,50,0.6533333333333334,0.1082178872049862,71,0.6166666666666667,0.8,0.75,0.5,0.6,0.5313019752502441,0.020972299575805663
sqrt,5,0.16681,0.7,5,0.6599999999999999,0.1455258663529538,61,0.55,0.8333333333333333,0.6666666666666666,0.45,0.8,0.5189949035644531,0.02092432975769043
sqrt,5,0.16681,0.7,10,0.6466666666666667,0.14544949486180953,89,0.5333333333333333,0.8,0.6666666666666666,0.43333333333333335,0.8,0.5196678638458252,0.02073211669921875
sqrt,5,0.16681,0.7,20,0.6433333333333333,0.12092238098144703,94,0.6166666666666667,0.8,0.6666666666666666,0.43333333333333335,0.7,0.5223602771759033,0.020848941802978516
sqrt,5,0.16681,0.7,50,0.65,0.13333333333333336,83,0.7,0.8,0.7333333333333334,0.4166666666666667,0.6,0.5277119636535644,0.020757627487182618
sqrt,5,0.16681,0.9,5,0.5599999999999999,0.09921917377424809,510,0.45,0.6333333333333333,0.5666666666666667,0.45,0.7,0.5142636299133301,0.020865440368652344
sqrt,5,0.16681,0.9,10,0.6466666666666667,0.14544949486180953,89,0.5333333333333333,0.8,0.6666666666666666,0.43333333333333335,0.8,0.5159119606018067,0.02091522216796875
sqrt,5,0.16681,0.9,20,0.6633333333333333,0.12310790208412926,21,0.5166666666666667,0.8,0.6666666666666666,0.5333333333333333,0.8,0.5180264949798584,0.020853042602539062
sqrt,5,0.16681,0.9,50,0.6733333333333333,0.054365021434333645,12,0.7166666666666667,0.7,0.7333333333333334,0.6166666666666667,0.6,0.523038911819458,0.020969724655151366
sqrt,5,0.599484,0.1,5,0.5633333333333334,0.0805536398239638,493,0.5666666666666667,0.6333333333333333,0.6666666666666666,0.45,0.5,0.5907145500183105,0.020909595489501952
sqrt,5,0.599484,0.1,10,0.4966666666666667,0.2217105219775452,776,0.18333333333333335,0.8,0.6666666666666666,0.3333333333333333,0.5,0.5900723934173584,0.02077350616455078
sqrt,5,0.599484,0.1,20,0.5733333333333334,0.13190905958272922,442,0.45,0.8,0.5833333333333334,0.43333333333333335,0.6,0.5914132118225097,0.020748138427734375
sqrt,5,0.599484,0.1,50,0.5766666666666667,0.12454361128179603,423,0.43333333333333335,0.8,0.55,0.5,0.6,0.5962941169738769,0.02082366943359375
sqrt,5,0.599484,0.3,5,0.5433333333333333,0.13106402167558331,626,0.35,0.55,0.6666666666666666,0.45,0.7,0.6098689556121826,0.02100200653076172
sqrt,5,0.599484,0.3,10,0.6299999999999999,0.16138291249213607,153,0.45,0.8,0.6666666666666666,0.43333333333333335,0.8,0.6113544464111328,0.020924806594848633
sqrt,5,0.599484,0.3,20,0.6266666666666666,0.16519348924485158,166,0.43333333333333335,0.8,0.6666666666666666,0.43333333333333335,0.8,0.6270788192749024,0.02096419334411621
sqrt,5,0.599484,0.3,50,0.58,0.07557189365836423,411,0.5333333333333333,0.7166666666666667,0.55,0.5,0.6,0.6194239616394043,0.020966482162475587
sqrt,5,0.599484,0.5,5,0.5800000000000001,0.151803967156476,406,0.35,0.7333333333333334,0.6666666666666666,0.45,0.7,0.6229785919189453,0.020899629592895506
sqrt,5,0.599484,0.5,10,0.5566666666666666,0.13148721948877348,548,0.5333333333333333,0.45,0.5666666666666667,0.43333333333333335,0.8,0.6236107349395752,0.020767354965209962
sqrt,5,0.599484,0.5,20,0.61,0.10677078252031309,252,0.45,0.7166666666666667,0.6666666666666666,0.5166666666666667,0.7,0.6271049022674561,0.02114071846008301
sqrt,5,0.599484,0.5,50,0.67,0.10666666666666669,17,0.7166666666666667,0.8,0.7333333333333334,0.5,0.6,0.6294681549072265,0.0209075927734375
sqrt,5,0.599484,0.7,5,0.5800000000000001,0.151803967156476,406,0.35,0.7333333333333334,0.6666666666666666,0.45,0.7,0.6436391353607178,0.020890092849731444
sqrt,5,0.599484,0.7,10,0.61,0.13148721948877348,252,0.5333333333333333,0.7166666666666667,0.5666666666666667,0.43333333333333335,0.8,0.6453886508941651,0.020894622802734374
sqrt,5,0.599484,0.7,20,0.6433333333333333,0.09521904571390467,94,0.5333333333333333,0.8,0.5833333333333334,0.6,0.7,0.6472280502319336,0.02093672752380371
sqrt,5,0.599484,0.7,50,0.6166666666666667,0.13333333333333336,199,0.45,0.8,0.7333333333333334,0.5,0.6,0.6521719932556153,0.020926952362060547
sqrt,5,0.599484,0.9,5,0.5466666666666667,0.12710450643291746,620,0.3666666666666667,0.7333333333333334,0.5833333333333334,0.45,0.6000000000000001,0.6489546298980713,0.020825815200805665
sqrt,5,0.599484,0.9,10,0.6633333333333333,0.11469767022723504,21,0.5333333333333333,0.8,0.5666666666666667,0.6166666666666667,0.8,0.6518868923187255,0.020870065689086913
sqrt,5,0.599484,0.9,20,0.7,0.10488088481701516,1,0.7166666666666667,0.8,0.6666666666666666,0.5166666666666667,0.8,0.651648473739624,0.020854711532592773
sqrt,5,0.599484,0.9,50,0.6733333333333333,0.07195677714974302,12,0.6166666666666667,0.8,0.65,0.7,0.6,0.6547086238861084,0.02087535858154297
sqrt,5,2.15443,0.1,5,0.5966666666666667,0.11421227799341208,313,0.5666666666666667,0.8166666666666667,0.5833333333333334,0.5166666666666667,0.5,0.7136710166931153,0.020896482467651366
sqrt,5,2.15443,0.1,10,0.5,0.1728840330651992,764,0.2833333333333333,0.7166666666666667,0.6666666666666666,0.3333333333333333,0.5,0.7178215026855469,0.02097921371459961
sqrt,5,2.15443,0.1,20,0.5900000000000001,0.13106402167558334,364,0.45,0.7166666666666667,0.75,0.43333333333333335,0.6,0.7208924293518066,0.020787811279296874
sqrt,5,2.15443,0.1,50,0.6333333333333334,0.10954451150103323,137,0.5333333333333333,0.8,0.6333333333333333,0.5,0.7,0.7224978446960449,0.020920753479003906
sqrt,5,2.15443,0.3,5,0.4833333333333333,0.10274023338281628,795,0.2833333333333333,0.55,0.5666666666666667,0.5166666666666667,0.5,0.78462815284729,0.02089996337890625
sqrt,5,2.15443,0.3,10,0.5133333333333334,0.19955506062794354,736,0.26666666666666666,0.8,0.6666666666666666,0.3333333333333333,0.5,0.7883072853088379,0.02049403190612793
sqrt,5,2.15443,0.3,20,0.5333333333333334,0.15599145275730122,677,0.45,0.8,0.5833333333333334,0.3333333333333333,0.5,0.7901926517486573,0.020858335494995116
sqrt,5,2.15443,0.3,50,0.6,0.09006170724070862,292,0.5333333333333333,0.7166666666666667,0.55,0.5,0.7,0.7942420482635498,0.021036481857299803
sqrt,5,2.15443,0.5,5,0.5033333333333333,0.0915302014516399,760,0.35,0.55,0.5666666666666667,0.45,0.6000000000000001,0.8270830631256103,0.02094855308532715
sqrt,5,2.15443,0.5,10,0.5933333333333334,0.18755739862180268,319,0.26666666666666666,0.7166666666666667,0.6666666666666666,0.5166666666666667,0.8,0.8283902645111084,0.02081890106201172
sqrt,5,2.15443,0.5,20,0.6033333333333333,0.1284090685617215,281,0.5333333333333333,0.8,0.6666666666666666,0.4166666666666667,0.6000000000000001,0.8298924922943115,0.02093396186828613
sqrt,5,2.15443,0.5,50,0.64,0.11035296904831232,105,0.5333333333333333,0.8,0.6666666666666666,0.5,0.7,0.8359877586364746,0.020810365676879883
sqrt,5,2.15443,0.7,5,0.6333333333333334,0.14337208778404378,137,0.35,0.7333333333333334,0.6666666666666666,0.7166666666666667,0.7,0.8340991497039795,0.020830392837524414
sqrt,5,2.15443,0.7,10,0.5433333333333333,0.18123036292090916,626,0.26666666666666666,0.6333333333333333,0.5833333333333334,0.43333333333333335,0.8,0.8340950965881347,0.020768213272094726
sqrt,5,2.15443,0.7,20,0.61,0.14628738838327793,252,0.3666666666666667,0.7166666666666667,0.75,0.5166666666666667,0.7,0.835697603225708,0.020881128311157227
sqrt,5,2.15443,0.7,50,0.6566666666666666,0.09865765724632494,66,0.6166666666666667,0.8,0.6666666666666666,0.5,0.7,0.8406534194946289,0.02091522216796875
sqrt,5,2.15443,0.9,5,0.6333333333333334,0.14337208778404378,137,0.35,0.7333333333333334,0.6666666666666666,0.7166666666666667,0.7,0.8853278160095215,0.020778846740722657
sqrt,5,2.15443,0.9,10,0.5199999999999999,0.15684387141358122,729,0.26666666666666666,0.45,0.6666666666666666,0.5166666666666667,0.7,0.8885910987854004,0.020641374588012695
sqrt,5,2.15443,0.9,20,0.6599999999999999,0.12409673645990857,61,0.45,0.8,0.75,0.6,0.7,0.8893529415130615,0.020683717727661134
sqrt,5,2.15443,0.9,50,0.6533333333333333,0.09854496999396321,77,0.6166666666666667,0.8,0.65,0.5,0.7,0.8994950294494629,0.020985889434814452
sqrt,5,7.74264,0.1,5,0.6499999999999999,0.15491933384829668,87,0.5666666666666667,0.8166666666666667,0.6666666666666666,0.8,0.4,0.7631586074829102,0.020813560485839842
sqrt,5,7.74264,0.1,10,0.5,0.13498971154211056,764,0.3666666666666667,0.6333333333333333,0.6666666666666666,0.3333333333333333,0.5,0.7692158699035645,0.020907878875732422
sqrt,5,7.74264,0.1,20,0.6233333333333333,0.1335830993967592,173,0.45,0.8,0.75,0.5166666666666667,0.6,0.7824256420135498,0.020936250686645508
sqrt,5,7.74264,0.1,50,0.6199999999999999,0.08781293248212993,190,0.5333333333333333,0.7166666666666667,0.65,0.5,0.7,0.7725900650024414,0.020710086822509764
sqrt,5,7.74264,0.3,5,0.5733333333333334,0.0992191737742481,442,0.4666666666666667,0.7166666666666667,0.6666666666666666,0.5166666666666667,0.5,0.9605915069580078,0.02080216407775879
sqrt,5,7.74264,0.3,10,0.5233333333333333,0.15549205052920803,721,0.3833333333333333,0.7333333333333334,0.6666666666666666,0.3333333333333333,0.5,0.9635222911834717,0.020894193649291994
sqrt,5,7.74264,0.3,20,0.5466666666666666,0.17074997966487596,621,0.5333333333333333,0.8,0.6666666666666666,0.3333333333333333,0.4,0.9639473915100097,0.020891618728637696
sqrt,5,7.74264,0.3,50,0.6366666666666667,0.10974718422102886,118,0.5333333333333333,0.8,0.65,0.5,0.7,0.9687602043151855,0.020820236206054686
sqrt,5,7.74264,0.5,5,0.5033333333333333,0.12445436468396313,760,0.2833333333333333,0.55,0.6666666666666666,0.5166666666666667,0.5,1.0498578548431396,0.020770740509033204
sqrt,5,7.74264,0.5,10,0.5,0.1813529401164726,764,0.26666666666666666,0.7333333333333334,0.6666666666666666,0.3333333333333333,0.5,1.0512805461883545,0.020815420150756835
sqrt,5,7.74264,0.5,20,0.5700000000000001,0.1634353422950835,471,0.45,0.8,0.6666666666666666,0.3333333333333333,0.6,1.0531095504760741,0.020730018615722656
sqrt,5,7.74264,0.5,50,0.6,0.09006170724070862,292,0.5333333333333333,0.7166666666666667,0.55,0.5,0.7,1.0565172672271728,0.020797920227050782
sqrt,5,7.74264,0.7,5,0.5566666666666666,0.05830951894845299,548,0.55,0.55,0.6666666666666666,0.5166666666666667,0.5,1.1193335056304932,0.020922422409057617
sqrt,5,7.74264,0.7,10,0.4966666666666667,0.1771377367411523,776,0.26666666666666666,0.7166666666666667,0.6666666666666666,0.3333333333333333,0.5,1.1226733684539796,0.02087864875793457
sqrt,5,7.74264,0.7,20,0.5900000000000001,0.1436043948569201,364,0.5333333333333333,0.7166666666666667,0.6666666666666666,0.3333333333333333,0.7,1.1245129108428955,0.020769929885864256
sqrt,5,7.74264,0.7,50,0.6199999999999999,0.13432961119739922,190,0.43333333333333335,0.8,0.6666666666666666,0.5,0.7,1.1280608654022217,0.02087125778198242
sqrt,5,7.74264,0.9,5,0.54,0.07644896627453143,667,0.45,0.6333333333333333,0.5666666666666667,0.45,0.6000000000000001,1.2059341430664063,0.02100796699523926
sqrt,5,7.74264,0.9,10,0.5966666666666667,0.1674647558277396,313,0.3666666666666667,0.7166666666666667,0.6666666666666666,0.43333333333333335,0.8,1.209371566772461,0.020862531661987305
sqrt,5,7.74264,0.9,20,0.5900000000000001,0.13564659966250533,364,0.3666666666666667,0.7166666666666667,0.6666666666666666,0.5,0.7,1.207234764099121,0.020836639404296874
sqrt,5,7.74264,0.9,50,0.6066666666666667,0.1088321847820967,270,0.6333333333333333,0.7166666666666667,0.5666666666666667,0.4166666666666667,0.7,1.2134846687316894,0.02089037895202637
sqrt,5,27.8256,0.1,5,0.5533333333333333,0.1499629583893599,562,0.5666666666666667,0.7333333333333334,0.6666666666666666,0.5,0.3,0.7543405055999756,0.020915746688842773
sqrt,5,27.8256,0.1,10,0.4966666666666667,0.2459448899426229,776,0.2833333333333333,0.9,0.6666666666666666,0.3333333333333333,0.3,0.7519191265106201,0.021770191192626954
sqrt,5,27.8256,0.1,20,0.55,0.1773258143769385,596,0.35,0.7166666666666667,0.75,0.3333333333333333,0.6,0.7535274028778076,0.02069087028503418
sqrt,5,27.8256,0.1,50,0.6199999999999999,0.08781293248212993,190,0.5333333333333333,0.7166666666666667,0.65,0.5,0.7,0.7538791179656983,0.02091207504272461
sqrt,5,27.8256,0.3,5,0.6499999999999999,0.15491933384829668,87,0.5666666666666667,0.8166666666666667,0.6666666666666666,0.8,0.4,0.8899754047393799,0.020589351654052734
sqrt,5,27.8256,0.3,10,0.47999999999999987,0.1586050300449376,798,0.26666666666666666,0.6333333333333333,0.6666666666666666,0.3333333333333333,0.5,0.8895282745361328,0.020955419540405272
sqrt,5,27.8256,0.3,20,0.6066666666666667,0.12138094304022083,270,0.45,0.8,0.6666666666666666,0.5166666666666667,0.6,0.8901633262634278,0.020719099044799804
sqrt,5,27.8256,0.3,50,0.6366666666666667,0.10974718422102886,118,0.5333333333333333,0.8,0.65,0.5,0.7,0.8939520359039307,0.02098369598388672
sqrt,5,27.8256,0.5,5,0.6133333333333334,0.15107025591499545,210,0.4666666666666667,0.9,0.5833333333333334,0.5166666666666667,0.6000000000000001,1.102205753326416,0.021203136444091795
sqrt,5,27.8256,0.5,10,0.4833333333333333,0.1577621275493231,795,0.3666666666666667,0.6333333333333333,0.6666666666666666,0.25,0.5,1.1014253616333007,0.020882844924926758
sqrt,5,27.8256,0.5,20,0.62,0.09854496999396321,182,0.5333333333333333,0.7166666666666667,0.75,0.6,0.5,1.101353073120117,0.020807266235351562
sqrt,5,27.8256,0.5,50,0.6166666666666667,0.10540925533894599,199,0.5333333333333333,0.8,0.65,0.5,0.6,1.1047540187835694,0.020821285247802735
sqrt,5,27.8256,0.7,5,0.5566666666666666,0.08856886837057616,548,0.4666666666666667,0.7166666666666667,0.5833333333333334,0.5166666666666667,0.5,1.2029152393341065,0.020785808563232422
sqrt,5,27.8256,0.7,10,0.4833333333333334,0.20439612955674524,792,0.18333333333333335,0.7333333333333334,0.6666666666666666,0.3333333333333333,0.5,1.2068678379058837,0.020951223373413087
sqrt,5,27.8256,0.7,20,0.57,0.10561986345169906,477,0.5333333333333333,0.7166666666666667,0.6666666666666666,0.43333333333333335,0.5,1.2078513622283935,0.020960378646850585
sqrt,5,27.8256,0.7,50,0.6366666666666667,0.10974718422102886,118,0.5333333333333333,0.8,0.65,0.5,0.7,1.2176858901977539,0.02106623649597168
sqrt,5,27.8256,0.9,5,0.5399999999999999,0.10143416036468626,668,0.3833333333333333,0.6333333333333333,0.6666666666666666,0.5166666666666667,0.5,1.262173843383789,0.021103811264038087
sqrt,5,27.8256,0.9,10,0.5,0.1946506842754191,764,0.18333333333333335,0.7333333333333334,0.6666666666666666,0.4166666666666667,0.5,1.2638768196105956,0.02082376480102539
sqrt,5,27.8256,0.9,20,0.5700000000000001,0.1355646627177517,471,0.45,0.7166666666666667,0.75,0.43333333333333335,0.5,1.2716057300567627,0.02078585624694824
sqrt,5,27.8256,0.9,50,0.6366666666666667,0.10974718422102886,118,0.5333333333333333,0.8,0.65,0.5,0.7,1.2652997970581055,0.022040891647338866
sqrt,5,100.0,0.1,5,0.5533333333333333,0.1499629583893599,562,0.5666666666666667,0.7333333333333334,0.6666666666666666,0.5,0.3,0.8000082969665527,0.020936298370361327
sqrt,5,100.0,0.1,10,0.4966666666666667,0.2459448899426229,776,0.2833333333333333,0.9,0.6666666666666666,0.3333333333333333,0.3,0.7971523761749267,0.02100820541381836
sqrt,5,100.0,0.1,20,0.5700000000000001,0.15613384571507158,471,0.35,0.7166666666666667,0.75,0.43333333333333335,0.6,0.7993478775024414,0.02103886604309082
sqrt,5,100.0,0.1,50,0.6366666666666667,0.10974718422102886,118,0.5333333333333333,0.8,0.65,0.5,0.7,0.802394962310791,0.02071681022644043
sqrt,5,100.0,0.3,5,0.5533333333333333,0.1499629583893599,562,0.5666666666666667,0.7333333333333334,0.6666666666666666,0.5,0.3,0.8074211597442627,0.02086806297302246
sqrt,5,100.0,0.3,10,0.4966666666666667,0.2459448899426229,776,0.2833333333333333,0.9,0.6666666666666666,0.3333333333333333,0.3,0.8106261253356933,0.020911407470703126
sqrt,5,100.0,0.3,20,0.5700000000000001,0.15613384571507158,471,0.35,0.7166666666666667,0.75,0.43333333333333335,0.6,0.8162386417388916,0.020981979370117188
sqrt,5,100.0,0.3,50,0.6366666666666667,0.10666666666666666,118,0.6333333333333333,0.8,0.55,0.5,0.7,0.8157927036285401,0.02078843116760254
sqrt,5,100.0,0.5,5,0.5533333333333333,0.1499629583893599,562,0.5666666666666667,0.7333333333333334,0.6666666666666666,0.5,0.3,0.8316096782684326,0.02111473083496094
sqrt,5,100.0,0.5,10,0.5133333333333334,0.236267268622258,736,0.26666666666666666,0.9,0.6666666666666666,0.3333333333333333,0.4,0.8303094387054444,0.02077794075012207
sqrt,5,100.0,0.5,20,0.6033333333333334,0.15362291495737218,279,0.43333333333333335,0.8,0.75,0.43333333333333335,0.6,0.8324172973632813,0.020906400680541993
sqrt,5,100.0,0.5,50,0.5833333333333334,0.10697871023920807,391,0.45,0.7166666666666667,0.55,0.5,0.7,0.8359535217285157,0.020919227600097658
sqrt,5,100.0,0.7,5,0.5733333333333334,0.11813363431112901,442,0.5666666666666667,0.7333333333333334,0.6666666666666666,0.5,0.4,0.8761936664581299,0.020797252655029297
sqrt,5,100.0,0.7,10,0.5333333333333334,0.22997584414213787,677,0.26666666666666666,0.9,0.6666666666666666,0.3333333333333333,0.5,0.8780291080474854,0.0209747314453125
sqrt,5,100.0,0.7,20,0.6033333333333334,0.15362291495737218,279,0.43333333333333335,0.8,0.75,0.43333333333333335,0.6,0.8819900989532471,0.021047639846801757
sqrt,5,100.0,0.7,50,0.6,0.09006170724070862,292,0.5333333333333333,0.7166666666666667,0.55,0.5,0.7,0.8842582702636719,0.02100977897644043
sqrt,5,100.0,0.9,5,0.6333333333333333,0.13984117975602023,146,0.5666666666666667,0.7333333333333334,0.6666666666666666,0.8,0.4,0.9394859313964844,0.02095489501953125
sqrt,5,100.0,0.9,10,0.4966666666666667,0.13840359661351131,776,0.35,0.6333333333333333,0.6666666666666666,0.3333333333333333,0.5,0.9400923728942872,0.0209047794342041
sqrt,5,100.0,0.9,20,0.6233333333333333,0.1335830993967592,173,0.45,0.8,0.75,0.5166666666666667,0.6,0.9370167255401611,0.02083306312561035
sqrt,5,100.0,0.9,50,0.6366666666666667,0.10974718422102886,118,0.5333333333333333,0.8,0.65,0.5,0.7,0.9406896114349366,0.020986652374267577
0.3,1,0.001,0.1,5,0.5433333333333333,0.14666666666666667,626,0.6,0.55,0.6,0.26666666666666666,0.7,0.47315077781677245,0.021083831787109375
0.3,1,0.001,0.1,10,0.5566666666666668,0.10413666234542206,514,0.6,0.6333333333333333,0.6,0.35,0.6,0.4791690826416016,0.021229124069213866
0.3,1,0.001,0.1,20,0.5733333333333334,0.2225109235770485,442,0.43333333333333335,0.7333333333333334,0.5333333333333333,0.26666666666666666,0.9,0.49024457931518556,0.020970916748046874
0.3,1,0.001,0.1,50,0.53,0.08326663997864532,683,0.43333333333333335,0.55,0.6333333333333333,0.43333333333333335,0.6000000000000001,0.5088457107543946,0.021218633651733397
0.3,1,0.001,0.3,5,0.5433333333333333,0.14666666666666667,626,0.6,0.55,0.6,0.26666666666666666,0.7,0.47409539222717284,0.020934867858886718
0.3,1,0.001,0.3,10,0.5566666666666668,0.10413666234542206,514,0.6,0.6333333333333333,0.6,0.35,0.6,0.4786688327789307,0.02111539840698242
0.3,1,0.001,0.3,20,0.5733333333333334,0.2225109235770485,442,0.43333333333333335,0.7333333333333334,0.5333333333333333,0.26666666666666666,0.9,0.49050288200378417,0.02124190330505371
0.3,1,0.001,0.3,50,0.53,0.08326663997864532,683,0.43333333333333335,0.55,0.6333333333333333,0.43333333333333335,0.6000000000000001,0.508979320526123,0.020935773849487305
0.3,1,0.001,0.5,5,0.5433333333333333,0.14666666666666667,626,0.6,0.55,0.6,0.26666666666666666,0.7,0.47351689338684083,0.0209197998046875
0.3,1,0.001,0.5,10,0.5566666666666668,0.10413666234542206,514,0.6,0.6333333333333333,0.6,0.35,0.6,0.4789091110229492,0.02124300003051758
0.3,1,0.001,0.5,20,0.5733333333333334,0.2225109235770485,442,0.43333333333333335,0.7333333333333334,0.5333333333333333,0.26666666666666666,0.9,0.4907789707183838,0.021364450454711914
0.3,1,0.001,0.5,50,0.53,0.08326663997864532,683,0.43333333333333335,0.55,0.6333333333333333,0.43333333333333335,0.6000000000000001,0.5085663318634033,0.021118879318237305
0.3,1,0.001,0.7,5,0.5433333333333333,0.14666666666666667,626,0.6,0.55,0.6,0.26666666666666666,0.7,0.4731301784515381,0.02124018669128418
0.3,1,0.001,0.7,10,0.5566666666666668,0.10413666234542206,514,0.6,0.6333333333333333,0.6,0.35,0.6,0.48093352317810056,0.021016502380371095
0.3,1,0.001,0.7,20,0.5733333333333334,0.2225109235770485,442,0.43333333333333335,0.7333333333333334,0.5333333333333333,0.26666666666666666,0.9,0.49224390983581545,0.02106056213378906
0.3,1,0.001,0.7,50,0.53,0.08326663997864532,683,0.43333333333333335,0.55,0.6333333333333333,0.43333333333333335,0.6000000000000001,0.5089402675628663,0.021162891387939455
0.3,1,0.001,0.9,5,0.5433333333333333,0.14666666666666667,626,0.6,0.55,0.6,0.26666666666666666,0.7,0.4736616134643555,0.021057891845703124
0.3,1,0.001,0.9,10,0.5566666666666668,0.10413666234542206,514,0.6,0.6333333333333333,0.6,0.35,0.6,0.47925806045532227,0.021146297454833984
0.3,1,0.001,0.9,20,0.5733333333333334,0.2225109235770485,442,0.43333333333333335,0.7333333333333334,0.5333333333333333,0.26666666666666666,0.9,0.49206881523132323,0.021065950393676758
0.3,1,0.001,0.9,50,0.53,0.08326663997864532,683,0.43333333333333335,0.55,0.6333333333333333,0.43333333333333335,0.6000000000000001,0.5075376510620118,0.021092700958251952
0.3,1,0.00359381,0.1,5,0.5433333333333333,0.14666666666666667,626,0.6,0.55,0.6,0.26666666666666666,0.7,0.4753774642944336,0.02102799415588379
0.3,1,0.00359381,0.1,10,0.5566666666666668,0.10413666234542206,514,0.6,0.6333333333333333,0.6,0.35,0.6,0.4786954402923584,0.02119894027709961
0.3,1,0.00359381,0.1,20,0.5733333333333334,0.2225109235770485,442,0.43333333333333335,0.7333333333333334,0.5333333333333333,0.26666666666666666,0.9,0.49032201766967776,0.021309375762939453
0.3,1,0.00359381,0.1,50,0.53,0.08326663997864532,683,0.43333333333333335,0.55,0.6333333333333333,0.43333333333333335,0.6000000000000001,0.5081034660339355,0.021042251586914064
0.3,1,0.00359381,0.3,5,0.5433333333333333,0.14666666666666667,626,0.6,0.55,0.6,0.26666666666666666,0.7,0.47396059036254884,0.021041059494018556
0.3,1,0.00359381,0.3,10,0.5566666666666668,0.10413666234542206,514,0.6,0.6333333333333333,0.6,0.35,0.6,0.48038015365600584,0.02104525566101074
0.3,1,0.00359381,0.3,20,0.5733333333333334,0.2225109235770485,442,0.43333333333333335,0.7333333333333334,0.5333333333333333,0.26666666666666666,0.9,0.49243969917297364,0.02160358428955078
0.3,1,0.00359381,0.3,50,0.53,0.08326663997864532,683,0.43333333333333335,0.55,0.6333333333333333,0.43333333333333335,0.6000000000000001,0.5078988552093506,0.021039867401123048
0.3,1,0.00359381,0.5,5,0.5433333333333333,0.14666666666666667,626,0.6,0.55,0.6,0.26666666666666666,0.7,0.4734621047973633,0.021135807037353516
0.3,1,0.00359381,0.5,10,0.5566666666666668,0.10413666234542206,514,0.6,0.6333333333333333,0.6,0.35,0.6,0.4793537139892578,0.020882177352905273
0.3,1,0.00359381,0.5,20,0.5733333333333334,0.2225109235770485,442,0.43333333333333335,0.7333333333333334,0.5333333333333333,0.26666666666666666,0.9,0.4915125846862793,0.020991992950439454
0.3,1,0.00359381,0.5,50,0.53,0.08326663997864532,683,0.43333333333333335,0.55,0.6333333333333333,0.43333333333333335,0.6000000000000001,0.5088170528411865,0.020960140228271484
0.3,1,0.00359381,0.7,5,0.5433333333333333,0.14666666666666667,626,0.6,0.55,0.6,0.26666666666666666,0.7,0.47328953742980956,0.020877599716186523
0.3,1,0.00359381,0.7,10,0.5566666666666668,0.10413666234542206,514,0.6,0.6333333333333333,0.6,0.35,0.6,0.4810361385345459,0.021344804763793947
0.3,1,0.00359381,0.7,20,0.5733333333333334,0.2225109235770485,442,0.43333333333333335,0.7333333333333334,0.5333333333333333,0.26666666666666666,0.9,0.48967294692993163,0.021422815322875977
0.3,1,0.00359381,0.7,50,0.53,0.08326663997864532,683,0.43333333333333335,0.55,0.6333333333333333,0.43333333333333335,0.6000000000000001,0.5081287384033203,0.020891857147216798
0.3,1,0.00359381,0.9,5,0.5433333333333333,0.14666666666666667,626,0.6,0.55,0.6,0.26666666666666666,0.7,0.4729574680328369,0.02112722396850586
0.3,1,0.00359381,0.9,10,0.5566666666666668,0.10413666234542206,514,0.6,0.6333333333333333,0.6,0.35,0.6,0.479649019241333,0.021088933944702147
0.3,1,0.00359381,0.9,20,0.5733333333333334,0.2225109235770485,442,0.43333333333333335,0.7333333333333334,0.5333333333333333,0.26666666666666666,0.9,0.49190988540649416,0.020965051651000977
0.3,1,0.00359381,0.9,50,0.53,0.08326663997864532,683,0.43333333333333335,0.55,0.6333333333333333,0.43333333333333335,0.6000000000000001,0.5078944206237793,0.020972537994384765
0.3,1,0.0129155,0.1,5,0.6866666666666668,0.15398412616601462,6,0.55,0.9,0.48333333333333334,0.8,0.7,0.4852263927459717,0.020867347717285156
0.3,1,0.0129155,0.1,10,0.68,0.06863753427324669,7,0.6333333333333333,0.7,0.6666666666666666,0.6,0.8,0.489104700088501,0.021003866195678712
0.3,1,0.0129155,0.1,20,0.5866666666666667,0.10509255180289628,377,0.45,0.7,0.48333333333333334,0.6,0.7,0.4962069034576416,0.02097487449645996
0.3,1,0.0129155,0.1,50,0.6033333333333333,0.06531972647421806,281,0.6333333333333333,0.6,0.5833333333333334,0.5,0.7,0.5154335021972656,0.021198844909667967
0.3,1,0.0129155,0.3,5,0.5433333333333333,0.14666666666666667,626,0.6,0.55,0.6,0.26666666666666666,0.7,0.475651216506958,0.021090221405029298
0.3,1,0.0129155,0.3,10,0.5566666666666668,0.10413666234542206,514,0.6,0.6333333333333333,0.6,0.35,0.6,0.4799081802368164,0.021230459213256836
0.3,1,0.0129155,0.3,20,0.5733333333333334,0.2225109235770485,442,0.43333333333333335,0.7333333333333334,0.5333333333333333,0.26666666666666666,0.9,0.4998863697052002,0.02117433547973633
0.3,1,0.0129155,0.3,50,0.53,0.08326663997864532,683,0.43333333333333335,0.55,0.6333333333333333,0.43333333333333335,0.6000000000000001,0.513295316696167,0.02112922668457031
0.3,1,0.0129155,0.5,5,0.5433333333333333,0.14666666666666667,626,0.6,0.55,0.6,0.26666666666666666,0.7,0.4750547409057617,0.021124505996704103
0.3,1,0.0129155,0.5,10,0.5566666666666668,0.10413666234542206,514,0.6,0.6333333333333333,0.6,0.35,0.6,0.48551173210144044,0.02160954475402832
0.3,1,0.0129155,0.5,20,0.5733333333333334,0.2225109235770485,442,0.43333333333333335,0.7333333333333334,0.5333333333333333,0.26666666666666666,0.9,0.4949700355529785,0.021357393264770506
0.3,1,0.0129155,0.5,50,0.53,0.08326663997864532,683,0.43333333333333335,0.55,0.6333333333333333,0.43333333333333335,0.6000000000000001,0.5092743873596192,0.020933008193969725
0.3,1,0.0129155,0.7,5,0.5433333333333333,0.14666666666666667,626,0.6,0.55,0.6,0.26666666666666666,0.7,0.47466130256652833,0.02109074592590332
0.3,1,0.0129155,0.7,10,0.5566666666666668,0.10413666234542206,514,0.6,0.6333333333333333,0.6,0.35,0.6,0.47983851432800295,0.021201372146606445
0.3,1,0.0129155,0.7,20,0.5733333333333334,0.2225109235770485,442,0.43333333333333335,0.7333333333333334,0.5333333333333333,0.26666666666666666,0.9,0.4934705257415771,0.02096104621887207
0.3,1,0.0129155,0.7,50,0.53,0.08326663997864532,683,0.43333333333333335,0.55,0.6333333333333333,0.43333333333333335,0.6000000000000001,0.5074759006500245,0.021159029006958006
0.3,1,0.0129155,0.9,5,0.5433333333333333,0.14666666666666667,626,0.6,0.55,0.6,0.26666666666666666,0.7,0.4733603477478027,0.02101583480834961
0.3,1,0.0129155,0.9,10,0.5566666666666668,0.10413666234542206,514,0.6,0.6333333333333333,0.6,0.35,0.6,0.4793510913848877,0.021122169494628907
0.3,1,0.0129155,0.9,20,0.5733333333333334,0.2225109235770485,442,0.43333333333333335,0.7333333333333334,0.5333333333333333,0.26666666666666666,0.9,0.49151291847229006,0.021332311630249023
0.3,1,0.0129155,0.9,50,0.53,0.08326663997864532,683,0.43333333333333335,0.55,0.6333333333333333,0.43333333333333335,0.6000000000000001,0.5075698375701905,0.021038389205932616
0.3,1,0.0464159,0.1,5,0.6166666666666668,0.08498365855987973,198,0.55,0.5166666666666667,0.5833333333333334,0.7333333333333334,0.7,0.493897819519043,0.021000051498413087
0.3,1,0.0464159,0.1,10,0.5900000000000001,0.12183777921664707,364,0.45,0.7,0.6666666666666666,0.43333333333333335,0.7,0.49869585037231445,0.02104525566101074
0.3,1,0.0464159,0.1,20,0.5833333333333333,0.12292725943057183,395,0.35,0.7,0.6666666666666666,0.6,0.6,0.5052519798278808,0.021092748641967772
0.3,1,0.0464159,0.1,50,0.5866666666666667,0.16779617264870958,377,0.5333333333333333,0.9,0.48333333333333334,0.4166666666666667,0.6,0.5226737022399902,0.02112865447998047
0.3,1,0.0464159,0.3,5,0.6133333333333334,0.10614455552060438,210,0.55,0.8,0.48333333333333334,0.6333333333333333,0.6000000000000001,0.4971292495727539,0.02123713493347168
0.3,1,0.0464159,0.3,10,0.69,0.11623730516108463,4,0.55,0.7,0.6666666666666666,0.6333333333333333,0.9,0.4989915370941162,0.020952939987182617
0.3,1,0.0464159,0.3,20,0.5933333333333334,0.14165686240583852,319,0.45,0.7,0.5833333333333334,0.43333333333333335,0.8,0.5096299648284912,0.021091938018798828
0.3,1,0.0464159,0.3,50,0.5733333333333335,0.09521904571390465,437,0.6333333333333333,0.6,0.5,0.43333333333333335,0.7,0.5260798454284668,0.02099924087524414
0.3,1,0.0464159,0.5,5,0.5533333333333333,0.15434449203720302,562,0.8166666666666667,0.55,0.3833333333333333,0.4166666666666667,0.6,0.48687281608581545,0.02136540412902832
0.3,1,0.0464159,0.5,10,0.5900000000000001,0.11953614051360738,364,0.7166666666666667,0.6333333333333333,0.48333333333333334,0.4166666666666667,0.7,0.49277005195617674,0.02115325927734375
0.3,1,0.0464159,0.5,20,0.61,0.1108552609887726,252,0.6166666666666667,0.7333333333333334,0.5833333333333334,0.4166666666666667,0.7,0.5022917747497558,0.021005582809448243
0.3,1,0.0464159,0.5,50,0.5933333333333334,0.07195677714974301,319,0.7166666666666667,0.55,0.5,0.6,0.6,0.5182607173919678,0.020986366271972656
0.3,1,0.0464159,0.7,5,0.5433333333333333,0.14666666666666667,626,0.6,0.55,0.6,0.26666666666666666,0.7,0.47524728775024416,0.021007394790649413
0.3,1,0.0464159,0.7,10,0.5566666666666668,0.10413666234542206,514,0.6,0.6333333333333333,0.6,0.35,0.6,0.48636770248413086,0.02134251594543457
0.3,1,0.0464159,0.7,20,0.5733333333333334,0.2225109235770485,442,0.43333333333333335,0.7333333333333334,0.5333333333333333,0.26666666666666666,0.9,0.49397077560424807,0.02117629051208496
0.3,1,0.0464159,0.7,50,0.53,0.08326663997864532,683,0.43333333333333335,0.55,0.6333333333333333,0.43333333333333335,0.6000000000000001,0.5093894958496094,0.021120500564575196
0.3,1,0.0464159,0.9,5,0.5433333333333333,0.14666666666666667,626,0.6,0.55,0.6,0.26666666666666666,0.7,0.47478318214416504,0.021026182174682616
0.3,1,0.0464159,0.9,10,0.5566666666666668,0.10413666234542206,514,0.6,0.6333333333333333,0.6,0.35,0.6,0.4805288314819336,0.021413803100585938
0.3,1,0.0464159,0.9,20,0.5733333333333334,0.2225109235770485,442,0.43333333333333335,0.7333333333333334,0.5333333333333333,0.26666666666666666,0.9,0.492321252822876,0.021258020401000978
0.3,1,0.0464159,0.9,50,0.53,0.08326663997864532,683,0.43333333333333335,0.55,0.6333333333333333,0.43333333333333335,0.6000000000000001,0.5080835819244385,0.021112728118896484
0.3,1,0.16681,0.1,5,0.5433333333333333,0.17211107524567448,626,0.2833333333333333,0.6166666666666667,0.5666666666666667,0.45,0.8,0.5242259979248047,0.021029329299926756
0.3,1,0.16681,0.1,10,0.5166666666666666,0.1422048600513436,733,0.26666666666666666,0.7,0.5833333333333334,0.5333333333333333,0.5,0.529264497756958,0.021007299423217773
0.3,1,0.16681,0.1,20,0.6033333333333333,0.13182479955523457,281,0.35,0.7,0.6666666666666666,0.6,0.7,0.53718581199646,0.020970726013183595
0.3,1,0.16681,0.1,50,0.6233333333333333,0.10306416555826872,173,0.5333333333333333,0.8,0.6666666666666666,0.5166666666666667,0.6,0.5541266918182373,0.021530723571777342
0.3,1,0.16681,0.3,5,0.5599999999999999,0.13767917618708922,510,0.3666666666666667,0.5166666666666667,0.48333333333333334,0.7333333333333334,0.7,0.5296833992004395,0.02106790542602539
0.3,1,0.16681,0.3,10,0.5733333333333334,0.08205689083394113,442,0.45,0.7,0.5833333333333334,0.5333333333333333,0.6,0.5367307186126709,0.02189469337463379
0.3,1,0.16681,0.3,20,0.6033333333333333,0.14621141466307538,281,0.3666666666666667,0.7,0.75,0.5,0.7,0.5407121181488037,0.020787811279296874
0.3,1,0.16681,0.3,50,0.5833333333333333,0.09545214042184233,395,0.45,0.7,0.6666666666666666,0.5,0.6,0.5573923587799072,0.021070241928100586
0.3,1,0.16681,0.5,5,0.6333333333333334,0.15811388300841897,137,0.35,0.8,0.5833333333333334,0.7333333333333334,0.7,0.5319346904754638,0.02112870216369629
0.3,1,0.16681,0.5,10,0.5866666666666667,0.09273618495495702,377,0.45,0.7,0.6666666666666666,0.5166666666666667,0.6,0.5366287708282471,0.021158695220947266
0.3,1,0.16681,0.5,20,0.6033333333333333,0.07180219742846003,281,0.5333333333333333,0.7,0.6666666666666666,0.5166666666666667,0.6,0.5440856456756592,0.02200026512145996
0.3,1,0.16681,0.5,50,0.64,0.07423685817106694,105,0.6333333333333333,0.7,0.6666666666666666,0.5,0.7,0.5602860450744629,0.02205820083618164
0.3,1,0.16681,0.7,5,0.6366666666666667,0.10077477638553982,118,0.55,0.7166666666666667,0.48333333333333334,0.7333333333333334,0.7,0.5275611877441406,0.021040821075439455
0.3,1,0.16681,0.7,10,0.61,0.08666666666666666,252,0.45,0.7,0.6666666666666666,0.6333333333333333,0.6,0.5313599586486817,0.021004772186279295
0.3,1,0.16681,0.7,20,0.5933333333333334,0.08793937305515277,319,0.5333333333333333,0.7,0.5,0.5333333333333333,0.7,0.5371980667114258,0.02103147506713867
0.3,1,0.16681,0.7,50,0.6266666666666667,0.06798692684790378,155,0.5333333333333333,0.7,0.5666666666666667,0.6333333333333333,0.7,0.5567901611328125,0.022128582000732422
0.3,1,0.16681,0.9,5,0.6500000000000001,0.09888264649460884,82,0.55,0.8,0.5666666666666667,0.7333333333333334,0.6000000000000001,0.5212259769439698,0.021090078353881835
0.3,1,0.16681,0.9,10,0.6699999999999999,0.14391355429948602,18,0.45,0.7,0.6666666666666666,0.6333333333333333,0.9,0.5277682781219483,0.02114582061767578
0.3,1,0.16681,0.9,20,0.6300000000000001,0.06531972647421806,148,0.5333333333333333,0.7,0.5833333333333334,0.6333333333333333,0.7,0.5346545696258544,0.021039676666259766
0.3,1,0.16681,0.9,50,0.5900000000000001,0.06110100926607785,364,0.5333333333333333,0.6,0.5833333333333334,0.5333333333333333,0.7,0.5503489017486572,0.02100071907043457
0.3,1,0.599484,0.1,5,0.5966666666666667,0.09451631252505215,313,0.5666666666666667,0.7,0.5666666666666667,0.45,0.7,0.5955694675445556,0.021241235733032226
0.3,1,0.599484,0.1,10,0.5166666666666667,0.17857460314638496,731,0.18333333333333335,0.7,0.5833333333333334,0.6166666666666667,0.5,0.6036426067352295,0.02100238800048828
0.3,1,0.599484,0.1,20,0.5533333333333333,0.1596524001977073,562,0.26666666666666666,0.7,0.5833333333333334,0.5166666666666667,0.7,0.6051426410675049,0.02110753059387207
0.3,1,0.599484,0.1,50,0.6,0.11879019787470306,292,0.5333333333333333,0.7,0.75,0.4166666666666667,0.6,0.6228699207305908,0.021039199829101563
0.3,1,0.599484,0.3,5,0.5433333333333333,0.15151090903151349,626,0.3666666666666667,0.6166666666666667,0.48333333333333334,0.45,0.8,0.6198051452636719,0.0210968017578125
0.3,1,0.599484,0.3,10,0.5933333333333334,0.09695359714832656,319,0.45,0.7,0.5833333333333334,0.5333333333333333,0.7,0.6204248905181885,0.02093019485473633
0.3,1,0.599484,0.3,20,0.6066666666666667,0.18092355660149215,270,0.26666666666666666,0.7,0.65,0.6166666666666667,0.8,0.6272014141082763,0.021139812469482423
0.3,1,0.599484,0.3,50,0.6366666666666667,0.08969082698049143,118,0.5333333333333333,0.8,0.65,0.6,0.6,0.6457550525665283,0.020983457565307617
0.3,1,0.599484,0.5,5,0.5599999999999999,0.190496427496394,510,0.26666666666666666,0.5166666666666667,0.48333333333333334,0.7333333333333334,0.8,0.6263040065765381,0.02124180793762207
0.3,1,0.599484,0.5,10,0.5933333333333334,0.09695359714832656,319,0.45,0.7,0.5833333333333334,0.5333333333333333,0.7,0.6321825981140137,0.0209808349609375
0.3,1,0.599484,0.5,20,0.6266666666666666,0.18991226044325485,166,0.26666666666666666,0.7,0.75,0.6166666666666667,0.8,0.6380478858947753,0.02125105857849121
0.3,1,0.599484,0.5,50,0.6033333333333333,0.0858939915115008,281,0.45,0.7,0.6666666666666666,0.6,0.6,0.657651138305664,0.021157073974609374
0.3,1,0.599484,0.7,5,0.5433333333333333,0.2172044607685988,626,0.18333333333333335,0.5166666666666667,0.48333333333333334,0.7333333333333334,0.8,0.6481030464172364,0.021244525909423828
0.3,1,0.599484,0.7,10,0.61,0.09225568335398696,252,0.45,0.7,0.5833333333333334,0.6166666666666667,0.7,0.6528027534484864,0.021004629135131837
0.3,1,0.599484,0.7,20,0.5900000000000001,0.12183777921664707,364,0.3666666666666667,0.7,0.5833333333333334,0.6,0.7,0.6627952098846436,0.021088123321533203
0.3,1,0.599484,0.7,50,0.6066666666666667,0.12543258481484518,270,0.3666666666666667,0.7,0.6666666666666666,0.7,0.6,0.6773574352264404,0.021172761917114258
0.3,1,0.599484,0.9,5,0.5233333333333333,0.18396859635395507,721,0.18333333333333335,0.5166666666666667,0.5833333333333334,0.7333333333333334,0.6000000000000001,0.6569797039031983,0.02106752395629883
0.3,1,0.599484,0.9,10,0.6266666666666666,0.09345230512584123,166,0.45,0.7,0.6666666666666666,0.6166666666666667,0.7,0.6596226215362548,0.021175670623779296
0.3,1,0.599484,0.9,20,0.6433333333333333,0.09521904571390467,94,0.5333333333333333,0.7,0.5833333333333334,0.6,0.8,0.6637997150421142,0.021185636520385742
0.3,1,0.599484,0.9,50,0.58,0.06863753427324665,411,0.5333333333333333,0.7,0.5666666666666667,0.5,0.6,0.6835886478424072,0.02105264663696289
0.3,1,2.15443,0.1,5,0.5933333333333334,0.06200358412579423,319,0.5666666666666667,0.6166666666666667,0.5666666666666667,0.5166666666666667,0.7,0.7266982078552247,0.02106795310974121
0.3,1,2.15443,0.1,10,0.5533333333333333,0.20038851153585513,562,0.18333333333333335,0.7,0.6666666666666666,0.7166666666666667,0.5,0.7285067081451416,0.0211763858795166
0.3,1,2.15443,0.1,20,0.5833333333333333,0.16865480854231357,395,0.26666666666666666,0.7,0.75,0.6,0.6000000000000001,0.7320823192596435,0.02105574607849121
0.3,1,2.15443,0.1,50,0.6,0.08366600265340754,292,0.45,0.7,0.65,0.6,0.6,0.7464807987213135,0.020995950698852538
0.3,1,2.15443,0.3,5,0.5,0.1192569587999888,764,0.2833333333333333,0.6166666666666667,0.48333333333333334,0.5166666666666667,0.6,0.7889204025268555,0.021017932891845705
0.3,1,2.15443,0.3,10,0.5366666666666666,0.14544949486180953,674,0.26666666666666666,0.7,0.5833333333333334,0.5333333333333333,0.6000000000000001,0.7944141864776612,0.02117929458618164
0.3,1,2.15443,0.3,20,0.55,0.15491933384829665,596,0.26666666666666666,0.7,0.6666666666666666,0.5166666666666667,0.6,0.8017829418182373,0.020977878570556642
0.3,1,2.15443,0.3,50,0.6566666666666667,0.07859884081701064,64,0.5333333333333333,0.7,0.75,0.7,0.6,0.8206334590911866,0.021036624908447266
0.3,1,2.15443,0.5,5,0.5233333333333333,0.11953614051360736,721,0.3666666666666667,0.6166666666666667,0.48333333333333334,0.45,0.7,0.8368295192718506,0.0209989070892334
0.3,1,2.15443,0.5,10,0.5566666666666666,0.1590248058916875,548,0.26666666666666666,0.7,0.5833333333333334,0.5333333333333333,0.7,0.8514684677124024,0.02104792594909668
0.3,1,2.15443,0.5,20,0.57,0.16613247725836147,477,0.26666666666666666,0.7,0.6666666666666666,0.5166666666666667,0.7,0.8472733974456788,0.021041107177734376
0.3,1,2.15443,0.5,50,0.6333333333333334,0.07302967433402216,137,0.5333333333333333,0.7,0.7333333333333334,0.6,0.6,0.8606963157653809,0.021062374114990234
0.3,1,2.15443,0.7,5,0.5766666666666668,0.20779263167344933,421,0.26666666666666666,0.5166666666666667,0.48333333333333334,0.8166666666666667,0.8,0.8385728359222412,0.02126278877258301
0.3,1,2.15443,0.7,10,0.5733333333333333,0.12935738607954836,465,0.35,0.7,0.5833333333333334,0.5333333333333333,0.7,0.8452670574188232,0.021735620498657227
0.3,1,2.15443,0.7,20,0.61,0.12543258481484518,252,0.3666666666666667,0.7,0.6666666666666666,0.6166666666666667,0.7,0.8638813972473145,0.020998716354370117
0.3,1,2.15443,0.7,50,0.62,0.050990195135927834,182,0.55,0.7,0.65,0.6,0.6,0.8777616500854493,0.021030759811401366
0.3,1,2.15443,0.9,5,0.5766666666666668,0.18666666666666668,421,0.26666666666666666,0.5166666666666667,0.5666666666666667,0.7333333333333334,0.8,0.8999987125396729,0.021247339248657227
0.3,1,2.15443,0.9,10,0.5733333333333335,0.19737161790783278,437,0.18333333333333335,0.6166666666666667,0.6666666666666666,0.7,0.7,0.896103048324585,0.02104954719543457
0.3,1,2.15443,0.9,20,0.5733333333333333,0.16006942938057292,465,0.26666666666666666,0.7,0.5833333333333334,0.6166666666666667,0.7,0.9040882110595703,0.02169623374938965
0.3,1,2.15443,0.9,50,0.5666666666666667,0.1095445115010332,482,0.3666666666666667,0.7,0.5666666666666667,0.6,0.6,0.9208980560302734,0.021061229705810546
0.3,1,7.74264,0.1,5,0.6266666666666667,0.15405626677721793,155,0.5666666666666667,0.8,0.5666666666666667,0.8,0.4,0.7771084308624268,0.021689939498901366
0.3,1,7.74264,0.1,10,0.6366666666666667,0.14772346537440223,118,0.5333333333333333,0.8,0.8333333333333333,0.5166666666666667,0.5,0.7782786846160888,0.02117447853088379
0.3,1,7.74264,0.1,20,0.5833333333333333,0.09006170724070862,395,0.45,0.7,0.65,0.5166666666666667,0.6000000000000001,0.7788363933563233,0.02105555534362793
0.3,1,7.74264,0.1,50,0.6366666666666667,0.07774602526460402,118,0.5333333333333333,0.7,0.75,0.6,0.6,0.801930284500122,0.021203374862670897
0.3,1,7.74264,0.3,5,0.5733333333333335,0.08069145624606802,437,0.4666666666666667,0.6166666666666667,0.5666666666666667,0.5166666666666667,0.7,0.9782388210296631,0.021080732345581055
0.3,1,7.74264,0.3,10,0.56,0.10883218478209672,508,0.3833333333333333,0.7,0.5,0.6166666666666667,0.6000000000000001,0.9718159198760986,0.021016454696655272
0.3,1,7.74264,0.3,20,0.53,0.15362291495737215,683,0.26666666666666666,0.7,0.6666666666666666,0.5166666666666667,0.5,0.9764322280883789,0.021065521240234374
0.3,1,7.74264,0.3,50,0.6,0.08366600265340754,292,0.45,0.7,0.65,0.6,0.6,0.9940982341766358,0.02109522819519043
0.3,1,7.74264,0.5,5,0.5366666666666667,0.1355646627177517,669,0.2833333333333333,0.6166666666666667,0.6666666666666666,0.5166666666666667,0.6,1.0554113388061523,0.021169281005859374
0.3,1,7.74264,0.5,10,0.5566666666666666,0.16451950239004087,548,0.26666666666666666,0.7,0.5,0.7166666666666667,0.6000000000000001,1.0586634159088135,0.021219491958618164
0.3,1,7.74264,0.5,20,0.55,0.15491933384829668,596,0.26666666666666666,0.7,0.6666666666666666,0.5166666666666667,0.6000000000000001,1.0654370307922363,0.02101583480834961
0.3,1,7.74264,0.5,50,0.62,0.0581186525805423,182,0.5333333333333333,0.7,0.6666666666666666,0.6,0.6,1.0809292316436767,0.021024560928344725
0.3,1,7.74264,0.7,5,0.5900000000000001,0.0522812904711937,364,0.55,0.6166666666666667,0.6666666666666666,0.5166666666666667,0.6,1.123180866241455,0.021054601669311522
0.3,1,7.74264,0.7,10,0.5566666666666668,0.1522424966222565,514,0.26666666666666666,0.6166666666666667,0.5833333333333334,0.7166666666666667,0.6000000000000001,1.1306286334991456,0.021199989318847656
0.3,1,7.74264,0.7,20,0.6066666666666667,0.17048949136725894,270,0.26666666666666666,0.7,0.6666666666666666,0.7,0.7,1.1378116130828857,0.021117353439331056
0.3,1,7.74264,0.7,50,0.6599999999999999,0.10677078252031309,61,0.45,0.7,0.75,0.7,0.7,1.1621493816375732,0.0211087703704834
0.3,1,7.74264,0.9,5,0.5266666666666666,0.12229290885229424,716,0.3666666666666667,0.6333333333333333,0.48333333333333334,0.45,0.7,1.223641586303711,0.0210390567779541
0.3,1,7.74264,0.9,10,0.5733333333333333,0.12498888839501783,465,0.35,0.6166666666666667,0.6666666666666666,0.5333333333333333,0.7,1.2183934211730958,0.021004724502563476
0.3,1,7.74264,0.9,20,0.6266666666666667,0.13063945294843612,155,0.3666666666666667,0.7,0.6666666666666666,0.7,0.7,1.2229054927825929,0.02114267349243164
0.3,1,7.74264,0.9,50,0.5833333333333334,0.1390443574307614,391,0.5333333333333333,0.7,0.65,0.3333333333333333,0.7,1.2380629062652588,0.021019458770751953
0.3,1,27.8256,0.1,5,0.5766666666666667,0.01999999999999998,423,0.5666666666666667,0.55,0.5666666666666667,0.6,0.6,0.7569010257720947,0.021110916137695314
0.3,1,27.8256,0.1,10,0.5466666666666666,0.1547040184782972,621,0.3666666666666667,0.7,0.75,0.5166666666666667,0.4,0.7614014625549317,0.021013307571411132
0.3,1,27.8256,0.1,20,0.5433333333333333,0.17048949136725897,626,0.35,0.7,0.7333333333333334,0.3333333333333333,0.6000000000000001,0.7703637599945068,0.021678066253662108
0.3,1,27.8256,0.1,50,0.62,0.0581186525805423,182,0.5333333333333333,0.7,0.6666666666666666,0.6,0.6,0.7817795753479004,0.02087430953979492
0.3,1,27.8256,0.3,5,0.6266666666666667,0.15405626677721793,155,0.5666666666666667,0.8,0.5666666666666667,0.8,0.4,0.9005037784576416,0.02108616828918457
0.3,1,27.8256,0.3,10,0.6,0.1864880097426582,292,0.35,0.8,0.8333333333333333,0.5166666666666667,0.5,0.8955110073089599,0.020941495895385742
0.3,1,27.8256,0.3,20,0.5833333333333333,0.09006170724070862,395,0.45,0.7,0.65,0.5166666666666667,0.6000000000000001,0.9053668022155762,0.02111968994140625
0.3,1,27.8256,0.3,50,0.6533333333333334,0.09797958971132716,71,0.5333333333333333,0.8,0.7333333333333334,0.6,0.6,0.9208270072937011,0.021226024627685545
0.3,1,27.8256,0.5,5,0.61,0.12274635093014645,252,0.4666666666666667,0.8,0.5666666666666667,0.5166666666666667,0.7,1.1049870014190675,0.02105746269226074
0.3,1,27.8256,0.5,10,0.5866666666666667,0.16646654652245033,377,0.35,0.8,0.75,0.5333333333333333,0.5,1.110203742980957,0.020981216430664064
0.3,1,27.8256,0.5,20,0.58,0.09510228411791402,411,0.43333333333333335,0.7,0.65,0.5166666666666667,0.6000000000000001,1.1144719123840332,0.021292734146118163
0.3,1,27.8256,0.5,50,0.6533333333333333,0.10456258094238746,77,0.5333333333333333,0.7,0.8333333333333333,0.6,0.6,1.130795383453369,0.02102665901184082
0.3,1,27.8256,0.7,5,0.5733333333333335,0.08069145624606802,437,0.4666666666666667,0.6166666666666667,0.5666666666666667,0.5166666666666667,0.7,1.2117437839508056,0.021088600158691406
0.3,1,27.8256,0.7,10,0.4966666666666667,0.18571184369578825,776,0.18333333333333335,0.7,0.6666666666666666,0.43333333333333335,0.5,1.2158843994140625,0.02116732597351074
0.3,1,27.8256,0.7,20,0.55,0.15491933384829668,596,0.26666666666666666,0.7,0.6666666666666666,0.5166666666666667,0.6000000000000001,1.2239033699035644,0.021008825302124022
0.3,1,27.8256,0.7,50,0.6,0.08366600265340754,292,0.45,0.7,0.65,0.6,0.6,1.23868670463562,0.02103447914123535
0.3,1,27.8256,0.9,5,0.5566666666666666,0.11479450238481707,548,0.3833333333333333,0.5166666666666667,0.6666666666666666,0.5166666666666667,0.7,1.2605653762817384,0.021211624145507812
0.3,1,27.8256,0.9,10,0.5,0.17224014243685085,764,0.18333333333333335,0.7,0.5833333333333334,0.5333333333333333,0.5,1.268826675415039,0.021352338790893554
0.3,1,27.8256,0.9,20,0.55,0.15491933384829668,596,0.26666666666666666,0.7,0.6666666666666666,0.5166666666666667,0.6000000000000001,1.2745466709136963,0.021312761306762695
0.3,1,27.8256,0.9,50,0.6366666666666667,0.07774602526460402,118,0.5333333333333333,0.7,0.75,0.6,0.6,1.2936816215515137,0.021117591857910158
0.3,1,100.0,0.1,5,0.5766666666666667,0.01999999999999998,423,0.5666666666666667,0.55,0.5666666666666667,0.6,0.6,0.8025497436523438,0.021006298065185548
0.3,1,100.0,0.1,10,0.51,0.15441646429200626,740,0.2833333333333333,0.7,0.65,0.5166666666666667,0.4,0.808311128616333,0.021677160263061525
0.3,1,100.0,0.1,20,0.58,0.13800161029656302,411,0.35,0.7,0.7333333333333334,0.5166666666666667,0.6000000000000001,0.8119661808013916,0.021040916442871094
0.3,1,100.0,0.1,50,0.6366666666666667,0.07774602526460402,118,0.5333333333333333,0.7,0.75,0.6,0.6,0.8291060924530029,0.02106614112854004
0.3,1,100.0,0.3,5,0.5766666666666667,0.01999999999999998,423,0.5666666666666667,0.55,0.5666666666666667,0.6,0.6,0.8143993377685547,0.021073102951049805
0.3,1,100.0,0.3,10,0.5266666666666666,0.13190905958272917,716,0.3666666666666667,0.7,0.65,0.5166666666666667,0.4,0.8186866760253906,0.0208951473236084
0.3,1,100.0,0.3,20,0.5633333333333334,0.1492201952373293,493,0.35,0.7,0.7333333333333334,0.43333333333333335,0.6000000000000001,0.824156665802002,0.02104496955871582
0.3,1,100.0,0.3,50,0.64,0.0646357314322177,105,0.5333333333333333,0.7,0.6666666666666666,0.6,0.7,0.8391501903533936,0.020987939834594727
0.3,1,100.0,0.5,5,0.5766666666666667,0.01999999999999998,423,0.5666666666666667,0.55,0.5666666666666667,0.6,0.6,0.8373947620391846,0.02117633819580078
0.3,1,100.0,0.5,10,0.5433333333333332,0.15867506980549206,665,0.35,0.7,0.75,0.5166666666666667,0.4,0.8413594245910645,0.021271181106567384
0.3,1,100.0,0.5,20,0.58,0.13800161029656302,411,0.35,0.7,0.7333333333333334,0.5166666666666667,0.6000000000000001,0.8494952201843262,0.021140336990356445
0.3,1,100.0,0.5,50,0.5800000000000001,0.07774602526460399,406,0.5333333333333333,0.7,0.4666666666666667,0.6,0.6,0.8692644119262696,0.021050739288330077
0.3,1,100.0,0.7,5,0.5366666666666666,0.07023769168568492,674,0.5666666666666667,0.55,0.5666666666666667,0.6,0.4,0.8835464954376221,0.021052742004394533
0.3,1,100.0,0.7,10,0.5633333333333332,0.14506703431325962,502,0.35,0.7,0.75,0.5166666666666667,0.5,0.8884054183959961,0.021099424362182616
0.3,1,100.0,0.7,20,0.58,0.13800161029656302,411,0.35,0.7,0.7333333333333334,0.5166666666666667,0.6000000000000001,0.8955873489379883,0.021065902709960938
0.3,1,100.0,0.7,50,0.6166666666666667,0.055777335102271695,199,0.5333333333333333,0.7,0.65,0.6,0.6,0.9130959510803223,0.02096977233886719
0.3,1,100.0,0.9,5,0.5766666666666667,0.12806248474865697,423,0.5666666666666667,0.55,0.5666666666666667,0.8,0.4,0.9439095497131348,0.021885490417480467
0.3,1,100.0,0.9,10,0.5833333333333333,0.196638416050035,395,0.35,0.8,0.8333333333333333,0.43333333333333335,0.5,0.9519777774810791,0.021011161804199218
0.3,1,100.0,0.9,20,0.5833333333333333,0.09006170724070862,395,0.45,0.7,0.65,0.5166666666666667,0.6000000000000001,0.9537861824035645,0.02096447944641113
0.3,1,100.0,0.9,50,0.6533333333333334,0.09797958971132716,71,0.5333333333333333,0.8,0.7333333333333334,0.6,0.6,0.9700506210327149,0.021012496948242188
0.3,5,0.001,0.1,5,0.5933333333333334,0.17657230184198705,319,0.4166666666666667,0.7,0.8,0.35,0.7,0.4721066474914551,0.02085866928100586
0.3,5,0.001,0.1,10,0.6133333333333333,0.16034684627740925,215,0.5166666666666667,0.7,0.8,0.35,0.7,0.46587586402893066,0.020772218704223633
0.3,5,0.001,0.1,20,0.6600000000000001,0.1600694293805729,29,0.5166666666666667,0.8333333333333333,0.8166666666666667,0.43333333333333335,0.7,0.4720724105834961,0.020842313766479492
0.3,5,0.001,0.1,50,0.53,0.0979795897113271,683,0.43333333333333335,0.55,0.5333333333333333,0.43333333333333335,0.7,0.48461451530456545,0.02092733383178711
0.3,5,0.001,0.3,5,0.5933333333333334,0.17657230184198705,319,0.4166666666666667,0.7,0.8,0.35,0.7,0.46314291954040526,0.020884227752685548
0.3,5,0.001,0.3,10,0.6133333333333333,0.16034684627740925,215,0.5166666666666667,0.7,0.8,0.35,0.7,0.4679847717285156,0.022616147994995117
0.3,5,0.001,0.3,20,0.6600000000000001,0.1600694293805729,29,0.5166666666666667,0.8333333333333333,0.8166666666666667,0.43333333333333335,0.7,0.47258720397949217,0.020999813079833986
0.3,5,0.001,0.3,50,0.53,0.0979795897113271,683,0.43333333333333335,0.55,0.5333333333333333,0.43333333333333335,0.7,0.4830078125,0.020922136306762696
0.3,5,0.001,0.5,5,0.5933333333333334,0.17657230184198705,319,0.4166666666666667,0.7,0.8,0.35,0.7,0.46334052085876465,0.02085108757019043
0.3,5,0.001,0.5,10,0.6133333333333333,0.16034684627740925,215,0.5166666666666667,0.7,0.8,0.35,0.7,0.465287971496582,0.02087368965148926
0.3,5,0.001,0.5,20,0.6600000000000001,0.1600694293805729,29,0.5166666666666667,0.8333333333333333,0.8166666666666667,0.43333333333333335,0.7,0.47275419235229493,0.020894908905029298
0.3,5,0.001,0.5,50,0.53,0.0979795897113271,683,0.43333333333333335,0.55,0.5333333333333333,0.43333333333333335,0.7,0.48328680992126466,0.021137714385986328
0.3,5,0.001,0.7,5,0.5933333333333334,0.17657230184198705,319,0.4166666666666667,0.7,0.8,0.35,0.7,0.4629270076751709,0.020964622497558594
0.3,5,0.001,0.7,10,0.6133333333333333,0.16034684627740925,215,0.5166666666666667,0.7,0.8,0.35,0.7,0.46571836471557615,0.02091374397277832
0.3,5,0.001,0.7,20,0.6600000000000001,0.1600694293805729,29,0.5166666666666667,0.8333333333333333,0.8166666666666667,0.43333333333333335,0.7,0.4744872093200684,0.020850372314453126
0.3,5,0.001,0.7,50,0.53,0.0979795897113271,683,0.43333333333333335,0.55,0.5333333333333333,0.43333333333333335,0.7,0.48295207023620607,0.021320438385009764
0.3,5,0.001,0.9,5,0.5933333333333334,0.17657230184198705,319,0.4166666666666667,0.7,0.8,0.35,0.7,0.4644911289215088,0.020975875854492187
0.3,5,0.001,0.9,10,0.6133333333333333,0.16034684627740925,215,0.5166666666666667,0.7,0.8,0.35,0.7,0.4666441917419434,0.020903253555297853
0.3,5,0.001,0.9,20,0.6600000000000001,0.1600694293805729,29,0.5166666666666667,0.8333333333333333,0.8166666666666667,0.43333333333333335,0.7,0.4753287315368652,0.020652151107788085
0.3,5,0.001,0.9,50,0.53,0.0979795897113271,683,0.43333333333333335,0.55,0.5333333333333333,0.43333333333333335,0.7,0.48481550216674807,0.02092118263244629
0.3,5,0.00359381,0.1,5,0.5933333333333334,0.17657230184198705,319,0.4166666666666667,0.7,0.8,0.35,0.7,0.4654846668243408,0.020880699157714844
0.3,5,0.00359381,0.1,10,0.6133333333333333,0.16034684627740925,215,0.5166666666666667,0.7,0.8,0.35,0.7,0.4668892383575439,0.02085142135620117
0.3,5,0.00359381,0.1,20,0.6600000000000001,0.1600694293805729,29,0.5166666666666667,0.8333333333333333,0.8166666666666667,0.43333333333333335,0.7,0.47222018241882324,0.020753908157348632
0.3,5,0.00359381,0.1,50,0.53,0.0979795897113271,683,0.43333333333333335,0.55,0.5333333333333333,0.43333333333333335,0.7,0.4844988822937012,0.02076125144958496
0.3,5,0.00359381,0.3,5,0.5933333333333334,0.17657230184198705,319,0.4166666666666667,0.7,0.8,0.35,0.7,0.46708288192749026,0.020821619033813476
0.3,5,0.00359381,0.3,10,0.6133333333333333,0.16034684627740925,215,0.5166666666666667,0.7,0.8,0.35,0.7,0.4659576416015625,0.020838212966918946
0.3,5,0.00359381,0.3,20,0.6600000000000001,0.1600694293805729,29,0.5166666666666667,0.8333333333333333,0.8166666666666667,0.43333333333333335,0.7,0.47395620346069334,0.02100534439086914
0.3,5,0.00359381,0.3,50,0.53,0.0979795897113271,683,0.43333333333333335,0.55,0.5333333333333333,0.43333333333333335,0.7,0.4847891330718994,0.020877313613891602
0.3,5,0.00359381,0.5,5,0.5933333333333334,0.17657230184198705,319,0.4166666666666667,0.7,0.8,0.35,0.7,0.4640684127807617,0.020957756042480468
0.3,5,0.00359381,0.5,10,0.6133333333333333,0.16034684627740925,215,0.5166666666666667,0.7,0.8,0.35,0.7,0.4675698757171631,0.02111058235168457
0.3,5,0.00359381,0.5,20,0.6600000000000001,0.1600694293805729,29,0.5166666666666667,0.8333333333333333,0.8166666666666667,0.43333333333333335,0.7,0.47409791946411134,0.02099947929382324
0.3,5,0.00359381,0.5,50,0.53,0.0979795897113271,683,0.43333333333333335,0.55,0.5333333333333333,0.43333333333333335,0.7,0.4846989154815674,0.020908594131469727
0.3,5,0.00359381,0.7,5,0.5933333333333334,0.17657230184198705,319,0.4166666666666667,0.7,0.8,0.35,0.7,0.4627114772796631,0.02088503837585449
0.3,5,0.00359381,0.7,10,0.6133333333333333,0.16034684627740925,215,0.5166666666666667,0.7,0.8,0.35,0.7,0.47020535469055175,0.020879554748535156
0.3,5,0.00359381,0.7,20,0.6600000000000001,0.1600694293805729,29,0.5166666666666667,0.8333333333333333,0.8166666666666667,0.43333333333333335,0.7,0.47225003242492675,0.02094111442565918
0.3,5,0.00359381,0.7,50,0.53,0.0979795897113271,683,0.43333333333333335,0.55,0.5333333333333333,0.43333333333333335,0.7,0.48336095809936525,0.020955419540405272
0.3,5,0.00359381,0.9,5,0.5933333333333334,0.17657230184198705,319,0.4166666666666667,0.7,0.8,0.35,0.7,0.4637154102325439,0.020807552337646484
0.3,5,0.00359381,0.9,10,0.6133333333333333,0.16034684627740925,215,0.5166666666666667,0.7,0.8,0.35,0.7,0.4658829689025879,0.020833921432495118
0.3,5,0.00359381,0.9,20,0.6600000000000001,0.1600694293805729,29,0.5166666666666667,0.8333333333333333,0.8166666666666667,0.43333333333333335,0.7,0.4722434997558594,0.021003293991088866
0.3,5,0.00359381,0.9,50,0.53,0.0979795897113271,683,0.43333333333333335,0.55,0.5333333333333333,0.43333333333333335,0.7,0.4843762874603271,0.02064094543457031
0.3,5,0.0129155,0.1,5,0.5900000000000001,0.10413666234542206,364,0.45,0.7333333333333334,0.6666666666666666,0.6,0.5,0.4733839988708496,0.020929479598999025
0.3,5,0.0129155,0.1,10,0.64,0.09043106644167026,105,0.5333333333333333,0.8,0.6666666666666666,0.6,0.6000000000000001,0.4801970958709717,0.020963287353515624
0.3,5,0.0129155,0.1,20,0.68,0.11274356350191844,7,0.6333333333333333,0.8,0.6666666666666666,0.5,0.8,0.4838958740234375,0.020995521545410158
0.3,5,0.0129155,0.1,50,0.6333333333333333,0.07817359599705716,146,0.7166666666666667,0.7,0.65,0.5,0.6,0.4996299743652344,0.020976686477661134
0.3,5,0.0129155,0.3,5,0.5933333333333334,0.17657230184198705,319,0.4166666666666667,0.7,0.8,0.35,0.7,0.4667219161987305,0.020688629150390624
0.3,5,0.0129155,0.3,10,0.6133333333333333,0.16034684627740925,215,0.5166666666666667,0.7,0.8,0.35,0.7,0.46562442779541013,0.02101612091064453
0.3,5,0.0129155,0.3,20,0.6600000000000001,0.1600694293805729,29,0.5166666666666667,0.8333333333333333,0.8166666666666667,0.43333333333333335,0.7,0.47185988426208497,0.020910120010375975
0.3,5,0.0129155,0.3,50,0.53,0.0979795897113271,683,0.43333333333333335,0.55,0.5333333333333333,0.43333333333333335,0.7,0.4843116760253906,0.02088274955749512
0.3,5,0.0129155,0.5,5,0.5933333333333334,0.17657230184198705,319,0.4166666666666667,0.7,0.8,0.35,0.7,0.4629035472869873,0.021074628829956053
0.3,5,0.0129155,0.5,10,0.6133333333333333,0.16034684627740925,215,0.5166666666666667,0.7,0.8,0.35,0.7,0.4655484199523926,0.020899438858032228
0.3,5,0.0129155,0.5,20,0.6600000000000001,0.1600694293805729,29,0.5166666666666667,0.8333333333333333,0.8166666666666667,0.43333333333333335,0.7,0.4707781791687012,0.020911979675292968
0.3,5,0.0129155,0.5,50,0.53,0.0979795897113271,683,0.43333333333333335,0.55,0.5333333333333333,0.43333333333333335,0.7,0.4831398487091064,0.02102174758911133
0.3,5,0.0129155,0.7,5,0.5933333333333334,0.17657230184198705,319,0.4166666666666667,0.7,0.8,0.35,0.7,0.46369266510009766,0.020795392990112304
0.3,5,0.0129155,0.7,10,0.6133333333333333,0.16034684627740925,215,0.5166666666666667,0.7,0.8,0.35,0.7,0.46483216285705564,0.020859241485595703
0.3,5,0.0129155,0.7,20,0.6600000000000001,0.1600694293805729,29,0.5166666666666667,0.8333333333333333,0.8166666666666667,0.43333333333333335,0.7,0.47240409851074217,0.021059274673461914
0.3,5,0.0129155,0.7,50,0.53,0.0979795897113271,683,0.43333333333333335,0.55,0.5333333333333333,0.43333333333333335,0.7,0.4856587886810303,0.021016502380371095
0.3,5,0.0129155,0.9,5,0.5933333333333334,0.17657230184198705,319,0.4166666666666667,0.7,0.8,0.35,0.7,0.46272988319396974,0.02101578712463379
0.3,5,0.0129155,0.9,10,0.6133333333333333,0.16034684627740925,215,0.5166666666666667,0.7,0.8,0.35,0.7,0.46526408195495605,0.02080373764038086
0.3,5,0.0129155,0.9,20,0.6600000000000001,0.1600694293805729,29,0.5166666666666667,0.8333333333333333,0.8166666666666667,0.43333333333333335,0.7,0.4714871883392334,0.02097172737121582
0.3,5,0.0129155,0.9,50,0.53,0.0979795897113271,683,0.43333333333333335,0.55,0.5333333333333333,0.43333333333333335,0.7,0.48221168518066404,0.021199893951416016
0.3,5,0.0464159,0.1,5,0.5566666666666666,0.06018490028422596,548,0.45,0.6166666666666667,0.5833333333333334,0.5333333333333333,0.6,0.48342294692993165,0.020679473876953125
0.3,5,0.0464159,0.1,10,0.6133333333333333,0.10402991022884822,215,0.5333333333333333,0.7166666666666667,0.6666666666666666,0.45,0.7,0.4880323886871338,0.020842647552490233
0.3,5,0.0464159,0.1,20,0.6266666666666667,0.13928388277184117,155,0.35,0.7166666666666667,0.6666666666666666,0.7,0.7,0.4943103790283203,0.02102823257446289
0.3,5,0.0464159,0.1,50,0.6166666666666667,0.13333333333333336,199,0.45,0.8,0.7333333333333334,0.5,0.6,0.5068516731262207,0.021039772033691406
0.3,5,0.0464159,0.3,5,0.6100000000000001,0.11185307823708346,250,0.45,0.8,0.5833333333333334,0.6166666666666667,0.6000000000000001,0.4838993549346924,0.02084803581237793
0.3,5,0.0464159,0.3,10,0.6633333333333333,0.12310790208412925,21,0.7166666666666667,0.8,0.6666666666666666,0.43333333333333335,0.7,0.48862624168395996,0.020762205123901367
0.3,5,0.0464159,0.3,20,0.6433333333333333,0.16110727964792765,94,0.7166666666666667,0.8,0.6666666666666666,0.3333333333333333,0.7,0.49402284622192383,0.02098402976989746
0.3,5,0.0464159,0.3,50,0.6566666666666666,0.08602325267042625,66,0.7166666666666667,0.7,0.75,0.5166666666666667,0.6,0.5042478561401367,0.02106165885925293
0.3,5,0.0464159,0.5,5,0.6566666666666666,0.11718930554164629,66,0.8166666666666667,0.7,0.4666666666666667,0.6,0.7,0.47704353332519533,0.021166419982910155
0.3,5,0.0464159,0.5,10,0.6233333333333333,0.12762793146051096,173,0.6166666666666667,0.7,0.5833333333333334,0.4166666666666667,0.8,0.4789127349853516,0.020739269256591798
0.3,5,0.0464159,0.5,20,0.6900000000000001,0.12229290885229424,2,0.7166666666666667,0.8333333333333333,0.5833333333333334,0.5166666666666667,0.8,0.4859157562255859,0.02092323303222656
0.3,5,0.0464159,0.5,50,0.6266666666666667,0.08856886837057616,155,0.8,0.55,0.5833333333333334,0.6,0.6,0.49565949440002444,0.020842552185058594
0.3,5,0.0464159,0.7,5,0.5933333333333334,0.17657230184198705,319,0.4166666666666667,0.7,0.8,0.35,0.7,0.4640032768249512,0.02082982063293457
0.3,5,0.0464159,0.7,10,0.6133333333333333,0.16034684627740925,215,0.5166666666666667,0.7,0.8,0.35,0.7,0.4674093723297119,0.02097148895263672
0.3,5,0.0464159,0.7,20,0.6600000000000001,0.1600694293805729,29,0.5166666666666667,0.8333333333333333,0.8166666666666667,0.43333333333333335,0.7,0.4752687931060791,0.02081136703491211
0.3,5,0.0464159,0.7,50,0.53,0.0979795897113271,683,0.43333333333333335,0.55,0.5333333333333333,0.43333333333333335,0.7,0.48573732376098633,0.021021318435668946
0.3,5,0.0464159,0.9,5,0.5933333333333334,0.17657230184198705,319,0.4166666666666667,0.7,0.8,0.35,0.7,0.4627971172332764,0.02097001075744629
0.3,5,0.0464159,0.9,10,0.6133333333333333,0.16034684627740925,215,0.5166666666666667,0.7,0.8,0.35,0.7,0.4664772987365723,0.020937490463256835
0.3,5,0.0464159,0.9,20,0.6600000000000001,0.1600694293805729,29,0.5166666666666667,0.8333333333333333,0.8166666666666667,0.43333333333333335,0.7,0.47356405258178713,0.021051454544067382
0.3,5,0.0464159,0.9,50,0.53,0.0979795897113271,683,0.43333333333333335,0.55,0.5333333333333333,0.43333333333333335,0.7,0.4864497184753418,0.02097926139831543
0.3,5,0.16681,0.1,5,0.47333333333333333,0.1540562667772179,800,0.18333333333333335,0.55,0.5833333333333334,0.45,0.6,0.5218271732330322,0.020908403396606445
0.3,5,0.16681,0.1,10,0.57,0.141578403877302,477,0.45,0.8,0.6666666666666666,0.43333333333333335,0.5,0.5221934795379639,0.020917367935180665
0.3,5,0.16681,0.1,20,0.6433333333333333,0.13605554421305702,94,0.45,0.8,0.75,0.5166666666666667,0.7,0.5227419376373291,0.021066570281982423
0.3,5,0.16681,0.1,50,0.5966666666666668,0.10666666666666667,311,0.5333333333333333,0.8,0.55,0.5,0.6,0.5345823764801025,0.02109870910644531
0.3,5,0.16681,0.3,5,0.5733333333333334,0.034318767136623345,442,0.5333333333333333,0.6166666666666667,0.5833333333333334,0.5333333333333333,0.6,0.5203656673431396,0.02088637351989746
0.3,5,0.16681,0.3,10,0.5700000000000001,0.14391355429948605,471,0.5333333333333333,0.8,0.5666666666666667,0.35,0.6,0.5235218524932861,0.020907258987426756
0.3,5,0.16681,0.3,20,0.64,0.14321700705960558,105,0.5333333333333333,0.8,0.75,0.4166666666666667,0.7,0.5290888786315918,0.021110105514526366
0.3,5,0.16681,0.3,50,0.6333333333333334,0.11547005383792518,137,0.5333333333333333,0.8,0.7333333333333334,0.5,0.6,0.539252519607544,0.021011924743652342
0.3,5,0.16681,0.5,5,0.6100000000000001,0.06018490028422596,250,0.6166666666666667,0.7166666666666667,0.5833333333333334,0.5333333333333333,0.6,0.5201175689697266,0.02090115547180176
0.3,5,0.16681,0.5,10,0.6266666666666667,0.17688665548562135,155,0.5333333333333333,0.8,0.6666666666666666,0.3333333333333333,0.8,0.5242477416992187,0.020923757553100587
0.3,5,0.16681,0.5,20,0.5866666666666667,0.09683892697555967,377,0.6166666666666667,0.7166666666666667,0.5833333333333334,0.4166666666666667,0.6,0.5304060935974121,0.020992088317871093
0.3,5,0.16681,0.5,50,0.6733333333333333,0.10883218478209673,12,0.7166666666666667,0.8,0.75,0.5,0.6,0.5416674137115478,0.020975017547607423
0.3,5,0.16681,0.7,5,0.6133333333333333,0.12970050972229144,215,0.45,0.8166666666666667,0.5666666666666667,0.5333333333333333,0.7,0.5159247398376465,0.02103133201599121
0.3,5,0.16681,0.7,10,0.6466666666666667,0.14544949486180953,89,0.5333333333333333,0.8,0.6666666666666666,0.43333333333333335,0.8,0.5186287879943847,0.021034812927246092
0.3,5,0.16681,0.7,20,0.6633333333333333,0.08844332774281068,21,0.6166666666666667,0.8,0.6666666666666666,0.5333333333333333,0.7,0.5234132289886475,0.021093988418579103
0.3,5,0.16681,0.7,50,0.6533333333333333,0.07557189365836424,77,0.6,0.8,0.65,0.6166666666666667,0.6,0.5405749320983887,0.020976448059082033
0.3,5,0.16681,0.9,5,0.5766666666666667,0.0771722460186015,423,0.45,0.6333333333333333,0.6666666666666666,0.5333333333333333,0.6000000000000001,0.5147985935211181,0.020899152755737303
0.3,5,0.16681,0.9,10,0.6466666666666667,0.14544949486180953,89,0.5333333333333333,0.8,0.6666666666666666,0.43333333333333335,0.8,0.5143715858459472,0.0209256649017334
0.3,5,0.16681,0.9,20,0.6466666666666667,0.14544949486180953,89,0.43333333333333335,0.8,0.6666666666666666,0.5333333333333333,0.8,0.51949462890625,0.020752668380737305
0.3,5,0.16681,0.9,50,0.6533333333333333,0.07483314773547883,77,0.7,0.7,0.7333333333333334,0.5333333333333333,0.6,0.5306086063385009,0.02096071243286133
0.3,5,0.599484,0.1,5,0.5633333333333334,0.05906681715556452,493,0.5666666666666667,0.6166666666666667,0.5833333333333334,0.45,0.6000000000000001,0.5863110542297363,0.020946550369262695
0.3,5,0.599484,0.1,10,0.4966666666666667,0.2217105219775452,776,0.18333333333333335,0.8,0.6666666666666666,0.3333333333333333,0.5,0.5894665718078613,0.02112135887145996
0.3,5,0.599484,0.1,20,0.5533333333333333,0.13391539617733778,562,0.45,0.8,0.5833333333333334,0.43333333333333335,0.5,0.5932708740234375,0.021016311645507813
0.3,5,0.599484,0.1,50,0.6133333333333334,0.10456258094238749,210,0.5333333333333333,0.8,0.6333333333333333,0.5,0.6,0.6045845031738282,0.020912742614746092
0.3,5,0.599484,0.3,5,0.5066666666666666,0.0940449065311059,758,0.35,0.55,0.5833333333333334,0.45,0.6,0.6066640853881836,0.020925235748291016
0.3,5,0.599484,0.3,10,0.6299999999999999,0.16138291249213607,153,0.45,0.8,0.6666666666666666,0.43333333333333335,0.8,0.6122726917266845,0.020876693725585937
0.3,5,0.599484,0.3,20,0.6433333333333333,0.12092238098144703,94,0.6166666666666667,0.8,0.6666666666666666,0.43333333333333335,0.7,0.6156352043151856,0.020932769775390624
0.3,5,0.599484,0.3,50,0.5633333333333334,0.09153020145163987,493,0.45,0.7166666666666667,0.55,0.5,0.6,0.62649564743042,0.020989990234375
0.3,5,0.599484,0.5,5,0.5566666666666666,0.1167142760000773,548,0.35,0.6166666666666667,0.5833333333333334,0.5333333333333333,0.7,0.6193648338317871,0.02098531723022461
0.3,5,0.599484,0.5,10,0.5566666666666666,0.13148721948877348,548,0.5333333333333333,0.45,0.5666666666666667,0.43333333333333335,0.8,0.621239423751831,0.02103762626647949
0.3,5,0.599484,0.5,20,0.61,0.1518771433319269,252,0.3666666666666667,0.8,0.6666666666666666,0.5166666666666667,0.7,0.6260554790496826,0.020997095108032226
0.3,5,0.599484,0.5,50,0.62,0.07102425250887506,182,0.6333333333333333,0.7166666666666667,0.65,0.5,0.6,0.6358696937561035,0.021131563186645507
0.3,5,0.599484,0.7,5,0.5533333333333333,0.1161416759345623,562,0.35,0.6166666666666667,0.5666666666666667,0.5333333333333333,0.7,0.6379571437835694,0.021010732650756835
0.3,5,0.599484,0.7,10,0.61,0.13148721948877348,252,0.5333333333333333,0.7166666666666667,0.5666666666666667,0.43333333333333335,0.8,0.6470276355743408,0.02106475830078125
0.3,5,0.599484,0.7,20,0.61,0.12587471725666136,252,0.45,0.8,0.5833333333333334,0.5166666666666667,0.7,0.648825740814209,0.020749330520629883
0.3,5,0.599484,0.7,50,0.6,0.12247448713915891,292,0.45,0.8,0.65,0.5,0.6,0.659759521484375,0.02121891975402832
0.3,5,0.599484,0.9,5,0.5333333333333333,0.10903618155864084,682,0.35,0.6166666666666667,0.6666666666666666,0.5333333333333333,0.5,0.645064115524292,0.0207395076751709
0.3,5,0.599484,0.9,10,0.6633333333333333,0.11469767022723504,21,0.5333333333333333,0.8,0.5666666666666667,0.6166666666666667,0.8,0.6479852199554443,0.020906496047973632
0.3,5,0.599484,0.9,20,0.6666666666666666,0.11498792207106893,20,0.6333333333333333,0.8,0.5833333333333334,0.5166666666666667,0.8,0.6530814170837402,0.021223783493041992
0.3,5,0.599484,0.9,50,0.6733333333333333,0.07195677714974302,12,0.6166666666666667,0.8,0.65,0.7,0.6,0.6646413803100586,0.020983171463012696
0.3,5,2.15443,0.1,5,0.6133333333333334,0.053124591501697425,210,0.5666666666666667,0.7166666666666667,0.5833333333333334,0.6,0.6000000000000001,0.7098814964294433,0.02092318534851074
0.3,5,2.15443,0.1,10,0.5,0.1728840330651992,764,0.2833333333333333,0.7166666666666667,0.6666666666666666,0.3333333333333333,0.5,0.7164875507354737,0.021044158935546876
0.3,5,2.15443,0.1,20,0.6366666666666667,0.1185092588975412,118,0.5333333333333333,0.8,0.75,0.6,0.5,0.721435832977295,0.021023035049438477
0.3,5,2.15443,0.1,50,0.6533333333333334,0.09797958971132716,71,0.5333333333333333,0.8,0.7333333333333334,0.6,0.6,0.7328701019287109,0.02080192565917969
0.3,5,2.15443,0.3,5,0.4833333333333334,0.15238839267549947,792,0.18333333333333335,0.55,0.5666666666666667,0.5166666666666667,0.6000000000000001,0.7805953979492187,0.021335935592651366
0.3,5,2.15443,0.3,10,0.5133333333333334,0.19955506062794354,736,0.26666666666666666,0.8,0.6666666666666666,0.3333333333333333,0.5,0.783987283706665,0.020958518981933592
0.3,5,2.15443,0.3,20,0.5333333333333334,0.15599145275730122,677,0.45,0.8,0.5833333333333334,0.3333333333333333,0.5,0.7895174503326416,0.021027803421020508
0.3,5,2.15443,0.3,50,0.6199999999999999,0.08781293248212993,190,0.5333333333333333,0.7166666666666667,0.65,0.5,0.7,0.8021399021148682,0.02093396186828613
0.3,5,2.15443,0.5,5,0.5233333333333333,0.11766241729815193,721,0.35,0.55,0.5666666666666667,0.45,0.7,0.8257927894592285,0.020882320404052735
0.3,5,2.15443,0.5,10,0.5933333333333334,0.18755739862180268,319,0.26666666666666666,0.7166666666666667,0.6666666666666666,0.5166666666666667,0.8,0.8272557735443116,0.020885801315307616
0.3,5,2.15443,0.5,20,0.6033333333333333,0.1284090685617215,281,0.5333333333333333,0.8,0.6666666666666666,0.4166666666666667,0.6000000000000001,0.8356509685516358,0.021007299423217773
0.3,5,2.15443,0.5,50,0.64,0.10252370999486465,105,0.5333333333333333,0.7166666666666667,0.75,0.5,0.7,0.8435233116149903,0.021107053756713866
0.3,5,2.15443,0.7,5,0.63,0.15684387141358122,150,0.35,0.8166666666666667,0.6666666666666666,0.7166666666666667,0.6,0.825172233581543,0.020839786529541014
0.3,5,2.15443,0.7,10,0.5433333333333333,0.18123036292090916,626,0.26666666666666666,0.6333333333333333,0.5833333333333334,0.43333333333333335,0.8,0.8350848197937012,0.021256685256958008
0.3,5,2.15443,0.7,20,0.5900000000000001,0.12935738607954836,364,0.45,0.7166666666666667,0.6666666666666666,0.4166666666666667,0.7,0.8353255748748779,0.020922088623046876
0.3,5,2.15443,0.7,50,0.5866666666666667,0.10614455552060437,377,0.45,0.7166666666666667,0.5666666666666667,0.5,0.7,0.8543622970581055,0.021030950546264648
0.3,5,2.15443,0.9,5,0.61,0.15077577170531523,252,0.35,0.8166666666666667,0.6666666666666666,0.6166666666666667,0.6,0.8883749961853027,0.021858406066894532
0.3,5,2.15443,0.9,10,0.5199999999999999,0.15684387141358122,729,0.26666666666666666,0.45,0.6666666666666666,0.5166666666666667,0.7,0.8976532459259033,0.02095685005187988
0.3,5,2.15443,0.9,20,0.61,0.10677078252031309,252,0.45,0.7166666666666667,0.6666666666666666,0.5166666666666667,0.7,0.8902682781219482,0.021036338806152344
0.3,5,2.15443,0.9,50,0.6566666666666666,0.12183777921664712,66,0.45,0.8,0.7333333333333334,0.6,0.7,0.9006247997283936,0.02094416618347168
0.3,5,7.74264,0.1,5,0.63,0.13999999999999999,150,0.5666666666666667,0.8166666666666667,0.6666666666666666,0.7,0.4,0.7583191871643067,0.02092456817626953
0.3,5,7.74264,0.1,10,0.5,0.13498971154211056,764,0.3666666666666667,0.6333333333333333,0.6666666666666666,0.3333333333333333,0.5,0.7645332336425781,0.020851612091064453
0.3,5,7.74264,0.1,20,0.6066666666666667,0.12138094304022083,270,0.45,0.8,0.6666666666666666,0.5166666666666667,0.6,0.7693183422088623,0.020882511138916017
0.3,5,7.74264,0.1,50,0.5833333333333334,0.12427567921538168,391,0.35,0.7166666666666667,0.65,0.6,0.6,0.778946828842163,0.02096271514892578
0.3,5,7.74264,0.3,5,0.5366666666666667,0.09153020145163987,669,0.3666666666666667,0.6166666666666667,0.5833333333333334,0.5166666666666667,0.6000000000000001,0.9553464889526367,0.020882892608642577
0.3,5,7.74264,0.3,10,0.5233333333333333,0.15549205052920803,721,0.3833333333333333,0.7333333333333334,0.6666666666666666,0.3333333333333333,0.5,0.9607067584991456,0.021001482009887697
0.3,5,7.74264,0.3,20,0.5333333333333334,0.14102797200870787,677,0.45,0.7166666666666667,0.6666666666666666,0.3333333333333333,0.5,0.9678800582885743,0.020903348922729492
0.3,5,7.74264,0.3,50,0.6200000000000001,0.11990737165736633,181,0.45,0.7166666666666667,0.7333333333333334,0.5,0.7,0.9759687423706055,0.021210718154907226
0.3,5,7.74264,0.5,5,0.4866666666666667,0.15434449203720302,790,0.18333333333333335,0.55,0.5833333333333334,0.5166666666666667,0.6000000000000001,1.0432083129882812,0.02087578773498535
0.3,5,7.74264,0.5,10,0.5,0.1813529401164726,764,0.26666666666666666,0.7333333333333334,0.6666666666666666,0.3333333333333333,0.5,1.049668264389038,0.02088170051574707
0.3,5,7.74264,0.5,20,0.55,0.16465452046971293,596,0.45,0.8,0.6666666666666666,0.3333333333333333,0.5,1.0535322666168212,0.020887088775634766
0.3,5,7.74264,0.5,50,0.6199999999999999,0.08781293248212993,190,0.5333333333333333,0.7166666666666667,0.65,0.5,0.7,1.0818498611450196,0.022020673751831053
0.3,5,7.74264,0.7,5,0.5766666666666667,0.05228129047119372,423,0.55,0.55,0.6666666666666666,0.5166666666666667,0.6000000000000001,1.1163856506347656,0.020959138870239258
0.3,5,7.74264,0.7,10,0.4966666666666667,0.1771377367411523,776,0.26666666666666666,0.7166666666666667,0.6666666666666666,0.3333333333333333,0.5,1.1260806560516357,0.020850515365600585
0.3,5,7.74264,0.7,20,0.5533333333333335,0.14197026292697904,559,0.45,0.7166666666666667,0.6666666666666666,0.3333333333333333,0.6,1.1263706684112549,0.020698690414428712
0.3,5,7.74264,0.7,50,0.6566666666666666,0.11907047399661169,66,0.5333333333333333,0.8,0.75,0.5,0.7,1.1348073482513428,0.02088785171508789
0.3,5,7.74264,0.9,5,0.5599999999999999,0.08069145624606801,510,0.55,0.5333333333333333,0.5666666666666667,0.45,0.7,1.200289535522461,0.020786476135253907
0.3,5,7.74264,0.9,10,0.5966666666666667,0.1674647558277396,313,0.3666666666666667,0.7166666666666667,0.6666666666666666,0.43333333333333335,0.8,1.2103649616241454,0.021213865280151366
0.3,5,7.74264,0.9,20,0.5733333333333333,0.15003703246569197,465,0.3666666666666667,0.7166666666666667,0.6666666666666666,0.4166666666666667,0.7,1.2140084743499755,0.020948457717895507
0.3,5,7.74264,0.9,50,0.6066666666666667,0.14007934259633797,270,0.6333333333333333,0.7166666666666667,0.65,0.3333333333333333,0.7,1.2182313919067382,0.02115154266357422
0.3,5,27.8256,0.1,5,0.5533333333333333,0.09568466729604881,562,0.5666666666666667,0.6333333333333333,0.6666666666666666,0.5,0.4,0.7435972213745117,0.020947790145874022
0.3,5,27.8256,0.1,10,0.4966666666666667,0.2459448899426229,776,0.2833333333333333,0.9,0.6666666666666666,0.3333333333333333,0.3,0.7480172157287598,0.02091073989868164
0.3,5,27.8256,0.1,20,0.55,0.11925695879998877,596,0.43333333333333335,0.7166666666666667,0.6666666666666666,0.43333333333333335,0.5,0.7519196033477783,0.0209320068359375
0.3,5,27.8256,0.1,50,0.5666666666666667,0.10903618155864085,482,0.5333333333333333,0.7166666666666667,0.3833333333333333,0.6,0.6,0.76712064743042,0.0207949161529541
0.3,5,27.8256,0.3,5,0.65,0.10954451150103321,83,0.5666666666666667,0.8166666666666667,0.6666666666666666,0.7,0.5,0.8821888446807862,0.02094693183898926
0.3,5,27.8256,0.3,10,0.47999999999999987,0.1586050300449376,798,0.26666666666666666,0.6333333333333333,0.6666666666666666,0.3333333333333333,0.5,0.8848756790161133,0.02067875862121582
0.3,5,27.8256,0.3,20,0.57,0.141578403877302,477,0.45,0.8,0.6666666666666666,0.43333333333333335,0.5,0.8893907546997071,0.022002172470092774
0.3,5,27.8256,0.3,50,0.5466666666666666,0.12083045973594572,621,0.35,0.7166666666666667,0.5666666666666667,0.5,0.6,0.9011053562164306,0.02101616859436035
0.3,5,27.8256,0.5,5,0.5933333333333334,0.14243907079480997,319,0.3666666666666667,0.8166666666666667,0.5833333333333334,0.6,0.6000000000000001,1.090809154510498,0.020931529998779296
0.3,5,27.8256,0.5,10,0.4833333333333333,0.1577621275493231,795,0.3666666666666667,0.6333333333333333,0.6666666666666666,0.25,0.5,1.1012628078460693,0.020841026306152345
0.3,5,27.8256,0.5,20,0.5866666666666667,0.09966610925150701,377,0.45,0.7166666666666667,0.6666666666666666,0.6,0.5,1.1064963340759277,0.021094655990600585
0.3,5,27.8256,0.5,50,0.6,0.12247448713915891,292,0.45,0.8,0.65,0.5,0.6,1.1135788917541505,0.02090940475463867
0.3,5,27.8256,0.7,5,0.5366666666666667,0.09153020145163987,669,0.3666666666666667,0.6166666666666667,0.5833333333333334,0.5166666666666667,0.6000000000000001,1.2052855968475342,0.02071833610534668
0.3,5,27.8256,0.7,10,0.4833333333333334,0.20439612955674524,792,0.18333333333333335,0.7333333333333334,0.6666666666666666,0.3333333333333333,0.5,1.209254789352417,0.020823287963867187
0.3,5,27.8256,0.7,20,0.5533333333333333,0.1161416759345623,562,0.45,0.7166666666666667,0.6666666666666666,0.43333333333333335,0.5,1.213211965560913,0.020808601379394533
0.3,5,27.8256,0.7,50,0.6199999999999999,0.08781293248212993,190,0.5333333333333333,0.7166666666666667,0.65,0.5,0.7,1.2262075901031495,0.020971965789794923
0.3,5,27.8256,0.9,5,0.5233333333333333,0.07644896627453146,721,0.3833333333333333,0.5333333333333333,0.5833333333333334,0.5166666666666667,0.6000000000000001,1.2560131072998046,0.020918893814086913
0.3,5,27.8256,0.9,10,0.5,0.1946506842754191,764,0.18333333333333335,0.7333333333333334,0.6666666666666666,0.4166666666666667,0.5,1.2590561389923096,0.02081451416015625
0.3,5,27.8256,0.9,20,0.5533333333333333,0.1161416759345623,562,0.45,0.7166666666666667,0.6666666666666666,0.43333333333333335,0.5,1.2702988624572753,0.020884943008422852
0.3,5,27.8256,0.9,50,0.64,0.06716480559869961,105,0.5333333333333333,0.7166666666666667,0.65,0.6,0.7,1.2770777225494385,0.021035003662109374
0.3,5,100.0,0.1,5,0.5533333333333333,0.09568466729604881,562,0.5666666666666667,0.6333333333333333,0.6666666666666666,0.5,0.4,0.8000088214874268,0.02092852592468262
0.3,5,100.0,0.1,10,0.4966666666666667,0.2459448899426229,776,0.2833333333333333,0.9,0.6666666666666666,0.3333333333333333,0.3,0.796607780456543,0.020984458923339843
0.3,5,100.0,0.1,20,0.5666666666666667,0.1386442289539028,482,0.43333333333333335,0.7166666666666667,0.75,0.43333333333333335,0.5,0.8006081104278564,0.021122169494628907
0.3,5,100.0,0.1,50,0.5633333333333332,0.09568466729604881,502,0.43333333333333335,0.7166666666666667,0.5666666666666667,0.6,0.5,0.8113770961761475,0.020959854125976562
0.3,5,100.0,0.3,5,0.5533333333333333,0.09568466729604881,562,0.5666666666666667,0.6333333333333333,0.6666666666666666,0.5,0.4,0.8025811195373536,0.02103705406188965
0.3,5,100.0,0.3,10,0.4966666666666667,0.2459448899426229,776,0.2833333333333333,0.9,0.6666666666666666,0.3333333333333333,0.3,0.8070588111877441,0.021008968353271484
0.3,5,100.0,0.3,20,0.5666666666666667,0.1386442289539028,482,0.43333333333333335,0.7166666666666667,0.75,0.43333333333333335,0.5,0.8108243465423584,0.020847892761230467
0.3,5,100.0,0.3,50,0.5633333333333332,0.1024152766382481,502,0.5333333333333333,0.7166666666666667,0.5666666666666667,0.6,0.4,0.8215349674224853,0.020944976806640626
0.3,5,100.0,0.5,5,0.5533333333333333,0.09568466729604881,562,0.5666666666666667,0.6333333333333333,0.6666666666666666,0.5,0.4,0.8314931869506836,0.021006298065185548
0.3,5,100.0,0.5,10,0.5133333333333334,0.236267268622258,736,0.26666666666666666,0.9,0.6666666666666666,0.3333333333333333,0.4,0.8303122520446777,0.020767879486083985
0.3,5,100.0,0.5,20,0.5866666666666667,0.14079141387961916,377,0.43333333333333335,0.8,0.6666666666666666,0.43333333333333335,0.6,0.8341407299041748,0.020765924453735353
0.3,5,100.0,0.5,50,0.5866666666666667,0.08524474568362947,377,0.45,0.7166666666666667,0.5666666666666667,0.6,0.6,0.845526933670044,0.020959091186523438
0.3,5,100.0,0.7,5,0.5533333333333333,0.09568466729604881,562,0.5666666666666667,0.6333333333333333,0.6666666666666666,0.5,0.4,0.8733767032623291,0.020888328552246094
0.3,5,100.0,0.7,10,0.5333333333333334,0.22997584414213787,677,0.26666666666666666,0.9,0.6666666666666666,0.3333333333333333,0.5,0.8770835876464844,0.0211639404296875
0.3,5,100.0,0.7,20,0.6,0.14643921757659198,292,0.43333333333333335,0.8,0.75,0.5166666666666667,0.5,0.8836645603179931,0.021120643615722655
0.3,5,100.0,0.7,50,0.55,0.12427567921538166,596,0.35,0.7166666666666667,0.48333333333333334,0.6,0.6,0.8940798759460449,0.020913410186767577
0.3,5,100.0,0.9,5,0.5933333333333333,0.10624918300339482,363,0.5666666666666667,0.6333333333333333,0.6666666666666666,0.7,0.4,0.9308818340301513,0.02095165252685547
0.3,5,100.0,0.9,10,0.4966666666666667,0.13840359661351131,776,0.35,0.6333333333333333,0.6666666666666666,0.3333333333333333,0.5,0.9396511077880859,0.020968866348266602
0.3,5,100.0,0.9,20,0.5666666666666667,0.13944333775567927,482,0.45,0.8,0.65,0.43333333333333335,0.5,0.940552043914795,0.020652294158935547
0.3,5,100.0,0.9,50,0.5266666666666666,0.13441230102437302,716,0.35,0.7166666666666667,0.5666666666666667,0.6,0.4,0.9515254497528076,0.02075810432434082
