param_clf__max_features,param_clf__min_samples_leaf,param_selector__C,param_selector__l1_ratio,param_selector__top_k,mean_test_score,std_test_score,rank_test_score,split0_test_score,split1_test_score,split2_test_score,split3_test_score,split4_test_score,mean_fit_time,mean_score_time
sqrt,1,0.001,0.1,5,0.5733333333333334,0.12978614889287857,625,0.7166666666666667,0.5166666666666667,0.6166666666666667,0.35,0.6666666666666666,0.4876848697662354,0.021753883361816405
sqrt,1,0.001,0.1,10,0.5533333333333333,0.12927146286443544,673,0.7166666666666667,0.5166666666666667,0.5166666666666667,0.35,0.6666666666666666,0.4819809913635254,0.02226290702819824
sqrt,1,0.001,0.1,20,0.58,0.1644519517805868,609,0.8,0.6166666666666667,0.5333333333333333,0.65,0.3,0.4919863224029541,0.022184419631958007
sqrt,1,0.001,0.1,50,0.39333333333333337,0.12762793146051096,753,0.6,0.3666666666666667,0.25,0.4666666666666667,0.2833333333333333,0.5029398441314697,0.021787691116333007
sqrt,1,0.001,0.3,5,0.5733333333333334,0.12978614889287857,625,0.7166666666666667,0.5166666666666667,0.6166666666666667,0.35,0.6666666666666666,0.48232135772705076,0.022153139114379883
sqrt,1,0.001,0.3,10,0.5533333333333333,0.12927146286443544,673,0.7166666666666667,0.5166666666666667,0.5166666666666667,0.35,0.6666666666666666,0.48209195137023925,0.022325420379638673
sqrt,1,0.001,0.3,20,0.58,0.1644519517805868,609,0.8,0.6166666666666667,0.5333333333333333,0.65,0.3,0.4931193828582764,0.021914100646972655
sqrt,1,0.001,0.3,50,0.39333333333333337,0.12762793146051096,753,0.6,0.3666666666666667,0.25,0.4666666666666667,0.2833333333333333,0.5017743110656738,0.021819067001342774
sqrt,1,0.001,0.5,5,0.5733333333333334,0.12978614889287857,625,0.7166666666666667,0.5166666666666667,0.6166666666666667,0.35,0.6666666666666666,0.48348631858825686,0.022153615951538086
sqrt,1,0.001,0.5,10,0.5533333333333333,0.12927146286443544,673,0.7166666666666667,0.5166666666666667,0.5166666666666667,0.35,0.6666666666666666,0.4853517532348633,0.02219381332397461
sqrt,1,0.001,0.5,20,0.58,0.1644519517805868,609,0.8,0.6166666666666667,0.5333333333333333,0.65,0.3,0.4928281307220459,0.021968317031860352
sqrt,1,0.001,0.5,50,0.39333333333333337,0.12762793146051096,753,0.6,0.3666666666666667,0.25,0.4666666666666667,0.2833333333333333,0.499704647064209,0.02218947410583496
sqrt,1,0.001,0.7,5,0.5733333333333334,0.12978614889287857,625,0.7166666666666667,0.5166666666666667,0.6166666666666667,0.35,0.6666666666666666,0.4817141056060791,0.02222156524658203
sqrt,1,0.001,0.7,10,0.5533333333333333,0.12927146286443544,673,0.7166666666666667,0.5166666666666667,0.5166666666666667,0.35,0.6666666666666666,0.48426132202148436,0.022272491455078126
sqrt,1,0.001,0.7,20,0.58,0.1644519517805868,609,0.8,0.6166666666666667,0.5333333333333333,0.65,0.3,0.4936522960662842,0.022190570831298828
sqrt,1,0.001,0.7,50,0.39333333333333337,0.12762793146051096,753,0.6,0.3666666666666667,0.25,0.4666666666666667,0.2833333333333333,0.4975858211517334,0.021628141403198242
sqrt,1,0.001,0.9,5,0.5733333333333334,0.12978614889287857,625,0.7166666666666667,0.5166666666666667,0.6166666666666667,0.35,0.6666666666666666,0.48100895881652833,0.02164115905761719
sqrt,1,0.001,0.9,10,0.5533333333333333,0.12927146286443544,673,0.7166666666666667,0.5166666666666667,0.5166666666666667,0.35,0.6666666666666666,0.4857443332672119,0.02187342643737793
sqrt,1,0.001,0.9,20,0.58,0.1644519517805868,609,0.8,0.6166666666666667,0.5333333333333333,0.65,0.3,0.49485955238342283,0.022058868408203126
sqrt,1,0.001,0.9,50,0.39333333333333337,0.12762793146051096,753,0.6,0.3666666666666667,0.25,0.4666666666666667,0.2833333333333333,0.4982906818389893,0.021977996826171874
sqrt,1,0.00359381,0.1,5,0.5733333333333334,0.12978614889287857,625,0.7166666666666667,0.5166666666666667,0.6166666666666667,0.35,0.6666666666666666,0.48077874183654784,0.021564817428588866
sqrt,1,0.00359381,0.1,10,0.5533333333333333,0.12927146286443544,673,0.7166666666666667,0.5166666666666667,0.5166666666666667,0.35,0.6666666666666666,0.4833580493927002,0.021492147445678712
sqrt,1,0.00359381,0.1,20,0.58,0.1644519517805868,609,0.8,0.6166666666666667,0.5333333333333333,0.65,0.3,0.4915860652923584,0.021795034408569336
sqrt,1,0.00359381,0.1,50,0.39333333333333337,0.12762793146051096,753,0.6,0.3666666666666667,0.25,0.4666666666666667,0.2833333333333333,0.4975433349609375,0.021770143508911134
sqrt,1,0.00359381,0.3,5,0.5733333333333334,0.12978614889287857,625,0.7166666666666667,0.5166666666666667,0.6166666666666667,0.35,0.6666666666666666,0.4797981262207031,0.021625280380249023
sqrt,1,0.00359381,0.3,10,0.5533333333333333,0.12927146286443544,673,0.7166666666666667,0.5166666666666667,0.5166666666666667,0.35,0.6666666666666666,0.48364601135253904,0.02157120704650879
sqrt,1,0.00359381,0.3,20,0.58,0.1644519517805868,609,0.8,0.6166666666666667,0.5333333333333333,0.65,0.3,0.496324348449707,0.02208423614501953
sqrt,1,0.00359381,0.3,50,0.39333333333333337,0.12762793146051096,753,0.6,0.3666666666666667,0.25,0.4666666666666667,0.2833333333333333,0.497051477432251,0.02178678512573242
sqrt,1,0.00359381,0.5,5,0.5733333333333334,0.12978614889287857,625,0.7166666666666667,0.5166666666666667,0.6166666666666667,0.35,0.6666666666666666,0.4811838626861572,0.021698570251464842
sqrt,1,0.00359381,0.5,10,0.5533333333333333,0.12927146286443544,673,0.7166666666666667,0.5166666666666667,0.5166666666666667,0.35,0.6666666666666666,0.4845996379852295,0.021622991561889647
sqrt,1,0.00359381,0.5,20,0.58,0.1644519517805868,609,0.8,0.6166666666666667,0.5333333333333333,0.65,0.3,0.4951775074005127,0.021964120864868163
sqrt,1,0.00359381,0.5,50,0.39333333333333337,0.12762793146051096,753,0.6,0.3666666666666667,0.25,0.4666666666666667,0.2833333333333333,0.49846925735473635,0.021744585037231444
sqrt,1,0.00359381,0.7,5,0.5733333333333334,0.12978614889287857,625,0.7166666666666667,0.5166666666666667,0.6166666666666667,0.35,0.6666666666666666,0.48061528205871584,0.02156352996826172
sqrt,1,0.00359381,0.7,10,0.5533333333333333,0.12927146286443544,673,0.7166666666666667,0.5166666666666667,0.5166666666666667,0.35,0.6666666666666666,0.48243041038513185,0.022002696990966797
sqrt,1,0.00359381,0.7,20,0.58,0.1644519517805868,609,0.8,0.6166666666666667,0.5333333333333333,0.65,0.3,0.4923427581787109,0.021951723098754882
sqrt,1,0.00359381,0.7,50,0.39333333333333337,0.12762793146051096,753,0.6,0.3666666666666667,0.25,0.4666666666666667,0.2833333333333333,0.4971560001373291,0.021536636352539062
sqrt,1,0.00359381,0.9,5,0.5733333333333334,0.12978614889287857,625,0.7166666666666667,0.5166666666666667,0.6166666666666667,0.35,0.6666666666666666,0.4800291061401367,0.021494722366333006
sqrt,1,0.00359381,0.9,10,0.5533333333333333,0.12927146286443544,673,0.7166666666666667,0.5166666666666667,0.5166666666666667,0.35,0.6666666666666666,0.48396830558776854,0.02130403518676758
sqrt,1,0.00359381,0.9,20,0.58,0.1644519517805868,609,0.8,0.6166666666666667,0.5333333333333333,0.65,0.3,0.49315681457519533,0.02148432731628418
sqrt,1,0.00359381,0.9,50,0.39333333333333337,0.12762793146051096,753,0.6,0.3666666666666667,0.25,0.4666666666666667,0.2833333333333333,0.4963097095489502,0.02163705825805664
sqrt,1,0.0129155,0.1,5,0.72,0.0865383665716478,407,0.7333333333333334,0.8166666666666667,0.5833333333333334,0.8,0.6666666666666666,0.48944091796875,0.021527576446533202
sqrt,1,0.0129155,0.1,10,0.7,0.1813529401164726,474,0.8166666666666667,0.9166666666666667,0.48333333333333334,0.8,0.48333333333333334,0.49463481903076173,0.02172846794128418
sqrt,1,0.0129155,0.1,20,0.71,0.16619934483090548,447,0.8166666666666667,0.8166666666666667,0.3833333333333333,0.8,0.7333333333333334,0.49552011489868164,0.021774816513061523
sqrt,1,0.0129155,0.1,50,0.7133333333333334,0.13759844960366863,418,0.7166666666666667,0.9166666666666667,0.48333333333333334,0.7166666666666667,0.7333333333333334,0.5028796672821045,0.021520376205444336
sqrt,1,0.0129155,0.3,5,0.5733333333333334,0.12978614889287857,625,0.7166666666666667,0.5166666666666667,0.6166666666666667,0.35,0.6666666666666666,0.4786380767822266,0.021461963653564453
sqrt,1,0.0129155,0.3,10,0.5533333333333333,0.12927146286443544,673,0.7166666666666667,0.5166666666666667,0.5166666666666667,0.35,0.6666666666666666,0.48388099670410156,0.021717262268066407
sqrt,1,0.0129155,0.3,20,0.58,0.1644519517805868,609,0.8,0.6166666666666667,0.5333333333333333,0.65,0.3,0.4931612014770508,0.021611547470092772
sqrt,1,0.0129155,0.3,50,0.39333333333333337,0.12762793146051096,753,0.6,0.3666666666666667,0.25,0.4666666666666667,0.2833333333333333,0.497271728515625,0.021717596054077148
sqrt,1,0.0129155,0.5,5,0.5733333333333334,0.12978614889287857,625,0.7166666666666667,0.5166666666666667,0.6166666666666667,0.35,0.6666666666666666,0.4799297332763672,0.02194490432739258
sqrt,1,0.0129155,0.5,10,0.5533333333333333,0.12927146286443544,673,0.7166666666666667,0.5166666666666667,0.5166666666666667,0.35,0.6666666666666666,0.4809865474700928,0.0213869571685791
sqrt,1,0.0129155,0.5,20,0.58,0.1644519517805868,609,0.8,0.6166666666666667,0.5333333333333333,0.65,0.3,0.49371089935302737,0.021638011932373045
sqrt,1,0.0129155,0.5,50,0.39333333333333337,0.12762793146051096,753,0.6,0.3666666666666667,0.25,0.4666666666666667,0.2833333333333333,0.4982941150665283,0.02181072235107422
sqrt,1,0.0129155,0.7,5,0.5733333333333334,0.12978614889287857,625,0.7166666666666667,0.5166666666666667,0.6166666666666667,0.35,0.6666666666666666,0.48096914291381837,0.021392679214477538
sqrt,1,0.0129155,0.7,10,0.5533333333333333,0.12927146286443544,673,0.7166666666666667,0.5166666666666667,0.5166666666666667,0.35,0.6666666666666666,0.48388967514038084,0.02133932113647461
sqrt,1,0.0129155,0.7,20,0.58,0.1644519517805868,609,0.8,0.6166666666666667,0.5333333333333333,0.65,0.3,0.4915469169616699,0.021560192108154297
sqrt,1,0.0129155,0.7,50,0.39333333333333337,0.12762793146051096,753,0.6,0.3666666666666667,0.25,0.4666666666666667,0.2833333333333333,0.5002365589141846,0.02159295082092285
sqrt,1,0.0129155,0.9,5,0.5733333333333334,0.12978614889287857,625,0.7166666666666667,0.5166666666666667,0.6166666666666667,0.35,0.6666666666666666,0.4846395492553711,0.021663427352905273
sqrt,1,0.0129155,0.9,10,0.5533333333333333,0.12927146286443544,673,0.7166666666666667,0.5166666666666667,0.5166666666666667,0.35,0.6666666666666666,0.4816728591918945,0.021867847442626952
sqrt,1,0.0129155,0.9,20,0.58,0.1644519517805868,609,0.8,0.6166666666666667,0.5333333333333333,0.65,0.3,0.4905884265899658,0.02181563377380371
sqrt,1,0.0129155,0.9,50,0.39333333333333337,0.12762793146051096,753,0.6,0.3666666666666667,0.25,0.4666666666666667,0.2833333333333333,0.49815893173217773,0.021692752838134766
sqrt,1,0.0464159,0.1,5,0.7566666666666666,0.12183777921664711,257,0.8333333333333333,0.9,0.5666666666666667,0.8166666666666667,0.6666666666666666,0.5004980564117432,0.021566009521484374
sqrt,1,0.0464159,0.1,10,0.7966666666666666,0.08124038404635961,96,0.8166666666666667,0.8166666666666667,0.65,0.8,0.9,0.502886152267456,0.021661376953125
sqrt,1,0.0464159,0.1,20,0.82,0.10821788720498618,29,0.7333333333333334,0.9,0.65,0.9,0.9166666666666667,0.5051301956176758,0.021550655364990234
sqrt,1,0.0464159,0.1,50,0.7866666666666667,0.11709445380166865,106,0.8333333333333333,0.8166666666666667,0.5666666666666667,0.8,0.9166666666666667,0.5118894577026367,0.02128181457519531
sqrt,1,0.0464159,0.3,5,0.72,0.0865383665716478,407,0.7333333333333334,0.8166666666666667,0.5833333333333334,0.8,0.6666666666666666,0.5003065586090087,0.02145099639892578
sqrt,1,0.0464159,0.3,10,0.7533333333333332,0.17172329163188343,266,1.0,0.8166666666666667,0.48333333333333334,0.8,0.6666666666666666,0.5031447410583496,0.021476888656616212
sqrt,1,0.0464159,0.3,20,0.7300000000000001,0.1442990721460891,361,0.9166666666666667,0.8166666666666667,0.48333333333333334,0.7,0.7333333333333334,0.5085520267486572,0.021544504165649413
sqrt,1,0.0464159,0.3,50,0.7366666666666667,0.16713268182295568,327,0.7333333333333334,0.9166666666666667,0.48333333333333334,0.6333333333333333,0.9166666666666667,0.5149002552032471,0.021459054946899415
sqrt,1,0.0464159,0.5,5,0.71,0.21617893822787948,447,0.55,0.9166666666666667,0.3666666666666667,0.9,0.8166666666666667,0.4959801197052002,0.021655559539794922
sqrt,1,0.0464159,0.5,10,0.66,0.17275544693133255,525,0.4666666666666667,0.9166666666666667,0.4666666666666667,0.7166666666666667,0.7333333333333334,0.5018772125244141,0.021736288070678712
sqrt,1,0.0464159,0.5,20,0.6766666666666667,0.12000000000000001,511,0.7333333333333334,0.6333333333333333,0.4666666666666667,0.8166666666666667,0.7333333333333334,0.5045586109161377,0.02171316146850586
sqrt,1,0.0464159,0.5,50,0.6766666666666667,0.12046207333061766,511,0.6333333333333333,0.7166666666666667,0.4666666666666667,0.8166666666666667,0.75,0.5103923797607421,0.021779298782348633
sqrt,1,0.0464159,0.7,5,0.5733333333333334,0.12978614889287857,625,0.7166666666666667,0.5166666666666667,0.6166666666666667,0.35,0.6666666666666666,0.47929906845092773,0.021844816207885743
sqrt,1,0.0464159,0.7,10,0.5533333333333333,0.12927146286443544,673,0.7166666666666667,0.5166666666666667,0.5166666666666667,0.35,0.6666666666666666,0.48353099822998047,0.02155609130859375
sqrt,1,0.0464159,0.7,20,0.58,0.1644519517805868,609,0.8,0.6166666666666667,0.5333333333333333,0.65,0.3,0.4934647560119629,0.02169942855834961
sqrt,1,0.0464159,0.7,50,0.39333333333333337,0.12762793146051096,753,0.6,0.3666666666666667,0.25,0.4666666666666667,0.2833333333333333,0.49688239097595216,0.021477508544921874
sqrt,1,0.0464159,0.9,5,0.5733333333333334,0.12978614889287857,625,0.7166666666666667,0.5166666666666667,0.6166666666666667,0.35,0.6666666666666666,0.48024611473083495,0.02147336006164551
sqrt,1,0.0464159,0.9,10,0.5533333333333333,0.12927146286443544,673,0.7166666666666667,0.5166666666666667,0.5166666666666667,0.35,0.6666666666666666,0.4819654941558838,0.02190108299255371
sqrt,1,0.0464159,0.9,20,0.58,0.1644519517805868,609,0.8,0.6166666666666667,0.5333333333333333,0.65,0.3,0.489500617980957,0.021804618835449218
sqrt,1,0.0464159,0.9,50,0.39333333333333337,0.12762793146051096,753,0.6,0.3666666666666667,0.25,0.4666666666666667,0.2833333333333333,0.49783711433410643,0.02150135040283203
sqrt,1,0.16681,0.1,5,0.7133333333333334,0.10349449797506681,418,0.65,0.9,0.65,0.6166666666666667,0.75,0.5337037086486817,0.021417999267578126
sqrt,1,0.16681,0.1,10,0.7133333333333334,0.02666666666666671,418,0.7333333333333334,0.7,0.7333333333333334,0.7333333333333334,0.6666666666666666,0.5374997615814209,0.021582317352294923
sqrt,1,0.16681,0.1,20,0.7833333333333332,0.11303883305208781,169,0.8166666666666667,0.9,0.5666666666666667,0.8166666666666667,0.8166666666666667,0.536097526550293,0.021611118316650392
sqrt,1,0.16681,0.1,50,0.7633333333333334,0.1755625877635159,242,0.8333333333333333,0.9166666666666667,0.45,0.7,0.9166666666666667,0.5553964614868164,0.02165541648864746
sqrt,1,0.16681,0.3,5,0.7700000000000001,0.13880441875771343,192,0.65,0.9,0.5666666666666667,0.8166666666666667,0.9166666666666667,0.5374908447265625,0.02175278663635254
sqrt,1,0.16681,0.3,10,0.8166666666666668,0.12516655570345725,36,0.8166666666666667,0.9,0.65,0.7166666666666667,1.0,0.5412497520446777,0.021535110473632813
sqrt,1,0.16681,0.3,20,0.7833333333333334,0.10593499054713804,146,0.7333333333333334,0.7166666666666667,0.65,0.9,0.9166666666666667,0.5440356254577636,0.021845626831054687
sqrt,1,0.16681,0.3,50,0.7833333333333332,0.11352924243950935,169,0.8166666666666667,0.9,0.5666666666666667,0.8,0.8333333333333333,0.5483065605163574,0.021733427047729494
sqrt,1,0.16681,0.5,5,0.7733333333333332,0.11860297916438131,187,0.7333333333333334,0.9166666666666667,0.5666666666666667,0.8166666666666667,0.8333333333333333,0.5429999828338623,0.021852779388427734
sqrt,1,0.16681,0.5,10,0.8166666666666667,0.11105554165971787,43,0.8166666666666667,0.8166666666666667,0.65,0.8,1.0,0.5455374717712402,0.021694135665893555
sqrt,1,0.16681,0.5,20,0.8566666666666667,0.04294699575575046,3,0.8333333333333333,0.8166666666666667,0.8166666666666667,0.9,0.9166666666666667,0.5480322360992431,0.021666717529296876
sqrt,1,0.16681,0.5,50,0.8200000000000001,0.09451631252505219,25,0.8166666666666667,0.9,0.65,0.8166666666666667,0.9166666666666667,0.5550672531127929,0.021726655960083007
sqrt,1,0.16681,0.7,5,0.7733333333333332,0.11860297916438131,187,0.7333333333333334,0.9166666666666667,0.5666666666666667,0.8166666666666667,0.8333333333333333,0.5391627788543701,0.021370506286621092
sqrt,1,0.16681,0.7,10,0.7300000000000001,0.14391355429948602,361,0.8166666666666667,0.7166666666666667,0.48333333333333334,0.7166666666666667,0.9166666666666667,0.5412615776062012,0.02165231704711914
sqrt,1,0.16681,0.7,20,0.7466666666666667,0.18660713336371207,307,0.7333333333333334,0.9,0.48333333333333334,0.6166666666666667,1.0,0.5436205863952637,0.02180509567260742
sqrt,1,0.16681,0.7,50,0.7700000000000001,0.1613829124921361,192,0.7166666666666667,0.9166666666666667,0.48333333333333334,0.8166666666666667,0.9166666666666667,0.5518558979034424,0.021616506576538085
sqrt,1,0.16681,0.9,5,0.7699999999999999,0.11469767022723501,201,0.7333333333333334,0.9,0.5666666666666667,0.8166666666666667,0.8333333333333333,0.5438438415527344,0.021685123443603516
sqrt,1,0.16681,0.9,10,0.75,0.12516655570345728,269,0.65,0.8166666666666667,0.5666666666666667,0.8,0.9166666666666667,0.5476323127746582,0.0217618465423584
sqrt,1,0.16681,0.9,20,0.6966666666666667,0.12710450643291743,476,0.65,0.8166666666666667,0.48333333333333334,0.7,0.8333333333333333,0.5560777664184571,0.021963167190551757
sqrt,1,0.16681,0.9,50,0.72,0.1499629583893599,407,0.8166666666666667,0.9166666666666667,0.48333333333333334,0.6333333333333333,0.75,0.5592328071594238,0.021578407287597655
sqrt,1,0.599484,0.1,5,0.6900000000000001,0.05011098792790969,498,0.7333333333333334,0.7,0.65,0.6166666666666667,0.75,0.5999976634979248,0.021705102920532227
sqrt,1,0.599484,0.1,10,0.7266666666666668,0.016996731711975972,392,0.7333333333333334,0.7,0.7333333333333334,0.7166666666666667,0.75,0.6032051086425781,0.021674919128417968
sqrt,1,0.599484,0.1,20,0.7833333333333334,0.18135294011647257,146,0.7333333333333334,0.9,0.4666666666666667,0.8166666666666667,1.0,0.6047092914581299,0.021601152420043946
sqrt,1,0.599484,0.1,50,0.7333333333333332,0.1135292424395093,351,0.65,0.8166666666666667,0.55,0.8166666666666667,0.8333333333333333,0.6113815307617188,0.021567010879516603
sqrt,1,0.599484,0.3,5,0.7733333333333332,0.08273115763993905,187,0.65,0.9,0.75,0.8166666666666667,0.75,0.6168709754943847,0.02159848213195801
sqrt,1,0.599484,0.3,10,0.8166666666666668,0.05868938953886337,36,0.8166666666666667,0.8,0.7333333333333334,0.8166666666666667,0.9166666666666667,0.6194396018981934,0.021679258346557616
sqrt,1,0.599484,0.3,20,0.8366666666666667,0.0661647774709307,10,0.9166666666666667,0.8166666666666667,0.7333333333333334,0.8166666666666667,0.9,0.6210609912872315,0.02157878875732422
sqrt,1,0.599484,0.3,50,0.8233333333333333,0.13358309939675922,23,0.9166666666666667,0.8166666666666667,0.5666666666666667,0.9,0.9166666666666667,0.6278470039367676,0.021649265289306642
sqrt,1,0.599484,0.5,5,0.7333333333333334,0.12292725943057185,338,0.65,0.7166666666666667,0.5666666666666667,0.8166666666666667,0.9166666666666667,0.6471631050109863,0.021553564071655273
sqrt,1,0.599484,0.5,10,0.8300000000000001,0.116619037896906,19,0.9,0.8,0.65,0.8,1.0,0.6496611118316651,0.021635007858276368
sqrt,1,0.599484,0.5,20,0.8033333333333333,0.10666666666666669,68,0.9166666666666667,0.7166666666666667,0.65,0.8166666666666667,0.9166666666666667,0.6514678955078125,0.02158842086791992
sqrt,1,0.599484,0.5,50,0.8033333333333333,0.13224556283251582,68,0.9166666666666667,0.8166666666666667,0.55,0.9,0.8333333333333333,0.658588981628418,0.021575212478637695
sqrt,1,0.599484,0.7,5,0.75,0.14757295747452437,269,0.8166666666666667,0.7166666666666667,0.48333333333333334,0.8166666666666667,0.9166666666666667,0.6456127166748047,0.021495294570922852
sqrt,1,0.599484,0.7,10,0.8366666666666667,0.13140268896284682,10,0.9166666666666667,0.9,0.65,0.7166666666666667,1.0,0.6517638683319091,0.021750354766845705
sqrt,1,0.599484,0.7,20,0.7833333333333334,0.09249624617007739,146,0.9166666666666667,0.8,0.65,0.7166666666666667,0.8333333333333333,0.6542001247406006,0.021617364883422852
sqrt,1,0.599484,0.7,50,0.7866666666666667,0.10974718422102887,106,0.7166666666666667,0.9166666666666667,0.65,0.7333333333333334,0.9166666666666667,0.658989429473877,0.021634435653686522
sqrt,1,0.599484,0.9,5,0.75,0.14757295747452437,269,0.8166666666666667,0.7166666666666667,0.48333333333333334,0.8166666666666667,0.9166666666666667,0.6551551342010498,0.021563100814819335
sqrt,1,0.599484,0.9,10,0.8866666666666667,0.0725718035235908,1,0.9166666666666667,0.9,0.8166666666666667,0.8,1.0,0.6590245723724365,0.021809816360473633
sqrt,1,0.599484,0.9,20,0.7699999999999999,0.11990737165736634,201,0.8333333333333333,0.7166666666666667,0.5666666666666667,0.8166666666666667,0.9166666666666667,0.6602017879486084,0.021647024154663085
sqrt,1,0.599484,0.9,50,0.7566666666666667,0.1432170070596056,256,0.9166666666666667,0.9166666666666667,0.5666666666666667,0.6333333333333333,0.75,0.6681777954101562,0.02148137092590332
sqrt,1,2.15443,0.1,5,0.7300000000000001,0.055176484524156154,361,0.7333333333333334,0.7,0.65,0.8166666666666667,0.75,0.7119274139404297,0.02166433334350586
sqrt,1,2.15443,0.1,10,0.75,0.09486832980505139,269,0.8166666666666667,0.8,0.5666666666666667,0.8166666666666667,0.75,0.7144216060638428,0.021500682830810545
sqrt,1,2.15443,0.1,20,0.7833333333333334,0.1456784892227477,146,0.7333333333333334,0.8166666666666667,0.55,0.8166666666666667,1.0,0.7167200088500977,0.02165679931640625
sqrt,1,2.15443,0.1,50,0.75,0.15129074290546957,269,0.7333333333333334,0.9,0.4666666666666667,0.8166666666666667,0.8333333333333333,0.7274249076843262,0.021499061584472658
sqrt,1,2.15443,0.3,5,0.76,0.09225568335398698,250,0.7333333333333334,0.9,0.8,0.6166666666666667,0.75,0.7766931533813477,0.021455001831054688
sqrt,1,2.15443,0.3,10,0.7466666666666667,0.03858612300930075,307,0.7333333333333334,0.7,0.7333333333333334,0.8166666666666667,0.75,0.777488899230957,0.021644163131713866
sqrt,1,2.15443,0.3,20,0.8533333333333335,0.11025223605694151,5,0.9166666666666667,0.9,0.7333333333333334,0.7166666666666667,1.0,0.7801560878753662,0.02173891067504883
sqrt,1,2.15443,0.3,50,0.7666666666666666,0.12064640713902569,226,0.7333333333333334,0.9,0.55,0.8166666666666667,0.8333333333333333,0.784343671798706,0.02145991325378418
sqrt,1,2.15443,0.5,5,0.7366666666666667,0.09797958971132714,327,0.65,0.9166666666666667,0.65,0.7166666666666667,0.75,0.811737060546875,0.021714210510253906
sqrt,1,2.15443,0.5,10,0.7799999999999999,0.053124591501697405,182,0.8166666666666667,0.7,0.7333333333333334,0.8166666666666667,0.8333333333333333,0.815018892288208,0.02168278694152832
sqrt,1,2.15443,0.5,20,0.8033333333333333,0.10666666666666669,68,0.9166666666666667,0.8166666666666667,0.65,0.7166666666666667,0.9166666666666667,0.8159079074859619,0.021430063247680663
sqrt,1,2.15443,0.5,50,0.7700000000000001,0.09092121131323905,192,0.75,0.8166666666666667,0.65,0.7166666666666667,0.9166666666666667,0.8221822261810303,0.021399164199829103
sqrt,1,2.15443,0.7,5,0.75,0.14944341180973264,269,0.65,0.7166666666666667,0.5666666666666667,0.8166666666666667,1.0,0.8976351737976074,0.021921396255493164
sqrt,1,2.15443,0.7,10,0.8166666666666667,0.0691214711777591,43,0.9166666666666667,0.7,0.8166666666666667,0.8166666666666667,0.8333333333333333,0.9006137847900391,0.021612024307250975
sqrt,1,2.15443,0.7,20,0.8333333333333333,0.07149203529842407,18,0.8166666666666667,0.7166666666666667,0.8166666666666667,0.9,0.9166666666666667,0.901181411743164,0.02164316177368164
sqrt,1,2.15443,0.7,50,0.7966666666666666,0.1547040184782972,96,0.8166666666666667,0.9,0.55,0.7166666666666667,1.0,0.9110839366912842,0.021625804901123046
sqrt,1,2.15443,0.9,5,0.6966666666666667,0.13920408678547402,476,0.65,0.7166666666666667,0.48333333333333334,0.7166666666666667,0.9166666666666667,0.95726318359375,0.021369266510009765
sqrt,1,2.15443,0.9,10,0.8133333333333335,0.09030811456096048,50,0.9166666666666667,0.8,0.7333333333333334,0.7,0.9166666666666667,0.9602028846740722,0.02194952964782715
sqrt,1,2.15443,0.9,20,0.8133333333333332,0.10349449797506682,52,0.8166666666666667,0.7166666666666667,0.8166666666666667,0.7166666666666667,1.0,0.9599676132202148,0.02139906883239746
sqrt,1,2.15443,0.9,50,0.7666666666666668,0.13416407864998742,211,0.7166666666666667,0.9166666666666667,0.5666666666666667,0.7166666666666667,0.9166666666666667,0.9657746315002441,0.02145662307739258
sqrt,1,7.74264,0.1,5,0.7266666666666668,0.060184900284225934,392,0.7333333333333334,0.7,0.65,0.7166666666666667,0.8333333333333333,0.777918815612793,0.02145671844482422
sqrt,1,7.74264,0.1,10,0.7299999999999999,0.09273618495495704,382,0.8166666666666667,0.7,0.5666666666666667,0.8166666666666667,0.75,0.7808585166931152,0.021428537368774415
sqrt,1,7.74264,0.1,20,0.7133333333333333,0.13140268896284682,423,0.7333333333333334,0.8166666666666667,0.4666666666666667,0.7166666666666667,0.8333333333333333,0.7905120849609375,0.02149648666381836
sqrt,1,7.74264,0.1,50,0.7666666666666666,0.16766368453279054,226,0.75,0.9,0.45,0.9,0.8333333333333333,0.7952524185180664,0.02155923843383789
sqrt,1,7.74264,0.3,5,0.76,0.04294699575575042,250,0.7333333333333334,0.7,0.8,0.8166666666666667,0.75,0.942725944519043,0.02155156135559082
sqrt,1,7.74264,0.3,10,0.7266666666666668,0.016996731711975972,392,0.7333333333333334,0.7,0.7333333333333334,0.7166666666666667,0.75,0.9477606773376465,0.02164011001586914
sqrt,1,7.74264,0.3,20,0.8,0.10593499054713805,86,0.7333333333333334,0.9,0.6333333333333333,0.8166666666666667,0.9166666666666667,0.9478322029113769,0.02155776023864746
sqrt,1,7.74264,0.3,50,0.7366666666666667,0.12534397117975446,327,0.65,0.9166666666666667,0.5666666666666667,0.7166666666666667,0.8333333333333333,0.9534054279327393,0.021738529205322266
sqrt,1,7.74264,0.5,5,0.8,0.05868938953886336,86,0.7333333333333334,0.9,0.8,0.8166666666666667,0.75,1.0085029125213623,0.02180323600769043
sqrt,1,7.74264,0.5,10,0.7300000000000001,0.055176484524156154,361,0.7333333333333334,0.7,0.65,0.8166666666666667,0.75,1.0087597846984864,0.021634292602539063
sqrt,1,7.74264,0.5,20,0.82,0.10077477638553982,29,0.8333333333333333,0.8166666666666667,0.7333333333333334,0.7166666666666667,1.0,1.0129075527191163,0.02144279479980469
sqrt,1,7.74264,0.5,50,0.8099999999999999,0.13888444437333106,56,0.8333333333333333,1.0,0.5666666666666667,0.8166666666666667,0.8333333333333333,1.0218160629272461,0.021854448318481445
sqrt,1,7.74264,0.7,5,0.7533333333333334,0.08844332774281069,258,0.7333333333333334,0.9166666666666667,0.65,0.7166666666666667,0.75,1.065623664855957,0.02161707878112793
sqrt,1,7.74264,0.7,10,0.7633333333333333,0.07408703590297622,246,0.8166666666666667,0.7,0.65,0.8166666666666667,0.8333333333333333,1.0697887897491456,0.021726036071777345
sqrt,1,7.74264,0.7,20,0.8366666666666667,0.08781293248212993,10,0.8166666666666667,0.8166666666666667,0.7333333333333334,0.8166666666666667,1.0,1.0733047485351563,0.021465396881103514
sqrt,1,7.74264,0.7,50,0.7533333333333333,0.1266666666666667,259,0.65,0.8166666666666667,0.5666666666666667,0.8166666666666667,0.9166666666666667,1.0767318725585937,0.021750688552856445
sqrt,1,7.74264,0.9,5,0.7200000000000001,0.11661903789690603,406,0.65,0.9166666666666667,0.5666666666666667,0.7166666666666667,0.75,1.1580764293670653,0.02157421112060547
sqrt,1,7.74264,0.9,10,0.7799999999999999,0.053124591501697405,182,0.8166666666666667,0.7,0.7333333333333334,0.8166666666666667,0.8333333333333333,1.165878963470459,0.02149229049682617
sqrt,1,7.74264,0.9,20,0.8366666666666667,0.10821788720498618,10,0.9166666666666667,0.8166666666666667,0.7333333333333334,0.7166666666666667,1.0,1.1650129318237306,0.02154850959777832
sqrt,1,7.74264,0.9,50,0.7466666666666667,0.151803967156476,307,0.7333333333333334,0.8166666666666667,0.4666666666666667,0.8,0.9166666666666667,1.1712748050689696,0.021626043319702148
sqrt,1,27.8256,0.1,5,0.7133333333333333,0.13140268896284682,423,0.7333333333333334,0.8166666666666667,0.4666666666666667,0.7166666666666667,0.8333333333333333,0.794526481628418,0.021533775329589843
sqrt,1,27.8256,0.1,10,0.7099999999999999,0.09695359714832658,467,0.8166666666666667,0.7,0.5666666666666667,0.8166666666666667,0.65,0.7904706954956054,0.021458196640014648
sqrt,1,27.8256,0.1,20,0.75,0.15347819244295116,269,0.8333333333333333,0.9,0.4666666666666667,0.7166666666666667,0.8333333333333333,0.7913612842559814,0.02173275947570801
sqrt,1,27.8256,0.1,50,0.8066666666666666,0.128062484748657,57,0.65,0.9166666666666667,0.65,0.9,0.9166666666666667,0.799070930480957,0.02146739959716797
sqrt,1,27.8256,0.3,5,0.71,0.07498147919467991,447,0.7333333333333334,0.6166666666666667,0.65,0.7166666666666667,0.8333333333333333,0.9262778759002686,0.021408224105834962
sqrt,1,27.8256,0.3,10,0.7299999999999999,0.09273618495495704,382,0.8166666666666667,0.7,0.5666666666666667,0.8166666666666667,0.75,0.9279298305511474,0.021351194381713866
sqrt,1,27.8256,0.3,20,0.7833333333333334,0.10593499054713804,146,0.7333333333333334,0.9,0.65,0.7166666666666667,0.9166666666666667,0.9265649318695068,0.021227216720581053
sqrt,1,27.8256,0.3,50,0.7666666666666666,0.16766368453279054,226,0.75,0.9,0.45,0.9,0.8333333333333333,0.9321569442749024,0.021230649948120118
sqrt,1,27.8256,0.5,5,0.7300000000000001,0.055176484524156154,361,0.7333333333333334,0.7,0.65,0.8166666666666667,0.75,1.0620375633239747,0.021345806121826173
sqrt,1,27.8256,0.5,10,0.7333333333333334,0.053748384988656986,338,0.65,0.7166666666666667,0.8166666666666667,0.7333333333333334,0.75,1.0656062602996825,0.021865224838256835
sqrt,1,27.8256,0.5,20,0.7966666666666666,0.1586050300449376,96,0.7333333333333334,0.9,0.5333333333333333,0.8166666666666667,1.0,1.0689225673675538,0.02136340141296387
sqrt,1,27.8256,0.5,50,0.79,0.11527744310527055,102,0.8333333333333333,0.8166666666666667,0.5666666666666667,0.9,0.8333333333333333,1.0743945121765137,0.021570158004760743
sqrt,1,27.8256,0.7,5,0.76,0.04294699575575042,250,0.7333333333333334,0.7,0.8,0.8166666666666667,0.75,1.1254069328308105,0.0215609073638916
sqrt,1,27.8256,0.7,10,0.7266666666666668,0.016996731711975972,392,0.7333333333333334,0.7,0.7333333333333334,0.7166666666666667,0.75,1.1271347045898437,0.021457958221435546
sqrt,1,27.8256,0.7,20,0.8166666666666667,0.12736648783028534,43,0.7333333333333334,0.9,0.6333333333333333,0.8166666666666667,1.0,1.1291431427001952,0.021500110626220703
sqrt,1,27.8256,0.7,50,0.7166666666666666,0.12736648783028534,415,0.65,0.9,0.5666666666666667,0.6333333333333333,0.8333333333333333,1.137726354598999,0.021385717391967773
sqrt,1,27.8256,0.9,5,0.8,0.05868938953886336,86,0.7333333333333334,0.9,0.8,0.8166666666666667,0.75,1.2049309253692626,0.021604156494140624
sqrt,1,27.8256,0.9,10,0.7100000000000001,0.03431876713662334,445,0.7333333333333334,0.7,0.65,0.7166666666666667,0.75,1.2054211139678954,0.021554994583129882
sqrt,1,27.8256,0.9,20,0.8033333333333333,0.10077477638553983,68,0.7333333333333334,0.9,0.65,0.8166666666666667,0.9166666666666667,1.2077084541320802,0.021578025817871094
sqrt,1,27.8256,0.9,50,0.79,0.10780641085864154,102,0.7333333333333334,0.9166666666666667,0.65,0.7333333333333334,0.9166666666666667,1.2184606552124024,0.021658611297607423
sqrt,1,100.0,0.1,5,0.7133333333333333,0.13140268896284682,423,0.7333333333333334,0.8166666666666667,0.4666666666666667,0.7166666666666667,0.8333333333333333,0.8320657730102539,0.02152838706970215
sqrt,1,100.0,0.1,10,0.73,0.10295630140987001,376,0.8166666666666667,0.8,0.5666666666666667,0.8166666666666667,0.65,0.8329228401184082,0.021594953536987305
sqrt,1,100.0,0.1,20,0.6966666666666667,0.11990737165736631,476,0.7333333333333334,0.8166666666666667,0.4666666666666667,0.7166666666666667,0.75,0.8352896690368652,0.021605396270751955
sqrt,1,100.0,0.1,50,0.7666666666666666,0.14375905768565217,226,0.65,0.8166666666666667,0.55,0.9,0.9166666666666667,0.8437919616699219,0.021396875381469727
sqrt,1,100.0,0.3,5,0.7133333333333333,0.13140268896284682,423,0.7333333333333334,0.8166666666666667,0.4666666666666667,0.7166666666666667,0.8333333333333333,0.8544895648956299,0.02155470848083496
sqrt,1,100.0,0.3,10,0.73,0.10295630140987001,376,0.8166666666666667,0.8,0.5666666666666667,0.8166666666666667,0.65,0.8555259227752685,0.021662378311157228
sqrt,1,100.0,0.3,20,0.7166666666666667,0.14981470036162822,412,0.8333333333333333,0.9,0.4666666666666667,0.7166666666666667,0.6666666666666666,0.8563066005706788,0.021413469314575197
sqrt,1,100.0,0.3,50,0.7866666666666667,0.17962924780409975,106,0.75,0.9166666666666667,0.45,0.9,0.9166666666666667,0.8640291690826416,0.021660470962524415
sqrt,1,100.0,0.5,5,0.7133333333333333,0.13140268896284682,423,0.7333333333333334,0.8166666666666667,0.4666666666666667,0.7166666666666667,0.8333333333333333,0.8999597072601319,0.02147684097290039
sqrt,1,100.0,0.5,10,0.7099999999999999,0.09695359714832658,467,0.8166666666666667,0.7,0.5666666666666667,0.8166666666666667,0.65,0.9003224849700928,0.021532678604125978
sqrt,1,100.0,0.5,20,0.7633333333333334,0.1644519517805868,242,0.8166666666666667,0.9,0.4666666666666667,0.7166666666666667,0.9166666666666667,0.9021176815032959,0.02148137092590332
sqrt,1,100.0,0.5,50,0.8066666666666666,0.14282856857085702,57,0.75,0.9166666666666667,0.55,0.9,0.9166666666666667,0.9094165802001953,0.021430158615112306
sqrt,1,100.0,0.7,5,0.7133333333333333,0.13140268896284682,423,0.7333333333333334,0.8166666666666667,0.4666666666666667,0.7166666666666667,0.8333333333333333,0.9483083724975586,0.021498727798461913
sqrt,1,100.0,0.7,10,0.6966666666666667,0.08524474568362948,476,0.65,0.7,0.5666666666666667,0.8166666666666667,0.75,0.9527384757995605,0.021705055236816408
sqrt,1,100.0,0.7,20,0.7466666666666667,0.1624123695343978,307,0.7333333333333334,0.9,0.4666666666666667,0.7166666666666667,0.9166666666666667,0.954028844833374,0.021583986282348634
sqrt,1,100.0,0.7,50,0.7699999999999999,0.17042430708218956,201,0.75,0.9166666666666667,0.45,0.9,0.8333333333333333,0.958238172531128,0.021553564071655273
sqrt,1,100.0,0.9,5,0.71,0.07498147919467991,447,0.7333333333333334,0.6166666666666667,0.65,0.7166666666666667,0.8333333333333333,0.9980428218841553,0.021415853500366212
sqrt,1,100.0,0.9,10,0.7299999999999999,0.09273618495495704,382,0.8166666666666667,0.7,0.5666666666666667,0.8166666666666667,0.75,0.9983935356140137,0.02164745330810547
sqrt,1,100.0,0.9,20,0.7833333333333334,0.10593499054713804,146,0.7333333333333334,0.9,0.65,0.7166666666666667,0.9166666666666667,1.0017891883850099,0.021468687057495116
sqrt,1,100.0,0.9,50,0.7866666666666667,0.1396026106091462,106,0.75,0.9166666666666667,0.5333333333333333,0.9,0.8333333333333333,1.0090733528137208,0.021490478515625
sqrt,5,0.001,0.1,5,0.6033333333333333,0.10077477638553982,577,0.6,0.4166666666666667,0.7166666666666667,0.6333333333333333,0.65,0.46993632316589357,0.02120342254638672
sqrt,5,0.001,0.1,10,0.62,0.11075498483890765,544,0.6,0.4166666666666667,0.7166666666666667,0.7166666666666667,0.65,0.4689533233642578,0.02119584083557129
sqrt,5,0.001,0.1,20,0.5466666666666666,0.07408703590297622,705,0.6,0.4166666666666667,0.6333333333333333,0.5333333333333333,0.55,0.47222285270690917,0.021133613586425782
sqrt,5,0.001,0.1,50,0.44333333333333336,0.05436502143433365,737,0.5166666666666667,0.43333333333333335,0.35,0.4666666666666667,0.45,0.4781900405883789,0.021347951889038087
sqrt,5,0.001,0.3,5,0.6033333333333333,0.10077477638553982,577,0.6,0.4166666666666667,0.7166666666666667,0.6333333333333333,0.65,0.46866588592529296,0.02127218246459961
sqrt,5,0.001,0.3,10,0.62,0.11075498483890765,544,0.6,0.4166666666666667,0.7166666666666667,0.7166666666666667,0.65,0.4698637962341309,0.0211637020111084
sqrt,5,0.001,0.3,20,0.5466666666666666,0.07408703590297622,705,0.6,0.4166666666666667,0.6333333333333333,0.5333333333333333,0.55,0.4727953910827637,0.021361780166625977
sqrt,5,0.001,0.3,50,0.44333333333333336,0.05436502143433365,737,0.5166666666666667,0.43333333333333335,0.35,0.4666666666666667,0.45,0.4798464775085449,0.02132725715637207
sqrt,5,0.001,0.5,5,0.6033333333333333,0.10077477638553982,577,0.6,0.4166666666666667,0.7166666666666667,0.6333333333333333,0.65,0.47028450965881347,0.021375083923339845
sqrt,5,0.001,0.5,10,0.62,0.11075498483890765,544,0.6,0.4166666666666667,0.7166666666666667,0.7166666666666667,0.65,0.4704390525817871,0.021221113204956055
sqrt,5,0.001,0.5,20,0.5466666666666666,0.07408703590297622,705,0.6,0.4166666666666667,0.6333333333333333,0.5333333333333333,0.55,0.47634100914001465,0.021626901626586915
sqrt,5,0.001,0.5,50,0.44333333333333336,0.05436502143433365,737,0.5166666666666667,0.43333333333333335,0.35,0.4666666666666667,0.45,0.4793556213378906,0.021326398849487303
sqrt,5,0.001,0.7,5,0.6033333333333333,0.10077477638553982,577,0.6,0.4166666666666667,0.7166666666666667,0.6333333333333333,0.65,0.47469420433044435,0.02123417854309082
sqrt,5,0.001,0.7,10,0.62,0.11075498483890765,544,0.6,0.4166666666666667,0.7166666666666667,0.7166666666666667,0.65,0.4734499454498291,0.02114553451538086
sqrt,5,0.001,0.7,20,0.5466666666666666,0.07408703590297622,705,0.6,0.4166666666666667,0.6333333333333333,0.5333333333333333,0.55,0.47328639030456543,0.021448135375976562
sqrt,5,0.001,0.7,50,0.44333333333333336,0.05436502143433365,737,0.5166666666666667,0.43333333333333335,0.35,0.4666666666666667,0.45,0.4797794342041016,0.021268463134765624
sqrt,5,0.001,0.9,5,0.6033333333333333,0.10077477638553982,577,0.6,0.4166666666666667,0.7166666666666667,0.6333333333333333,0.65,0.4697934627532959,0.021231794357299806
sqrt,5,0.001,0.9,10,0.62,0.11075498483890765,544,0.6,0.4166666666666667,0.7166666666666667,0.7166666666666667,0.65,0.4712571144104004,0.02138795852661133
sqrt,5,0.001,0.9,20,0.5466666666666666,0.07408703590297622,705,0.6,0.4166666666666667,0.6333333333333333,0.5333333333333333,0.55,0.47530035972595214,0.021197748184204102
sqrt,5,0.001,0.9,50,0.44333333333333336,0.05436502143433365,737,0.5166666666666667,0.43333333333333335,0.35,0.4666666666666667,0.45,0.47869110107421875,0.02140817642211914
sqrt,5,0.00359381,0.1,5,0.6033333333333333,0.10077477638553982,577,0.6,0.4166666666666667,0.7166666666666667,0.6333333333333333,0.65,0.46899614334106443,0.02115316390991211
sqrt,5,0.00359381,0.1,10,0.62,0.11075498483890765,544,0.6,0.4166666666666667,0.7166666666666667,0.7166666666666667,0.65,0.469391918182373,0.020983266830444335
sqrt,5,0.00359381,0.1,20,0.5466666666666666,0.07408703590297622,705,0.6,0.4166666666666667,0.6333333333333333,0.5333333333333333,0.55,0.47450056076049807,0.021480083465576172
sqrt,5,0.00359381,0.1,50,0.44333333333333336,0.05436502143433365,737,0.5166666666666667,0.43333333333333335,0.35,0.4666666666666667,0.45,0.4802970886230469,0.021277904510498047
sqrt,5,0.00359381,0.3,5,0.6033333333333333,0.10077477638553982,577,0.6,0.4166666666666667,0.7166666666666667,0.6333333333333333,0.65,0.46951661109924314,0.0212888240814209
sqrt,5,0.00359381,0.3,10,0.62,0.11075498483890765,544,0.6,0.4166666666666667,0.7166666666666667,0.7166666666666667,0.65,0.47081475257873534,0.021152400970458986
sqrt,5,0.00359381,0.3,20,0.5466666666666666,0.07408703590297622,705,0.6,0.4166666666666667,0.6333333333333333,0.5333333333333333,0.55,0.4745216369628906,0.02128772735595703
sqrt,5,0.00359381,0.3,50,0.44333333333333336,0.05436502143433365,737,0.5166666666666667,0.43333333333333335,0.35,0.4666666666666667,0.45,0.4796687126159668,0.021376943588256835
sqrt,5,0.00359381,0.5,5,0.6033333333333333,0.10077477638553982,577,0.6,0.4166666666666667,0.7166666666666667,0.6333333333333333,0.65,0.4698930263519287,0.021233654022216795
sqrt,5,0.00359381,0.5,10,0.62,0.11075498483890765,544,0.6,0.4166666666666667,0.7166666666666667,0.7166666666666667,0.65,0.4706404209136963,0.021314716339111327
sqrt,5,0.00359381,0.5,20,0.5466666666666666,0.07408703590297622,705,0.6,0.4166666666666667,0.6333333333333333,0.5333333333333333,0.55,0.4749751567840576,0.021474742889404298
sqrt,5,0.00359381,0.5,50,0.44333333333333336,0.05436502143433365,737,0.5166666666666667,0.43333333333333335,0.35,0.4666666666666667,0.45,0.48076515197753905,0.021268129348754883
sqrt,5,0.00359381,0.7,5,0.6033333333333333,0.10077477638553982,577,0.6,0.4166666666666667,0.7166666666666667,0.6333333333333333,0.65,0.47074298858642577,0.021311426162719728
sqrt,5,0.00359381,0.7,10,0.62,0.11075498483890765,544,0.6,0.4166666666666667,0.7166666666666667,0.7166666666666667,0.65,0.4705864906311035,0.021385860443115235
sqrt,5,0.00359381,0.7,20,0.5466666666666666,0.07408703590297622,705,0.6,0.4166666666666667,0.6333333333333333,0.5333333333333333,0.55,0.48345227241516114,0.02134737968444824
sqrt,5,0.00359381,0.7,50,0.44333333333333336,0.05436502143433365,737,0.5166666666666667,0.43333333333333335,0.35,0.4666666666666667,0.45,0.48154029846191404,0.021373271942138672
sqrt,5,0.00359381,0.9,5,0.6033333333333333,0.10077477638553982,577,0.6,0.4166666666666667,0.7166666666666667,0.6333333333333333,0.65,0.47517852783203124,0.021884632110595704
sqrt,5,0.00359381,0.9,10,0.62,0.11075498483890765,544,0.6,0.4166666666666667,0.7166666666666667,0.7166666666666667,0.65,0.4760047435760498,0.021245145797729494
sqrt,5,0.00359381,0.9,20,0.5466666666666666,0.07408703590297622,705,0.6,0.4166666666666667,0.6333333333333333,0.5333333333333333,0.55,0.476149845123291,0.021151924133300783
sqrt,5,0.00359381,0.9,50,0.44333333333333336,0.05436502143433365,737,0.5166666666666667,0.43333333333333335,0.35,0.4666666666666667,0.45,0.4780691623687744,0.021177959442138673
sqrt,5,0.0129155,0.1,5,0.7133333333333333,0.13960261060914614,423,0.65,0.8166666666666667,0.4666666666666667,0.8,0.8333333333333333,0.48186025619506834,0.021141767501831055
sqrt,5,0.0129155,0.1,10,0.6599999999999999,0.09345230512584124,529,0.65,0.8166666666666667,0.5666666666666667,0.7,0.5666666666666667,0.4837733268737793,0.0213106632232666
sqrt,5,0.0129155,0.1,20,0.7033333333333334,0.06446359868604572,473,0.6333333333333333,0.8166666666666667,0.65,0.7,0.7166666666666667,0.48964924812316896,0.021291255950927734
sqrt,5,0.0129155,0.1,50,0.6866666666666668,0.11803954139750514,505,0.6333333333333333,0.8166666666666667,0.5333333333333333,0.6166666666666667,0.8333333333333333,0.4906756401062012,0.02120833396911621
sqrt,5,0.0129155,0.3,5,0.6033333333333333,0.10077477638553982,577,0.6,0.4166666666666667,0.7166666666666667,0.6333333333333333,0.65,0.4706995964050293,0.02136063575744629
sqrt,5,0.0129155,0.3,10,0.62,0.11075498483890765,544,0.6,0.4166666666666667,0.7166666666666667,0.7166666666666667,0.65,0.471511697769165,0.021251201629638672
sqrt,5,0.0129155,0.3,20,0.5466666666666666,0.07408703590297622,705,0.6,0.4166666666666667,0.6333333333333333,0.5333333333333333,0.55,0.4738564968109131,0.02144465446472168
sqrt,5,0.0129155,0.3,50,0.44333333333333336,0.05436502143433365,737,0.5166666666666667,0.43333333333333335,0.35,0.4666666666666667,0.45,0.4829427242279053,0.021146297454833984
sqrt,5,0.0129155,0.5,5,0.6033333333333333,0.10077477638553982,577,0.6,0.4166666666666667,0.7166666666666667,0.6333333333333333,0.65,0.4702916145324707,0.02130584716796875
sqrt,5,0.0129155,0.5,10,0.62,0.11075498483890765,544,0.6,0.4166666666666667,0.7166666666666667,0.7166666666666667,0.65,0.47384037971496584,0.02133913040161133
sqrt,5,0.0129155,0.5,20,0.5466666666666666,0.07408703590297622,705,0.6,0.4166666666666667,0.6333333333333333,0.5333333333333333,0.55,0.4747587203979492,0.021342897415161134
sqrt,5,0.0129155,0.5,50,0.44333333333333336,0.05436502143433365,737,0.5166666666666667,0.43333333333333335,0.35,0.4666666666666667,0.45,0.4806212902069092,0.021306562423706054
sqrt,5,0.0129155,0.7,5,0.6033333333333333,0.10077477638553982,577,0.6,0.4166666666666667,0.7166666666666667,0.6333333333333333,0.65,0.47136640548706055,0.021400308609008788
sqrt,5,0.0129155,0.7,10,0.62,0.11075498483890765,544,0.6,0.4166666666666667,0.7166666666666667,0.7166666666666667,0.65,0.47074427604675295,0.02143087387084961
sqrt,5,0.0129155,0.7,20,0.5466666666666666,0.07408703590297622,705,0.6,0.4166666666666667,0.6333333333333333,0.5333333333333333,0.55,0.4743191242218018,0.021398162841796874
sqrt,5,0.0129155,0.7,50,0.44333333333333336,0.05436502143433365,737,0.5166666666666667,0.43333333333333335,0.35,0.4666666666666667,0.45,0.47909250259399416,0.021190357208251954
sqrt,5,0.0129155,0.9,5,0.6033333333333333,0.10077477638553982,577,0.6,0.4166666666666667,0.7166666666666667,0.6333333333333333,0.65,0.46908020973205566,0.0211700439453125
sqrt,5,0.0129155,0.9,10,0.62,0.11075498483890765,544,0.6,0.4166666666666667,0.7166666666666667,0.7166666666666667,0.65,0.47009868621826173,0.021255922317504884
sqrt,5,0.0129155,0.9,20,0.5466666666666666,0.07408703590297622,705,0.6,0.4166666666666667,0.6333333333333333,0.5333333333333333,0.55,0.4764493465423584,0.02133936882019043
sqrt,5,0.0129155,0.9,50,0.44333333333333336,0.05436502143433365,737,0.5166666666666667,0.43333333333333335,0.35,0.4666666666666667,0.45,0.4794001579284668,0.021323442459106445
sqrt,5,0.0464159,0.1,5,0.7933333333333333,0.08273115763993907,100,0.75,0.8166666666666667,0.6666666666666666,0.8166666666666667,0.9166666666666667,0.4927764892578125,0.02126588821411133
sqrt,5,0.0464159,0.1,10,0.7999999999999999,0.08232726023485645,94,0.8333333333333333,0.8166666666666667,0.65,0.8,0.9,0.49610595703125,0.021277618408203126
sqrt,5,0.0464159,0.1,20,0.7866666666666665,0.0694422221866655,137,0.8333333333333333,0.8166666666666667,0.65,0.8,0.8333333333333333,0.4980617046356201,0.021455001831054688
sqrt,5,0.0464159,0.1,50,0.6733333333333332,0.17146428199482244,522,0.7333333333333334,0.8166666666666667,0.3666666666666667,0.6166666666666667,0.8333333333333333,0.5019707679748535,0.02140183448791504
sqrt,5,0.0464159,0.3,5,0.7133333333333333,0.13960261060914614,423,0.65,0.8166666666666667,0.4666666666666667,0.8,0.8333333333333333,0.4949087142944336,0.021366024017333986
sqrt,5,0.0464159,0.3,10,0.69,0.08856886837057613,503,0.7333333333333334,0.8166666666666667,0.55,0.7,0.65,0.4963339328765869,0.021626615524291994
sqrt,5,0.0464159,0.3,20,0.7066666666666667,0.12849556844930923,471,0.8166666666666667,0.8166666666666667,0.4666666666666667,0.7,0.7333333333333334,0.4973097801208496,0.021210670471191406
sqrt,5,0.0464159,0.3,50,0.6900000000000001,0.1910788086395535,498,0.7166666666666667,0.9166666666666667,0.3666666666666667,0.6166666666666667,0.8333333333333333,0.5039303302764893,0.02139143943786621
sqrt,5,0.0464159,0.5,5,0.7466666666666667,0.198158185969358,307,0.5666666666666667,0.9166666666666667,0.45,0.9,0.9,0.4878974914550781,0.02120180130004883
sqrt,5,0.0464159,0.5,10,0.76,0.15972198067614587,250,0.7333333333333334,0.8,0.4666666666666667,0.9,0.9,0.4971416473388672,0.021283817291259766
sqrt,5,0.0464159,0.5,20,0.7166666666666666,0.17888543819998315,415,0.7333333333333334,0.8166666666666667,0.3666666666666667,0.8333333333333333,0.8333333333333333,0.49319820404052733,0.02150101661682129
sqrt,5,0.0464159,0.5,50,0.6433333333333333,0.1302134998974974,539,0.55,0.7333333333333334,0.45,0.8166666666666667,0.6666666666666666,0.5006892681121826,0.02146463394165039
sqrt,5,0.0464159,0.7,5,0.6033333333333333,0.10077477638553982,577,0.6,0.4166666666666667,0.7166666666666667,0.6333333333333333,0.65,0.46987056732177734,0.02112274169921875
sqrt,5,0.0464159,0.7,10,0.62,0.11075498483890765,544,0.6,0.4166666666666667,0.7166666666666667,0.7166666666666667,0.65,0.47037615776062014,0.021123409271240234
sqrt,5,0.0464159,0.7,20,0.5466666666666666,0.07408703590297622,705,0.6,0.4166666666666667,0.6333333333333333,0.5333333333333333,0.55,0.4740030765533447,0.021396875381469727
sqrt,5,0.0464159,0.7,50,0.44333333333333336,0.05436502143433365,737,0.5166666666666667,0.43333333333333335,0.35,0.4666666666666667,0.45,0.4802390575408936,0.02119927406311035
sqrt,5,0.0464159,0.9,5,0.6033333333333333,0.10077477638553982,577,0.6,0.4166666666666667,0.7166666666666667,0.6333333333333333,0.65,0.4709957122802734,0.02118821144104004
sqrt,5,0.0464159,0.9,10,0.62,0.11075498483890765,544,0.6,0.4166666666666667,0.7166666666666667,0.7166666666666667,0.65,0.4727036952972412,0.02128143310546875
sqrt,5,0.0464159,0.9,20,0.5466666666666666,0.07408703590297622,705,0.6,0.4166666666666667,0.6333333333333333,0.5333333333333333,0.55,0.4762599468231201,0.021175241470336913
sqrt,5,0.0464159,0.9,50,0.44333333333333336,0.05436502143433365,737,0.5166666666666667,0.43333333333333335,0.35,0.4666666666666667,0.45,0.48169355392456054,0.021233081817626953
sqrt,5,0.16681,0.1,5,0.7466666666666667,0.09510228411791405,307,0.7333333333333334,0.8166666666666667,0.5666666666666667,0.8166666666666667,0.8,0.5245779514312744,0.021308135986328126
sqrt,5,0.16681,0.1,10,0.7866666666666667,0.0725718035235908,106,0.7333333333333334,0.8166666666666667,0.7333333333333334,0.7333333333333334,0.9166666666666667,0.5275338649749756,0.021475696563720705
sqrt,5,0.16681,0.1,20,0.7533333333333332,0.0845905169363301,266,0.8333333333333333,0.8166666666666667,0.65,0.8166666666666667,0.65,0.5279296398162842,0.02148408889770508
sqrt,5,0.16681,0.1,50,0.6966666666666667,0.1620699437485762,476,0.8333333333333333,0.8166666666666667,0.4666666666666667,0.5333333333333333,0.8333333333333333,0.531563138961792,0.021334362030029298
sqrt,5,0.16681,0.3,5,0.7866666666666666,0.07986099033807294,135,0.7333333333333334,0.8166666666666667,0.6666666666666666,0.8166666666666667,0.9,0.5299193382263183,0.021295690536499025
sqrt,5,0.16681,0.3,10,0.8166666666666668,0.14375905768565217,36,1.0,0.8166666666666667,0.5666666666666667,0.8,0.9,0.5329898834228516,0.021540498733520506
sqrt,5,0.16681,0.3,20,0.7533333333333333,0.06699917080747257,259,0.8333333333333333,0.7166666666666667,0.65,0.8166666666666667,0.75,0.5365287303924561,0.02149066925048828
sqrt,5,0.16681,0.3,50,0.7133333333333333,0.18897383710744486,423,0.8166666666666667,0.8166666666666667,0.3666666666666667,0.9,0.6666666666666666,0.5391813278198242,0.021412467956542967
sqrt,5,0.16681,0.5,5,0.8066666666666666,0.11185307823708346,57,0.7333333333333334,0.8166666666666667,0.6666666666666666,0.8166666666666667,1.0,0.5355552673339844,0.02126460075378418
sqrt,5,0.16681,0.5,10,0.8133333333333332,0.11125546178852423,52,0.8,0.8166666666666667,0.65,0.8,1.0,0.5398593425750733,0.021205759048461913
sqrt,5,0.16681,0.5,20,0.7133333333333333,0.138001610296563,423,0.7333333333333334,0.8166666666666667,0.7333333333333334,0.45,0.8333333333333333,0.5399044990539551,0.021471357345581053
sqrt,5,0.16681,0.5,50,0.7833333333333334,0.12605113600792692,146,0.9166666666666667,0.9,0.65,0.6166666666666667,0.8333333333333333,0.5423962116241455,0.021386003494262694
sqrt,5,0.16681,0.7,5,0.8233333333333335,0.11813363431112901,21,0.7333333333333334,0.8166666666666667,0.6666666666666666,0.9,1.0,0.5288390159606934,0.02141728401184082
sqrt,5,0.16681,0.7,10,0.78,0.13515423288475528,175,0.9,0.8166666666666667,0.55,0.7166666666666667,0.9166666666666667,0.5318605422973632,0.021320676803588866
sqrt,5,0.16681,0.7,20,0.7633333333333333,0.14506703431325962,246,0.9,0.8166666666666667,0.5666666666666667,0.6166666666666667,0.9166666666666667,0.5373439788818359,0.021292400360107423
sqrt,5,0.16681,0.7,50,0.74,0.15549205052920803,324,0.7166666666666667,0.9166666666666667,0.5333333333333333,0.6166666666666667,0.9166666666666667,0.5405122756958007,0.021487951278686523
sqrt,5,0.16681,0.9,5,0.75,0.09775252199076788,269,0.7333333333333334,0.8166666666666667,0.6666666666666666,0.9,0.6333333333333333,0.5366950511932373,0.021288728713989256
sqrt,5,0.16681,0.9,10,0.75,0.10434983894999018,269,0.8333333333333333,0.8166666666666667,0.5666666666666667,0.7,0.8333333333333333,0.5386475563049317,0.021492195129394532
sqrt,5,0.16681,0.9,20,0.6900000000000001,0.18517259216441537,498,0.7333333333333334,0.8166666666666667,0.3833333333333333,0.6,0.9166666666666667,0.5403936386108399,0.021414470672607423
sqrt,5,0.16681,0.9,50,0.6733333333333333,0.15114378731672848,521,0.7166666666666667,0.9166666666666667,0.45,0.6166666666666667,0.6666666666666666,0.5452969074249268,0.021413230895996095
sqrt,5,0.599484,0.1,5,0.7133333333333333,0.08124038404635961,423,0.7333333333333334,0.7166666666666667,0.5666666666666667,0.8166666666666667,0.7333333333333334,0.5960373878479004,0.021434736251831055
sqrt,5,0.599484,0.1,10,0.7666666666666666,0.04082482904638627,226,0.7333333333333334,0.8166666666666667,0.7333333333333334,0.7333333333333334,0.8166666666666667,0.594426965713501,0.021277332305908205
sqrt,5,0.599484,0.1,20,0.7866666666666667,0.12400716825158849,106,0.8333333333333333,0.8166666666666667,0.55,0.8166666666666667,0.9166666666666667,0.5951333045959473,0.021440839767456053
sqrt,5,0.599484,0.1,50,0.6966666666666667,0.09153020145163988,476,0.7333333333333334,0.8166666666666667,0.5666666666666667,0.6166666666666667,0.75,0.602153205871582,0.021422147750854492
sqrt,5,0.599484,0.3,5,0.7699999999999999,0.06091888960832355,201,0.7333333333333334,0.8166666666666667,0.6666666666666666,0.8166666666666667,0.8166666666666667,0.6135550498962402,0.021066951751708984
sqrt,5,0.599484,0.3,10,0.75,0.097182531580755,269,0.8166666666666667,0.8166666666666667,0.5666666666666667,0.7333333333333334,0.8166666666666667,0.6213502883911133,0.021249151229858397
sqrt,5,0.599484,0.3,20,0.75,0.06749485577105525,269,0.8333333333333333,0.7166666666666667,0.65,0.8166666666666667,0.7333333333333334,0.6121104240417481,0.021509075164794923
sqrt,5,0.599484,0.3,50,0.7699999999999999,0.0740870359029762,201,0.8333333333333333,0.8166666666666667,0.65,0.7166666666666667,0.8333333333333333,0.6171209335327148,0.021700668334960937
sqrt,5,0.599484,0.5,5,0.7666666666666667,0.11303883305208781,222,0.7333333333333334,0.8166666666666667,0.5666666666666667,0.8166666666666667,0.9,0.6368483066558838,0.021548986434936523
sqrt,5,0.599484,0.5,10,0.7833333333333334,0.12736648783028537,146,0.7333333333333334,0.9,0.5666666666666667,0.8,0.9166666666666667,0.6418460369110107,0.021411752700805663
sqrt,5,0.599484,0.5,20,0.7833333333333334,0.11401754250991383,146,0.9166666666666667,0.7166666666666667,0.6333333333333333,0.7333333333333334,0.9166666666666667,0.643807315826416,0.021514701843261718
sqrt,5,0.599484,0.5,50,0.7333333333333334,0.14023789311975082,338,0.8333333333333333,0.8166666666666667,0.4666666666666667,0.7166666666666667,0.8333333333333333,0.6456817626953125,0.02140364646911621
sqrt,5,0.599484,0.7,5,0.7866666666666667,0.14039626459101792,106,0.7333333333333334,0.8166666666666667,0.5666666666666667,0.8166666666666667,1.0,0.6390983581542968,0.021520042419433595
sqrt,5,0.599484,0.7,10,0.8166666666666667,0.14375905768565217,43,0.8166666666666667,0.9,0.5666666666666667,0.8,1.0,0.6412875652313232,0.021652936935424805
sqrt,5,0.599484,0.7,20,0.7666666666666666,0.12560962454277846,226,0.9166666666666667,0.7166666666666667,0.55,0.8166666666666667,0.8333333333333333,0.6420433998107911,0.021584081649780273
sqrt,5,0.599484,0.7,50,0.7333333333333334,0.19090428084368471,338,0.8166666666666667,0.9166666666666667,0.3666666666666667,0.8166666666666667,0.75,0.645005750656128,0.021572399139404296
sqrt,5,0.599484,0.9,5,0.8066666666666666,0.11185307823708346,57,0.7333333333333334,0.8166666666666667,0.6666666666666666,0.8166666666666667,1.0,0.6470041751861573,0.02135758399963379
sqrt,5,0.599484,0.9,10,0.78,0.1240071682515885,175,0.7333333333333334,0.9,0.5666666666666667,0.8,0.9,0.6477421760559082,0.02123541831970215
sqrt,5,0.599484,0.9,20,0.66,0.10466878978738388,525,0.7333333333333334,0.7166666666666667,0.4666666666666667,0.6333333333333333,0.75,0.6480801582336426,0.02127528190612793
sqrt,5,0.599484,0.9,50,0.7699999999999999,0.15613384571507158,201,0.8166666666666667,0.9166666666666667,0.4666666666666667,0.8166666666666667,0.8333333333333333,0.6572273254394532,0.021307611465454103
sqrt,5,2.15443,0.1,5,0.6966666666666667,0.1199073716573663,476,0.55,0.7166666666666667,0.5666666666666667,0.8166666666666667,0.8333333333333333,0.7089807987213135,0.021393013000488282
sqrt,5,2.15443,0.1,10,0.71,0.08069145624606804,447,0.7166666666666667,0.7166666666666667,0.5666666666666667,0.7333333333333334,0.8166666666666667,0.708739185333252,0.021478843688964844
sqrt,5,2.15443,0.1,20,0.8,0.1879716290649558,86,0.9166666666666667,0.8166666666666667,0.45,0.8166666666666667,1.0,0.7071355819702149,0.021532011032104493
sqrt,5,2.15443,0.1,50,0.8066666666666666,0.08339997335464534,57,0.8333333333333333,0.9,0.65,0.8166666666666667,0.8333333333333333,0.7136090755462646,0.021347665786743165
sqrt,5,2.15443,0.3,5,0.7866666666666665,0.08653836657164778,137,0.7333333333333334,0.9,0.65,0.8166666666666667,0.8333333333333333,0.7654701232910156,0.021417808532714844
sqrt,5,2.15443,0.3,10,0.8033333333333333,0.06782329983125268,68,0.7333333333333334,0.8166666666666667,0.7333333333333334,0.8166666666666667,0.9166666666666667,0.7660147190093994,0.02135190963745117
sqrt,5,2.15443,0.3,20,0.7666666666666666,0.11832159566199234,226,0.8166666666666667,0.7166666666666667,0.5666666666666667,0.8166666666666667,0.9166666666666667,0.7736430168151855,0.02154841423034668
sqrt,5,2.15443,0.3,50,0.7533333333333333,0.10295630140986997,259,0.8333333333333333,0.8166666666666667,0.5666666666666667,0.7166666666666667,0.8333333333333333,0.7747891426086426,0.021557140350341796
sqrt,5,2.15443,0.5,5,0.75,0.09718253158075502,269,0.7333333333333334,0.8166666666666667,0.5666666666666667,0.8166666666666667,0.8166666666666667,0.8018951416015625,0.02148604393005371
sqrt,5,2.15443,0.5,10,0.7833333333333332,0.04082482904638627,169,0.7333333333333334,0.8166666666666667,0.7333333333333334,0.8166666666666667,0.8166666666666667,0.8034270286560059,0.021334218978881835
sqrt,5,2.15443,0.5,20,0.7866666666666667,0.09333333333333332,106,0.8333333333333333,0.7166666666666667,0.65,0.8166666666666667,0.9166666666666667,0.8087182998657226,0.02160325050354004
sqrt,5,2.15443,0.5,50,0.7166666666666667,0.10697871023920807,412,0.8333333333333333,0.8166666666666667,0.5666666666666667,0.6166666666666667,0.75,0.8118527889251709,0.021380901336669922
sqrt,5,2.15443,0.7,5,0.7666666666666667,0.11303883305208781,222,0.7333333333333334,0.8166666666666667,0.5666666666666667,0.8166666666666667,0.9,0.8863913059234619,0.02129950523376465
sqrt,5,2.15443,0.7,10,0.71,0.07039570693980958,447,0.7333333333333334,0.6166666666666667,0.65,0.7333333333333334,0.8166666666666667,0.8896502017974853,0.02120976448059082
sqrt,5,2.15443,0.7,20,0.7866666666666667,0.09333333333333332,106,0.8333333333333333,0.7166666666666667,0.65,0.8166666666666667,0.9166666666666667,0.8903159141540528,0.021528005599975586
sqrt,5,2.15443,0.7,50,0.7133333333333333,0.14809906594348704,423,0.8333333333333333,0.8166666666666667,0.4666666666666667,0.6166666666666667,0.8333333333333333,0.8957911968231201,0.021490097045898438
sqrt,5,2.15443,0.9,5,0.75,0.11055415967851333,269,0.7333333333333334,0.8166666666666667,0.5666666666666667,0.7333333333333334,0.9,0.9452553749084472,0.02130122184753418
sqrt,5,2.15443,0.9,10,0.8200000000000001,0.1339153961773378,25,0.9166666666666667,0.9,0.5666666666666667,0.8,0.9166666666666667,0.9514791011810303,0.021343374252319337
sqrt,5,2.15443,0.9,20,0.76,0.12274635093014646,250,0.8166666666666667,0.7166666666666667,0.55,0.8,0.9166666666666667,0.9488818645477295,0.02131509780883789
sqrt,5,2.15443,0.9,50,0.7866666666666667,0.18541245313564506,106,1.0,0.9166666666666667,0.4666666666666667,0.7166666666666667,0.8333333333333333,0.9547416210174561,0.021470308303833008
sqrt,5,7.74264,0.1,5,0.68,0.06446359868604574,509,0.65,0.7166666666666667,0.5666666666666667,0.7333333333333334,0.7333333333333334,0.7694406032562255,0.021648454666137695
sqrt,5,7.74264,0.1,10,0.71,0.10252370999486465,447,0.7333333333333334,0.6166666666666667,0.5666666666666667,0.8166666666666667,0.8166666666666667,0.7750569343566894,0.021477746963500976
sqrt,5,7.74264,0.1,20,0.7866666666666665,0.12400716825158847,137,0.9166666666666667,0.8166666666666667,0.55,0.8166666666666667,0.8333333333333333,0.7777469635009766,0.02169356346130371
sqrt,5,7.74264,0.1,50,0.7633333333333334,0.0962635271879577,242,0.7333333333333334,0.8166666666666667,0.6333333333333333,0.7166666666666667,0.9166666666666667,0.7793619632720947,0.02147226333618164
sqrt,5,7.74264,0.3,5,0.7133333333333333,0.10561986345169903,423,0.55,0.7166666666666667,0.65,0.8166666666666667,0.8333333333333333,0.9350848197937012,0.021636438369750977
sqrt,5,7.74264,0.3,10,0.7299999999999999,0.11075498483890762,382,0.55,0.8166666666666667,0.65,0.8166666666666667,0.8166666666666667,0.9387928485870362,0.021448326110839844
sqrt,5,7.74264,0.3,20,0.7866666666666667,0.12400716825158849,106,0.8333333333333333,0.8166666666666667,0.55,0.8166666666666667,0.9166666666666667,0.9422770500183105,0.022457981109619142
sqrt,5,7.74264,0.3,50,0.7166666666666667,0.13207741837439296,412,0.8333333333333333,0.8166666666666667,0.4666666666666667,0.7166666666666667,0.75,0.9463587760925293,0.02137913703918457
sqrt,5,7.74264,0.5,5,0.7866666666666665,0.08653836657164778,137,0.7333333333333334,0.9,0.65,0.8166666666666667,0.8333333333333333,0.9996963500976562,0.02163834571838379
sqrt,5,7.74264,0.5,10,0.7466666666666667,0.08589399151150083,307,0.6333333333333333,0.8166666666666667,0.65,0.8166666666666667,0.8166666666666667,1.002507257461548,0.021418952941894533
sqrt,5,7.74264,0.5,20,0.7666666666666668,0.12292725943057184,211,0.7333333333333334,0.8166666666666667,0.55,0.8166666666666667,0.9166666666666667,1.0073039054870605,0.021556997299194337
sqrt,5,7.74264,0.5,50,0.7700000000000001,0.11990737165736634,192,0.8333333333333333,0.8166666666666667,0.5666666666666667,0.7166666666666667,0.9166666666666667,1.0107945442199706,0.021691608428955077
sqrt,5,7.74264,0.7,5,0.7366666666666667,0.09451631252505216,327,0.7333333333333334,0.8166666666666667,0.5666666666666667,0.7333333333333334,0.8333333333333333,1.0565947532653808,0.021098995208740236
sqrt,5,7.74264,0.7,10,0.7466666666666667,0.08589399151150083,307,0.6333333333333333,0.8166666666666667,0.65,0.8166666666666667,0.8166666666666667,1.0585800170898438,0.021436357498168947
sqrt,5,7.74264,0.7,20,0.7666666666666666,0.09545214042184237,226,0.8333333333333333,0.7166666666666667,0.65,0.7166666666666667,0.9166666666666667,1.0692968845367432,0.021462154388427735
sqrt,5,7.74264,0.7,50,0.75,0.06749485577105525,269,0.7333333333333334,0.8166666666666667,0.65,0.7166666666666667,0.8333333333333333,1.0632183074951171,0.021215438842773438
sqrt,5,7.74264,0.9,5,0.7533333333333333,0.09966610925150701,259,0.7333333333333334,0.8166666666666667,0.5666666666666667,0.8166666666666667,0.8333333333333333,1.1491634845733643,0.02127547264099121
sqrt,5,7.74264,0.9,10,0.75,0.06749485577105525,269,0.7333333333333334,0.7166666666666667,0.65,0.8166666666666667,0.8333333333333333,1.1533788204193116,0.021520423889160156
sqrt,5,7.74264,0.9,20,0.8033333333333333,0.10666666666666669,68,0.9166666666666667,0.7166666666666667,0.65,0.8166666666666667,0.9166666666666667,1.1578797817230224,0.021489334106445313
sqrt,5,7.74264,0.9,50,0.6933333333333334,0.1827566688249706,487,0.8333333333333333,0.8166666666666667,0.3666666666666667,0.6166666666666667,0.8333333333333333,1.1640690803527831,0.021473789215087892
sqrt,5,27.8256,0.1,5,0.75,0.06236095644623234,269,0.65,0.8166666666666667,0.7333333333333334,0.8166666666666667,0.7333333333333334,0.7808162689208984,0.02150416374206543
sqrt,5,27.8256,0.1,10,0.6566666666666666,0.10252370999486465,533,0.55,0.6166666666666667,0.5666666666666667,0.8166666666666667,0.7333333333333334,0.7815580368041992,0.02138667106628418
sqrt,5,27.8256,0.1,20,0.7833333333333334,0.12292725943057184,146,0.8166666666666667,0.8166666666666667,0.55,0.8166666666666667,0.9166666666666667,0.7865770339965821,0.02134847640991211
sqrt,5,27.8256,0.1,50,0.8033333333333333,0.09273618495495706,68,0.8333333333333333,0.8166666666666667,0.6333333333333333,0.8166666666666667,0.9166666666666667,0.790255069732666,0.0211545467376709
sqrt,5,27.8256,0.3,5,0.6599999999999999,0.06548960901462836,529,0.65,0.6166666666666667,0.5666666666666667,0.7333333333333334,0.7333333333333334,0.9151859283447266,0.021393299102783203
sqrt,5,27.8256,0.3,10,0.7266666666666666,0.11135528725660043,401,0.8166666666666667,0.6166666666666667,0.5666666666666667,0.8166666666666667,0.8166666666666667,0.9174681186676026,0.021448183059692382
sqrt,5,27.8256,0.3,20,0.7666666666666668,0.12292725943057184,211,0.7333333333333334,0.8166666666666667,0.55,0.8166666666666667,0.9166666666666667,0.9227581024169922,0.022510814666748046
sqrt,5,27.8256,0.3,50,0.8366666666666667,0.10561986345169909,10,0.8333333333333333,0.9,0.6333333333333333,0.9,0.9166666666666667,0.9212888717651367,0.021621274948120116
sqrt,5,27.8256,0.5,5,0.6766666666666666,0.10252370999486465,513,0.55,0.7166666666666667,0.5666666666666667,0.8166666666666667,0.7333333333333334,1.0536910533905028,0.021557712554931642
sqrt,5,27.8256,0.5,10,0.71,0.07039570693980958,447,0.7333333333333334,0.6166666666666667,0.65,0.8166666666666667,0.7333333333333334,1.055401611328125,0.021428346633911133
sqrt,5,27.8256,0.5,20,0.7866666666666667,0.12400716825158849,106,0.8333333333333333,0.8166666666666667,0.55,0.8166666666666667,0.9166666666666667,1.0587228298187257,0.02169032096862793
sqrt,5,27.8256,0.5,50,0.7733333333333332,0.06798692684790376,187,0.8333333333333333,0.8166666666666667,0.65,0.8166666666666667,0.75,1.064603614807129,0.02151203155517578
sqrt,5,27.8256,0.7,5,0.7133333333333333,0.10561986345169903,423,0.55,0.7166666666666667,0.65,0.8166666666666667,0.8333333333333333,1.1192529201507568,0.0214841365814209
sqrt,5,27.8256,0.7,10,0.7299999999999999,0.11075498483890762,382,0.55,0.8166666666666667,0.65,0.8166666666666667,0.8166666666666667,1.1193588256835938,0.0213287353515625
sqrt,5,27.8256,0.7,20,0.7866666666666667,0.12400716825158849,106,0.8333333333333333,0.8166666666666667,0.55,0.8166666666666667,0.9166666666666667,1.1231701850891114,0.02152094841003418
sqrt,5,27.8256,0.7,50,0.7733333333333332,0.12138094304022083,187,0.8333333333333333,0.9166666666666667,0.5666666666666667,0.7166666666666667,0.8333333333333333,1.1304670333862306,0.021293830871582032
sqrt,5,27.8256,0.9,5,0.7333333333333332,0.1135292424395093,351,0.55,0.8166666666666667,0.65,0.8166666666666667,0.8333333333333333,1.1970553874969483,0.021363306045532226
sqrt,5,27.8256,0.9,10,0.7666666666666666,0.06666666666666665,226,0.7333333333333334,0.8166666666666667,0.65,0.8166666666666667,0.8166666666666667,1.1971686363220215,0.021524715423583984
sqrt,5,27.8256,0.9,20,0.8066666666666666,0.08666666666666667,57,0.8333333333333333,0.8166666666666667,0.65,0.8166666666666667,0.9166666666666667,1.1998507976531982,0.021413230895996095
sqrt,5,27.8256,0.9,50,0.75,0.1441449887362644,269,0.6333333333333333,0.9166666666666667,0.5666666666666667,0.7166666666666667,0.9166666666666667,1.2042437553405763,0.021471118927001952
sqrt,5,100.0,0.1,5,0.75,0.06236095644623234,269,0.65,0.8166666666666667,0.7333333333333334,0.8166666666666667,0.7333333333333334,0.8252782821655273,0.021405792236328124
sqrt,5,100.0,0.1,10,0.6766666666666666,0.10252370999486465,513,0.55,0.7166666666666667,0.5666666666666667,0.8166666666666667,0.7333333333333334,0.8219521045684814,0.02143750190734863
sqrt,5,100.0,0.1,20,0.7333333333333332,0.1135292424395093,351,0.65,0.8166666666666667,0.55,0.8166666666666667,0.8333333333333333,0.8243007659912109,0.021475696563720705
sqrt,5,100.0,0.1,50,0.8,0.10593499054713805,86,0.7333333333333334,0.8166666666666667,0.6333333333333333,0.9,0.9166666666666667,0.8303637981414795,0.022037744522094727
sqrt,5,100.0,0.3,5,0.75,0.06236095644623234,269,0.65,0.8166666666666667,0.7333333333333334,0.8166666666666667,0.7333333333333334,0.846224594116211,0.02133026123046875
sqrt,5,100.0,0.3,10,0.6766666666666666,0.10252370999486465,513,0.55,0.7166666666666667,0.5666666666666667,0.8166666666666667,0.7333333333333334,0.8442404747009278,0.021496105194091796
sqrt,5,100.0,0.3,20,0.7333333333333332,0.1135292424395093,351,0.65,0.8166666666666667,0.55,0.8166666666666667,0.8333333333333333,0.846939992904663,0.021400260925292968
sqrt,5,100.0,0.3,50,0.7866666666666667,0.12400716825158849,106,0.8333333333333333,0.8166666666666667,0.55,0.8166666666666667,0.9166666666666667,0.8509920120239258,0.021710014343261717
sqrt,5,100.0,0.5,5,0.7300000000000001,0.05312459150169741,361,0.65,0.7166666666666667,0.7333333333333334,0.8166666666666667,0.7333333333333334,0.8901156425476074,0.021660232543945314
sqrt,5,100.0,0.5,10,0.6566666666666666,0.10252370999486465,533,0.55,0.6166666666666667,0.5666666666666667,0.8166666666666667,0.7333333333333334,0.8976954936981201,0.021326351165771484
sqrt,5,100.0,0.5,20,0.75,0.105934990547138,269,0.7333333333333334,0.8166666666666667,0.55,0.8166666666666667,0.8333333333333333,0.8904292106628418,0.02254347801208496
sqrt,5,100.0,0.5,50,0.8033333333333333,0.09273618495495706,68,0.8333333333333333,0.8166666666666667,0.6333333333333333,0.8166666666666667,0.9166666666666667,0.8957825660705566,0.021248865127563476
sqrt,5,100.0,0.7,5,0.7300000000000001,0.05312459150169741,361,0.65,0.7166666666666667,0.7333333333333334,0.8166666666666667,0.7333333333333334,0.9402072429656982,0.021480655670166014
sqrt,5,100.0,0.7,10,0.6900000000000001,0.1057250101810247,498,0.6333333333333333,0.6166666666666667,0.5666666666666667,0.8166666666666667,0.8166666666666667,0.94219970703125,0.021439361572265624
sqrt,5,100.0,0.7,20,0.7666666666666668,0.12292725943057184,211,0.7333333333333334,0.8166666666666667,0.55,0.8166666666666667,0.9166666666666667,0.9407571792602539,0.021378326416015624
sqrt,5,100.0,0.7,50,0.7866666666666665,0.07702813338860895,137,0.8333333333333333,0.8166666666666667,0.6333333333333333,0.8166666666666667,0.8333333333333333,0.9527405738830567,0.021489810943603516
sqrt,5,100.0,0.9,5,0.6599999999999999,0.06548960901462836,529,0.65,0.6166666666666667,0.5666666666666667,0.7333333333333334,0.7333333333333334,0.9928163051605224,0.021639060974121094
sqrt,5,100.0,0.9,10,0.7266666666666666,0.11135528725660043,401,0.8166666666666667,0.6166666666666667,0.5666666666666667,0.8166666666666667,0.8166666666666667,0.9956843376159668,0.02159271240234375
sqrt,5,100.0,0.9,20,0.7666666666666668,0.12292725943057184,211,0.7333333333333334,0.8166666666666667,0.55,0.8166666666666667,0.9166666666666667,0.9951795101165771,0.02156381607055664
sqrt,5,100.0,0.9,50,0.7866666666666665,0.07702813338860895,137,0.8333333333333333,0.8166666666666667,0.6333333333333333,0.8166666666666667,0.8333333333333333,0.994559907913208,0.02126317024230957
0.3,1,0.001,0.1,5,0.5566666666666668,0.12183777921664711,657,0.7166666666666667,0.5166666666666667,0.6166666666666667,0.35,0.5833333333333334,0.47424774169921874,0.021466445922851563
0.3,1,0.001,0.1,10,0.5533333333333333,0.12927146286443544,673,0.7166666666666667,0.5166666666666667,0.5166666666666667,0.35,0.6666666666666666,0.4817365169525146,0.02172532081604004
0.3,1,0.001,0.1,20,0.5633333333333332,0.14429907214608909,641,0.7166666666666667,0.6166666666666667,0.5333333333333333,0.65,0.3,0.4960803031921387,0.021624660491943358
0.3,1,0.001,0.1,50,0.39333333333333337,0.13021349989749742,753,0.6,0.26666666666666666,0.25,0.4666666666666667,0.3833333333333333,0.512155294418335,0.021779203414916994
0.3,1,0.001,0.3,5,0.5566666666666668,0.12183777921664711,657,0.7166666666666667,0.5166666666666667,0.6166666666666667,0.35,0.5833333333333334,0.47786626815795896,0.02147226333618164
0.3,1,0.001,0.3,10,0.5533333333333333,0.12927146286443544,673,0.7166666666666667,0.5166666666666667,0.5166666666666667,0.35,0.6666666666666666,0.48282780647277834,0.021613407135009765
0.3,1,0.001,0.3,20,0.5633333333333332,0.14429907214608909,641,0.7166666666666667,0.6166666666666667,0.5333333333333333,0.65,0.3,0.4964393138885498,0.02184267044067383
0.3,1,0.001,0.3,50,0.39333333333333337,0.13021349989749742,753,0.6,0.26666666666666666,0.25,0.4666666666666667,0.3833333333333333,0.513976764678955,0.021587467193603514
0.3,1,0.001,0.5,5,0.5566666666666668,0.12183777921664711,657,0.7166666666666667,0.5166666666666667,0.6166666666666667,0.35,0.5833333333333334,0.4764824390411377,0.021693992614746093
0.3,1,0.001,0.5,10,0.5533333333333333,0.12927146286443544,673,0.7166666666666667,0.5166666666666667,0.5166666666666667,0.35,0.6666666666666666,0.480714225769043,0.021662807464599608
0.3,1,0.001,0.5,20,0.5633333333333332,0.14429907214608909,641,0.7166666666666667,0.6166666666666667,0.5333333333333333,0.65,0.3,0.4937777042388916,0.021751260757446288
0.3,1,0.001,0.5,50,0.39333333333333337,0.13021349989749742,753,0.6,0.26666666666666666,0.25,0.4666666666666667,0.3833333333333333,0.5111462593078613,0.021477937698364258
0.3,1,0.001,0.7,5,0.5566666666666668,0.12183777921664711,657,0.7166666666666667,0.5166666666666667,0.6166666666666667,0.35,0.5833333333333334,0.4759711742401123,0.02176389694213867
0.3,1,0.001,0.7,10,0.5533333333333333,0.12927146286443544,673,0.7166666666666667,0.5166666666666667,0.5166666666666667,0.35,0.6666666666666666,0.4828510284423828,0.021597862243652344
0.3,1,0.001,0.7,20,0.5633333333333332,0.14429907214608909,641,0.7166666666666667,0.6166666666666667,0.5333333333333333,0.65,0.3,0.4943406581878662,0.021730661392211914
0.3,1,0.001,0.7,50,0.39333333333333337,0.13021349989749742,753,0.6,0.26666666666666666,0.25,0.4666666666666667,0.3833333333333333,0.5117963314056396,0.021709728240966796
0.3,1,0.001,0.9,5,0.5566666666666668,0.12183777921664711,657,0.7166666666666667,0.5166666666666667,0.6166666666666667,0.35,0.5833333333333334,0.47675185203552245,0.021881484985351564
0.3,1,0.001,0.9,10,0.5533333333333333,0.12927146286443544,673,0.7166666666666667,0.5166666666666667,0.5166666666666667,0.35,0.6666666666666666,0.48055853843688967,0.021356582641601562
0.3,1,0.001,0.9,20,0.5633333333333332,0.14429907214608909,641,0.7166666666666667,0.6166666666666667,0.5333333333333333,0.65,0.3,0.4940196990966797,0.021584367752075194
0.3,1,0.001,0.9,50,0.39333333333333337,0.13021349989749742,753,0.6,0.26666666666666666,0.25,0.4666666666666667,0.3833333333333333,0.5113964080810547,0.02173137664794922
0.3,1,0.00359381,0.1,5,0.5566666666666668,0.12183777921664711,657,0.7166666666666667,0.5166666666666667,0.6166666666666667,0.35,0.5833333333333334,0.47673726081848145,0.02147846221923828
0.3,1,0.00359381,0.1,10,0.5533333333333333,0.12927146286443544,673,0.7166666666666667,0.5166666666666667,0.5166666666666667,0.35,0.6666666666666666,0.48556060791015626,0.022179508209228517
0.3,1,0.00359381,0.1,20,0.5633333333333332,0.14429907214608909,641,0.7166666666666667,0.6166666666666667,0.5333333333333333,0.65,0.3,0.4976144313812256,0.021698617935180665
0.3,1,0.00359381,0.1,50,0.39333333333333337,0.13021349989749742,753,0.6,0.26666666666666666,0.25,0.4666666666666667,0.3833333333333333,0.5112771987915039,0.021752023696899415
0.3,1,0.00359381,0.3,5,0.5566666666666668,0.12183777921664711,657,0.7166666666666667,0.5166666666666667,0.6166666666666667,0.35,0.5833333333333334,0.47703166007995607,0.021922492980957033
0.3,1,0.00359381,0.3,10,0.5533333333333333,0.12927146286443544,673,0.7166666666666667,0.5166666666666667,0.5166666666666667,0.35,0.6666666666666666,0.481731653213501,0.021651506423950195
0.3,1,0.00359381,0.3,20,0.5633333333333332,0.14429907214608909,641,0.7166666666666667,0.6166666666666667,0.5333333333333333,0.65,0.3,0.4956180572509766,0.021569299697875976
0.3,1,0.00359381,0.3,50,0.39333333333333337,0.13021349989749742,753,0.6,0.26666666666666666,0.25,0.4666666666666667,0.3833333333333333,0.5112568855285644,0.021649837493896484
0.3,1,0.00359381,0.5,5,0.5566666666666668,0.12183777921664711,657,0.7166666666666667,0.5166666666666667,0.6166666666666667,0.35,0.5833333333333334,0.4748429775238037,0.021674919128417968
0.3,1,0.00359381,0.5,10,0.5533333333333333,0.12927146286443544,673,0.7166666666666667,0.5166666666666667,0.5166666666666667,0.35,0.6666666666666666,0.48224430084228515,0.021582365036010742
0.3,1,0.00359381,0.5,20,0.5633333333333332,0.14429907214608909,641,0.7166666666666667,0.6166666666666667,0.5333333333333333,0.65,0.3,0.49865546226501467,0.021626043319702148
0.3,1,0.00359381,0.5,50,0.39333333333333337,0.13021349989749742,753,0.6,0.26666666666666666,0.25,0.4666666666666667,0.3833333333333333,0.5110582828521728,0.021606636047363282
0.3,1,0.00359381,0.7,5,0.5566666666666668,0.12183777921664711,657,0.7166666666666667,0.5166666666666667,0.6166666666666667,0.35,0.5833333333333334,0.474089527130127,0.02197861671447754
0.3,1,0.00359381,0.7,10,0.5533333333333333,0.12927146286443544,673,0.7166666666666667,0.5166666666666667,0.5166666666666667,0.35,0.6666666666666666,0.48027706146240234,0.021350622177124023
0.3,1,0.00359381,0.7,20,0.5633333333333332,0.14429907214608909,641,0.7166666666666667,0.6166666666666667,0.5333333333333333,0.65,0.3,0.4957942008972168,0.02157278060913086
0.3,1,0.00359381,0.7,50,0.39333333333333337,0.13021349989749742,753,0.6,0.26666666666666666,0.25,0.4666666666666667,0.3833333333333333,0.5090643882751464,0.021562480926513673
0.3,1,0.00359381,0.9,5,0.5566666666666668,0.12183777921664711,657,0.7166666666666667,0.5166666666666667,0.6166666666666667,0.35,0.5833333333333334,0.47507390975952146,0.02169632911682129
0.3,1,0.00359381,0.9,10,0.5533333333333333,0.12927146286443544,673,0.7166666666666667,0.5166666666666667,0.5166666666666667,0.35,0.6666666666666666,0.48148527145385744,0.021505260467529298
0.3,1,0.00359381,0.9,20,0.5633333333333332,0.14429907214608909,641,0.7166666666666667,0.6166666666666667,0.5333333333333333,0.65,0.3,0.49578170776367186,0.021718835830688475
0.3,1,0.00359381,0.9,50,0.39333333333333337,0.13021349989749742,753,0.6,0.26666666666666666,0.25,0.4666666666666667,0.3833333333333333,0.5103405952453614,0.021450901031494142
0.3,1,0.0129155,0.1,5,0.7366666666666666,0.10873004286866728,336,0.7333333333333334,0.9,0.5833333333333334,0.8,0.6666666666666666,0.4928408622741699,0.021877098083496093
0.3,1,0.0129155,0.1,10,0.7,0.1813529401164726,474,0.8166666666666667,0.9166666666666667,0.48333333333333334,0.8,0.48333333333333334,0.4924632549285889,0.021599769592285156
0.3,1,0.0129155,0.1,20,0.7266666666666666,0.12978614889287857,401,0.8166666666666667,0.8166666666666667,0.48333333333333334,0.7,0.8166666666666667,0.500136423110962,0.021772336959838868
0.3,1,0.0129155,0.1,50,0.7333333333333334,0.12780193008453877,338,0.6333333333333333,0.9166666666666667,0.5666666666666667,0.7166666666666667,0.8333333333333333,0.5157675266265869,0.021652841567993165
0.3,1,0.0129155,0.3,5,0.5566666666666668,0.12183777921664711,657,0.7166666666666667,0.5166666666666667,0.6166666666666667,0.35,0.5833333333333334,0.4766439437866211,0.02161564826965332
0.3,1,0.0129155,0.3,10,0.5533333333333333,0.12927146286443544,673,0.7166666666666667,0.5166666666666667,0.5166666666666667,0.35,0.6666666666666666,0.48089208602905276,0.0218076229095459
0.3,1,0.0129155,0.3,20,0.5633333333333332,0.14429907214608909,641,0.7166666666666667,0.6166666666666667,0.5333333333333333,0.65,0.3,0.4941598415374756,0.02179999351501465
0.3,1,0.0129155,0.3,50,0.39333333333333337,0.13021349989749742,753,0.6,0.26666666666666666,0.25,0.4666666666666667,0.3833333333333333,0.5103727340698242,0.02155895233154297
0.3,1,0.0129155,0.5,5,0.5566666666666668,0.12183777921664711,657,0.7166666666666667,0.5166666666666667,0.6166666666666667,0.35,0.5833333333333334,0.4761651515960693,0.021483612060546876
0.3,1,0.0129155,0.5,10,0.5533333333333333,0.12927146286443544,673,0.7166666666666667,0.5166666666666667,0.5166666666666667,0.35,0.6666666666666666,0.48107237815856935,0.02208876609802246
0.3,1,0.0129155,0.5,20,0.5633333333333332,0.14429907214608909,641,0.7166666666666667,0.6166666666666667,0.5333333333333333,0.65,0.3,0.49477696418762207,0.02256612777709961
0.3,1,0.0129155,0.5,50,0.39333333333333337,0.13021349989749742,753,0.6,0.26666666666666666,0.25,0.4666666666666667,0.3833333333333333,0.5145867824554443,0.02144002914428711
0.3,1,0.0129155,0.7,5,0.5566666666666668,0.12183777921664711,657,0.7166666666666667,0.5166666666666667,0.6166666666666667,0.35,0.5833333333333334,0.4799833297729492,0.02141413688659668
0.3,1,0.0129155,0.7,10,0.5533333333333333,0.12927146286443544,673,0.7166666666666667,0.5166666666666667,0.5166666666666667,0.35,0.6666666666666666,0.48361835479736326,0.02161865234375
0.3,1,0.0129155,0.7,20,0.5633333333333332,0.14429907214608909,641,0.7166666666666667,0.6166666666666667,0.5333333333333333,0.65,0.3,0.4935444355010986,0.021760082244873045
0.3,1,0.0129155,0.7,50,0.39333333333333337,0.13021349989749742,753,0.6,0.26666666666666666,0.25,0.4666666666666667,0.3833333333333333,0.5120873928070069,0.02185368537902832
0.3,1,0.0129155,0.9,5,0.5566666666666668,0.12183777921664711,657,0.7166666666666667,0.5166666666666667,0.6166666666666667,0.35,0.5833333333333334,0.47530417442321776,0.021522331237792968
0.3,1,0.0129155,0.9,10,0.5533333333333333,0.12927146286443544,673,0.7166666666666667,0.5166666666666667,0.5166666666666667,0.35,0.6666666666666666,0.4813999176025391,0.021757984161376955
0.3,1,0.0129155,0.9,20,0.5633333333333332,0.14429907214608909,641,0.7166666666666667,0.6166666666666667,0.5333333333333333,0.65,0.3,0.49404087066650393,0.021710920333862304
0.3,1,0.0129155,0.9,50,0.39333333333333337,0.13021349989749742,753,0.6,0.26666666666666666,0.25,0.4666666666666667,0.3833333333333333,0.5120265007019043,0.02161273956298828
0.3,1,0.0464159,0.1,5,0.7933333333333332,0.07930251502246881,101,0.8333333333333333,0.9,0.75,0.8166666666666667,0.6666666666666666,0.49764580726623536,0.021684980392456053
0.3,1,0.0464159,0.1,10,0.7966666666666666,0.08124038404635961,96,0.8166666666666667,0.8166666666666667,0.65,0.8,0.9,0.501713752746582,0.02162785530090332
0.3,1,0.0464159,0.1,20,0.78,0.10187137859957417,175,0.7333333333333334,0.9,0.65,0.7166666666666667,0.9,0.5078392505645752,0.021577787399291993
0.3,1,0.0464159,0.1,50,0.7666666666666668,0.1552775293180282,211,0.8333333333333333,0.8166666666666667,0.4666666666666667,0.8,0.9166666666666667,0.5269845008850098,0.021801471710205078
0.3,1,0.0464159,0.3,5,0.7366666666666666,0.10873004286866728,336,0.7333333333333334,0.9,0.5833333333333334,0.8,0.6666666666666666,0.49867954254150393,0.021694135665893555
0.3,1,0.0464159,0.3,10,0.7533333333333332,0.17172329163188343,266,1.0,0.8166666666666667,0.48333333333333334,0.8,0.6666666666666666,0.5011806964874268,0.02162656784057617
0.3,1,0.0464159,0.3,20,0.7833333333333334,0.18043158136965812,146,0.9166666666666667,0.8166666666666667,0.48333333333333334,0.7,1.0,0.5096414089202881,0.021508121490478517
0.3,1,0.0464159,0.3,50,0.72,0.151803967156476,407,0.7333333333333334,0.9166666666666667,0.48333333333333334,0.6333333333333333,0.8333333333333333,0.526607894897461,0.021525096893310548
0.3,1,0.0464159,0.5,5,0.7266666666666668,0.19078784028338913,392,0.55,0.9166666666666667,0.45,0.9,0.8166666666666667,0.49332575798034667,0.02173018455505371
0.3,1,0.0464159,0.5,10,0.66,0.17275544693133255,525,0.4666666666666667,0.9166666666666667,0.4666666666666667,0.7166666666666667,0.7333333333333334,0.5038797855377197,0.022153043746948244
0.3,1,0.0464159,0.5,20,0.6966666666666667,0.1469693845669907,476,0.7333333333333334,0.6333333333333333,0.4666666666666667,0.9166666666666667,0.7333333333333334,0.5082720756530762,0.02172398567199707
0.3,1,0.0464159,0.5,50,0.68,0.12174654911833116,509,0.6333333333333333,0.7333333333333334,0.4666666666666667,0.8166666666666667,0.75,0.5243802070617676,0.021729803085327147
0.3,1,0.0464159,0.7,5,0.5566666666666668,0.12183777921664711,657,0.7166666666666667,0.5166666666666667,0.6166666666666667,0.35,0.5833333333333334,0.4762962818145752,0.021707534790039062
0.3,1,0.0464159,0.7,10,0.5533333333333333,0.12927146286443544,673,0.7166666666666667,0.5166666666666667,0.5166666666666667,0.35,0.6666666666666666,0.48241682052612306,0.021630477905273438
0.3,1,0.0464159,0.7,20,0.5633333333333332,0.14429907214608909,641,0.7166666666666667,0.6166666666666667,0.5333333333333333,0.65,0.3,0.4950246810913086,0.02165827751159668
0.3,1,0.0464159,0.7,50,0.39333333333333337,0.13021349989749742,753,0.6,0.26666666666666666,0.25,0.4666666666666667,0.3833333333333333,0.510863208770752,0.021581745147705077
0.3,1,0.0464159,0.9,5,0.5566666666666668,0.12183777921664711,657,0.7166666666666667,0.5166666666666667,0.6166666666666667,0.35,0.5833333333333334,0.47702808380126954,0.021872425079345705
0.3,1,0.0464159,0.9,10,0.5533333333333333,0.12927146286443544,673,0.7166666666666667,0.5166666666666667,0.5166666666666667,0.35,0.6666666666666666,0.4815653324127197,0.021591901779174805
0.3,1,0.0464159,0.9,20,0.5633333333333332,0.14429907214608909,641,0.7166666666666667,0.6166666666666667,0.5333333333333333,0.65,0.3,0.49313793182373045,0.02183060646057129
0.3,1,0.0464159,0.9,50,0.39333333333333337,0.13021349989749742,753,0.6,0.26666666666666666,0.25,0.4666666666666667,0.3833333333333333,0.509664249420166,0.02166757583618164
0.3,1,0.16681,0.1,5,0.7333333333333334,0.09189365834726815,338,0.65,0.9,0.65,0.7166666666666667,0.75,0.5278444766998291,0.02175741195678711
0.3,1,0.16681,0.1,10,0.7133333333333334,0.02666666666666671,418,0.7333333333333334,0.7,0.7333333333333334,0.7333333333333334,0.6666666666666666,0.532542085647583,0.021480703353881837
0.3,1,0.16681,0.1,20,0.7866666666666665,0.11661903789690603,137,0.9166666666666667,0.8166666666666667,0.5666666666666667,0.8166666666666667,0.8166666666666667,0.537587308883667,0.02147669792175293
0.3,1,0.16681,0.1,50,0.7833333333333334,0.12337837015547831,146,0.8333333333333333,0.8166666666666667,0.55,0.8,0.9166666666666667,0.5578736782073974,0.021573543548583984
0.3,1,0.16681,0.3,5,0.82,0.12265579661982731,29,0.65,0.9,0.7333333333333334,0.8166666666666667,1.0,0.5329981803894043,0.02149343490600586
0.3,1,0.16681,0.3,10,0.8166666666666668,0.12516655570345725,36,0.8166666666666667,0.9,0.65,0.7166666666666667,1.0,0.5427017688751221,0.021693706512451172
0.3,1,0.16681,0.3,20,0.7833333333333334,0.10593499054713804,146,0.7333333333333334,0.7166666666666667,0.65,0.9,0.9166666666666667,0.5474985599517822,0.021629142761230468
0.3,1,0.16681,0.3,50,0.8,0.13165611772087665,86,0.8166666666666667,0.8166666666666667,0.55,0.9,0.9166666666666667,0.5606167793273926,0.021467304229736327
0.3,1,0.16681,0.5,5,0.8066666666666666,0.0687992248018343,57,0.7333333333333334,0.9166666666666667,0.7333333333333334,0.8166666666666667,0.8333333333333333,0.5393331050872803,0.021501827239990234
0.3,1,0.16681,0.5,10,0.8166666666666667,0.11105554165971787,43,0.8166666666666667,0.8166666666666667,0.65,0.8,1.0,0.544317626953125,0.02155194282531738
0.3,1,0.16681,0.5,20,0.8400000000000001,0.14087031072743625,9,0.7333333333333334,0.8166666666666667,0.65,1.0,1.0,0.5525024890899658,0.021848773956298827
0.3,1,0.16681,0.5,50,0.8366666666666667,0.1151810169544733,10,0.8166666666666667,0.9,0.65,0.8166666666666667,1.0,0.5696718215942382,0.021437454223632812
0.3,1,0.16681,0.7,5,0.8066666666666666,0.0687992248018343,57,0.7333333333333334,0.9166666666666667,0.7333333333333334,0.8166666666666667,0.8333333333333333,0.5330848217010498,0.021734333038330077
0.3,1,0.16681,0.7,10,0.7300000000000001,0.14391355429948602,361,0.8166666666666667,0.7166666666666667,0.48333333333333334,0.7166666666666667,0.9166666666666667,0.5385204315185547,0.021662569046020506
0.3,1,0.16681,0.7,20,0.73,0.17556258776351588,376,0.7333333333333334,0.8166666666666667,0.48333333333333334,0.6166666666666667,1.0,0.5445085525512695,0.021597528457641603
0.3,1,0.16681,0.7,50,0.75,0.14757295747452437,269,0.7166666666666667,0.8166666666666667,0.48333333333333334,0.8166666666666667,0.9166666666666667,0.562242841720581,0.02164177894592285
0.3,1,0.16681,0.9,5,0.8033333333333333,0.06359594676112969,68,0.7333333333333334,0.9,0.7333333333333334,0.8166666666666667,0.8333333333333333,0.5391260623931885,0.021683692932128906
0.3,1,0.16681,0.9,10,0.75,0.12516655570345728,269,0.65,0.8166666666666667,0.5666666666666667,0.8,0.9166666666666667,0.5445630073547363,0.021574115753173827
0.3,1,0.16681,0.9,20,0.6966666666666667,0.12710450643291743,476,0.65,0.8166666666666667,0.48333333333333334,0.7,0.8333333333333333,0.5537542819976806,0.02170877456665039
0.3,1,0.16681,0.9,50,0.72,0.1499629583893599,407,0.8166666666666667,0.9166666666666667,0.48333333333333334,0.6333333333333333,0.75,0.5717345237731933,0.021636390686035158
0.3,1,0.599484,0.1,5,0.64,0.04666666666666666,543,0.65,0.6,0.65,0.7166666666666667,0.5833333333333334,0.5970036029815674,0.021553945541381837
0.3,1,0.599484,0.1,10,0.7266666666666668,0.016996731711975972,392,0.7333333333333334,0.7,0.7333333333333334,0.7166666666666667,0.75,0.6005999088287354,0.021634626388549804
0.3,1,0.599484,0.1,20,0.7833333333333334,0.1456784892227477,146,0.7333333333333334,0.8166666666666667,0.55,0.8166666666666667,1.0,0.6069583415985107,0.02166094779968262
0.3,1,0.599484,0.1,50,0.75,0.105934990547138,269,0.7333333333333334,0.8166666666666667,0.55,0.8166666666666667,0.8333333333333333,0.6225386619567871,0.021512746810913086
0.3,1,0.599484,0.3,5,0.7866666666666667,0.08326663997864531,106,0.65,0.9,0.8166666666666667,0.8166666666666667,0.75,0.6150938510894776,0.021523523330688476
0.3,1,0.599484,0.3,10,0.8166666666666668,0.05868938953886337,36,0.8166666666666667,0.8,0.7333333333333334,0.8166666666666667,0.9166666666666667,0.6183059692382813,0.021700716018676756
0.3,1,0.599484,0.3,20,0.7833333333333332,0.06666666666666665,169,0.8166666666666667,0.8166666666666667,0.65,0.8166666666666667,0.8166666666666667,0.6259741306304931,0.02187185287475586
0.3,1,0.599484,0.3,50,0.7700000000000001,0.11709445380166865,192,0.7333333333333334,0.8166666666666667,0.5666666666666667,0.8166666666666667,0.9166666666666667,0.6428895950317383,0.02173299789428711
0.3,1,0.599484,0.5,5,0.7700000000000001,0.10456258094238748,192,0.65,0.8166666666666667,0.65,0.8166666666666667,0.9166666666666667,0.6427334785461426,0.021689081192016603
0.3,1,0.599484,0.5,10,0.8300000000000001,0.116619037896906,19,0.9,0.8,0.65,0.8,1.0,0.6471796989440918,0.021335458755493163
0.3,1,0.599484,0.5,20,0.8033333333333333,0.10666666666666669,68,0.9166666666666667,0.7166666666666667,0.65,0.8166666666666667,0.9166666666666667,0.6529271602630615,0.021689653396606445
0.3,1,0.599484,0.5,50,0.82,0.18601075237738277,29,0.9166666666666667,0.8166666666666667,0.4666666666666667,0.9,1.0,0.6703636169433593,0.021612930297851562
0.3,1,0.599484,0.7,5,0.7700000000000001,0.14847371634213394,192,0.8166666666666667,0.8166666666666667,0.48333333333333334,0.8166666666666667,0.9166666666666667,0.6425323009490966,0.021773386001586913
0.3,1,0.599484,0.7,10,0.8366666666666667,0.13140268896284682,10,0.9166666666666667,0.9,0.65,0.7166666666666667,1.0,0.6481332302093505,0.02170085906982422
0.3,1,0.599484,0.7,20,0.75,0.0722649446289293,269,0.8333333333333333,0.7166666666666667,0.65,0.7166666666666667,0.8333333333333333,0.6547410964965821,0.02170534133911133
0.3,1,0.599484,0.7,50,0.8033333333333333,0.1161416759345623,68,0.8166666666666667,0.8166666666666667,0.65,0.7333333333333334,1.0,0.6721974372863769,0.02163076400756836
0.3,1,0.599484,0.9,5,0.8200000000000001,0.05811865258054232,25,0.8166666666666667,0.8166666666666667,0.7333333333333334,0.8166666666666667,0.9166666666666667,0.6522052764892579,0.021643781661987306
0.3,1,0.599484,0.9,10,0.8866666666666667,0.0725718035235908,1,0.9166666666666667,0.9,0.8166666666666667,0.8,1.0,0.6572545528411865,0.021830415725708006
0.3,1,0.599484,0.9,20,0.75,0.1159501808728406,269,0.7333333333333334,0.7166666666666667,0.5666666666666667,0.8166666666666667,0.9166666666666667,0.669863510131836,0.02151908874511719
0.3,1,0.599484,0.9,50,0.7666666666666666,0.11595018087284058,226,0.9,0.8166666666666667,0.5666666666666667,0.7166666666666667,0.8333333333333333,0.6795497894287109,0.02147197723388672
0.3,1,2.15443,0.1,5,0.71,0.07644896627453145,447,0.7333333333333334,0.6,0.65,0.8166666666666667,0.75,0.7105939865112305,0.021734189987182618
0.3,1,2.15443,0.1,10,0.75,0.09486832980505139,269,0.8166666666666667,0.8,0.5666666666666667,0.8166666666666667,0.75,0.7124513149261474,0.021466159820556642
0.3,1,2.15443,0.1,20,0.8566666666666667,0.08919392106839767,3,0.8333333333333333,0.9,0.7333333333333334,0.8166666666666667,1.0,0.7188252449035645,0.02159714698791504
0.3,1,2.15443,0.1,50,0.7699999999999999,0.1199073716573663,201,0.75,0.8166666666666667,0.55,0.9,0.8333333333333333,0.7362675666809082,0.021516180038452147
0.3,1,2.15443,0.3,5,0.7633333333333334,0.08393118874676114,242,0.65,0.9,0.8,0.7166666666666667,0.75,0.7773275375366211,0.02173647880554199
0.3,1,2.15443,0.3,10,0.7466666666666667,0.03858612300930075,307,0.7333333333333334,0.7,0.7333333333333334,0.8166666666666667,0.75,0.7797061443328858,0.022039031982421874
0.3,1,2.15443,0.3,20,0.7666666666666666,0.07149203529842403,226,0.8166666666666667,0.8166666666666667,0.65,0.7166666666666667,0.8333333333333333,0.7838118553161622,0.021619796752929688
0.3,1,2.15443,0.3,50,0.8233333333333333,0.09463379711052261,23,0.8333333333333333,0.8166666666666667,0.65,0.9,0.9166666666666667,0.7970053195953369,0.021499776840209962
0.3,1,2.15443,0.5,5,0.7366666666666667,0.09797958971132714,327,0.65,0.9166666666666667,0.65,0.7166666666666667,0.75,0.8218402862548828,0.021579456329345704
0.3,1,2.15443,0.5,10,0.7799999999999999,0.053124591501697405,182,0.8166666666666667,0.7,0.7333333333333334,0.8166666666666667,0.8333333333333333,0.8126008033752441,0.021843624114990235
0.3,1,2.15443,0.5,20,0.8233333333333335,0.09752492558885198,21,0.9166666666666667,0.8166666666666667,0.65,0.8166666666666667,0.9166666666666667,0.8202516078948975,0.02166895866394043
0.3,1,2.15443,0.5,50,0.7700000000000001,0.11709445380166865,192,0.7333333333333334,0.8166666666666667,0.5666666666666667,0.8166666666666667,0.9166666666666667,0.838394021987915,0.021555757522583006
0.3,1,2.15443,0.7,5,0.8033333333333333,0.1161416759345623,68,0.65,0.8166666666666667,0.7333333333333334,0.8166666666666667,1.0,0.8905074119567871,0.021545886993408203
0.3,1,2.15443,0.7,10,0.8166666666666667,0.0691214711777591,43,0.9166666666666667,0.7,0.8166666666666667,0.8166666666666667,0.8333333333333333,0.8948633670806885,0.02152862548828125
0.3,1,2.15443,0.7,20,0.7833333333333334,0.09189365834726815,146,0.8166666666666667,0.7166666666666667,0.65,0.8166666666666667,0.9166666666666667,0.9034266948699952,0.022998523712158204
0.3,1,2.15443,0.7,50,0.7833333333333334,0.1735255344642716,146,0.8166666666666667,0.8166666666666667,0.4666666666666667,0.8166666666666667,1.0,0.9243711471557617,0.02157430648803711
0.3,1,2.15443,0.9,5,0.6966666666666667,0.14659088951530683,476,0.65,0.8166666666666667,0.48333333333333334,0.6333333333333333,0.9,0.9500025749206543,0.02176823616027832
0.3,1,2.15443,0.9,10,0.8133333333333335,0.09030811456096048,50,0.9166666666666667,0.8,0.7333333333333334,0.7,0.9166666666666667,0.9588126182556153,0.021670722961425783
0.3,1,2.15443,0.9,20,0.8133333333333332,0.10349449797506682,52,0.8166666666666667,0.7166666666666667,0.8166666666666667,0.7166666666666667,1.0,0.9596195697784424,0.021562814712524414
0.3,1,2.15443,0.9,50,0.8033333333333333,0.10666666666666669,68,0.8166666666666667,0.9166666666666667,0.65,0.7166666666666667,0.9166666666666667,0.9766699314117432,0.021681976318359376
0.3,1,7.74264,0.1,5,0.7066666666666667,0.07930251502246877,471,0.7333333333333334,0.6,0.65,0.7166666666666667,0.8333333333333333,0.7769647598266601,0.021606302261352538
0.3,1,7.74264,0.1,10,0.7299999999999999,0.09273618495495704,382,0.8166666666666667,0.7,0.5666666666666667,0.8166666666666667,0.75,0.7879410266876221,0.021438455581665038
0.3,1,7.74264,0.1,20,0.7466666666666667,0.10666666666666663,307,0.8166666666666667,0.8166666666666667,0.55,0.7166666666666667,0.8333333333333333,0.7859056472778321,0.021524477005004882
0.3,1,7.74264,0.1,50,0.7866666666666667,0.132664991614216,106,0.75,0.8166666666666667,0.55,0.9,0.9166666666666667,0.8025326251983642,0.02159571647644043
0.3,1,7.74264,0.3,5,0.74,0.07644896627453145,324,0.7333333333333334,0.6,0.8,0.8166666666666667,0.75,0.9417154788970947,0.02175898551940918
0.3,1,7.74264,0.3,10,0.7266666666666668,0.016996731711975972,392,0.7333333333333334,0.7,0.7333333333333334,0.7166666666666667,0.75,0.9458207130432129,0.021799182891845702
0.3,1,7.74264,0.3,20,0.8533333333333333,0.09030811456096043,6,0.7333333333333334,0.9,0.8166666666666667,0.8166666666666667,1.0,0.9536216259002686,0.02171745300292969
0.3,1,7.74264,0.3,50,0.7133333333333333,0.13349989596333853,423,0.55,0.8166666666666667,0.55,0.8166666666666667,0.8333333333333333,0.9680976867675781,0.02161407470703125
0.3,1,7.74264,0.5,5,0.7833333333333334,0.08232726023485645,146,0.65,0.9,0.8,0.8166666666666667,0.75,1.003356695175171,0.021721649169921874
0.3,1,7.74264,0.5,10,0.7300000000000001,0.055176484524156154,361,0.7333333333333334,0.7,0.65,0.8166666666666667,0.75,1.0086031913757325,0.021534109115600587
0.3,1,7.74264,0.5,20,0.8533333333333333,0.09683892697555968,6,0.9166666666666667,0.8166666666666667,0.8166666666666667,0.7166666666666667,1.0,1.0176420211791992,0.021821308135986327
0.3,1,7.74264,0.5,50,0.8066666666666666,0.08666666666666667,57,0.9166666666666667,0.8166666666666667,0.65,0.8166666666666667,0.8333333333333333,1.032428216934204,0.021484184265136718
0.3,1,7.74264,0.7,5,0.7366666666666667,0.09797958971132714,327,0.65,0.9166666666666667,0.65,0.7166666666666667,0.75,1.0654911041259765,0.021796274185180663
0.3,1,7.74264,0.7,10,0.7633333333333333,0.07408703590297622,246,0.8166666666666667,0.7,0.65,0.8166666666666667,0.8333333333333333,1.065609073638916,0.02163071632385254
0.3,1,7.74264,0.7,20,0.82,0.11075498483890765,29,0.8166666666666667,0.8166666666666667,0.65,0.8166666666666667,1.0,1.0727158546447755,0.02173008918762207
0.3,1,7.74264,0.7,50,0.7866666666666667,0.1279756921363498,106,0.7333333333333334,0.8166666666666667,0.5666666666666667,0.9,0.9166666666666667,1.0899384021759033,0.02180452346801758
0.3,1,7.74264,0.9,5,0.7366666666666667,0.09797958971132714,327,0.65,0.9166666666666667,0.65,0.7166666666666667,0.75,1.158092164993286,0.02173590660095215
0.3,1,7.74264,0.9,10,0.7799999999999999,0.053124591501697405,182,0.8166666666666667,0.7,0.7333333333333334,0.8166666666666667,0.8333333333333333,1.167285442352295,0.02160477638244629
0.3,1,7.74264,0.9,20,0.8166666666666668,0.10055402085998903,36,0.8166666666666667,0.8166666666666667,0.7333333333333334,0.7166666666666667,1.0,1.1670002937316895,0.021347951889038087
0.3,1,7.74264,0.9,50,0.78,0.15613384571507158,175,0.7333333333333334,0.7166666666666667,0.55,0.9,1.0,1.1878528118133544,0.021543169021606447
0.3,1,27.8256,0.1,5,0.7133333333333333,0.13140268896284682,423,0.7333333333333334,0.8166666666666667,0.4666666666666667,0.7166666666666667,0.8333333333333333,0.7933864593505859,0.02146172523498535
0.3,1,27.8256,0.1,10,0.7099999999999999,0.09695359714832658,467,0.8166666666666667,0.7,0.5666666666666667,0.8166666666666667,0.65,0.7918871879577637,0.021690750122070314
0.3,1,27.8256,0.1,20,0.8,0.15705625319186328,86,1.0,0.8166666666666667,0.55,0.7166666666666667,0.9166666666666667,0.7968170642852783,0.021441555023193358
0.3,1,27.8256,0.1,50,0.7699999999999999,0.1199073716573663,201,0.75,0.8166666666666667,0.55,0.9,0.8333333333333333,0.8126410961151123,0.021644020080566408
0.3,1,27.8256,0.3,5,0.71,0.07498147919467991,447,0.7333333333333334,0.6166666666666667,0.65,0.7166666666666667,0.8333333333333333,0.9242794513702393,0.02160654067993164
0.3,1,27.8256,0.3,10,0.7299999999999999,0.09273618495495704,382,0.8166666666666667,0.7,0.5666666666666667,0.8166666666666667,0.75,0.9253892421722412,0.021610307693481445
0.3,1,27.8256,0.3,20,0.7700000000000001,0.11709445380166865,192,0.7333333333333334,0.8166666666666667,0.5666666666666667,0.8166666666666667,0.9166666666666667,0.9303641319274902,0.021423816680908203
0.3,1,27.8256,0.3,50,0.7833333333333334,0.1693123346560039,146,0.8333333333333333,0.9,0.45,0.9,0.8333333333333333,0.9499153614044189,0.02135491371154785
0.3,1,27.8256,0.5,5,0.71,0.07644896627453145,447,0.7333333333333334,0.6,0.65,0.8166666666666667,0.75,1.0589998722076417,0.021475839614868163
0.3,1,27.8256,0.5,10,0.7333333333333334,0.053748384988656986,338,0.65,0.7166666666666667,0.8166666666666667,0.7333333333333334,0.75,1.0670499801635742,0.021483421325683594
0.3,1,27.8256,0.5,20,0.8366666666666667,0.1151810169544733,10,0.8166666666666667,0.9,0.65,0.8166666666666667,1.0,1.070595645904541,0.02151656150817871
0.3,1,27.8256,0.5,50,0.7699999999999999,0.1199073716573663,201,0.75,0.8166666666666667,0.55,0.9,0.8333333333333333,1.0879924774169922,0.021637725830078124
0.3,1,27.8256,0.7,5,0.74,0.07644896627453145,324,0.7333333333333334,0.6,0.8,0.8166666666666667,0.75,1.1279965877532958,0.021548986434936523
0.3,1,27.8256,0.7,10,0.7266666666666668,0.016996731711975972,392,0.7333333333333334,0.7,0.7333333333333334,0.7166666666666667,0.75,1.1333937168121337,0.021852874755859376
0.3,1,27.8256,0.7,20,0.8533333333333333,0.09030811456096043,6,0.7333333333333334,0.9,0.8166666666666667,0.8166666666666667,1.0,1.1347272872924805,0.02166748046875
0.3,1,27.8256,0.7,50,0.7533333333333333,0.06699917080747257,259,0.75,0.8166666666666667,0.65,0.7166666666666667,0.8333333333333333,1.1507102489471435,0.021412038803100587
0.3,1,27.8256,0.9,5,0.8,0.05868938953886336,86,0.7333333333333334,0.9,0.8,0.8166666666666667,0.75,1.202411699295044,0.021693849563598634
0.3,1,27.8256,0.9,10,0.7100000000000001,0.03431876713662334,445,0.7333333333333334,0.7,0.65,0.7166666666666667,0.75,1.2049035549163818,0.021679162979125977
0.3,1,27.8256,0.9,20,0.82,0.09741092797468304,29,0.7333333333333334,0.8166666666666667,0.7333333333333334,0.8166666666666667,1.0,1.2112299919128418,0.021567535400390626
0.3,1,27.8256,0.9,50,0.7466666666666667,0.13432961119739922,307,0.6333333333333333,0.8166666666666667,0.55,0.8166666666666667,0.9166666666666667,1.227156925201416,0.022428178787231447
0.3,1,100.0,0.1,5,0.7133333333333333,0.13140268896284682,423,0.7333333333333334,0.8166666666666667,0.4666666666666667,0.7166666666666667,0.8333333333333333,0.8276530742645264,0.021668148040771485
0.3,1,100.0,0.1,10,0.73,0.10295630140987001,376,0.8166666666666667,0.8,0.5666666666666667,0.8166666666666667,0.65,0.8297036170959473,0.021585988998413085
0.3,1,100.0,0.1,20,0.7133333333333334,0.08844332774281063,418,0.7333333333333334,0.8166666666666667,0.55,0.7166666666666667,0.75,0.837987756729126,0.021530342102050782
0.3,1,100.0,0.1,50,0.7866666666666667,0.132664991614216,106,0.75,0.8166666666666667,0.55,0.9,0.9166666666666667,0.8539208889007568,0.02164936065673828
0.3,1,100.0,0.3,5,0.7133333333333333,0.13140268896284682,423,0.7333333333333334,0.8166666666666667,0.4666666666666667,0.7166666666666667,0.8333333333333333,0.8522420883178711,0.021902704238891603
0.3,1,100.0,0.3,10,0.73,0.10295630140987001,376,0.8166666666666667,0.8,0.5666666666666667,0.8166666666666667,0.65,0.8542500019073487,0.021588611602783202
0.3,1,100.0,0.3,20,0.7333333333333334,0.10110500592068732,338,0.8333333333333333,0.8166666666666667,0.55,0.7166666666666667,0.75,0.859564208984375,0.02149801254272461
0.3,1,100.0,0.3,50,0.75,0.11879019787470305,269,0.75,0.7166666666666667,0.55,0.9,0.8333333333333333,0.8773313999176026,0.021541595458984375
0.3,1,100.0,0.5,5,0.7133333333333333,0.13140268896284682,423,0.7333333333333334,0.8166666666666667,0.4666666666666667,0.7166666666666667,0.8333333333333333,0.8938598155975341,0.021522092819213866
0.3,1,100.0,0.5,10,0.7099999999999999,0.09695359714832658,467,0.8166666666666667,0.7,0.5666666666666667,0.8166666666666667,0.65,0.8991799354553223,0.021624135971069335
0.3,1,100.0,0.5,20,0.7266666666666668,0.11623730516108463,392,0.7333333333333334,0.7166666666666667,0.55,0.7166666666666667,0.9166666666666667,0.9037567615509033,0.021461057662963866
0.3,1,100.0,0.5,50,0.7466666666666667,0.16812693617224658,307,0.75,0.7166666666666667,0.45,0.9,0.9166666666666667,0.9212692260742188,0.02169942855834961
0.3,1,100.0,0.7,5,0.7133333333333333,0.13140268896284682,423,0.7333333333333334,0.8166666666666667,0.4666666666666667,0.7166666666666667,0.8333333333333333,0.946510124206543,0.021787261962890624
0.3,1,100.0,0.7,10,0.6966666666666667,0.08524474568362948,476,0.65,0.7,0.5666666666666667,0.8166666666666667,0.75,0.9483927249908447,0.021837520599365234
0.3,1,100.0,0.7,20,0.7833333333333334,0.13374935098492585,146,0.7333333333333334,0.9,0.55,0.8166666666666667,0.9166666666666667,0.9559143543243408,0.021405458450317383
0.3,1,100.0,0.7,50,0.75,0.15740958604156793,269,0.75,0.8166666666666667,0.45,0.9,0.8333333333333333,0.969994068145752,0.021387481689453126
0.3,1,100.0,0.9,5,0.71,0.07498147919467991,447,0.7333333333333334,0.6166666666666667,0.65,0.7166666666666667,0.8333333333333333,0.9936059474945068,0.021758604049682616
0.3,1,100.0,0.9,10,0.7299999999999999,0.09273618495495704,382,0.8166666666666667,0.7,0.5666666666666667,0.8166666666666667,0.75,0.9981573104858399,0.021668529510498045
0.3,1,100.0,0.9,20,0.75,0.1159501808728406,269,0.7333333333333334,0.7166666666666667,0.5666666666666667,0.8166666666666667,0.9166666666666667,1.0024871349334716,0.021631145477294923
0.3,1,100.0,0.9,50,0.75,0.15740958604156793,269,0.75,0.8166666666666667,0.45,0.9,0.8333333333333333,1.0190762519836425,0.021564817428588866
0.3,5,0.001,0.1,5,0.6033333333333333,0.10077477638553982,577,0.6,0.4166666666666667,0.7166666666666667,0.6333333333333333,0.65,0.4637294292449951,0.021236991882324217
0.3,5,0.001,0.1,10,0.62,0.11075498483890765,544,0.6,0.4166666666666667,0.7166666666666667,0.7166666666666667,0.65,0.46675124168396,0.021362686157226564
0.3,5,0.001,0.1,20,0.5466666666666666,0.07408703590297622,705,0.6,0.4166666666666667,0.6333333333333333,0.5333333333333333,0.55,0.4730221748352051,0.021587324142456055
0.3,5,0.001,0.1,50,0.3866666666666667,0.09510228411791406,785,0.5166666666666667,0.3333333333333333,0.25,0.4666666666666667,0.3666666666666667,0.4839775085449219,0.021758222579956056
0.3,5,0.001,0.3,5,0.6033333333333333,0.10077477638553982,577,0.6,0.4166666666666667,0.7166666666666667,0.6333333333333333,0.65,0.4646301746368408,0.021412229537963866
0.3,5,0.001,0.3,10,0.62,0.11075498483890765,544,0.6,0.4166666666666667,0.7166666666666667,0.7166666666666667,0.65,0.46669745445251465,0.021445465087890626
0.3,5,0.001,0.3,20,0.5466666666666666,0.07408703590297622,705,0.6,0.4166666666666667,0.6333333333333333,0.5333333333333333,0.55,0.4731873035430908,0.02131972312927246
0.3,5,0.001,0.3,50,0.3866666666666667,0.09510228411791406,785,0.5166666666666667,0.3333333333333333,0.25,0.4666666666666667,0.3666666666666667,0.48416872024536134,0.02124500274658203
0.3,5,0.001,0.5,5,0.6033333333333333,0.10077477638553982,577,0.6,0.4166666666666667,0.7166666666666667,0.6333333333333333,0.65,0.4652669906616211,0.021261930465698242
0.3,5,0.001,0.5,10,0.62,0.11075498483890765,544,0.6,0.4166666666666667,0.7166666666666667,0.7166666666666667,0.65,0.46536831855773925,0.02122502326965332
0.3,5,0.001,0.5,20,0.5466666666666666,0.07408703590297622,705,0.6,0.4166666666666667,0.6333333333333333,0.5333333333333333,0.55,0.47371978759765626,0.021282672882080078
0.3,5,0.001,0.5,50,0.3866666666666667,0.09510228411791406,785,0.5166666666666667,0.3333333333333333,0.25,0.4666666666666667,0.3666666666666667,0.485247278213501,0.021262550354003908
0.3,5,0.001,0.7,5,0.6033333333333333,0.10077477638553982,577,0.6,0.4166666666666667,0.7166666666666667,0.6333333333333333,0.65,0.4645512580871582,0.021302032470703124
0.3,5,0.001,0.7,10,0.62,0.11075498483890765,544,0.6,0.4166666666666667,0.7166666666666667,0.7166666666666667,0.65,0.4675590038299561,0.02132697105407715
0.3,5,0.001,0.7,20,0.5466666666666666,0.07408703590297622,705,0.6,0.4166666666666667,0.6333333333333333,0.5333333333333333,0.55,0.4741807460784912,0.021509885787963867
0.3,5,0.001,0.7,50,0.3866666666666667,0.09510228411791406,785,0.5166666666666667,0.3333333333333333,0.25,0.4666666666666667,0.3666666666666667,0.486800479888916,0.021270370483398436
0.3,5,0.001,0.9,5,0.6033333333333333,0.10077477638553982,577,0.6,0.4166666666666667,0.7166666666666667,0.6333333333333333,0.65,0.46542110443115237,0.021498680114746094
0.3,5,0.001,0.9,10,0.62,0.11075498483890765,544,0.6,0.4166666666666667,0.7166666666666667,0.7166666666666667,0.65,0.4677741050720215,0.02147374153137207
0.3,5,0.001,0.9,20,0.5466666666666666,0.07408703590297622,705,0.6,0.4166666666666667,0.6333333333333333,0.5333333333333333,0.55,0.47617325782775877,0.02247796058654785
0.3,5,0.001,0.9,50,0.3866666666666667,0.09510228411791406,785,0.5166666666666667,0.3333333333333333,0.25,0.4666666666666667,0.3666666666666667,0.4872161865234375,0.02144160270690918
0.3,5,0.00359381,0.1,5,0.6033333333333333,0.10077477638553982,577,0.6,0.4166666666666667,0.7166666666666667,0.6333333333333333,0.65,0.46499338150024416,0.0214052677154541
0.3,5,0.00359381,0.1,10,0.62,0.11075498483890765,544,0.6,0.4166666666666667,0.7166666666666667,0.7166666666666667,0.65,0.470761775970459,0.021283960342407225
0.3,5,0.00359381,0.1,20,0.5466666666666666,0.07408703590297622,705,0.6,0.4166666666666667,0.6333333333333333,0.5333333333333333,0.55,0.4748538970947266,0.021517372131347655
0.3,5,0.00359381,0.1,50,0.3866666666666667,0.09510228411791406,785,0.5166666666666667,0.3333333333333333,0.25,0.4666666666666667,0.3666666666666667,0.4832284927368164,0.02167997360229492
0.3,5,0.00359381,0.3,5,0.6033333333333333,0.10077477638553982,577,0.6,0.4166666666666667,0.7166666666666667,0.6333333333333333,0.65,0.4637042999267578,0.021213865280151366
0.3,5,0.00359381,0.3,10,0.62,0.11075498483890765,544,0.6,0.4166666666666667,0.7166666666666667,0.7166666666666667,0.65,0.4660712718963623,0.02131028175354004
0.3,5,0.00359381,0.3,20,0.5466666666666666,0.07408703590297622,705,0.6,0.4166666666666667,0.6333333333333333,0.5333333333333333,0.55,0.4733725070953369,0.02133035659790039
0.3,5,0.00359381,0.3,50,0.3866666666666667,0.09510228411791406,785,0.5166666666666667,0.3333333333333333,0.25,0.4666666666666667,0.3666666666666667,0.4842477321624756,0.021873950958251953
0.3,5,0.00359381,0.5,5,0.6033333333333333,0.10077477638553982,577,0.6,0.4166666666666667,0.7166666666666667,0.6333333333333333,0.65,0.46542797088623045,0.021344375610351563
0.3,5,0.00359381,0.5,10,0.62,0.11075498483890765,544,0.6,0.4166666666666667,0.7166666666666667,0.7166666666666667,0.65,0.4695886135101318,0.021312379837036134
0.3,5,0.00359381,0.5,20,0.5466666666666666,0.07408703590297622,705,0.6,0.4166666666666667,0.6333333333333333,0.5333333333333333,0.55,0.47989673614501954,0.02176508903503418
0.3,5,0.00359381,0.5,50,0.3866666666666667,0.09510228411791406,785,0.5166666666666667,0.3333333333333333,0.25,0.4666666666666667,0.3666666666666667,0.48511686325073244,0.021425485610961914
0.3,5,0.00359381,0.7,5,0.6033333333333333,0.10077477638553982,577,0.6,0.4166666666666667,0.7166666666666667,0.6333333333333333,0.65,0.4649477481842041,0.02129364013671875
0.3,5,0.00359381,0.7,10,0.62,0.11075498483890765,544,0.6,0.4166666666666667,0.7166666666666667,0.7166666666666667,0.65,0.4690081119537354,0.021312904357910157
0.3,5,0.00359381,0.7,20,0.5466666666666666,0.07408703590297622,705,0.6,0.4166666666666667,0.6333333333333333,0.5333333333333333,0.55,0.47466344833374025,0.021317720413208008
0.3,5,0.00359381,0.7,50,0.3866666666666667,0.09510228411791406,785,0.5166666666666667,0.3333333333333333,0.25,0.4666666666666667,0.3666666666666667,0.4839010238647461,0.0218813419342041
0.3,5,0.00359381,0.9,5,0.6033333333333333,0.10077477638553982,577,0.6,0.4166666666666667,0.7166666666666667,0.6333333333333333,0.65,0.46403002738952637,0.021408796310424805
0.3,5,0.00359381,0.9,10,0.62,0.11075498483890765,544,0.6,0.4166666666666667,0.7166666666666667,0.7166666666666667,0.65,0.4667837142944336,0.021375083923339845
0.3,5,0.00359381,0.9,20,0.5466666666666666,0.07408703590297622,705,0.6,0.4166666666666667,0.6333333333333333,0.5333333333333333,0.55,0.4728868007659912,0.02136573791503906
0.3,5,0.00359381,0.9,50,0.3866666666666667,0.09510228411791406,785,0.5166666666666667,0.3333333333333333,0.25,0.4666666666666667,0.3666666666666667,0.4868623733520508,0.021317577362060545
0.3,5,0.0129155,0.1,5,0.6733333333333335,0.11382247385975916,519,0.65,0.7166666666666667,0.4666666666666667,0.8,0.7333333333333334,0.4749868392944336,0.021494579315185548
0.3,5,0.0129155,0.1,10,0.6599999999999999,0.09345230512584124,529,0.65,0.8166666666666667,0.5666666666666667,0.7,0.5666666666666667,0.47942385673522947,0.021209001541137695
0.3,5,0.0129155,0.1,20,0.6666666666666667,0.09309493362512627,523,0.55,0.8166666666666667,0.65,0.6,0.7166666666666667,0.48798627853393556,0.02124648094177246
0.3,5,0.0129155,0.1,50,0.6833333333333332,0.13080944580232387,508,0.5333333333333333,0.8166666666666667,0.5333333333333333,0.7,0.8333333333333333,0.49671387672424316,0.021601486206054687
0.3,5,0.0129155,0.3,5,0.6033333333333333,0.10077477638553982,577,0.6,0.4166666666666667,0.7166666666666667,0.6333333333333333,0.65,0.4656054019927979,0.021358823776245116
0.3,5,0.0129155,0.3,10,0.62,0.11075498483890765,544,0.6,0.4166666666666667,0.7166666666666667,0.7166666666666667,0.65,0.4663375377655029,0.021297407150268555
0.3,5,0.0129155,0.3,20,0.5466666666666666,0.07408703590297622,705,0.6,0.4166666666666667,0.6333333333333333,0.5333333333333333,0.55,0.47235565185546874,0.021264362335205077
0.3,5,0.0129155,0.3,50,0.3866666666666667,0.09510228411791406,785,0.5166666666666667,0.3333333333333333,0.25,0.4666666666666667,0.3666666666666667,0.4860166072845459,0.021321868896484374
0.3,5,0.0129155,0.5,5,0.6033333333333333,0.10077477638553982,577,0.6,0.4166666666666667,0.7166666666666667,0.6333333333333333,0.65,0.4643219470977783,0.021406030654907225
0.3,5,0.0129155,0.5,10,0.62,0.11075498483890765,544,0.6,0.4166666666666667,0.7166666666666667,0.7166666666666667,0.65,0.46628804206848146,0.021338415145874024
0.3,5,0.0129155,0.5,20,0.5466666666666666,0.07408703590297622,705,0.6,0.4166666666666667,0.6333333333333333,0.5333333333333333,0.55,0.47238473892211913,0.021457862854003907
0.3,5,0.0129155,0.5,50,0.3866666666666667,0.09510228411791406,785,0.5166666666666667,0.3333333333333333,0.25,0.4666666666666667,0.3666666666666667,0.4846202850341797,0.02134242057800293
0.3,5,0.0129155,0.7,5,0.6033333333333333,0.10077477638553982,577,0.6,0.4166666666666667,0.7166666666666667,0.6333333333333333,0.65,0.4642788410186768,0.021445751190185547
0.3,5,0.0129155,0.7,10,0.62,0.11075498483890765,544,0.6,0.4166666666666667,0.7166666666666667,0.7166666666666667,0.65,0.4673264503479004,0.02141437530517578
0.3,5,0.0129155,0.7,20,0.5466666666666666,0.07408703590297622,705,0.6,0.4166666666666667,0.6333333333333333,0.5333333333333333,0.55,0.47286548614501955,0.021341562271118164
0.3,5,0.0129155,0.7,50,0.3866666666666667,0.09510228411791406,785,0.5166666666666667,0.3333333333333333,0.25,0.4666666666666667,0.3666666666666667,0.4849545955657959,0.02122354507446289
0.3,5,0.0129155,0.9,5,0.6033333333333333,0.10077477638553982,577,0.6,0.4166666666666667,0.7166666666666667,0.6333333333333333,0.65,0.4661098957061768,0.021410560607910155
0.3,5,0.0129155,0.9,10,0.62,0.11075498483890765,544,0.6,0.4166666666666667,0.7166666666666667,0.7166666666666667,0.65,0.46677193641662595,0.02152566909790039
0.3,5,0.0129155,0.9,20,0.5466666666666666,0.07408703590297622,705,0.6,0.4166666666666667,0.6333333333333333,0.5333333333333333,0.55,0.47324223518371583,0.021439743041992188
0.3,5,0.0129155,0.9,50,0.3866666666666667,0.09510228411791406,785,0.5166666666666667,0.3333333333333333,0.25,0.4666666666666667,0.3666666666666667,0.48436574935913085,0.021852922439575196
0.3,5,0.0464159,0.1,5,0.79,0.08472176684759225,102,0.7333333333333334,0.8166666666666667,0.6666666666666666,0.8166666666666667,0.9166666666666667,0.48604254722595214,0.021841096878051757
0.3,5,0.0464159,0.1,10,0.7999999999999999,0.08232726023485645,94,0.8333333333333333,0.8166666666666667,0.65,0.8,0.9,0.49109773635864257,0.0213956356048584
0.3,5,0.0464159,0.1,20,0.7866666666666665,0.0694422221866655,137,0.8333333333333333,0.8166666666666667,0.65,0.8,0.8333333333333333,0.4999126434326172,0.02147703170776367
0.3,5,0.0464159,0.1,50,0.6566666666666666,0.15867506980549204,533,0.7333333333333334,0.8166666666666667,0.3666666666666667,0.6166666666666667,0.75,0.508380651473999,0.021456050872802734
0.3,5,0.0464159,0.3,5,0.6733333333333335,0.11382247385975916,519,0.65,0.7166666666666667,0.4666666666666667,0.8,0.7333333333333334,0.4870457649230957,0.02132129669189453
0.3,5,0.0464159,0.3,10,0.69,0.08856886837057613,503,0.7333333333333334,0.8166666666666667,0.55,0.7,0.65,0.49196038246154783,0.02148294448852539
0.3,5,0.0464159,0.3,20,0.71,0.12229290885229427,447,0.8166666666666667,0.8166666666666667,0.48333333333333334,0.7,0.7333333333333334,0.49928579330444334,0.021578884124755858
0.3,5,0.0464159,0.3,50,0.6866666666666668,0.22666666666666668,505,0.8166666666666667,0.8166666666666667,0.2833333333333333,0.6,0.9166666666666667,0.516655158996582,0.02196841239929199
0.3,5,0.0464159,0.5,5,0.7766666666666666,0.17907168024751058,186,0.7166666666666667,0.9166666666666667,0.45,0.9,0.9,0.4821163654327393,0.021338748931884765
0.3,5,0.0464159,0.5,10,0.76,0.15972198067614587,250,0.7333333333333334,0.8,0.4666666666666667,0.9,0.9,0.48911476135253906,0.021492910385131837
0.3,5,0.0464159,0.5,20,0.7333333333333334,0.19235384061671346,338,0.7333333333333334,0.8166666666666667,0.3666666666666667,0.9166666666666667,0.8333333333333333,0.49323382377624514,0.021443986892700197
0.3,5,0.0464159,0.5,50,0.6433333333333333,0.1302134998974974,539,0.55,0.7333333333333334,0.45,0.8166666666666667,0.6666666666666666,0.5041397094726563,0.021586227416992187
0.3,5,0.0464159,0.7,5,0.6033333333333333,0.10077477638553982,577,0.6,0.4166666666666667,0.7166666666666667,0.6333333333333333,0.65,0.46676244735717776,0.0214841365814209
0.3,5,0.0464159,0.7,10,0.62,0.11075498483890765,544,0.6,0.4166666666666667,0.7166666666666667,0.7166666666666667,0.65,0.4690402030944824,0.021420049667358398
0.3,5,0.0464159,0.7,20,0.5466666666666666,0.07408703590297622,705,0.6,0.4166666666666667,0.6333333333333333,0.5333333333333333,0.55,0.47499690055847166,0.021504545211791994
0.3,5,0.0464159,0.7,50,0.3866666666666667,0.09510228411791406,785,0.5166666666666667,0.3333333333333333,0.25,0.4666666666666667,0.3666666666666667,0.48851776123046875,0.02148547172546387
0.3,5,0.0464159,0.9,5,0.6033333333333333,0.10077477638553982,577,0.6,0.4166666666666667,0.7166666666666667,0.6333333333333333,0.65,0.46577882766723633,0.02146468162536621
0.3,5,0.0464159,0.9,10,0.62,0.11075498483890765,544,0.6,0.4166666666666667,0.7166666666666667,0.7166666666666667,0.65,0.46712584495544435,0.021383953094482423
0.3,5,0.0464159,0.9,20,0.5466666666666666,0.07408703590297622,705,0.6,0.4166666666666667,0.6333333333333333,0.5333333333333333,0.55,0.47339019775390623,0.021291208267211915
0.3,5,0.0464159,0.9,50,0.3866666666666667,0.09510228411791406,785,0.5166666666666667,0.3333333333333333,0.25,0.4666666666666667,0.3666666666666667,0.4858244895935059,0.021488046646118163
0.3,5,0.16681,0.1,5,0.7466666666666667,0.10873004286866729,307,0.7333333333333334,0.9,0.5666666666666667,0.7333333333333334,0.8,0.5179277896881104,0.021538352966308592
0.3,5,0.16681,0.1,10,0.7866666666666667,0.0725718035235908,106,0.7333333333333334,0.8166666666666667,0.7333333333333334,0.7333333333333334,0.9166666666666667,0.5231873512268066,0.021671009063720704
0.3,5,0.16681,0.1,20,0.7333333333333333,0.10540925533894598,349,0.8166666666666667,0.8166666666666667,0.5666666666666667,0.8166666666666667,0.65,0.5285148620605469,0.021642351150512697
0.3,5,0.16681,0.1,50,0.71,0.15369522511198003,447,0.8333333333333333,0.8166666666666667,0.45,0.6166666666666667,0.8333333333333333,0.5393964767456054,0.02145109176635742
0.3,5,0.16681,0.3,5,0.8066666666666666,0.11185307823708346,57,0.7333333333333334,0.8166666666666667,0.6666666666666666,0.8166666666666667,1.0,0.5244745254516602,0.021388864517211913
0.3,5,0.16681,0.3,10,0.8166666666666668,0.14375905768565217,36,1.0,0.8166666666666667,0.5666666666666667,0.8,0.9,0.5296117782592773,0.02139139175415039
0.3,5,0.16681,0.3,20,0.7666666666666666,0.07149203529842403,226,0.8166666666666667,0.7166666666666667,0.65,0.8166666666666667,0.8333333333333333,0.5337627410888672,0.02161722183227539
0.3,5,0.16681,0.3,50,0.7300000000000001,0.1557776192739723,361,0.9166666666666667,0.8166666666666667,0.45,0.7166666666666667,0.75,0.5450749397277832,0.021540260314941405
0.3,5,0.16681,0.5,5,0.7866666666666666,0.07986099033807294,135,0.7333333333333334,0.8166666666666667,0.6666666666666666,0.8166666666666667,0.9,0.5302419185638427,0.0215179443359375
0.3,5,0.16681,0.5,10,0.8133333333333332,0.11125546178852423,52,0.8,0.8166666666666667,0.65,0.8,1.0,0.5361066341400147,0.02139253616333008
0.3,5,0.16681,0.5,20,0.7833333333333334,0.07527726527090811,146,0.7333333333333334,0.8166666666666667,0.7333333333333334,0.7166666666666667,0.9166666666666667,0.5409058094024658,0.02159147262573242
0.3,5,0.16681,0.5,50,0.7300000000000001,0.055176484524156154,361,0.7333333333333334,0.8166666666666667,0.65,0.7,0.75,0.5517960548400879,0.02147641181945801
0.3,5,0.16681,0.7,5,0.7666666666666667,0.08232726023485648,222,0.7333333333333334,0.8166666666666667,0.6666666666666666,0.7166666666666667,0.9,0.5266801834106445,0.021544599533081056
0.3,5,0.16681,0.7,10,0.78,0.13515423288475528,175,0.9,0.8166666666666667,0.55,0.7166666666666667,0.9166666666666667,0.5294343948364257,0.021547222137451173
0.3,5,0.16681,0.7,20,0.7300000000000001,0.15719768163402129,361,0.8166666666666667,0.8166666666666667,0.48333333333333334,0.6166666666666667,0.9166666666666667,0.5338171482086181,0.021218299865722656
0.3,5,0.16681,0.7,50,0.6866666666666668,0.18867962264113208,505,0.7166666666666667,0.8166666666666667,0.3666666666666667,0.6166666666666667,0.9166666666666667,0.5445737838745117,0.021341848373413085
0.3,5,0.16681,0.9,5,0.7333333333333333,0.07527726527090811,349,0.7333333333333334,0.8166666666666667,0.6666666666666666,0.8166666666666667,0.6333333333333333,0.531769847869873,0.02165522575378418
0.3,5,0.16681,0.9,10,0.75,0.10434983894999018,269,0.8333333333333333,0.8166666666666667,0.5666666666666667,0.7,0.8333333333333333,0.53626389503479,0.0214263916015625
0.3,5,0.16681,0.9,20,0.71,0.17969109295924743,447,0.7333333333333334,0.8166666666666667,0.3833333333333333,0.7,0.9166666666666667,0.5408062934875488,0.021547365188598632
0.3,5,0.16681,0.9,50,0.65,0.18104634152000354,538,0.7166666666666667,0.8166666666666667,0.3666666666666667,0.5166666666666667,0.8333333333333333,0.5531084060668945,0.021603918075561522
0.3,5,0.599484,0.1,5,0.6166666666666667,0.07302967433402216,576,0.7333333333333334,0.5166666666666667,0.5666666666666667,0.6333333333333333,0.6333333333333333,0.5896174907684326,0.021697044372558594
0.3,5,0.599484,0.1,10,0.7666666666666666,0.04082482904638627,226,0.7333333333333334,0.8166666666666667,0.7333333333333334,0.7333333333333334,0.8166666666666667,0.5957940101623536,0.02140803337097168
0.3,5,0.599484,0.1,20,0.7833333333333334,0.13374935098492585,146,0.7333333333333334,0.8166666666666667,0.55,0.9,0.9166666666666667,0.5966550350189209,0.021697807312011718
0.3,5,0.599484,0.1,50,0.7533333333333333,0.10295630140986997,259,0.8333333333333333,0.8166666666666667,0.5666666666666667,0.7166666666666667,0.8333333333333333,0.6070818901062012,0.021375322341918947
0.3,5,0.599484,0.3,5,0.7666666666666666,0.06666666666666665,226,0.65,0.8166666666666667,0.7333333333333334,0.8166666666666667,0.8166666666666667,0.6073794841766358,0.021867656707763673
0.3,5,0.599484,0.3,10,0.75,0.097182531580755,269,0.8166666666666667,0.8166666666666667,0.5666666666666667,0.7333333333333334,0.8166666666666667,0.6156979084014893,0.021561050415039064
0.3,5,0.599484,0.3,20,0.7833333333333332,0.06666666666666665,169,0.8166666666666667,0.8166666666666667,0.65,0.8166666666666667,0.8166666666666667,0.6143860340118408,0.021570158004760743
0.3,5,0.599484,0.3,50,0.75,0.13457752825457567,269,0.8333333333333333,0.8166666666666667,0.5666666666666667,0.6166666666666667,0.9166666666666667,0.6244651317596436,0.021478748321533202
0.3,5,0.599484,0.5,5,0.7866666666666667,0.14039626459101792,106,0.7333333333333334,0.8166666666666667,0.5666666666666667,0.8166666666666667,1.0,0.6347144603729248,0.02132110595703125
0.3,5,0.599484,0.5,10,0.7833333333333334,0.12736648783028537,146,0.7333333333333334,0.9,0.5666666666666667,0.8,0.9166666666666667,0.6394957065582275,0.021339893341064453
0.3,5,0.599484,0.5,20,0.7833333333333334,0.13824294235551815,146,0.9166666666666667,0.7166666666666667,0.55,0.8166666666666667,0.9166666666666667,0.6461993217468261,0.02172846794128418
0.3,5,0.599484,0.5,50,0.6933333333333334,0.16950909513454823,487,0.7333333333333334,0.8166666666666667,0.3666666666666667,0.7166666666666667,0.8333333333333333,0.6560715675354004,0.021562767028808594
0.3,5,0.599484,0.7,5,0.7866666666666667,0.14039626459101792,106,0.7333333333333334,0.8166666666666667,0.5666666666666667,0.8166666666666667,1.0,0.6352704048156739,0.02148432731628418
0.3,5,0.599484,0.7,10,0.8166666666666667,0.14375905768565217,43,0.8166666666666667,0.9,0.5666666666666667,0.8,1.0,0.63878173828125,0.021371173858642577
0.3,5,0.599484,0.7,20,0.7333333333333332,0.10381607668264953,351,0.8333333333333333,0.7166666666666667,0.55,0.7333333333333334,0.8333333333333333,0.6497314929962158,0.02162590026855469
0.3,5,0.599484,0.7,50,0.7466666666666667,0.1484737163421339,307,0.8166666666666667,0.8166666666666667,0.45,0.8166666666666667,0.8333333333333333,0.6616967201232911,0.021384048461914062
0.3,5,0.599484,0.9,5,0.8066666666666666,0.11185307823708346,57,0.7333333333333334,0.8166666666666667,0.6666666666666666,0.8166666666666667,1.0,0.645842456817627,0.021437454223632812
0.3,5,0.599484,0.9,10,0.78,0.1240071682515885,175,0.7333333333333334,0.9,0.5666666666666667,0.8,0.9,0.6564621448516845,0.022517967224121093
0.3,5,0.599484,0.9,20,0.66,0.10466878978738388,525,0.7333333333333334,0.7166666666666667,0.4666666666666667,0.6333333333333333,0.75,0.6516018390655518,0.021443653106689452
0.3,5,0.599484,0.9,50,0.7300000000000001,0.138001610296563,361,0.8166666666666667,0.8166666666666667,0.4666666666666667,0.7166666666666667,0.8333333333333333,0.6674821853637696,0.02143087387084961
0.3,5,2.15443,0.1,5,0.7166666666666666,0.10055402085998902,415,0.65,0.7166666666666667,0.5666666666666667,0.8166666666666667,0.8333333333333333,0.704407024383545,0.02130861282348633
0.3,5,2.15443,0.1,10,0.71,0.08069145624606804,447,0.7166666666666667,0.7166666666666667,0.5666666666666667,0.7333333333333334,0.8166666666666667,0.7042789936065674,0.021663379669189454
0.3,5,2.15443,0.1,20,0.7866666666666667,0.12400716825158849,106,0.8333333333333333,0.8166666666666667,0.55,0.8166666666666667,0.9166666666666667,0.7101552009582519,0.021609163284301756
0.3,5,2.15443,0.1,50,0.7333333333333332,0.1378404875209022,351,0.7333333333333334,0.8166666666666667,0.4666666666666667,0.8166666666666667,0.8333333333333333,0.7207924842834472,0.021516990661621094
0.3,5,2.15443,0.3,5,0.75,0.10327955589886445,269,0.7333333333333334,0.9,0.65,0.6333333333333333,0.8333333333333333,0.7622085094451905,0.021517515182495117
0.3,5,2.15443,0.3,10,0.8033333333333333,0.06782329983125268,68,0.7333333333333334,0.8166666666666667,0.7333333333333334,0.8166666666666667,0.9166666666666667,0.7736487865447998,0.021616363525390626
0.3,5,2.15443,0.3,20,0.8033333333333333,0.08589399151150084,68,0.8166666666666667,0.8166666666666667,0.65,0.8166666666666667,0.9166666666666667,0.7774629116058349,0.021556711196899413
0.3,5,2.15443,0.3,50,0.6933333333333334,0.13686976778431872,487,0.7333333333333334,0.8166666666666667,0.4666666666666667,0.6166666666666667,0.8333333333333333,0.7844020366668701,0.021515655517578124
0.3,5,2.15443,0.5,5,0.7333333333333334,0.09128709291752769,338,0.7333333333333334,0.8166666666666667,0.5666666666666667,0.7333333333333334,0.8166666666666667,0.8117074966430664,0.021976518630981445
0.3,5,2.15443,0.5,10,0.7833333333333332,0.04082482904638627,169,0.7333333333333334,0.8166666666666667,0.7333333333333334,0.8166666666666667,0.8166666666666667,0.8026460170745849,0.021602678298950195
0.3,5,2.15443,0.5,20,0.79,0.0879393730551528,102,0.75,0.8166666666666667,0.65,0.8166666666666667,0.9166666666666667,0.8087713241577148,0.021556758880615236
0.3,5,2.15443,0.5,50,0.7333333333333334,0.11690451944500119,338,0.8333333333333333,0.8166666666666667,0.5666666666666667,0.6166666666666667,0.8333333333333333,0.8227242469787598,0.02147068977355957
0.3,5,2.15443,0.7,5,0.7666666666666667,0.11303883305208781,222,0.7333333333333334,0.8166666666666667,0.5666666666666667,0.8166666666666667,0.9,0.8818551063537597,0.0214902400970459
0.3,5,2.15443,0.7,10,0.71,0.07039570693980958,447,0.7333333333333334,0.6166666666666667,0.65,0.7333333333333334,0.8166666666666667,0.8988677978515625,0.021480035781860352
0.3,5,2.15443,0.7,20,0.8033333333333333,0.10402991022884824,68,0.8333333333333333,0.7166666666666667,0.65,0.9,0.9166666666666667,0.8955506801605224,0.02173008918762207
0.3,5,2.15443,0.7,50,0.6933333333333334,0.1827566688249706,487,0.8333333333333333,0.8166666666666667,0.3666666666666667,0.6166666666666667,0.8333333333333333,0.9056955337524414,0.021436500549316406
0.3,5,2.15443,0.9,5,0.73,0.12036980056845194,376,0.7333333333333334,0.8166666666666667,0.5666666666666667,0.6333333333333333,0.9,0.9446855068206788,0.02161250114440918
0.3,5,2.15443,0.9,10,0.8200000000000001,0.1339153961773378,25,0.9166666666666667,0.9,0.5666666666666667,0.8,0.9166666666666667,0.9449185371398926,0.021387863159179687
0.3,5,2.15443,0.9,20,0.7466666666666667,0.1240071682515885,307,0.8333333333333333,0.7166666666666667,0.55,0.7166666666666667,0.9166666666666667,0.9531090259552002,0.021382904052734374
0.3,5,2.15443,0.9,50,0.71,0.17657230184198702,447,0.8166666666666667,0.8166666666666667,0.3666666666666667,0.7166666666666667,0.8333333333333333,0.9594803333282471,0.02137889862060547
0.3,5,7.74264,0.1,5,0.6633333333333333,0.05906681715556452,524,0.65,0.7166666666666667,0.5666666666666667,0.65,0.7333333333333334,0.7757291793823242,0.021724557876586913
0.3,5,7.74264,0.1,10,0.71,0.10252370999486465,447,0.7333333333333334,0.6166666666666667,0.5666666666666667,0.8166666666666667,0.8166666666666667,0.775788688659668,0.02152409553527832
0.3,5,7.74264,0.1,20,0.75,0.1531157877047447,269,0.7333333333333334,0.8166666666666667,0.4666666666666667,0.8166666666666667,0.9166666666666667,0.7846548080444335,0.02152738571166992
0.3,5,7.74264,0.1,50,0.8033333333333333,0.09273618495495706,68,0.8333333333333333,0.8166666666666667,0.6333333333333333,0.8166666666666667,0.9166666666666667,0.7899250984191895,0.021472072601318358
0.3,5,7.74264,0.3,5,0.7333333333333332,0.07888106377466152,351,0.65,0.7166666666666667,0.65,0.8166666666666667,0.8333333333333333,0.937517499923706,0.021561861038208008
0.3,5,7.74264,0.3,10,0.7299999999999999,0.11075498483890762,382,0.55,0.8166666666666667,0.65,0.8166666666666667,0.8166666666666667,0.9423396110534668,0.02137479782104492
0.3,5,7.74264,0.3,20,0.7866666666666667,0.12400716825158849,106,0.8333333333333333,0.8166666666666667,0.55,0.8166666666666667,0.9166666666666667,0.9425173759460449,0.021593904495239256
0.3,5,7.74264,0.3,50,0.7533333333333333,0.10295630140986997,259,0.8333333333333333,0.8166666666666667,0.5666666666666667,0.7166666666666667,0.8333333333333333,0.9531480312347412,0.0227752685546875
0.3,5,7.74264,0.5,5,0.7866666666666665,0.08653836657164778,137,0.7333333333333334,0.9,0.65,0.8166666666666667,0.8333333333333333,1.0062324047088622,0.02146172523498535
0.3,5,7.74264,0.5,10,0.7466666666666667,0.08589399151150083,307,0.6333333333333333,0.8166666666666667,0.65,0.8166666666666667,0.8166666666666667,1.0007100582122803,0.02150406837463379
0.3,5,7.74264,0.5,20,0.7666666666666668,0.09189365834726815,211,0.7333333333333334,0.7166666666666667,0.65,0.8166666666666667,0.9166666666666667,1.003473949432373,0.021573495864868165
0.3,5,7.74264,0.5,50,0.7300000000000001,0.1279756921363498,361,0.7333333333333334,0.8166666666666667,0.5666666666666667,0.6166666666666667,0.9166666666666667,1.0290411949157714,0.021579647064208986
0.3,5,7.74264,0.7,5,0.7366666666666667,0.09451631252505216,327,0.7333333333333334,0.8166666666666667,0.5666666666666667,0.7333333333333334,0.8333333333333333,1.056996965408325,0.021502304077148437
0.3,5,7.74264,0.7,10,0.7466666666666667,0.08589399151150083,307,0.6333333333333333,0.8166666666666667,0.65,0.8166666666666667,0.8166666666666667,1.064219093322754,0.02158350944519043
0.3,5,7.74264,0.7,20,0.7866666666666667,0.09333333333333332,106,0.8333333333333333,0.7166666666666667,0.65,0.8166666666666667,0.9166666666666667,1.0698508739471435,0.02157249450683594
0.3,5,7.74264,0.7,50,0.7300000000000001,0.14959203781544586,361,0.7333333333333334,0.8166666666666667,0.4666666666666667,0.7166666666666667,0.9166666666666667,1.0729397773742675,0.021639156341552734
0.3,5,7.74264,0.9,5,0.7366666666666667,0.09451631252505216,327,0.7333333333333334,0.8166666666666667,0.5666666666666667,0.7333333333333334,0.8333333333333333,1.1475070476531983,0.02155613899230957
0.3,5,7.74264,0.9,10,0.75,0.06749485577105525,269,0.7333333333333334,0.7166666666666667,0.65,0.8166666666666667,0.8333333333333333,1.149799394607544,0.02155780792236328
0.3,5,7.74264,0.9,20,0.7866666666666667,0.09333333333333332,106,0.8333333333333333,0.7166666666666667,0.65,0.8166666666666667,0.9166666666666667,1.154420804977417,0.021491575241088866
0.3,5,7.74264,0.9,50,0.7133333333333333,0.13140268896284682,423,0.7333333333333334,0.8166666666666667,0.4666666666666667,0.7166666666666667,0.8333333333333333,1.1688882827758789,0.021458005905151366
0.3,5,27.8256,0.1,5,0.6933333333333334,0.05011098792790971,487,0.65,0.6166666666666667,0.7333333333333334,0.7333333333333334,0.7333333333333334,0.7784122943878173,0.02159848213195801
0.3,5,27.8256,0.1,10,0.6566666666666666,0.10252370999486465,533,0.55,0.6166666666666667,0.5666666666666667,0.8166666666666667,0.7333333333333334,0.7796038150787353,0.021434879302978514
0.3,5,27.8256,0.1,20,0.75,0.105934990547138,269,0.7333333333333334,0.8166666666666667,0.55,0.8166666666666667,0.8333333333333333,0.7837907314300537,0.02154650688171387
0.3,5,27.8256,0.1,50,0.82,0.10077477638553985,29,0.8333333333333333,0.8166666666666667,0.6333333333333333,0.9,0.9166666666666667,0.7963494300842285,0.02144479751586914
0.3,5,27.8256,0.3,5,0.6433333333333333,0.05436502143433366,539,0.65,0.6166666666666667,0.5666666666666667,0.65,0.7333333333333334,0.9120267391204834,0.021621513366699218
0.3,5,27.8256,0.3,10,0.7266666666666666,0.11135528725660043,401,0.8166666666666667,0.6166666666666667,0.5666666666666667,0.8166666666666667,0.8166666666666667,0.9167122840881348,0.021474933624267577
0.3,5,27.8256,0.3,20,0.7666666666666668,0.12292725943057184,211,0.7333333333333334,0.8166666666666667,0.55,0.8166666666666667,0.9166666666666667,0.9201334953308106,0.021254920959472658
0.3,5,27.8256,0.3,50,0.7666666666666666,0.1169045194450012,226,0.8333333333333333,0.8166666666666667,0.5333333333333333,0.8166666666666667,0.8333333333333333,0.9328632831573487,0.021273374557495117
0.3,5,27.8256,0.5,5,0.6766666666666665,0.1284955684493092,518,0.65,0.5166666666666667,0.5666666666666667,0.8166666666666667,0.8333333333333333,1.0506591796875,0.02207942008972168
0.3,5,27.8256,0.5,10,0.71,0.07039570693980958,447,0.7333333333333334,0.6166666666666667,0.65,0.8166666666666667,0.7333333333333334,1.060459852218628,0.021353673934936524
0.3,5,27.8256,0.5,20,0.7866666666666667,0.12400716825158849,106,0.8333333333333333,0.8166666666666667,0.55,0.8166666666666667,0.9166666666666667,1.061434030532837,0.021411895751953125
0.3,5,27.8256,0.5,50,0.7333333333333332,0.1378404875209022,351,0.7333333333333334,0.8166666666666667,0.4666666666666667,0.8166666666666667,0.8333333333333333,1.071066427230835,0.021425962448120117
0.3,5,27.8256,0.7,5,0.6933333333333334,0.11813363431112897,487,0.65,0.5166666666666667,0.65,0.8166666666666667,0.8333333333333333,1.1247584342956543,0.021707773208618164
0.3,5,27.8256,0.7,10,0.7299999999999999,0.11075498483890762,382,0.55,0.8166666666666667,0.65,0.8166666666666667,0.8166666666666667,1.1243533134460448,0.021426916122436523
0.3,5,27.8256,0.7,20,0.7866666666666667,0.12400716825158849,106,0.8333333333333333,0.8166666666666667,0.55,0.8166666666666667,0.9166666666666667,1.133782148361206,0.02199234962463379
0.3,5,27.8256,0.7,50,0.6933333333333334,0.10984838035522719,487,0.6333333333333333,0.8166666666666667,0.5666666666666667,0.6166666666666667,0.8333333333333333,1.1333319187164306,0.021327495574951172
0.3,5,27.8256,0.9,5,0.7333333333333332,0.07888106377466152,351,0.65,0.7166666666666667,0.65,0.8166666666666667,0.8333333333333333,1.1936330318450927,0.02170281410217285
0.3,5,27.8256,0.9,10,0.7666666666666666,0.06666666666666665,226,0.7333333333333334,0.8166666666666667,0.65,0.8166666666666667,0.8166666666666667,1.1984004497528076,0.021508121490478517
0.3,5,27.8256,0.9,20,0.7866666666666667,0.12400716825158849,106,0.8333333333333333,0.8166666666666667,0.55,0.8166666666666667,0.9166666666666667,1.2033221244812011,0.021557092666625977
0.3,5,27.8256,0.9,50,0.75,0.13457752825457567,269,0.8333333333333333,0.8166666666666667,0.5666666666666667,0.6166666666666667,0.9166666666666667,1.2132974147796631,0.0216156005859375
0.3,5,100.0,0.1,5,0.6933333333333334,0.05011098792790971,487,0.65,0.6166666666666667,0.7333333333333334,0.7333333333333334,0.7333333333333334,0.8246365547180176,0.02130155563354492
0.3,5,100.0,0.1,10,0.6766666666666666,0.10252370999486465,513,0.55,0.7166666666666667,0.5666666666666667,0.8166666666666667,0.7333333333333334,0.8276062488555909,0.02217440605163574
0.3,5,100.0,0.1,20,0.7699999999999999,0.11025223605694148,201,0.8333333333333333,0.8166666666666667,0.55,0.8166666666666667,0.8333333333333333,0.8322464942932128,0.02264719009399414
0.3,5,100.0,0.1,50,0.78,0.11025223605694155,175,0.7333333333333334,0.7166666666666667,0.6333333333333333,0.9,0.9166666666666667,0.8361257076263428,0.021502304077148437
0.3,5,100.0,0.3,5,0.6933333333333334,0.05011098792790971,487,0.65,0.6166666666666667,0.7333333333333334,0.7333333333333334,0.7333333333333334,0.8390453815460205,0.021489048004150392
0.3,5,100.0,0.3,10,0.6766666666666666,0.10252370999486465,513,0.55,0.7166666666666667,0.5666666666666667,0.8166666666666667,0.7333333333333334,0.8452710628509521,0.02164769172668457
0.3,5,100.0,0.3,20,0.7333333333333332,0.1135292424395093,351,0.65,0.8166666666666667,0.55,0.8166666666666667,0.8333333333333333,0.8513535976409912,0.02153162956237793
0.3,5,100.0,0.3,50,0.8033333333333333,0.09273618495495706,68,0.8333333333333333,0.8166666666666667,0.6333333333333333,0.8166666666666667,0.9166666666666667,0.859545087814331,0.021634292602539063
0.3,5,100.0,0.5,5,0.6933333333333334,0.05011098792790971,487,0.65,0.6166666666666667,0.7333333333333334,0.7333333333333334,0.7333333333333334,0.8861218929290772,0.021492576599121092
0.3,5,100.0,0.5,10,0.6566666666666666,0.10252370999486465,533,0.55,0.6166666666666667,0.5666666666666667,0.8166666666666667,0.7333333333333334,0.8893350124359131,0.021445226669311524
0.3,5,100.0,0.5,20,0.7133333333333333,0.14352700094407322,423,0.6333333333333333,0.8166666666666667,0.4666666666666667,0.8166666666666667,0.8333333333333333,0.8948305130004883,0.02160048484802246
0.3,5,100.0,0.5,50,0.7866666666666667,0.12400716825158849,106,0.8333333333333333,0.8166666666666667,0.55,0.8166666666666667,0.9166666666666667,0.9049067497253418,0.021564674377441407
0.3,5,100.0,0.7,5,0.6933333333333334,0.05011098792790971,487,0.65,0.6166666666666667,0.7333333333333334,0.7333333333333334,0.7333333333333334,0.9370080947875976,0.021391010284423827
0.3,5,100.0,0.7,10,0.6900000000000001,0.1057250101810247,498,0.6333333333333333,0.6166666666666667,0.5666666666666667,0.8166666666666667,0.8166666666666667,0.9398303031921387,0.021514272689819335
0.3,5,100.0,0.7,20,0.7666666666666668,0.12292725943057184,211,0.7333333333333334,0.8166666666666667,0.55,0.8166666666666667,0.9166666666666667,0.9480980396270752,0.02155752182006836
0.3,5,100.0,0.7,50,0.7666666666666668,0.12292725943057184,211,0.7333333333333334,0.8166666666666667,0.55,0.8166666666666667,0.9166666666666667,0.955317497253418,0.02145247459411621
0.3,5,100.0,0.9,5,0.6433333333333333,0.05436502143433366,539,0.65,0.6166666666666667,0.5666666666666667,0.65,0.7333333333333334,0.9910847663879394,0.021436786651611327
0.3,5,100.0,0.9,10,0.7266666666666666,0.11135528725660043,401,0.8166666666666667,0.6166666666666667,0.5666666666666667,0.8166666666666667,0.8166666666666667,0.9962759017944336,0.0215054988861084
0.3,5,100.0,0.9,20,0.7666666666666668,0.12292725943057184,211,0.7333333333333334,0.8166666666666667,0.55,0.8166666666666667,0.9166666666666667,0.9954811096191406,0.021693849563598634
0.3,5,100.0,0.9,50,0.7633333333333333,0.12666666666666665,246,0.7333333333333334,0.8166666666666667,0.5333333333333333,0.9,0.8333333333333333,1.0037170886993407,0.021461677551269532
