param_clf__max_features,param_clf__min_samples_leaf,param_selector__C,param_selector__l1_ratio,param_selector__top_k,mean_test_score,std_test_score,rank_test_score,split0_test_score,split1_test_score,split2_test_score,split3_test_score,split4_test_score,mean_fit_time,mean_score_time
sqrt,1,0.001,0.1,5,0.5800000000000001,0.0733333333333333,536,0.6166666666666667,0.55,0.7,0.55,0.48333333333333334,0.6015846252441406,0.026836156845092773
sqrt,1,0.001,0.1,10,0.6299999999999999,0.04268749491621898,380,0.6166666666666667,0.6333333333333333,0.7,0.6333333333333333,0.5666666666666667,0.49570522308349607,0.0209043025970459
sqrt,1,0.001,0.1,20,0.5433333333333332,0.13232955494186138,638,0.35,0.45,0.7166666666666667,0.55,0.65,0.4925714015960693,0.020849609375
sqrt,1,0.001,0.1,50,0.5900000000000001,0.14243907079480994,494,0.5333333333333333,0.4166666666666667,0.5166666666666667,0.65,0.8333333333333333,0.49869446754455565,0.021296262741088867
sqrt,1,0.001,0.3,5,0.5800000000000001,0.0733333333333333,536,0.6166666666666667,0.55,0.7,0.55,0.48333333333333334,0.47752904891967773,0.021001005172729494
sqrt,1,0.001,0.3,10,0.6299999999999999,0.04268749491621898,380,0.6166666666666667,0.6333333333333333,0.7,0.6333333333333333,0.5666666666666667,0.48254990577697754,0.020705175399780274
sqrt,1,0.001,0.3,20,0.5433333333333332,0.13232955494186138,638,0.35,0.45,0.7166666666666667,0.55,0.65,0.48911271095275877,0.02099008560180664
sqrt,1,0.001,0.3,50,0.5900000000000001,0.14243907079480994,494,0.5333333333333333,0.4166666666666667,0.5166666666666667,0.65,0.8333333333333333,0.49752039909362794,0.021271228790283203
sqrt,1,0.001,0.5,5,0.5800000000000001,0.0733333333333333,536,0.6166666666666667,0.55,0.7,0.55,0.48333333333333334,0.4771388053894043,0.021049880981445314
sqrt,1,0.001,0.5,10,0.6299999999999999,0.04268749491621898,380,0.6166666666666667,0.6333333333333333,0.7,0.6333333333333333,0.5666666666666667,0.48111648559570314,0.02101311683654785
sqrt,1,0.001,0.5,20,0.5433333333333332,0.13232955494186138,638,0.35,0.45,0.7166666666666667,0.55,0.65,0.4926276683807373,0.021121978759765625
sqrt,1,0.001,0.5,50,0.5900000000000001,0.14243907079480994,494,0.5333333333333333,0.4166666666666667,0.5166666666666667,0.65,0.8333333333333333,0.49619226455688475,0.021137762069702148
sqrt,1,0.001,0.7,5,0.5800000000000001,0.0733333333333333,536,0.6166666666666667,0.55,0.7,0.55,0.48333333333333334,0.4772036552429199,0.021023082733154296
sqrt,1,0.001,0.7,10,0.6299999999999999,0.04268749491621898,380,0.6166666666666667,0.6333333333333333,0.7,0.6333333333333333,0.5666666666666667,0.4821584224700928,0.021162033081054688
sqrt,1,0.001,0.7,20,0.5433333333333332,0.13232955494186138,638,0.35,0.45,0.7166666666666667,0.55,0.65,0.4893369197845459,0.020821046829223634
sqrt,1,0.001,0.7,50,0.5900000000000001,0.14243907079480994,494,0.5333333333333333,0.4166666666666667,0.5166666666666667,0.65,0.8333333333333333,0.49550533294677734,0.020859479904174805
sqrt,1,0.001,0.9,5,0.5800000000000001,0.0733333333333333,536,0.6166666666666667,0.55,0.7,0.55,0.48333333333333334,0.47717933654785155,0.020669031143188476
sqrt,1,0.001,0.9,10,0.6299999999999999,0.04268749491621898,380,0.6166666666666667,0.6333333333333333,0.7,0.6333333333333333,0.5666666666666667,0.4830042362213135,0.020790719985961915
sqrt,1,0.001,0.9,20,0.5433333333333332,0.13232955494186138,638,0.35,0.45,0.7166666666666667,0.55,0.65,0.49308290481567385,0.021032333374023438
sqrt,1,0.001,0.9,50,0.5900000000000001,0.14243907079480994,494,0.5333333333333333,0.4166666666666667,0.5166666666666667,0.65,0.8333333333333333,0.49661030769348147,0.020997333526611327
sqrt,1,0.00359381,0.1,5,0.5800000000000001,0.0733333333333333,536,0.6166666666666667,0.55,0.7,0.55,0.48333333333333334,0.4771334171295166,0.020913362503051758
sqrt,1,0.00359381,0.1,10,0.6299999999999999,0.04268749491621898,380,0.6166666666666667,0.6333333333333333,0.7,0.6333333333333333,0.5666666666666667,0.4817521572113037,0.02087574005126953
sqrt,1,0.00359381,0.1,20,0.5433333333333332,0.13232955494186138,638,0.35,0.45,0.7166666666666667,0.55,0.65,0.4896095752716064,0.02096872329711914
sqrt,1,0.00359381,0.1,50,0.5900000000000001,0.14243907079480994,494,0.5333333333333333,0.4166666666666667,0.5166666666666667,0.65,0.8333333333333333,0.4993757247924805,0.020977067947387695
sqrt,1,0.00359381,0.3,5,0.5800000000000001,0.0733333333333333,536,0.6166666666666667,0.55,0.7,0.55,0.48333333333333334,0.47853927612304686,0.020990514755249025
sqrt,1,0.00359381,0.3,10,0.6299999999999999,0.04268749491621898,380,0.6166666666666667,0.6333333333333333,0.7,0.6333333333333333,0.5666666666666667,0.4843734264373779,0.021078824996948242
sqrt,1,0.00359381,0.3,20,0.5433333333333332,0.13232955494186138,638,0.35,0.45,0.7166666666666667,0.55,0.65,0.49228777885437014,0.02079038619995117
sqrt,1,0.00359381,0.3,50,0.5900000000000001,0.14243907079480994,494,0.5333333333333333,0.4166666666666667,0.5166666666666667,0.65,0.8333333333333333,0.4967514991760254,0.021069145202636717
sqrt,1,0.00359381,0.5,5,0.5800000000000001,0.0733333333333333,536,0.6166666666666667,0.55,0.7,0.55,0.48333333333333334,0.47665700912475584,0.02073049545288086
sqrt,1,0.00359381,0.5,10,0.6299999999999999,0.04268749491621898,380,0.6166666666666667,0.6333333333333333,0.7,0.6333333333333333,0.5666666666666667,0.48294672966003416,0.020712661743164062
sqrt,1,0.00359381,0.5,20,0.5433333333333332,0.13232955494186138,638,0.35,0.45,0.7166666666666667,0.55,0.65,0.4906965732574463,0.02067842483520508
sqrt,1,0.00359381,0.5,50,0.5900000000000001,0.14243907079480994,494,0.5333333333333333,0.4166666666666667,0.5166666666666667,0.65,0.8333333333333333,0.49658951759338377,0.021164083480834962
sqrt,1,0.00359381,0.7,5,0.5800000000000001,0.0733333333333333,536,0.6166666666666667,0.55,0.7,0.55,0.48333333333333334,0.4805634021759033,0.02088017463684082
sqrt,1,0.00359381,0.7,10,0.6299999999999999,0.04268749491621898,380,0.6166666666666667,0.6333333333333333,0.7,0.6333333333333333,0.5666666666666667,0.48668832778930665,0.020986509323120118
sqrt,1,0.00359381,0.7,20,0.5433333333333332,0.13232955494186138,638,0.35,0.45,0.7166666666666667,0.55,0.65,0.4909531593322754,0.020814180374145508
sqrt,1,0.00359381,0.7,50,0.5900000000000001,0.14243907079480994,494,0.5333333333333333,0.4166666666666667,0.5166666666666667,0.65,0.8333333333333333,0.4952540397644043,0.020869112014770506
sqrt,1,0.00359381,0.9,5,0.5800000000000001,0.0733333333333333,536,0.6166666666666667,0.55,0.7,0.55,0.48333333333333334,0.4789441108703613,0.020693540573120117
sqrt,1,0.00359381,0.9,10,0.6299999999999999,0.04268749491621898,380,0.6166666666666667,0.6333333333333333,0.7,0.6333333333333333,0.5666666666666667,0.4819178581237793,0.020573997497558595
sqrt,1,0.00359381,0.9,20,0.5433333333333332,0.13232955494186138,638,0.35,0.45,0.7166666666666667,0.55,0.65,0.49133930206298826,0.020882081985473634
sqrt,1,0.00359381,0.9,50,0.5900000000000001,0.14243907079480994,494,0.5333333333333333,0.4166666666666667,0.5166666666666667,0.65,0.8333333333333333,0.49854216575622556,0.020847654342651366
sqrt,1,0.0129155,0.1,5,0.5633333333333332,0.23767391293301182,591,0.2,0.8166666666666667,0.7,0.3666666666666667,0.7333333333333334,0.48876090049743653,0.021881723403930665
sqrt,1,0.0129155,0.1,10,0.6966666666666667,0.154344492037203,213,0.4666666666666667,0.65,0.9,0.6333333333333333,0.8333333333333333,0.48992743492126467,0.02060990333557129
sqrt,1,0.0129155,0.1,20,0.6900000000000001,0.12498888839501783,239,0.45,0.7333333333333334,0.7166666666666667,0.8166666666666667,0.7333333333333334,0.49364748001098635,0.020421218872070313
sqrt,1,0.0129155,0.1,50,0.6733333333333335,0.18844392033470095,270,0.3666666666666667,0.65,0.8166666666666667,0.6166666666666667,0.9166666666666667,0.5000693798065186,0.020734024047851563
sqrt,1,0.0129155,0.3,5,0.5800000000000001,0.0733333333333333,536,0.6166666666666667,0.55,0.7,0.55,0.48333333333333334,0.4809540271759033,0.020850563049316408
sqrt,1,0.0129155,0.3,10,0.6299999999999999,0.04268749491621898,380,0.6166666666666667,0.6333333333333333,0.7,0.6333333333333333,0.5666666666666667,0.48180623054504396,0.021045827865600587
sqrt,1,0.0129155,0.3,20,0.5433333333333332,0.13232955494186138,638,0.35,0.45,0.7166666666666667,0.55,0.65,0.4927551746368408,0.021068477630615236
sqrt,1,0.0129155,0.3,50,0.5900000000000001,0.14243907079480994,494,0.5333333333333333,0.4166666666666667,0.5166666666666667,0.65,0.8333333333333333,0.4969933986663818,0.02070627212524414
sqrt,1,0.0129155,0.5,5,0.5800000000000001,0.0733333333333333,536,0.6166666666666667,0.55,0.7,0.55,0.48333333333333334,0.47940378189086913,0.020738792419433594
sqrt,1,0.0129155,0.5,10,0.6299999999999999,0.04268749491621898,380,0.6166666666666667,0.6333333333333333,0.7,0.6333333333333333,0.5666666666666667,0.4817663192749023,0.020532751083374025
sqrt,1,0.0129155,0.5,20,0.5433333333333332,0.13232955494186138,638,0.35,0.45,0.7166666666666667,0.55,0.65,0.4907332420349121,0.020827817916870116
sqrt,1,0.0129155,0.5,50,0.5900000000000001,0.14243907079480994,494,0.5333333333333333,0.4166666666666667,0.5166666666666667,0.65,0.8333333333333333,0.49825153350830076,0.020850181579589844
sqrt,1,0.0129155,0.7,5,0.5800000000000001,0.0733333333333333,536,0.6166666666666667,0.55,0.7,0.55,0.48333333333333334,0.4807431697845459,0.021195363998413087
sqrt,1,0.0129155,0.7,10,0.6299999999999999,0.04268749491621898,380,0.6166666666666667,0.6333333333333333,0.7,0.6333333333333333,0.5666666666666667,0.4860558032989502,0.020623493194580077
sqrt,1,0.0129155,0.7,20,0.5433333333333332,0.13232955494186138,638,0.35,0.45,0.7166666666666667,0.55,0.65,0.4917212963104248,0.020574140548706054
sqrt,1,0.0129155,0.7,50,0.5900000000000001,0.14243907079480994,494,0.5333333333333333,0.4166666666666667,0.5166666666666667,0.65,0.8333333333333333,0.4960501194000244,0.02086472511291504
sqrt,1,0.0129155,0.9,5,0.5800000000000001,0.0733333333333333,536,0.6166666666666667,0.55,0.7,0.55,0.48333333333333334,0.4787600040435791,0.02065615653991699
sqrt,1,0.0129155,0.9,10,0.6299999999999999,0.04268749491621898,380,0.6166666666666667,0.6333333333333333,0.7,0.6333333333333333,0.5666666666666667,0.4830932140350342,0.020772743225097656
sqrt,1,0.0129155,0.9,20,0.5433333333333332,0.13232955494186138,638,0.35,0.45,0.7166666666666667,0.55,0.65,0.49202466011047363,0.0210019588470459
sqrt,1,0.0129155,0.9,50,0.5900000000000001,0.14243907079480994,494,0.5333333333333333,0.4166666666666667,0.5166666666666667,0.65,0.8333333333333333,0.49842095375061035,0.020890235900878906
sqrt,1,0.0464159,0.1,5,0.62,0.22221111083331943,430,0.2833333333333333,0.75,0.9,0.45,0.7166666666666667,0.49622769355773927,0.02060670852661133
sqrt,1,0.0464159,0.1,10,0.6566666666666666,0.15260697523012798,324,0.4666666666666667,0.65,0.9,0.5333333333333333,0.7333333333333334,0.49965338706970214,0.020873403549194335
sqrt,1,0.0464159,0.1,20,0.7466666666666667,0.08393118874676116,102,0.65,0.75,0.9,0.7,0.7333333333333334,0.5019819736480713,0.020673561096191406
sqrt,1,0.0464159,0.1,50,0.7300000000000001,0.11661903789690602,133,0.55,0.75,0.7166666666666667,0.7166666666666667,0.9166666666666667,0.508464002609253,0.02067537307739258
sqrt,1,0.0464159,0.3,5,0.6233333333333333,0.17594190960528863,417,0.48333333333333334,0.8166666666666667,0.8,0.3666666666666667,0.65,0.4964282035827637,0.020709896087646486
sqrt,1,0.0464159,0.3,10,0.64,0.22818121453499776,360,0.3666666666666667,0.5666666666666667,0.9,0.45,0.9166666666666667,0.49984006881713866,0.020885944366455078
sqrt,1,0.0464159,0.3,20,0.6900000000000001,0.18275666882497066,239,0.3666666666666667,0.65,0.9,0.7166666666666667,0.8166666666666667,0.5045735836029053,0.020687007904052736
sqrt,1,0.0464159,0.3,50,0.71,0.19793377119071362,191,0.3666666666666667,0.8333333333333333,0.8166666666666667,0.6166666666666667,0.9166666666666667,0.5110969543457031,0.020589876174926757
sqrt,1,0.0464159,0.5,5,0.66,0.06548960901462836,311,0.5666666666666667,0.65,0.7333333333333334,0.6166666666666667,0.7333333333333334,0.4927061557769775,0.020688343048095702
sqrt,1,0.0464159,0.5,10,0.6966666666666667,0.138001610296563,213,0.4666666666666667,0.75,0.8166666666666667,0.6166666666666667,0.8333333333333333,0.4972395896911621,0.02059197425842285
sqrt,1,0.0464159,0.5,20,0.6366666666666666,0.15470401847829723,373,0.3666666666666667,0.65,0.8166666666666667,0.6,0.75,0.5032200336456298,0.020706033706665038
sqrt,1,0.0464159,0.5,50,0.7066666666666667,0.09345230512584125,200,0.5333333333333333,0.7333333333333334,0.7333333333333334,0.7166666666666667,0.8166666666666667,0.5077297687530518,0.020630931854248045
sqrt,1,0.0464159,0.7,5,0.5800000000000001,0.0733333333333333,536,0.6166666666666667,0.55,0.7,0.55,0.48333333333333334,0.48064770698547366,0.02087101936340332
sqrt,1,0.0464159,0.7,10,0.6299999999999999,0.04268749491621898,380,0.6166666666666667,0.6333333333333333,0.7,0.6333333333333333,0.5666666666666667,0.482558012008667,0.020697784423828126
sqrt,1,0.0464159,0.7,20,0.5433333333333332,0.13232955494186138,638,0.35,0.45,0.7166666666666667,0.55,0.65,0.49128360748291017,0.020726728439331054
sqrt,1,0.0464159,0.7,50,0.5900000000000001,0.14243907079480994,494,0.5333333333333333,0.4166666666666667,0.5166666666666667,0.65,0.8333333333333333,0.49647979736328124,0.020822620391845702
sqrt,1,0.0464159,0.9,5,0.5800000000000001,0.0733333333333333,536,0.6166666666666667,0.55,0.7,0.55,0.48333333333333334,0.47881321907043456,0.020593786239624025
sqrt,1,0.0464159,0.9,10,0.6299999999999999,0.04268749491621898,380,0.6166666666666667,0.6333333333333333,0.7,0.6333333333333333,0.5666666666666667,0.4829615592956543,0.02063741683959961
sqrt,1,0.0464159,0.9,20,0.5433333333333332,0.13232955494186138,638,0.35,0.45,0.7166666666666667,0.55,0.65,0.49150547981262205,0.020809412002563477
sqrt,1,0.0464159,0.9,50,0.5900000000000001,0.14243907079480994,494,0.5333333333333333,0.4166666666666667,0.5166666666666667,0.65,0.8333333333333333,0.4958653926849365,0.020763301849365236
sqrt,1,0.16681,0.1,5,0.5700000000000001,0.1755625877635159,557,0.2833333333333333,0.6666666666666666,0.7166666666666667,0.45,0.7333333333333334,0.5262138366699218,0.02066183090209961
sqrt,1,0.16681,0.1,10,0.7266666666666668,0.189326290948839,146,0.3666666666666667,0.8333333333333333,0.9,0.7166666666666667,0.8166666666666667,0.5296303749084472,0.020832586288452148
sqrt,1,0.16681,0.1,20,0.6900000000000001,0.09225568335398698,239,0.55,0.75,0.8,0.6166666666666667,0.7333333333333334,0.5325335502624512,0.020681190490722656
sqrt,1,0.16681,0.1,50,0.7866666666666667,0.12400716825158849,23,0.55,0.8333333333333333,0.8166666666666667,0.8166666666666667,0.9166666666666667,0.5519082546234131,0.02066965103149414
sqrt,1,0.16681,0.3,5,0.6166666666666667,0.19235384061671343,435,0.2833333333333333,0.8333333333333333,0.7166666666666667,0.5333333333333333,0.7166666666666667,0.5292976856231689,0.020993852615356447
sqrt,1,0.16681,0.3,10,0.6599999999999999,0.16686654681045102,313,0.4666666666666667,0.75,0.8,0.45,0.8333333333333333,0.537883186340332,0.021013832092285155
sqrt,1,0.16681,0.3,20,0.6866666666666668,0.09030811456096045,252,0.55,0.7333333333333334,0.8,0.6166666666666667,0.7333333333333334,0.5388024806976318,0.021117210388183594
sqrt,1,0.16681,0.3,50,0.7633333333333333,0.17172329163188343,78,0.45,0.8333333333333333,0.7166666666666667,0.9,0.9166666666666667,0.5426361560821533,0.020984649658203125
sqrt,1,0.16681,0.5,5,0.6233333333333333,0.24846193538112296,417,0.2,0.8333333333333333,0.9,0.5333333333333333,0.65,0.5376760005950928,0.02096590995788574
sqrt,1,0.16681,0.5,10,0.6933333333333331,0.15972198067614585,237,0.4666666666666667,0.8333333333333333,0.8,0.5333333333333333,0.8333333333333333,0.543484115600586,0.021253013610839845
sqrt,1,0.16681,0.5,20,0.76,0.12849556844930926,85,0.7333333333333334,0.65,0.9,0.6,0.9166666666666667,0.5468332290649414,0.020913124084472656
sqrt,1,0.16681,0.5,50,0.7566666666666668,0.13106402167558337,88,0.5333333333333333,0.8166666666666667,0.8166666666666667,0.7,0.9166666666666667,0.5504399299621582,0.02090296745300293
sqrt,1,0.16681,0.7,5,0.5866666666666667,0.21380156947766102,513,0.2,0.75,0.8,0.5333333333333333,0.65,0.5335885047912597,0.02095785140991211
sqrt,1,0.16681,0.7,10,0.6766666666666667,0.20992061991778382,257,0.3666666666666667,0.65,0.9,0.55,0.9166666666666667,0.5358711242675781,0.021144390106201172
sqrt,1,0.16681,0.7,20,0.6766666666666666,0.14204850501775013,261,0.4666666666666667,0.6666666666666666,0.9,0.6166666666666667,0.7333333333333334,0.5407196044921875,0.020969963073730467
sqrt,1,0.16681,0.7,50,0.7433333333333334,0.16213848676020412,116,0.45,0.8333333333333333,0.8166666666666667,0.7,0.9166666666666667,0.548698091506958,0.020950794219970703
sqrt,1,0.16681,0.9,5,0.6399999999999999,0.12587471725666138,364,0.4666666666666667,0.75,0.8,0.5333333333333333,0.65,0.5319579124450684,0.021109533309936524
sqrt,1,0.16681,0.9,10,0.6599999999999999,0.17307673314329558,313,0.4666666666666667,0.5666666666666667,0.9,0.5333333333333333,0.8333333333333333,0.5356875419616699,0.021010541915893556
sqrt,1,0.16681,0.9,20,0.6733333333333333,0.17782638224465522,281,0.3666666666666667,0.75,0.9,0.6166666666666667,0.7333333333333334,0.5406930446624756,0.021220827102661134
sqrt,1,0.16681,0.9,50,0.6900000000000001,0.16686654681045102,239,0.3666666666666667,0.7333333333333334,0.8166666666666667,0.7166666666666667,0.8166666666666667,0.5474390029907227,0.020963668823242188
sqrt,1,0.599484,0.1,5,0.5533333333333333,0.16172679294277603,610,0.35,0.6666666666666666,0.65,0.3666666666666667,0.7333333333333334,0.6017767906188964,0.020839595794677736
sqrt,1,0.599484,0.1,10,0.6533333333333333,0.17713773674115227,340,0.3666666666666667,0.8333333333333333,0.8,0.5333333333333333,0.7333333333333334,0.6013410568237305,0.020903873443603515
sqrt,1,0.599484,0.1,20,0.6533333333333333,0.14429907214608909,340,0.3666666666666667,0.75,0.7,0.7166666666666667,0.7333333333333334,0.6024661540985108,0.02085843086242676
sqrt,1,0.599484,0.1,50,0.7666666666666668,0.12560962454277846,50,0.55,0.8333333333333333,0.8166666666666667,0.7166666666666667,0.9166666666666667,0.6093010902404785,0.02072629928588867
sqrt,1,0.599484,0.3,5,0.5533333333333333,0.1895608961081724,610,0.2833333333333333,0.6666666666666666,0.7166666666666667,0.3666666666666667,0.7333333333333334,0.6166430950164795,0.020853710174560548
sqrt,1,0.599484,0.3,10,0.6766666666666665,0.1477986618493024,263,0.4666666666666667,0.75,0.8166666666666667,0.5333333333333333,0.8166666666666667,0.6185201644897461,0.02094135284423828
sqrt,1,0.599484,0.3,20,0.7133333333333333,0.12710450643291746,170,0.4666666666666667,0.75,0.8,0.8166666666666667,0.7333333333333334,0.6189976215362549,0.020880985260009765
sqrt,1,0.599484,0.3,50,0.7466666666666667,0.1240071682515885,102,0.55,0.8333333333333333,0.7166666666666667,0.7166666666666667,0.9166666666666667,0.6262427806854248,0.020703840255737304
sqrt,1,0.599484,0.5,5,0.5833333333333333,0.12382783747337804,535,0.3666666666666667,0.6666666666666666,0.7166666666666667,0.5333333333333333,0.6333333333333333,0.628839635848999,0.02080979347229004
sqrt,1,0.599484,0.5,10,0.6566666666666666,0.13316656236958788,324,0.4666666666666667,0.7333333333333334,0.8166666666666667,0.5333333333333333,0.7333333333333334,0.6311765670776367,0.020941686630249024
sqrt,1,0.599484,0.5,20,0.6933333333333334,0.07717224601860152,223,0.5666666666666667,0.6666666666666666,0.8,0.7,0.7333333333333334,0.6328285217285157,0.020786285400390625
sqrt,1,0.599484,0.5,50,0.8,0.14605934866804432,14,0.55,0.9166666666666667,0.7166666666666667,0.9,0.9166666666666667,0.6431924819946289,0.020826435089111327
sqrt,1,0.599484,0.7,5,0.6366666666666666,0.13012814197295422,373,0.4666666666666667,0.8333333333333333,0.7166666666666667,0.5333333333333333,0.6333333333333333,0.6560155391693115,0.02072625160217285
sqrt,1,0.599484,0.7,10,0.6633333333333333,0.1630950643030009,308,0.48333333333333334,0.75,0.8,0.45,0.8333333333333333,0.6603099346160889,0.02058558464050293
sqrt,1,0.599484,0.7,20,0.71,0.07859884081701066,191,0.5666666666666667,0.75,0.8,0.7,0.7333333333333334,0.6637145519256592,0.020731639862060548
sqrt,1,0.599484,0.7,50,0.7666666666666668,0.12560962454277846,50,0.55,0.8333333333333333,0.8166666666666667,0.7166666666666667,0.9166666666666667,0.6741770744323731,0.02077450752258301
sqrt,1,0.599484,0.9,5,0.69,0.10088497300281037,251,0.6333333333333333,0.8333333333333333,0.7166666666666667,0.5333333333333333,0.7333333333333334,0.6840120792388916,0.020984840393066407
sqrt,1,0.599484,0.9,10,0.7133333333333333,0.12970050972229144,170,0.4666666666666667,0.75,0.8,0.7166666666666667,0.8333333333333333,0.6844497680664062,0.020863914489746095
sqrt,1,0.599484,0.9,20,0.6566666666666666,0.12183777921664712,324,0.5666666666666667,0.4666666666666667,0.8,0.7166666666666667,0.7333333333333334,0.6861332416534424,0.02074770927429199
sqrt,1,0.599484,0.9,50,0.7066666666666667,0.15832456116050558,200,0.45,0.65,0.8166666666666667,0.7,0.9166666666666667,0.6936054706573487,0.02067079544067383
sqrt,1,2.15443,0.1,5,0.6,0.20138409955990952,474,0.35,0.8333333333333333,0.7166666666666667,0.3666666666666667,0.7333333333333334,0.7050164222717286,0.020847415924072264
sqrt,1,2.15443,0.1,10,0.5333333333333333,0.17543596489254357,672,0.3666666666666667,0.65,0.6333333333333333,0.2833333333333333,0.7333333333333334,0.7078615188598633,0.020808649063110352
sqrt,1,2.15443,0.1,20,0.6699999999999999,0.1568438714135812,295,0.3666666666666667,0.75,0.7,0.7166666666666667,0.8166666666666667,0.7095632553100586,0.020702552795410157
sqrt,1,2.15443,0.1,50,0.7833333333333334,0.13621877827801698,34,0.55,0.8333333333333333,0.7166666666666667,0.9,0.9166666666666667,0.7150637626647949,0.020565128326416014
sqrt,1,2.15443,0.3,5,0.5533333333333333,0.16172679294277603,610,0.35,0.6666666666666666,0.65,0.3666666666666667,0.7333333333333334,0.7562146186828613,0.02084689140319824
sqrt,1,2.15443,0.3,10,0.6566666666666666,0.14321700705960558,324,0.4666666666666667,0.65,0.8166666666666667,0.5333333333333333,0.8166666666666667,0.7637728691101074,0.020928955078125
sqrt,1,2.15443,0.3,20,0.6733333333333333,0.0703957069398096,281,0.5666666666666667,0.75,0.7,0.6166666666666667,0.7333333333333334,0.765000867843628,0.020857763290405274
sqrt,1,2.15443,0.3,50,0.7466666666666667,0.1240071682515885,102,0.55,0.8333333333333333,0.7166666666666667,0.7166666666666667,0.9166666666666667,0.7701809883117676,0.022234344482421876
sqrt,1,2.15443,0.5,5,0.55,0.15986105077709067,616,0.35,0.6666666666666666,0.6333333333333333,0.3666666666666667,0.7333333333333334,0.796454906463623,0.020723438262939452
sqrt,1,2.15443,0.5,10,0.6566666666666666,0.17845011752432233,324,0.3666666666666667,0.65,0.9166666666666667,0.6166666666666667,0.7333333333333334,0.7976394176483155,0.021758556365966797
sqrt,1,2.15443,0.5,20,0.71,0.12892719737209143,191,0.4666666666666667,0.8333333333333333,0.8,0.7166666666666667,0.7333333333333334,0.8025140762329102,0.020682859420776366
sqrt,1,2.15443,0.5,50,0.7633333333333334,0.12445436468396312,73,0.55,0.8333333333333333,0.8,0.7166666666666667,0.9166666666666667,0.8070367336273193,0.02068943977355957
sqrt,1,2.15443,0.7,5,0.5466666666666666,0.192469333776694,619,0.26666666666666666,0.65,0.7166666666666667,0.3666666666666667,0.7333333333333334,0.8431183338165283,0.021991634368896486
sqrt,1,2.15443,0.7,10,0.6966666666666667,0.17204650534085256,213,0.4666666666666667,0.8333333333333333,0.9166666666666667,0.5333333333333333,0.7333333333333334,0.8455760955810547,0.020647668838500978
sqrt,1,2.15443,0.7,20,0.75,0.09545214042184236,92,0.5666666666666667,0.75,0.8,0.8,0.8333333333333333,0.8450291633605957,0.020643329620361327
sqrt,1,2.15443,0.7,50,0.7433333333333334,0.10466878978738385,116,0.55,0.8166666666666667,0.8,0.7166666666666667,0.8333333333333333,0.851379108428955,0.020876550674438478
sqrt,1,2.15443,0.9,5,0.5733333333333334,0.20725722075613084,554,0.26666666666666666,0.65,0.8166666666666667,0.4,0.7333333333333334,0.8875826835632324,0.020728206634521483
sqrt,1,2.15443,0.9,10,0.6966666666666668,0.14959203781544586,211,0.4666666666666667,0.75,0.9166666666666667,0.6166666666666667,0.7333333333333334,0.887173843383789,0.020794486999511717
sqrt,1,2.15443,0.9,20,0.7166666666666666,0.12292725943057184,168,0.5666666666666667,0.5666666666666667,0.8,0.8166666666666667,0.8333333333333333,0.8879778385162354,0.02189793586730957
sqrt,1,2.15443,0.9,50,0.7433333333333334,0.10466878978738385,116,0.55,0.8166666666666667,0.7166666666666667,0.8,0.8333333333333333,0.895473575592041,0.020874643325805665
sqrt,1,7.74264,0.1,5,0.51,0.13564659966250536,752,0.35,0.55,0.45,0.45,0.75,0.7629297733306885,0.020869064331054687
sqrt,1,7.74264,0.1,10,0.5833333333333334,0.17094508539944112,526,0.45,0.55,0.7166666666666667,0.3666666666666667,0.8333333333333333,0.7651134490966797,0.020632028579711914
sqrt,1,7.74264,0.1,20,0.6933333333333334,0.18696404883173545,223,0.3666666666666667,0.75,0.8,0.6333333333333333,0.9166666666666667,0.7670599460601807,0.02063279151916504
sqrt,1,7.74264,0.1,50,0.7666666666666668,0.12560962454277846,50,0.55,0.8333333333333333,0.7166666666666667,0.8166666666666667,0.9166666666666667,0.7719131946563721,0.02074856758117676
sqrt,1,7.74264,0.3,5,0.5833333333333334,0.18408935028645435,526,0.35,0.75,0.7166666666666667,0.3666666666666667,0.7333333333333334,0.9489067077636719,0.02076725959777832
sqrt,1,7.74264,0.3,10,0.6033333333333333,0.23103631268217942,463,0.3666666666666667,0.8333333333333333,0.8,0.2833333333333333,0.7333333333333334,0.9547591209411621,0.020904684066772462
sqrt,1,7.74264,0.3,20,0.6466666666666667,0.17993826101687707,351,0.3666666666666667,0.7333333333333334,0.6,0.6166666666666667,0.9166666666666667,0.9589981079101563,0.020917129516601563
sqrt,1,7.74264,0.3,50,0.7833333333333334,0.13621877827801698,34,0.55,0.8333333333333333,0.7166666666666667,0.9,0.9166666666666667,0.9644028663635253,0.020893621444702148
sqrt,1,7.74264,0.5,5,0.5333333333333334,0.17480147469502527,670,0.35,0.75,0.4666666666666667,0.3666666666666667,0.7333333333333334,0.988452959060669,0.020960569381713867
sqrt,1,7.74264,0.5,10,0.6533333333333333,0.17365355036841473,340,0.3666666666666667,0.65,0.9,0.6166666666666667,0.7333333333333334,0.9912152290344238,0.020758533477783205
sqrt,1,7.74264,0.5,20,0.7300000000000001,0.12622730819174327,133,0.5666666666666667,0.75,0.8,0.6166666666666667,0.9166666666666667,0.9953414916992187,0.02071070671081543
sqrt,1,7.74264,0.5,50,0.7233333333333334,0.15369522511198005,162,0.45,0.7333333333333334,0.7166666666666667,0.8,0.9166666666666667,1.00667462348938,0.020722579956054688
sqrt,1,7.74264,0.7,5,0.5733333333333334,0.17048949136725897,554,0.3666666666666667,0.6666666666666666,0.7333333333333334,0.3666666666666667,0.7333333333333334,1.0503557205200196,0.02072896957397461
sqrt,1,7.74264,0.7,10,0.64,0.18517259216441534,360,0.3666666666666667,0.65,0.9166666666666667,0.5333333333333333,0.7333333333333334,1.0425865650177002,0.02051553726196289
sqrt,1,7.74264,0.7,20,0.7433333333333334,0.16686654681045107,116,0.4666666666666667,0.9166666666666667,0.7,0.7166666666666667,0.9166666666666667,1.0444170475006103,0.02097296714782715
sqrt,1,7.74264,0.7,50,0.7066666666666667,0.14892205269125788,200,0.45,0.7333333333333334,0.7166666666666667,0.7166666666666667,0.9166666666666667,1.0571380138397217,0.020872020721435548
sqrt,1,7.74264,0.9,5,0.5533333333333333,0.16172679294277603,610,0.35,0.6666666666666666,0.65,0.3666666666666667,0.7333333333333334,1.0818909645080566,0.020858383178710936
sqrt,1,7.74264,0.9,10,0.6599999999999999,0.19049642749639398,313,0.3666666666666667,0.75,0.9166666666666667,0.5333333333333333,0.7333333333333334,1.0816246032714845,0.021109867095947265
sqrt,1,7.74264,0.9,20,0.75,0.11401754250991382,92,0.5666666666666667,0.75,0.8,0.7166666666666667,0.9166666666666667,1.0836912155151368,0.02083420753479004
sqrt,1,7.74264,0.9,50,0.7466666666666667,0.10666666666666665,102,0.55,0.8166666666666667,0.7166666666666667,0.8166666666666667,0.8333333333333333,1.0902776718139648,0.020773887634277344
sqrt,1,27.8256,0.1,5,0.4866666666666667,0.09683892697555968,796,0.35,0.55,0.45,0.45,0.6333333333333333,0.7786264896392823,0.0207460880279541
sqrt,1,27.8256,0.1,10,0.5299999999999999,0.18779421361337695,707,0.45,0.45,0.6333333333333333,0.2833333333333333,0.8333333333333333,0.7767136573791504,0.022136735916137695
sqrt,1,27.8256,0.1,20,0.7066666666666667,0.1222929088522943,200,0.55,0.7333333333333334,0.7,0.6333333333333333,0.9166666666666667,0.7763545513153076,0.02071099281311035
sqrt,1,27.8256,0.1,50,0.7666666666666668,0.12337837015547831,50,0.55,0.8333333333333333,0.8,0.7333333333333334,0.9166666666666667,0.7831108570098877,0.020821666717529295
sqrt,1,27.8256,0.3,5,0.5066666666666666,0.1297861488928786,786,0.35,0.55,0.45,0.45,0.7333333333333334,0.9101667881011963,0.0208953857421875
sqrt,1,27.8256,0.3,10,0.5833333333333334,0.17094508539944112,526,0.45,0.55,0.7166666666666667,0.3666666666666667,0.8333333333333333,0.9053961753845214,0.02085537910461426
sqrt,1,27.8256,0.3,20,0.7033333333333334,0.12710450643291749,208,0.55,0.7333333333333334,0.6,0.7166666666666667,0.9166666666666667,0.9082960605621337,0.0208038330078125
sqrt,1,27.8256,0.3,50,0.7666666666666668,0.12560962454277846,50,0.55,0.8333333333333333,0.7166666666666667,0.8166666666666667,0.9166666666666667,0.9119658946990967,0.02081141471862793
sqrt,1,27.8256,0.5,5,0.5266666666666667,0.17938165396098285,713,0.35,0.75,0.35,0.45,0.7333333333333334,1.0375810623168946,0.021070480346679688
sqrt,1,27.8256,0.5,10,0.5133333333333333,0.15107025591499545,734,0.3666666666666667,0.65,0.45,0.3666666666666667,0.7333333333333334,1.0365001201629638,0.021526622772216796
sqrt,1,27.8256,0.5,20,0.6666666666666666,0.1935056703159999,305,0.3666666666666667,0.9166666666666667,0.6,0.6166666666666667,0.8333333333333333,1.0361641883850097,0.020916461944580078
sqrt,1,27.8256,0.5,50,0.7833333333333334,0.13621877827801698,34,0.55,0.8333333333333333,0.7166666666666667,0.9,0.9166666666666667,1.0386547565460205,0.020896148681640626
sqrt,1,27.8256,0.7,5,0.5833333333333334,0.18408935028645435,526,0.35,0.75,0.7166666666666667,0.3666666666666667,0.7333333333333334,1.1584001541137696,0.0209047794342041
sqrt,1,27.8256,0.7,10,0.5133333333333334,0.18720161442798633,730,0.3666666666666667,0.7333333333333334,0.45,0.2833333333333333,0.7333333333333334,1.1575042247772216,0.020830440521240234
sqrt,1,27.8256,0.7,20,0.65,0.1816590212458495,349,0.3666666666666667,0.75,0.6,0.6166666666666667,0.9166666666666667,1.1621427536010742,0.020748090744018555
sqrt,1,27.8256,0.7,50,0.7633333333333334,0.12445436468396312,73,0.55,0.8333333333333333,0.7166666666666667,0.8,0.9166666666666667,1.1661163330078126,0.020769786834716798
sqrt,1,27.8256,0.9,5,0.5866666666666667,0.17993826101687704,513,0.3666666666666667,0.75,0.7166666666666667,0.3666666666666667,0.7333333333333334,1.1826685905456542,0.020715713500976562
sqrt,1,27.8256,0.9,10,0.5133333333333334,0.1664665465224503,730,0.3666666666666667,0.55,0.6333333333333333,0.2833333333333333,0.7333333333333334,1.1840805530548095,0.020777320861816405
sqrt,1,27.8256,0.9,20,0.6666666666666667,0.1810463415200036,303,0.3666666666666667,0.7333333333333334,0.6,0.7166666666666667,0.9166666666666667,1.1867526054382325,0.020552825927734376
sqrt,1,27.8256,0.9,50,0.7633333333333334,0.12445436468396312,73,0.55,0.8333333333333333,0.7166666666666667,0.8,0.9166666666666667,1.193668508529663,0.020830488204956053
sqrt,1,100.0,0.1,5,0.4866666666666667,0.09683892697555968,796,0.35,0.55,0.45,0.45,0.6333333333333333,0.847410011291504,0.021718692779541016
sqrt,1,100.0,0.1,10,0.5666666666666667,0.1609002451486289,568,0.55,0.45,0.6333333333333333,0.3666666666666667,0.8333333333333333,0.8421886920928955,0.02073969841003418
sqrt,1,100.0,0.1,20,0.6766666666666667,0.15726834816113933,257,0.55,0.75,0.7,0.4666666666666667,0.9166666666666667,0.8445157051086426,0.020702648162841796
sqrt,1,100.0,0.1,50,0.7666666666666668,0.12560962454277846,50,0.55,0.8333333333333333,0.7166666666666667,0.8166666666666667,0.9166666666666667,0.8504792213439941,0.02068157196044922
sqrt,1,100.0,0.3,5,0.4866666666666667,0.09683892697555968,796,0.35,0.55,0.45,0.45,0.6333333333333333,0.8400170803070068,0.020708560943603516
sqrt,1,100.0,0.3,10,0.5299999999999999,0.18779421361337695,707,0.45,0.45,0.6333333333333333,0.2833333333333333,0.8333333333333333,0.8423828125,0.02083621025085449
sqrt,1,100.0,0.3,20,0.6900000000000001,0.12319812408384222,239,0.55,0.65,0.7,0.6333333333333333,0.9166666666666667,0.8441295623779297,0.020800018310546876
sqrt,1,100.0,0.3,50,0.7666666666666668,0.12560962454277846,50,0.55,0.8333333333333333,0.7166666666666667,0.8166666666666667,0.9166666666666667,0.8498156547546387,0.020713376998901366
sqrt,1,100.0,0.5,5,0.4866666666666667,0.09683892697555968,796,0.35,0.55,0.45,0.45,0.6333333333333333,0.8668266296386719,0.020826148986816406
sqrt,1,100.0,0.5,10,0.5299999999999999,0.18779421361337695,707,0.45,0.45,0.6333333333333333,0.2833333333333333,0.8333333333333333,0.8678476333618164,0.02067432403564453
sqrt,1,100.0,0.5,20,0.6700000000000002,0.15860503004493762,289,0.4666666666666667,0.7333333333333334,0.7,0.5333333333333333,0.9166666666666667,0.8690755844116211,0.020665502548217772
sqrt,1,100.0,0.5,50,0.75,0.12337837015547831,92,0.55,0.8333333333333333,0.7166666666666667,0.7333333333333334,0.9166666666666667,0.874968433380127,0.020705461502075195
sqrt,1,100.0,0.7,5,0.4866666666666667,0.09683892697555968,796,0.35,0.55,0.45,0.45,0.6333333333333333,0.9188622951507568,0.021005916595458984
sqrt,1,100.0,0.7,10,0.5666666666666667,0.19379255804998177,568,0.45,0.55,0.7166666666666667,0.2833333333333333,0.8333333333333333,0.9227278709411622,0.020733213424682616
sqrt,1,100.0,0.7,20,0.6666666666666666,0.13864422895390285,305,0.55,0.6333333333333333,0.7,0.5333333333333333,0.9166666666666667,0.9268184185028077,0.020829439163208008
sqrt,1,100.0,0.7,50,0.7633333333333333,0.13474255287605158,78,0.55,0.7333333333333334,0.7166666666666667,0.9,0.9166666666666667,0.9313087463378906,0.020807266235351562
sqrt,1,100.0,0.9,5,0.5066666666666666,0.1297861488928786,786,0.35,0.55,0.45,0.45,0.7333333333333334,0.9871330261230469,0.02087087631225586
sqrt,1,100.0,0.9,10,0.5666666666666667,0.19379255804998177,568,0.45,0.55,0.7166666666666667,0.2833333333333333,0.8333333333333333,0.9836654663085938,0.020888757705688477
sqrt,1,100.0,0.9,20,0.65,0.10055402085998902,349,0.55,0.55,0.7,0.6333333333333333,0.8166666666666667,0.9851802349090576,0.020716142654418946
sqrt,1,100.0,0.9,50,0.7666666666666668,0.12560962454277846,50,0.55,0.8333333333333333,0.7166666666666667,0.8166666666666667,0.9166666666666667,0.9914683818817138,0.02088623046875
sqrt,5,0.001,0.1,5,0.5133333333333333,0.11897712198383163,734,0.35,0.7,0.5166666666666667,0.43333333333333335,0.5666666666666667,0.46695170402526853,0.020712995529174806
sqrt,5,0.001,0.1,10,0.51,0.10883218478209672,752,0.35,0.6,0.5166666666666667,0.43333333333333335,0.65,0.4682485103607178,0.02046341896057129
sqrt,5,0.001,0.1,20,0.5466666666666666,0.1347425528760516,619,0.35,0.6333333333333333,0.45,0.7333333333333334,0.5666666666666667,0.47127928733825686,0.020495271682739256
sqrt,5,0.001,0.1,50,0.5633333333333332,0.1151810169544733,591,0.35,0.5333333333333333,0.6333333333333333,0.65,0.65,0.47712063789367676,0.02054133415222168
sqrt,5,0.001,0.3,5,0.5133333333333333,0.11897712198383163,734,0.35,0.7,0.5166666666666667,0.43333333333333335,0.5666666666666667,0.46745123863220217,0.020534420013427736
sqrt,5,0.001,0.3,10,0.51,0.10883218478209672,752,0.35,0.6,0.5166666666666667,0.43333333333333335,0.65,0.4656069278717041,0.02045021057128906
sqrt,5,0.001,0.3,20,0.5466666666666666,0.1347425528760516,619,0.35,0.6333333333333333,0.45,0.7333333333333334,0.5666666666666667,0.47028565406799316,0.02023792266845703
sqrt,5,0.001,0.3,50,0.5633333333333332,0.1151810169544733,591,0.35,0.5333333333333333,0.6333333333333333,0.65,0.65,0.476439380645752,0.02042665481567383
sqrt,5,0.001,0.5,5,0.5133333333333333,0.11897712198383163,734,0.35,0.7,0.5166666666666667,0.43333333333333335,0.5666666666666667,0.46607470512390137,0.020430898666381835
sqrt,5,0.001,0.5,10,0.51,0.10883218478209672,752,0.35,0.6,0.5166666666666667,0.43333333333333335,0.65,0.46692934036254885,0.02037472724914551
sqrt,5,0.001,0.5,20,0.5466666666666666,0.1347425528760516,619,0.35,0.6333333333333333,0.45,0.7333333333333334,0.5666666666666667,0.46994595527648925,0.020448684692382812
sqrt,5,0.001,0.5,50,0.5633333333333332,0.1151810169544733,591,0.35,0.5333333333333333,0.6333333333333333,0.65,0.65,0.477056884765625,0.020426034927368164
sqrt,5,0.001,0.7,5,0.5133333333333333,0.11897712198383163,734,0.35,0.7,0.5166666666666667,0.43333333333333335,0.5666666666666667,0.46598153114318847,0.02038607597351074
sqrt,5,0.001,0.7,10,0.51,0.10883218478209672,752,0.35,0.6,0.5166666666666667,0.43333333333333335,0.65,0.46836366653442385,0.020603275299072264
sqrt,5,0.001,0.7,20,0.5466666666666666,0.1347425528760516,619,0.35,0.6333333333333333,0.45,0.7333333333333334,0.5666666666666667,0.47070932388305664,0.02021679878234863
sqrt,5,0.001,0.7,50,0.5633333333333332,0.1151810169544733,591,0.35,0.5333333333333333,0.6333333333333333,0.65,0.65,0.4765658378601074,0.020752906799316406
sqrt,5,0.001,0.9,5,0.5133333333333333,0.11897712198383163,734,0.35,0.7,0.5166666666666667,0.43333333333333335,0.5666666666666667,0.46576461791992185,0.020456695556640626
sqrt,5,0.001,0.9,10,0.51,0.10883218478209672,752,0.35,0.6,0.5166666666666667,0.43333333333333335,0.65,0.46634550094604493,0.020375871658325197
sqrt,5,0.001,0.9,20,0.5466666666666666,0.1347425528760516,619,0.35,0.6333333333333333,0.45,0.7333333333333334,0.5666666666666667,0.4705041408538818,0.020566606521606447
sqrt,5,0.001,0.9,50,0.5633333333333332,0.1151810169544733,591,0.35,0.5333333333333333,0.6333333333333333,0.65,0.65,0.4785589694976807,0.02057952880859375
sqrt,5,0.00359381,0.1,5,0.5133333333333333,0.11897712198383163,734,0.35,0.7,0.5166666666666667,0.43333333333333335,0.5666666666666667,0.4695469379425049,0.02039017677307129
sqrt,5,0.00359381,0.1,10,0.51,0.10883218478209672,752,0.35,0.6,0.5166666666666667,0.43333333333333335,0.65,0.4671500205993652,0.020391511917114257
sqrt,5,0.00359381,0.1,20,0.5466666666666666,0.1347425528760516,619,0.35,0.6333333333333333,0.45,0.7333333333333334,0.5666666666666667,0.47033891677856443,0.020513153076171874
sqrt,5,0.00359381,0.1,50,0.5633333333333332,0.1151810169544733,591,0.35,0.5333333333333333,0.6333333333333333,0.65,0.65,0.4772705078125,0.02039780616760254
sqrt,5,0.00359381,0.3,5,0.5133333333333333,0.11897712198383163,734,0.35,0.7,0.5166666666666667,0.43333333333333335,0.5666666666666667,0.4668692111968994,0.020499181747436524
sqrt,5,0.00359381,0.3,10,0.51,0.10883218478209672,752,0.35,0.6,0.5166666666666667,0.43333333333333335,0.65,0.4669632434844971,0.020372772216796876
sqrt,5,0.00359381,0.3,20,0.5466666666666666,0.1347425528760516,619,0.35,0.6333333333333333,0.45,0.7333333333333334,0.5666666666666667,0.47118144035339354,0.020414447784423827
sqrt,5,0.00359381,0.3,50,0.5633333333333332,0.1151810169544733,591,0.35,0.5333333333333333,0.6333333333333333,0.65,0.65,0.4764876365661621,0.02070589065551758
sqrt,5,0.00359381,0.5,5,0.5133333333333333,0.11897712198383163,734,0.35,0.7,0.5166666666666667,0.43333333333333335,0.5666666666666667,0.47051262855529785,0.02057948112487793
sqrt,5,0.00359381,0.5,10,0.51,0.10883218478209672,752,0.35,0.6,0.5166666666666667,0.43333333333333335,0.65,0.4724412441253662,0.020353174209594725
sqrt,5,0.00359381,0.5,20,0.5466666666666666,0.1347425528760516,619,0.35,0.6333333333333333,0.45,0.7333333333333334,0.5666666666666667,0.47087788581848145,0.020466375350952148
sqrt,5,0.00359381,0.5,50,0.5633333333333332,0.1151810169544733,591,0.35,0.5333333333333333,0.6333333333333333,0.65,0.65,0.47935853004455564,0.02060565948486328
sqrt,5,0.00359381,0.7,5,0.5133333333333333,0.11897712198383163,734,0.35,0.7,0.5166666666666667,0.43333333333333335,0.5666666666666667,0.4675885200500488,0.020330333709716798
sqrt,5,0.00359381,0.7,10,0.51,0.10883218478209672,752,0.35,0.6,0.5166666666666667,0.43333333333333335,0.65,0.46763386726379397,0.0204007625579834
sqrt,5,0.00359381,0.7,20,0.5466666666666666,0.1347425528760516,619,0.35,0.6333333333333333,0.45,0.7333333333333334,0.5666666666666667,0.4712088584899902,0.020335674285888672
sqrt,5,0.00359381,0.7,50,0.5633333333333332,0.1151810169544733,591,0.35,0.5333333333333333,0.6333333333333333,0.65,0.65,0.4776317119598389,0.020641660690307616
sqrt,5,0.00359381,0.9,5,0.5133333333333333,0.11897712198383163,734,0.35,0.7,0.5166666666666667,0.43333333333333335,0.5666666666666667,0.46880717277526857,0.020349884033203126
sqrt,5,0.00359381,0.9,10,0.51,0.10883218478209672,752,0.35,0.6,0.5166666666666667,0.43333333333333335,0.65,0.468112850189209,0.020765209197998048
sqrt,5,0.00359381,0.9,20,0.5466666666666666,0.1347425528760516,619,0.35,0.6333333333333333,0.45,0.7333333333333334,0.5666666666666667,0.47281804084777834,0.02041935920715332
sqrt,5,0.00359381,0.9,50,0.5633333333333332,0.1151810169544733,591,0.35,0.5333333333333333,0.6333333333333333,0.65,0.65,0.4767331600189209,0.02064657211303711
sqrt,5,0.0129155,0.1,5,0.6266666666666666,0.174674300087652,416,0.3666666666666667,0.5166666666666667,0.6166666666666667,0.8,0.8333333333333333,0.4854447364807129,0.02038607597351074
sqrt,5,0.0129155,0.1,10,0.6533333333333333,0.18451136670797397,340,0.3666666666666667,0.55,0.7166666666666667,0.7166666666666667,0.9166666666666667,0.4798771858215332,0.020461416244506835
sqrt,5,0.0129155,0.1,20,0.7433333333333333,0.1558489297008128,125,0.45,0.8166666666666667,0.8166666666666667,0.9,0.7333333333333334,0.48319187164306643,0.021413040161132813
sqrt,5,0.0129155,0.1,50,0.76,0.11382247385975915,85,0.5333333333333333,0.8166666666666667,0.8166666666666667,0.8,0.8333333333333333,0.4858417510986328,0.02068619728088379
sqrt,5,0.0129155,0.3,5,0.5133333333333333,0.11897712198383163,734,0.35,0.7,0.5166666666666667,0.43333333333333335,0.5666666666666667,0.4719841480255127,0.020520591735839845
sqrt,5,0.0129155,0.3,10,0.51,0.10883218478209672,752,0.35,0.6,0.5166666666666667,0.43333333333333335,0.65,0.46941437721252444,0.02145829200744629
sqrt,5,0.0129155,0.3,20,0.5466666666666666,0.1347425528760516,619,0.35,0.6333333333333333,0.45,0.7333333333333334,0.5666666666666667,0.4713276386260986,0.02047762870788574
sqrt,5,0.0129155,0.3,50,0.5633333333333332,0.1151810169544733,591,0.35,0.5333333333333333,0.6333333333333333,0.65,0.65,0.47839674949645994,0.020462846755981444
sqrt,5,0.0129155,0.5,5,0.5133333333333333,0.11897712198383163,734,0.35,0.7,0.5166666666666667,0.43333333333333335,0.5666666666666667,0.4665241718292236,0.020413780212402345
sqrt,5,0.0129155,0.5,10,0.51,0.10883218478209672,752,0.35,0.6,0.5166666666666667,0.43333333333333335,0.65,0.4677978515625,0.020567035675048827
sqrt,5,0.0129155,0.5,20,0.5466666666666666,0.1347425528760516,619,0.35,0.6333333333333333,0.45,0.7333333333333334,0.5666666666666667,0.47077388763427735,0.020537805557250977
sqrt,5,0.0129155,0.5,50,0.5633333333333332,0.1151810169544733,591,0.35,0.5333333333333333,0.6333333333333333,0.65,0.65,0.4770339488983154,0.0207489013671875
sqrt,5,0.0129155,0.7,5,0.5133333333333333,0.11897712198383163,734,0.35,0.7,0.5166666666666667,0.43333333333333335,0.5666666666666667,0.46741328239440916,0.020411109924316405
sqrt,5,0.0129155,0.7,10,0.51,0.10883218478209672,752,0.35,0.6,0.5166666666666667,0.43333333333333335,0.65,0.46645045280456543,0.020444869995117188
sqrt,5,0.0129155,0.7,20,0.5466666666666666,0.1347425528760516,619,0.35,0.6333333333333333,0.45,0.7333333333333334,0.5666666666666667,0.4710989952087402,0.02032299041748047
sqrt,5,0.0129155,0.7,50,0.5633333333333332,0.1151810169544733,591,0.35,0.5333333333333333,0.6333333333333333,0.65,0.65,0.47612824440002444,0.02053356170654297
sqrt,5,0.0129155,0.9,5,0.5133333333333333,0.11897712198383163,734,0.35,0.7,0.5166666666666667,0.43333333333333335,0.5666666666666667,0.4689617156982422,0.020506811141967774
sqrt,5,0.0129155,0.9,10,0.51,0.10883218478209672,752,0.35,0.6,0.5166666666666667,0.43333333333333335,0.65,0.4668163299560547,0.020372581481933594
sqrt,5,0.0129155,0.9,20,0.5466666666666666,0.1347425528760516,619,0.35,0.6333333333333333,0.45,0.7333333333333334,0.5666666666666667,0.47019128799438475,0.020303821563720702
sqrt,5,0.0129155,0.9,50,0.5633333333333332,0.1151810169544733,591,0.35,0.5333333333333333,0.6333333333333333,0.65,0.65,0.4770775318145752,0.020295333862304688
sqrt,5,0.0464159,0.1,5,0.5599999999999999,0.11953614051360739,609,0.3666666666666667,0.65,0.5333333333333333,0.5333333333333333,0.7166666666666667,0.4882077217102051,0.020305776596069337
sqrt,5,0.0464159,0.1,10,0.6933333333333334,0.14854853303438126,223,0.55,0.65,0.9,0.5333333333333333,0.8333333333333333,0.49158902168273927,0.02058582305908203
sqrt,5,0.0464159,0.1,20,0.7300000000000001,0.0979795897113271,133,0.55,0.8166666666666667,0.8166666666666667,0.7166666666666667,0.75,0.4919175624847412,0.02035365104675293
sqrt,5,0.0464159,0.1,50,0.7966666666666666,0.151803967156476,22,0.5333333333333333,0.9166666666666667,0.7166666666666667,0.9,0.9166666666666667,0.4976620674133301,0.020418167114257812
sqrt,5,0.0464159,0.3,5,0.7266666666666666,0.09225568335398698,159,0.5666666666666667,0.7166666666666667,0.7166666666666667,0.8,0.8333333333333333,0.48718967437744143,0.02075800895690918
sqrt,5,0.0464159,0.3,10,0.6966666666666667,0.12445436468396309,213,0.55,0.7333333333333334,0.8166666666666667,0.55,0.8333333333333333,0.49019556045532225,0.02092914581298828
sqrt,5,0.0464159,0.3,20,0.7433333333333333,0.1558489297008128,125,0.45,0.8166666666666667,0.8166666666666667,0.9,0.7333333333333334,0.4920817375183105,0.02041139602661133
sqrt,5,0.0464159,0.3,50,0.7233333333333334,0.13686976778431875,162,0.5333333333333333,0.8166666666666667,0.7333333333333334,0.6166666666666667,0.9166666666666667,0.49683027267456054,0.020394182205200194
sqrt,5,0.0464159,0.5,5,0.6366666666666667,0.05416025603090643,366,0.5666666666666667,0.6333333333333333,0.6333333333333333,0.6166666666666667,0.7333333333333334,0.48336243629455566,0.020464468002319335
sqrt,5,0.0464159,0.5,10,0.6166666666666667,0.10488088481701516,435,0.4666666666666667,0.7166666666666667,0.55,0.6,0.75,0.4847437381744385,0.020349979400634766
sqrt,5,0.0464159,0.5,20,0.6166666666666667,0.13743685418725535,435,0.3666666666666667,0.6333333333333333,0.7333333333333334,0.6,0.75,0.4875133991241455,0.020492744445800782
sqrt,5,0.0464159,0.5,50,0.72,0.10077477638553982,167,0.5333333333333333,0.7166666666666667,0.7333333333333334,0.8,0.8166666666666667,0.4921407699584961,0.02032027244567871
sqrt,5,0.0464159,0.7,5,0.5133333333333333,0.11897712198383163,734,0.35,0.7,0.5166666666666667,0.43333333333333335,0.5666666666666667,0.46863222122192383,0.02047567367553711
sqrt,5,0.0464159,0.7,10,0.51,0.10883218478209672,752,0.35,0.6,0.5166666666666667,0.43333333333333335,0.65,0.4751568794250488,0.02145848274230957
sqrt,5,0.0464159,0.7,20,0.5466666666666666,0.1347425528760516,619,0.35,0.6333333333333333,0.45,0.7333333333333334,0.5666666666666667,0.4720598697662354,0.020386314392089842
sqrt,5,0.0464159,0.7,50,0.5633333333333332,0.1151810169544733,591,0.35,0.5333333333333333,0.6333333333333333,0.65,0.65,0.4805299282073975,0.021416187286376953
sqrt,5,0.0464159,0.9,5,0.5133333333333333,0.11897712198383163,734,0.35,0.7,0.5166666666666667,0.43333333333333335,0.5666666666666667,0.46855010986328127,0.02054433822631836
sqrt,5,0.0464159,0.9,10,0.51,0.10883218478209672,752,0.35,0.6,0.5166666666666667,0.43333333333333335,0.65,0.467561149597168,0.02030353546142578
sqrt,5,0.0464159,0.9,20,0.5466666666666666,0.1347425528760516,619,0.35,0.6333333333333333,0.45,0.7333333333333334,0.5666666666666667,0.47013444900512696,0.02046346664428711
sqrt,5,0.0464159,0.9,50,0.5633333333333332,0.1151810169544733,591,0.35,0.5333333333333333,0.6333333333333333,0.65,0.65,0.47696924209594727,0.02072443962097168
sqrt,5,0.16681,0.1,5,0.5466666666666666,0.151803967156476,619,0.2833333333333333,0.65,0.5333333333333333,0.5333333333333333,0.7333333333333334,0.5175906658172608,0.020500993728637694
sqrt,5,0.16681,0.1,10,0.7133333333333333,0.13349989596333858,170,0.55,0.65,0.8166666666666667,0.6333333333333333,0.9166666666666667,0.5209445953369141,0.020610475540161134
sqrt,5,0.16681,0.1,20,0.7699999999999999,0.0740870359029762,45,0.65,0.8333333333333333,0.7166666666666667,0.8166666666666667,0.8333333333333333,0.522319746017456,0.020437049865722656
sqrt,5,0.16681,0.1,50,0.8,0.10903618155864087,14,0.6333333333333333,0.9166666666666667,0.7166666666666667,0.9,0.8333333333333333,0.5280086517333984,0.02057032585144043
sqrt,5,0.16681,0.3,5,0.6133333333333334,0.15470401847829723,440,0.3666666666666667,0.8166666666666667,0.5333333333333333,0.6333333333333333,0.7166666666666667,0.5261268615722656,0.020289850234985352
sqrt,5,0.16681,0.3,10,0.6566666666666666,0.1455258663529538,324,0.55,0.65,0.8,0.45,0.8333333333333333,0.5237472057342529,0.02084970474243164
sqrt,5,0.16681,0.3,20,0.7699999999999999,0.0694422221866655,45,0.65,0.7333333333333334,0.8166666666666667,0.8166666666666667,0.8333333333333333,0.525781774520874,0.02049875259399414
sqrt,5,0.16681,0.3,50,0.8,0.14063348739819329,14,0.5333333333333333,0.9166666666666667,0.8166666666666667,0.8166666666666667,0.9166666666666667,0.5300745010375977,0.020717811584472657
sqrt,5,0.16681,0.5,5,0.6,0.19119507199599978,474,0.3666666666666667,0.8166666666666667,0.5333333333333333,0.45,0.8333333333333333,0.5289741516113281,0.020509719848632812
sqrt,5,0.16681,0.5,10,0.6733333333333335,0.15040685563571302,270,0.55,0.8166666666666667,0.7166666666666667,0.45,0.8333333333333333,0.5309248447418213,0.020255279541015626
sqrt,5,0.16681,0.5,20,0.7266666666666668,0.11907047399661165,146,0.55,0.8166666666666667,0.8166666666666667,0.6166666666666667,0.8333333333333333,0.5328170776367187,0.020656728744506837
sqrt,5,0.16681,0.5,50,0.7266666666666666,0.10143416036468622,159,0.55,0.8166666666666667,0.7333333333333334,0.7,0.8333333333333333,0.5370212078094483,0.020663356781005858
sqrt,5,0.16681,0.7,5,0.6633333333333333,0.16779617264870955,308,0.3666666666666667,0.65,0.8166666666666667,0.65,0.8333333333333333,0.5241369724273681,0.02048330307006836
sqrt,5,0.16681,0.7,10,0.7300000000000001,0.11614167593456229,133,0.55,0.8166666666666667,0.8166666666666667,0.6333333333333333,0.8333333333333333,0.5268600940704345,0.020600509643554688
sqrt,5,0.16681,0.7,20,0.7666666666666666,0.10055402085998903,61,0.5666666666666667,0.8166666666666667,0.8166666666666667,0.8,0.8333333333333333,0.5283123970031738,0.020592880249023438
sqrt,5,0.16681,0.7,50,0.7233333333333333,0.10728984626287387,166,0.5333333333333333,0.8166666666666667,0.7333333333333334,0.7,0.8333333333333333,0.5324697017669677,0.02042050361633301
sqrt,5,0.16681,0.9,5,0.6833333333333333,0.09486832980505135,256,0.55,0.65,0.7333333333333334,0.65,0.8333333333333333,0.5245636463165283,0.020691394805908203
sqrt,5,0.16681,0.9,10,0.7133333333333333,0.14352700094407322,170,0.4666666666666667,0.8166666666666667,0.8166666666666667,0.6333333333333333,0.8333333333333333,0.5249984741210938,0.020546865463256837
sqrt,5,0.16681,0.9,20,0.7633333333333333,0.1071862346054235,78,0.55,0.8166666666666667,0.8166666666666667,0.8,0.8333333333333333,0.5267070770263672,0.02034912109375
sqrt,5,0.16681,0.9,50,0.7233333333333334,0.12138094304022086,162,0.5333333333333333,0.7166666666666667,0.7333333333333334,0.7166666666666667,0.9166666666666667,0.5317679405212402,0.020525407791137696
sqrt,5,0.599484,0.1,5,0.5700000000000001,0.12265579661982733,557,0.3666666666666667,0.65,0.55,0.55,0.7333333333333334,0.5873941898345947,0.02060356140136719
sqrt,5,0.599484,0.1,10,0.6599999999999999,0.07348469228349534,313,0.55,0.75,0.6333333333333333,0.6333333333333333,0.7333333333333334,0.5908567905426025,0.02043004035949707
sqrt,5,0.599484,0.1,20,0.6766666666666665,0.07930251502246877,263,0.65,0.65,0.6166666666666667,0.6333333333333333,0.8333333333333333,0.5913661479949951,0.020505952835083007
sqrt,5,0.599484,0.1,50,0.82,0.14,3,0.55,0.9166666666666667,0.8166666666666667,0.9,0.9166666666666667,0.5964903354644775,0.020513916015625
sqrt,5,0.599484,0.3,5,0.5333333333333334,0.15527752931802824,670,0.2833333333333333,0.65,0.5333333333333333,0.4666666666666667,0.7333333333333334,0.6046634674072265,0.02048029899597168
sqrt,5,0.599484,0.3,10,0.6233333333333333,0.06463573143221771,417,0.55,0.65,0.55,0.7166666666666667,0.65,0.619115161895752,0.02055974006652832
sqrt,5,0.599484,0.3,20,0.7366666666666667,0.05906681715556447,130,0.65,0.75,0.7166666666666667,0.7333333333333334,0.8333333333333333,0.6124614715576172,0.020772504806518554
sqrt,5,0.599484,0.3,50,0.7666666666666666,0.16261747890200623,61,0.45,0.9166666666666667,0.8166666666666667,0.8166666666666667,0.8333333333333333,0.6136482238769532,0.02077794075012207
sqrt,5,0.599484,0.5,5,0.6266666666666667,0.14007934259633795,412,0.3666666666666667,0.75,0.6333333333333333,0.6333333333333333,0.75,0.618427848815918,0.020603752136230467
sqrt,5,0.599484,0.5,10,0.7133333333333333,0.1112554617885242,170,0.55,0.8333333333333333,0.6333333333333333,0.7166666666666667,0.8333333333333333,0.6221755504608154,0.02067117691040039
sqrt,5,0.599484,0.5,20,0.7466666666666667,0.0644635986860457,102,0.65,0.7333333333333334,0.7166666666666667,0.8,0.8333333333333333,0.6248025894165039,0.020690059661865233
sqrt,5,0.599484,0.5,50,0.8,0.10903618155864087,14,0.6333333333333333,0.9166666666666667,0.7166666666666667,0.9,0.8333333333333333,0.6281974792480469,0.020790624618530273
sqrt,5,0.599484,0.7,5,0.6366666666666666,0.12754084313139327,373,0.4666666666666667,0.8166666666666667,0.5333333333333333,0.6333333333333333,0.7333333333333334,0.6483695983886719,0.020748710632324217
sqrt,5,0.599484,0.7,10,0.6766666666666665,0.136055544213057,263,0.4666666666666667,0.65,0.8166666666666667,0.6166666666666667,0.8333333333333333,0.6504091262817383,0.020740270614624023
sqrt,5,0.599484,0.7,20,0.7300000000000001,0.05906681715556447,133,0.65,0.7333333333333334,0.7166666666666667,0.7166666666666667,0.8333333333333333,0.6519844055175781,0.020630455017089842
sqrt,5,0.599484,0.7,50,0.8033333333333333,0.10666666666666669,10,0.6333333333333333,0.9166666666666667,0.7333333333333334,0.9,0.8333333333333333,0.6572831630706787,0.0207766056060791
sqrt,5,0.599484,0.9,5,0.6566666666666666,0.1108552609887726,324,0.55,0.8166666666666667,0.5333333333333333,0.6333333333333333,0.75,0.6719386577606201,0.020700883865356446
sqrt,5,0.599484,0.9,10,0.7133333333333333,0.10561986345169903,170,0.55,0.65,0.7166666666666667,0.8166666666666667,0.8333333333333333,0.675969409942627,0.020667362213134765
sqrt,5,0.599484,0.9,20,0.6966666666666667,0.09092121131323905,213,0.5666666666666667,0.7333333333333334,0.7166666666666667,0.6333333333333333,0.8333333333333333,0.6892535209655761,0.02061781883239746
sqrt,5,0.599484,0.9,50,0.7466666666666667,0.10666666666666669,102,0.6333333333333333,0.65,0.8166666666666667,0.7166666666666667,0.9166666666666667,0.6810513019561768,0.02055807113647461
sqrt,5,2.15443,0.1,5,0.5866666666666667,0.07333333333333333,513,0.55,0.55,0.55,0.55,0.7333333333333334,0.6960924625396728,0.020492362976074218
sqrt,5,2.15443,0.1,10,0.6033333333333333,0.1288409872672512,463,0.45,0.55,0.6333333333333333,0.55,0.8333333333333333,0.6969016075134278,0.02047891616821289
sqrt,5,2.15443,0.1,20,0.6366666666666667,0.10402991022884818,366,0.55,0.55,0.6166666666666667,0.6333333333333333,0.8333333333333333,0.698984956741333,0.020522260665893556
sqrt,5,2.15443,0.1,50,0.8,0.14605934866804432,14,0.55,0.9166666666666667,0.7166666666666667,0.9,0.9166666666666667,0.7036017417907715,0.020475435256958007
sqrt,5,2.15443,0.3,5,0.5700000000000001,0.12265579661982733,557,0.3666666666666667,0.65,0.55,0.55,0.7333333333333334,0.7518831253051758,0.020495176315307617
sqrt,5,2.15443,0.3,10,0.6733333333333333,0.09225568335398698,281,0.55,0.8166666666666667,0.6333333333333333,0.6333333333333333,0.7333333333333334,0.7495863437652588,0.02065386772155762
sqrt,5,2.15443,0.3,20,0.7133333333333333,0.07102425250887504,170,0.65,0.7333333333333334,0.7166666666666667,0.6333333333333333,0.8333333333333333,0.7500008106231689,0.020664072036743163
sqrt,5,2.15443,0.3,50,0.75,0.10903618155864081,92,0.55,0.8333333333333333,0.7166666666666667,0.8166666666666667,0.8333333333333333,0.758081579208374,0.020647621154785155
sqrt,5,2.15443,0.5,5,0.55,0.1299572579307862,616,0.3666666666666667,0.65,0.5333333333333333,0.4666666666666667,0.7333333333333334,0.7917143821716308,0.02039470672607422
sqrt,5,2.15443,0.5,10,0.7266666666666668,0.09752492558885194,146,0.55,0.8166666666666667,0.8166666666666667,0.7166666666666667,0.7333333333333334,0.7882609844207764,0.021111202239990235
sqrt,5,2.15443,0.5,20,0.7533333333333333,0.07102425250887501,89,0.65,0.8333333333333333,0.7166666666666667,0.7333333333333334,0.8333333333333333,0.7864132881164551,0.02056126594543457
sqrt,5,2.15443,0.5,50,0.7100000000000001,0.09809292646374773,188,0.5333333333333333,0.8333333333333333,0.7166666666666667,0.7166666666666667,0.75,0.7913834095001221,0.02091240882873535
sqrt,5,2.15443,0.7,5,0.5533333333333333,0.1557776192739723,610,0.3666666666666667,0.6666666666666666,0.6333333333333333,0.3666666666666667,0.7333333333333334,0.8327201843261719,0.02048807144165039
sqrt,5,2.15443,0.7,10,0.75,0.10903618155864081,92,0.55,0.8333333333333333,0.8166666666666667,0.7166666666666667,0.8333333333333333,0.8347329139709473,0.020600128173828124
sqrt,5,2.15443,0.7,20,0.7166666666666666,0.10055402085998902,168,0.5666666666666667,0.65,0.7166666666666667,0.8166666666666667,0.8333333333333333,0.835612678527832,0.020650672912597656
sqrt,5,2.15443,0.7,50,0.75,0.1552775293180282,92,0.4666666666666667,0.9166666666666667,0.7166666666666667,0.8166666666666667,0.8333333333333333,0.8404350757598877,0.020773553848266603
sqrt,5,2.15443,0.9,5,0.6466666666666666,0.1851125783588643,353,0.3666666666666667,0.75,0.9166666666666667,0.55,0.65,0.8755434513092041,0.020475292205810548
sqrt,5,2.15443,0.9,10,0.6599999999999999,0.12587471725666138,313,0.4666666666666667,0.5666666666666667,0.8166666666666667,0.7166666666666667,0.7333333333333334,0.8772699356079101,0.02055058479309082
sqrt,5,2.15443,0.9,20,0.75,0.06749485577105525,92,0.65,0.7333333333333334,0.7166666666666667,0.8166666666666667,0.8333333333333333,0.8789835453033448,0.020792245864868164
sqrt,5,2.15443,0.9,50,0.8,0.0924962461700774,14,0.6333333333333333,0.9166666666666667,0.8166666666666667,0.8,0.8333333333333333,0.8827294826507568,0.020540475845336914
sqrt,5,7.74264,0.1,5,0.6300000000000001,0.0755718936583642,378,0.55,0.6666666666666666,0.55,0.6333333333333333,0.75,0.7534251689910889,0.02060980796813965
sqrt,5,7.74264,0.1,10,0.6233333333333333,0.07348469228349531,417,0.55,0.55,0.6333333333333333,0.6333333333333333,0.75,0.7596177101135254,0.020446157455444335
sqrt,5,7.74264,0.1,20,0.6900000000000001,0.15867506980549206,239,0.65,0.55,0.6166666666666667,0.6333333333333333,1.0,0.766115379333496,0.020507287979125977
sqrt,5,7.74264,0.1,50,0.8233333333333335,0.09752492558885198,2,0.65,0.9166666666666667,0.8166666666666667,0.8166666666666667,0.9166666666666667,0.7638092994689941,0.02079000473022461
sqrt,5,7.74264,0.3,5,0.6033333333333333,0.0725718035235908,463,0.55,0.6333333333333333,0.55,0.55,0.7333333333333334,0.952388858795166,0.020555496215820312
sqrt,5,7.74264,0.3,10,0.6433333333333333,0.08602325267042626,354,0.55,0.75,0.6333333333333333,0.55,0.7333333333333334,0.9499926567077637,0.02068052291870117
sqrt,5,7.74264,0.3,20,0.6900000000000001,0.10466878978738384,239,0.65,0.7333333333333334,0.5166666666666667,0.7166666666666667,0.8333333333333333,0.9557799339294434,0.02196345329284668
sqrt,5,7.74264,0.3,50,0.7666666666666666,0.12560962454277846,61,0.55,0.9166666666666667,0.7166666666666667,0.8166666666666667,0.8333333333333333,0.9519612789154053,0.020747947692871093
sqrt,5,7.74264,0.5,5,0.5833333333333334,0.12292725943057184,526,0.3666666666666667,0.6333333333333333,0.6333333333333333,0.55,0.7333333333333334,0.98405442237854,0.02050318717956543
sqrt,5,7.74264,0.5,10,0.6566666666666666,0.08730533902472529,324,0.55,0.8166666666666667,0.6333333333333333,0.6333333333333333,0.65,0.9885491847991943,0.020452356338500975
sqrt,5,7.74264,0.5,20,0.6900000000000001,0.11382247385975919,239,0.65,0.6333333333333333,0.6166666666666667,0.6333333333333333,0.9166666666666667,0.9895727634429932,0.020416879653930665
sqrt,5,7.74264,0.5,50,0.7666666666666666,0.12560962454277846,61,0.55,0.9166666666666667,0.7166666666666667,0.8166666666666667,0.8333333333333333,0.989734411239624,0.02074570655822754
sqrt,5,7.74264,0.7,5,0.5900000000000001,0.092255683353987,494,0.4666666666666667,0.65,0.55,0.55,0.7333333333333334,1.031384563446045,0.020591115951538085
sqrt,5,7.74264,0.7,10,0.6933333333333334,0.09225568335398698,223,0.55,0.8166666666666667,0.7333333333333334,0.6333333333333333,0.7333333333333334,1.0316805839538574,0.02054309844970703
sqrt,5,7.74264,0.7,20,0.7300000000000001,0.12310790208412925,133,0.5666666666666667,0.9,0.7166666666666667,0.6333333333333333,0.8333333333333333,1.0358858585357666,0.02061009407043457
sqrt,5,7.74264,0.7,50,0.7433333333333334,0.1128420725320717,116,0.5333333333333333,0.8166666666666667,0.7166666666666667,0.8166666666666667,0.8333333333333333,1.041495418548584,0.020733022689819337
sqrt,5,7.74264,0.9,5,0.5533333333333333,0.12970050972229147,610,0.3666666666666667,0.65,0.55,0.4666666666666667,0.7333333333333334,1.0716078758239747,0.020332765579223634
sqrt,5,7.74264,0.9,10,0.6733333333333333,0.09225568335398698,281,0.55,0.6333333333333333,0.8166666666666667,0.6333333333333333,0.7333333333333334,1.0743300437927246,0.020697259902954103
sqrt,5,7.74264,0.9,20,0.7699999999999999,0.0740870359029762,45,0.65,0.8333333333333333,0.7166666666666667,0.8166666666666667,0.8333333333333333,1.0757283687591552,0.02064676284790039
sqrt,5,7.74264,0.9,50,0.7133333333333333,0.17869900204906944,170,0.3666666666666667,0.8333333333333333,0.7166666666666667,0.8166666666666667,0.8333333333333333,1.0794700622558593,0.020832920074462892
sqrt,5,27.8256,0.1,5,0.6100000000000001,0.05011098792790967,443,0.55,0.6666666666666666,0.55,0.6333333333333333,0.65,0.7630176067352294,0.020528268814086915
sqrt,5,27.8256,0.1,10,0.5700000000000001,0.09797958971132711,557,0.55,0.45,0.55,0.55,0.75,0.765171480178833,0.020646429061889647
sqrt,5,27.8256,0.1,20,0.6933333333333334,0.11234866364235147,223,0.65,0.65,0.6166666666666667,0.6333333333333333,0.9166666666666667,0.7657772064208984,0.02036423683166504
sqrt,5,27.8256,0.1,50,0.8033333333333335,0.10666666666666669,7,0.65,0.9166666666666667,0.7166666666666667,0.8166666666666667,0.9166666666666667,0.7757508277893066,0.020630455017089842
sqrt,5,27.8256,0.3,5,0.6100000000000001,0.05011098792790967,443,0.55,0.6666666666666666,0.55,0.6333333333333333,0.65,0.8933770179748535,0.020324230194091797
sqrt,5,27.8256,0.3,10,0.6233333333333333,0.07348469228349531,417,0.55,0.55,0.6333333333333333,0.6333333333333333,0.75,0.9021602153778077,0.02054462432861328
sqrt,5,27.8256,0.3,20,0.7266666666666668,0.1190704739966117,146,0.65,0.8166666666666667,0.6166666666666667,0.6333333333333333,0.9166666666666667,0.9014064311981201,0.020783233642578124
sqrt,5,27.8256,0.3,50,0.7666666666666666,0.12560962454277846,61,0.55,0.9166666666666667,0.7166666666666667,0.8166666666666667,0.8333333333333333,0.9012296199798584,0.020592117309570314
sqrt,5,27.8256,0.5,5,0.6100000000000001,0.07999999999999999,443,0.55,0.65,0.55,0.55,0.75,1.0223042011260985,0.02048807144165039
sqrt,5,27.8256,0.5,10,0.6433333333333333,0.06377042156569662,354,0.55,0.65,0.6333333333333333,0.6333333333333333,0.75,1.0230141639709474,0.02064666748046875
sqrt,5,27.8256,0.5,20,0.6699999999999999,0.09741092797468301,295,0.55,0.7166666666666667,0.6166666666666667,0.6333333333333333,0.8333333333333333,1.0280077934265137,0.020608854293823243
sqrt,5,27.8256,0.5,50,0.8033333333333335,0.10666666666666669,7,0.65,0.9166666666666667,0.7166666666666667,0.8166666666666667,0.9166666666666667,1.0332722663879395,0.020663928985595704
sqrt,5,27.8256,0.7,5,0.6033333333333333,0.0725718035235908,463,0.55,0.6333333333333333,0.55,0.55,0.7333333333333334,1.1527588367462158,0.02195711135864258
sqrt,5,27.8256,0.7,10,0.6033333333333333,0.0725718035235908,463,0.55,0.55,0.6333333333333333,0.55,0.7333333333333334,1.1551400184631349,0.02158346176147461
sqrt,5,27.8256,0.7,20,0.7300000000000001,0.09030811456096038,133,0.65,0.8333333333333333,0.6166666666666667,0.7166666666666667,0.8333333333333333,1.1608261585235595,0.02059769630432129
sqrt,5,27.8256,0.7,50,0.8,0.11155467020454343,14,0.6333333333333333,0.9166666666666667,0.7166666666666667,0.8166666666666667,0.9166666666666667,1.1600624084472657,0.02193293571472168
sqrt,5,27.8256,0.9,5,0.5866666666666667,0.09030811456096045,513,0.4666666666666667,0.6333333333333333,0.55,0.55,0.7333333333333334,1.182351779937744,0.0203981876373291
sqrt,5,27.8256,0.9,10,0.6233333333333333,0.06879922480183431,417,0.55,0.7333333333333334,0.6333333333333333,0.55,0.65,1.1753461837768555,0.02084317207336426
sqrt,5,27.8256,0.9,20,0.71,0.13021349989749742,191,0.65,0.7333333333333334,0.5166666666666667,0.7333333333333334,0.9166666666666667,1.176844835281372,0.020538520812988282
sqrt,5,27.8256,0.9,50,0.7666666666666666,0.12560962454277846,61,0.55,0.9166666666666667,0.7166666666666667,0.8166666666666667,0.8333333333333333,1.180613899230957,0.020896720886230468
sqrt,5,100.0,0.1,5,0.6100000000000001,0.05011098792790967,443,0.55,0.6666666666666666,0.55,0.6333333333333333,0.65,0.8297792434692383,0.020635461807250975
sqrt,5,100.0,0.1,10,0.5866666666666667,0.11850925889754117,513,0.65,0.45,0.6333333333333333,0.45,0.75,0.8323846817016601,0.020659732818603515
sqrt,5,100.0,0.1,20,0.6766666666666667,0.14779866184930246,257,0.65,0.7333333333333334,0.6166666666666667,0.4666666666666667,0.9166666666666667,0.8342150211334228,0.02038736343383789
sqrt,5,100.0,0.1,50,0.7666666666666666,0.12560962454277846,61,0.55,0.9166666666666667,0.7166666666666667,0.8166666666666667,0.8333333333333333,0.839208984375,0.020546340942382814
sqrt,5,100.0,0.3,5,0.6100000000000001,0.05011098792790967,443,0.55,0.6666666666666666,0.55,0.6333333333333333,0.65,0.831639289855957,0.020780038833618165
sqrt,5,100.0,0.3,10,0.5700000000000001,0.09797958971132711,557,0.55,0.45,0.55,0.55,0.75,0.8333790302276611,0.020574283599853516
sqrt,5,100.0,0.3,20,0.71,0.11085526098877263,191,0.65,0.7333333333333334,0.6166666666666667,0.6333333333333333,0.9166666666666667,0.8337772846221924,0.0206878662109375
sqrt,5,100.0,0.3,50,0.7866666666666667,0.09333333333333334,23,0.65,0.9166666666666667,0.7166666666666667,0.8166666666666667,0.8333333333333333,0.8399986267089844,0.020885992050170898
sqrt,5,100.0,0.5,5,0.6100000000000001,0.05011098792790967,443,0.55,0.6666666666666666,0.55,0.6333333333333333,0.65,0.8551198005676269,0.02060222625732422
sqrt,5,100.0,0.5,10,0.5700000000000001,0.09797958971132711,557,0.55,0.45,0.55,0.55,0.75,0.8642431259155273,0.020569801330566406
sqrt,5,100.0,0.5,20,0.6733333333333335,0.12631530214330947,270,0.65,0.55,0.6166666666666667,0.6333333333333333,0.9166666666666667,0.8648937702178955,0.021234989166259766
sqrt,5,100.0,0.5,50,0.7833333333333334,0.09189365834726815,34,0.65,0.8166666666666667,0.7166666666666667,0.8166666666666667,0.9166666666666667,0.8668604850769043,0.020707368850708008
sqrt,5,100.0,0.7,5,0.6100000000000001,0.05011098792790967,443,0.55,0.6666666666666666,0.55,0.6333333333333333,0.65,0.9119203090667725,0.021060657501220704
sqrt,5,100.0,0.7,10,0.5866666666666667,0.10022197585581938,513,0.45,0.6333333333333333,0.55,0.55,0.75,0.913412618637085,0.020701503753662108
sqrt,5,100.0,0.7,20,0.6733333333333335,0.12631530214330947,270,0.65,0.55,0.6166666666666667,0.6333333333333333,0.9166666666666667,0.9129284381866455,0.02057657241821289
sqrt,5,100.0,0.7,50,0.8033333333333335,0.10666666666666669,7,0.65,0.9166666666666667,0.7166666666666667,0.8166666666666667,0.9166666666666667,0.9188577175140381,0.02073063850402832
sqrt,5,100.0,0.9,5,0.6100000000000001,0.05011098792790967,443,0.55,0.6666666666666666,0.55,0.6333333333333333,0.65,0.9687621116638183,0.020537137985229492
sqrt,5,100.0,0.9,10,0.6066666666666667,0.07859884081701062,452,0.55,0.6333333333333333,0.55,0.55,0.75,0.9714245796203613,0.020545578002929686
sqrt,5,100.0,0.9,20,0.6733333333333335,0.12631530214330947,270,0.65,0.55,0.6166666666666667,0.6333333333333333,0.9166666666666667,0.972783899307251,0.020598649978637695
sqrt,5,100.0,0.9,50,0.8033333333333333,0.13432961119739925,10,0.55,0.9166666666666667,0.8166666666666667,0.8166666666666667,0.9166666666666667,0.9784306049346924,0.020620346069335938
0.3,1,0.001,0.1,5,0.5633333333333334,0.04988876515698589,575,0.6166666666666667,0.55,0.6166666666666667,0.55,0.48333333333333334,0.4759191989898682,0.020995616912841797
0.3,1,0.001,0.1,10,0.6299999999999999,0.04268749491621898,380,0.6166666666666667,0.6333333333333333,0.7,0.6333333333333333,0.5666666666666667,0.4823087215423584,0.02083621025085449
0.3,1,0.001,0.1,20,0.5433333333333332,0.13232955494186138,638,0.35,0.45,0.7166666666666667,0.55,0.65,0.49557809829711913,0.020696163177490234
0.3,1,0.001,0.1,50,0.5966666666666667,0.13266499161421597,477,0.5333333333333333,0.43333333333333335,0.6166666666666667,0.5666666666666667,0.8333333333333333,0.5128009796142579,0.02084522247314453
0.3,1,0.001,0.3,5,0.5633333333333334,0.04988876515698589,575,0.6166666666666667,0.55,0.6166666666666667,0.55,0.48333333333333334,0.4757516860961914,0.02105264663696289
0.3,1,0.001,0.3,10,0.6299999999999999,0.04268749491621898,380,0.6166666666666667,0.6333333333333333,0.7,0.6333333333333333,0.5666666666666667,0.4815359592437744,0.020740413665771486
0.3,1,0.001,0.3,20,0.5433333333333332,0.13232955494186138,638,0.35,0.45,0.7166666666666667,0.55,0.65,0.4941092014312744,0.02087125778198242
0.3,1,0.001,0.3,50,0.5966666666666667,0.13266499161421597,477,0.5333333333333333,0.43333333333333335,0.6166666666666667,0.5666666666666667,0.8333333333333333,0.5114869594573974,0.020787143707275392
0.3,1,0.001,0.5,5,0.5633333333333334,0.04988876515698589,575,0.6166666666666667,0.55,0.6166666666666667,0.55,0.48333333333333334,0.47583966255187987,0.020676898956298827
0.3,1,0.001,0.5,10,0.6299999999999999,0.04268749491621898,380,0.6166666666666667,0.6333333333333333,0.7,0.6333333333333333,0.5666666666666667,0.482830810546875,0.020812606811523436
0.3,1,0.001,0.5,20,0.5433333333333332,0.13232955494186138,638,0.35,0.45,0.7166666666666667,0.55,0.65,0.4943248271942139,0.020845985412597655
0.3,1,0.001,0.5,50,0.5966666666666667,0.13266499161421597,477,0.5333333333333333,0.43333333333333335,0.6166666666666667,0.5666666666666667,0.8333333333333333,0.5117854118347168,0.020632028579711914
0.3,1,0.001,0.7,5,0.5633333333333334,0.04988876515698589,575,0.6166666666666667,0.55,0.6166666666666667,0.55,0.48333333333333334,0.4746867179870605,0.020687961578369142
0.3,1,0.001,0.7,10,0.6299999999999999,0.04268749491621898,380,0.6166666666666667,0.6333333333333333,0.7,0.6333333333333333,0.5666666666666667,0.47987613677978513,0.021071958541870116
0.3,1,0.001,0.7,20,0.5433333333333332,0.13232955494186138,638,0.35,0.45,0.7166666666666667,0.55,0.65,0.498941707611084,0.02119140625
0.3,1,0.001,0.7,50,0.5966666666666667,0.13266499161421597,477,0.5333333333333333,0.43333333333333335,0.6166666666666667,0.5666666666666667,0.8333333333333333,0.512251901626587,0.020643949508666992
0.3,1,0.001,0.9,5,0.5633333333333334,0.04988876515698589,575,0.6166666666666667,0.55,0.6166666666666667,0.55,0.48333333333333334,0.4769188404083252,0.020750808715820312
0.3,1,0.001,0.9,10,0.6299999999999999,0.04268749491621898,380,0.6166666666666667,0.6333333333333333,0.7,0.6333333333333333,0.5666666666666667,0.4813246250152588,0.020829296112060545
0.3,1,0.001,0.9,20,0.5433333333333332,0.13232955494186138,638,0.35,0.45,0.7166666666666667,0.55,0.65,0.4945523738861084,0.02072281837463379
0.3,1,0.001,0.9,50,0.5966666666666667,0.13266499161421597,477,0.5333333333333333,0.43333333333333335,0.6166666666666667,0.5666666666666667,0.8333333333333333,0.5121140003204345,0.02053999900817871
0.3,1,0.00359381,0.1,5,0.5633333333333334,0.04988876515698589,575,0.6166666666666667,0.55,0.6166666666666667,0.55,0.48333333333333334,0.4750052928924561,0.02065114974975586
0.3,1,0.00359381,0.1,10,0.6299999999999999,0.04268749491621898,380,0.6166666666666667,0.6333333333333333,0.7,0.6333333333333333,0.5666666666666667,0.48198556900024414,0.021109867095947265
0.3,1,0.00359381,0.1,20,0.5433333333333332,0.13232955494186138,638,0.35,0.45,0.7166666666666667,0.55,0.65,0.4948130130767822,0.020966386795043944
0.3,1,0.00359381,0.1,50,0.5966666666666667,0.13266499161421597,477,0.5333333333333333,0.43333333333333335,0.6166666666666667,0.5666666666666667,0.8333333333333333,0.5122185707092285,0.020842885971069335
0.3,1,0.00359381,0.3,5,0.5633333333333334,0.04988876515698589,575,0.6166666666666667,0.55,0.6166666666666667,0.55,0.48333333333333334,0.4771597385406494,0.020966053009033203
0.3,1,0.00359381,0.3,10,0.6299999999999999,0.04268749491621898,380,0.6166666666666667,0.6333333333333333,0.7,0.6333333333333333,0.5666666666666667,0.4827249050140381,0.0208737850189209
0.3,1,0.00359381,0.3,20,0.5433333333333332,0.13232955494186138,638,0.35,0.45,0.7166666666666667,0.55,0.65,0.4989208221435547,0.02078843116760254
0.3,1,0.00359381,0.3,50,0.5966666666666667,0.13266499161421597,477,0.5333333333333333,0.43333333333333335,0.6166666666666667,0.5666666666666667,0.8333333333333333,0.5135168552398681,0.02085428237915039
0.3,1,0.00359381,0.5,5,0.5633333333333334,0.04988876515698589,575,0.6166666666666667,0.55,0.6166666666666667,0.55,0.48333333333333334,0.4754344463348389,0.02071976661682129
0.3,1,0.00359381,0.5,10,0.6299999999999999,0.04268749491621898,380,0.6166666666666667,0.6333333333333333,0.7,0.6333333333333333,0.5666666666666667,0.48544983863830565,0.020700883865356446
0.3,1,0.00359381,0.5,20,0.5433333333333332,0.13232955494186138,638,0.35,0.45,0.7166666666666667,0.55,0.65,0.4941835880279541,0.0209348201751709
0.3,1,0.00359381,0.5,50,0.5966666666666667,0.13266499161421597,477,0.5333333333333333,0.43333333333333335,0.6166666666666667,0.5666666666666667,0.8333333333333333,0.5116077899932862,0.02070021629333496
0.3,1,0.00359381,0.7,5,0.5633333333333334,0.04988876515698589,575,0.6166666666666667,0.55,0.6166666666666667,0.55,0.48333333333333334,0.47546072006225587,0.02072000503540039
0.3,1,0.00359381,0.7,10,0.6299999999999999,0.04268749491621898,380,0.6166666666666667,0.6333333333333333,0.7,0.6333333333333333,0.5666666666666667,0.48259449005126953,0.020732641220092773
0.3,1,0.00359381,0.7,20,0.5433333333333332,0.13232955494186138,638,0.35,0.45,0.7166666666666667,0.55,0.65,0.49372572898864747,0.020752906799316406
0.3,1,0.00359381,0.7,50,0.5966666666666667,0.13266499161421597,477,0.5333333333333333,0.43333333333333335,0.6166666666666667,0.5666666666666667,0.8333333333333333,0.5106812000274659,0.020860671997070312
0.3,1,0.00359381,0.9,5,0.5633333333333334,0.04988876515698589,575,0.6166666666666667,0.55,0.6166666666666667,0.55,0.48333333333333334,0.47543535232543943,0.020725774765014648
0.3,1,0.00359381,0.9,10,0.6299999999999999,0.04268749491621898,380,0.6166666666666667,0.6333333333333333,0.7,0.6333333333333333,0.5666666666666667,0.48183646202087405,0.021195077896118165
0.3,1,0.00359381,0.9,20,0.5433333333333332,0.13232955494186138,638,0.35,0.45,0.7166666666666667,0.55,0.65,0.49555253982543945,0.020980072021484376
0.3,1,0.00359381,0.9,50,0.5966666666666667,0.13266499161421597,477,0.5333333333333333,0.43333333333333335,0.6166666666666667,0.5666666666666667,0.8333333333333333,0.511454439163208,0.02078900337219238
0.3,1,0.0129155,0.1,5,0.5633333333333332,0.23767391293301182,591,0.2,0.8166666666666667,0.7,0.3666666666666667,0.7333333333333334,0.49092807769775393,0.020711660385131836
0.3,1,0.0129155,0.1,10,0.6966666666666667,0.154344492037203,213,0.4666666666666667,0.65,0.9,0.6333333333333333,0.8333333333333333,0.4896871566772461,0.02063617706298828
0.3,1,0.0129155,0.1,20,0.6933333333333334,0.1364632632697248,223,0.45,0.65,0.8166666666666667,0.8166666666666667,0.7333333333333334,0.4981405258178711,0.02064647674560547
0.3,1,0.0129155,0.1,50,0.7066666666666667,0.15832456116050558,200,0.45,0.65,0.8166666666666667,0.7,0.9166666666666667,0.5156807422637939,0.02075672149658203
0.3,1,0.0129155,0.3,5,0.5633333333333334,0.04988876515698589,575,0.6166666666666667,0.55,0.6166666666666667,0.55,0.48333333333333334,0.476917028427124,0.02067418098449707
0.3,1,0.0129155,0.3,10,0.6299999999999999,0.04268749491621898,380,0.6166666666666667,0.6333333333333333,0.7,0.6333333333333333,0.5666666666666667,0.4818068027496338,0.021105289459228516
0.3,1,0.0129155,0.3,20,0.5433333333333332,0.13232955494186138,638,0.35,0.45,0.7166666666666667,0.55,0.65,0.4956202030181885,0.020650243759155272
0.3,1,0.0129155,0.3,50,0.5966666666666667,0.13266499161421597,477,0.5333333333333333,0.43333333333333335,0.6166666666666667,0.5666666666666667,0.8333333333333333,0.513905668258667,0.020792722702026367
0.3,1,0.0129155,0.5,5,0.5633333333333334,0.04988876515698589,575,0.6166666666666667,0.55,0.6166666666666667,0.55,0.48333333333333334,0.476025390625,0.020655202865600585
0.3,1,0.0129155,0.5,10,0.6299999999999999,0.04268749491621898,380,0.6166666666666667,0.6333333333333333,0.7,0.6333333333333333,0.5666666666666667,0.481749963760376,0.021056365966796876
0.3,1,0.0129155,0.5,20,0.5433333333333332,0.13232955494186138,638,0.35,0.45,0.7166666666666667,0.55,0.65,0.4965353488922119,0.020805835723876953
0.3,1,0.0129155,0.5,50,0.5966666666666667,0.13266499161421597,477,0.5333333333333333,0.43333333333333335,0.6166666666666667,0.5666666666666667,0.8333333333333333,0.5165775775909424,0.020966768264770508
0.3,1,0.0129155,0.7,5,0.5633333333333334,0.04988876515698589,575,0.6166666666666667,0.55,0.6166666666666667,0.55,0.48333333333333334,0.4759037017822266,0.02085537910461426
0.3,1,0.0129155,0.7,10,0.6299999999999999,0.04268749491621898,380,0.6166666666666667,0.6333333333333333,0.7,0.6333333333333333,0.5666666666666667,0.48188080787658694,0.020713996887207032
0.3,1,0.0129155,0.7,20,0.5433333333333332,0.13232955494186138,638,0.35,0.45,0.7166666666666667,0.55,0.65,0.49611678123474123,0.02092609405517578
0.3,1,0.0129155,0.7,50,0.5966666666666667,0.13266499161421597,477,0.5333333333333333,0.43333333333333335,0.6166666666666667,0.5666666666666667,0.8333333333333333,0.5125127792358398,0.02086324691772461
0.3,1,0.0129155,0.9,5,0.5633333333333334,0.04988876515698589,575,0.6166666666666667,0.55,0.6166666666666667,0.55,0.48333333333333334,0.47570600509643557,0.02066812515258789
0.3,1,0.0129155,0.9,10,0.6299999999999999,0.04268749491621898,380,0.6166666666666667,0.6333333333333333,0.7,0.6333333333333333,0.5666666666666667,0.48191585540771487,0.02093205451965332
0.3,1,0.0129155,0.9,20,0.5433333333333332,0.13232955494186138,638,0.35,0.45,0.7166666666666667,0.55,0.65,0.49866271018981934,0.02072281837463379
0.3,1,0.0129155,0.9,50,0.5966666666666667,0.13266499161421597,477,0.5333333333333333,0.43333333333333335,0.6166666666666667,0.5666666666666667,0.8333333333333333,0.510414981842041,0.02082400321960449
0.3,1,0.0464159,0.1,5,0.62,0.22221111083331943,430,0.2833333333333333,0.75,0.9,0.45,0.7166666666666667,0.4936490058898926,0.02072010040283203
0.3,1,0.0464159,0.1,10,0.6566666666666666,0.15260697523012798,324,0.4666666666666667,0.65,0.9,0.5333333333333333,0.7333333333333334,0.49890975952148436,0.02061600685119629
0.3,1,0.0464159,0.1,20,0.6933333333333334,0.14476033833738974,223,0.55,0.5666666666666667,0.9,0.6166666666666667,0.8333333333333333,0.5060280799865723,0.020673370361328124
0.3,1,0.0464159,0.1,50,0.71,0.1254325848148452,191,0.55,0.75,0.7166666666666667,0.6166666666666667,0.9166666666666667,0.5220699787139893,0.020563602447509766
0.3,1,0.0464159,0.3,5,0.5866666666666667,0.174928556845359,513,0.4,0.8166666666666667,0.7,0.3666666666666667,0.65,0.4965235710144043,0.02161436080932617
0.3,1,0.0464159,0.3,10,0.64,0.22818121453499776,360,0.3666666666666667,0.5666666666666667,0.9,0.45,0.9166666666666667,0.500530195236206,0.020844173431396485
0.3,1,0.0464159,0.3,20,0.67,0.14734690736866896,294,0.45,0.65,0.9,0.6166666666666667,0.7333333333333334,0.5068294048309326,0.020764923095703124
0.3,1,0.0464159,0.3,50,0.6900000000000001,0.20346989949375807,239,0.3666666666666667,0.65,0.9,0.6166666666666667,0.9166666666666667,0.5262078285217285,0.020901966094970702
0.3,1,0.0464159,0.5,5,0.66,0.06548960901462836,311,0.5666666666666667,0.65,0.7333333333333334,0.6166666666666667,0.7333333333333334,0.4915148735046387,0.02065563201904297
0.3,1,0.0464159,0.5,10,0.6966666666666667,0.138001610296563,213,0.4666666666666667,0.75,0.8166666666666667,0.6166666666666667,0.8333333333333333,0.49763922691345214,0.020758056640625
0.3,1,0.0464159,0.5,20,0.6533333333333333,0.16977108770995789,340,0.3666666666666667,0.65,0.8166666666666667,0.6,0.8333333333333333,0.5114340782165527,0.021245813369750975
0.3,1,0.0464159,0.5,50,0.7266666666666668,0.09752492558885194,146,0.55,0.7333333333333334,0.8166666666666667,0.7166666666666667,0.8166666666666667,0.5256166458129883,0.020621299743652344
0.3,1,0.0464159,0.7,5,0.5633333333333334,0.04988876515698589,575,0.6166666666666667,0.55,0.6166666666666667,0.55,0.48333333333333334,0.47708792686462403,0.02086796760559082
0.3,1,0.0464159,0.7,10,0.6299999999999999,0.04268749491621898,380,0.6166666666666667,0.6333333333333333,0.7,0.6333333333333333,0.5666666666666667,0.48360519409179686,0.020726490020751952
0.3,1,0.0464159,0.7,20,0.5433333333333332,0.13232955494186138,638,0.35,0.45,0.7166666666666667,0.55,0.65,0.49538359642028806,0.021017074584960938
0.3,1,0.0464159,0.7,50,0.5966666666666667,0.13266499161421597,477,0.5333333333333333,0.43333333333333335,0.6166666666666667,0.5666666666666667,0.8333333333333333,0.5115894794464111,0.020856857299804688
0.3,1,0.0464159,0.9,5,0.5633333333333334,0.04988876515698589,575,0.6166666666666667,0.55,0.6166666666666667,0.55,0.48333333333333334,0.4739931583404541,0.020693445205688478
0.3,1,0.0464159,0.9,10,0.6299999999999999,0.04268749491621898,380,0.6166666666666667,0.6333333333333333,0.7,0.6333333333333333,0.5666666666666667,0.48029065132141113,0.021050214767456055
0.3,1,0.0464159,0.9,20,0.5433333333333332,0.13232955494186138,638,0.35,0.45,0.7166666666666667,0.55,0.65,0.4949212551116943,0.020989751815795897
0.3,1,0.0464159,0.9,50,0.5966666666666667,0.13266499161421597,477,0.5333333333333333,0.43333333333333335,0.6166666666666667,0.5666666666666667,0.8333333333333333,0.5109507083892822,0.02089543342590332
0.3,1,0.16681,0.1,5,0.6033333333333333,0.20693530926891676,463,0.2833333333333333,0.6666666666666666,0.8,0.45,0.8166666666666667,0.5243176460266114,0.020925092697143554
0.3,1,0.16681,0.1,10,0.7266666666666668,0.189326290948839,146,0.3666666666666667,0.8333333333333333,0.9,0.7166666666666667,0.8166666666666667,0.5300961017608643,0.020779943466186522
0.3,1,0.16681,0.1,20,0.7100000000000001,0.12046207333061766,188,0.55,0.75,0.9,0.6166666666666667,0.7333333333333334,0.5339230537414551,0.02076544761657715
0.3,1,0.16681,0.1,50,0.7466666666666667,0.11274356350191843,102,0.65,0.8333333333333333,0.7166666666666667,0.6166666666666667,0.9166666666666667,0.5512288570404053,0.020819854736328126
0.3,1,0.16681,0.3,5,0.6333333333333334,0.20357908646136624,377,0.2833333333333333,0.8333333333333333,0.8,0.5333333333333333,0.7166666666666667,0.5254651546478272,0.020832633972167967
0.3,1,0.16681,0.3,10,0.6599999999999999,0.16686654681045102,313,0.4666666666666667,0.75,0.8,0.45,0.8333333333333333,0.5330224514007569,0.02085247039794922
0.3,1,0.16681,0.3,20,0.7066666666666668,0.08339997335464536,199,0.55,0.7333333333333334,0.8,0.7166666666666667,0.7333333333333334,0.5406237602233886,0.02078080177307129
0.3,1,0.16681,0.3,50,0.7666666666666668,0.12560962454277846,50,0.55,0.8333333333333333,0.7166666666666667,0.8166666666666667,0.9166666666666667,0.5612892150878906,0.02079315185546875
0.3,1,0.16681,0.5,5,0.6233333333333333,0.23701851779508235,417,0.2,0.8333333333333333,0.8166666666666667,0.5333333333333333,0.7333333333333334,0.5348196029663086,0.020812177658081056
0.3,1,0.16681,0.5,10,0.6933333333333331,0.15972198067614585,237,0.4666666666666667,0.8333333333333333,0.8,0.5333333333333333,0.8333333333333333,0.5415842056274414,0.020953273773193358
0.3,1,0.16681,0.5,20,0.74,0.10883218478209672,129,0.7333333333333334,0.65,0.9,0.6,0.8166666666666667,0.5465545654296875,0.02083420753479004
0.3,1,0.16681,0.5,50,0.7766666666666667,0.11234866364235148,44,0.6333333333333333,0.7333333333333334,0.9,0.7,0.9166666666666667,0.5721201419830322,0.02067713737487793
0.3,1,0.16681,0.7,5,0.5866666666666667,0.21380156947766102,513,0.2,0.75,0.8,0.5333333333333333,0.65,0.530351972579956,0.020944643020629882
0.3,1,0.16681,0.7,10,0.6766666666666667,0.20992061991778382,257,0.3666666666666667,0.65,0.9,0.55,0.9166666666666667,0.5364638328552246,0.02093925476074219
0.3,1,0.16681,0.7,20,0.6766666666666665,0.18666666666666665,263,0.3666666666666667,0.6666666666666666,0.9,0.6166666666666667,0.8333333333333333,0.5419505596160888,0.02067880630493164
0.3,1,0.16681,0.7,50,0.6733333333333335,0.1730767331432956,270,0.45,0.65,0.8166666666666667,0.5333333333333333,0.9166666666666667,0.5610013961791992,0.020522642135620116
0.3,1,0.16681,0.9,5,0.6399999999999999,0.12587471725666138,364,0.4666666666666667,0.75,0.8,0.5333333333333333,0.65,0.5304238319396972,0.020772790908813475
0.3,1,0.16681,0.9,10,0.6599999999999999,0.17307673314329558,313,0.4666666666666667,0.5666666666666667,0.9,0.5333333333333333,0.8333333333333333,0.5342423915863037,0.020884132385253905
0.3,1,0.16681,0.9,20,0.6733333333333333,0.17782638224465522,281,0.3666666666666667,0.75,0.9,0.6166666666666667,0.7333333333333334,0.5426303386688233,0.02085723876953125
0.3,1,0.16681,0.9,50,0.6566666666666666,0.17146428199482247,324,0.3833333333333333,0.7333333333333334,0.8166666666666667,0.5333333333333333,0.8166666666666667,0.5615818977355957,0.020705366134643556
0.3,1,0.599484,0.1,5,0.5866666666666667,0.13999999999999999,513,0.45,0.6666666666666666,0.55,0.45,0.8166666666666667,0.5936312198638916,0.020735931396484376
0.3,1,0.599484,0.1,10,0.6533333333333333,0.17713773674115227,340,0.3666666666666667,0.8333333333333333,0.8,0.5333333333333333,0.7333333333333334,0.5992531299591064,0.02087268829345703
0.3,1,0.599484,0.1,20,0.6133333333333333,0.12970050972229147,441,0.3666666666666667,0.65,0.7,0.6166666666666667,0.7333333333333334,0.6060103416442871,0.02069230079650879
0.3,1,0.599484,0.1,50,0.7266666666666668,0.11623730516108463,146,0.55,0.7333333333333334,0.7166666666666667,0.7166666666666667,0.9166666666666667,0.6197618961334228,0.020778417587280273
0.3,1,0.599484,0.3,5,0.5700000000000001,0.20612833111653744,557,0.2833333333333333,0.6666666666666666,0.8,0.3666666666666667,0.7333333333333334,0.6114227294921875,0.02085728645324707
0.3,1,0.599484,0.3,10,0.6766666666666665,0.1477986618493024,263,0.4666666666666667,0.75,0.8166666666666667,0.5333333333333333,0.8166666666666667,0.6167295932769775,0.02074594497680664
0.3,1,0.599484,0.3,20,0.7100000000000001,0.1030641655582687,188,0.5666666666666667,0.8333333333333333,0.8,0.6166666666666667,0.7333333333333334,0.6222373962402343,0.020786619186401366
0.3,1,0.599484,0.3,50,0.7466666666666667,0.1240071682515885,102,0.55,0.8333333333333333,0.7166666666666667,0.7166666666666667,0.9166666666666667,0.6376552581787109,0.020717382431030273
0.3,1,0.599484,0.5,5,0.6,0.13457752825457567,474,0.3666666666666667,0.6666666666666666,0.7166666666666667,0.5333333333333333,0.7166666666666667,0.6268653392791748,0.020951128005981444
0.3,1,0.599484,0.5,10,0.6566666666666666,0.13316656236958788,324,0.4666666666666667,0.7333333333333334,0.8166666666666667,0.5333333333333333,0.7333333333333334,0.6309624671936035,0.021835470199584962
0.3,1,0.599484,0.5,20,0.6766666666666666,0.08273115763993906,261,0.5666666666666667,0.6666666666666666,0.8,0.6166666666666667,0.7333333333333334,0.6364344596862793,0.02061605453491211
0.3,1,0.599484,0.5,50,0.76,0.12587471725666138,85,0.55,0.9166666666666667,0.8,0.7,0.8333333333333333,0.6557649135589599,0.02070164680480957
0.3,1,0.599484,0.7,5,0.6699999999999999,0.14544949486180953,295,0.4666666666666667,0.8333333333333333,0.8,0.5333333333333333,0.7166666666666667,0.656181001663208,0.02106642723083496
0.3,1,0.599484,0.7,10,0.6633333333333333,0.1630950643030009,308,0.48333333333333334,0.75,0.8,0.45,0.8333333333333333,0.669028377532959,0.0209810733795166
0.3,1,0.599484,0.7,20,0.71,0.07859884081701066,191,0.5666666666666667,0.75,0.8,0.7,0.7333333333333334,0.6644538402557373,0.02097773551940918
0.3,1,0.599484,0.7,50,0.78,0.13759844960366863,43,0.55,0.9166666666666667,0.7166666666666667,0.8,0.9166666666666667,0.6823812961578369,0.020802783966064452
0.3,1,0.599484,0.9,5,0.6900000000000001,0.12543258481484518,239,0.55,0.8333333333333333,0.8,0.5333333333333333,0.7333333333333334,0.6788156509399415,0.021085500717163086
0.3,1,0.599484,0.9,10,0.7133333333333333,0.12970050972229144,170,0.4666666666666667,0.75,0.8,0.7166666666666667,0.8333333333333333,0.6833372116088867,0.020879077911376952
0.3,1,0.599484,0.9,20,0.6366666666666667,0.1185092588975412,366,0.5666666666666667,0.4666666666666667,0.8,0.6166666666666667,0.7333333333333334,0.6914451599121094,0.0206911563873291
0.3,1,0.599484,0.9,50,0.7300000000000001,0.12754084313139327,133,0.55,0.65,0.8166666666666667,0.7166666666666667,0.9166666666666667,0.7079950332641601,0.020793867111206055
0.3,1,2.15443,0.1,5,0.6366666666666666,0.1987181141438517,373,0.35,0.8333333333333333,0.8166666666666667,0.45,0.7333333333333334,0.7069849491119384,0.02069058418273926
0.3,1,2.15443,0.1,10,0.5333333333333333,0.17543596489254357,672,0.3666666666666667,0.65,0.6333333333333333,0.2833333333333333,0.7333333333333334,0.7087913513183594,0.02073221206665039
0.3,1,2.15443,0.1,20,0.5766666666666667,0.11907047399661169,553,0.3666666666666667,0.5666666666666667,0.6,0.6166666666666667,0.7333333333333334,0.7174607753753662,0.020791053771972656
0.3,1,2.15443,0.1,50,0.7233333333333334,0.15369522511198005,162,0.45,0.7333333333333334,0.7166666666666667,0.8,0.9166666666666667,0.7287260055541992,0.02095332145690918
0.3,1,2.15443,0.3,5,0.5900000000000001,0.11766241729815194,494,0.45,0.6666666666666666,0.65,0.45,0.7333333333333334,0.7556753158569336,0.020854806900024413
0.3,1,2.15443,0.3,10,0.6566666666666666,0.14321700705960558,324,0.4666666666666667,0.65,0.8166666666666667,0.5333333333333333,0.8166666666666667,0.7605678558349609,0.020865535736083983
0.3,1,2.15443,0.3,20,0.6533333333333333,0.10402991022884822,340,0.4666666666666667,0.75,0.7,0.6166666666666667,0.7333333333333334,0.7663880348205566,0.020710229873657227
0.3,1,2.15443,0.3,50,0.7066666666666667,0.14892205269125788,200,0.45,0.7333333333333334,0.7166666666666667,0.7166666666666667,0.9166666666666667,0.7800134658813477,0.020721435546875
0.3,1,2.15443,0.5,5,0.5866666666666667,0.14959203781544583,513,0.45,0.6666666666666666,0.7166666666666667,0.3666666666666667,0.7333333333333334,0.8075952529907227,0.020859384536743165
0.3,1,2.15443,0.5,10,0.6566666666666666,0.17845011752432233,324,0.3666666666666667,0.65,0.9166666666666667,0.6166666666666667,0.7333333333333334,0.7941859245300293,0.02082195281982422
0.3,1,2.15443,0.5,20,0.7466666666666667,0.09568466729604884,102,0.5666666666666667,0.8333333333333333,0.8,0.8,0.7333333333333334,0.8001699924468995,0.020952367782592775
0.3,1,2.15443,0.5,50,0.7433333333333334,0.1195361405136074,116,0.55,0.7333333333333334,0.8,0.7166666666666667,0.9166666666666667,0.8185244083404541,0.02082171440124512
0.3,1,2.15443,0.7,5,0.5833333333333334,0.1831817555204545,526,0.3666666666666667,0.65,0.8,0.3666666666666667,0.7333333333333334,0.8382823944091797,0.020970582962036133
0.3,1,2.15443,0.7,10,0.6966666666666667,0.17204650534085256,213,0.4666666666666667,0.8333333333333333,0.9166666666666667,0.5333333333333333,0.7333333333333334,0.8443362712860107,0.020728397369384765
0.3,1,2.15443,0.7,20,0.7333333333333334,0.09249624617007739,131,0.5666666666666667,0.75,0.8,0.7166666666666667,0.8333333333333333,0.8491559505462647,0.02077946662902832
0.3,1,2.15443,0.7,50,0.7833333333333332,0.06749485577105527,42,0.65,0.8166666666666667,0.8,0.8166666666666667,0.8333333333333333,0.8646553039550782,0.020821046829223634
0.3,1,2.15443,0.9,5,0.6066666666666667,0.23513589451397868,452,0.26666666666666666,0.7333333333333334,0.9,0.4,0.7333333333333334,0.8824357032775879,0.021000242233276366
0.3,1,2.15443,0.9,10,0.6966666666666668,0.14959203781544586,211,0.4666666666666667,0.75,0.9166666666666667,0.6166666666666667,0.7333333333333334,0.888218355178833,0.020865774154663085
0.3,1,2.15443,0.9,20,0.6966666666666667,0.12666666666666668,213,0.4666666666666667,0.6666666666666666,0.8,0.8166666666666667,0.7333333333333334,0.8941027641296386,0.021014404296875
0.3,1,2.15443,0.9,50,0.7833333333333334,0.09249624617007739,34,0.65,0.9166666666666667,0.7166666666666667,0.8,0.8333333333333333,0.9077237606048584,0.020735788345336913
0.3,1,7.74264,0.1,5,0.49333333333333335,0.14666666666666667,788,0.35,0.55,0.45,0.3666666666666667,0.75,0.7616047382354736,0.021091651916503907
0.3,1,7.74264,0.1,10,0.5833333333333334,0.17094508539944112,526,0.45,0.55,0.7166666666666667,0.3666666666666667,0.8333333333333333,0.7665785789489746,0.020760583877563476
0.3,1,7.74264,0.1,20,0.6933333333333334,0.20237478982214055,223,0.3666666666666667,0.65,0.9,0.6333333333333333,0.9166666666666667,0.7721860885620118,0.020981025695800782
0.3,1,7.74264,0.1,50,0.7666666666666668,0.12560962454277846,50,0.55,0.8333333333333333,0.7166666666666667,0.8166666666666667,0.9166666666666667,0.7948925971984864,0.020752620697021485
0.3,1,7.74264,0.3,5,0.62,0.18451136670797397,430,0.35,0.75,0.8166666666666667,0.45,0.7333333333333334,0.9488718032836914,0.020780086517333984
0.3,1,7.74264,0.3,10,0.6033333333333333,0.23103631268217942,463,0.3666666666666667,0.8333333333333333,0.8,0.2833333333333333,0.7333333333333334,0.9532021522521973,0.020752763748168944
0.3,1,7.74264,0.3,20,0.6266666666666667,0.15224249662225647,412,0.3666666666666667,0.7333333333333334,0.6,0.6166666666666667,0.8166666666666667,0.9589637279510498,0.02064967155456543
0.3,1,7.74264,0.3,50,0.7433333333333334,0.09104333522498444,116,0.65,0.7333333333333334,0.7166666666666667,0.7,0.9166666666666667,0.9767333030700683,0.020743799209594727
0.3,1,7.74264,0.5,5,0.55,0.15951314818673865,616,0.45,0.75,0.3666666666666667,0.45,0.7333333333333334,0.9873991489410401,0.021008062362670898
0.3,1,7.74264,0.5,10,0.6533333333333333,0.17365355036841473,340,0.3666666666666667,0.65,0.9,0.6166666666666667,0.7333333333333334,0.9917922496795655,0.021018266677856445
0.3,1,7.74264,0.5,20,0.6733333333333333,0.0703957069398096,281,0.5666666666666667,0.75,0.7,0.6166666666666667,0.7333333333333334,1.0005257606506348,0.02058444023132324
0.3,1,7.74264,0.5,50,0.7066666666666667,0.16384274303259344,200,0.45,0.8333333333333333,0.7166666666666667,0.6166666666666667,0.9166666666666667,1.0141457557678222,0.02067537307739258
0.3,1,7.74264,0.7,5,0.5900000000000001,0.15260697523012798,494,0.3666666666666667,0.6666666666666666,0.7333333333333334,0.45,0.7333333333333334,1.0476009368896484,0.020699834823608397
0.3,1,7.74264,0.7,10,0.64,0.18517259216441534,360,0.3666666666666667,0.65,0.9166666666666667,0.5333333333333333,0.7333333333333334,1.0435566902160645,0.020667362213134765
0.3,1,7.74264,0.7,20,0.7133333333333333,0.11897712198383167,170,0.5666666666666667,0.75,0.7,0.6333333333333333,0.9166666666666667,1.0495030879974365,0.02221837043762207
0.3,1,7.74264,0.7,50,0.6866666666666668,0.1528979325490629,252,0.45,0.7333333333333334,0.7166666666666667,0.6166666666666667,0.9166666666666667,1.0626464366912842,0.020849323272705077
0.3,1,7.74264,0.9,5,0.5733333333333334,0.14007934259633795,554,0.45,0.6666666666666666,0.65,0.3666666666666667,0.7333333333333334,1.0803466320037842,0.020783519744873045
0.3,1,7.74264,0.9,10,0.6599999999999999,0.19049642749639398,313,0.3666666666666667,0.75,0.9166666666666667,0.5333333333333333,0.7333333333333334,1.0818880558013917,0.020819473266601562
0.3,1,7.74264,0.9,20,0.7466666666666667,0.09854496999396321,102,0.5666666666666667,0.8333333333333333,0.8,0.7166666666666667,0.8166666666666667,1.0905471324920655,0.020788288116455077
0.3,1,7.74264,0.9,50,0.7633333333333334,0.12174654911833116,73,0.55,0.7333333333333334,0.8,0.8166666666666667,0.9166666666666667,1.106825065612793,0.020724964141845704
0.3,1,27.8256,0.1,5,0.49000000000000005,0.14087031072743628,789,0.35,0.55,0.45,0.3666666666666667,0.7333333333333334,0.7719723224639893,0.0211489200592041
0.3,1,27.8256,0.1,10,0.5299999999999999,0.18779421361337695,707,0.45,0.45,0.6333333333333333,0.2833333333333333,0.8333333333333333,0.7803164958953858,0.02070937156677246
0.3,1,27.8256,0.1,20,0.7266666666666668,0.127627931460511,146,0.55,0.7333333333333334,0.8,0.6333333333333333,0.9166666666666667,0.7800374031066895,0.020856904983520507
0.3,1,27.8256,0.1,50,0.7433333333333334,0.16819301082057156,116,0.45,0.7333333333333334,0.7166666666666667,0.9,0.9166666666666667,0.7986444473266602,0.020726966857910156
0.3,1,27.8256,0.3,5,0.49000000000000005,0.14087031072743628,789,0.35,0.55,0.45,0.3666666666666667,0.7333333333333334,0.9014427661895752,0.021006155014038085
0.3,1,27.8256,0.3,10,0.5833333333333334,0.17094508539944112,526,0.45,0.55,0.7166666666666667,0.3666666666666667,0.8333333333333333,0.9076543807983398,0.020788812637329103
0.3,1,27.8256,0.3,20,0.6700000000000002,0.14583095236151575,289,0.4666666666666667,0.65,0.7,0.6166666666666667,0.9166666666666667,0.9111041069030762,0.020870018005371093
0.3,1,27.8256,0.3,50,0.7633333333333333,0.13474255287605158,78,0.55,0.7333333333333334,0.7166666666666667,0.9,0.9166666666666667,0.9282257080078125,0.020827436447143556
0.3,1,27.8256,0.5,5,0.5066666666666667,0.18517259216441537,785,0.35,0.7333333333333334,0.35,0.3666666666666667,0.7333333333333334,1.0301229000091552,0.020897960662841795
0.3,1,27.8256,0.5,10,0.5133333333333333,0.15107025591499545,734,0.3666666666666667,0.65,0.45,0.3666666666666667,0.7333333333333334,1.0372986316680908,0.02074565887451172
0.3,1,27.8256,0.5,20,0.6133333333333333,0.1554205763583302,441,0.3666666666666667,0.55,0.7,0.6166666666666667,0.8333333333333333,1.0422069549560546,0.020793962478637695
0.3,1,27.8256,0.5,50,0.7633333333333334,0.09030811456096045,73,0.65,0.7333333333333334,0.7166666666666667,0.8,0.9166666666666667,1.0571666717529298,0.020654869079589844
0.3,1,27.8256,0.7,5,0.62,0.18451136670797397,430,0.35,0.75,0.8166666666666667,0.45,0.7333333333333334,1.1576199054718017,0.020887136459350586
0.3,1,27.8256,0.7,10,0.5133333333333334,0.18720161442798633,730,0.3666666666666667,0.7333333333333334,0.45,0.2833333333333333,0.7333333333333334,1.1660995006561279,0.02090034484863281
0.3,1,27.8256,0.7,20,0.6699999999999999,0.14313940369055922,295,0.4666666666666667,0.8333333333333333,0.6,0.6166666666666667,0.8333333333333333,1.1696852207183839,0.0209195613861084
0.3,1,27.8256,0.7,50,0.7833333333333334,0.13621877827801698,34,0.55,0.8333333333333333,0.7166666666666667,0.9,0.9166666666666667,1.1869322776794433,0.02084627151489258
0.3,1,27.8256,0.9,5,0.6233333333333333,0.1796910929592474,417,0.3666666666666667,0.75,0.8166666666666667,0.45,0.7333333333333334,1.185113286972046,0.020855283737182616
0.3,1,27.8256,0.9,10,0.5133333333333334,0.1664665465224503,730,0.3666666666666667,0.55,0.6333333333333333,0.2833333333333333,0.7333333333333334,1.1849396705627442,0.02092008590698242
0.3,1,27.8256,0.9,20,0.6466666666666667,0.15613384571507155,351,0.3666666666666667,0.7333333333333334,0.6,0.7166666666666667,0.8166666666666667,1.1918187141418457,0.020742464065551757
0.3,1,27.8256,0.9,50,0.8033333333333333,0.10402991022884824,10,0.65,0.8333333333333333,0.7166666666666667,0.9,0.9166666666666667,1.2054755687713623,0.020792245864868164
0.3,1,100.0,0.1,5,0.49000000000000005,0.14087031072743628,789,0.35,0.55,0.45,0.3666666666666667,0.7333333333333334,0.8400883197784423,0.02093367576599121
0.3,1,100.0,0.1,10,0.5666666666666667,0.1609002451486289,568,0.55,0.45,0.6333333333333333,0.3666666666666667,0.8333333333333333,0.8425082683563232,0.020688962936401368
0.3,1,100.0,0.1,20,0.6933333333333334,0.20401524997465806,223,0.55,0.8333333333333333,0.8,0.3666666666666667,0.9166666666666667,0.8489267826080322,0.020735979080200195
0.3,1,100.0,0.1,50,0.7633333333333333,0.13474255287605158,78,0.55,0.7333333333333334,0.7166666666666667,0.9,0.9166666666666667,0.8630733966827393,0.020621299743652344
0.3,1,100.0,0.3,5,0.49000000000000005,0.14087031072743628,789,0.35,0.55,0.45,0.3666666666666667,0.7333333333333334,0.8374038219451905,0.020914030075073243
0.3,1,100.0,0.3,10,0.5299999999999999,0.18779421361337695,707,0.45,0.45,0.6333333333333333,0.2833333333333333,0.8333333333333333,0.8436926364898681,0.0209352970123291
0.3,1,100.0,0.3,20,0.6700000000000002,0.14583095236151575,289,0.4666666666666667,0.65,0.7,0.6166666666666667,0.9166666666666667,0.8476515293121338,0.02067413330078125
0.3,1,100.0,0.3,50,0.7666666666666668,0.12560962454277846,50,0.55,0.8333333333333333,0.7166666666666667,0.8166666666666667,0.9166666666666667,0.863512372970581,0.02070307731628418
0.3,1,100.0,0.5,5,0.49000000000000005,0.14087031072743628,789,0.35,0.55,0.45,0.3666666666666667,0.7333333333333334,0.8655223369598388,0.020947980880737304
0.3,1,100.0,0.5,10,0.5299999999999999,0.18779421361337695,707,0.45,0.45,0.6333333333333333,0.2833333333333333,0.8333333333333333,0.8714656829833984,0.020792293548583984
0.3,1,100.0,0.5,20,0.6866666666666668,0.1396026106091462,252,0.55,0.7333333333333334,0.7,0.5333333333333333,0.9166666666666667,0.8737582206726074,0.02084240913391113
0.3,1,100.0,0.5,50,0.7299999999999999,0.10077477638553979,143,0.55,0.7333333333333334,0.7166666666666667,0.8166666666666667,0.8333333333333333,0.8904877185821534,0.020670223236083984
0.3,1,100.0,0.7,5,0.49000000000000005,0.14087031072743628,789,0.35,0.55,0.45,0.3666666666666667,0.7333333333333334,0.9180103778839112,0.020990991592407228
0.3,1,100.0,0.7,10,0.5666666666666667,0.19379255804998177,568,0.45,0.55,0.7166666666666667,0.2833333333333333,0.8333333333333333,0.9210784435272217,0.020871782302856447
0.3,1,100.0,0.7,20,0.6700000000000002,0.13800161029656302,289,0.65,0.55,0.7,0.5333333333333333,0.9166666666666667,0.9239122867584229,0.020678949356079102
0.3,1,100.0,0.7,50,0.7266666666666668,0.15549205052920803,146,0.45,0.7333333333333334,0.7166666666666667,0.8166666666666667,0.9166666666666667,0.9405364036560059,0.020789957046508788
0.3,1,100.0,0.9,5,0.49000000000000005,0.14087031072743628,789,0.35,0.55,0.45,0.3666666666666667,0.7333333333333334,0.9783082485198975,0.02087574005126953
0.3,1,100.0,0.9,10,0.5666666666666667,0.19379255804998177,568,0.45,0.55,0.7166666666666667,0.2833333333333333,0.8333333333333333,0.9827793598175049,0.020717906951904296
0.3,1,100.0,0.9,20,0.6866666666666668,0.12265579661982734,252,0.5666666666666667,0.6333333333333333,0.7,0.6166666666666667,0.9166666666666667,0.985852861404419,0.020658159255981447
0.3,1,100.0,0.9,50,0.7466666666666667,0.1212893693244017,102,0.55,0.7333333333333334,0.7166666666666667,0.8166666666666667,0.9166666666666667,1.003424072265625,0.020601463317871094
0.3,5,0.001,0.1,5,0.53,0.13055437351710758,674,0.35,0.7,0.5166666666666667,0.43333333333333335,0.65,0.46300740242004396,0.020548677444458006
0.3,5,0.001,0.1,10,0.51,0.10883218478209672,752,0.35,0.6,0.5166666666666667,0.43333333333333335,0.65,0.4648577213287354,0.020574522018432618
0.3,5,0.001,0.1,20,0.53,0.1142122779934121,674,0.35,0.6333333333333333,0.45,0.65,0.5666666666666667,0.4712635040283203,0.02050361633300781
0.3,5,0.001,0.1,50,0.52,0.1462114146630754,714,0.35,0.3333333333333333,0.6166666666666667,0.65,0.65,0.48452248573303225,0.020667076110839844
0.3,5,0.001,0.3,5,0.53,0.13055437351710758,674,0.35,0.7,0.5166666666666667,0.43333333333333335,0.65,0.46821346282958987,0.020623254776000976
0.3,5,0.001,0.3,10,0.51,0.10883218478209672,752,0.35,0.6,0.5166666666666667,0.43333333333333335,0.65,0.4650259494781494,0.020507383346557616
0.3,5,0.001,0.3,20,0.53,0.1142122779934121,674,0.35,0.6333333333333333,0.45,0.65,0.5666666666666667,0.47275547981262206,0.02096562385559082
0.3,5,0.001,0.3,50,0.52,0.1462114146630754,714,0.35,0.3333333333333333,0.6166666666666667,0.65,0.65,0.48352460861206054,0.020380020141601562
0.3,5,0.001,0.5,5,0.53,0.13055437351710758,674,0.35,0.7,0.5166666666666667,0.43333333333333335,0.65,0.46413674354553225,0.02063136100769043
0.3,5,0.001,0.5,10,0.51,0.10883218478209672,752,0.35,0.6,0.5166666666666667,0.43333333333333335,0.65,0.4649340152740479,0.02057170867919922
0.3,5,0.001,0.5,20,0.53,0.1142122779934121,674,0.35,0.6333333333333333,0.45,0.65,0.5666666666666667,0.4709633350372314,0.02052168846130371
0.3,5,0.001,0.5,50,0.52,0.1462114146630754,714,0.35,0.3333333333333333,0.6166666666666667,0.65,0.65,0.48548145294189454,0.02034893035888672
0.3,5,0.001,0.7,5,0.53,0.13055437351710758,674,0.35,0.7,0.5166666666666667,0.43333333333333335,0.65,0.46831202507019043,0.020569229125976564
0.3,5,0.001,0.7,10,0.51,0.10883218478209672,752,0.35,0.6,0.5166666666666667,0.43333333333333335,0.65,0.4685650825500488,0.020737409591674805
0.3,5,0.001,0.7,20,0.53,0.1142122779934121,674,0.35,0.6333333333333333,0.45,0.65,0.5666666666666667,0.4734496593475342,0.020693063735961914
0.3,5,0.001,0.7,50,0.52,0.1462114146630754,714,0.35,0.3333333333333333,0.6166666666666667,0.65,0.65,0.4837529182434082,0.020496320724487305
0.3,5,0.001,0.9,5,0.53,0.13055437351710758,674,0.35,0.7,0.5166666666666667,0.43333333333333335,0.65,0.46666269302368163,0.020531320571899415
0.3,5,0.001,0.9,10,0.51,0.10883218478209672,752,0.35,0.6,0.5166666666666667,0.43333333333333335,0.65,0.4697856903076172,0.020455646514892577
0.3,5,0.001,0.9,20,0.53,0.1142122779934121,674,0.35,0.6333333333333333,0.45,0.65,0.5666666666666667,0.4772644996643066,0.02048640251159668
0.3,5,0.001,0.9,50,0.52,0.1462114146630754,714,0.35,0.3333333333333333,0.6166666666666667,0.65,0.65,0.484157657623291,0.020578479766845702
0.3,5,0.00359381,0.1,5,0.53,0.13055437351710758,674,0.35,0.7,0.5166666666666667,0.43333333333333335,0.65,0.4657890796661377,0.020554876327514647
0.3,5,0.00359381,0.1,10,0.51,0.10883218478209672,752,0.35,0.6,0.5166666666666667,0.43333333333333335,0.65,0.4649799823760986,0.02049875259399414
0.3,5,0.00359381,0.1,20,0.53,0.1142122779934121,674,0.35,0.6333333333333333,0.45,0.65,0.5666666666666667,0.47219023704528806,0.020479106903076173
0.3,5,0.00359381,0.1,50,0.52,0.1462114146630754,714,0.35,0.3333333333333333,0.6166666666666667,0.65,0.65,0.4843019485473633,0.020767879486083985
0.3,5,0.00359381,0.3,5,0.53,0.13055437351710758,674,0.35,0.7,0.5166666666666667,0.43333333333333335,0.65,0.4647030830383301,0.020513200759887697
0.3,5,0.00359381,0.3,10,0.51,0.10883218478209672,752,0.35,0.6,0.5166666666666667,0.43333333333333335,0.65,0.4659763813018799,0.02054452896118164
0.3,5,0.00359381,0.3,20,0.53,0.1142122779934121,674,0.35,0.6333333333333333,0.45,0.65,0.5666666666666667,0.4715536594390869,0.020473146438598634
0.3,5,0.00359381,0.3,50,0.52,0.1462114146630754,714,0.35,0.3333333333333333,0.6166666666666667,0.65,0.65,0.4831146240234375,0.021005868911743164
0.3,5,0.00359381,0.5,5,0.53,0.13055437351710758,674,0.35,0.7,0.5166666666666667,0.43333333333333335,0.65,0.4631792068481445,0.02044830322265625
0.3,5,0.00359381,0.5,10,0.51,0.10883218478209672,752,0.35,0.6,0.5166666666666667,0.43333333333333335,0.65,0.465709924697876,0.02059926986694336
0.3,5,0.00359381,0.5,20,0.53,0.1142122779934121,674,0.35,0.6333333333333333,0.45,0.65,0.5666666666666667,0.47240920066833497,0.02079801559448242
0.3,5,0.00359381,0.5,50,0.52,0.1462114146630754,714,0.35,0.3333333333333333,0.6166666666666667,0.65,0.65,0.48281030654907225,0.02081742286682129
0.3,5,0.00359381,0.7,5,0.53,0.13055437351710758,674,0.35,0.7,0.5166666666666667,0.43333333333333335,0.65,0.46280646324157715,0.02051653861999512
0.3,5,0.00359381,0.7,10,0.51,0.10883218478209672,752,0.35,0.6,0.5166666666666667,0.43333333333333335,0.65,0.46587424278259276,0.020597505569458007
0.3,5,0.00359381,0.7,20,0.53,0.1142122779934121,674,0.35,0.6333333333333333,0.45,0.65,0.5666666666666667,0.4707339286804199,0.020675086975097658
0.3,5,0.00359381,0.7,50,0.52,0.1462114146630754,714,0.35,0.3333333333333333,0.6166666666666667,0.65,0.65,0.48516159057617186,0.020456695556640626
0.3,5,0.00359381,0.9,5,0.53,0.13055437351710758,674,0.35,0.7,0.5166666666666667,0.43333333333333335,0.65,0.4633318901062012,0.02056584358215332
0.3,5,0.00359381,0.9,10,0.51,0.10883218478209672,752,0.35,0.6,0.5166666666666667,0.43333333333333335,0.65,0.4701899528503418,0.021262931823730468
0.3,5,0.00359381,0.9,20,0.53,0.1142122779934121,674,0.35,0.6333333333333333,0.45,0.65,0.5666666666666667,0.4704738140106201,0.02079033851623535
0.3,5,0.00359381,0.9,50,0.52,0.1462114146630754,714,0.35,0.3333333333333333,0.6166666666666667,0.65,0.65,0.4868913173675537,0.0204742431640625
0.3,5,0.0129155,0.1,5,0.5933333333333334,0.18577166390790362,493,0.2833333333333333,0.5166666666666667,0.6333333333333333,0.7,0.8333333333333333,0.4737234115600586,0.02064356803894043
0.3,5,0.0129155,0.1,10,0.6533333333333333,0.18451136670797397,340,0.3666666666666667,0.55,0.7166666666666667,0.7166666666666667,0.9166666666666667,0.4771942138671875,0.020551490783691406
0.3,5,0.0129155,0.1,20,0.7433333333333333,0.1558489297008128,125,0.45,0.8166666666666667,0.8166666666666667,0.9,0.7333333333333334,0.4818905830383301,0.02059645652770996
0.3,5,0.0129155,0.1,50,0.7066666666666667,0.18000000000000002,200,0.35,0.8166666666666667,0.8166666666666667,0.8,0.75,0.49382786750793456,0.020611953735351563
0.3,5,0.0129155,0.3,5,0.53,0.13055437351710758,674,0.35,0.7,0.5166666666666667,0.43333333333333335,0.65,0.46255669593811033,0.020263242721557616
0.3,5,0.0129155,0.3,10,0.51,0.10883218478209672,752,0.35,0.6,0.5166666666666667,0.43333333333333335,0.65,0.4642599582672119,0.020481300354003907
0.3,5,0.0129155,0.3,20,0.53,0.1142122779934121,674,0.35,0.6333333333333333,0.45,0.65,0.5666666666666667,0.47367072105407715,0.020708656311035155
0.3,5,0.0129155,0.3,50,0.52,0.1462114146630754,714,0.35,0.3333333333333333,0.6166666666666667,0.65,0.65,0.48463754653930663,0.02062368392944336
0.3,5,0.0129155,0.5,5,0.53,0.13055437351710758,674,0.35,0.7,0.5166666666666667,0.43333333333333335,0.65,0.46191749572753904,0.020397758483886717
0.3,5,0.0129155,0.5,10,0.51,0.10883218478209672,752,0.35,0.6,0.5166666666666667,0.43333333333333335,0.65,0.4671627998352051,0.02059140205383301
0.3,5,0.0129155,0.5,20,0.53,0.1142122779934121,674,0.35,0.6333333333333333,0.45,0.65,0.5666666666666667,0.47069644927978516,0.0204256534576416
0.3,5,0.0129155,0.5,50,0.52,0.1462114146630754,714,0.35,0.3333333333333333,0.6166666666666667,0.65,0.65,0.4851121425628662,0.020610904693603514
0.3,5,0.0129155,0.7,5,0.53,0.13055437351710758,674,0.35,0.7,0.5166666666666667,0.43333333333333335,0.65,0.46914920806884763,0.02068667411804199
0.3,5,0.0129155,0.7,10,0.51,0.10883218478209672,752,0.35,0.6,0.5166666666666667,0.43333333333333335,0.65,0.46633343696594237,0.02049245834350586
0.3,5,0.0129155,0.7,20,0.53,0.1142122779934121,674,0.35,0.6333333333333333,0.45,0.65,0.5666666666666667,0.47163543701171873,0.02075052261352539
0.3,5,0.0129155,0.7,50,0.52,0.1462114146630754,714,0.35,0.3333333333333333,0.6166666666666667,0.65,0.65,0.48391284942626955,0.020353269577026368
0.3,5,0.0129155,0.9,5,0.53,0.13055437351710758,674,0.35,0.7,0.5166666666666667,0.43333333333333335,0.65,0.4621296405792236,0.020506525039672853
0.3,5,0.0129155,0.9,10,0.51,0.10883218478209672,752,0.35,0.6,0.5166666666666667,0.43333333333333335,0.65,0.46553955078125,0.020540475845336914
0.3,5,0.0129155,0.9,20,0.53,0.1142122779934121,674,0.35,0.6333333333333333,0.45,0.65,0.5666666666666667,0.4717066764831543,0.020773935317993163
0.3,5,0.0129155,0.9,50,0.52,0.1462114146630754,714,0.35,0.3333333333333333,0.6166666666666667,0.65,0.65,0.48444528579711915,0.020650148391723633
0.3,5,0.0464159,0.1,5,0.5433333333333333,0.14779866184930243,637,0.2833333333333333,0.65,0.5333333333333333,0.5333333333333333,0.7166666666666667,0.4837947845458984,0.020628833770751955
0.3,5,0.0464159,0.1,10,0.6933333333333334,0.14854853303438126,223,0.55,0.65,0.9,0.5333333333333333,0.8333333333333333,0.48814711570739744,0.020304393768310548
0.3,5,0.0464159,0.1,20,0.7466666666666667,0.10666666666666665,102,0.55,0.8166666666666667,0.8166666666666667,0.7166666666666667,0.8333333333333333,0.49472761154174805,0.02054877281188965
0.3,5,0.0464159,0.1,50,0.7666666666666666,0.16261747890200623,61,0.45,0.9166666666666667,0.8166666666666667,0.8166666666666667,0.8333333333333333,0.504458999633789,0.02082538604736328
0.3,5,0.0464159,0.3,5,0.6366666666666667,0.10718623460542351,366,0.48333333333333334,0.7166666666666667,0.5333333333333333,0.7,0.75,0.4838475227355957,0.020568656921386718
0.3,5,0.0464159,0.3,10,0.6966666666666667,0.12445436468396309,213,0.55,0.7333333333333334,0.8166666666666667,0.55,0.8333333333333333,0.4886786460876465,0.020289278030395506
0.3,5,0.0464159,0.3,20,0.7633333333333333,0.1596524001977073,78,0.45,0.8166666666666667,0.8166666666666667,0.9,0.8333333333333333,0.4950707912445068,0.02064824104309082
0.3,5,0.0464159,0.3,50,0.7033333333333334,0.19189117286165677,208,0.35,0.8166666666666667,0.7333333333333334,0.7,0.9166666666666667,0.5055720806121826,0.02066659927368164
0.3,5,0.0464159,0.5,5,0.6366666666666667,0.05416025603090643,366,0.5666666666666667,0.6333333333333333,0.6333333333333333,0.6166666666666667,0.7333333333333334,0.4787240982055664,0.020418596267700196
0.3,5,0.0464159,0.5,10,0.6166666666666667,0.10488088481701516,435,0.4666666666666667,0.7166666666666667,0.55,0.6,0.75,0.4837812423706055,0.020948457717895507
0.3,5,0.0464159,0.5,20,0.6699999999999999,0.12578641509408803,295,0.4666666666666667,0.7166666666666667,0.7333333333333334,0.6,0.8333333333333333,0.4885976791381836,0.020520114898681642
0.3,5,0.0464159,0.5,50,0.7033333333333334,0.13224556283251582,208,0.45,0.7166666666666667,0.7333333333333334,0.8,0.8166666666666667,0.49990386962890626,0.020502710342407228
0.3,5,0.0464159,0.7,5,0.53,0.13055437351710758,674,0.35,0.7,0.5166666666666667,0.43333333333333335,0.65,0.4646157741546631,0.020516729354858397
0.3,5,0.0464159,0.7,10,0.51,0.10883218478209672,752,0.35,0.6,0.5166666666666667,0.43333333333333335,0.65,0.4671914100646973,0.020606517791748047
0.3,5,0.0464159,0.7,20,0.53,0.1142122779934121,674,0.35,0.6333333333333333,0.45,0.65,0.5666666666666667,0.47629776000976565,0.02080836296081543
0.3,5,0.0464159,0.7,50,0.52,0.1462114146630754,714,0.35,0.3333333333333333,0.6166666666666667,0.65,0.65,0.48463926315307615,0.02106637954711914
0.3,5,0.0464159,0.9,5,0.53,0.13055437351710758,674,0.35,0.7,0.5166666666666667,0.43333333333333335,0.65,0.46216630935668945,0.020556879043579102
0.3,5,0.0464159,0.9,10,0.51,0.10883218478209672,752,0.35,0.6,0.5166666666666667,0.43333333333333335,0.65,0.4643218517303467,0.02052445411682129
0.3,5,0.0464159,0.9,20,0.53,0.1142122779934121,674,0.35,0.6333333333333333,0.45,0.65,0.5666666666666667,0.4718774795532227,0.02084007263183594
0.3,5,0.0464159,0.9,50,0.52,0.1462114146630754,714,0.35,0.3333333333333333,0.6166666666666667,0.65,0.65,0.48424592018127444,0.02062249183654785
0.3,5,0.16681,0.1,5,0.5833333333333334,0.1552775293180282,526,0.2833333333333333,0.65,0.6166666666666667,0.6333333333333333,0.7333333333333334,0.5126070976257324,0.020617103576660155
0.3,5,0.16681,0.1,10,0.7133333333333333,0.13349989596333858,170,0.55,0.65,0.8166666666666667,0.6333333333333333,0.9166666666666667,0.5154863357543945,0.020457887649536134
0.3,5,0.16681,0.1,20,0.7133333333333333,0.09854496999396319,170,0.65,0.8333333333333333,0.6166666666666667,0.6333333333333333,0.8333333333333333,0.5210433959960937,0.020548248291015626
0.3,5,0.16681,0.1,50,0.7866666666666667,0.09030811456096043,23,0.65,0.8333333333333333,0.7166666666666667,0.9,0.8333333333333333,0.5336395263671875,0.020854616165161134
0.3,5,0.16681,0.3,5,0.6366666666666667,0.18601075237738274,366,0.2833333333333333,0.8166666666666667,0.7333333333333334,0.6333333333333333,0.7166666666666667,0.5161507606506348,0.02067418098449707
0.3,5,0.16681,0.3,10,0.6566666666666666,0.1455258663529538,324,0.55,0.65,0.8,0.45,0.8333333333333333,0.520671272277832,0.020647621154785155
0.3,5,0.16681,0.3,20,0.7699999999999999,0.0694422221866655,45,0.65,0.7333333333333334,0.8166666666666667,0.8166666666666667,0.8333333333333333,0.5255188465118408,0.02048187255859375
0.3,5,0.16681,0.3,50,0.7666666666666666,0.16261747890200623,61,0.45,0.8333333333333333,0.8166666666666667,0.8166666666666667,0.9166666666666667,0.5410884380340576,0.02055492401123047
0.3,5,0.16681,0.5,5,0.6166666666666666,0.1977652929892177,439,0.2833333333333333,0.8166666666666667,0.6166666666666667,0.55,0.8166666666666667,0.5239548206329345,0.020678091049194335
0.3,5,0.16681,0.5,10,0.6733333333333335,0.15040685563571302,270,0.55,0.8166666666666667,0.7166666666666667,0.45,0.8333333333333333,0.5296132087707519,0.020604610443115234
0.3,5,0.16681,0.5,20,0.7433333333333334,0.10780641085864151,116,0.55,0.8166666666666667,0.8166666666666667,0.7,0.8333333333333333,0.5326127052307129,0.020829248428344726
0.3,5,0.16681,0.5,50,0.7433333333333332,0.1470449666674185,128,0.45,0.8166666666666667,0.8166666666666667,0.8,0.8333333333333333,0.5441019058227539,0.020650625228881836
0.3,5,0.16681,0.7,5,0.63,0.18451136670797397,379,0.2833333333333333,0.65,0.8166666666666667,0.65,0.75,0.5203635692596436,0.020770978927612305
0.3,5,0.16681,0.7,10,0.7300000000000001,0.11614167593456229,133,0.55,0.8166666666666667,0.8166666666666667,0.6333333333333333,0.8333333333333333,0.5237303256988526,0.02061324119567871
0.3,5,0.16681,0.7,20,0.7299999999999999,0.138001610296563,143,0.4666666666666667,0.8166666666666667,0.8166666666666667,0.7166666666666667,0.8333333333333333,0.5286072254180908,0.020729637145996092
0.3,5,0.16681,0.7,50,0.6699999999999999,0.17745108872274887,295,0.35,0.8166666666666667,0.7333333333333334,0.6166666666666667,0.8333333333333333,0.5399298191070556,0.02058415412902832
0.3,5,0.16681,0.9,5,0.6666666666666667,0.11832159566199231,303,0.4666666666666667,0.65,0.8166666666666667,0.65,0.75,0.5189031600952149,0.020626115798950195
0.3,5,0.16681,0.9,10,0.7133333333333333,0.14352700094407322,170,0.4666666666666667,0.8166666666666667,0.8166666666666667,0.6333333333333333,0.8333333333333333,0.5235726833343506,0.020721960067749023
0.3,5,0.16681,0.9,20,0.7633333333333333,0.1071862346054235,78,0.55,0.8166666666666667,0.8166666666666667,0.8,0.8333333333333333,0.5275985717773437,0.020614051818847658
0.3,5,0.16681,0.9,50,0.7266666666666668,0.15549205052920803,146,0.45,0.7333333333333334,0.8166666666666667,0.7166666666666667,0.9166666666666667,0.5413913249969482,0.020675802230834962
0.3,5,0.599484,0.1,5,0.6066666666666667,0.07423685817106697,452,0.55,0.65,0.55,0.55,0.7333333333333334,0.5837588310241699,0.020631027221679688
0.3,5,0.599484,0.1,10,0.6599999999999999,0.07348469228349534,313,0.55,0.75,0.6333333333333333,0.6333333333333333,0.7333333333333334,0.5875080108642579,0.020734262466430665
0.3,5,0.599484,0.1,20,0.6766666666666665,0.07930251502246877,263,0.65,0.65,0.6166666666666667,0.6333333333333333,0.8333333333333333,0.5917930126190185,0.020567846298217774
0.3,5,0.599484,0.1,50,0.8033333333333333,0.13224556283251582,10,0.55,0.9166666666666667,0.8166666666666667,0.9,0.8333333333333333,0.6048935413360595,0.02069435119628906
0.3,5,0.599484,0.3,5,0.53,0.17365355036841473,674,0.2833333333333333,0.65,0.6166666666666667,0.3666666666666667,0.7333333333333334,0.6002986431121826,0.020701122283935548
0.3,5,0.599484,0.3,10,0.6233333333333333,0.06463573143221771,417,0.55,0.65,0.55,0.7166666666666667,0.65,0.607125997543335,0.02066516876220703
0.3,5,0.599484,0.3,20,0.7533333333333333,0.07102425250887501,89,0.65,0.8333333333333333,0.7166666666666667,0.7333333333333334,0.8333333333333333,0.6116953372955323,0.02053799629211426
0.3,5,0.599484,0.3,50,0.7299999999999999,0.1465908895153068,143,0.45,0.8333333333333333,0.8166666666666667,0.7166666666666667,0.8333333333333333,0.6210391044616699,0.020587158203125
0.3,5,0.599484,0.5,5,0.58,0.1071862346054235,552,0.3666666666666667,0.65,0.6166666666666667,0.6333333333333333,0.6333333333333333,0.6143773078918457,0.020729684829711915
0.3,5,0.599484,0.5,10,0.7133333333333333,0.1112554617885242,170,0.55,0.8333333333333333,0.6333333333333333,0.7166666666666667,0.8333333333333333,0.619079303741455,0.02055845260620117
0.3,5,0.599484,0.5,20,0.7466666666666667,0.0644635986860457,102,0.65,0.7333333333333334,0.7166666666666667,0.8,0.8333333333333333,0.625212287902832,0.02063465118408203
0.3,5,0.599484,0.5,50,0.8,0.10903618155864087,14,0.6333333333333333,0.9166666666666667,0.7166666666666667,0.9,0.8333333333333333,0.6342957019805908,0.02088775634765625
0.3,5,0.599484,0.7,5,0.6566666666666666,0.11718930554164632,324,0.4666666666666667,0.8166666666666667,0.6333333333333333,0.6333333333333333,0.7333333333333334,0.6423904418945312,0.02058110237121582
0.3,5,0.599484,0.7,10,0.6766666666666665,0.136055544213057,263,0.4666666666666667,0.65,0.8166666666666667,0.6166666666666667,0.8333333333333333,0.6466371536254882,0.02035694122314453
0.3,5,0.599484,0.7,20,0.7133333333333333,0.08524474568362947,170,0.5666666666666667,0.7333333333333334,0.7166666666666667,0.7166666666666667,0.8333333333333333,0.6524267673492432,0.020800399780273437
0.3,5,0.599484,0.7,50,0.8400000000000001,0.10198039027185571,1,0.65,0.9166666666666667,0.8166666666666667,0.9,0.9166666666666667,0.664198350906372,0.020558261871337892
0.3,5,0.599484,0.9,5,0.6900000000000001,0.11382247385975912,239,0.55,0.8166666666666667,0.6166666666666667,0.6333333333333333,0.8333333333333333,0.6672244548797608,0.02054619789123535
0.3,5,0.599484,0.9,10,0.7133333333333333,0.10561986345169903,170,0.55,0.65,0.7166666666666667,0.8166666666666667,0.8333333333333333,0.6719777584075928,0.020720672607421876
0.3,5,0.599484,0.9,20,0.7133333333333333,0.07102425250887504,170,0.65,0.7333333333333334,0.7166666666666667,0.6333333333333333,0.8333333333333333,0.6771823406219483,0.02052135467529297
0.3,5,0.599484,0.9,50,0.7300000000000001,0.12754084313139327,133,0.55,0.65,0.8166666666666667,0.7166666666666667,0.9166666666666667,0.6925179481506347,0.020819377899169923
0.3,5,2.15443,0.1,5,0.6266666666666667,0.069602043392737,412,0.65,0.65,0.55,0.55,0.7333333333333334,0.7007751941680909,0.020728397369384765
0.3,5,2.15443,0.1,10,0.6033333333333333,0.1288409872672512,463,0.45,0.55,0.6333333333333333,0.55,0.8333333333333333,0.700544023513794,0.02051405906677246
0.3,5,2.15443,0.1,20,0.6366666666666667,0.10402991022884818,366,0.55,0.55,0.6166666666666667,0.6333333333333333,0.8333333333333333,0.7031422138214112,0.02075648307800293
0.3,5,2.15443,0.1,50,0.7666666666666666,0.07149203529842403,61,0.65,0.8166666666666667,0.7166666666666667,0.8166666666666667,0.8333333333333333,0.7120345592498779,0.020657873153686522
0.3,5,2.15443,0.3,5,0.6433333333333333,0.05830951894845301,354,0.55,0.65,0.6333333333333333,0.65,0.7333333333333334,0.7429864883422852,0.020621776580810547
0.3,5,2.15443,0.3,10,0.6733333333333333,0.09225568335398698,281,0.55,0.8166666666666667,0.6333333333333333,0.6333333333333333,0.7333333333333334,0.7483253479003906,0.020813941955566406
0.3,5,2.15443,0.3,20,0.6933333333333334,0.080691456246068,223,0.65,0.7333333333333334,0.6166666666666667,0.6333333333333333,0.8333333333333333,0.7514363288879394,0.02079606056213379
0.3,5,2.15443,0.3,50,0.7466666666666667,0.16138291249213604,102,0.45,0.9166666666666667,0.8166666666666667,0.7166666666666667,0.8333333333333333,0.7673725128173828,0.02064824104309082
0.3,5,2.15443,0.5,5,0.5666666666666667,0.12337837015547833,568,0.55,0.65,0.5333333333333333,0.3666666666666667,0.7333333333333334,0.7836008548736573,0.020755195617675783
0.3,5,2.15443,0.5,10,0.7266666666666668,0.09752492558885194,146,0.55,0.8166666666666667,0.8166666666666667,0.7166666666666667,0.7333333333333334,0.7830565929412842,0.02048201560974121
0.3,5,2.15443,0.5,20,0.7533333333333333,0.07102425250887501,89,0.65,0.8333333333333333,0.7166666666666667,0.7333333333333334,0.8333333333333333,0.7910268306732178,0.020751810073852538
0.3,5,2.15443,0.5,50,0.7266666666666668,0.15762120556715853,146,0.45,0.9166666666666667,0.7166666666666667,0.7166666666666667,0.8333333333333333,0.800323486328125,0.02078843116760254
0.3,5,2.15443,0.7,5,0.5866666666666667,0.14959203781544586,513,0.3666666666666667,0.75,0.6166666666666667,0.4666666666666667,0.7333333333333334,0.8271494388580323,0.02063612937927246
0.3,5,2.15443,0.7,10,0.75,0.10903618155864081,92,0.55,0.8333333333333333,0.8166666666666667,0.7166666666666667,0.8333333333333333,0.8348625659942627,0.0206697940826416
0.3,5,2.15443,0.7,20,0.7333333333333332,0.09486832980505137,132,0.5666666666666667,0.7333333333333334,0.7166666666666667,0.8166666666666667,0.8333333333333333,0.8438207149505615,0.020836544036865235
0.3,5,2.15443,0.7,50,0.7866666666666667,0.09333333333333334,23,0.65,0.9166666666666667,0.7166666666666667,0.8166666666666667,0.8333333333333333,0.8470851421356201,0.020678281784057617
0.3,5,2.15443,0.9,5,0.6666666666666666,0.17888543819998315,305,0.3666666666666667,0.75,0.9166666666666667,0.65,0.65,0.8689198017120361,0.020672607421875
0.3,5,2.15443,0.9,10,0.6599999999999999,0.12587471725666138,313,0.4666666666666667,0.5666666666666667,0.8166666666666667,0.7166666666666667,0.7333333333333334,0.8785605430603027,0.020489263534545898
0.3,5,2.15443,0.9,20,0.75,0.06749485577105525,92,0.65,0.7333333333333334,0.7166666666666667,0.8166666666666667,0.8333333333333333,0.8816177845001221,0.022098302841186523
0.3,5,2.15443,0.9,50,0.7833333333333334,0.08881941729649484,34,0.65,0.8166666666666667,0.7166666666666667,0.9,0.8333333333333333,0.8901183605194092,0.020727014541625975
0.3,5,7.74264,0.1,5,0.6266666666666667,0.07423685817106694,412,0.55,0.65,0.55,0.6333333333333333,0.75,0.7482124328613281,0.020689678192138673
0.3,5,7.74264,0.1,10,0.6233333333333333,0.07348469228349531,417,0.55,0.55,0.6333333333333333,0.6333333333333333,0.75,0.7540288448333741,0.0206296443939209
0.3,5,7.74264,0.1,20,0.6733333333333335,0.12631530214330947,270,0.65,0.55,0.6166666666666667,0.6333333333333333,0.9166666666666667,0.7650375843048096,0.02060542106628418
0.3,5,7.74264,0.1,50,0.8066666666666666,0.08666666666666667,4,0.65,0.9166666666666667,0.8166666666666667,0.8166666666666667,0.8333333333333333,0.7716272830963135,0.021644163131713866
0.3,5,7.74264,0.3,5,0.6033333333333333,0.0725718035235908,463,0.55,0.6333333333333333,0.55,0.55,0.7333333333333334,0.9449612140655518,0.020448064804077147
0.3,5,7.74264,0.3,10,0.6433333333333333,0.08602325267042626,354,0.55,0.75,0.6333333333333333,0.55,0.7333333333333334,0.9515080928802491,0.02063460350036621
0.3,5,7.74264,0.3,20,0.6700000000000002,0.1189771219838316,289,0.55,0.7333333333333334,0.5166666666666667,0.7166666666666667,0.8333333333333333,0.948087501525879,0.02063016891479492
0.3,5,7.74264,0.3,50,0.7866666666666667,0.09333333333333334,23,0.65,0.9166666666666667,0.7166666666666667,0.8166666666666667,0.8333333333333333,0.9585219383239746,0.020690011978149413
0.3,5,7.74264,0.5,5,0.62,0.06782329983125268,430,0.55,0.6333333333333333,0.6333333333333333,0.55,0.7333333333333334,0.9754590034484864,0.020768165588378906
0.3,5,7.74264,0.5,10,0.6566666666666666,0.08730533902472529,324,0.55,0.8166666666666667,0.6333333333333333,0.6333333333333333,0.65,0.9784582138061524,0.020687389373779296
0.3,5,7.74264,0.5,20,0.6933333333333334,0.080691456246068,223,0.65,0.7333333333333334,0.6166666666666667,0.6333333333333333,0.8333333333333333,0.9837415218353271,0.020735406875610353
0.3,5,7.74264,0.5,50,0.7666666666666666,0.16261747890200623,61,0.45,0.9166666666666667,0.8166666666666667,0.8166666666666667,0.8333333333333333,1.0067520618438721,0.020778465270996093
0.3,5,7.74264,0.7,5,0.6433333333333333,0.05830951894845301,354,0.55,0.65,0.6333333333333333,0.65,0.7333333333333334,1.027094554901123,0.02070760726928711
0.3,5,7.74264,0.7,10,0.6933333333333334,0.09225568335398698,223,0.55,0.8166666666666667,0.7333333333333334,0.6333333333333333,0.7333333333333334,1.0308207035064698,0.020876073837280275
0.3,5,7.74264,0.7,20,0.71,0.09463379711052257,191,0.65,0.8166666666666667,0.6166666666666667,0.6333333333333333,0.8333333333333333,1.0354288578033448,0.020679616928100587
0.3,5,7.74264,0.7,50,0.7266666666666666,0.10677078252031309,159,0.5333333333333333,0.7333333333333334,0.7166666666666667,0.8166666666666667,0.8333333333333333,1.0467636585235596,0.020811986923217774
0.3,5,7.74264,0.9,5,0.5700000000000001,0.12265579661982734,557,0.55,0.65,0.55,0.3666666666666667,0.7333333333333334,1.0686658859252929,0.02057056427001953
0.3,5,7.74264,0.9,10,0.6733333333333333,0.09225568335398698,281,0.55,0.6333333333333333,0.8166666666666667,0.6333333333333333,0.7333333333333334,1.077160930633545,0.020566940307617188
0.3,5,7.74264,0.9,20,0.7699999999999999,0.0740870359029762,45,0.65,0.8333333333333333,0.7166666666666667,0.8166666666666667,0.8333333333333333,1.0785338401794433,0.020572614669799805
0.3,5,7.74264,0.9,50,0.75,0.10903618155864081,92,0.55,0.8333333333333333,0.7166666666666667,0.8166666666666667,0.8333333333333333,1.0917204380035401,0.021260499954223633
0.3,5,27.8256,0.1,5,0.6066666666666667,0.04666666666666665,452,0.55,0.65,0.55,0.6333333333333333,0.65,0.7627445220947265,0.020476341247558594
0.3,5,27.8256,0.1,10,0.5700000000000001,0.09797958971132711,557,0.55,0.45,0.55,0.55,0.75,0.7635512351989746,0.02079949378967285
0.3,5,27.8256,0.1,20,0.6733333333333335,0.12631530214330947,270,0.65,0.55,0.6166666666666667,0.6333333333333333,0.9166666666666667,0.7711118221282959,0.020714998245239258
0.3,5,27.8256,0.1,50,0.7866666666666667,0.09333333333333334,23,0.65,0.9166666666666667,0.7166666666666667,0.8166666666666667,0.8333333333333333,0.7865154266357421,0.020694208145141602
0.3,5,27.8256,0.3,5,0.6066666666666667,0.04666666666666665,452,0.55,0.65,0.55,0.6333333333333333,0.65,0.8944787502288818,0.020713233947753908
0.3,5,27.8256,0.3,10,0.6233333333333333,0.07348469228349531,417,0.55,0.55,0.6333333333333333,0.6333333333333333,0.75,0.8972585201263428,0.020669078826904295
0.3,5,27.8256,0.3,20,0.7266666666666668,0.1190704739966117,146,0.65,0.8166666666666667,0.6166666666666667,0.6333333333333333,0.9166666666666667,0.8998892784118653,0.02058568000793457
0.3,5,27.8256,0.3,50,0.8066666666666666,0.08666666666666667,4,0.65,0.9166666666666667,0.8166666666666667,0.8166666666666667,0.8333333333333333,0.9095614433288575,0.020647478103637696
0.3,5,27.8256,0.5,5,0.6100000000000001,0.07999999999999999,443,0.65,0.55,0.55,0.55,0.75,1.0175307750701905,0.02093167304992676
0.3,5,27.8256,0.5,10,0.6433333333333333,0.06377042156569662,354,0.55,0.65,0.6333333333333333,0.6333333333333333,0.75,1.0273942470550537,0.02066326141357422
0.3,5,27.8256,0.5,20,0.6699999999999999,0.09741092797468301,295,0.55,0.7166666666666667,0.6166666666666667,0.6333333333333333,0.8333333333333333,1.025165891647339,0.020805835723876953
0.3,5,27.8256,0.5,50,0.7866666666666667,0.09333333333333332,23,0.65,0.8333333333333333,0.7166666666666667,0.8166666666666667,0.9166666666666667,1.0365411281585692,0.02073535919189453
0.3,5,27.8256,0.7,5,0.6233333333333333,0.06879922480183431,417,0.65,0.6333333333333333,0.55,0.55,0.7333333333333334,1.1431364059448241,0.020768260955810545
0.3,5,27.8256,0.7,10,0.6033333333333333,0.0725718035235908,463,0.55,0.55,0.6333333333333333,0.55,0.7333333333333334,1.1467888355255127,0.02066526412963867
0.3,5,27.8256,0.7,20,0.6699999999999999,0.09741092797468301,295,0.55,0.6333333333333333,0.6166666666666667,0.7166666666666667,0.8333333333333333,1.1544905185699463,0.020625877380371093
0.3,5,27.8256,0.7,50,0.7833333333333334,0.13824294235551815,34,0.55,0.9166666666666667,0.7166666666666667,0.8166666666666667,0.9166666666666667,1.1673596382141114,0.020533657073974608
0.3,5,27.8256,0.9,5,0.6033333333333333,0.0725718035235908,463,0.55,0.6333333333333333,0.55,0.55,0.7333333333333334,1.167524814605713,0.0205747127532959
0.3,5,27.8256,0.9,10,0.6233333333333333,0.06879922480183431,417,0.55,0.7333333333333334,0.6333333333333333,0.55,0.65,1.1752015113830567,0.02060728073120117
0.3,5,27.8256,0.9,20,0.7133333333333333,0.0755718936583642,170,0.65,0.7333333333333334,0.6166666666666667,0.7333333333333334,0.8333333333333333,1.178551483154297,0.020550537109375
0.3,5,27.8256,0.9,50,0.7866666666666667,0.09333333333333334,23,0.65,0.9166666666666667,0.7166666666666667,0.8166666666666667,0.8333333333333333,1.1887088298797608,0.020767879486083985
0.3,5,100.0,0.1,5,0.6066666666666667,0.04666666666666665,452,0.55,0.65,0.55,0.6333333333333333,0.65,0.8252716064453125,0.020556259155273437
0.3,5,100.0,0.1,10,0.5866666666666667,0.11850925889754117,513,0.65,0.45,0.6333333333333333,0.45,0.75,0.8297893047332764,0.020618391036987305
0.3,5,100.0,0.1,20,0.6599999999999999,0.14514360704718163,313,0.65,0.65,0.6166666666666667,0.4666666666666667,0.9166666666666667,0.8348150253295898,0.02062845230102539
0.3,5,100.0,0.1,50,0.7866666666666667,0.09333333333333334,23,0.65,0.9166666666666667,0.7166666666666667,0.8166666666666667,0.8333333333333333,0.848537540435791,0.02085089683532715
0.3,5,100.0,0.3,5,0.6066666666666667,0.04666666666666665,452,0.55,0.65,0.55,0.6333333333333333,0.65,0.824370002746582,0.02078704833984375
0.3,5,100.0,0.3,10,0.5700000000000001,0.09797958971132711,557,0.55,0.45,0.55,0.55,0.75,0.8307072639465332,0.020696210861206054
0.3,5,100.0,0.3,20,0.6933333333333334,0.11234866364235147,223,0.65,0.65,0.6166666666666667,0.6333333333333333,0.9166666666666667,0.8346801280975342,0.020476722717285158
0.3,5,100.0,0.3,50,0.7666666666666666,0.07149203529842403,61,0.65,0.8166666666666667,0.7166666666666667,0.8166666666666667,0.8333333333333333,0.8445045471191406,0.020616674423217775
0.3,5,100.0,0.5,5,0.6066666666666667,0.04666666666666665,452,0.55,0.65,0.55,0.6333333333333333,0.65,0.8494606494903565,0.020562219619750976
0.3,5,100.0,0.5,10,0.5700000000000001,0.09797958971132711,557,0.55,0.45,0.55,0.55,0.75,0.8537033557891845,0.02053375244140625
0.3,5,100.0,0.5,20,0.6733333333333335,0.12631530214330947,270,0.65,0.55,0.6166666666666667,0.6333333333333333,0.9166666666666667,0.8595339775085449,0.020587158203125
0.3,5,100.0,0.5,50,0.7866666666666667,0.09333333333333334,23,0.65,0.9166666666666667,0.7166666666666667,0.8166666666666667,0.8333333333333333,0.8718193054199219,0.020596027374267578
0.3,5,100.0,0.7,5,0.6066666666666667,0.04666666666666665,452,0.55,0.65,0.55,0.6333333333333333,0.65,0.9060283660888672,0.020664501190185546
0.3,5,100.0,0.7,10,0.5866666666666667,0.10022197585581938,513,0.45,0.6333333333333333,0.55,0.55,0.75,0.9110853672027588,0.020570707321166993
0.3,5,100.0,0.7,20,0.6900000000000001,0.11382247385975919,239,0.65,0.6333333333333333,0.6166666666666667,0.6333333333333333,0.9166666666666667,0.9143376350402832,0.02068777084350586
0.3,5,100.0,0.7,50,0.8066666666666666,0.08666666666666667,4,0.65,0.9166666666666667,0.8166666666666667,0.8166666666666667,0.8333333333333333,0.9248192787170411,0.02087855339050293
0.3,5,100.0,0.9,5,0.6066666666666667,0.04666666666666665,452,0.55,0.65,0.55,0.6333333333333333,0.65,0.9719093322753907,0.020864248275756836
0.3,5,100.0,0.9,10,0.6066666666666667,0.07859884081701062,452,0.55,0.6333333333333333,0.55,0.55,0.75,0.9726146221160888,0.020659399032592774
0.3,5,100.0,0.9,20,0.6733333333333335,0.12631530214330947,270,0.65,0.55,0.6166666666666667,0.6333333333333333,0.9166666666666667,0.9804471492767334,0.02068924903869629
0.3,5,100.0,0.9,50,0.7866666666666665,0.06863753427324665,33,0.65,0.8166666666666667,0.8166666666666667,0.8166666666666667,0.8333333333333333,0.9865148067474365,0.02050614356994629
