param_clf__max_features,param_clf__min_samples_leaf,param_selector__C,param_selector__l1_ratio,param_selector__top_k,mean_test_score,std_test_score,rank_test_score,split0_test_score,split1_test_score,split2_test_score,split3_test_score,split4_test_score,mean_fit_time,mean_score_time
sqrt,1,0.001,0.1,5,0.5666666666666668,0.16964014199999297,609,0.4666666666666667,0.3333333333333333,0.5166666666666667,0.7166666666666667,0.8,0.47905712127685546,0.021013450622558594
sqrt,1,0.001,0.1,10,0.6433333333333333,0.12892719737209146,483,0.5666666666666667,0.5333333333333333,0.5166666666666667,0.8,0.8,0.48407802581787107,0.02104024887084961
sqrt,1,0.001,0.1,20,0.5966666666666667,0.14506703431325962,589,0.8166666666666667,0.43333333333333335,0.5166666666666667,0.7166666666666667,0.5,0.48974018096923827,0.021129083633422852
sqrt,1,0.001,0.1,50,0.5266666666666666,0.1796910929592474,705,0.5333333333333333,0.25,0.5333333333333333,0.8166666666666667,0.5,0.4956995487213135,0.021013975143432617
sqrt,1,0.001,0.3,5,0.5666666666666668,0.16964014199999297,609,0.4666666666666667,0.3333333333333333,0.5166666666666667,0.7166666666666667,0.8,0.47975749969482423,0.02109107971191406
sqrt,1,0.001,0.3,10,0.6433333333333333,0.12892719737209146,483,0.5666666666666667,0.5333333333333333,0.5166666666666667,0.8,0.8,0.48335814476013184,0.021120405197143553
sqrt,1,0.001,0.3,20,0.5966666666666667,0.14506703431325962,589,0.8166666666666667,0.43333333333333335,0.5166666666666667,0.7166666666666667,0.5,0.4963644027709961,0.021226024627685545
sqrt,1,0.001,0.3,50,0.5266666666666666,0.1796910929592474,705,0.5333333333333333,0.25,0.5333333333333333,0.8166666666666667,0.5,0.49491043090820314,0.02115340232849121
sqrt,1,0.001,0.5,5,0.5666666666666668,0.16964014199999297,609,0.4666666666666667,0.3333333333333333,0.5166666666666667,0.7166666666666667,0.8,0.47831249237060547,0.021182918548583986
sqrt,1,0.001,0.5,10,0.6433333333333333,0.12892719737209146,483,0.5666666666666667,0.5333333333333333,0.5166666666666667,0.8,0.8,0.482649564743042,0.02128610610961914
sqrt,1,0.001,0.5,20,0.5966666666666667,0.14506703431325962,589,0.8166666666666667,0.43333333333333335,0.5166666666666667,0.7166666666666667,0.5,0.4924485683441162,0.021195125579833985
sqrt,1,0.001,0.5,50,0.5266666666666666,0.1796910929592474,705,0.5333333333333333,0.25,0.5333333333333333,0.8166666666666667,0.5,0.4949789047241211,0.021294593811035156
sqrt,1,0.001,0.7,5,0.5666666666666668,0.16964014199999297,609,0.4666666666666667,0.3333333333333333,0.5166666666666667,0.7166666666666667,0.8,0.4623600482940674,0.02036757469177246
sqrt,1,0.001,0.7,10,0.6433333333333333,0.12892719737209146,483,0.5666666666666667,0.5333333333333333,0.5166666666666667,0.8,0.8,0.46281046867370607,0.020494556427001952
sqrt,1,0.001,0.7,20,0.5966666666666667,0.14506703431325962,589,0.8166666666666667,0.43333333333333335,0.5166666666666667,0.7166666666666667,0.5,0.47185611724853516,0.02036457061767578
sqrt,1,0.001,0.7,50,0.5266666666666666,0.1796910929592474,705,0.5333333333333333,0.25,0.5333333333333333,0.8166666666666667,0.5,0.49483609199523926,0.02091808319091797
sqrt,1,0.001,0.9,5,0.5666666666666668,0.16964014199999297,609,0.4666666666666667,0.3333333333333333,0.5166666666666667,0.7166666666666667,0.8,0.480515193939209,0.021110916137695314
sqrt,1,0.001,0.9,10,0.6433333333333333,0.12892719737209146,483,0.5666666666666667,0.5333333333333333,0.5166666666666667,0.8,0.8,0.48575596809387206,0.021239185333251955
sqrt,1,0.001,0.9,20,0.5966666666666667,0.14506703431325962,589,0.8166666666666667,0.43333333333333335,0.5166666666666667,0.7166666666666667,0.5,0.4913208484649658,0.020942115783691408
sqrt,1,0.001,0.9,50,0.5266666666666666,0.1796910929592474,705,0.5333333333333333,0.25,0.5333333333333333,0.8166666666666667,0.5,0.5004754543304444,0.0214327335357666
sqrt,1,0.00359381,0.1,5,0.5666666666666668,0.16964014199999297,609,0.4666666666666667,0.3333333333333333,0.5166666666666667,0.7166666666666667,0.8,0.47989554405212403,0.02126317024230957
sqrt,1,0.00359381,0.1,10,0.6433333333333333,0.12892719737209146,483,0.5666666666666667,0.5333333333333333,0.5166666666666667,0.8,0.8,0.48166584968566895,0.021234130859375
sqrt,1,0.00359381,0.1,20,0.5966666666666667,0.14506703431325962,589,0.8166666666666667,0.43333333333333335,0.5166666666666667,0.7166666666666667,0.5,0.4892577171325684,0.02105550765991211
sqrt,1,0.00359381,0.1,50,0.5266666666666666,0.1796910929592474,705,0.5333333333333333,0.25,0.5333333333333333,0.8166666666666667,0.5,0.49339895248413085,0.021111583709716795
sqrt,1,0.00359381,0.3,5,0.5666666666666668,0.16964014199999297,609,0.4666666666666667,0.3333333333333333,0.5166666666666667,0.7166666666666667,0.8,0.47846641540527346,0.02107396125793457
sqrt,1,0.00359381,0.3,10,0.6433333333333333,0.12892719737209146,483,0.5666666666666667,0.5333333333333333,0.5166666666666667,0.8,0.8,0.4821927547454834,0.021367406845092772
sqrt,1,0.00359381,0.3,20,0.5966666666666667,0.14506703431325962,589,0.8166666666666667,0.43333333333333335,0.5166666666666667,0.7166666666666667,0.5,0.4979071617126465,0.02130570411682129
sqrt,1,0.00359381,0.3,50,0.5266666666666666,0.1796910929592474,705,0.5333333333333333,0.25,0.5333333333333333,0.8166666666666667,0.5,0.49506263732910155,0.021362876892089842
sqrt,1,0.00359381,0.5,5,0.5666666666666668,0.16964014199999297,609,0.4666666666666667,0.3333333333333333,0.5166666666666667,0.7166666666666667,0.8,0.47696170806884763,0.02122468948364258
sqrt,1,0.00359381,0.5,10,0.6433333333333333,0.12892719737209146,483,0.5666666666666667,0.5333333333333333,0.5166666666666667,0.8,0.8,0.4770115852355957,0.02064676284790039
sqrt,1,0.00359381,0.5,20,0.5966666666666667,0.14506703431325962,589,0.8166666666666667,0.43333333333333335,0.5166666666666667,0.7166666666666667,0.5,0.4761178970336914,0.02077350616455078
sqrt,1,0.00359381,0.5,50,0.5266666666666666,0.1796910929592474,705,0.5333333333333333,0.25,0.5333333333333333,0.8166666666666667,0.5,0.4787278175354004,0.020601177215576173
sqrt,1,0.00359381,0.7,5,0.5666666666666668,0.16964014199999297,609,0.4666666666666667,0.3333333333333333,0.5166666666666667,0.7166666666666667,0.8,0.48096747398376466,0.02093844413757324
sqrt,1,0.00359381,0.7,10,0.6433333333333333,0.12892719737209146,483,0.5666666666666667,0.5333333333333333,0.5166666666666667,0.8,0.8,0.4824347019195557,0.02170405387878418
sqrt,1,0.00359381,0.7,20,0.5966666666666667,0.14506703431325962,589,0.8166666666666667,0.43333333333333335,0.5166666666666667,0.7166666666666667,0.5,0.49049034118652346,0.021413421630859374
sqrt,1,0.00359381,0.7,50,0.5266666666666666,0.1796910929592474,705,0.5333333333333333,0.25,0.5333333333333333,0.8166666666666667,0.5,0.49713954925537107,0.021181631088256835
sqrt,1,0.00359381,0.9,5,0.5666666666666668,0.16964014199999297,609,0.4666666666666667,0.3333333333333333,0.5166666666666667,0.7166666666666667,0.8,0.48114848136901855,0.02107658386230469
sqrt,1,0.00359381,0.9,10,0.6433333333333333,0.12892719737209146,483,0.5666666666666667,0.5333333333333333,0.5166666666666667,0.8,0.8,0.4850703239440918,0.021123695373535156
sqrt,1,0.00359381,0.9,20,0.5966666666666667,0.14506703431325962,589,0.8166666666666667,0.43333333333333335,0.5166666666666667,0.7166666666666667,0.5,0.49022278785705564,0.02141876220703125
sqrt,1,0.00359381,0.9,50,0.5266666666666666,0.1796910929592474,705,0.5333333333333333,0.25,0.5333333333333333,0.8166666666666667,0.5,0.5002927780151367,0.021263313293457032
sqrt,1,0.0129155,0.1,5,0.6599999999999999,0.127627931460511,451,0.7166666666666667,0.43333333333333335,0.6166666666666667,0.7333333333333334,0.8,0.4925824165344238,0.020972061157226562
sqrt,1,0.0129155,0.1,10,0.7,0.1064581294844754,337,0.7166666666666667,0.6166666666666667,0.6166666666666667,0.65,0.9,0.49117021560668944,0.021063518524169923
sqrt,1,0.0129155,0.1,20,0.68,0.08781293248212994,404,0.55,0.6166666666666667,0.7,0.7333333333333334,0.8,0.49417996406555176,0.020804500579833983
sqrt,1,0.0129155,0.1,50,0.74,0.1088321847820967,151,0.65,0.6166666666666667,0.7,0.8333333333333333,0.9,0.5000293254852295,0.02127537727355957
sqrt,1,0.0129155,0.3,5,0.5666666666666668,0.16964014199999297,609,0.4666666666666667,0.3333333333333333,0.5166666666666667,0.7166666666666667,0.8,0.4790671348571777,0.021117401123046876
sqrt,1,0.0129155,0.3,10,0.6433333333333333,0.12892719737209146,483,0.5666666666666667,0.5333333333333333,0.5166666666666667,0.8,0.8,0.48072218894958496,0.02154994010925293
sqrt,1,0.0129155,0.3,20,0.5966666666666667,0.14506703431325962,589,0.8166666666666667,0.43333333333333335,0.5166666666666667,0.7166666666666667,0.5,0.48584713935852053,0.021260833740234374
sqrt,1,0.0129155,0.3,50,0.5266666666666666,0.1796910929592474,705,0.5333333333333333,0.25,0.5333333333333333,0.8166666666666667,0.5,0.4783881187438965,0.020337295532226563
sqrt,1,0.0129155,0.5,5,0.5666666666666668,0.16964014199999297,609,0.4666666666666667,0.3333333333333333,0.5166666666666667,0.7166666666666667,0.8,0.4618475914001465,0.020569610595703124
sqrt,1,0.0129155,0.5,10,0.6433333333333333,0.12892719737209146,483,0.5666666666666667,0.5333333333333333,0.5166666666666667,0.8,0.8,0.48548092842102053,0.02115950584411621
sqrt,1,0.0129155,0.5,20,0.5966666666666667,0.14506703431325962,589,0.8166666666666667,0.43333333333333335,0.5166666666666667,0.7166666666666667,0.5,0.4932276725769043,0.021123552322387697
sqrt,1,0.0129155,0.5,50,0.5266666666666666,0.1796910929592474,705,0.5333333333333333,0.25,0.5333333333333333,0.8166666666666667,0.5,0.49591865539550783,0.02107658386230469
sqrt,1,0.0129155,0.7,5,0.5666666666666668,0.16964014199999297,609,0.4666666666666667,0.3333333333333333,0.5166666666666667,0.7166666666666667,0.8,0.484266996383667,0.02112855911254883
sqrt,1,0.0129155,0.7,10,0.6433333333333333,0.12892719737209146,483,0.5666666666666667,0.5333333333333333,0.5166666666666667,0.8,0.8,0.48261613845825196,0.02107834815979004
sqrt,1,0.0129155,0.7,20,0.5966666666666667,0.14506703431325962,589,0.8166666666666667,0.43333333333333335,0.5166666666666667,0.7166666666666667,0.5,0.4900230884552002,0.02116117477416992
sqrt,1,0.0129155,0.7,50,0.5266666666666666,0.1796910929592474,705,0.5333333333333333,0.25,0.5333333333333333,0.8166666666666667,0.5,0.493994140625,0.02095685005187988
sqrt,1,0.0129155,0.9,5,0.5666666666666668,0.16964014199999297,609,0.4666666666666667,0.3333333333333333,0.5166666666666667,0.7166666666666667,0.8,0.4783919811248779,0.020947647094726563
sqrt,1,0.0129155,0.9,10,0.6433333333333333,0.12892719737209146,483,0.5666666666666667,0.5333333333333333,0.5166666666666667,0.8,0.8,0.48392605781555176,0.02120380401611328
sqrt,1,0.0129155,0.9,20,0.5966666666666667,0.14506703431325962,589,0.8166666666666667,0.43333333333333335,0.5166666666666667,0.7166666666666667,0.5,0.4924185752868652,0.02141084671020508
sqrt,1,0.0129155,0.9,50,0.5266666666666666,0.1796910929592474,705,0.5333333333333333,0.25,0.5333333333333333,0.8166666666666667,0.5,0.4962307929992676,0.02150139808654785
sqrt,1,0.0464159,0.1,5,0.7599999999999999,0.0992191737742481,87,0.75,0.6166666666666667,0.7,0.8333333333333333,0.9,0.49948625564575194,0.021118831634521485
sqrt,1,0.0464159,0.1,10,0.7033333333333334,0.141970262926979,312,0.65,0.5166666666666667,0.6166666666666667,0.8333333333333333,0.9,0.5055905818939209,0.02119412422180176
sqrt,1,0.0464159,0.1,20,0.74,0.19252705437591536,151,0.55,0.5166666666666667,0.7166666666666667,0.9166666666666667,1.0,0.507097864151001,0.021124267578125
sqrt,1,0.0464159,0.1,50,0.7,0.15092308563562357,337,0.55,0.5166666666666667,0.7,0.8333333333333333,0.9,0.5007788658142089,0.020692968368530275
sqrt,1,0.0464159,0.3,5,0.6833333333333333,0.10593499054713804,376,0.7166666666666667,0.7166666666666667,0.7,0.48333333333333334,0.8,0.48382086753845216,0.020668220520019532
sqrt,1,0.0464159,0.3,10,0.7166666666666667,0.10381607668264958,265,0.7166666666666667,0.6166666666666667,0.6166666666666667,0.7333333333333334,0.9,0.48443212509155276,0.020396852493286134
sqrt,1,0.0464159,0.3,20,0.72,0.09854496999396321,227,0.65,0.6166666666666667,0.7,0.7333333333333334,0.9,0.5063469886779786,0.021208763122558594
sqrt,1,0.0464159,0.3,50,0.7033333333333334,0.12534397117975443,312,0.65,0.5166666666666667,0.7,0.75,0.9,0.5123473644256592,0.02114701271057129
sqrt,1,0.0464159,0.5,5,0.6066666666666667,0.11430952132988165,569,0.6166666666666667,0.6166666666666667,0.55,0.45,0.8,0.499174165725708,0.021317768096923827
sqrt,1,0.0464159,0.5,10,0.6266666666666667,0.08602325267042625,543,0.4666666666666667,0.6166666666666667,0.7,0.65,0.7,0.5021624088287353,0.021232461929321288
sqrt,1,0.0464159,0.5,20,0.7066666666666667,0.06879922480183434,304,0.6666666666666666,0.7166666666666667,0.6,0.75,0.8,0.505623197555542,0.020966196060180665
sqrt,1,0.0464159,0.5,50,0.7433333333333333,0.08472176684759224,150,0.65,0.7166666666666667,0.7,0.75,0.9,0.5110344409942627,0.021387386322021484
sqrt,1,0.0464159,0.7,5,0.5666666666666668,0.16964014199999297,609,0.4666666666666667,0.3333333333333333,0.5166666666666667,0.7166666666666667,0.8,0.4799814224243164,0.02118968963623047
sqrt,1,0.0464159,0.7,10,0.6433333333333333,0.12892719737209146,483,0.5666666666666667,0.5333333333333333,0.5166666666666667,0.8,0.8,0.4866210460662842,0.021135568618774414
sqrt,1,0.0464159,0.7,20,0.5966666666666667,0.14506703431325962,589,0.8166666666666667,0.43333333333333335,0.5166666666666667,0.7166666666666667,0.5,0.4935136795043945,0.021255016326904297
sqrt,1,0.0464159,0.7,50,0.5266666666666666,0.1796910929592474,705,0.5333333333333333,0.25,0.5333333333333333,0.8166666666666667,0.5,0.49537811279296873,0.02130279541015625
sqrt,1,0.0464159,0.9,5,0.5666666666666668,0.16964014199999297,609,0.4666666666666667,0.3333333333333333,0.5166666666666667,0.7166666666666667,0.8,0.47878780364990237,0.02121424674987793
sqrt,1,0.0464159,0.9,10,0.6433333333333333,0.12892719737209146,483,0.5666666666666667,0.5333333333333333,0.5166666666666667,0.8,0.8,0.48279614448547364,0.02115468978881836
sqrt,1,0.0464159,0.9,20,0.5966666666666667,0.14506703431325962,589,0.8166666666666667,0.43333333333333335,0.5166666666666667,0.7166666666666667,0.5,0.49044389724731446,0.02121109962463379
sqrt,1,0.0464159,0.9,50,0.5266666666666666,0.1796910929592474,705,0.5333333333333333,0.25,0.5333333333333333,0.8166666666666667,0.5,0.49362912178039553,0.02107267379760742
sqrt,1,0.16681,0.1,5,0.6599999999999999,0.08339997335464536,451,0.7333333333333334,0.5166666666666667,0.6166666666666667,0.7333333333333334,0.7,0.531786584854126,0.02103433609008789
sqrt,1,0.16681,0.1,10,0.6766666666666667,0.10252370999486464,421,0.8166666666666667,0.5166666666666667,0.6166666666666667,0.7333333333333334,0.7,0.5185286045074463,0.02135887145996094
sqrt,1,0.16681,0.1,20,0.68,0.15362291495737218,404,0.55,0.5166666666666667,0.6166666666666667,0.9166666666666667,0.8,0.5281546115875244,0.022443294525146484
sqrt,1,0.16681,0.1,50,0.72,0.15613384571507155,227,0.55,0.5166666666666667,0.8,0.8333333333333333,0.9,0.5529219627380371,0.021075677871704102
sqrt,1,0.16681,0.3,5,0.7466666666666667,0.08124038404635962,146,0.75,0.7166666666666667,0.7,0.6666666666666666,0.9,0.5356037139892578,0.021121931076049805
sqrt,1,0.16681,0.3,10,0.68,0.10187137859957413,404,0.65,0.5166666666666667,0.7,0.8333333333333333,0.7,0.5390877246856689,0.021569204330444337
sqrt,1,0.16681,0.3,20,0.7166666666666666,0.13944333775567927,270,0.7333333333333334,0.5166666666666667,0.6166666666666667,0.9166666666666667,0.8,0.5418363571166992,0.02112689018249512
sqrt,1,0.16681,0.3,50,0.7366666666666667,0.220454076850486,180,0.55,0.4166666666666667,0.8,0.9166666666666667,1.0,0.5497820854187012,0.021510601043701172
sqrt,1,0.16681,0.5,5,0.7066666666666666,0.11575836902790225,310,0.75,0.6166666666666667,0.7,0.5666666666666667,0.9,0.546687650680542,0.021196603775024414
sqrt,1,0.16681,0.5,10,0.72,0.09854496999396321,227,0.65,0.6166666666666667,0.7,0.7333333333333334,0.9,0.54847092628479,0.02133464813232422
sqrt,1,0.16681,0.5,20,0.7033333333333334,0.18481221700838812,312,0.55,0.6166666666666667,0.5166666666666667,0.8333333333333333,1.0,0.5514324188232422,0.021225690841674805
sqrt,1,0.16681,0.5,50,0.7033333333333334,0.1644519517805868,312,0.65,0.4166666666666667,0.8,0.75,0.9,0.5584039688110352,0.02122979164123535
sqrt,1,0.16681,0.7,5,0.7,0.1140175425099138,337,0.7166666666666667,0.6166666666666667,0.7,0.5666666666666667,0.9,0.5433875560760498,0.02118659019470215
sqrt,1,0.16681,0.7,10,0.6833333333333333,0.06411794687223782,376,0.65,0.6166666666666667,0.7,0.65,0.8,0.543585729598999,0.021214389801025392
sqrt,1,0.16681,0.7,20,0.7166666666666666,0.130384048104053,270,0.55,0.6166666666666667,0.7,0.9166666666666667,0.8,0.5465619087219238,0.021139144897460938
sqrt,1,0.16681,0.7,50,0.7233333333333334,0.11185307823708343,209,0.55,0.7166666666666667,0.7,0.75,0.9,0.5487656593322754,0.020846748352050783
sqrt,1,0.16681,0.9,5,0.7166666666666666,0.09831920802501751,270,0.7166666666666667,0.6166666666666667,0.7,0.65,0.9,0.5143213272094727,0.020328235626220704
sqrt,1,0.16681,0.9,10,0.6833333333333333,0.11879019787470307,376,0.55,0.6166666666666667,0.7,0.65,0.9,0.5206111431121826,0.020574569702148438
sqrt,1,0.16681,0.9,20,0.6833333333333333,0.06411794687223782,376,0.65,0.6166666666666667,0.7,0.65,0.8,0.5442193984985352,0.02145671844482422
sqrt,1,0.16681,0.9,50,0.7233333333333333,0.05011098792790971,216,0.65,0.7166666666666667,0.7,0.75,0.8,0.550722312927246,0.0212583065032959
sqrt,1,0.599484,0.1,5,0.6599999999999999,0.09809292646374775,451,0.7333333333333334,0.5166666666666667,0.6166666666666667,0.6333333333333333,0.8,0.6035069465637207,0.02113962173461914
sqrt,1,0.599484,0.1,10,0.6433333333333333,0.10572501018102468,483,0.8166666666666667,0.5166666666666667,0.6166666666666667,0.5666666666666667,0.7,0.6033820629119873,0.02130413055419922
sqrt,1,0.599484,0.1,20,0.7000000000000001,0.17320508075688773,330,0.55,0.5166666666666667,0.6166666666666667,0.9166666666666667,0.9,0.6076453685760498,0.02146291732788086
sqrt,1,0.599484,0.1,50,0.7533333333333333,0.1793197020841702,130,0.6333333333333333,0.5166666666666667,0.7,0.9166666666666667,1.0,0.6125927448272706,0.021285390853881835
sqrt,1,0.599484,0.3,5,0.6466666666666667,0.08906926143924923,481,0.75,0.5166666666666667,0.7,0.5666666666666667,0.7,0.621970796585083,0.021217775344848634
sqrt,1,0.599484,0.3,10,0.6599999999999999,0.07644896627453142,451,0.65,0.5166666666666667,0.7,0.7333333333333334,0.7,0.6244114875793457,0.021202754974365235
sqrt,1,0.599484,0.3,20,0.6599999999999999,0.12543258481484518,451,0.55,0.5166666666666667,0.6166666666666667,0.8166666666666667,0.8,0.6283993721008301,0.021288013458251952
sqrt,1,0.599484,0.3,50,0.76,0.16076207402383325,83,0.55,0.6166666666666667,0.8,0.8333333333333333,1.0,0.6334581851959229,0.021197748184204102
sqrt,1,0.599484,0.5,5,0.6833333333333333,0.0862811940369652,376,0.75,0.5166666666666667,0.7,0.75,0.7,0.6485484600067138,0.021181106567382812
sqrt,1,0.599484,0.5,10,0.6233333333333333,0.06200358412579422,551,0.65,0.5166666666666667,0.6,0.65,0.7,0.6448140621185303,0.021053123474121093
sqrt,1,0.599484,0.5,20,0.66,0.16451950239004087,444,0.55,0.5166666666666667,0.5166666666666667,0.8166666666666667,0.9,0.6367946147918702,0.02049555778503418
sqrt,1,0.599484,0.5,50,0.72,0.15613384571507155,227,0.55,0.5166666666666667,0.8,0.8333333333333333,0.9,0.6641750812530518,0.021080827713012694
sqrt,1,0.599484,0.7,5,0.7066666666666667,0.12409673645990855,304,0.75,0.5166666666666667,0.7,0.6666666666666666,0.9,0.6775662422180175,0.021355628967285156
sqrt,1,0.599484,0.7,10,0.6433333333333333,0.034318767136623296,483,0.65,0.6166666666666667,0.7,0.65,0.6000000000000001,0.6795546531677246,0.02123880386352539
sqrt,1,0.599484,0.7,20,0.68,0.10770329614269007,404,0.55,0.6166666666666667,0.6166666666666667,0.8166666666666667,0.8,0.6804430484771729,0.021266841888427736
sqrt,1,0.599484,0.7,50,0.7,0.13703203194062977,337,0.55,0.5166666666666667,0.8,0.8333333333333333,0.8,0.6867141246795654,0.02133908271789551
sqrt,1,0.599484,0.9,5,0.7266666666666667,0.10033277962194943,208,0.75,0.7166666666666667,0.6,0.6666666666666666,0.9,0.6778849601745606,0.020953941345214843
sqrt,1,0.599484,0.9,10,0.6833333333333333,0.06411794687223782,376,0.65,0.6166666666666667,0.7,0.65,0.8,0.6852936744689941,0.0213015079498291
sqrt,1,0.599484,0.9,20,0.6199999999999999,0.16,568,0.55,0.4166666666666667,0.5166666666666667,0.8166666666666667,0.8,0.6815033435821534,0.02138409614562988
sqrt,1,0.599484,0.9,50,0.6866666666666668,0.09092121131323903,374,0.55,0.6166666666666667,0.7166666666666667,0.75,0.8,0.6926120281219482,0.021327447891235352
sqrt,1,2.15443,0.1,5,0.6566666666666666,0.09921917377424809,472,0.8166666666666667,0.5166666666666667,0.6166666666666667,0.6333333333333333,0.7,0.7200181484222412,0.021331214904785158
sqrt,1,2.15443,0.1,10,0.6566666666666666,0.1335830993967592,472,0.7166666666666667,0.4166666666666667,0.6166666666666667,0.7333333333333334,0.8,0.7180165767669677,0.021070098876953124
sqrt,1,2.15443,0.1,20,0.6799999999999999,0.15143755588800728,418,0.55,0.5166666666666667,0.6166666666666667,0.8166666666666667,0.9,0.7101810455322266,0.020838451385498048
sqrt,1,2.15443,0.1,50,0.7333333333333334,0.14102797200870787,196,0.6333333333333333,0.5166666666666667,0.8,0.9166666666666667,0.8,0.7184245586395264,0.021059417724609376
sqrt,1,2.15443,0.3,5,0.6433333333333333,0.07498147919467994,483,0.7333333333333334,0.5166666666666667,0.6166666666666667,0.65,0.7,0.7880532264709472,0.021520423889160156
sqrt,1,2.15443,0.3,10,0.6433333333333333,0.11382247385975916,483,0.65,0.5166666666666667,0.5166666666666667,0.7333333333333334,0.8,0.7973902702331543,0.02126474380493164
sqrt,1,2.15443,0.3,20,0.68,0.12489995996796795,404,0.55,0.5166666666666667,0.7166666666666667,0.8166666666666667,0.8,0.796939468383789,0.021141624450683592
sqrt,1,2.15443,0.3,50,0.7366666666666666,0.1667999467092907,192,0.6333333333333333,0.5166666666666667,0.7,0.8333333333333333,1.0,0.8013705730438232,0.021195173263549805
sqrt,1,2.15443,0.5,5,0.6833333333333333,0.1349897115421106,376,0.7333333333333334,0.5166666666666667,0.7,0.5666666666666667,0.9,0.8372687339782715,0.021236276626586913
sqrt,1,2.15443,0.5,10,0.68,0.08393118874676113,404,0.75,0.5166666666666667,0.7,0.7333333333333334,0.7,0.8378350257873535,0.02130279541015625
sqrt,1,2.15443,0.5,20,0.6599999999999999,0.12543258481484518,451,0.55,0.5166666666666667,0.6166666666666667,0.8166666666666667,0.8,0.8370485305786133,0.021257877349853516
sqrt,1,2.15443,0.5,50,0.74,0.13358309939675916,151,0.55,0.6166666666666667,0.8,0.8333333333333333,0.9,0.8405293464660645,0.021198368072509764
sqrt,1,2.15443,0.7,5,0.6266666666666667,0.07348469228349531,543,0.65,0.5166666666666667,0.7,0.5666666666666667,0.7,0.845461082458496,0.020540523529052734
sqrt,1,2.15443,0.7,10,0.6633333333333333,0.0644635986860457,438,0.75,0.6166666666666667,0.6166666666666667,0.7333333333333334,0.6000000000000001,0.8643476486206054,0.020858049392700195
sqrt,1,2.15443,0.7,20,0.6966666666666665,0.1403962645910179,371,0.6333333333333333,0.5166666666666667,0.6166666666666667,0.8166666666666667,0.9,0.8809510707855225,0.021488142013549805
sqrt,1,2.15443,0.7,50,0.72,0.15613384571507155,227,0.55,0.5166666666666667,0.8,0.8333333333333333,0.9,0.8910508155822754,0.021352720260620118
sqrt,1,2.15443,0.9,5,0.6266666666666667,0.07348469228349531,543,0.65,0.5166666666666667,0.7,0.5666666666666667,0.7,0.9010093212127686,0.021326875686645506
sqrt,1,2.15443,0.9,10,0.65,0.07958224257542215,479,0.65,0.6166666666666667,0.6166666666666667,0.5666666666666667,0.8,0.901098108291626,0.02150139808654785
sqrt,1,2.15443,0.9,20,0.7,0.07226494462892934,337,0.7333333333333334,0.6166666666666667,0.6166666666666667,0.7333333333333334,0.8,0.9071929454803467,0.021317148208618165
sqrt,1,2.15443,0.9,50,0.68,0.12797569213634974,404,0.55,0.5166666666666667,0.7,0.8333333333333333,0.8,0.912035322189331,0.021419668197631837
sqrt,1,7.74264,0.1,5,0.6633333333333333,0.13474255287605152,438,0.8166666666666667,0.5166666666666667,0.8333333333333333,0.55,0.6000000000000001,0.7713366031646729,0.02099766731262207
sqrt,1,7.74264,0.1,10,0.6533333333333333,0.13182479955523457,477,0.7166666666666667,0.4166666666666667,0.6166666666666667,0.7166666666666667,0.8,0.7631104469299317,0.020759773254394532
sqrt,1,7.74264,0.1,20,0.6433333333333333,0.16418147141366335,483,0.55,0.4166666666666667,0.6166666666666667,0.7333333333333334,0.9,0.7543291091918946,0.02051653861999512
sqrt,1,7.74264,0.1,50,0.7366666666666666,0.1480990659434871,192,0.55,0.6166666666666667,0.7,0.9166666666666667,0.9,0.7879836082458496,0.02131795883178711
sqrt,1,7.74264,0.3,5,0.6233333333333333,0.0703957069398096,551,0.7333333333333334,0.5166666666666667,0.6166666666666667,0.65,0.6,0.9828473091125488,0.02108311653137207
sqrt,1,7.74264,0.3,10,0.64,0.1540562667772179,531,0.6166666666666667,0.4166666666666667,0.6166666666666667,0.65,0.9,0.9815310478210449,0.02119293212890625
sqrt,1,7.74264,0.3,20,0.7000000000000001,0.14832396974191325,330,0.55,0.5166666666666667,0.7166666666666667,0.8166666666666667,0.9,0.9810582160949707,0.021322965621948242
sqrt,1,7.74264,0.3,50,0.7566666666666666,0.16719914938645936,94,0.6333333333333333,0.5166666666666667,0.8,0.8333333333333333,1.0,0.9874058246612549,0.021338796615600585
sqrt,1,7.74264,0.5,5,0.6233333333333333,0.0703957069398096,551,0.7333333333333334,0.5166666666666667,0.6166666666666667,0.65,0.6,1.0789350986480712,0.02137913703918457
sqrt,1,7.74264,0.5,10,0.6599999999999999,0.11953614051360739,451,0.7333333333333334,0.5166666666666667,0.5166666666666667,0.7333333333333334,0.8,1.065357542037964,0.020912790298461915
sqrt,1,7.74264,0.5,20,0.7000000000000001,0.14832396974191325,330,0.55,0.5166666666666667,0.7166666666666667,0.8166666666666667,0.9,1.0323871612548827,0.02010931968688965
sqrt,1,7.74264,0.5,50,0.7566666666666666,0.16719914938645936,94,0.6333333333333333,0.5166666666666667,0.8,0.8333333333333333,1.0,1.0488388538360596,0.020398902893066406
sqrt,1,7.74264,0.7,5,0.6599999999999999,0.07644896627453142,451,0.7333333333333334,0.5166666666666667,0.7,0.65,0.7,1.0585644245147705,0.021136760711669922
sqrt,1,7.74264,0.7,10,0.6833333333333333,0.10274023338281627,376,0.75,0.5166666666666667,0.6166666666666667,0.7333333333333334,0.8,1.0680339813232422,0.021206998825073244
sqrt,1,7.74264,0.7,20,0.6799999999999999,0.15143755588800728,418,0.55,0.5166666666666667,0.6166666666666667,0.8166666666666667,0.9,1.0735174655914306,0.021304845809936523
sqrt,1,7.74264,0.7,50,0.7,0.15092308563562357,337,0.55,0.5166666666666667,0.7,0.8333333333333333,0.9,1.0778049945831298,0.021305418014526366
sqrt,1,7.74264,0.9,5,0.6833333333333333,0.12427567921538166,376,0.65,0.5166666666666667,0.7,0.65,0.9,1.1709819793701173,0.021231889724731445
sqrt,1,7.74264,0.9,10,0.6633333333333333,0.09741092797468305,438,0.65,0.5166666666666667,0.6166666666666667,0.7333333333333334,0.8,1.1776543140411377,0.02129497528076172
sqrt,1,7.74264,0.9,20,0.64,0.1380821011813865,531,0.55,0.5166666666666667,0.5166666666666667,0.8166666666666667,0.8,1.1698752403259278,0.021204662322998048
sqrt,1,7.74264,0.9,50,0.7,0.15092308563562357,337,0.55,0.5166666666666667,0.7,0.8333333333333333,0.9,1.1669236183166505,0.02103290557861328
sqrt,1,27.8256,0.1,5,0.62,0.1375984496036686,561,0.8166666666666667,0.4166666666666667,0.7166666666666667,0.55,0.6000000000000001,0.7809885501861572,0.021230649948120118
sqrt,1,27.8256,0.1,10,0.66,0.13808210118138653,444,0.7166666666666667,0.5166666666666667,0.6166666666666667,0.55,0.9,0.7781311988830566,0.021258544921875
sqrt,1,27.8256,0.1,20,0.6766666666666666,0.15867506980549206,423,0.7166666666666667,0.4166666666666667,0.6166666666666667,0.7333333333333334,0.9,0.7777732849121094,0.021790695190429688
sqrt,1,27.8256,0.1,50,0.7133333333333333,0.1371941041817112,293,0.6333333333333333,0.5166666666666667,0.7,0.9166666666666667,0.8,0.7807661056518554,0.021291494369506836
sqrt,1,27.8256,0.3,5,0.62,0.10456258094238745,561,0.8166666666666667,0.5166666666666667,0.6166666666666667,0.55,0.6000000000000001,0.9108212471008301,0.0212069034576416
sqrt,1,27.8256,0.3,10,0.6733333333333333,0.15762120556715853,434,0.7166666666666667,0.4166666666666667,0.6166666666666667,0.7166666666666667,0.9,0.9136940479278565,0.021367979049682618
sqrt,1,27.8256,0.3,20,0.6933333333333332,0.16786237749352229,372,0.7166666666666667,0.4166666666666667,0.6166666666666667,0.8166666666666667,0.9,0.9162497520446777,0.021300411224365233
sqrt,1,27.8256,0.3,50,0.7166666666666667,0.16832508230603463,265,0.55,0.5166666666666667,0.7,0.9166666666666667,0.9,0.9186289310455322,0.021156501770019532
sqrt,1,27.8256,0.5,5,0.64,0.07498147919467994,531,0.7333333333333334,0.5166666666666667,0.6166666666666667,0.6333333333333333,0.7,1.0465803146362305,0.0204561710357666
sqrt,1,27.8256,0.5,10,0.6766666666666666,0.15867506980549206,423,0.7166666666666667,0.4166666666666667,0.6166666666666667,0.7333333333333334,0.9,1.0854555130004884,0.021227169036865234
sqrt,1,27.8256,0.5,20,0.7000000000000001,0.17320508075688773,330,0.55,0.5166666666666667,0.6166666666666667,0.9166666666666667,0.9,1.090184211730957,0.021226119995117188
sqrt,1,27.8256,0.5,50,0.7333333333333333,0.15456030825826175,201,0.6333333333333333,0.5166666666666667,0.7,0.9166666666666667,0.9,1.096592330932617,0.02133975028991699
sqrt,1,27.8256,0.7,5,0.6233333333333333,0.0703957069398096,551,0.7333333333333334,0.5166666666666667,0.6166666666666667,0.65,0.6,1.2022878646850585,0.021175241470336913
sqrt,1,27.8256,0.7,10,0.64,0.1540562667772179,531,0.6166666666666667,0.4166666666666667,0.6166666666666667,0.65,0.9,1.2121273517608642,0.020989227294921874
sqrt,1,27.8256,0.7,20,0.6799999999999999,0.15143755588800728,418,0.55,0.5166666666666667,0.6166666666666667,0.8166666666666667,0.9,1.2071630001068114,0.021221494674682616
sqrt,1,27.8256,0.7,50,0.7166666666666666,0.13743685418725532,270,0.6333333333333333,0.5166666666666667,0.7,0.8333333333333333,0.9,1.2025075912475587,0.020867156982421874
sqrt,1,27.8256,0.9,5,0.6433333333333333,0.0793025150224688,483,0.7333333333333334,0.5166666666666667,0.7166666666666667,0.65,0.6,1.2776501655578614,0.020978116989135744
sqrt,1,27.8256,0.9,10,0.6766666666666666,0.1455258663529538,423,0.7166666666666667,0.5166666666666667,0.5166666666666667,0.7333333333333334,0.9,1.300889539718628,0.02116093635559082
sqrt,1,27.8256,0.9,20,0.6599999999999999,0.12543258481484518,451,0.55,0.5166666666666667,0.6166666666666667,0.8166666666666667,0.8,1.3126971244812011,0.02114701271057129
sqrt,1,27.8256,0.9,50,0.7566666666666666,0.16719914938645936,94,0.6333333333333333,0.5166666666666667,0.8,0.8333333333333333,1.0,1.3255698680877686,0.02119612693786621
sqrt,1,100.0,0.1,5,0.62,0.1375984496036686,561,0.8166666666666667,0.4166666666666667,0.7166666666666667,0.55,0.6000000000000001,0.8349695205688477,0.02133069038391113
sqrt,1,100.0,0.1,10,0.66,0.13808210118138653,444,0.7166666666666667,0.5166666666666667,0.6166666666666667,0.55,0.9,0.8368425846099854,0.022442626953125
sqrt,1,100.0,0.1,20,0.6766666666666666,0.15867506980549206,423,0.7166666666666667,0.4166666666666667,0.6166666666666667,0.7333333333333334,0.9,0.83419771194458,0.021286392211914064
sqrt,1,100.0,0.1,50,0.7566666666666667,0.14854853303438129,89,0.55,0.6166666666666667,0.8,0.9166666666666667,0.9,0.8149651050567627,0.020084571838378907
sqrt,1,100.0,0.3,5,0.62,0.1375984496036686,561,0.8166666666666667,0.4166666666666667,0.7166666666666667,0.55,0.6000000000000001,0.8342441558837891,0.021079111099243163
sqrt,1,100.0,0.3,10,0.66,0.13808210118138653,444,0.7166666666666667,0.5166666666666667,0.6166666666666667,0.55,0.9,0.8409000873565674,0.02115969657897949
sqrt,1,100.0,0.3,20,0.6766666666666666,0.15867506980549206,423,0.7166666666666667,0.4166666666666667,0.6166666666666667,0.7333333333333334,0.9,0.8409563064575195,0.02104501724243164
sqrt,1,100.0,0.3,50,0.7166666666666667,0.16832508230603463,265,0.55,0.5166666666666667,0.7,0.9166666666666667,0.9,0.8461540699005127,0.021379852294921876
sqrt,1,100.0,0.5,5,0.62,0.1375984496036686,561,0.8166666666666667,0.4166666666666667,0.7166666666666667,0.55,0.6000000000000001,0.8586447715759278,0.02105422019958496
sqrt,1,100.0,0.5,10,0.6399999999999999,0.16248076809271922,539,0.7166666666666667,0.4166666666666667,0.6166666666666667,0.55,0.9,0.8615328311920166,0.02129077911376953
sqrt,1,100.0,0.5,20,0.6766666666666666,0.15867506980549206,423,0.7166666666666667,0.4166666666666667,0.6166666666666667,0.7333333333333334,0.9,0.8639794826507569,0.021525144577026367
sqrt,1,100.0,0.5,50,0.7133333333333333,0.1371941041817112,293,0.6333333333333333,0.5166666666666667,0.7,0.9166666666666667,0.8,0.8735709190368652,0.02195110321044922
sqrt,1,100.0,0.7,5,0.62,0.10456258094238745,561,0.8166666666666667,0.5166666666666667,0.6166666666666667,0.55,0.6000000000000001,0.9058363437652588,0.02127184867858887
sqrt,1,100.0,0.7,10,0.6399999999999999,0.16248076809271922,539,0.7166666666666667,0.4166666666666667,0.6166666666666667,0.55,0.9,0.8698575973510743,0.0202789306640625
sqrt,1,100.0,0.7,20,0.6766666666666666,0.15867506980549206,423,0.7166666666666667,0.4166666666666667,0.6166666666666667,0.7333333333333334,0.9,0.8999837875366211,0.021261167526245118
sqrt,1,100.0,0.7,50,0.7733333333333333,0.127627931460511,70,0.6333333333333333,0.6166666666666667,0.8,0.9166666666666667,0.9,0.9102357864379883,0.021126699447631837
sqrt,1,100.0,0.9,5,0.62,0.10456258094238745,561,0.8166666666666667,0.5166666666666667,0.6166666666666667,0.55,0.6000000000000001,0.9719727039337158,0.02161855697631836
sqrt,1,100.0,0.9,10,0.6566666666666666,0.1565602475442317,472,0.7166666666666667,0.4166666666666667,0.6166666666666667,0.6333333333333333,0.9,0.9778641700744629,0.02111968994140625
sqrt,1,100.0,0.9,20,0.6933333333333332,0.16786237749352229,372,0.7166666666666667,0.4166666666666667,0.6166666666666667,0.8166666666666667,0.9,0.9728822231292724,0.02119903564453125
sqrt,1,100.0,0.9,50,0.6966666666666667,0.1503329637837291,356,0.55,0.5166666666666667,0.7,0.9166666666666667,0.8,0.9814318180084228,0.021181106567382812
sqrt,5,0.001,0.1,5,0.5199999999999999,0.1774510887227489,721,0.6166666666666667,0.3333333333333333,0.3333333333333333,0.5166666666666667,0.8,0.46834139823913573,0.02107515335083008
sqrt,5,0.001,0.1,10,0.54,0.19223827807061622,657,0.7166666666666667,0.3333333333333333,0.3333333333333333,0.5166666666666667,0.8,0.4670285701751709,0.02093358039855957
sqrt,5,0.001,0.1,20,0.4800000000000001,0.1664665465224503,785,0.6,0.25,0.3333333333333333,0.5166666666666667,0.7,0.4601564884185791,0.02029075622558594
sqrt,5,0.001,0.1,50,0.53,0.04760952285695236,689,0.45,0.5333333333333333,0.5333333333333333,0.5333333333333333,0.6000000000000001,0.4561302661895752,0.020116567611694336
sqrt,5,0.001,0.3,5,0.5199999999999999,0.1774510887227489,721,0.6166666666666667,0.3333333333333333,0.3333333333333333,0.5166666666666667,0.8,0.45475306510925295,0.020519065856933593
sqrt,5,0.001,0.3,10,0.54,0.19223827807061622,657,0.7166666666666667,0.3333333333333333,0.3333333333333333,0.5166666666666667,0.8,0.4539007663726807,0.02037954330444336
sqrt,5,0.001,0.3,20,0.4800000000000001,0.1664665465224503,785,0.6,0.25,0.3333333333333333,0.5166666666666667,0.7,0.4711607933044434,0.021082687377929687
sqrt,5,0.001,0.3,50,0.53,0.04760952285695236,689,0.45,0.5333333333333333,0.5333333333333333,0.5333333333333333,0.6000000000000001,0.47814044952392576,0.021186351776123047
sqrt,5,0.001,0.5,5,0.5199999999999999,0.1774510887227489,721,0.6166666666666667,0.3333333333333333,0.3333333333333333,0.5166666666666667,0.8,0.4664764404296875,0.020816278457641602
sqrt,5,0.001,0.5,10,0.54,0.19223827807061622,657,0.7166666666666667,0.3333333333333333,0.3333333333333333,0.5166666666666667,0.8,0.46750850677490235,0.021008634567260744
sqrt,5,0.001,0.5,20,0.4800000000000001,0.1664665465224503,785,0.6,0.25,0.3333333333333333,0.5166666666666667,0.7,0.4707645893096924,0.020767354965209962
sqrt,5,0.001,0.5,50,0.53,0.04760952285695236,689,0.45,0.5333333333333333,0.5333333333333333,0.5333333333333333,0.6000000000000001,0.4756753444671631,0.021140193939208983
sqrt,5,0.001,0.7,5,0.5199999999999999,0.1774510887227489,721,0.6166666666666667,0.3333333333333333,0.3333333333333333,0.5166666666666667,0.8,0.4675868511199951,0.02105426788330078
sqrt,5,0.001,0.7,10,0.54,0.19223827807061622,657,0.7166666666666667,0.3333333333333333,0.3333333333333333,0.5166666666666667,0.8,0.470596170425415,0.021692752838134766
sqrt,5,0.001,0.7,20,0.4800000000000001,0.1664665465224503,785,0.6,0.25,0.3333333333333333,0.5166666666666667,0.7,0.4741050243377686,0.021046161651611328
sqrt,5,0.001,0.7,50,0.53,0.04760952285695236,689,0.45,0.5333333333333333,0.5333333333333333,0.5333333333333333,0.6000000000000001,0.47710728645324707,0.021173858642578126
sqrt,5,0.001,0.9,5,0.5199999999999999,0.1774510887227489,721,0.6166666666666667,0.3333333333333333,0.3333333333333333,0.5166666666666667,0.8,0.46707539558410643,0.02091245651245117
sqrt,5,0.001,0.9,10,0.54,0.19223827807061622,657,0.7166666666666667,0.3333333333333333,0.3333333333333333,0.5166666666666667,0.8,0.467544412612915,0.020969629287719727
sqrt,5,0.001,0.9,20,0.4800000000000001,0.1664665465224503,785,0.6,0.25,0.3333333333333333,0.5166666666666667,0.7,0.47116875648498535,0.020935869216918944
sqrt,5,0.001,0.9,50,0.53,0.04760952285695236,689,0.45,0.5333333333333333,0.5333333333333333,0.5333333333333333,0.6000000000000001,0.48030695915222166,0.020896148681640626
sqrt,5,0.00359381,0.1,5,0.5199999999999999,0.1774510887227489,721,0.6166666666666667,0.3333333333333333,0.3333333333333333,0.5166666666666667,0.8,0.46601409912109376,0.020825719833374022
sqrt,5,0.00359381,0.1,10,0.54,0.19223827807061622,657,0.7166666666666667,0.3333333333333333,0.3333333333333333,0.5166666666666667,0.8,0.4498967170715332,0.020149850845336915
sqrt,5,0.00359381,0.1,20,0.4800000000000001,0.1664665465224503,785,0.6,0.25,0.3333333333333333,0.5166666666666667,0.7,0.4572246551513672,0.020449352264404298
sqrt,5,0.00359381,0.1,50,0.53,0.04760952285695236,689,0.45,0.5333333333333333,0.5333333333333333,0.5333333333333333,0.6000000000000001,0.4787954330444336,0.02140803337097168
sqrt,5,0.00359381,0.3,5,0.5199999999999999,0.1774510887227489,721,0.6166666666666667,0.3333333333333333,0.3333333333333333,0.5166666666666667,0.8,0.4672850131988525,0.02090301513671875
sqrt,5,0.00359381,0.3,10,0.54,0.19223827807061622,657,0.7166666666666667,0.3333333333333333,0.3333333333333333,0.5166666666666667,0.8,0.46745500564575193,0.021125650405883788
sqrt,5,0.00359381,0.3,20,0.4800000000000001,0.1664665465224503,785,0.6,0.25,0.3333333333333333,0.5166666666666667,0.7,0.4715599060058594,0.021143531799316405
sqrt,5,0.00359381,0.3,50,0.53,0.04760952285695236,689,0.45,0.5333333333333333,0.5333333333333333,0.5333333333333333,0.6000000000000001,0.4780007839202881,0.021242856979370117
sqrt,5,0.00359381,0.5,5,0.5199999999999999,0.1774510887227489,721,0.6166666666666667,0.3333333333333333,0.3333333333333333,0.5166666666666667,0.8,0.46786036491394045,0.020974493026733397
sqrt,5,0.00359381,0.5,10,0.54,0.19223827807061622,657,0.7166666666666667,0.3333333333333333,0.3333333333333333,0.5166666666666667,0.8,0.4692203998565674,0.021074247360229493
sqrt,5,0.00359381,0.5,20,0.4800000000000001,0.1664665465224503,785,0.6,0.25,0.3333333333333333,0.5166666666666667,0.7,0.47496848106384276,0.02090458869934082
sqrt,5,0.00359381,0.5,50,0.53,0.04760952285695236,689,0.45,0.5333333333333333,0.5333333333333333,0.5333333333333333,0.6000000000000001,0.47801408767700193,0.021297311782836913
sqrt,5,0.00359381,0.7,5,0.5199999999999999,0.1774510887227489,721,0.6166666666666667,0.3333333333333333,0.3333333333333333,0.5166666666666667,0.8,0.4668647289276123,0.020966815948486327
sqrt,5,0.00359381,0.7,10,0.54,0.19223827807061622,657,0.7166666666666667,0.3333333333333333,0.3333333333333333,0.5166666666666667,0.8,0.46723713874816897,0.02104649543762207
sqrt,5,0.00359381,0.7,20,0.4800000000000001,0.1664665465224503,785,0.6,0.25,0.3333333333333333,0.5166666666666667,0.7,0.4743054866790771,0.02082996368408203
sqrt,5,0.00359381,0.7,50,0.53,0.04760952285695236,689,0.45,0.5333333333333333,0.5333333333333333,0.5333333333333333,0.6000000000000001,0.48149633407592773,0.020989036560058592
sqrt,5,0.00359381,0.9,5,0.5199999999999999,0.1774510887227489,721,0.6166666666666667,0.3333333333333333,0.3333333333333333,0.5166666666666667,0.8,0.46711082458496095,0.020811033248901368
sqrt,5,0.00359381,0.9,10,0.54,0.19223827807061622,657,0.7166666666666667,0.3333333333333333,0.3333333333333333,0.5166666666666667,0.8,0.46569170951843264,0.020871877670288086
sqrt,5,0.00359381,0.9,20,0.4800000000000001,0.1664665465224503,785,0.6,0.25,0.3333333333333333,0.5166666666666667,0.7,0.4548811912536621,0.020140981674194335
sqrt,5,0.00359381,0.9,50,0.53,0.04760952285695236,689,0.45,0.5333333333333333,0.5333333333333333,0.5333333333333333,0.6000000000000001,0.45549664497375486,0.02016415596008301
sqrt,5,0.0129155,0.1,5,0.74,0.10780641085864154,151,0.8166666666666667,0.5333333333333333,0.8166666666666667,0.7333333333333334,0.8,0.4609096050262451,0.02020092010498047
sqrt,5,0.0129155,0.1,10,0.7766666666666666,0.09580071908799942,48,0.8166666666666667,0.6166666666666667,0.8166666666666667,0.7333333333333334,0.9,0.464154577255249,0.02015714645385742
sqrt,5,0.0129155,0.1,20,0.7766666666666666,0.09580071908799942,48,0.8166666666666667,0.6166666666666667,0.8166666666666667,0.7333333333333334,0.9,0.4790171146392822,0.02103433609008789
sqrt,5,0.0129155,0.1,50,0.77,0.09333333333333332,79,0.8,0.6166666666666667,0.8,0.7333333333333334,0.9,0.4888115406036377,0.021213197708129884
sqrt,5,0.0129155,0.3,5,0.5199999999999999,0.1774510887227489,721,0.6166666666666667,0.3333333333333333,0.3333333333333333,0.5166666666666667,0.8,0.47044100761413576,0.020949268341064455
sqrt,5,0.0129155,0.3,10,0.54,0.19223827807061622,657,0.7166666666666667,0.3333333333333333,0.3333333333333333,0.5166666666666667,0.8,0.46806964874267576,0.02105703353881836
sqrt,5,0.0129155,0.3,20,0.4800000000000001,0.1664665465224503,785,0.6,0.25,0.3333333333333333,0.5166666666666667,0.7,0.47099599838256834,0.021089458465576173
sqrt,5,0.0129155,0.3,50,0.53,0.04760952285695236,689,0.45,0.5333333333333333,0.5333333333333333,0.5333333333333333,0.6000000000000001,0.47707619667053225,0.020930147171020506
sqrt,5,0.0129155,0.5,5,0.5199999999999999,0.1774510887227489,721,0.6166666666666667,0.3333333333333333,0.3333333333333333,0.5166666666666667,0.8,0.4665056705474854,0.02092585563659668
sqrt,5,0.0129155,0.5,10,0.54,0.19223827807061622,657,0.7166666666666667,0.3333333333333333,0.3333333333333333,0.5166666666666667,0.8,0.4695569038391113,0.020929384231567382
sqrt,5,0.0129155,0.5,20,0.4800000000000001,0.1664665465224503,785,0.6,0.25,0.3333333333333333,0.5166666666666667,0.7,0.4709646224975586,0.021122264862060546
sqrt,5,0.0129155,0.5,50,0.53,0.04760952285695236,689,0.45,0.5333333333333333,0.5333333333333333,0.5333333333333333,0.6000000000000001,0.47678494453430176,0.02118029594421387
sqrt,5,0.0129155,0.7,5,0.5199999999999999,0.1774510887227489,721,0.6166666666666667,0.3333333333333333,0.3333333333333333,0.5166666666666667,0.8,0.4674032688140869,0.020912742614746092
sqrt,5,0.0129155,0.7,10,0.54,0.19223827807061622,657,0.7166666666666667,0.3333333333333333,0.3333333333333333,0.5166666666666667,0.8,0.46724228858947753,0.020792102813720702
sqrt,5,0.0129155,0.7,20,0.4800000000000001,0.1664665465224503,785,0.6,0.25,0.3333333333333333,0.5166666666666667,0.7,0.4715734481811523,0.02101001739501953
sqrt,5,0.0129155,0.7,50,0.53,0.04760952285695236,689,0.45,0.5333333333333333,0.5333333333333333,0.5333333333333333,0.6000000000000001,0.4772226810455322,0.02126035690307617
sqrt,5,0.0129155,0.9,5,0.5199999999999999,0.1774510887227489,721,0.6166666666666667,0.3333333333333333,0.3333333333333333,0.5166666666666667,0.8,0.46596927642822267,0.020949363708496094
sqrt,5,0.0129155,0.9,10,0.54,0.19223827807061622,657,0.7166666666666667,0.3333333333333333,0.3333333333333333,0.5166666666666667,0.8,0.46570525169372556,0.020764255523681642
sqrt,5,0.0129155,0.9,20,0.4800000000000001,0.1664665465224503,785,0.6,0.25,0.3333333333333333,0.5166666666666667,0.7,0.4524343490600586,0.02042670249938965
sqrt,5,0.0129155,0.9,50,0.53,0.04760952285695236,689,0.45,0.5333333333333333,0.5333333333333333,0.5333333333333333,0.6000000000000001,0.464232873916626,0.02055068016052246
sqrt,5,0.0464159,0.1,5,0.7933333333333333,0.11085526098877262,16,0.9166666666666667,0.6166666666666667,0.9,0.7333333333333334,0.8,0.48147120475769045,0.020496463775634764
sqrt,5,0.0464159,0.1,10,0.7933333333333332,0.09404490653110589,29,0.8166666666666667,0.6166666666666667,0.8166666666666667,0.8166666666666667,0.9,0.4924151420593262,0.020932435989379883
sqrt,5,0.0464159,0.1,20,0.7799999999999999,0.08259674462242575,35,0.8166666666666667,0.6166666666666667,0.8333333333333333,0.8333333333333333,0.8,0.49407229423522947,0.021272945404052734
sqrt,5,0.0464159,0.1,50,0.7566666666666666,0.08069145624606801,94,0.8166666666666667,0.6166666666666667,0.7166666666666667,0.8333333333333333,0.8,0.4987025260925293,0.02130575180053711
sqrt,5,0.0464159,0.3,5,0.8166666666666668,0.08232726023485647,1,0.9166666666666667,0.7166666666666667,0.8166666666666667,0.7333333333333334,0.9,0.4908905506134033,0.020923089981079102
sqrt,5,0.0464159,0.3,10,0.7566666666666666,0.07644896627453142,94,0.8166666666666667,0.6166666666666667,0.8166666666666667,0.7333333333333334,0.8,0.4942296028137207,0.021099090576171875
sqrt,5,0.0464159,0.3,20,0.7733333333333334,0.0946337971105226,60,0.8166666666666667,0.6166666666666667,0.9,0.7333333333333334,0.8,0.4968437671661377,0.021138715744018554
sqrt,5,0.0464159,0.3,50,0.77,0.10022197585581939,79,0.8,0.6166666666666667,0.7,0.8333333333333333,0.9,0.4988490104675293,0.021297693252563477
sqrt,5,0.0464159,0.5,5,0.7766666666666666,0.12138094304022083,48,0.8166666666666667,0.6166666666666667,0.9,0.65,0.9,0.48932619094848634,0.020881080627441408
sqrt,5,0.0464159,0.5,10,0.7566666666666666,0.12364824660660938,94,0.7333333333333334,0.5333333333333333,0.9,0.8166666666666667,0.8,0.49134254455566406,0.021042680740356444
sqrt,5,0.0464159,0.5,20,0.72,0.10187137859957418,227,0.7333333333333334,0.7166666666666667,0.6,0.65,0.9,0.5012322902679444,0.02096138000488281
sqrt,5,0.0464159,0.5,50,0.7533333333333332,0.09392668535736916,144,0.6333333333333333,0.7166666666666667,0.7,0.8166666666666667,0.9,0.49906492233276367,0.02101612091064453
sqrt,5,0.0464159,0.7,5,0.5199999999999999,0.1774510887227489,721,0.6166666666666667,0.3333333333333333,0.3333333333333333,0.5166666666666667,0.8,0.4696613311767578,0.021021223068237303
sqrt,5,0.0464159,0.7,10,0.54,0.19223827807061622,657,0.7166666666666667,0.3333333333333333,0.3333333333333333,0.5166666666666667,0.8,0.4721353054046631,0.020907068252563478
sqrt,5,0.0464159,0.7,20,0.4800000000000001,0.1664665465224503,785,0.6,0.25,0.3333333333333333,0.5166666666666667,0.7,0.4702754497528076,0.02080998420715332
sqrt,5,0.0464159,0.7,50,0.53,0.04760952285695236,689,0.45,0.5333333333333333,0.5333333333333333,0.5333333333333333,0.6000000000000001,0.4583498477935791,0.020196914672851562
sqrt,5,0.0464159,0.9,5,0.5199999999999999,0.1774510887227489,721,0.6166666666666667,0.3333333333333333,0.3333333333333333,0.5166666666666667,0.8,0.4510227680206299,0.020248937606811523
sqrt,5,0.0464159,0.9,10,0.54,0.19223827807061622,657,0.7166666666666667,0.3333333333333333,0.3333333333333333,0.5166666666666667,0.8,0.4517513275146484,0.020111846923828124
sqrt,5,0.0464159,0.9,20,0.4800000000000001,0.1664665465224503,785,0.6,0.25,0.3333333333333333,0.5166666666666667,0.7,0.4640482425689697,0.02075333595275879
sqrt,5,0.0464159,0.9,50,0.53,0.04760952285695236,689,0.45,0.5333333333333333,0.5333333333333333,0.5333333333333333,0.6000000000000001,0.4774160861968994,0.021053314208984375
sqrt,5,0.16681,0.1,5,0.74,0.11135528725660045,151,0.9166666666666667,0.6166666666666667,0.8166666666666667,0.65,0.7,0.5184248924255371,0.0209597110748291
sqrt,5,0.16681,0.1,10,0.7166666666666666,0.08628119403696521,270,0.8166666666666667,0.6166666666666667,0.8166666666666667,0.6333333333333333,0.7,0.5203976631164551,0.02074894905090332
sqrt,5,0.16681,0.1,20,0.7566666666666666,0.10252370999486467,94,0.8166666666666667,0.6166666666666667,0.9166666666666667,0.7333333333333334,0.7,0.5212702274322509,0.020767784118652342
sqrt,5,0.16681,0.1,50,0.7733333333333333,0.11623730516108464,70,0.7166666666666667,0.6166666666666667,0.7166666666666667,0.9166666666666667,0.9,0.5259734630584717,0.021002912521362306
sqrt,5,0.16681,0.3,5,0.8166666666666668,0.08232726023485647,1,0.9166666666666667,0.7166666666666667,0.8166666666666667,0.7333333333333334,0.9,0.5275011539459229,0.020852184295654295
sqrt,5,0.16681,0.3,10,0.7733333333333334,0.10088497300281038,60,0.9166666666666667,0.6166666666666667,0.8166666666666667,0.7166666666666667,0.8,0.5297690391540527,0.02092747688293457
sqrt,5,0.16681,0.3,20,0.8133333333333332,0.10974718422102887,5,0.8166666666666667,0.6166666666666667,0.9166666666666667,0.9166666666666667,0.8,0.5337456703186035,0.02154078483581543
sqrt,5,0.16681,0.3,50,0.7700000000000001,0.09333333333333332,78,0.7333333333333334,0.6166666666666667,0.8,0.9,0.8,0.5374708652496338,0.021184968948364257
sqrt,5,0.16681,0.5,5,0.78,0.10821788720498618,31,0.75,0.6166666666666667,0.9,0.7333333333333334,0.9,0.5392021179199219,0.02101902961730957
sqrt,5,0.16681,0.5,10,0.7733333333333334,0.0946337971105226,60,0.8166666666666667,0.6166666666666667,0.9,0.7333333333333334,0.8,0.539421796798706,0.021081256866455077
sqrt,5,0.16681,0.5,20,0.7733333333333334,0.10088497300281038,60,0.8166666666666667,0.6166666666666667,0.9166666666666667,0.7166666666666667,0.8,0.5418196201324463,0.02110600471496582
sqrt,5,0.16681,0.5,50,0.7566666666666666,0.08069145624606801,94,0.8166666666666667,0.6166666666666667,0.7166666666666667,0.8333333333333333,0.8,0.5404976367950439,0.02093505859375
sqrt,5,0.16681,0.7,5,0.8133333333333335,0.11897712198383165,3,0.9166666666666667,0.6166666666666667,0.9,0.7333333333333334,0.9,0.5098533630371094,0.019926023483276368
sqrt,5,0.16681,0.7,10,0.7933333333333333,0.11085526098877262,16,0.9166666666666667,0.6166666666666667,0.9,0.7333333333333334,0.8,0.5131862163543701,0.02020883560180664
sqrt,5,0.16681,0.7,20,0.7499999999999999,0.13291601358251257,145,0.8166666666666667,0.5166666666666667,0.7,0.8166666666666667,0.9,0.5146973609924317,0.02020092010498047
sqrt,5,0.16681,0.7,50,0.7366666666666666,0.11175369742826806,192,0.6333333333333333,0.6166666666666667,0.7,0.8333333333333333,0.9,0.5355176448822021,0.02100529670715332
sqrt,5,0.16681,0.9,5,0.8133333333333335,0.11897712198383165,3,0.9166666666666667,0.6166666666666667,0.9,0.7333333333333334,0.9,0.5271561145782471,0.02114863395690918
sqrt,5,0.16681,0.9,10,0.7533333333333333,0.09741092797468305,130,0.8166666666666667,0.6166666666666667,0.7,0.7333333333333334,0.9,0.5263330459594726,0.021122503280639648
sqrt,5,0.16681,0.9,20,0.6766666666666665,0.1098483803552272,432,0.55,0.6166666666666667,0.6,0.8166666666666667,0.8,0.5281556606292724,0.02107396125793457
sqrt,5,0.16681,0.9,50,0.7566666666666666,0.09637888196533975,94,0.6333333333333333,0.7166666666666667,0.7,0.8333333333333333,0.9,0.5331513404846191,0.021239709854125977
sqrt,5,0.599484,0.1,5,0.72,0.11372481406154653,227,0.8166666666666667,0.6166666666666667,0.8166666666666667,0.55,0.8,0.5935690879821778,0.02126150131225586
sqrt,5,0.599484,0.1,10,0.7966666666666666,0.1142122779934121,11,0.9166666666666667,0.6166666666666667,0.9166666666666667,0.7333333333333334,0.8,0.5963695049285889,0.020867395401000976
sqrt,5,0.599484,0.1,20,0.7766666666666667,0.09921917377424812,36,0.8166666666666667,0.6166666666666667,0.9166666666666667,0.7333333333333334,0.8,0.5949155330657959,0.021240949630737305
sqrt,5,0.599484,0.1,50,0.7366666666666667,0.09153020145163988,180,0.7166666666666667,0.6166666666666667,0.7166666666666667,0.7333333333333334,0.9,0.6012099742889404,0.021060991287231445
sqrt,5,0.599484,0.3,5,0.7433333333333334,0.07039570693980958,148,0.75,0.6166666666666667,0.8166666666666667,0.7333333333333334,0.8,0.611782169342041,0.020953035354614256
sqrt,5,0.599484,0.3,10,0.7733333333333334,0.127627931460511,60,0.9166666666666667,0.6166666666666667,0.9,0.6333333333333333,0.8,0.6125047206878662,0.020833826065063475
sqrt,5,0.599484,0.3,20,0.7933333333333333,0.09752492558885197,16,0.8166666666666667,0.6166666666666667,0.9166666666666667,0.8166666666666667,0.8,0.6268341541290283,0.020946598052978514
sqrt,5,0.599484,0.3,50,0.7733333333333333,0.11623730516108464,70,0.7166666666666667,0.6166666666666667,0.7166666666666667,0.9166666666666667,0.9,0.6139220237731934,0.021112442016601562
sqrt,5,0.599484,0.5,5,0.7233333333333333,0.0793025150224688,216,0.65,0.6166666666666667,0.8166666666666667,0.7333333333333334,0.8,0.60916109085083,0.02015409469604492
sqrt,5,0.599484,0.5,10,0.7933333333333333,0.11085526098877262,16,0.9166666666666667,0.6166666666666667,0.9,0.7333333333333334,0.8,0.6107585430145264,0.020116186141967772
sqrt,5,0.599484,0.5,20,0.7333333333333332,0.09545214042184234,202,0.8166666666666667,0.6166666666666667,0.6166666666666667,0.8166666666666667,0.8,0.6162462711334229,0.020041656494140626
sqrt,5,0.599484,0.5,50,0.7366666666666666,0.10561986345169908,192,0.6333333333333333,0.6166666666666667,0.8,0.7333333333333334,0.9,0.6363296031951904,0.020970916748046874
sqrt,5,0.599484,0.7,5,0.76,0.12046207333061767,83,0.65,0.6166666666666667,0.9,0.7333333333333334,0.9,0.660443925857544,0.02081637382507324
sqrt,5,0.599484,0.7,10,0.8099999999999999,0.10677078252031312,8,0.9166666666666667,0.6166666666666667,0.9,0.8166666666666667,0.8,0.6628892898559571,0.02088918685913086
sqrt,5,0.599484,0.7,20,0.7333333333333332,0.09545214042184234,202,0.8166666666666667,0.6166666666666667,0.6166666666666667,0.8166666666666667,0.8,0.6686084747314454,0.021175909042358398
sqrt,5,0.599484,0.7,50,0.7166666666666666,0.08232726023485647,270,0.6333333333333333,0.6166666666666667,0.7166666666666667,0.8166666666666667,0.8,0.6830458164215087,0.02104029655456543
sqrt,5,0.599484,0.9,5,0.78,0.10187137859957417,31,0.65,0.7166666666666667,0.9,0.7333333333333334,0.9,0.6704871177673339,0.021000051498413087
sqrt,5,0.599484,0.9,10,0.8133333333333332,0.0825967446224258,5,0.9166666666666667,0.7166666666666667,0.9,0.7333333333333334,0.8,0.6765564441680908,0.0227386474609375
sqrt,5,0.599484,0.9,20,0.7133333333333333,0.12400716825158847,293,0.8166666666666667,0.5166666666666667,0.6166666666666667,0.8166666666666667,0.8,0.6733509063720703,0.02110767364501953
sqrt,5,0.599484,0.9,50,0.7,0.11498792207106892,337,0.6333333333333333,0.5166666666666667,0.7166666666666667,0.8333333333333333,0.8,0.677174711227417,0.021131181716918947
sqrt,5,2.15443,0.1,5,0.7366666666666667,0.09153020145163987,180,0.8166666666666667,0.6166666666666667,0.8166666666666667,0.6333333333333333,0.8,0.7060588359832763,0.02095942497253418
sqrt,5,2.15443,0.1,10,0.7766666666666667,0.09921917377424813,36,0.9166666666666667,0.6166666666666667,0.8166666666666667,0.7333333333333334,0.8,0.7084760189056396,0.020703125
sqrt,5,2.15443,0.1,20,0.7933333333333333,0.09752492558885197,16,0.8166666666666667,0.6166666666666667,0.9166666666666667,0.8166666666666667,0.8,0.6837272644042969,0.020220136642456053
sqrt,5,2.15443,0.1,50,0.7333333333333334,0.11450376024878448,196,0.7166666666666667,0.6166666666666667,0.6166666666666667,0.9166666666666667,0.8,0.6983116149902344,0.020742273330688475
sqrt,5,2.15443,0.3,5,0.7566666666666666,0.07644896627453142,94,0.8166666666666667,0.6166666666666667,0.8166666666666667,0.7333333333333334,0.8,0.7864565849304199,0.021172809600830077
sqrt,5,2.15443,0.3,10,0.7533333333333333,0.077746025264604,130,0.8166666666666667,0.6166666666666667,0.8166666666666667,0.7166666666666667,0.8,0.7831119537353516,0.021026086807250977
sqrt,5,2.15443,0.3,20,0.7933333333333333,0.09752492558885197,16,0.8166666666666667,0.6166666666666667,0.9166666666666667,0.8166666666666667,0.8,0.7833852291107177,0.021016740798950197
sqrt,5,2.15443,0.3,50,0.7533333333333333,0.10022197585581942,130,0.7166666666666667,0.6166666666666667,0.7166666666666667,0.9166666666666667,0.8,0.7890369415283203,0.020994281768798827
sqrt,5,2.15443,0.5,5,0.74,0.08793937305515279,151,0.8166666666666667,0.6166666666666667,0.8166666666666667,0.65,0.8,0.8203307151794433,0.021093416213989257
sqrt,5,2.15443,0.5,10,0.7766666666666666,0.09345230512584124,48,0.75,0.6166666666666667,0.9,0.8166666666666667,0.8,0.82420973777771,0.021033620834350585
sqrt,5,2.15443,0.5,20,0.7333333333333332,0.09545214042184234,202,0.8166666666666667,0.6166666666666667,0.6166666666666667,0.8166666666666667,0.8,0.8276577472686768,0.021046257019042967
sqrt,5,2.15443,0.5,50,0.7566666666666667,0.12849556844930926,89,0.6333333333333333,0.6166666666666667,0.7166666666666667,0.9166666666666667,0.9,0.8332463264465332,0.02102217674255371
sqrt,5,2.15443,0.7,5,0.7233333333333333,0.0793025150224688,216,0.65,0.6166666666666667,0.8166666666666667,0.7333333333333334,0.8,0.8669599056243896,0.02091364860534668
sqrt,5,2.15443,0.7,10,0.6833333333333333,0.0767390962214756,376,0.75,0.6166666666666667,0.6166666666666667,0.6333333333333333,0.8,0.8444195747375488,0.020269298553466798
sqrt,5,2.15443,0.7,20,0.6733333333333335,0.07423685817106697,433,0.7166666666666667,0.6166666666666667,0.6166666666666667,0.6166666666666667,0.8,0.870053482055664,0.020975828170776367
sqrt,5,2.15443,0.7,50,0.72,0.10077477638553985,227,0.6333333333333333,0.6166666666666667,0.7166666666666667,0.7333333333333334,0.9,0.8720657348632812,0.0211122989654541
sqrt,5,2.15443,0.9,5,0.74,0.10252370999486465,151,0.65,0.6166666666666667,0.9,0.7333333333333334,0.8,0.8871376037597656,0.021027517318725587
sqrt,5,2.15443,0.9,10,0.76,0.11135528725660045,83,0.9166666666666667,0.6166666666666667,0.8166666666666667,0.65,0.8,0.9020736694335938,0.02142610549926758
sqrt,5,2.15443,0.9,20,0.7133333333333333,0.08589399151150083,293,0.8166666666666667,0.6166666666666667,0.6166666666666667,0.7166666666666667,0.8,0.8938889980316163,0.02265033721923828
sqrt,5,2.15443,0.9,50,0.7166666666666666,0.07888106377466157,270,0.6333333333333333,0.6166666666666667,0.8,0.7333333333333334,0.8,0.8975058555603027,0.020934915542602538
sqrt,5,7.74264,0.1,5,0.7566666666666666,0.11479450238481712,94,0.8166666666666667,0.6166666666666667,0.9166666666666667,0.6333333333333333,0.8,0.7637342929840087,0.020902061462402345
sqrt,5,7.74264,0.1,10,0.7533333333333333,0.077746025264604,130,0.8166666666666667,0.6166666666666667,0.8166666666666667,0.7166666666666667,0.8,0.7661342144012451,0.021179056167602538
sqrt,5,7.74264,0.1,20,0.7966666666666666,0.11125546178852423,11,0.8166666666666667,0.6166666666666667,0.9166666666666667,0.7333333333333334,0.9,0.7609490871429443,0.020855426788330078
sqrt,5,7.74264,0.1,50,0.7166666666666666,0.09006170724070862,270,0.7166666666666667,0.6166666666666667,0.6166666666666667,0.8333333333333333,0.8,0.7482082366943359,0.020524024963378906
sqrt,5,7.74264,0.3,5,0.7566666666666666,0.07644896627453142,94,0.8166666666666667,0.6166666666666667,0.8166666666666667,0.7333333333333334,0.8,0.9719643592834473,0.020780467987060548
sqrt,5,7.74264,0.3,10,0.7200000000000001,0.07916228058025278,222,0.7166666666666667,0.6166666666666667,0.8166666666666667,0.65,0.8,0.9742190361022949,0.020919609069824218
sqrt,5,7.74264,0.3,20,0.7933333333333333,0.09752492558885197,16,0.8166666666666667,0.6166666666666667,0.9166666666666667,0.8166666666666667,0.8,0.9719597816467285,0.021319103240966798
sqrt,5,7.74264,0.3,50,0.7533333333333333,0.10022197585581942,130,0.7166666666666667,0.6166666666666667,0.7166666666666667,0.9166666666666667,0.8,0.9720465660095214,0.021142005920410156
sqrt,5,7.74264,0.5,5,0.7566666666666666,0.07644896627453142,94,0.8166666666666667,0.6166666666666667,0.8166666666666667,0.7333333333333334,0.8,1.0739538192749023,0.02147669792175293
sqrt,5,7.74264,0.5,10,0.7566666666666666,0.07644896627453142,94,0.8166666666666667,0.6166666666666667,0.8166666666666667,0.7333333333333334,0.8,1.0764465808868409,0.020940828323364257
sqrt,5,7.74264,0.5,20,0.7933333333333333,0.09752492558885197,16,0.8166666666666667,0.6166666666666667,0.9166666666666667,0.8166666666666667,0.8,1.0724121570587157,0.021118831634521485
sqrt,5,7.74264,0.5,50,0.7733333333333332,0.10088497300281038,73,0.8166666666666667,0.6166666666666667,0.7166666666666667,0.9166666666666667,0.8,1.0387277126312255,0.020367908477783202
sqrt,5,7.74264,0.7,5,0.7733333333333334,0.0946337971105226,60,0.8166666666666667,0.6166666666666667,0.9,0.7333333333333334,0.8,1.065493392944336,0.020981502532958985
sqrt,5,7.74264,0.7,10,0.7533333333333333,0.077746025264604,130,0.8166666666666667,0.6166666666666667,0.8166666666666667,0.7166666666666667,0.8,1.0662720680236817,0.021107244491577148
sqrt,5,7.74264,0.7,20,0.7333333333333332,0.09545214042184234,202,0.8166666666666667,0.6166666666666667,0.6166666666666667,0.8166666666666667,0.8,1.0684248447418212,0.021187353134155273
sqrt,5,7.74264,0.7,50,0.7733333333333332,0.10088497300281038,73,0.8166666666666667,0.6166666666666667,0.7166666666666667,0.9166666666666667,0.8,1.0770051956176758,0.02104320526123047
sqrt,5,7.74264,0.9,5,0.7233333333333333,0.0793025150224688,216,0.65,0.6166666666666667,0.8166666666666667,0.7333333333333334,0.8,1.1765668392181396,0.021001672744750975
sqrt,5,7.74264,0.9,10,0.72,0.07916228058025278,227,0.65,0.6166666666666667,0.8166666666666667,0.7166666666666667,0.8,1.1786803722381591,0.021349668502807617
sqrt,5,7.74264,0.9,20,0.7133333333333333,0.08589399151150083,293,0.7166666666666667,0.6166666666666667,0.6166666666666667,0.8166666666666667,0.8,1.1606338024139404,0.02085590362548828
sqrt,5,7.74264,0.9,50,0.72,0.13719410418171119,227,0.6333333333333333,0.5166666666666667,0.7166666666666667,0.8333333333333333,0.9,1.1623303413391113,0.020801639556884764
sqrt,5,27.8256,0.1,5,0.6966666666666667,0.15613384571507158,356,0.8166666666666667,0.4166666666666667,0.8166666666666667,0.6333333333333333,0.8,0.7667405605316162,0.020846748352050783
sqrt,5,27.8256,0.1,10,0.74,0.09463379711052258,151,0.8166666666666667,0.6166666666666667,0.8333333333333333,0.6333333333333333,0.8,0.7676429748535156,0.02097792625427246
sqrt,5,27.8256,0.1,20,0.7766666666666666,0.09580071908799942,48,0.8166666666666667,0.6166666666666667,0.8166666666666667,0.7333333333333334,0.9,0.7692548274993897,0.021515560150146485
sqrt,5,27.8256,0.1,50,0.6966666666666667,0.07102425250887506,356,0.7166666666666667,0.6166666666666667,0.6166666666666667,0.7333333333333334,0.8,0.7740278244018555,0.02099747657775879
sqrt,5,27.8256,0.3,5,0.7366666666666667,0.09153020145163987,180,0.8166666666666667,0.6166666666666667,0.8166666666666667,0.6333333333333333,0.8,0.9087389945983887,0.021016645431518554
sqrt,5,27.8256,0.3,10,0.7566666666666666,0.11479450238481712,94,0.9166666666666667,0.6166666666666667,0.8166666666666667,0.6333333333333333,0.8,0.9088245391845703,0.021025896072387695
sqrt,5,27.8256,0.3,20,0.7766666666666666,0.09580071908799942,48,0.8166666666666667,0.6166666666666667,0.8166666666666667,0.7333333333333334,0.9,0.9199665546417236,0.021717071533203125
sqrt,5,27.8256,0.3,50,0.7166666666666666,0.09006170724070862,270,0.7166666666666667,0.6166666666666667,0.6166666666666667,0.8333333333333333,0.8,0.9051734924316406,0.020935869216918944
sqrt,5,27.8256,0.5,5,0.7166666666666666,0.08628119403696521,270,0.8166666666666667,0.6166666666666667,0.8166666666666667,0.6333333333333333,0.7,1.0674921989440918,0.02075619697570801
sqrt,5,27.8256,0.5,10,0.7766666666666667,0.13106402167558337,36,0.9166666666666667,0.6166666666666667,0.9166666666666667,0.6333333333333333,0.8,1.0848760604858398,0.021157503128051758
sqrt,5,27.8256,0.5,20,0.7933333333333333,0.09752492558885197,16,0.8166666666666667,0.6166666666666667,0.9166666666666667,0.8166666666666667,0.8,1.0897823810577392,0.021463298797607423
sqrt,5,27.8256,0.5,50,0.7166666666666668,0.05868938953886337,256,0.7166666666666667,0.6166666666666667,0.7166666666666667,0.7333333333333334,0.8,1.0903613090515136,0.021113204956054687
sqrt,5,27.8256,0.7,5,0.7566666666666666,0.07644896627453142,94,0.8166666666666667,0.6166666666666667,0.8166666666666667,0.7333333333333334,0.8,1.193033266067505,0.021016550064086915
sqrt,5,27.8256,0.7,10,0.7200000000000001,0.07916228058025278,222,0.7166666666666667,0.6166666666666667,0.8166666666666667,0.65,0.8,1.1963996410369873,0.021292877197265626
sqrt,5,27.8256,0.7,20,0.7933333333333333,0.09752492558885197,16,0.8166666666666667,0.6166666666666667,0.9166666666666667,0.8166666666666667,0.8,1.183290719985962,0.020830774307250978
sqrt,5,27.8256,0.7,50,0.7333333333333334,0.1308094458023239,196,0.7166666666666667,0.5166666666666667,0.7166666666666667,0.9166666666666667,0.8,1.159856653213501,0.02052130699157715
sqrt,5,27.8256,0.9,5,0.7566666666666666,0.07644896627453142,94,0.8166666666666667,0.6166666666666667,0.8166666666666667,0.7333333333333334,0.8,1.2931485176086426,0.021178436279296876
sqrt,5,27.8256,0.9,10,0.7733333333333332,0.07859884081701063,73,0.8166666666666667,0.6166666666666667,0.8166666666666667,0.8166666666666667,0.8,1.2970203399658202,0.021042728424072267
sqrt,5,27.8256,0.9,20,0.7933333333333333,0.09752492558885197,16,0.8166666666666667,0.6166666666666667,0.9166666666666667,0.8166666666666667,0.8,1.2909395217895507,0.021123361587524415
sqrt,5,27.8256,0.9,50,0.7533333333333333,0.10022197585581942,130,0.7166666666666667,0.6166666666666667,0.7166666666666667,0.9166666666666667,0.8,1.2991464138031006,0.021021652221679687
sqrt,5,100.0,0.1,5,0.6966666666666667,0.15613384571507158,356,0.8166666666666667,0.4166666666666667,0.8166666666666667,0.6333333333333333,0.8,0.817591381072998,0.021029138565063478
sqrt,5,100.0,0.1,10,0.74,0.09463379711052258,151,0.8166666666666667,0.6166666666666667,0.8333333333333333,0.6333333333333333,0.8,0.8213355064392089,0.020998382568359376
sqrt,5,100.0,0.1,20,0.7766666666666666,0.1147945023848171,48,0.7166666666666667,0.6166666666666667,0.9166666666666667,0.7333333333333334,0.9,0.8103442192077637,0.02059597969055176
sqrt,5,100.0,0.1,50,0.7566666666666667,0.0992191737742481,89,0.7166666666666667,0.6166666666666667,0.7166666666666667,0.8333333333333333,0.9,0.7946810722351074,0.020555686950683594
sqrt,5,100.0,0.3,5,0.6966666666666667,0.15613384571507158,356,0.8166666666666667,0.4166666666666667,0.8166666666666667,0.6333333333333333,0.8,0.8295035362243652,0.02110400199890137
sqrt,5,100.0,0.3,10,0.74,0.09463379711052258,151,0.8166666666666667,0.6166666666666667,0.8333333333333333,0.6333333333333333,0.8,0.8290541648864747,0.021382617950439452
sqrt,5,100.0,0.3,20,0.7766666666666666,0.09580071908799942,48,0.8166666666666667,0.6166666666666667,0.8166666666666667,0.7333333333333334,0.9,0.8327027797698975,0.02108755111694336
sqrt,5,100.0,0.3,50,0.6966666666666667,0.07102425250887506,356,0.7166666666666667,0.6166666666666667,0.6166666666666667,0.7333333333333334,0.8,0.8381516456604003,0.0211545467376709
sqrt,5,100.0,0.5,5,0.6966666666666667,0.15613384571507158,356,0.8166666666666667,0.4166666666666667,0.8166666666666667,0.6333333333333333,0.8,0.8489500045776367,0.021099948883056642
sqrt,5,100.0,0.5,10,0.74,0.09463379711052258,151,0.8166666666666667,0.6166666666666667,0.8333333333333333,0.6333333333333333,0.8,0.8560667991638183,0.021036481857299803
sqrt,5,100.0,0.5,20,0.7766666666666666,0.09580071908799942,48,0.8166666666666667,0.6166666666666667,0.8166666666666667,0.7333333333333334,0.9,0.8521373748779297,0.020963001251220702
sqrt,5,100.0,0.5,50,0.7166666666666668,0.05868938953886337,256,0.7166666666666667,0.6166666666666667,0.7166666666666667,0.7333333333333334,0.8,0.8551642417907714,0.021146106719970702
sqrt,5,100.0,0.7,5,0.7366666666666667,0.09153020145163987,180,0.8166666666666667,0.6166666666666667,0.8166666666666667,0.6333333333333333,0.8,0.8683302402496338,0.020287084579467773
sqrt,5,100.0,0.7,10,0.74,0.09463379711052258,151,0.8166666666666667,0.6166666666666667,0.8333333333333333,0.6333333333333333,0.8,0.8615692615509033,0.020236873626708986
sqrt,5,100.0,0.7,20,0.7966666666666666,0.11125546178852423,11,0.8166666666666667,0.6166666666666667,0.9166666666666667,0.7333333333333334,0.9,0.8933954238891602,0.021133279800415038
sqrt,5,100.0,0.7,50,0.7333333333333334,0.07149203529842404,196,0.7166666666666667,0.6166666666666667,0.7166666666666667,0.8166666666666667,0.8,0.8990234851837158,0.021185016632080077
sqrt,5,100.0,0.9,5,0.7366666666666667,0.09153020145163987,180,0.8166666666666667,0.6166666666666667,0.8166666666666667,0.6333333333333333,0.8,0.9736449241638183,0.02098994255065918
sqrt,5,100.0,0.9,10,0.74,0.13564659966250536,151,0.9166666666666667,0.6166666666666667,0.8166666666666667,0.55,0.8,0.9741077899932862,0.021016597747802734
sqrt,5,100.0,0.9,20,0.7566666666666666,0.07644896627453142,94,0.8166666666666667,0.6166666666666667,0.8166666666666667,0.7333333333333334,0.8,0.9705976009368896,0.021544456481933594
sqrt,5,100.0,0.9,50,0.7166666666666666,0.09006170724070862,270,0.7166666666666667,0.6166666666666667,0.6166666666666667,0.8333333333333333,0.8,0.9708940982818604,0.02115631103515625
0.3,1,0.001,0.1,5,0.5666666666666668,0.16964014199999297,609,0.4666666666666667,0.3333333333333333,0.5166666666666667,0.7166666666666667,0.8,0.475051212310791,0.021444368362426757
0.3,1,0.001,0.1,10,0.6433333333333333,0.12892719737209146,483,0.5666666666666667,0.5333333333333333,0.5166666666666667,0.8,0.8,0.4860203266143799,0.02117185592651367
0.3,1,0.001,0.1,20,0.6000000000000001,0.1864880097426582,570,0.7333333333333334,0.35,0.7166666666666667,0.8,0.4,0.4978832721710205,0.021436500549316406
0.3,1,0.001,0.1,50,0.5033333333333333,0.12666666666666668,753,0.5333333333333333,0.3333333333333333,0.43333333333333335,0.7166666666666667,0.5,0.5075706958770752,0.021184873580932618
0.3,1,0.001,0.3,5,0.5666666666666668,0.16964014199999297,609,0.4666666666666667,0.3333333333333333,0.5166666666666667,0.7166666666666667,0.8,0.45903639793395995,0.020462846755981444
0.3,1,0.001,0.3,10,0.6433333333333333,0.12892719737209146,483,0.5666666666666667,0.5333333333333333,0.5166666666666667,0.8,0.8,0.4630246162414551,0.020293760299682616
0.3,1,0.001,0.3,20,0.6000000000000001,0.1864880097426582,570,0.7333333333333334,0.35,0.7166666666666667,0.8,0.4,0.4971030235290527,0.021589374542236327
0.3,1,0.001,0.3,50,0.5033333333333333,0.12666666666666668,753,0.5333333333333333,0.3333333333333333,0.43333333333333335,0.7166666666666667,0.5,0.5087244987487793,0.021274042129516602
0.3,1,0.001,0.5,5,0.5666666666666668,0.16964014199999297,609,0.4666666666666667,0.3333333333333333,0.5166666666666667,0.7166666666666667,0.8,0.47502708435058594,0.021259784698486328
0.3,1,0.001,0.5,10,0.6433333333333333,0.12892719737209146,483,0.5666666666666667,0.5333333333333333,0.5166666666666667,0.8,0.8,0.4870770931243896,0.021065187454223634
0.3,1,0.001,0.5,20,0.6000000000000001,0.1864880097426582,570,0.7333333333333334,0.35,0.7166666666666667,0.8,0.4,0.4940346240997314,0.021411418914794922
0.3,1,0.001,0.5,50,0.5033333333333333,0.12666666666666668,753,0.5333333333333333,0.3333333333333333,0.43333333333333335,0.7166666666666667,0.5,0.5085827827453613,0.021231889724731445
0.3,1,0.001,0.7,5,0.5666666666666668,0.16964014199999297,609,0.4666666666666667,0.3333333333333333,0.5166666666666667,0.7166666666666667,0.8,0.47413058280944825,0.02118091583251953
0.3,1,0.001,0.7,10,0.6433333333333333,0.12892719737209146,483,0.5666666666666667,0.5333333333333333,0.5166666666666667,0.8,0.8,0.48108906745910646,0.021265554428100585
0.3,1,0.001,0.7,20,0.6000000000000001,0.1864880097426582,570,0.7333333333333334,0.35,0.7166666666666667,0.8,0.4,0.49382433891296384,0.021317052841186523
0.3,1,0.001,0.7,50,0.5033333333333333,0.12666666666666668,753,0.5333333333333333,0.3333333333333333,0.43333333333333335,0.7166666666666667,0.5,0.5072303295135498,0.021242713928222655
0.3,1,0.001,0.9,5,0.5666666666666668,0.16964014199999297,609,0.4666666666666667,0.3333333333333333,0.5166666666666667,0.7166666666666667,0.8,0.47611103057861326,0.02119917869567871
0.3,1,0.001,0.9,10,0.6433333333333333,0.12892719737209146,483,0.5666666666666667,0.5333333333333333,0.5166666666666667,0.8,0.8,0.4800102710723877,0.0216341495513916
0.3,1,0.001,0.9,20,0.6000000000000001,0.1864880097426582,570,0.7333333333333334,0.35,0.7166666666666667,0.8,0.4,0.49132595062255857,0.021622371673583985
0.3,1,0.001,0.9,50,0.5033333333333333,0.12666666666666668,753,0.5333333333333333,0.3333333333333333,0.43333333333333335,0.7166666666666667,0.5,0.5066439151763916,0.02118339538574219
0.3,1,0.00359381,0.1,5,0.5666666666666668,0.16964014199999297,609,0.4666666666666667,0.3333333333333333,0.5166666666666667,0.7166666666666667,0.8,0.460161828994751,0.020494365692138673
0.3,1,0.00359381,0.1,10,0.6433333333333333,0.12892719737209146,483,0.5666666666666667,0.5333333333333333,0.5166666666666667,0.8,0.8,0.4659257888793945,0.02096395492553711
0.3,1,0.00359381,0.1,20,0.6000000000000001,0.1864880097426582,570,0.7333333333333334,0.35,0.7166666666666667,0.8,0.4,0.4881884574890137,0.02098817825317383
0.3,1,0.00359381,0.1,50,0.5033333333333333,0.12666666666666668,753,0.5333333333333333,0.3333333333333333,0.43333333333333335,0.7166666666666667,0.5,0.5100595951080322,0.021187973022460938
0.3,1,0.00359381,0.3,5,0.5666666666666668,0.16964014199999297,609,0.4666666666666667,0.3333333333333333,0.5166666666666667,0.7166666666666667,0.8,0.474669361114502,0.02129812240600586
0.3,1,0.00359381,0.3,10,0.6433333333333333,0.12892719737209146,483,0.5666666666666667,0.5333333333333333,0.5166666666666667,0.8,0.8,0.48147783279418943,0.0211428165435791
0.3,1,0.00359381,0.3,20,0.6000000000000001,0.1864880097426582,570,0.7333333333333334,0.35,0.7166666666666667,0.8,0.4,0.4931663990020752,0.021482181549072266
0.3,1,0.00359381,0.3,50,0.5033333333333333,0.12666666666666668,753,0.5333333333333333,0.3333333333333333,0.43333333333333335,0.7166666666666667,0.5,0.5085439682006836,0.021260499954223633
0.3,1,0.00359381,0.5,5,0.5666666666666668,0.16964014199999297,609,0.4666666666666667,0.3333333333333333,0.5166666666666667,0.7166666666666667,0.8,0.4748316764831543,0.021375274658203124
0.3,1,0.00359381,0.5,10,0.6433333333333333,0.12892719737209146,483,0.5666666666666667,0.5333333333333333,0.5166666666666667,0.8,0.8,0.479633092880249,0.021436405181884766
0.3,1,0.00359381,0.5,20,0.6000000000000001,0.1864880097426582,570,0.7333333333333334,0.35,0.7166666666666667,0.8,0.4,0.49131135940551757,0.021337080001831054
0.3,1,0.00359381,0.5,50,0.5033333333333333,0.12666666666666668,753,0.5333333333333333,0.3333333333333333,0.43333333333333335,0.7166666666666667,0.5,0.510032844543457,0.021375751495361327
0.3,1,0.00359381,0.7,5,0.5666666666666668,0.16964014199999297,609,0.4666666666666667,0.3333333333333333,0.5166666666666667,0.7166666666666667,0.8,0.47812910079956056,0.021226024627685545
0.3,1,0.00359381,0.7,10,0.6433333333333333,0.12892719737209146,483,0.5666666666666667,0.5333333333333333,0.5166666666666667,0.8,0.8,0.4811277389526367,0.021200799942016603
0.3,1,0.00359381,0.7,20,0.6000000000000001,0.1864880097426582,570,0.7333333333333334,0.35,0.7166666666666667,0.8,0.4,0.49393038749694823,0.021289491653442384
0.3,1,0.00359381,0.7,50,0.5033333333333333,0.12666666666666668,753,0.5333333333333333,0.3333333333333333,0.43333333333333335,0.7166666666666667,0.5,0.5097798347473145,0.022487831115722657
0.3,1,0.00359381,0.9,5,0.5666666666666668,0.16964014199999297,609,0.4666666666666667,0.3333333333333333,0.5166666666666667,0.7166666666666667,0.8,0.45973358154296873,0.02053546905517578
0.3,1,0.00359381,0.9,10,0.6433333333333333,0.12892719737209146,483,0.5666666666666667,0.5333333333333333,0.5166666666666667,0.8,0.8,0.46375555992126466,0.020431709289550782
0.3,1,0.00359381,0.9,20,0.6000000000000001,0.1864880097426582,570,0.7333333333333334,0.35,0.7166666666666667,0.8,0.4,0.47875208854675294,0.02061948776245117
0.3,1,0.00359381,0.9,50,0.5033333333333333,0.12666666666666668,753,0.5333333333333333,0.3333333333333333,0.43333333333333335,0.7166666666666667,0.5,0.5008185386657715,0.02102794647216797
0.3,1,0.0129155,0.1,5,0.68,0.09392668535736916,404,0.7166666666666667,0.5333333333333333,0.6166666666666667,0.7333333333333334,0.8,0.4846029758453369,0.02107067108154297
0.3,1,0.0129155,0.1,10,0.7,0.1064581294844754,337,0.7166666666666667,0.6166666666666667,0.6166666666666667,0.65,0.9,0.48950724601745604,0.021192312240600586
0.3,1,0.0129155,0.1,20,0.7,0.11879019787470307,337,0.55,0.6166666666666667,0.7,0.7333333333333334,0.9,0.5007567405700684,0.021236515045166014
0.3,1,0.0129155,0.1,50,0.7233333333333334,0.0992191737742481,209,0.65,0.6166666666666667,0.7,0.75,0.9,0.5113413810729981,0.02129817008972168
0.3,1,0.0129155,0.3,5,0.5666666666666668,0.16964014199999297,609,0.4666666666666667,0.3333333333333333,0.5166666666666667,0.7166666666666667,0.8,0.4746562004089355,0.021480274200439454
0.3,1,0.0129155,0.3,10,0.6433333333333333,0.12892719737209146,483,0.5666666666666667,0.5333333333333333,0.5166666666666667,0.8,0.8,0.4815793037414551,0.021371984481811525
0.3,1,0.0129155,0.3,20,0.6000000000000001,0.1864880097426582,570,0.7333333333333334,0.35,0.7166666666666667,0.8,0.4,0.49263224601745603,0.021373939514160157
0.3,1,0.0129155,0.3,50,0.5033333333333333,0.12666666666666668,753,0.5333333333333333,0.3333333333333333,0.43333333333333335,0.7166666666666667,0.5,0.5075950622558594,0.021208429336547853
0.3,1,0.0129155,0.5,5,0.5666666666666668,0.16964014199999297,609,0.4666666666666667,0.3333333333333333,0.5166666666666667,0.7166666666666667,0.8,0.479259729385376,0.021198415756225587
0.3,1,0.0129155,0.5,10,0.6433333333333333,0.12892719737209146,483,0.5666666666666667,0.5333333333333333,0.5166666666666667,0.8,0.8,0.48224267959594724,0.021316719055175782
0.3,1,0.0129155,0.5,20,0.6000000000000001,0.1864880097426582,570,0.7333333333333334,0.35,0.7166666666666667,0.8,0.4,0.49251565933227537,0.021307659149169923
0.3,1,0.0129155,0.5,50,0.5033333333333333,0.12666666666666668,753,0.5333333333333333,0.3333333333333333,0.43333333333333335,0.7166666666666667,0.5,0.5104702472686767,0.021434307098388672
0.3,1,0.0129155,0.7,5,0.5666666666666668,0.16964014199999297,609,0.4666666666666667,0.3333333333333333,0.5166666666666667,0.7166666666666667,0.8,0.4758277416229248,0.021241235733032226
0.3,1,0.0129155,0.7,10,0.6433333333333333,0.12892719737209146,483,0.5666666666666667,0.5333333333333333,0.5166666666666667,0.8,0.8,0.47805304527282716,0.02142963409423828
0.3,1,0.0129155,0.7,20,0.6000000000000001,0.1864880097426582,570,0.7333333333333334,0.35,0.7166666666666667,0.8,0.4,0.48337674140930176,0.02080850601196289
0.3,1,0.0129155,0.7,50,0.5033333333333333,0.12666666666666668,753,0.5333333333333333,0.3333333333333333,0.43333333333333335,0.7166666666666667,0.5,0.49577813148498534,0.020369482040405274
0.3,1,0.0129155,0.9,5,0.5666666666666668,0.16964014199999297,609,0.4666666666666667,0.3333333333333333,0.5166666666666667,0.7166666666666667,0.8,0.4749906063079834,0.021287822723388673
0.3,1,0.0129155,0.9,10,0.6433333333333333,0.12892719737209146,483,0.5666666666666667,0.5333333333333333,0.5166666666666667,0.8,0.8,0.48465499877929685,0.02164907455444336
0.3,1,0.0129155,0.9,20,0.6000000000000001,0.1864880097426582,570,0.7333333333333334,0.35,0.7166666666666667,0.8,0.4,0.49397525787353513,0.021329641342163086
0.3,1,0.0129155,0.9,50,0.5033333333333333,0.12666666666666668,753,0.5333333333333333,0.3333333333333333,0.43333333333333335,0.7166666666666667,0.5,0.5133598804473877,0.021410131454467775
0.3,1,0.0464159,0.1,5,0.7633333333333334,0.09741092797468304,81,0.75,0.7166666666666667,0.6166666666666667,0.8333333333333333,0.9,0.494630241394043,0.021454429626464842
0.3,1,0.0464159,0.1,10,0.7033333333333334,0.141970262926979,312,0.65,0.5166666666666667,0.6166666666666667,0.8333333333333333,0.9,0.49832615852355955,0.021149110794067384
0.3,1,0.0464159,0.1,20,0.7566666666666667,0.19339079605813717,89,0.55,0.5166666666666667,0.8,0.9166666666666667,1.0,0.5060742378234864,0.021489477157592772
0.3,1,0.0464159,0.1,50,0.7,0.11303883305208778,337,0.65,0.5166666666666667,0.7,0.8333333333333333,0.8,0.521935510635376,0.02116084098815918
0.3,1,0.0464159,0.3,5,0.6833333333333333,0.10593499054713804,376,0.7166666666666667,0.7166666666666667,0.7,0.48333333333333334,0.8,0.4974161148071289,0.02138514518737793
0.3,1,0.0464159,0.3,10,0.7166666666666667,0.10381607668264958,265,0.7166666666666667,0.6166666666666667,0.6166666666666667,0.7333333333333334,0.9,0.5014840602874756,0.02112278938293457
0.3,1,0.0464159,0.3,20,0.6833333333333333,0.06411794687223782,376,0.65,0.6166666666666667,0.7,0.65,0.8,0.5104045391082763,0.021420049667358398
0.3,1,0.0464159,0.3,50,0.7033333333333334,0.06616477747093069,312,0.65,0.6166666666666667,0.7,0.75,0.8,0.5250756740570068,0.021279001235961915
0.3,1,0.0464159,0.5,5,0.6466666666666667,0.15362291495737215,481,0.6166666666666667,0.7166666666666667,0.55,0.45,0.9,0.4971457004547119,0.021360492706298827
0.3,1,0.0464159,0.5,10,0.6266666666666667,0.08602325267042625,543,0.4666666666666667,0.6166666666666667,0.7,0.65,0.7,0.5021069049835205,0.02123732566833496
0.3,1,0.0464159,0.5,20,0.7066666666666667,0.06879922480183434,304,0.6666666666666666,0.7166666666666667,0.6,0.75,0.8,0.501185417175293,0.020897817611694337
0.3,1,0.0464159,0.5,50,0.7233333333333334,0.0992191737742481,209,0.65,0.6166666666666667,0.7,0.75,0.9,0.5083592891693115,0.02049741744995117
0.3,1,0.0464159,0.7,5,0.5666666666666668,0.16964014199999297,609,0.4666666666666667,0.3333333333333333,0.5166666666666667,0.7166666666666667,0.8,0.4612860202789307,0.020361995697021483
0.3,1,0.0464159,0.7,10,0.6433333333333333,0.12892719737209146,483,0.5666666666666667,0.5333333333333333,0.5166666666666667,0.8,0.8,0.4749516487121582,0.0208127498626709
0.3,1,0.0464159,0.7,20,0.6000000000000001,0.1864880097426582,570,0.7333333333333334,0.35,0.7166666666666667,0.8,0.4,0.4960817337036133,0.021269845962524413
0.3,1,0.0464159,0.7,50,0.5033333333333333,0.12666666666666668,753,0.5333333333333333,0.3333333333333333,0.43333333333333335,0.7166666666666667,0.5,0.5096168518066406,0.021214866638183595
0.3,1,0.0464159,0.9,5,0.5666666666666668,0.16964014199999297,609,0.4666666666666667,0.3333333333333333,0.5166666666666667,0.7166666666666667,0.8,0.47731895446777345,0.02109251022338867
0.3,1,0.0464159,0.9,10,0.6433333333333333,0.12892719737209146,483,0.5666666666666667,0.5333333333333333,0.5166666666666667,0.8,0.8,0.48246030807495116,0.021332168579101564
0.3,1,0.0464159,0.9,20,0.6000000000000001,0.1864880097426582,570,0.7333333333333334,0.35,0.7166666666666667,0.8,0.4,0.49515905380249026,0.021356725692749025
0.3,1,0.0464159,0.9,50,0.5033333333333333,0.12666666666666668,753,0.5333333333333333,0.3333333333333333,0.43333333333333335,0.7166666666666667,0.5,0.5092686653137207,0.021443939208984374
0.3,1,0.16681,0.1,5,0.68,0.10077477638553983,404,0.7333333333333334,0.5166666666666667,0.6166666666666667,0.7333333333333334,0.8,0.5303030014038086,0.021402788162231446
0.3,1,0.16681,0.1,10,0.6766666666666667,0.10252370999486464,421,0.8166666666666667,0.5166666666666667,0.6166666666666667,0.7333333333333334,0.7,0.529452896118164,0.02104034423828125
0.3,1,0.16681,0.1,20,0.68,0.11372481406154653,404,0.65,0.5166666666666667,0.6166666666666667,0.8166666666666667,0.8,0.535738468170166,0.021312189102172852
0.3,1,0.16681,0.1,50,0.72,0.15613384571507155,227,0.55,0.5166666666666667,0.8,0.8333333333333333,0.9,0.5511601448059082,0.021196413040161132
0.3,1,0.16681,0.3,5,0.7466666666666667,0.08124038404635962,146,0.75,0.7166666666666667,0.7,0.6666666666666666,0.9,0.5404236316680908,0.02140941619873047
0.3,1,0.16681,0.3,10,0.68,0.10187137859957413,404,0.65,0.5166666666666667,0.7,0.8333333333333333,0.7,0.5387738704681396,0.021386194229125976
0.3,1,0.16681,0.3,20,0.7000000000000001,0.17701224063135673,330,0.65,0.5166666666666667,0.5166666666666667,0.9166666666666667,0.9,0.5445383071899415,0.02100691795349121
0.3,1,0.16681,0.3,50,0.72,0.1723691129846386,227,0.65,0.4166666666666667,0.8,0.8333333333333333,0.9,0.5473701477050781,0.02054309844970703
0.3,1,0.16681,0.5,5,0.7066666666666666,0.11575836902790225,310,0.75,0.6166666666666667,0.7,0.5666666666666667,0.9,0.5289014339447021,0.020397758483886717
0.3,1,0.16681,0.5,10,0.72,0.09854496999396321,227,0.65,0.6166666666666667,0.7,0.7333333333333334,0.9,0.5445244789123536,0.021020269393920897
0.3,1,0.16681,0.5,20,0.6666666666666667,0.1460593486680443,436,0.65,0.5166666666666667,0.5166666666666667,0.75,0.9,0.5570440292358398,0.02136340141296387
0.3,1,0.16681,0.5,50,0.7233333333333334,0.13106402167558331,209,0.65,0.5166666666666667,0.8,0.75,0.9,0.5704128265380859,0.021318340301513673
0.3,1,0.16681,0.7,5,0.6833333333333333,0.11879019787470309,376,0.7166666666666667,0.6166666666666667,0.6166666666666667,0.5666666666666667,0.9,0.5387393474578858,0.021196460723876952
0.3,1,0.16681,0.7,10,0.6833333333333333,0.06411794687223782,376,0.65,0.6166666666666667,0.7,0.65,0.8,0.5445559978485107,0.021335506439208986
0.3,1,0.16681,0.7,20,0.6433333333333333,0.10252370999486464,483,0.55,0.5166666666666667,0.7,0.65,0.8,0.5493159294128418,0.021225500106811523
0.3,1,0.16681,0.7,50,0.7033333333333334,0.06616477747093069,312,0.65,0.6166666666666667,0.7,0.75,0.8,0.5666839122772217,0.02121725082397461
0.3,1,0.16681,0.9,5,0.7166666666666666,0.09831920802501751,270,0.7166666666666667,0.6166666666666667,0.7,0.65,0.9,0.5324688911437988,0.021428442001342772
0.3,1,0.16681,0.9,10,0.6833333333333333,0.11879019787470307,376,0.55,0.6166666666666667,0.7,0.65,0.9,0.5392336845397949,0.021246337890625
0.3,1,0.16681,0.9,20,0.7033333333333334,0.06616477747093069,312,0.75,0.6166666666666667,0.7,0.65,0.8,0.54292311668396,0.021449184417724608
0.3,1,0.16681,0.9,50,0.7033333333333334,0.06616477747093069,312,0.65,0.6166666666666667,0.7,0.75,0.8,0.5593730449676514,0.021095848083496092
0.3,1,0.599484,0.1,5,0.6233333333333333,0.09809292646374773,551,0.6333333333333333,0.5166666666666667,0.6166666666666667,0.55,0.8,0.5986039161682128,0.02120518684387207
0.3,1,0.599484,0.1,10,0.6433333333333333,0.10572501018102468,483,0.8166666666666667,0.5166666666666667,0.6166666666666667,0.5666666666666667,0.7,0.6016215324401856,0.02115626335144043
0.3,1,0.599484,0.1,20,0.7033333333333334,0.1637749132871766,312,0.65,0.5166666666666667,0.6166666666666667,0.7333333333333334,1.0,0.5905348777770996,0.02076406478881836
0.3,1,0.599484,0.1,50,0.7366666666666667,0.17107503227141788,180,0.55,0.5166666666666667,0.8,0.9166666666666667,0.9,0.6038758754730225,0.020347404479980468
0.3,1,0.599484,0.3,5,0.6866666666666665,0.0852447456836295,375,0.75,0.6166666666666667,0.7,0.5666666666666667,0.8,0.6008264064788819,0.020975923538208006
0.3,1,0.599484,0.3,10,0.6599999999999999,0.07644896627453142,451,0.65,0.5166666666666667,0.7,0.7333333333333334,0.7,0.6200745105743408,0.021305322647094727
0.3,1,0.599484,0.3,20,0.64,0.1380821011813865,531,0.55,0.5166666666666667,0.5166666666666667,0.8166666666666667,0.8,0.6270177364349365,0.021269989013671876
0.3,1,0.599484,0.3,50,0.7,0.15092308563562357,337,0.55,0.5166666666666667,0.7,0.8333333333333333,0.9,0.6431133270263671,0.021091651916503907
0.3,1,0.599484,0.5,5,0.6833333333333333,0.04594682917363405,376,0.65,0.6166666666666667,0.7,0.75,0.7,0.6429085731506348,0.021209239959716797
0.3,1,0.599484,0.5,10,0.6233333333333333,0.06200358412579422,551,0.65,0.5166666666666667,0.6,0.65,0.7,0.6439486026763916,0.021044254302978516
0.3,1,0.599484,0.5,20,0.6599999999999999,0.13063945294843615,451,0.65,0.5166666666666667,0.5166666666666667,0.8166666666666667,0.8,0.6529792308807373,0.021584272384643555
0.3,1,0.599484,0.5,50,0.72,0.13556466271775167,227,0.65,0.5166666666666667,0.7,0.8333333333333333,0.9,0.6665666103363037,0.020980453491210936
0.3,1,0.599484,0.7,5,0.7066666666666667,0.10033277962194942,304,0.65,0.6166666666666667,0.7,0.6666666666666666,0.9,0.6696252346038818,0.021323728561401366
0.3,1,0.599484,0.7,10,0.6433333333333333,0.034318767136623296,483,0.65,0.6166666666666667,0.7,0.65,0.6000000000000001,0.6720057010650635,0.02098073959350586
0.3,1,0.599484,0.7,20,0.68,0.11372481406154653,404,0.65,0.5166666666666667,0.6166666666666667,0.8166666666666667,0.8,0.6795399188995361,0.021311283111572266
0.3,1,0.599484,0.7,50,0.7033333333333334,0.10821788720498617,312,0.65,0.5166666666666667,0.8,0.75,0.8,0.6902472019195557,0.020885992050170898
0.3,1,0.599484,0.9,5,0.7066666666666667,0.10360180178613371,304,0.65,0.7166666666666667,0.6,0.6666666666666666,0.9,0.649835729598999,0.020403194427490234
0.3,1,0.599484,0.9,10,0.6833333333333333,0.06411794687223782,376,0.65,0.6166666666666667,0.7,0.65,0.8,0.6778764724731445,0.02102947235107422
0.3,1,0.599484,0.9,20,0.6433333333333333,0.10780641085864154,483,0.55,0.5166666666666667,0.6166666666666667,0.7333333333333334,0.8,0.6881153583526611,0.02231912612915039
0.3,1,0.599484,0.9,50,0.7033333333333334,0.10821788720498617,312,0.65,0.5166666666666667,0.8,0.75,0.8,0.7016569137573242,0.021007537841796875
0.3,1,2.15443,0.1,5,0.6200000000000001,0.07916228058025275,560,0.6166666666666667,0.5166666666666667,0.7166666666666667,0.55,0.7,0.7161650657653809,0.021190452575683593
0.3,1,2.15443,0.1,10,0.6566666666666666,0.1335830993967592,472,0.7166666666666667,0.4166666666666667,0.6166666666666667,0.7333333333333334,0.8,0.7205103874206543,0.021238374710083007
0.3,1,2.15443,0.1,20,0.6433333333333333,0.10780641085864154,483,0.55,0.5166666666666667,0.6166666666666667,0.7333333333333334,0.8,0.7235998153686524,0.021148872375488282
0.3,1,2.15443,0.1,50,0.7166666666666667,0.16832508230603463,265,0.55,0.5166666666666667,0.7,0.9166666666666667,0.9,0.7389514923095704,0.021035289764404295
0.3,1,2.15443,0.3,5,0.6833333333333333,0.07226494462892934,376,0.7333333333333334,0.6166666666666667,0.6166666666666667,0.65,0.8,0.7847397804260254,0.021143102645874025
0.3,1,2.15443,0.3,10,0.6433333333333333,0.11382247385975916,483,0.65,0.5166666666666667,0.5166666666666667,0.7333333333333334,0.8,0.7905066967010498,0.021100330352783202
0.3,1,2.15443,0.3,20,0.7000000000000001,0.14832396974191325,330,0.55,0.5166666666666667,0.7166666666666667,0.8166666666666667,0.9,0.7933282375335693,0.021231651306152344
0.3,1,2.15443,0.3,50,0.72,0.13556466271775167,227,0.65,0.5166666666666667,0.7,0.8333333333333333,0.9,0.7981635093688965,0.020372867584228516
0.3,1,2.15443,0.5,5,0.7033333333333333,0.11469767022723504,329,0.7333333333333334,0.6166666666666667,0.7,0.5666666666666667,0.9,0.812469482421875,0.020615196228027342
0.3,1,2.15443,0.5,10,0.68,0.08393118874676113,404,0.75,0.5166666666666667,0.7,0.7333333333333334,0.7,0.8463053703308105,0.02125124931335449
0.3,1,2.15443,0.5,20,0.6599999999999999,0.12543258481484518,451,0.55,0.5166666666666667,0.6166666666666667,0.8166666666666667,0.8,0.8361126899719238,0.021027183532714842
0.3,1,2.15443,0.5,50,0.74,0.13358309939675916,151,0.55,0.6166666666666667,0.8,0.8333333333333333,0.9,0.8532850742340088,0.021120452880859376
0.3,1,2.15443,0.7,5,0.6666666666666666,0.07958224257542215,437,0.65,0.6166666666666667,0.7,0.5666666666666667,0.8,0.8733314990997314,0.02217893600463867
0.3,1,2.15443,0.7,10,0.6633333333333333,0.0644635986860457,438,0.75,0.6166666666666667,0.6166666666666667,0.7333333333333334,0.6000000000000001,0.883971118927002,0.021245384216308595
0.3,1,2.15443,0.7,20,0.6833333333333333,0.12866839377079187,376,0.65,0.5166666666666667,0.6166666666666667,0.7333333333333334,0.9,0.8884497165679932,0.02118821144104004
0.3,1,2.15443,0.7,50,0.7599999999999999,0.1088321847820967,87,0.65,0.6166666666666667,0.8,0.8333333333333333,0.9,0.8978438377380371,0.02112884521484375
0.3,1,2.15443,0.9,5,0.6266666666666667,0.07348469228349531,543,0.65,0.5166666666666667,0.7,0.5666666666666667,0.7,0.8907384872436523,0.02119479179382324
0.3,1,2.15443,0.9,10,0.65,0.07958224257542215,479,0.65,0.6166666666666667,0.6166666666666667,0.5666666666666667,0.8,0.8906267166137696,0.020823097229003905
0.3,1,2.15443,0.9,20,0.6833333333333333,0.07226494462892934,376,0.65,0.6166666666666667,0.6166666666666667,0.7333333333333334,0.8,0.879651403427124,0.0207427978515625
0.3,1,2.15443,0.9,50,0.7,0.11303883305208778,337,0.65,0.5166666666666667,0.7,0.8333333333333333,0.8,0.9170608997344971,0.02106184959411621
0.3,1,7.74264,0.1,5,0.6233333333333333,0.11085526098877256,551,0.6166666666666667,0.5166666666666667,0.8333333333333333,0.55,0.6000000000000001,0.7687031269073487,0.02145218849182129
0.3,1,7.74264,0.1,10,0.6533333333333333,0.13182479955523457,477,0.7166666666666667,0.4166666666666667,0.6166666666666667,0.7166666666666667,0.8,0.7718646049499511,0.021033525466918945
0.3,1,7.74264,0.1,20,0.6266666666666667,0.15832456116050558,543,0.55,0.4166666666666667,0.6166666666666667,0.65,0.9,0.7773284912109375,0.021142959594726562
0.3,1,7.74264,0.1,50,0.72,0.13055437351710758,227,0.55,0.6166666666666667,0.7,0.8333333333333333,0.9,0.790138053894043,0.021356582641601562
0.3,1,7.74264,0.3,5,0.6433333333333333,0.07039570693980955,483,0.6333333333333333,0.5166666666666667,0.7166666666666667,0.65,0.7,0.9679511070251465,0.021235227584838867
0.3,1,7.74264,0.3,10,0.64,0.1540562667772179,531,0.6166666666666667,0.4166666666666667,0.6166666666666667,0.65,0.9,0.9721015930175781,0.021300554275512695
0.3,1,7.74264,0.3,20,0.6833333333333333,0.1386442289539028,376,0.55,0.5166666666666667,0.7166666666666667,0.7333333333333334,0.9,0.9778750896453857,0.021390199661254883
0.3,1,7.74264,0.3,50,0.7,0.13703203194062977,337,0.55,0.5166666666666667,0.8,0.8333333333333333,0.8,0.9798770904541015,0.020634555816650392
0.3,1,7.74264,0.5,5,0.6633333333333333,0.04642796092394706,438,0.7333333333333334,0.6166666666666667,0.6166666666666667,0.65,0.7,1.0484010696411132,0.020856523513793947
0.3,1,7.74264,0.5,10,0.6599999999999999,0.11953614051360739,451,0.7333333333333334,0.5166666666666667,0.5166666666666667,0.7333333333333334,0.8,1.0729921817779542,0.02135939598083496
0.3,1,7.74264,0.5,20,0.6433333333333333,0.10780641085864154,483,0.55,0.5166666666666667,0.6166666666666667,0.7333333333333334,0.8,1.0760580062866212,0.021410131454467775
0.3,1,7.74264,0.5,50,0.74,0.13358309939675916,151,0.55,0.6166666666666667,0.8,0.8333333333333333,0.9,1.092717742919922,0.02116551399230957
0.3,1,7.74264,0.7,5,0.6833333333333333,0.07226494462892934,376,0.7333333333333334,0.6166666666666667,0.6166666666666667,0.65,0.8,1.0709924221038818,0.021388769149780273
0.3,1,7.74264,0.7,10,0.6833333333333333,0.10274023338281627,376,0.75,0.5166666666666667,0.6166666666666667,0.7333333333333334,0.8,1.075914478302002,0.0212155818939209
0.3,1,7.74264,0.7,20,0.6233333333333334,0.11953614051360739,549,0.55,0.5166666666666667,0.5166666666666667,0.7333333333333334,0.8,1.077484703063965,0.02100682258605957
0.3,1,7.74264,0.7,50,0.72,0.1199073716573663,227,0.65,0.5166666666666667,0.8,0.8333333333333333,0.8,1.0611638069152831,0.020367527008056642
0.3,1,7.74264,0.9,5,0.7033333333333334,0.10187137859957417,312,0.65,0.6166666666666667,0.7,0.65,0.9,1.1796271324157714,0.021201372146606445
0.3,1,7.74264,0.9,10,0.6633333333333333,0.09741092797468305,438,0.65,0.5166666666666667,0.6166666666666667,0.7333333333333334,0.8,1.1829602241516113,0.021146345138549804
0.3,1,7.74264,0.9,20,0.64,0.1380821011813865,531,0.55,0.5166666666666667,0.5166666666666667,0.8166666666666667,0.8,1.192165470123291,0.021156930923461915
0.3,1,7.74264,0.9,50,0.7,0.13703203194062977,337,0.55,0.5166666666666667,0.8,0.8333333333333333,0.8,1.1965702533721925,0.021235227584838867
0.3,1,27.8256,0.1,5,0.58,0.09797958971132713,605,0.6166666666666667,0.4166666666666667,0.7166666666666667,0.55,0.6000000000000001,0.7764374256134033,0.02127828598022461
0.3,1,27.8256,0.1,10,0.66,0.13808210118138653,444,0.7166666666666667,0.5166666666666667,0.6166666666666667,0.55,0.9,0.7795722961425782,0.021129322052001954
0.3,1,27.8256,0.1,20,0.6599999999999999,0.15620499351813308,451,0.7166666666666667,0.4166666666666667,0.6166666666666667,0.65,0.9,0.7822492599487305,0.021195173263549805
0.3,1,27.8256,0.1,50,0.7,0.15092308563562357,337,0.55,0.5166666666666667,0.7,0.8333333333333333,0.9,0.7800111293792724,0.020416402816772462
0.3,1,27.8256,0.3,5,0.6000000000000001,0.06831300510639732,570,0.6166666666666667,0.5166666666666667,0.7166666666666667,0.55,0.6000000000000001,0.8789262294769287,0.020913982391357423
0.3,1,27.8256,0.3,10,0.6733333333333333,0.15762120556715853,434,0.7166666666666667,0.4166666666666667,0.6166666666666667,0.7166666666666667,0.9,0.9135509014129639,0.021367835998535156
0.3,1,27.8256,0.3,20,0.6599999999999999,0.15620499351813308,451,0.7166666666666667,0.4166666666666667,0.6166666666666667,0.65,0.9,0.9176182746887207,0.02138214111328125
0.3,1,27.8256,0.3,50,0.7000000000000001,0.14643921757659195,330,0.55,0.5166666666666667,0.8,0.7333333333333334,0.9,0.931791114807129,0.021171379089355468
0.3,1,27.8256,0.5,5,0.6233333333333334,0.08339997335464534,549,0.7333333333333334,0.5166666666666667,0.6166666666666667,0.55,0.7,1.0890631198883056,0.02107720375061035
0.3,1,27.8256,0.5,10,0.6766666666666666,0.15867506980549206,423,0.7166666666666667,0.4166666666666667,0.6166666666666667,0.7333333333333334,0.9,1.0926547527313233,0.021001815795898438
0.3,1,27.8256,0.5,20,0.6433333333333333,0.10780641085864154,483,0.55,0.5166666666666667,0.6166666666666667,0.7333333333333334,0.8,1.1033961772918701,0.02103266716003418
0.3,1,27.8256,0.5,50,0.7133333333333333,0.1371941041817112,293,0.6333333333333333,0.5166666666666667,0.7,0.9166666666666667,0.8,1.0977348804473877,0.02019338607788086
0.3,1,27.8256,0.7,5,0.6233333333333333,0.060184900284225934,551,0.6333333333333333,0.5166666666666667,0.6166666666666667,0.65,0.7,1.1807142734527587,0.02086052894592285
0.3,1,27.8256,0.7,10,0.64,0.1540562667772179,531,0.6166666666666667,0.4166666666666667,0.6166666666666667,0.65,0.9,1.212203073501587,0.022749996185302733
0.3,1,27.8256,0.7,20,0.6433333333333333,0.13021349989749742,483,0.65,0.4166666666666667,0.6166666666666667,0.7333333333333334,0.8,1.2116833686828614,0.02125248908996582
0.3,1,27.8256,0.7,50,0.6966666666666667,0.114697670227235,356,0.6333333333333333,0.5166666666666667,0.7,0.8333333333333333,0.8,1.2291309356689453,0.021173429489135743
0.3,1,27.8256,0.9,5,0.6233333333333333,0.060184900284225934,551,0.6333333333333333,0.5166666666666667,0.6166666666666667,0.65,0.7,1.302790355682373,0.021190786361694337
0.3,1,27.8256,0.9,10,0.6766666666666666,0.1455258663529538,423,0.7166666666666667,0.5166666666666667,0.5166666666666667,0.7333333333333334,0.9,1.3064077377319336,0.02155437469482422
0.3,1,27.8256,0.9,20,0.6599999999999999,0.12543258481484518,451,0.55,0.5166666666666667,0.6166666666666667,0.8166666666666667,0.8,1.2754079818725585,0.020678138732910155
0.3,1,27.8256,0.9,50,0.72,0.15613384571507155,227,0.55,0.5166666666666667,0.8,0.8333333333333333,0.9,1.3353357315063477,0.021225500106811523
0.3,1,100.0,0.1,5,0.58,0.09797958971132713,605,0.6166666666666667,0.4166666666666667,0.7166666666666667,0.55,0.6000000000000001,0.8266351699829102,0.021305370330810546
0.3,1,100.0,0.1,10,0.66,0.13808210118138653,444,0.7166666666666667,0.5166666666666667,0.6166666666666667,0.55,0.9,0.8312983036041259,0.021390628814697266
0.3,1,100.0,0.1,20,0.6599999999999999,0.15620499351813308,451,0.7166666666666667,0.4166666666666667,0.6166666666666667,0.65,0.9,0.8366858482360839,0.02111063003540039
0.3,1,100.0,0.1,50,0.72,0.15613384571507155,227,0.55,0.5166666666666667,0.8,0.8333333333333333,0.9,0.8534272193908692,0.02119932174682617
0.3,1,100.0,0.3,5,0.58,0.09797958971132713,605,0.6166666666666667,0.4166666666666667,0.7166666666666667,0.55,0.6000000000000001,0.8362045764923096,0.021292448043823242
0.3,1,100.0,0.3,10,0.66,0.13808210118138653,444,0.7166666666666667,0.5166666666666667,0.6166666666666667,0.55,0.9,0.8409273624420166,0.02114381790161133
0.3,1,100.0,0.3,20,0.6599999999999999,0.15620499351813308,451,0.7166666666666667,0.4166666666666667,0.6166666666666667,0.65,0.9,0.8433651447296142,0.021137237548828125
0.3,1,100.0,0.3,50,0.7166666666666666,0.130384048104053,270,0.55,0.6166666666666667,0.7,0.9166666666666667,0.8,0.846257209777832,0.02088794708251953
0.3,1,100.0,0.5,5,0.58,0.09797958971132713,605,0.6166666666666667,0.4166666666666667,0.7166666666666667,0.55,0.6000000000000001,0.8464154720306396,0.021812963485717773
0.3,1,100.0,0.5,10,0.6399999999999999,0.16248076809271922,539,0.7166666666666667,0.4166666666666667,0.6166666666666667,0.55,0.9,0.8613727569580079,0.02134280204772949
0.3,1,100.0,0.5,20,0.6599999999999999,0.15620499351813308,451,0.7166666666666667,0.4166666666666667,0.6166666666666667,0.65,0.9,0.8678667545318604,0.02120795249938965
0.3,1,100.0,0.5,50,0.7166666666666668,0.1559914527573012,256,0.55,0.5166666666666667,0.8,0.9166666666666667,0.8,0.8851497650146485,0.021207714080810548
0.3,1,100.0,0.7,5,0.6000000000000001,0.06831300510639732,570,0.6166666666666667,0.5166666666666667,0.7166666666666667,0.55,0.6000000000000001,0.9000348091125489,0.021152257919311523
0.3,1,100.0,0.7,10,0.6399999999999999,0.16248076809271922,539,0.7166666666666667,0.4166666666666667,0.6166666666666667,0.55,0.9,0.9059082984924316,0.02129373550415039
0.3,1,100.0,0.7,20,0.6599999999999999,0.15620499351813308,451,0.7166666666666667,0.4166666666666667,0.6166666666666667,0.65,0.9,0.9091652870178223,0.021178770065307616
0.3,1,100.0,0.7,50,0.7366666666666667,0.17107503227141788,180,0.55,0.5166666666666667,0.8,0.9166666666666667,0.9,0.9253159523010254,0.021320056915283204
0.3,1,100.0,0.9,5,0.6000000000000001,0.06831300510639732,570,0.6166666666666667,0.5166666666666667,0.7166666666666667,0.55,0.6000000000000001,0.9510964393615723,0.020817899703979494
0.3,1,100.0,0.9,10,0.6566666666666666,0.1565602475442317,472,0.7166666666666667,0.4166666666666667,0.6166666666666667,0.6333333333333333,0.9,0.9408379077911377,0.02044076919555664
0.3,1,100.0,0.9,20,0.6599999999999999,0.15620499351813308,451,0.7166666666666667,0.4166666666666667,0.6166666666666667,0.65,0.9,0.9677384376525879,0.020887136459350586
0.3,1,100.0,0.9,50,0.6966666666666667,0.1503329637837291,356,0.55,0.5166666666666667,0.7,0.9166666666666667,0.8,0.9947519779205323,0.021070098876953124
0.3,5,0.001,0.1,5,0.5199999999999999,0.1774510887227489,721,0.6166666666666667,0.3333333333333333,0.3333333333333333,0.5166666666666667,0.8,0.47032713890075684,0.02128458023071289
0.3,5,0.001,0.1,10,0.54,0.19223827807061622,657,0.7166666666666667,0.3333333333333333,0.3333333333333333,0.5166666666666667,0.8,0.4695414066314697,0.02113313674926758
0.3,5,0.001,0.1,20,0.4866666666666667,0.19014614262602217,769,0.5166666666666667,0.25,0.3333333333333333,0.5333333333333333,0.8,0.4760624885559082,0.021099138259887695
0.3,5,0.001,0.1,50,0.5466666666666666,0.10077477638553982,641,0.45,0.5333333333333333,0.43333333333333335,0.6166666666666667,0.7,0.4854880809783936,0.02109675407409668
0.3,5,0.001,0.3,5,0.5199999999999999,0.1774510887227489,721,0.6166666666666667,0.3333333333333333,0.3333333333333333,0.5166666666666667,0.8,0.4663703918457031,0.020990371704101562
0.3,5,0.001,0.3,10,0.54,0.19223827807061622,657,0.7166666666666667,0.3333333333333333,0.3333333333333333,0.5166666666666667,0.8,0.4686417579650879,0.02098402976989746
0.3,5,0.001,0.3,20,0.4866666666666667,0.19014614262602217,769,0.5166666666666667,0.25,0.3333333333333333,0.5333333333333333,0.8,0.4757694721221924,0.0208681583404541
0.3,5,0.001,0.3,50,0.5466666666666666,0.10077477638553982,641,0.45,0.5333333333333333,0.43333333333333335,0.6166666666666667,0.7,0.4874875068664551,0.020872020721435548
0.3,5,0.001,0.5,5,0.5199999999999999,0.1774510887227489,721,0.6166666666666667,0.3333333333333333,0.3333333333333333,0.5166666666666667,0.8,0.4722240447998047,0.02225527763366699
0.3,5,0.001,0.5,10,0.54,0.19223827807061622,657,0.7166666666666667,0.3333333333333333,0.3333333333333333,0.5166666666666667,0.8,0.4671465873718262,0.020929861068725585
0.3,5,0.001,0.5,20,0.4866666666666667,0.19014614262602217,769,0.5166666666666667,0.25,0.3333333333333333,0.5333333333333333,0.8,0.4747946739196777,0.021567106246948242
0.3,5,0.001,0.5,50,0.5466666666666666,0.10077477638553982,641,0.45,0.5333333333333333,0.43333333333333335,0.6166666666666667,0.7,0.46970300674438475,0.02008481025695801
0.3,5,0.001,0.7,5,0.5199999999999999,0.1774510887227489,721,0.6166666666666667,0.3333333333333333,0.3333333333333333,0.5166666666666667,0.8,0.44855051040649413,0.019993162155151366
0.3,5,0.001,0.7,10,0.54,0.19223827807061622,657,0.7166666666666667,0.3333333333333333,0.3333333333333333,0.5166666666666667,0.8,0.45744667053222654,0.020714235305786134
0.3,5,0.001,0.7,20,0.4866666666666667,0.19014614262602217,769,0.5166666666666667,0.25,0.3333333333333333,0.5333333333333333,0.8,0.4804088592529297,0.02115521430969238
0.3,5,0.001,0.7,50,0.5466666666666666,0.10077477638553982,641,0.45,0.5333333333333333,0.43333333333333335,0.6166666666666667,0.7,0.4860363960266113,0.020732784271240236
0.3,5,0.001,0.9,5,0.5199999999999999,0.1774510887227489,721,0.6166666666666667,0.3333333333333333,0.3333333333333333,0.5166666666666667,0.8,0.4645517826080322,0.020958375930786134
0.3,5,0.001,0.9,10,0.54,0.19223827807061622,657,0.7166666666666667,0.3333333333333333,0.3333333333333333,0.5166666666666667,0.8,0.46676044464111327,0.021080541610717773
0.3,5,0.001,0.9,20,0.4866666666666667,0.19014614262602217,769,0.5166666666666667,0.25,0.3333333333333333,0.5333333333333333,0.8,0.4732210636138916,0.020942878723144532
0.3,5,0.001,0.9,50,0.5466666666666666,0.10077477638553982,641,0.45,0.5333333333333333,0.43333333333333335,0.6166666666666667,0.7,0.4861609935760498,0.020796680450439455
0.3,5,0.00359381,0.1,5,0.5199999999999999,0.1774510887227489,721,0.6166666666666667,0.3333333333333333,0.3333333333333333,0.5166666666666667,0.8,0.4669304847717285,0.020864057540893554
0.3,5,0.00359381,0.1,10,0.54,0.19223827807061622,657,0.7166666666666667,0.3333333333333333,0.3333333333333333,0.5166666666666667,0.8,0.4716469764709473,0.020966482162475587
0.3,5,0.00359381,0.1,20,0.4866666666666667,0.19014614262602217,769,0.5166666666666667,0.25,0.3333333333333333,0.5333333333333333,0.8,0.4778771877288818,0.020886993408203124
0.3,5,0.00359381,0.1,50,0.5466666666666666,0.10077477638553982,641,0.45,0.5333333333333333,0.43333333333333335,0.6166666666666667,0.7,0.4879745960235596,0.021027231216430665
0.3,5,0.00359381,0.3,5,0.5199999999999999,0.1774510887227489,721,0.6166666666666667,0.3333333333333333,0.3333333333333333,0.5166666666666667,0.8,0.46700544357299806,0.02124476432800293
0.3,5,0.00359381,0.3,10,0.54,0.19223827807061622,657,0.7166666666666667,0.3333333333333333,0.3333333333333333,0.5166666666666667,0.8,0.4672286033630371,0.02091383934020996
0.3,5,0.00359381,0.3,20,0.4866666666666667,0.19014614262602217,769,0.5166666666666667,0.25,0.3333333333333333,0.5333333333333333,0.8,0.47466082572937013,0.021001577377319336
0.3,5,0.00359381,0.3,50,0.5466666666666666,0.10077477638553982,641,0.45,0.5333333333333333,0.43333333333333335,0.6166666666666667,0.7,0.48440213203430177,0.021166086196899414
0.3,5,0.00359381,0.5,5,0.5199999999999999,0.1774510887227489,721,0.6166666666666667,0.3333333333333333,0.3333333333333333,0.5166666666666667,0.8,0.4531881809234619,0.01998291015625
0.3,5,0.00359381,0.5,10,0.54,0.19223827807061622,657,0.7166666666666667,0.3333333333333333,0.3333333333333333,0.5166666666666667,0.8,0.45305647850036623,0.020056867599487306
0.3,5,0.00359381,0.5,20,0.4866666666666667,0.19014614262602217,769,0.5166666666666667,0.25,0.3333333333333333,0.5333333333333333,0.8,0.455763578414917,0.02043886184692383
0.3,5,0.00359381,0.5,50,0.5466666666666666,0.10077477638553982,641,0.45,0.5333333333333333,0.43333333333333335,0.6166666666666667,0.7,0.4718228816986084,0.020332860946655273
0.3,5,0.00359381,0.7,5,0.5199999999999999,0.1774510887227489,721,0.6166666666666667,0.3333333333333333,0.3333333333333333,0.5166666666666667,0.8,0.46498751640319824,0.02107529640197754
0.3,5,0.00359381,0.7,10,0.54,0.19223827807061622,657,0.7166666666666667,0.3333333333333333,0.3333333333333333,0.5166666666666667,0.8,0.4657857894897461,0.020950460433959962
0.3,5,0.00359381,0.7,20,0.4866666666666667,0.19014614262602217,769,0.5166666666666667,0.25,0.3333333333333333,0.5333333333333333,0.8,0.4724371910095215,0.020813751220703124
0.3,5,0.00359381,0.7,50,0.5466666666666666,0.10077477638553982,641,0.45,0.5333333333333333,0.43333333333333335,0.6166666666666667,0.7,0.48595514297485354,0.020934534072875977
0.3,5,0.00359381,0.9,5,0.5199999999999999,0.1774510887227489,721,0.6166666666666667,0.3333333333333333,0.3333333333333333,0.5166666666666667,0.8,0.46442766189575196,0.020951509475708008
0.3,5,0.00359381,0.9,10,0.54,0.19223827807061622,657,0.7166666666666667,0.3333333333333333,0.3333333333333333,0.5166666666666667,0.8,0.4662595272064209,0.020998620986938478
0.3,5,0.00359381,0.9,20,0.4866666666666667,0.19014614262602217,769,0.5166666666666667,0.25,0.3333333333333333,0.5333333333333333,0.8,0.47730288505554197,0.02092752456665039
0.3,5,0.00359381,0.9,50,0.5466666666666666,0.10077477638553982,641,0.45,0.5333333333333333,0.43333333333333335,0.6166666666666667,0.7,0.48558859825134276,0.02087740898132324
0.3,5,0.0129155,0.1,5,0.74,0.10780641085864154,151,0.8166666666666667,0.5333333333333333,0.8166666666666667,0.7333333333333334,0.8,0.47620329856872556,0.021068429946899413
0.3,5,0.0129155,0.1,10,0.7766666666666666,0.09580071908799942,48,0.8166666666666667,0.6166666666666667,0.8166666666666667,0.7333333333333334,0.9,0.47948760986328126,0.021037721633911134
0.3,5,0.0129155,0.1,20,0.7333333333333334,0.07226494462892932,196,0.8166666666666667,0.6166666666666667,0.7,0.7333333333333334,0.8,0.48490352630615235,0.02083907127380371
0.3,5,0.0129155,0.1,50,0.7533333333333333,0.09741092797468305,130,0.8166666666666667,0.6166666666666667,0.7,0.7333333333333334,0.9,0.4937384605407715,0.020839405059814454
0.3,5,0.0129155,0.3,5,0.5199999999999999,0.1774510887227489,721,0.6166666666666667,0.3333333333333333,0.3333333333333333,0.5166666666666667,0.8,0.4724887847900391,0.02141256332397461
0.3,5,0.0129155,0.3,10,0.54,0.19223827807061622,657,0.7166666666666667,0.3333333333333333,0.3333333333333333,0.5166666666666667,0.8,0.4672847270965576,0.020928955078125
0.3,5,0.0129155,0.3,20,0.4866666666666667,0.19014614262602217,769,0.5166666666666667,0.25,0.3333333333333333,0.5333333333333333,0.8,0.47327508926391604,0.02084217071533203
0.3,5,0.0129155,0.3,50,0.5466666666666666,0.10077477638553982,641,0.45,0.5333333333333333,0.43333333333333335,0.6166666666666667,0.7,0.4724663257598877,0.02032299041748047
0.3,5,0.0129155,0.5,5,0.5199999999999999,0.1774510887227489,721,0.6166666666666667,0.3333333333333333,0.3333333333333333,0.5166666666666667,0.8,0.45824031829833983,0.02080368995666504
0.3,5,0.0129155,0.5,10,0.54,0.19223827807061622,657,0.7166666666666667,0.3333333333333333,0.3333333333333333,0.5166666666666667,0.8,0.45238232612609863,0.020653772354125976
0.3,5,0.0129155,0.5,20,0.4866666666666667,0.19014614262602217,769,0.5166666666666667,0.25,0.3333333333333333,0.5333333333333333,0.8,0.4744876384735107,0.02134075164794922
0.3,5,0.0129155,0.5,50,0.5466666666666666,0.10077477638553982,641,0.45,0.5333333333333333,0.43333333333333335,0.6166666666666667,0.7,0.4876338005065918,0.021053266525268555
0.3,5,0.0129155,0.7,5,0.5199999999999999,0.1774510887227489,721,0.6166666666666667,0.3333333333333333,0.3333333333333333,0.5166666666666667,0.8,0.46798224449157716,0.021085596084594725
0.3,5,0.0129155,0.7,10,0.54,0.19223827807061622,657,0.7166666666666667,0.3333333333333333,0.3333333333333333,0.5166666666666667,0.8,0.46707878112792967,0.02087259292602539
0.3,5,0.0129155,0.7,20,0.4866666666666667,0.19014614262602217,769,0.5166666666666667,0.25,0.3333333333333333,0.5333333333333333,0.8,0.47376251220703125,0.020926904678344727
0.3,5,0.0129155,0.7,50,0.5466666666666666,0.10077477638553982,641,0.45,0.5333333333333333,0.43333333333333335,0.6166666666666667,0.7,0.4929788112640381,0.021345043182373048
0.3,5,0.0129155,0.9,5,0.5199999999999999,0.1774510887227489,721,0.6166666666666667,0.3333333333333333,0.3333333333333333,0.5166666666666667,0.8,0.46590147018432615,0.020975637435913085
0.3,5,0.0129155,0.9,10,0.54,0.19223827807061622,657,0.7166666666666667,0.3333333333333333,0.3333333333333333,0.5166666666666667,0.8,0.46714606285095217,0.020908308029174805
0.3,5,0.0129155,0.9,20,0.4866666666666667,0.19014614262602217,769,0.5166666666666667,0.25,0.3333333333333333,0.5333333333333333,0.8,0.47178072929382325,0.02110128402709961
0.3,5,0.0129155,0.9,50,0.5466666666666666,0.10077477638553982,641,0.45,0.5333333333333333,0.43333333333333335,0.6166666666666667,0.7,0.4864818096160889,0.020941829681396483
0.3,5,0.0464159,0.1,5,0.71,0.1335830993967592,303,0.75,0.45,0.8166666666666667,0.7333333333333334,0.8,0.4880204200744629,0.02070784568786621
0.3,5,0.0464159,0.1,10,0.7933333333333332,0.09404490653110589,29,0.8166666666666667,0.6166666666666667,0.8166666666666667,0.8166666666666667,0.9,0.4915107250213623,0.02077341079711914
0.3,5,0.0464159,0.1,20,0.7566666666666666,0.07644896627453142,94,0.8166666666666667,0.6166666666666667,0.8166666666666667,0.7333333333333334,0.8,0.49576702117919924,0.021115541458129883
0.3,5,0.0464159,0.1,50,0.7166666666666666,0.07958224257542214,270,0.8166666666666667,0.6166666666666667,0.7,0.65,0.8,0.5054834842681885,0.021093034744262697
0.3,5,0.0464159,0.3,5,0.74,0.06548960901462834,151,0.7166666666666667,0.6333333333333333,0.8166666666666667,0.7333333333333334,0.8,0.48599996566772463,0.020770883560180663
0.3,5,0.0464159,0.3,10,0.7566666666666666,0.07644896627453142,94,0.8166666666666667,0.6166666666666667,0.8166666666666667,0.7333333333333334,0.8,0.4809523582458496,0.020323514938354492
0.3,5,0.0464159,0.3,20,0.7733333333333334,0.0946337971105226,60,0.8166666666666667,0.6166666666666667,0.9,0.7333333333333334,0.8,0.47713623046875,0.020154380798339845
0.3,5,0.0464159,0.3,50,0.7166666666666666,0.07958224257542214,270,0.8166666666666667,0.6166666666666667,0.7,0.65,0.8,0.5030036926269531,0.02085733413696289
0.3,5,0.0464159,0.5,5,0.7966666666666666,0.09966610925150701,11,0.8166666666666667,0.7166666666666667,0.9,0.65,0.9,0.48705573081970216,0.021176242828369142
0.3,5,0.0464159,0.5,10,0.7566666666666666,0.12364824660660938,94,0.7333333333333334,0.5333333333333333,0.9,0.8166666666666667,0.8,0.4920350074768066,0.021301412582397462
0.3,5,0.0464159,0.5,20,0.7,0.06912147117775909,337,0.7333333333333334,0.7166666666666667,0.6,0.65,0.8,0.4954836368560791,0.020854616165161134
0.3,5,0.0464159,0.5,50,0.72,0.09510228411791405,227,0.6333333333333333,0.7166666666666667,0.7,0.65,0.9,0.5059347152709961,0.021074771881103516
0.3,5,0.0464159,0.7,5,0.5199999999999999,0.1774510887227489,721,0.6166666666666667,0.3333333333333333,0.3333333333333333,0.5166666666666667,0.8,0.4735508918762207,0.021292877197265626
0.3,5,0.0464159,0.7,10,0.54,0.19223827807061622,657,0.7166666666666667,0.3333333333333333,0.3333333333333333,0.5166666666666667,0.8,0.4775587558746338,0.020793724060058593
0.3,5,0.0464159,0.7,20,0.4866666666666667,0.19014614262602217,769,0.5166666666666667,0.25,0.3333333333333333,0.5333333333333333,0.8,0.4762260437011719,0.021154260635375975
0.3,5,0.0464159,0.7,50,0.5466666666666666,0.10077477638553982,641,0.45,0.5333333333333333,0.43333333333333335,0.6166666666666667,0.7,0.4857521057128906,0.020777273178100585
0.3,5,0.0464159,0.9,5,0.5199999999999999,0.1774510887227489,721,0.6166666666666667,0.3333333333333333,0.3333333333333333,0.5166666666666667,0.8,0.464208984375,0.02099781036376953
0.3,5,0.0464159,0.9,10,0.54,0.19223827807061622,657,0.7166666666666667,0.3333333333333333,0.3333333333333333,0.5166666666666667,0.8,0.4660228729248047,0.02104811668395996
0.3,5,0.0464159,0.9,20,0.4866666666666667,0.19014614262602217,769,0.5166666666666667,0.25,0.3333333333333333,0.5333333333333333,0.8,0.47309050559997556,0.021056938171386718
0.3,5,0.0464159,0.9,50,0.5466666666666666,0.10077477638553982,641,0.45,0.5333333333333333,0.43333333333333335,0.6166666666666667,0.7,0.4899722099304199,0.020966339111328124
0.3,5,0.16681,0.1,5,0.74,0.09865765724632497,151,0.9166666666666667,0.6166666666666667,0.75,0.7166666666666667,0.7,0.5152285099029541,0.020900583267211913
0.3,5,0.16681,0.1,10,0.7166666666666666,0.08628119403696521,270,0.8166666666666667,0.6166666666666667,0.8166666666666667,0.6333333333333333,0.7,0.5014018535614013,0.020089340209960938
0.3,5,0.16681,0.1,20,0.7766666666666667,0.09921917377424812,36,0.8166666666666667,0.6166666666666667,0.9166666666666667,0.7333333333333334,0.8,0.5042742729187012,0.020232677459716797
0.3,5,0.16681,0.1,50,0.74,0.11135528725660043,151,0.8166666666666667,0.6166666666666667,0.6166666666666667,0.75,0.9,0.5173763751983642,0.02167091369628906
0.3,5,0.16681,0.3,5,0.8033333333333333,0.06446359868604572,10,0.75,0.7166666666666667,0.8166666666666667,0.8333333333333333,0.9,0.5156745910644531,0.020654058456420897
0.3,5,0.16681,0.3,10,0.7733333333333334,0.10088497300281038,60,0.9166666666666667,0.6166666666666667,0.8166666666666667,0.7166666666666667,0.8,0.5297293186187744,0.02103395462036133
0.3,5,0.16681,0.3,20,0.7566666666666666,0.07644896627453142,94,0.8166666666666667,0.6166666666666667,0.8166666666666667,0.7333333333333334,0.8,0.5338763236999512,0.02102494239807129
0.3,5,0.16681,0.3,50,0.7133333333333333,0.08259674462242578,293,0.6333333333333333,0.6166666666666667,0.7,0.8166666666666667,0.8,0.5437891006469726,0.020940208435058595
0.3,5,0.16681,0.5,5,0.7633333333333334,0.09392668535736913,81,0.75,0.6166666666666667,0.8166666666666667,0.7333333333333334,0.9,0.5344865798950196,0.020702648162841796
0.3,5,0.16681,0.5,10,0.7733333333333334,0.0946337971105226,60,0.8166666666666667,0.6166666666666667,0.9,0.7333333333333334,0.8,0.5387728691101075,0.02099614143371582
0.3,5,0.16681,0.5,20,0.7566666666666666,0.07644896627453142,94,0.8166666666666667,0.6166666666666667,0.8166666666666667,0.7333333333333334,0.8,0.5420461177825928,0.02117910385131836
0.3,5,0.16681,0.5,50,0.72,0.07916228058025278,227,0.8166666666666667,0.6166666666666667,0.7166666666666667,0.65,0.8,0.5524914741516114,0.020975589752197266
0.3,5,0.16681,0.7,5,0.7366666666666667,0.07102425250887505,180,0.7166666666666667,0.6166666666666667,0.8166666666666667,0.7333333333333334,0.8,0.5280452251434327,0.020949077606201173
0.3,5,0.16681,0.7,10,0.7933333333333333,0.11085526098877262,16,0.9166666666666667,0.6166666666666667,0.9,0.7333333333333334,0.8,0.533448314666748,0.02106313705444336
0.3,5,0.16681,0.7,20,0.7133333333333333,0.1071862346054235,293,0.8166666666666667,0.5166666666666667,0.7,0.7333333333333334,0.8,0.5354696273803711,0.02115631103515625
0.3,5,0.16681,0.7,50,0.68,0.0661647774709307,404,0.6333333333333333,0.6166666666666667,0.7,0.65,0.8,0.5478159427642822,0.021284103393554688
0.3,5,0.16681,0.9,5,0.7366666666666667,0.07102425250887505,180,0.7166666666666667,0.6166666666666667,0.8166666666666667,0.7333333333333334,0.8,0.5213255405426025,0.020871925354003906
0.3,5,0.16681,0.9,10,0.7533333333333333,0.09741092797468305,130,0.8166666666666667,0.6166666666666667,0.7,0.7333333333333334,0.9,0.5191164016723633,0.020745182037353517
0.3,5,0.16681,0.9,20,0.7,0.06411794687223782,337,0.65,0.6166666666666667,0.7,0.7333333333333334,0.8,0.5088499546051025,0.020044898986816405
0.3,5,0.16681,0.9,50,0.6833333333333333,0.06411794687223782,376,0.65,0.6166666666666667,0.7,0.65,0.8,0.5229104518890381,0.020318078994750976
0.3,5,0.599484,0.1,5,0.7233333333333334,0.08666666666666666,209,0.7333333333333334,0.6166666666666667,0.8333333333333333,0.6333333333333333,0.8,0.5821748733520508,0.021367406845092772
0.3,5,0.599484,0.1,10,0.7966666666666666,0.1142122779934121,11,0.9166666666666667,0.6166666666666667,0.9166666666666667,0.7333333333333334,0.8,0.5901725769042969,0.021087455749511718
0.3,5,0.599484,0.1,20,0.7566666666666666,0.07644896627453142,94,0.8166666666666667,0.6166666666666667,0.8166666666666667,0.7333333333333334,0.8,0.596863079071045,0.0208437442779541
0.3,5,0.599484,0.1,50,0.7533333333333333,0.09741092797468305,130,0.8166666666666667,0.6166666666666667,0.7,0.7333333333333334,0.9,0.6046877861022949,0.02106637954711914
0.3,5,0.599484,0.3,5,0.7233333333333334,0.06548960901462832,209,0.75,0.6166666666666667,0.8166666666666667,0.7333333333333334,0.7,0.6077110767364502,0.021068239212036134
0.3,5,0.599484,0.3,10,0.7733333333333334,0.127627931460511,60,0.9166666666666667,0.6166666666666667,0.9,0.6333333333333333,0.8,0.6122480869293213,0.020818614959716798
0.3,5,0.599484,0.3,20,0.7766666666666667,0.09921917377424812,36,0.8166666666666667,0.6166666666666667,0.9166666666666667,0.7333333333333334,0.8,0.6184733390808106,0.02096872329711914
0.3,5,0.599484,0.3,50,0.72,0.08717797887081347,227,0.8166666666666667,0.6166666666666667,0.6166666666666667,0.75,0.8,0.6277584075927735,0.021134471893310545
0.3,5,0.599484,0.5,5,0.7066666666666667,0.08406346808612326,304,0.65,0.6166666666666667,0.8166666666666667,0.65,0.8,0.6326272010803222,0.0209043025970459
0.3,5,0.599484,0.5,10,0.7933333333333333,0.11085526098877262,16,0.9166666666666667,0.6166666666666667,0.9,0.7333333333333334,0.8,0.6376742362976074,0.02105851173400879
0.3,5,0.599484,0.5,20,0.7166666666666666,0.08628119403696523,270,0.8166666666666667,0.6166666666666667,0.6166666666666667,0.7333333333333334,0.8,0.6413172245025635,0.02117462158203125
0.3,5,0.599484,0.5,50,0.7566666666666667,0.09285592184789412,89,0.7333333333333334,0.6166666666666667,0.8,0.7333333333333334,0.9,0.6271672725677491,0.020094919204711913
0.3,5,0.599484,0.7,5,0.78,0.12265579661982733,31,0.65,0.6166666666666667,0.9,0.8333333333333333,0.9,0.6345282554626465,0.020228195190429687
0.3,5,0.599484,0.7,10,0.8099999999999999,0.10677078252031312,8,0.9166666666666667,0.6166666666666667,0.9,0.8166666666666667,0.8,0.6513265132904053,0.02039198875427246
0.3,5,0.599484,0.7,20,0.7166666666666666,0.08628119403696523,270,0.8166666666666667,0.6166666666666667,0.6166666666666667,0.7333333333333334,0.8,0.669592809677124,0.021511077880859375
0.3,5,0.599484,0.7,50,0.7366666666666667,0.06699917080747261,180,0.7333333333333334,0.6166666666666667,0.8,0.7333333333333334,0.8,0.6771396636962891,0.02126765251159668
0.3,5,0.599484,0.9,5,0.78,0.10187137859957417,31,0.65,0.7166666666666667,0.9,0.7333333333333334,0.9,0.663770055770874,0.020879697799682618
0.3,5,0.599484,0.9,10,0.8133333333333332,0.0825967446224258,5,0.9166666666666667,0.7166666666666667,0.9,0.7333333333333334,0.8,0.6718911170959473,0.021105575561523437
0.3,5,0.599484,0.9,20,0.7166666666666666,0.08628119403696523,270,0.8166666666666667,0.6166666666666667,0.6166666666666667,0.7333333333333334,0.8,0.6809596061706543,0.020714426040649415
0.3,5,0.599484,0.9,50,0.7233333333333334,0.09809292646374773,209,0.7333333333333334,0.6166666666666667,0.7166666666666667,0.65,0.9,0.6861864566802979,0.021168279647827148
0.3,5,2.15443,0.1,5,0.72,0.09030811456096043,227,0.8166666666666667,0.6166666666666667,0.8333333333333333,0.6333333333333333,0.7,0.7045106887817383,0.021147489547729492
0.3,5,2.15443,0.1,10,0.7766666666666667,0.09921917377424813,36,0.9166666666666667,0.6166666666666667,0.8166666666666667,0.7333333333333334,0.8,0.709287166595459,0.0211122989654541
0.3,5,2.15443,0.1,20,0.7566666666666666,0.07644896627453142,94,0.8166666666666667,0.6166666666666667,0.8166666666666667,0.7333333333333334,0.8,0.7149847984313965,0.021199417114257813
0.3,5,2.15443,0.1,50,0.6966666666666667,0.07102425250887506,356,0.7166666666666667,0.6166666666666667,0.6166666666666667,0.7333333333333334,0.8,0.7216966629028321,0.021121788024902343
0.3,5,2.15443,0.3,5,0.7166666666666666,0.08628119403696521,270,0.8166666666666667,0.6166666666666667,0.8166666666666667,0.6333333333333333,0.7,0.758447790145874,0.02015266418457031
0.3,5,2.15443,0.3,10,0.7533333333333333,0.077746025264604,130,0.8166666666666667,0.6166666666666667,0.8166666666666667,0.7166666666666667,0.8,0.7552921295166015,0.020539045333862305
0.3,5,2.15443,0.3,20,0.7766666666666667,0.09921917377424812,36,0.8166666666666667,0.6166666666666667,0.9166666666666667,0.7333333333333334,0.8,0.7865466594696044,0.021178531646728515
0.3,5,2.15443,0.3,50,0.7733333333333332,0.07930251502246877,73,0.8166666666666667,0.6166666666666667,0.8,0.8333333333333333,0.8,0.7952530860900879,0.02110714912414551
0.3,5,2.15443,0.5,5,0.7233333333333333,0.0793025150224688,216,0.65,0.6166666666666667,0.8166666666666667,0.7333333333333334,0.8,0.8196612358093261,0.02108907699584961
0.3,5,2.15443,0.5,10,0.7766666666666666,0.09345230512584124,48,0.75,0.6166666666666667,0.9,0.8166666666666667,0.8,0.8194024562835693,0.021214103698730467
0.3,5,2.15443,0.5,20,0.7366666666666667,0.07102425250887505,180,0.8166666666666667,0.6166666666666667,0.7166666666666667,0.7333333333333334,0.8,0.8257126808166504,0.02122840881347656
0.3,5,2.15443,0.5,50,0.7033333333333334,0.06446359868604573,312,0.7333333333333334,0.6166666666666667,0.7166666666666667,0.65,0.8,0.8364147663116455,0.021053123474121093
0.3,5,2.15443,0.7,5,0.7233333333333333,0.0793025150224688,216,0.65,0.6166666666666667,0.8166666666666667,0.7333333333333334,0.8,0.8594349384307861,0.021195411682128906
0.3,5,2.15443,0.7,10,0.6833333333333333,0.0767390962214756,376,0.75,0.6166666666666667,0.6166666666666667,0.6333333333333333,0.8,0.8663962841033935,0.021161460876464845
0.3,5,2.15443,0.7,20,0.6966666666666667,0.09153020145163988,356,0.8166666666666667,0.6166666666666667,0.6166666666666667,0.6333333333333333,0.8,0.8432048797607422,0.02035212516784668
0.3,5,2.15443,0.7,50,0.6833333333333333,0.06749485577105531,376,0.6333333333333333,0.6166666666666667,0.7166666666666667,0.65,0.8,0.8668952941894531,0.020706319808959962
0.3,5,2.15443,0.9,5,0.7433333333333334,0.14321700705960555,148,0.65,0.6166666666666667,1.0,0.65,0.8,0.8864101886749267,0.020977067947387695
0.3,5,2.15443,0.9,10,0.76,0.11135528725660045,83,0.9166666666666667,0.6166666666666667,0.8166666666666667,0.65,0.8,0.8901407718658447,0.02099127769470215
0.3,5,2.15443,0.9,20,0.7333333333333332,0.09545214042184234,202,0.8166666666666667,0.6166666666666667,0.6166666666666667,0.8166666666666667,0.8,0.896125078201294,0.021012353897094726
0.3,5,2.15443,0.9,50,0.7166666666666666,0.059628479399994404,270,0.7333333333333334,0.6166666666666667,0.7,0.7333333333333334,0.8,0.9030414581298828,0.021100997924804688
0.3,5,7.74264,0.1,5,0.74,0.09463379711052258,151,0.8166666666666667,0.6166666666666667,0.8333333333333333,0.6333333333333333,0.8,0.7569062232971191,0.020963096618652345
0.3,5,7.74264,0.1,10,0.7533333333333333,0.077746025264604,130,0.8166666666666667,0.6166666666666667,0.8166666666666667,0.7166666666666667,0.8,0.7585387706756592,0.021161222457885744
0.3,5,7.74264,0.1,20,0.7566666666666666,0.07644896627453142,94,0.8166666666666667,0.6166666666666667,0.8166666666666667,0.7333333333333334,0.8,0.7631679058074952,0.020897388458251953
0.3,5,7.74264,0.1,50,0.6966666666666667,0.07102425250887506,356,0.7166666666666667,0.6166666666666667,0.6166666666666667,0.7333333333333334,0.8,0.7736408233642578,0.020990371704101562
0.3,5,7.74264,0.3,5,0.7033333333333334,0.07774602526460399,312,0.7333333333333334,0.6166666666666667,0.8333333333333333,0.6333333333333333,0.7,0.9507721900939942,0.020885276794433593
0.3,5,7.74264,0.3,10,0.7200000000000001,0.07916228058025278,222,0.7166666666666667,0.6166666666666667,0.8166666666666667,0.65,0.8,0.9464380264282226,0.02052764892578125
0.3,5,7.74264,0.3,20,0.7766666666666667,0.09921917377424812,36,0.8166666666666667,0.6166666666666667,0.9166666666666667,0.7333333333333334,0.8,0.9675112247467041,0.021380615234375
0.3,5,7.74264,0.3,50,0.7,0.08944271909999157,337,0.8166666666666667,0.6166666666666667,0.6166666666666667,0.65,0.8,0.995847749710083,0.021032047271728516
0.3,5,7.74264,0.5,5,0.6833333333333332,0.07226494462892932,402,0.65,0.6166666666666667,0.8166666666666667,0.6333333333333333,0.7,1.071100902557373,0.021143245697021484
0.3,5,7.74264,0.5,10,0.7566666666666666,0.07644896627453142,94,0.8166666666666667,0.6166666666666667,0.8166666666666667,0.7333333333333334,0.8,1.0733848571777345,0.021133947372436523
0.3,5,7.74264,0.5,20,0.7766666666666667,0.09921917377424812,36,0.8166666666666667,0.6166666666666667,0.9166666666666667,0.7333333333333334,0.8,1.0744138717651368,0.021187496185302735
0.3,5,7.74264,0.5,50,0.7566666666666666,0.07348469228349534,94,0.8166666666666667,0.6166666666666667,0.8,0.75,0.8,1.099081563949585,0.02115764617919922
0.3,5,7.74264,0.7,5,0.6833333333333332,0.07226494462892932,402,0.65,0.6166666666666667,0.8166666666666667,0.6333333333333333,0.7,1.0549104690551758,0.021904897689819337
0.3,5,7.74264,0.7,10,0.7533333333333333,0.077746025264604,130,0.8166666666666667,0.6166666666666667,0.8166666666666667,0.7166666666666667,0.8,1.0454392910003663,0.02043299674987793
0.3,5,7.74264,0.7,20,0.7166666666666666,0.08628119403696523,270,0.8166666666666667,0.6166666666666667,0.6166666666666667,0.7333333333333334,0.8,1.0708330154418946,0.02135181427001953
0.3,5,7.74264,0.7,50,0.72,0.07916228058025278,227,0.8166666666666667,0.6166666666666667,0.7166666666666667,0.65,0.8,1.0902092933654786,0.021360111236572266
0.3,5,7.74264,0.9,5,0.7033333333333334,0.0865383665716478,312,0.65,0.6166666666666667,0.8166666666666667,0.6333333333333333,0.8,1.1764916896820068,0.020787715911865234
0.3,5,7.74264,0.9,10,0.72,0.07916228058025278,227,0.65,0.6166666666666667,0.8166666666666667,0.7166666666666667,0.8,1.182138156890869,0.021212339401245117
0.3,5,7.74264,0.9,20,0.7333333333333332,0.09545214042184234,202,0.8166666666666667,0.6166666666666667,0.6166666666666667,0.8166666666666667,0.8,1.1810789108276367,0.020952367782592775
0.3,5,7.74264,0.9,50,0.7200000000000001,0.07557189365836424,222,0.7333333333333334,0.6166666666666667,0.8,0.65,0.8,1.1908417701721192,0.02078666687011719
0.3,5,27.8256,0.1,5,0.7166666666666668,0.17543596489254357,256,0.8166666666666667,0.4166666666666667,0.9166666666666667,0.6333333333333333,0.8,0.7406953811645508,0.020395898818969728
0.3,5,27.8256,0.1,10,0.74,0.09463379711052258,151,0.8166666666666667,0.6166666666666667,0.8333333333333333,0.6333333333333333,0.8,0.7521376132965087,0.02066941261291504
0.3,5,27.8256,0.1,20,0.7766666666666666,0.09580071908799942,48,0.8166666666666667,0.6166666666666667,0.8166666666666667,0.7333333333333334,0.9,0.7715429782867431,0.020970678329467772
0.3,5,27.8256,0.1,50,0.6966666666666667,0.07102425250887506,356,0.7166666666666667,0.6166666666666667,0.6166666666666667,0.7333333333333334,0.8,0.7835000991821289,0.020925474166870118
0.3,5,27.8256,0.3,5,0.74,0.09463379711052258,151,0.8166666666666667,0.6166666666666667,0.8333333333333333,0.6333333333333333,0.8,0.9104655742645263,0.021059846878051756
0.3,5,27.8256,0.3,10,0.7566666666666666,0.11479450238481712,94,0.9166666666666667,0.6166666666666667,0.8166666666666667,0.6333333333333333,0.8,0.9026514053344726,0.02109384536743164
0.3,5,27.8256,0.3,20,0.7766666666666667,0.09921917377424812,36,0.8166666666666667,0.6166666666666667,0.9166666666666667,0.7333333333333334,0.8,0.9080711841583252,0.02113828659057617
0.3,5,27.8256,0.3,50,0.7133333333333333,0.05906681715556451,293,0.7166666666666667,0.6166666666666667,0.7,0.7333333333333334,0.8,0.9162200450897217,0.021172809600830077
0.3,5,27.8256,0.5,5,0.72,0.09030811456096043,227,0.8166666666666667,0.6166666666666667,0.8333333333333333,0.6333333333333333,0.7,1.076832151412964,0.02098531723022461
0.3,5,27.8256,0.5,10,0.7766666666666667,0.13106402167558337,36,0.9166666666666667,0.6166666666666667,0.9166666666666667,0.6333333333333333,0.8,1.068973922729492,0.020667600631713866
0.3,5,27.8256,0.5,20,0.7566666666666666,0.07644896627453142,94,0.8166666666666667,0.6166666666666667,0.8166666666666667,0.7333333333333334,0.8,1.0777694225311278,0.020937108993530275
0.3,5,27.8256,0.5,50,0.7166666666666666,0.08628119403696523,270,0.8166666666666667,0.6166666666666667,0.6166666666666667,0.7333333333333334,0.8,1.0999463558197022,0.02130746841430664
0.3,5,27.8256,0.7,5,0.7033333333333334,0.07774602526460399,312,0.7333333333333334,0.6166666666666667,0.8333333333333333,0.6333333333333333,0.7,1.1888757228851319,0.020852136611938476
0.3,5,27.8256,0.7,10,0.7200000000000001,0.07916228058025278,222,0.7166666666666667,0.6166666666666667,0.8166666666666667,0.65,0.8,1.1930638313293458,0.02090034484863281
0.3,5,27.8256,0.7,20,0.7566666666666666,0.07644896627453142,94,0.8166666666666667,0.6166666666666667,0.8166666666666667,0.7333333333333334,0.8,1.1979796886444092,0.02111678123474121
0.3,5,27.8256,0.7,50,0.72,0.08717797887081347,227,0.8166666666666667,0.6166666666666667,0.6166666666666667,0.75,0.8,1.2026377201080323,0.02110610008239746
0.3,5,27.8256,0.9,5,0.72,0.10718623460542355,227,0.7333333333333334,0.6166666666666667,0.9166666666666667,0.6333333333333333,0.7,1.2633919715881348,0.020336246490478514
0.3,5,27.8256,0.9,10,0.7733333333333332,0.07859884081701063,73,0.8166666666666667,0.6166666666666667,0.8166666666666667,0.8166666666666667,0.8,1.2901609420776368,0.020940637588500975
0.3,5,27.8256,0.9,20,0.7766666666666667,0.09921917377424812,36,0.8166666666666667,0.6166666666666667,0.9166666666666667,0.7333333333333334,0.8,1.3068643093109131,0.021038246154785157
0.3,5,27.8256,0.9,50,0.72,0.08717797887081347,227,0.8166666666666667,0.6166666666666667,0.6166666666666667,0.75,0.8,1.3039745330810546,0.021159934997558593
0.3,5,100.0,0.1,5,0.7166666666666668,0.17543596489254357,256,0.8166666666666667,0.4166666666666667,0.9166666666666667,0.6333333333333333,0.8,0.8220982551574707,0.020969247817993163
0.3,5,100.0,0.1,10,0.74,0.09463379711052258,151,0.8166666666666667,0.6166666666666667,0.8333333333333333,0.6333333333333333,0.8,0.819991159439087,0.021155405044555663
0.3,5,100.0,0.1,20,0.7566666666666666,0.07644896627453142,94,0.8166666666666667,0.6166666666666667,0.8166666666666667,0.7333333333333334,0.8,0.8339262008666992,0.021415901184082032
0.3,5,100.0,0.1,50,0.7166666666666668,0.05868938953886337,256,0.7166666666666667,0.6166666666666667,0.7166666666666667,0.7333333333333334,0.8,0.8379122734069824,0.02109189033508301
0.3,5,100.0,0.3,5,0.7166666666666668,0.17543596489254357,256,0.8166666666666667,0.4166666666666667,0.9166666666666667,0.6333333333333333,0.8,0.8028831958770752,0.02014765739440918
0.3,5,100.0,0.3,10,0.74,0.09463379711052258,151,0.8166666666666667,0.6166666666666667,0.8333333333333333,0.6333333333333333,0.8,0.8035526275634766,0.020190906524658204
0.3,5,100.0,0.3,20,0.7566666666666666,0.07644896627453142,94,0.8166666666666667,0.6166666666666667,0.8166666666666667,0.7333333333333334,0.8,0.8332689285278321,0.02111845016479492
0.3,5,100.0,0.3,50,0.7166666666666668,0.05868938953886337,256,0.7166666666666667,0.6166666666666667,0.7166666666666667,0.7333333333333334,0.8,0.8435038089752197,0.021073055267333985
0.3,5,100.0,0.5,5,0.7166666666666668,0.17543596489254357,256,0.8166666666666667,0.4166666666666667,0.9166666666666667,0.6333333333333333,0.8,0.8489048480987549,0.02096080780029297
0.3,5,100.0,0.5,10,0.74,0.09463379711052258,151,0.8166666666666667,0.6166666666666667,0.8333333333333333,0.6333333333333333,0.8,0.8500336647033692,0.021039819717407225
0.3,5,100.0,0.5,20,0.7566666666666666,0.07644896627453142,94,0.8166666666666667,0.6166666666666667,0.8166666666666667,0.7333333333333334,0.8,0.8563155174255371,0.02115168571472168
0.3,5,100.0,0.5,50,0.7133333333333333,0.05906681715556451,293,0.7166666666666667,0.6166666666666667,0.7,0.7333333333333334,0.8,0.8680127620697021,0.021356916427612303
0.3,5,100.0,0.7,5,0.74,0.09463379711052258,151,0.8166666666666667,0.6166666666666667,0.8333333333333333,0.6333333333333333,0.8,0.8916972637176513,0.021034097671508788
0.3,5,100.0,0.7,10,0.74,0.09463379711052258,151,0.8166666666666667,0.6166666666666667,0.8333333333333333,0.6333333333333333,0.8,0.8961492061614991,0.02118988037109375
0.3,5,100.0,0.7,20,0.7566666666666666,0.07644896627453142,94,0.8166666666666667,0.6166666666666667,0.8166666666666667,0.7333333333333334,0.8,0.8847644329071045,0.020891237258911132
0.3,5,100.0,0.7,50,0.6966666666666667,0.07102425250887506,356,0.7166666666666667,0.6166666666666667,0.6166666666666667,0.7333333333333334,0.8,0.8909584045410156,0.020770788192749023
0.3,5,100.0,0.9,5,0.74,0.09463379711052258,151,0.8166666666666667,0.6166666666666667,0.8333333333333333,0.6333333333333333,0.8,0.9591790676116944,0.021139144897460938
0.3,5,100.0,0.9,10,0.74,0.13564659966250536,151,0.9166666666666667,0.6166666666666667,0.8166666666666667,0.55,0.8,0.9652858734130859,0.02101168632507324
0.3,5,100.0,0.9,20,0.7566666666666666,0.07644896627453142,94,0.8166666666666667,0.6166666666666667,0.8166666666666667,0.7333333333333334,0.8,0.9676250457763672,0.020860767364501952
0.3,5,100.0,0.9,50,0.6966666666666667,0.07102425250887506,356,0.7166666666666667,0.6166666666666667,0.6166666666666667,0.7333333333333334,0.8,0.9802515983581543,0.021227598190307617
