param_clf__max_features,param_clf__min_samples_leaf,param_selector__C,param_selector__l1_ratio,param_selector__top_k,mean_test_score,std_test_score,rank_test_score,split0_test_score,split1_test_score,split2_test_score,split3_test_score,split4_test_score,mean_fit_time,mean_score_time
sqrt,1,0.001,0.1,5,0.5966666666666667,0.22715633383201098,525,0.5,0.9166666666666667,0.8,0.4666666666666667,0.3,0.46562991142272947,0.02045474052429199
sqrt,1,0.001,0.1,10,0.5933333333333334,0.23156472577277878,560,0.5,0.9166666666666667,0.8,0.4666666666666667,0.2833333333333333,0.4785195827484131,0.021045494079589843
sqrt,1,0.001,0.1,20,0.5666666666666667,0.12427567921538166,651,0.5166666666666667,0.65,0.7333333333333334,0.5666666666666667,0.3666666666666667,0.4945226192474365,0.021292686462402344
sqrt,1,0.001,0.1,50,0.5700000000000001,0.14506703431325962,635,0.5,0.8166666666666667,0.65,0.43333333333333335,0.45,0.5007274150848389,0.021341896057128905
sqrt,1,0.001,0.3,5,0.5966666666666667,0.22715633383201098,525,0.5,0.9166666666666667,0.8,0.4666666666666667,0.3,0.4850196838378906,0.021172523498535156
sqrt,1,0.001,0.3,10,0.5933333333333334,0.23156472577277878,560,0.5,0.9166666666666667,0.8,0.4666666666666667,0.2833333333333333,0.49700775146484377,0.02118229866027832
sqrt,1,0.001,0.3,20,0.5666666666666667,0.12427567921538166,651,0.5166666666666667,0.65,0.7333333333333334,0.5666666666666667,0.3666666666666667,0.4946250915527344,0.02137904167175293
sqrt,1,0.001,0.3,50,0.5700000000000001,0.14506703431325962,635,0.5,0.8166666666666667,0.65,0.43333333333333335,0.45,0.5012760162353516,0.021440982818603516
sqrt,1,0.001,0.5,5,0.5966666666666667,0.22715633383201098,525,0.5,0.9166666666666667,0.8,0.4666666666666667,0.3,0.48902363777160646,0.022236156463623046
sqrt,1,0.001,0.5,10,0.5933333333333334,0.23156472577277878,560,0.5,0.9166666666666667,0.8,0.4666666666666667,0.2833333333333333,0.48732900619506836,0.02138175964355469
sqrt,1,0.001,0.5,20,0.5666666666666667,0.12427567921538166,651,0.5166666666666667,0.65,0.7333333333333334,0.5666666666666667,0.3666666666666667,0.4933490753173828,0.021351099014282227
sqrt,1,0.001,0.5,50,0.5700000000000001,0.14506703431325962,635,0.5,0.8166666666666667,0.65,0.43333333333333335,0.45,0.5006165504455566,0.021441268920898437
sqrt,1,0.001,0.7,5,0.5966666666666667,0.22715633383201098,525,0.5,0.9166666666666667,0.8,0.4666666666666667,0.3,0.48502292633056643,0.021268367767333984
sqrt,1,0.001,0.7,10,0.5933333333333334,0.23156472577277878,560,0.5,0.9166666666666667,0.8,0.4666666666666667,0.2833333333333333,0.48807196617126464,0.02128567695617676
sqrt,1,0.001,0.7,20,0.5666666666666667,0.12427567921538166,651,0.5166666666666667,0.65,0.7333333333333334,0.5666666666666667,0.3666666666666667,0.4944812774658203,0.021566486358642577
sqrt,1,0.001,0.7,50,0.5700000000000001,0.14506703431325962,635,0.5,0.8166666666666667,0.65,0.43333333333333335,0.45,0.5006280422210694,0.021379613876342775
sqrt,1,0.001,0.9,5,0.5966666666666667,0.22715633383201098,525,0.5,0.9166666666666667,0.8,0.4666666666666667,0.3,0.4841613292694092,0.021220588684082033
sqrt,1,0.001,0.9,10,0.5933333333333334,0.23156472577277878,560,0.5,0.9166666666666667,0.8,0.4666666666666667,0.2833333333333333,0.48361759185791015,0.020836496353149415
sqrt,1,0.001,0.9,20,0.5666666666666667,0.12427567921538166,651,0.5166666666666667,0.65,0.7333333333333334,0.5666666666666667,0.3666666666666667,0.4761784553527832,0.02080526351928711
sqrt,1,0.001,0.9,50,0.5700000000000001,0.14506703431325962,635,0.5,0.8166666666666667,0.65,0.43333333333333335,0.45,0.48960185050964355,0.020577669143676758
sqrt,1,0.00359381,0.1,5,0.5966666666666667,0.22715633383201098,525,0.5,0.9166666666666667,0.8,0.4666666666666667,0.3,0.4726551532745361,0.020595884323120116
sqrt,1,0.00359381,0.1,10,0.5933333333333334,0.23156472577277878,560,0.5,0.9166666666666667,0.8,0.4666666666666667,0.2833333333333333,0.4872326374053955,0.02141871452331543
sqrt,1,0.00359381,0.1,20,0.5666666666666667,0.12427567921538166,651,0.5166666666666667,0.65,0.7333333333333334,0.5666666666666667,0.3666666666666667,0.495420503616333,0.021206092834472657
sqrt,1,0.00359381,0.1,50,0.5700000000000001,0.14506703431325962,635,0.5,0.8166666666666667,0.65,0.43333333333333335,0.45,0.5015427112579346,0.02121448516845703
sqrt,1,0.00359381,0.3,5,0.5966666666666667,0.22715633383201098,525,0.5,0.9166666666666667,0.8,0.4666666666666667,0.3,0.4859283924102783,0.02193760871887207
sqrt,1,0.00359381,0.3,10,0.5933333333333334,0.23156472577277878,560,0.5,0.9166666666666667,0.8,0.4666666666666667,0.2833333333333333,0.48775882720947267,0.021213626861572264
sqrt,1,0.00359381,0.3,20,0.5666666666666667,0.12427567921538166,651,0.5166666666666667,0.65,0.7333333333333334,0.5666666666666667,0.3666666666666667,0.496474027633667,0.021196413040161132
sqrt,1,0.00359381,0.3,50,0.5700000000000001,0.14506703431325962,635,0.5,0.8166666666666667,0.65,0.43333333333333335,0.45,0.4998773097991943,0.021429443359375
sqrt,1,0.00359381,0.5,5,0.5966666666666667,0.22715633383201098,525,0.5,0.9166666666666667,0.8,0.4666666666666667,0.3,0.4847689628601074,0.021077728271484374
sqrt,1,0.00359381,0.5,10,0.5933333333333334,0.23156472577277878,560,0.5,0.9166666666666667,0.8,0.4666666666666667,0.2833333333333333,0.48787517547607423,0.021214723587036133
sqrt,1,0.00359381,0.5,20,0.5666666666666667,0.12427567921538166,651,0.5166666666666667,0.65,0.7333333333333334,0.5666666666666667,0.3666666666666667,0.49348769187927244,0.021304893493652343
sqrt,1,0.00359381,0.5,50,0.5700000000000001,0.14506703431325962,635,0.5,0.8166666666666667,0.65,0.43333333333333335,0.45,0.5010762691497803,0.021280241012573243
sqrt,1,0.00359381,0.7,5,0.5966666666666667,0.22715633383201098,525,0.5,0.9166666666666667,0.8,0.4666666666666667,0.3,0.488116979598999,0.021433162689208984
sqrt,1,0.00359381,0.7,10,0.5933333333333334,0.23156472577277878,560,0.5,0.9166666666666667,0.8,0.4666666666666667,0.2833333333333333,0.49148192405700686,0.021158504486083984
sqrt,1,0.00359381,0.7,20,0.5666666666666667,0.12427567921538166,651,0.5166666666666667,0.65,0.7333333333333334,0.5666666666666667,0.3666666666666667,0.4934678077697754,0.02138795852661133
sqrt,1,0.00359381,0.7,50,0.5700000000000001,0.14506703431325962,635,0.5,0.8166666666666667,0.65,0.43333333333333335,0.45,0.5001157760620117,0.021303892135620117
sqrt,1,0.00359381,0.9,5,0.5966666666666667,0.22715633383201098,525,0.5,0.9166666666666667,0.8,0.4666666666666667,0.3,0.48315701484680174,0.02077937126159668
sqrt,1,0.00359381,0.9,10,0.5933333333333334,0.23156472577277878,560,0.5,0.9166666666666667,0.8,0.4666666666666667,0.2833333333333333,0.47583932876586915,0.021045398712158204
sqrt,1,0.00359381,0.9,20,0.5666666666666667,0.12427567921538166,651,0.5166666666666667,0.65,0.7333333333333334,0.5666666666666667,0.3666666666666667,0.48263797760009763,0.02114262580871582
sqrt,1,0.00359381,0.9,50,0.5700000000000001,0.14506703431325962,635,0.5,0.8166666666666667,0.65,0.43333333333333335,0.45,0.49621901512145994,0.02126336097717285
sqrt,1,0.0129155,0.1,5,0.5966666666666667,0.07557189365836424,525,0.7333333333333334,0.6166666666666667,0.5666666666666667,0.5166666666666667,0.55,0.49232163429260256,0.021163272857666015
sqrt,1,0.0129155,0.1,10,0.6933333333333334,0.16619934483090548,369,0.8166666666666667,0.5333333333333333,0.75,0.9,0.4666666666666667,0.49660868644714357,0.021370840072631837
sqrt,1,0.0129155,0.1,20,0.72,0.10077477638553983,252,0.8166666666666667,0.7166666666666667,0.7333333333333334,0.8,0.5333333333333333,0.4993849277496338,0.021162748336791992
sqrt,1,0.0129155,0.1,50,0.59,0.047842333648024434,593,0.6166666666666667,0.6166666666666667,0.65,0.5333333333333333,0.5333333333333333,0.5089271545410157,0.021392154693603515
sqrt,1,0.0129155,0.3,5,0.5966666666666667,0.22715633383201098,525,0.5,0.9166666666666667,0.8,0.4666666666666667,0.3,0.48425874710083006,0.021117782592773436
sqrt,1,0.0129155,0.3,10,0.5933333333333334,0.23156472577277878,560,0.5,0.9166666666666667,0.8,0.4666666666666667,0.2833333333333333,0.4903916358947754,0.021361064910888673
sqrt,1,0.0129155,0.3,20,0.5666666666666667,0.12427567921538166,651,0.5166666666666667,0.65,0.7333333333333334,0.5666666666666667,0.3666666666666667,0.4932686805725098,0.021143531799316405
sqrt,1,0.0129155,0.3,50,0.5700000000000001,0.14506703431325962,635,0.5,0.8166666666666667,0.65,0.43333333333333335,0.45,0.5036831855773926,0.021313905715942383
sqrt,1,0.0129155,0.5,5,0.5966666666666667,0.22715633383201098,525,0.5,0.9166666666666667,0.8,0.4666666666666667,0.3,0.4846458911895752,0.021253395080566406
sqrt,1,0.0129155,0.5,10,0.5933333333333334,0.23156472577277878,560,0.5,0.9166666666666667,0.8,0.4666666666666667,0.2833333333333333,0.4928580284118652,0.021265316009521484
sqrt,1,0.0129155,0.5,20,0.5666666666666667,0.12427567921538166,651,0.5166666666666667,0.65,0.7333333333333334,0.5666666666666667,0.3666666666666667,0.49391942024230956,0.021068334579467773
sqrt,1,0.0129155,0.5,50,0.5700000000000001,0.14506703431325962,635,0.5,0.8166666666666667,0.65,0.43333333333333335,0.45,0.4992727279663086,0.021331596374511718
sqrt,1,0.0129155,0.7,5,0.5966666666666667,0.22715633383201098,525,0.5,0.9166666666666667,0.8,0.4666666666666667,0.3,0.4842081546783447,0.021134328842163087
sqrt,1,0.0129155,0.7,10,0.5933333333333334,0.23156472577277878,560,0.5,0.9166666666666667,0.8,0.4666666666666667,0.2833333333333333,0.4891615867614746,0.021284818649291992
sqrt,1,0.0129155,0.7,20,0.5666666666666667,0.12427567921538166,651,0.5166666666666667,0.65,0.7333333333333334,0.5666666666666667,0.3666666666666667,0.49405641555786134,0.02121310234069824
sqrt,1,0.0129155,0.7,50,0.5700000000000001,0.14506703431325962,635,0.5,0.8166666666666667,0.65,0.43333333333333335,0.45,0.49803009033203127,0.021197032928466798
sqrt,1,0.0129155,0.9,5,0.5966666666666667,0.22715633383201098,525,0.5,0.9166666666666667,0.8,0.4666666666666667,0.3,0.46990675926208497,0.0204864501953125
sqrt,1,0.0129155,0.9,10,0.5933333333333334,0.23156472577277878,560,0.5,0.9166666666666667,0.8,0.4666666666666667,0.2833333333333333,0.48290557861328126,0.02195439338684082
sqrt,1,0.0129155,0.9,20,0.5666666666666667,0.12427567921538166,651,0.5166666666666667,0.65,0.7333333333333334,0.5666666666666667,0.3666666666666667,0.49731149673461916,0.021291780471801757
sqrt,1,0.0129155,0.9,50,0.5700000000000001,0.14506703431325962,635,0.5,0.8166666666666667,0.65,0.43333333333333335,0.45,0.5001639366149903,0.02130727767944336
sqrt,1,0.0464159,0.1,5,0.7466666666666666,0.06446359868604573,128,0.7333333333333334,0.8166666666666667,0.75,0.8,0.6333333333333333,0.5029403686523437,0.021150684356689452
sqrt,1,0.0464159,0.1,10,0.7766666666666666,0.050110987927909675,55,0.7166666666666667,0.8166666666666667,0.8333333333333333,0.7166666666666667,0.8,0.5057428359985352,0.02130546569824219
sqrt,1,0.0464159,0.1,20,0.7799999999999999,0.05715476066494084,50,0.8166666666666667,0.8166666666666667,0.6666666666666666,0.8,0.8,0.507765245437622,0.021137094497680663
sqrt,1,0.0464159,0.1,50,0.7033333333333333,0.06446359868604572,337,0.7166666666666667,0.8166666666666667,0.65,0.7,0.6333333333333333,0.513082218170166,0.021245145797729494
sqrt,1,0.0464159,0.3,5,0.6533333333333334,0.11518101695447333,473,0.7333333333333334,0.7333333333333334,0.75,0.6,0.45,0.503145408630371,0.021272945404052734
sqrt,1,0.0464159,0.3,10,0.6933333333333334,0.11185307823708342,369,0.8166666666666667,0.6333333333333333,0.8333333333333333,0.6333333333333333,0.55,0.5055220127105713,0.02119555473327637
sqrt,1,0.0464159,0.3,20,0.6066666666666667,0.11284207253207172,523,0.7166666666666667,0.6166666666666667,0.7333333333333334,0.5333333333333333,0.43333333333333335,0.5088212966918946,0.02121448516845703
sqrt,1,0.0464159,0.3,50,0.6466666666666667,0.060000000000000005,481,0.7166666666666667,0.7166666666666667,0.5666666666666667,0.6166666666666667,0.6166666666666667,0.5163512706756592,0.021279287338256837
sqrt,1,0.0464159,0.5,5,0.5833333333333333,0.1649915822768611,615,0.5,0.8166666666666667,0.7166666666666667,0.35,0.5333333333333333,0.49637351036071775,0.021199893951416016
sqrt,1,0.0464159,0.5,10,0.55,0.10697871023920809,670,0.5,0.7166666666666667,0.6333333333333333,0.45,0.45,0.5009851455688477,0.021321821212768554
sqrt,1,0.0464159,0.5,20,0.59,0.0910433352249844,593,0.5166666666666667,0.6333333333333333,0.75,0.5333333333333333,0.5166666666666667,0.504783821105957,0.02124943733215332
sqrt,1,0.0464159,0.5,50,0.6366666666666667,0.07702813338860895,497,0.5,0.7166666666666667,0.65,0.6166666666666667,0.7,0.5113163471221924,0.02114896774291992
sqrt,1,0.0464159,0.7,5,0.5966666666666667,0.22715633383201098,525,0.5,0.9166666666666667,0.8,0.4666666666666667,0.3,0.4787787437438965,0.021007871627807616
sqrt,1,0.0464159,0.7,10,0.5933333333333334,0.23156472577277878,560,0.5,0.9166666666666667,0.8,0.4666666666666667,0.2833333333333333,0.4681405067443848,0.020288467407226562
sqrt,1,0.0464159,0.7,20,0.5666666666666667,0.12427567921538166,651,0.5166666666666667,0.65,0.7333333333333334,0.5666666666666667,0.3666666666666667,0.480645751953125,0.0206784725189209
sqrt,1,0.0464159,0.7,50,0.5700000000000001,0.14506703431325962,635,0.5,0.8166666666666667,0.65,0.43333333333333335,0.45,0.49582638740539553,0.020693016052246094
sqrt,1,0.0464159,0.9,5,0.5966666666666667,0.22715633383201098,525,0.5,0.9166666666666667,0.8,0.4666666666666667,0.3,0.48417210578918457,0.02169175148010254
sqrt,1,0.0464159,0.9,10,0.5933333333333334,0.23156472577277878,560,0.5,0.9166666666666667,0.8,0.4666666666666667,0.2833333333333333,0.4875150203704834,0.021523189544677735
sqrt,1,0.0464159,0.9,20,0.5666666666666667,0.12427567921538166,651,0.5166666666666667,0.65,0.7333333333333334,0.5666666666666667,0.3666666666666667,0.4955554485321045,0.02153635025024414
sqrt,1,0.0464159,0.9,50,0.5700000000000001,0.14506703431325962,635,0.5,0.8166666666666667,0.65,0.43333333333333335,0.45,0.5006019592285156,0.02141594886779785
sqrt,1,0.16681,0.1,5,0.7266666666666667,0.05436502143433365,202,0.7333333333333334,0.7166666666666667,0.75,0.8,0.6333333333333333,0.5362096786499023,0.02116875648498535
sqrt,1,0.16681,0.1,10,0.7466666666666667,0.06863753427324668,108,0.8166666666666667,0.8166666666666667,0.75,0.7166666666666667,0.6333333333333333,0.5365451335906982,0.02117643356323242
sqrt,1,0.16681,0.1,20,0.6966666666666668,0.08393118874676113,358,0.7166666666666667,0.6166666666666667,0.8333333333333333,0.6,0.7166666666666667,0.53794846534729,0.021172809600830077
sqrt,1,0.16681,0.1,50,0.6833333333333333,0.04216370213557838,404,0.7166666666666667,0.7166666666666667,0.65,0.6166666666666667,0.7166666666666667,0.5442613124847412,0.021306705474853516
sqrt,1,0.16681,0.3,5,0.7466666666666666,0.06446359868604573,128,0.7333333333333334,0.8166666666666667,0.75,0.8,0.6333333333333333,0.5400722980499267,0.021395349502563478
sqrt,1,0.16681,0.3,10,0.8133333333333332,0.05312459150169741,7,0.8166666666666667,0.8166666666666667,0.7333333333333334,0.9,0.8,0.5425198554992676,0.021192359924316406
sqrt,1,0.16681,0.3,20,0.7466666666666667,0.08717797887081351,108,0.7166666666666667,0.9166666666666667,0.6666666666666666,0.7166666666666667,0.7166666666666667,0.5450278759002686,0.021361732482910158
sqrt,1,0.16681,0.3,50,0.7033333333333334,0.04521553322083511,318,0.7166666666666667,0.7166666666666667,0.75,0.6166666666666667,0.7166666666666667,0.5521935939788818,0.02126321792602539
sqrt,1,0.16681,0.5,5,0.7233333333333334,0.08602325267042626,215,0.7333333333333334,0.8166666666666667,0.8166666666666667,0.6166666666666667,0.6333333333333333,0.5445724487304687,0.02122673988342285
sqrt,1,0.16681,0.5,10,0.78,0.09030811456096045,31,0.6333333333333333,0.8166666666666667,0.7333333333333334,0.9,0.8166666666666667,0.5420421123504638,0.021065378189086915
sqrt,1,0.16681,0.5,20,0.7566666666666666,0.05637178175095919,101,0.7166666666666667,0.7166666666666667,0.8333333333333333,0.7,0.8166666666666667,0.5260986328125,0.020368051528930665
sqrt,1,0.16681,0.5,50,0.76,0.048989794855663564,88,0.7166666666666667,0.8166666666666667,0.75,0.7,0.8166666666666667,0.5332758903503418,0.020609045028686525
sqrt,1,0.16681,0.7,5,0.67,0.1624123695343978,448,0.7333333333333334,0.8,0.75,0.35,0.7166666666666667,0.5206130504608154,0.020366430282592773
sqrt,1,0.16681,0.7,10,0.8166666666666668,0.07149203529842404,5,0.7333333333333334,0.9,0.75,0.8,0.9,0.5333014965057373,0.02090301513671875
sqrt,1,0.16681,0.7,20,0.7633333333333333,0.1002219758558194,79,0.7166666666666667,0.9166666666666667,0.75,0.6166666666666667,0.8166666666666667,0.5476151943206787,0.021082448959350585
sqrt,1,0.16681,0.7,50,0.7033333333333334,0.07774602526460399,318,0.6166666666666667,0.7166666666666667,0.75,0.6166666666666667,0.8166666666666667,0.5555739402770996,0.021249675750732423
sqrt,1,0.16681,0.9,5,0.6366666666666666,0.16275407487644938,499,0.7333333333333334,0.8,0.75,0.3666666666666667,0.5333333333333333,0.5476402759552002,0.021230697631835938
sqrt,1,0.16681,0.9,10,0.8333333333333334,0.05868938953886337,2,0.8166666666666667,0.9,0.75,0.9,0.8,0.5519082069396972,0.021422529220581056
sqrt,1,0.16681,0.9,20,0.7233333333333333,0.09695359714832653,241,0.8333333333333333,0.7166666666666667,0.8333333333333333,0.6166666666666667,0.6166666666666667,0.5552574634552002,0.021101713180541992
sqrt,1,0.16681,0.9,50,0.7200000000000001,0.01632993161855453,248,0.7166666666666667,0.7166666666666667,0.75,0.7,0.7166666666666667,0.5620680809020996,0.021315765380859376
sqrt,1,0.599484,0.1,5,0.7133333333333334,0.04136557881996955,284,0.7333333333333334,0.7166666666666667,0.75,0.7333333333333334,0.6333333333333333,0.6056288242340088,0.021451950073242188
sqrt,1,0.599484,0.1,10,0.78,0.09092121131323905,31,0.9166666666666667,0.8166666666666667,0.65,0.8,0.7166666666666667,0.6066086769104004,0.02101869583129883
sqrt,1,0.599484,0.1,20,0.7166666666666666,0.11005049346146115,280,0.7166666666666667,0.7166666666666667,0.8333333333333333,0.5166666666666667,0.8,0.6095912456512451,0.02123103141784668
sqrt,1,0.599484,0.1,50,0.6966666666666667,0.02449489742783177,360,0.7,0.7166666666666667,0.65,0.7,0.7166666666666667,0.6146964073181153,0.02118678092956543
sqrt,1,0.599484,0.3,5,0.74,0.030912061651652355,159,0.7333333333333334,0.7166666666666667,0.7333333333333334,0.8,0.7166666666666667,0.6307350158691406,0.021318864822387696
sqrt,1,0.599484,0.3,10,0.7466666666666667,0.0635959467611297,108,0.8166666666666667,0.8166666666666667,0.65,0.7333333333333334,0.7166666666666667,0.6331929206848145,0.021090126037597655
sqrt,1,0.599484,0.3,20,0.7733333333333334,0.10088497300281038,61,0.8166666666666667,0.6166666666666667,0.9166666666666667,0.8,0.7166666666666667,0.6345210552215577,0.021261072158813475
sqrt,1,0.599484,0.3,50,0.7000000000000001,0.03496029493900508,343,0.7166666666666667,0.7166666666666667,0.7333333333333334,0.7,0.6333333333333333,0.6338276386260986,0.020828771591186523
sqrt,1,0.599484,0.5,5,0.7233333333333334,0.04784233364802442,215,0.7333333333333334,0.7166666666666667,0.65,0.8,0.7166666666666667,0.6250114917755127,0.0204679012298584
sqrt,1,0.599484,0.5,10,0.8033333333333333,0.14429907214608909,9,0.9166666666666667,0.8166666666666667,0.65,1.0,0.6333333333333333,0.6329600811004639,0.02077927589416504
sqrt,1,0.599484,0.5,20,0.74,0.07498147919467994,159,0.7166666666666667,0.8166666666666667,0.8333333333333333,0.7,0.6333333333333333,0.6462768077850342,0.021334218978881835
sqrt,1,0.599484,0.5,50,0.68,0.03999999999999999,429,0.6166666666666667,0.7166666666666667,0.65,0.7,0.7166666666666667,0.6521117210388183,0.02131805419921875
sqrt,1,0.599484,0.7,5,0.78,0.07774602526460402,31,0.7333333333333334,0.8166666666666667,0.9166666666666667,0.7166666666666667,0.7166666666666667,0.6740251541137695,0.02127547264099121
sqrt,1,0.599484,0.7,10,0.7966666666666666,0.07102425250887508,20,0.7166666666666667,0.9166666666666667,0.7333333333333334,0.8,0.8166666666666667,0.6764760494232178,0.02111992835998535
sqrt,1,0.599484,0.7,20,0.76,0.05436502143433362,88,0.7166666666666667,0.8166666666666667,0.8333333333333333,0.7,0.7333333333333334,0.6841203689575195,0.02109074592590332
sqrt,1,0.599484,0.7,50,0.6833333333333333,0.05868938953886337,404,0.7166666666666667,0.7166666666666667,0.5666666666666667,0.7,0.7166666666666667,0.683779239654541,0.02121005058288574
sqrt,1,0.599484,0.9,5,0.78,0.07774602526460402,31,0.7333333333333334,0.8166666666666667,0.9166666666666667,0.7166666666666667,0.7166666666666667,0.6880571842193604,0.02120652198791504
sqrt,1,0.599484,0.9,10,0.72,0.06944222218666554,252,0.7166666666666667,0.8166666666666667,0.7333333333333334,0.6,0.7333333333333334,0.6903542518615723,0.0211580753326416
sqrt,1,0.599484,0.9,20,0.8333333333333334,0.07673909622147562,2,0.9,0.9166666666666667,0.8333333333333333,0.7,0.8166666666666667,0.6943870067596436,0.021636772155761718
sqrt,1,0.599484,0.9,50,0.72,0.08906926143924927,252,0.8,0.7166666666666667,0.5666666666666667,0.7,0.8166666666666667,0.7001322746276856,0.021314191818237304
sqrt,1,2.15443,0.1,5,0.6333333333333332,0.11352924243950932,505,0.8166666666666667,0.7166666666666667,0.55,0.5333333333333333,0.55,0.7149779796600342,0.021300554275512695
sqrt,1,2.15443,0.1,10,0.73,0.05906681715556451,196,0.7333333333333334,0.8166666666666667,0.75,0.6333333333333333,0.7166666666666667,0.7096015453338623,0.021025419235229492
sqrt,1,2.15443,0.1,20,0.68,0.08589399151150079,429,0.7166666666666667,0.6166666666666667,0.8333333333333333,0.6166666666666667,0.6166666666666667,0.699976634979248,0.021062755584716798
sqrt,1,2.15443,0.1,50,0.7,0.04472135954999579,350,0.6166666666666667,0.7166666666666667,0.75,0.7,0.7166666666666667,0.7078952312469482,0.021026468276977538
sqrt,1,2.15443,0.3,5,0.65,0.07149203529842407,475,0.7333333333333334,0.7166666666666667,0.6333333333333333,0.5333333333333333,0.6333333333333333,0.7830079555511474,0.02113957405090332
sqrt,1,2.15443,0.3,10,0.7666666666666667,0.10852547064066473,71,0.8166666666666667,0.9166666666666667,0.65,0.8166666666666667,0.6333333333333333,0.7840876102447509,0.021256256103515624
sqrt,1,2.15443,0.3,20,0.7,0.12823589374447564,350,0.7166666666666667,0.7166666666666667,0.9166666666666667,0.6166666666666667,0.5333333333333333,0.7895373821258544,0.0218780517578125
sqrt,1,2.15443,0.3,50,0.6833333333333333,0.05577733510227169,404,0.6166666666666667,0.7166666666666667,0.75,0.6166666666666667,0.7166666666666667,0.792487621307373,0.02129225730895996
sqrt,1,2.15443,0.5,5,0.7966666666666666,0.06616477747093069,20,0.7333333333333334,0.8166666666666667,0.8166666666666667,0.9,0.7166666666666667,0.8353750228881835,0.021420764923095702
sqrt,1,2.15443,0.5,10,0.7433333333333334,0.10413666234542203,130,0.8166666666666667,0.8166666666666667,0.55,0.8166666666666667,0.7166666666666667,0.8407793045043945,0.021224260330200195
sqrt,1,2.15443,0.5,20,0.72,0.11661903789690602,252,0.7166666666666667,0.7166666666666667,0.9166666666666667,0.7,0.55,0.8398172855377197,0.022231006622314455
sqrt,1,2.15443,0.5,50,0.6833333333333333,0.04830458915396481,404,0.7166666666666667,0.7166666666666667,0.7333333333333334,0.6166666666666667,0.6333333333333333,0.8447810173034668,0.02123236656188965
sqrt,1,2.15443,0.7,5,0.7966666666666666,0.06616477747093069,20,0.7333333333333334,0.8166666666666667,0.8166666666666667,0.9,0.7166666666666667,0.8643360614776612,0.021242618560791016
sqrt,1,2.15443,0.7,10,0.76,0.11766241729815193,88,0.7333333333333334,0.8166666666666667,0.55,0.9,0.8,0.8666104316711426,0.021252918243408202
sqrt,1,2.15443,0.7,20,0.7233333333333333,0.09809292646374772,241,0.7166666666666667,0.7166666666666667,0.8333333333333333,0.8,0.55,0.8417936801910401,0.020575618743896483
sqrt,1,2.15443,0.7,50,0.7,0.038005847503304616,350,0.7,0.7166666666666667,0.75,0.7,0.6333333333333333,0.8667093753814697,0.02101864814758301
sqrt,1,2.15443,0.9,5,0.7966666666666667,0.09153020145163988,18,0.7333333333333334,0.7166666666666667,0.9166666666666667,0.9,0.7166666666666667,1.0109268188476563,0.021311092376708984
sqrt,1,2.15443,0.9,10,0.7433333333333334,0.10143416036468626,130,0.6333333333333333,0.8166666666666667,0.65,0.9,0.7166666666666667,1.014291524887085,0.022502851486206055
sqrt,1,2.15443,0.9,20,0.7633333333333333,0.07845734863959883,79,0.7166666666666667,0.9166666666666667,0.75,0.7,0.7333333333333334,1.014085865020752,0.021152639389038087
sqrt,1,2.15443,0.9,50,0.6799999999999999,0.06616477747093068,435,0.7,0.7166666666666667,0.7333333333333334,0.7,0.55,1.0228439331054688,0.021260690689086915
sqrt,1,7.74264,0.1,5,0.6866666666666668,0.09333333333333332,391,0.8166666666666667,0.7166666666666667,0.7333333333333334,0.6166666666666667,0.55,0.7829252719879151,0.021987724304199218
sqrt,1,7.74264,0.1,10,0.7466666666666667,0.08589399151150083,108,0.8166666666666667,0.8166666666666667,0.8166666666666667,0.65,0.6333333333333333,0.7857422351837158,0.021412038803100587
sqrt,1,7.74264,0.1,20,0.7000000000000001,0.07673909622147557,343,0.7166666666666667,0.6166666666666667,0.8333333333333333,0.7,0.6333333333333333,0.7848898410797119,0.021352529525756836
sqrt,1,7.74264,0.1,50,0.6833333333333333,0.03496029493900506,404,0.7166666666666667,0.7166666666666667,0.65,0.7,0.6333333333333333,0.7909959316253662,0.021203279495239258
sqrt,1,7.74264,0.3,5,0.6333333333333334,0.1299572579307862,501,0.7333333333333334,0.8166666666666667,0.55,0.6166666666666667,0.45,0.9012821197509766,0.020371150970458985
sqrt,1,7.74264,0.3,10,0.73,0.1347425528760516,196,0.9166666666666667,0.8166666666666667,0.75,0.5333333333333333,0.6333333333333333,0.9001260757446289,0.020317220687866212
sqrt,1,7.74264,0.3,20,0.7233333333333334,0.06377042156569662,215,0.7166666666666667,0.7166666666666667,0.8333333333333333,0.7166666666666667,0.6333333333333333,0.9376748085021973,0.021568870544433592
sqrt,1,7.74264,0.3,50,0.6833333333333333,0.050552502960343665,404,0.6166666666666667,0.7166666666666667,0.75,0.7,0.6333333333333333,0.9432020664215088,0.02116994857788086
sqrt,1,7.74264,0.5,5,0.7066666666666667,0.1098483803552272,307,0.7333333333333334,0.8166666666666667,0.8166666666666667,0.5333333333333333,0.6333333333333333,1.0436177730560303,0.021445322036743163
sqrt,1,7.74264,0.5,10,0.7266666666666667,0.07859884081701063,202,0.8166666666666667,0.8166666666666667,0.65,0.7166666666666667,0.6333333333333333,1.043872594833374,0.021399784088134765
sqrt,1,7.74264,0.5,20,0.7366666666666666,0.09510228411791408,187,0.7166666666666667,0.7166666666666667,0.9166666666666667,0.7,0.6333333333333333,1.0455507278442382,0.021376705169677733
sqrt,1,7.74264,0.5,50,0.72,0.07102425250887508,252,0.8,0.7166666666666667,0.65,0.8,0.6333333333333333,1.0510461330413818,0.021462345123291017
sqrt,1,7.74264,0.7,5,0.76,0.10780641085864154,88,0.6333333333333333,0.8166666666666667,0.8166666666666667,0.9,0.6333333333333333,1.1265596389770507,0.021280193328857423
sqrt,1,7.74264,0.7,10,0.7666666666666667,0.07149203529842406,71,0.8166666666666667,0.8166666666666667,0.75,0.8166666666666667,0.6333333333333333,1.1146376609802247,0.02085390090942383
sqrt,1,7.74264,0.7,20,0.6833333333333333,0.08366600265340753,404,0.7166666666666667,0.6166666666666667,0.8333333333333333,0.6166666666666667,0.6333333333333333,1.0933572769165039,0.02055702209472656
sqrt,1,7.74264,0.7,50,0.6833333333333333,0.050552502960343665,404,0.7,0.7166666666666667,0.75,0.6166666666666667,0.6333333333333333,1.1300329685211181,0.02133321762084961
sqrt,1,7.74264,0.9,5,0.7766666666666666,0.092255683353987,55,0.6333333333333333,0.8166666666666667,0.8166666666666667,0.9,0.7166666666666667,1.1371108531951903,0.02120361328125
sqrt,1,7.74264,0.9,10,0.7666666666666667,0.10852547064066473,71,0.9166666666666667,0.8166666666666667,0.65,0.8166666666666667,0.6333333333333333,1.1266220092773438,0.021484947204589842
sqrt,1,7.74264,0.9,20,0.74,0.12274635093014646,159,0.7166666666666667,0.8166666666666667,0.9166666666666667,0.7,0.55,1.12537579536438,0.02122464179992676
sqrt,1,7.74264,0.9,50,0.68,0.03999999999999999,429,0.6166666666666667,0.7166666666666667,0.65,0.7,0.7166666666666667,1.135087537765503,0.02112135887145996
sqrt,1,27.8256,0.1,5,0.6866666666666668,0.09333333333333332,391,0.8166666666666667,0.7166666666666667,0.7333333333333334,0.6166666666666667,0.55,0.7754145622253418,0.021343278884887695
sqrt,1,27.8256,0.1,10,0.7133333333333334,0.139204086785474,284,0.8166666666666667,0.8166666666666667,0.8166666666666667,0.65,0.4666666666666667,0.7766921043395996,0.021303844451904298
sqrt,1,27.8256,0.1,20,0.6466666666666667,0.07333333333333332,481,0.7166666666666667,0.7166666666666667,0.65,0.5166666666666667,0.6333333333333333,0.7792416095733643,0.02113022804260254
sqrt,1,27.8256,0.1,50,0.6633333333333333,0.03858612300930074,457,0.6166666666666667,0.7166666666666667,0.65,0.7,0.6333333333333333,0.7708439826965332,0.020926904678344727
sqrt,1,27.8256,0.3,5,0.6866666666666668,0.09333333333333332,391,0.8166666666666667,0.7166666666666667,0.7333333333333334,0.6166666666666667,0.55,0.8962130069732666,0.020807981491088867
sqrt,1,27.8256,0.3,10,0.73,0.0784573486395988,196,0.8166666666666667,0.8166666666666667,0.7333333333333334,0.65,0.6333333333333333,0.9181595802307129,0.021537590026855468
sqrt,1,27.8256,0.3,20,0.6633333333333333,0.050990195135927854,457,0.7166666666666667,0.6166666666666667,0.7333333333333334,0.6166666666666667,0.6333333333333333,0.9201830387115478,0.021673202514648438
sqrt,1,27.8256,0.3,50,0.7,0.04472135954999579,350,0.6166666666666667,0.7166666666666667,0.75,0.7,0.7166666666666667,0.9275627613067627,0.021501731872558594
sqrt,1,27.8256,0.5,5,0.6333333333333332,0.11352924243950932,505,0.8166666666666667,0.7166666666666667,0.55,0.5333333333333333,0.55,1.0406421661376952,0.02107076644897461
sqrt,1,27.8256,0.5,10,0.75,0.10593499054713805,105,0.9166666666666667,0.8166666666666667,0.65,0.7333333333333334,0.6333333333333333,1.0486417770385743,0.021609020233154298
sqrt,1,27.8256,0.5,20,0.74,0.04666666666666663,159,0.7166666666666667,0.7166666666666667,0.8333333333333333,0.7166666666666667,0.7166666666666667,1.050694227218628,0.022307062149047853
sqrt,1,27.8256,0.5,50,0.6633333333333333,0.05312459150169741,457,0.6166666666666667,0.6166666666666667,0.75,0.7,0.6333333333333333,1.052129602432251,0.02159876823425293
sqrt,1,27.8256,0.7,5,0.6200000000000001,0.13432961119739922,512,0.7333333333333334,0.8166666666666667,0.55,0.45,0.55,1.1119092941284179,0.021311283111572266
sqrt,1,27.8256,0.7,10,0.7133333333333333,0.08459051693633014,290,0.8166666666666667,0.8166666666666667,0.65,0.65,0.6333333333333333,1.0934957981109619,0.0210817813873291
sqrt,1,27.8256,0.7,20,0.76,0.05333333333333331,88,0.7166666666666667,0.8166666666666667,0.8333333333333333,0.7166666666666667,0.7166666666666667,1.1210591316223144,0.021397209167480467
sqrt,1,27.8256,0.7,50,0.6799999999999999,0.032317865716108854,435,0.7,0.7166666666666667,0.65,0.7,0.6333333333333333,1.1318002223968506,0.021318435668945312
sqrt,1,27.8256,0.9,5,0.7133333333333333,0.10821788720498615,290,0.7333333333333334,0.8166666666666667,0.6333333333333333,0.8333333333333333,0.55,1.156174373626709,0.021314287185668947
sqrt,1,27.8256,0.9,10,0.6933333333333332,0.10624918300339482,374,0.8166666666666667,0.8166666666666667,0.65,0.55,0.6333333333333333,1.157684087753296,0.021586036682128905
sqrt,1,27.8256,0.9,20,0.74,0.07039570693980958,159,0.8,0.7166666666666667,0.8333333333333333,0.7166666666666667,0.6333333333333333,1.1582912445068358,0.021205329895019533
sqrt,1,27.8256,0.9,50,0.6966666666666667,0.02449489742783177,360,0.7,0.7166666666666667,0.65,0.7,0.7166666666666667,1.1675085067749023,0.021253204345703124
sqrt,1,100.0,0.1,5,0.6966666666666667,0.09092121131323902,360,0.8166666666666667,0.7166666666666667,0.75,0.65,0.55,0.83018479347229,0.02145247459411621
sqrt,1,100.0,0.1,10,0.7300000000000001,0.1355646627177517,192,0.8166666666666667,0.8166666666666667,0.8166666666666667,0.7333333333333334,0.4666666666666667,0.8076377391815186,0.02073521614074707
sqrt,1,100.0,0.1,20,0.6499999999999999,0.10697871023920807,478,0.8166666666666667,0.7166666666666667,0.5666666666666667,0.5166666666666667,0.6333333333333333,0.7969150066375732,0.020395183563232423
sqrt,1,100.0,0.1,50,0.7033333333333334,0.07408703590297623,318,0.6166666666666667,0.8166666666666667,0.75,0.7,0.6333333333333333,0.8186479091644288,0.020875167846679688
sqrt,1,100.0,0.3,5,0.6866666666666668,0.09333333333333332,391,0.8166666666666667,0.7166666666666667,0.7333333333333334,0.6166666666666667,0.55,0.834566068649292,0.021171760559082032
sqrt,1,100.0,0.3,10,0.7133333333333334,0.139204086785474,284,0.8166666666666667,0.8166666666666667,0.8166666666666667,0.65,0.4666666666666667,0.8445845127105713,0.021373987197875977
sqrt,1,100.0,0.3,20,0.6466666666666667,0.07333333333333332,481,0.7166666666666667,0.7166666666666667,0.65,0.5166666666666667,0.6333333333333333,0.8423984050750732,0.021175670623779296
sqrt,1,100.0,0.3,50,0.6633333333333333,0.03858612300930074,457,0.6166666666666667,0.7166666666666667,0.65,0.7,0.6333333333333333,0.8487040519714355,0.02127704620361328
sqrt,1,100.0,0.5,5,0.6866666666666668,0.09333333333333332,391,0.8166666666666667,0.7166666666666667,0.7333333333333334,0.6166666666666667,0.55,0.8749476909637451,0.02144136428833008
sqrt,1,100.0,0.5,10,0.7300000000000001,0.1355646627177517,192,0.8166666666666667,0.8166666666666667,0.8166666666666667,0.7333333333333334,0.4666666666666667,0.8674925804138184,0.02154402732849121
sqrt,1,100.0,0.5,20,0.6633333333333333,0.10614455552060435,457,0.7166666666666667,0.6166666666666667,0.8333333333333333,0.5166666666666667,0.6333333333333333,0.872086477279663,0.02145390510559082
sqrt,1,100.0,0.5,50,0.7233333333333334,0.06018490028422596,215,0.7166666666666667,0.8166666666666667,0.75,0.7,0.6333333333333333,0.8773863792419434,0.021358633041381837
sqrt,1,100.0,0.7,5,0.6866666666666668,0.09333333333333332,391,0.8166666666666667,0.7166666666666667,0.7333333333333334,0.6166666666666667,0.55,0.9136396884918213,0.02150406837463379
sqrt,1,100.0,0.7,10,0.7100000000000001,0.1451436070471816,294,0.8166666666666667,0.8166666666666667,0.8166666666666667,0.65,0.45,0.9094540119171143,0.02115468978881836
sqrt,1,100.0,0.7,20,0.6633333333333333,0.08124038404635961,457,0.7166666666666667,0.7166666666666667,0.7333333333333334,0.5166666666666667,0.6333333333333333,0.8899224281311036,0.02102341651916504
sqrt,1,100.0,0.7,50,0.7033333333333334,0.03858612300930076,318,0.7166666666666667,0.7166666666666667,0.75,0.7,0.6333333333333333,0.9258281230926514,0.021556282043457033
sqrt,1,100.0,0.9,5,0.6866666666666668,0.09333333333333332,391,0.8166666666666667,0.7166666666666667,0.7333333333333334,0.6166666666666667,0.55,0.9698563098907471,0.021275806427001952
sqrt,1,100.0,0.9,10,0.7633333333333334,0.0725718035235908,77,0.8166666666666667,0.8166666666666667,0.8166666666666667,0.7333333333333334,0.6333333333333333,0.9718991756439209,0.021314048767089845
sqrt,1,100.0,0.9,20,0.6799999999999999,0.046427960923947076,435,0.7166666666666667,0.6166666666666667,0.7333333333333334,0.7,0.6333333333333333,0.9728174686431885,0.021339988708496092
sqrt,1,100.0,0.9,50,0.6633333333333333,0.03858612300930074,457,0.6166666666666667,0.7166666666666667,0.65,0.7,0.6333333333333333,0.9816079139709473,0.02124624252319336
sqrt,5,0.001,0.1,5,0.5366666666666667,0.14959203781544586,688,0.6,0.6166666666666667,0.7166666666666667,0.4666666666666667,0.2833333333333333,0.4738245964050293,0.0211578369140625
sqrt,5,0.001,0.1,10,0.53,0.1723691129846386,720,0.5,0.6166666666666667,0.8,0.45,0.2833333333333333,0.4743627071380615,0.021016788482666016
sqrt,5,0.001,0.1,20,0.5166666666666667,0.12472191289246475,753,0.5,0.7333333333333334,0.5333333333333333,0.35,0.4666666666666667,0.47647700309753416,0.021142292022705077
sqrt,5,0.001,0.1,50,0.5733333333333334,0.1436043948569201,619,0.4166666666666667,0.8166666666666667,0.55,0.45,0.6333333333333333,0.48339457511901857,0.02122817039489746
sqrt,5,0.001,0.3,5,0.5366666666666667,0.14959203781544586,688,0.6,0.6166666666666667,0.7166666666666667,0.4666666666666667,0.2833333333333333,0.4736647129058838,0.021060991287231445
sqrt,5,0.001,0.3,10,0.53,0.1723691129846386,720,0.5,0.6166666666666667,0.8,0.45,0.2833333333333333,0.47404775619506834,0.021137237548828125
sqrt,5,0.001,0.3,20,0.5166666666666667,0.12472191289246475,753,0.5,0.7333333333333334,0.5333333333333333,0.35,0.4666666666666667,0.4765146732330322,0.021091938018798828
sqrt,5,0.001,0.3,50,0.5733333333333334,0.1436043948569201,619,0.4166666666666667,0.8166666666666667,0.55,0.45,0.6333333333333333,0.47501864433288576,0.020882940292358397
sqrt,5,0.001,0.5,5,0.5366666666666667,0.14959203781544586,688,0.6,0.6166666666666667,0.7166666666666667,0.4666666666666667,0.2833333333333333,0.454054594039917,0.020178890228271483
sqrt,5,0.001,0.5,10,0.53,0.1723691129846386,720,0.5,0.6166666666666667,0.8,0.45,0.2833333333333333,0.4596863746643066,0.020716333389282228
sqrt,5,0.001,0.5,20,0.5166666666666667,0.12472191289246475,753,0.5,0.7333333333333334,0.5333333333333333,0.35,0.4666666666666667,0.45866026878356936,0.020436954498291016
sqrt,5,0.001,0.5,50,0.5733333333333334,0.1436043948569201,619,0.4166666666666667,0.8166666666666667,0.55,0.45,0.6333333333333333,0.48163728713989257,0.02107348442077637
sqrt,5,0.001,0.7,5,0.5366666666666667,0.14959203781544586,688,0.6,0.6166666666666667,0.7166666666666667,0.4666666666666667,0.2833333333333333,0.4733107089996338,0.02121725082397461
sqrt,5,0.001,0.7,10,0.53,0.1723691129846386,720,0.5,0.6166666666666667,0.8,0.45,0.2833333333333333,0.4744464874267578,0.021476030349731445
sqrt,5,0.001,0.7,20,0.5166666666666667,0.12472191289246475,753,0.5,0.7333333333333334,0.5333333333333333,0.35,0.4666666666666667,0.4756190299987793,0.02110133171081543
sqrt,5,0.001,0.7,50,0.5733333333333334,0.1436043948569201,619,0.4166666666666667,0.8166666666666667,0.55,0.45,0.6333333333333333,0.48684329986572267,0.021107959747314452
sqrt,5,0.001,0.9,5,0.5366666666666667,0.14959203781544586,688,0.6,0.6166666666666667,0.7166666666666667,0.4666666666666667,0.2833333333333333,0.4729282379150391,0.021192312240600586
sqrt,5,0.001,0.9,10,0.53,0.1723691129846386,720,0.5,0.6166666666666667,0.8,0.45,0.2833333333333333,0.4736645698547363,0.021067285537719728
sqrt,5,0.001,0.9,20,0.5166666666666667,0.12472191289246475,753,0.5,0.7333333333333334,0.5333333333333333,0.35,0.4666666666666667,0.4761945724487305,0.021370649337768555
sqrt,5,0.001,0.9,50,0.5733333333333334,0.1436043948569201,619,0.4166666666666667,0.8166666666666667,0.55,0.45,0.6333333333333333,0.48364963531494143,0.021181678771972655
sqrt,5,0.00359381,0.1,5,0.5366666666666667,0.14959203781544586,688,0.6,0.6166666666666667,0.7166666666666667,0.4666666666666667,0.2833333333333333,0.4744855880737305,0.021190881729125977
sqrt,5,0.00359381,0.1,10,0.53,0.1723691129846386,720,0.5,0.6166666666666667,0.8,0.45,0.2833333333333333,0.47405209541320803,0.020983028411865234
sqrt,5,0.00359381,0.1,20,0.5166666666666667,0.12472191289246475,753,0.5,0.7333333333333334,0.5333333333333333,0.35,0.4666666666666667,0.4797269344329834,0.02133045196533203
sqrt,5,0.00359381,0.1,50,0.5733333333333334,0.1436043948569201,619,0.4166666666666667,0.8166666666666667,0.55,0.45,0.6333333333333333,0.4823006629943848,0.021447515487670897
sqrt,5,0.00359381,0.3,5,0.5366666666666667,0.14959203781544586,688,0.6,0.6166666666666667,0.7166666666666667,0.4666666666666667,0.2833333333333333,0.47394795417785646,0.020971250534057618
sqrt,5,0.00359381,0.3,10,0.53,0.1723691129846386,720,0.5,0.6166666666666667,0.8,0.45,0.2833333333333333,0.4735225200653076,0.021063566207885742
sqrt,5,0.00359381,0.3,20,0.5166666666666667,0.12472191289246475,753,0.5,0.7333333333333334,0.5333333333333333,0.35,0.4666666666666667,0.47672672271728517,0.021103334426879884
sqrt,5,0.00359381,0.3,50,0.5733333333333334,0.1436043948569201,619,0.4166666666666667,0.8166666666666667,0.55,0.45,0.6333333333333333,0.48100733757019043,0.021525001525878905
sqrt,5,0.00359381,0.5,5,0.5366666666666667,0.14959203781544586,688,0.6,0.6166666666666667,0.7166666666666667,0.4666666666666667,0.2833333333333333,0.461773157119751,0.020375967025756836
sqrt,5,0.00359381,0.5,10,0.53,0.1723691129846386,720,0.5,0.6166666666666667,0.8,0.45,0.2833333333333333,0.4598339557647705,0.020509767532348632
sqrt,5,0.00359381,0.5,20,0.5166666666666667,0.12472191289246475,753,0.5,0.7333333333333334,0.5333333333333333,0.35,0.4666666666666667,0.463592004776001,0.02077493667602539
sqrt,5,0.00359381,0.5,50,0.5733333333333334,0.1436043948569201,619,0.4166666666666667,0.8166666666666667,0.55,0.45,0.6333333333333333,0.4806020259857178,0.021259164810180663
sqrt,5,0.00359381,0.7,5,0.5366666666666667,0.14959203781544586,688,0.6,0.6166666666666667,0.7166666666666667,0.4666666666666667,0.2833333333333333,0.47303924560546873,0.021052980422973634
sqrt,5,0.00359381,0.7,10,0.53,0.1723691129846386,720,0.5,0.6166666666666667,0.8,0.45,0.2833333333333333,0.47222604751586916,0.021138811111450197
sqrt,5,0.00359381,0.7,20,0.5166666666666667,0.12472191289246475,753,0.5,0.7333333333333334,0.5333333333333333,0.35,0.4666666666666667,0.47642717361450193,0.021301889419555665
sqrt,5,0.00359381,0.7,50,0.5733333333333334,0.1436043948569201,619,0.4166666666666667,0.8166666666666667,0.55,0.45,0.6333333333333333,0.48108601570129395,0.021063566207885742
sqrt,5,0.00359381,0.9,5,0.5366666666666667,0.14959203781544586,688,0.6,0.6166666666666667,0.7166666666666667,0.4666666666666667,0.2833333333333333,0.4723764419555664,0.021164417266845703
sqrt,5,0.00359381,0.9,10,0.53,0.1723691129846386,720,0.5,0.6166666666666667,0.8,0.45,0.2833333333333333,0.4739363670349121,0.02115907669067383
sqrt,5,0.00359381,0.9,20,0.5166666666666667,0.12472191289246475,753,0.5,0.7333333333333334,0.5333333333333333,0.35,0.4666666666666667,0.47511730194091795,0.021247386932373047
sqrt,5,0.00359381,0.9,50,0.5733333333333334,0.1436043948569201,619,0.4166666666666667,0.8166666666666667,0.55,0.45,0.6333333333333333,0.4843557357788086,0.02106609344482422
sqrt,5,0.0129155,0.1,5,0.6133333333333333,0.08124038404635961,516,0.7333333333333334,0.5333333333333333,0.6666666666666666,0.5166666666666667,0.6166666666666667,0.4837817192077637,0.020789098739624024
sqrt,5,0.0129155,0.1,10,0.6599999999999999,0.14929463784372457,470,0.8166666666666667,0.43333333333333335,0.8333333333333333,0.6,0.6166666666666667,0.4865111827850342,0.020979833602905274
sqrt,5,0.0129155,0.1,20,0.5633333333333332,0.10022197585581938,669,0.7166666666666667,0.4166666666666667,0.55,0.6166666666666667,0.5166666666666667,0.49265589714050295,0.02094120979309082
sqrt,5,0.0129155,0.1,50,0.6333333333333334,0.08096638534327413,501,0.6166666666666667,0.6166666666666667,0.7333333333333334,0.5,0.7,0.4917434215545654,0.02101588249206543
sqrt,5,0.0129155,0.3,5,0.5366666666666667,0.14959203781544586,688,0.6,0.6166666666666667,0.7166666666666667,0.4666666666666667,0.2833333333333333,0.4734802722930908,0.021116113662719725
sqrt,5,0.0129155,0.3,10,0.53,0.1723691129846386,720,0.5,0.6166666666666667,0.8,0.45,0.2833333333333333,0.47152223587036135,0.0211029052734375
sqrt,5,0.0129155,0.3,20,0.5166666666666667,0.12472191289246475,753,0.5,0.7333333333333334,0.5333333333333333,0.35,0.4666666666666667,0.4760136127471924,0.021306324005126952
sqrt,5,0.0129155,0.3,50,0.5733333333333334,0.1436043948569201,619,0.4166666666666667,0.8166666666666667,0.55,0.45,0.6333333333333333,0.4656794548034668,0.020154190063476563
sqrt,5,0.0129155,0.5,5,0.5366666666666667,0.14959203781544586,688,0.6,0.6166666666666667,0.7166666666666667,0.4666666666666667,0.2833333333333333,0.45259876251220704,0.02018876075744629
sqrt,5,0.0129155,0.5,10,0.53,0.1723691129846386,720,0.5,0.6166666666666667,0.8,0.45,0.2833333333333333,0.455181884765625,0.020217466354370116
sqrt,5,0.0129155,0.5,20,0.5166666666666667,0.12472191289246475,753,0.5,0.7333333333333334,0.5333333333333333,0.35,0.4666666666666667,0.45844259262084963,0.020361661911010742
sqrt,5,0.0129155,0.5,50,0.5733333333333334,0.1436043948569201,619,0.4166666666666667,0.8166666666666667,0.55,0.45,0.6333333333333333,0.473356819152832,0.020812225341796876
sqrt,5,0.0129155,0.7,5,0.5366666666666667,0.14959203781544586,688,0.6,0.6166666666666667,0.7166666666666667,0.4666666666666667,0.2833333333333333,0.47252426147460935,0.02111783027648926
sqrt,5,0.0129155,0.7,10,0.53,0.1723691129846386,720,0.5,0.6166666666666667,0.8,0.45,0.2833333333333333,0.47373032569885254,0.02111501693725586
sqrt,5,0.0129155,0.7,20,0.5166666666666667,0.12472191289246475,753,0.5,0.7333333333333334,0.5333333333333333,0.35,0.4666666666666667,0.4756276607513428,0.02102947235107422
sqrt,5,0.0129155,0.7,50,0.5733333333333334,0.1436043948569201,619,0.4166666666666667,0.8166666666666667,0.55,0.45,0.6333333333333333,0.48257741928100584,0.020965051651000977
sqrt,5,0.0129155,0.9,5,0.5366666666666667,0.14959203781544586,688,0.6,0.6166666666666667,0.7166666666666667,0.4666666666666667,0.2833333333333333,0.47293729782104493,0.021294927597045897
sqrt,5,0.0129155,0.9,10,0.53,0.1723691129846386,720,0.5,0.6166666666666667,0.8,0.45,0.2833333333333333,0.4738028526306152,0.021326398849487303
sqrt,5,0.0129155,0.9,20,0.5166666666666667,0.12472191289246475,753,0.5,0.7333333333333334,0.5333333333333333,0.35,0.4666666666666667,0.476088285446167,0.020940351486206054
sqrt,5,0.0129155,0.9,50,0.5733333333333334,0.1436043948569201,619,0.4166666666666667,0.8166666666666667,0.55,0.45,0.6333333333333333,0.48276596069335936,0.021218252182006837
sqrt,5,0.0464159,0.1,5,0.6533333333333333,0.09153020145163988,474,0.6333333333333333,0.8166666666666667,0.65,0.6333333333333333,0.5333333333333333,0.49828386306762695,0.02094407081604004
sqrt,5,0.0464159,0.1,10,0.6266666666666666,0.13727506854649332,508,0.8166666666666667,0.7166666666666667,0.65,0.43333333333333335,0.5166666666666667,0.4966876983642578,0.02145214080810547
sqrt,5,0.0464159,0.1,20,0.7233333333333334,0.08339997335464536,215,0.8166666666666667,0.6166666666666667,0.75,0.8,0.6333333333333333,0.4992671012878418,0.021109819412231445
sqrt,5,0.0464159,0.1,50,0.7233333333333334,0.06018490028422596,215,0.7166666666666667,0.8166666666666667,0.75,0.7,0.6333333333333333,0.5031085014343262,0.02121272087097168
sqrt,5,0.0464159,0.3,5,0.6433333333333333,0.0873053390247253,488,0.7333333333333334,0.6,0.75,0.5166666666666667,0.6166666666666667,0.4951942443847656,0.021202754974365235
sqrt,5,0.0464159,0.3,10,0.61,0.11382247385975915,519,0.8166666666666667,0.5166666666666667,0.65,0.5333333333333333,0.5333333333333333,0.49768218994140623,0.02112579345703125
sqrt,5,0.0464159,0.3,20,0.6233333333333333,0.08273115763993903,511,0.7166666666666667,0.7166666666666667,0.55,0.6166666666666667,0.5166666666666667,0.4982631683349609,0.02127680778503418
sqrt,5,0.0464159,0.3,50,0.6966666666666667,0.07986099033807294,360,0.7166666666666667,0.8166666666666667,0.7333333333333334,0.6166666666666667,0.6,0.5025944232940673,0.021142005920410156
sqrt,5,0.0464159,0.5,5,0.5666666666666667,0.12337837015547833,651,0.6,0.7166666666666667,0.6333333333333333,0.35,0.5333333333333333,0.4828151226043701,0.020650148391723633
sqrt,5,0.0464159,0.5,10,0.5833333333333334,0.11254628677422755,613,0.5,0.7333333333333334,0.5333333333333333,0.45,0.7,0.4702866554260254,0.020374155044555663
sqrt,5,0.0464159,0.5,20,0.5933333333333334,0.04898979485566355,560,0.5,0.6333333333333333,0.6333333333333333,0.6,0.6,0.47176351547241213,0.020041131973266603
sqrt,5,0.0464159,0.5,50,0.5966666666666667,0.11803954139750514,525,0.4166666666666667,0.7166666666666667,0.65,0.5,0.7,0.48493518829345705,0.021051883697509766
sqrt,5,0.0464159,0.7,5,0.5366666666666667,0.14959203781544586,688,0.6,0.6166666666666667,0.7166666666666667,0.4666666666666667,0.2833333333333333,0.4744256973266602,0.021046972274780272
sqrt,5,0.0464159,0.7,10,0.53,0.1723691129846386,720,0.5,0.6166666666666667,0.8,0.45,0.2833333333333333,0.4730515480041504,0.02091808319091797
sqrt,5,0.0464159,0.7,20,0.5166666666666667,0.12472191289246475,753,0.5,0.7333333333333334,0.5333333333333333,0.35,0.4666666666666667,0.4763648509979248,0.020967960357666016
sqrt,5,0.0464159,0.7,50,0.5733333333333334,0.1436043948569201,619,0.4166666666666667,0.8166666666666667,0.55,0.45,0.6333333333333333,0.4825829029083252,0.02141857147216797
sqrt,5,0.0464159,0.9,5,0.5366666666666667,0.14959203781544586,688,0.6,0.6166666666666667,0.7166666666666667,0.4666666666666667,0.2833333333333333,0.4739893913269043,0.021180343627929688
sqrt,5,0.0464159,0.9,10,0.53,0.1723691129846386,720,0.5,0.6166666666666667,0.8,0.45,0.2833333333333333,0.47272229194641113,0.021119213104248045
sqrt,5,0.0464159,0.9,20,0.5166666666666667,0.12472191289246475,753,0.5,0.7333333333333334,0.5333333333333333,0.35,0.4666666666666667,0.4748249053955078,0.021138620376586915
sqrt,5,0.0464159,0.9,50,0.5733333333333334,0.1436043948569201,619,0.4166666666666667,0.8166666666666667,0.55,0.45,0.6333333333333333,0.4813820838928223,0.021645545959472656
sqrt,5,0.16681,0.1,5,0.7066666666666667,0.12498888839501786,307,0.7333333333333334,0.9166666666666667,0.65,0.5333333333333333,0.7,0.5244650840759277,0.02118220329284668
sqrt,5,0.16681,0.1,10,0.7433333333333333,0.13727506854649335,143,0.8166666666666667,0.9166666666666667,0.55,0.8166666666666667,0.6166666666666667,0.5282386779785156,0.02129840850830078
sqrt,5,0.16681,0.1,20,0.7233333333333333,0.10143416036468626,241,0.8166666666666667,0.7166666666666667,0.75,0.8,0.5333333333333333,0.5289839267730713,0.021294307708740235
sqrt,5,0.16681,0.1,50,0.6799999999999999,0.0661647774709307,435,0.8,0.6166666666666667,0.65,0.7,0.6333333333333333,0.5329714775085449,0.021184349060058595
sqrt,5,0.16681,0.3,5,0.6333333333333333,0.10381607668264958,503,0.6333333333333333,0.8166666666666667,0.65,0.5333333333333333,0.5333333333333333,0.5340221881866455,0.0212615966796875
sqrt,5,0.16681,0.3,10,0.76,0.09521904571390469,88,0.8166666666666667,0.9166666666666667,0.65,0.7166666666666667,0.7,0.5348319053649903,0.02126150131225586
sqrt,5,0.16681,0.3,20,0.7433333333333334,0.07423685817106694,130,0.8166666666666667,0.8166666666666667,0.75,0.7166666666666667,0.6166666666666667,0.5345174312591553,0.021315288543701173
sqrt,5,0.16681,0.3,50,0.7033333333333334,0.09966610925150698,318,0.6166666666666667,0.8166666666666667,0.8333333333333333,0.6166666666666667,0.6333333333333333,0.5374304771423339,0.021282196044921875
sqrt,5,0.16681,0.5,5,0.59,0.054365021434333624,593,0.6333333333333333,0.5166666666666667,0.65,0.6166666666666667,0.5333333333333333,0.517691707611084,0.020197153091430664
sqrt,5,0.16681,0.5,10,0.6433333333333333,0.09752492558885192,488,0.6166666666666667,0.8166666666666667,0.65,0.5166666666666667,0.6166666666666667,0.5218983173370362,0.020553398132324218
sqrt,5,0.16681,0.5,20,0.7566666666666666,0.05637178175095919,101,0.8166666666666667,0.7166666666666667,0.8333333333333333,0.7,0.7166666666666667,0.5291989326477051,0.021024322509765624
sqrt,5,0.16681,0.5,50,0.72,0.0635959467611297,252,0.7166666666666667,0.8166666666666667,0.7333333333333334,0.6166666666666667,0.7166666666666667,0.5412826061248779,0.021330833435058594
sqrt,5,0.16681,0.7,5,0.5766666666666667,0.12631530214330944,618,0.6333333333333333,0.7,0.6666666666666666,0.35,0.5333333333333333,0.5313385009765625,0.021188879013061525
sqrt,5,0.16681,0.7,10,0.6966666666666667,0.0725718035235908,360,0.6166666666666667,0.8,0.75,0.6166666666666667,0.7,0.5346603393554688,0.021223163604736327
sqrt,5,0.16681,0.7,20,0.7200000000000001,0.01632993161855453,248,0.7166666666666667,0.7166666666666667,0.75,0.7,0.7166666666666667,0.5379902362823487,0.021328830718994142
sqrt,5,0.16681,0.7,50,0.7166666666666668,0.0641179468722378,276,0.6166666666666667,0.8166666666666667,0.7333333333333334,0.7,0.7166666666666667,0.5398963451385498,0.02137727737426758
sqrt,5,0.16681,0.9,5,0.65,0.0649786289653931,475,0.6333333333333333,0.7,0.6666666666666666,0.7166666666666667,0.5333333333333333,0.5382613658905029,0.021254587173461913
sqrt,5,0.16681,0.9,10,0.74,0.08205689083394116,159,0.7166666666666667,0.9,0.6666666666666666,0.7166666666666667,0.7,0.5402245044708252,0.02130289077758789
sqrt,5,0.16681,0.9,20,0.7166666666666667,0.07071067811865475,277,0.7166666666666667,0.8166666666666667,0.75,0.7,0.6,0.5421497344970703,0.02127528190612793
sqrt,5,0.16681,0.9,50,0.7133333333333333,0.06944222218666554,290,0.7166666666666667,0.8166666666666667,0.7333333333333334,0.6,0.7,0.5515823841094971,0.021161746978759766
sqrt,5,0.599484,0.1,5,0.7466666666666667,0.09030811456096045,108,0.7333333333333334,0.9166666666666667,0.65,0.7333333333333334,0.7,0.5947579383850098,0.02099637985229492
sqrt,5,0.599484,0.1,10,0.7466666666666667,0.10974718422102886,108,0.8166666666666667,0.9166666666666667,0.65,0.7333333333333334,0.6166666666666667,0.5950016498565673,0.02124338150024414
sqrt,5,0.599484,0.1,20,0.72,0.0933333333333333,252,0.8166666666666667,0.7166666666666667,0.8333333333333333,0.6166666666666667,0.6166666666666667,0.5970191955566406,0.02126908302307129
sqrt,5,0.599484,0.1,50,0.65,0.038005847503304595,475,0.6166666666666667,0.7166666666666667,0.6666666666666666,0.6166666666666667,0.6333333333333333,0.5993947982788086,0.021241521835327147
sqrt,5,0.599484,0.3,5,0.7033333333333334,0.1266666666666667,318,0.6333333333333333,0.9166666666666667,0.7333333333333334,0.5333333333333333,0.7,0.6048031806945801,0.020378255844116212
sqrt,5,0.599484,0.3,10,0.7466666666666667,0.13678856352455462,108,0.8166666666666667,0.9166666666666667,0.65,0.8166666666666667,0.5333333333333333,0.6005496978759766,0.02072896957397461
sqrt,5,0.599484,0.3,20,0.6866666666666668,0.07774602526460402,391,0.7166666666666667,0.7166666666666667,0.75,0.7166666666666667,0.5333333333333333,0.6184522628784179,0.02111473083496094
sqrt,5,0.599484,0.3,50,0.6833333333333333,0.04830458915396481,404,0.7166666666666667,0.7166666666666667,0.7333333333333334,0.6166666666666667,0.6333333333333333,0.6286120891571045,0.021353530883789062
sqrt,5,0.599484,0.5,5,0.6699999999999999,0.14391355429948605,449,0.6333333333333333,0.9166666666666667,0.7333333333333334,0.5333333333333333,0.5333333333333333,0.6300086975097656,0.021310949325561525
sqrt,5,0.599484,0.5,10,0.7966666666666666,0.10614455552060441,20,0.8166666666666667,0.9166666666666667,0.65,0.9,0.7,0.633761978149414,0.021126556396484374
sqrt,5,0.599484,0.5,20,0.6900000000000001,0.12543258481484518,377,0.8166666666666667,0.7166666666666667,0.75,0.7166666666666667,0.45,0.6363337516784668,0.0213071346282959
sqrt,5,0.599484,0.5,50,0.7,0.07673909622147555,350,0.7,0.7166666666666667,0.8333333333333333,0.6166666666666667,0.6333333333333333,0.6377894401550293,0.02123866081237793
sqrt,5,0.599484,0.7,5,0.74,0.07498147919467994,159,0.6333333333333333,0.8166666666666667,0.8333333333333333,0.7166666666666667,0.7,0.6632186889648437,0.02123680114746094
sqrt,5,0.599484,0.7,10,0.72,0.07916228058025278,252,0.7166666666666667,0.8166666666666667,0.65,0.8,0.6166666666666667,0.6659249305725098,0.021146249771118165
sqrt,5,0.599484,0.7,20,0.7066666666666667,0.10728984626287387,307,0.8166666666666667,0.8166666666666667,0.65,0.7166666666666667,0.5333333333333333,0.6669782638549805,0.021129560470581055
sqrt,5,0.599484,0.7,50,0.6466666666666667,0.09392668535736913,481,0.5333333333333333,0.8166666666666667,0.65,0.6,0.6333333333333333,0.6707420825958252,0.021195650100708008
sqrt,5,0.599484,0.9,5,0.6633333333333333,0.09626352718795768,457,0.6333333333333333,0.8166666666666667,0.6166666666666667,0.7166666666666667,0.5333333333333333,0.6848176002502442,0.021208667755126955
sqrt,5,0.599484,0.9,10,0.6100000000000001,0.1083205120618128,517,0.7166666666666667,0.7166666666666667,0.65,0.5166666666666667,0.45,0.6862128734588623,0.021459436416625975
sqrt,5,0.599484,0.9,20,0.78,0.039999999999999994,31,0.8166666666666667,0.8166666666666667,0.75,0.8,0.7166666666666667,0.6769064426422119,0.02104010581970215
sqrt,5,0.599484,0.9,50,0.7166666666666666,0.054772255750516606,280,0.7166666666666667,0.8166666666666667,0.65,0.7,0.7,0.666630220413208,0.02060999870300293
sqrt,5,2.15443,0.1,5,0.66,0.18696404883173545,469,0.7333333333333334,0.9166666666666667,0.55,0.7333333333333334,0.3666666666666667,0.6886524200439453,0.02078084945678711
sqrt,5,2.15443,0.1,10,0.7466666666666667,0.10974718422102886,108,0.8166666666666667,0.9166666666666667,0.65,0.7333333333333334,0.6166666666666667,0.7043296813964843,0.021126413345336915
sqrt,5,2.15443,0.1,20,0.7,0.0802772971919486,350,0.7166666666666667,0.7166666666666667,0.8333333333333333,0.6166666666666667,0.6166666666666667,0.7048791885375977,0.021144294738769533
sqrt,5,2.15443,0.1,50,0.6666666666666667,0.038005847503304595,451,0.6166666666666667,0.7166666666666667,0.6666666666666666,0.7,0.6333333333333333,0.7139421463012695,0.0213376522064209
sqrt,5,2.15443,0.3,5,0.7066666666666667,0.12498888839501786,307,0.7333333333333334,0.9166666666666667,0.65,0.5333333333333333,0.7,0.7777239799499511,0.021161985397338868
sqrt,5,2.15443,0.3,10,0.78,0.09451631252505219,31,0.8166666666666667,0.9166666666666667,0.65,0.8166666666666667,0.7,0.7764849185943603,0.0213472843170166
sqrt,5,2.15443,0.3,20,0.7066666666666666,0.1128420725320717,317,0.8166666666666667,0.7166666666666667,0.8333333333333333,0.6333333333333333,0.5333333333333333,0.7815190315246582,0.02139420509338379
sqrt,5,2.15443,0.3,50,0.6833333333333333,0.0767390962214756,404,0.6166666666666667,0.8,0.75,0.6166666666666667,0.6333333333333333,0.7796504020690918,0.02129993438720703
sqrt,5,2.15443,0.5,5,0.7166666666666667,0.1345775282545757,277,0.5333333333333333,0.9166666666666667,0.7166666666666667,0.8,0.6166666666666667,0.8216863632202148,0.02098226547241211
sqrt,5,2.15443,0.5,10,0.78,0.09451631252505219,31,0.8166666666666667,0.9166666666666667,0.65,0.8166666666666667,0.7,0.8233855247497559,0.021173906326293946
sqrt,5,2.15443,0.5,20,0.6666666666666667,0.08027729719194864,451,0.7166666666666667,0.6166666666666667,0.75,0.7166666666666667,0.5333333333333333,0.824236249923706,0.021252536773681642
sqrt,5,2.15443,0.5,50,0.6633333333333333,0.050990195135927854,457,0.7166666666666667,0.6166666666666667,0.7333333333333334,0.6166666666666667,0.6333333333333333,0.80440673828125,0.02051577568054199
sqrt,5,2.15443,0.7,5,0.74,0.14929463784372463,159,0.6333333333333333,0.9166666666666667,0.7166666666666667,0.9,0.5333333333333333,0.8312017440795898,0.02081637382507324
sqrt,5,2.15443,0.7,10,0.7233333333333334,0.0793025150224688,215,0.6333333333333333,0.8166666666666667,0.65,0.8166666666666667,0.7,0.8373505592346191,0.0207852840423584
sqrt,5,2.15443,0.7,20,0.6900000000000001,0.13564659966250536,377,0.8166666666666667,0.8166666666666667,0.65,0.7166666666666667,0.45,0.8555917739868164,0.02130131721496582
sqrt,5,2.15443,0.7,50,0.74,0.06716480559869963,159,0.8,0.8166666666666667,0.75,0.7,0.6333333333333333,0.8615657329559326,0.02131476402282715
sqrt,5,2.15443,0.9,5,0.7633333333333333,0.1528979325490629,79,0.6333333333333333,0.9166666666666667,0.8333333333333333,0.9,0.5333333333333333,0.9980566501617432,0.02114734649658203
sqrt,5,2.15443,0.9,10,0.7033333333333334,0.0865383665716478,318,0.6333333333333333,0.8166666666666667,0.65,0.8,0.6166666666666667,1.0041067123413085,0.02136855125427246
sqrt,5,2.15443,0.9,20,0.6833333333333333,0.12064640713902573,404,0.7166666666666667,0.7166666666666667,0.7333333333333334,0.8,0.45,1.002180814743042,0.021341562271118164
sqrt,5,2.15443,0.9,50,0.6833333333333333,0.07958224257542214,404,0.6166666666666667,0.8166666666666667,0.7333333333333334,0.6166666666666667,0.6333333333333333,1.0071427345275878,0.021154308319091798
sqrt,5,7.74264,0.1,5,0.7666666666666668,0.17256238807393048,64,0.7333333333333334,0.9166666666666667,0.9166666666666667,0.8166666666666667,0.45,0.7780159473419189,0.02262396812438965
sqrt,5,7.74264,0.1,10,0.71,0.12498888839501786,299,0.7166666666666667,0.9166666666666667,0.7333333333333334,0.65,0.5333333333333333,0.7711644649505616,0.021023321151733398
sqrt,5,7.74264,0.1,20,0.72,0.0933333333333333,252,0.8166666666666667,0.7166666666666667,0.8333333333333333,0.6166666666666667,0.6166666666666667,0.7535665988922119,0.020435619354248046
sqrt,5,7.74264,0.1,50,0.6833333333333333,0.03496029493900506,404,0.7166666666666667,0.7166666666666667,0.65,0.7,0.6333333333333333,0.7577054500579834,0.02073497772216797
sqrt,5,7.74264,0.3,5,0.6900000000000001,0.14007934259633797,377,0.7333333333333334,0.9166666666666667,0.55,0.7166666666666667,0.5333333333333333,0.918485450744629,0.021254825592041015
sqrt,5,7.74264,0.3,10,0.7266666666666667,0.11907047399661169,202,0.8166666666666667,0.9166666666666667,0.65,0.6333333333333333,0.6166666666666667,0.9224729537963867,0.021170759201049806
sqrt,5,7.74264,0.3,20,0.7233333333333333,0.08981462390204985,241,0.8166666666666667,0.7166666666666667,0.8333333333333333,0.6333333333333333,0.6166666666666667,0.9246777057647705,0.0213986873626709
sqrt,5,7.74264,0.3,50,0.6466666666666667,0.05206833117271102,481,0.6166666666666667,0.6166666666666667,0.75,0.6166666666666667,0.6333333333333333,0.9284849166870117,0.021346521377563477
sqrt,5,7.74264,0.5,5,0.6866666666666666,0.14352700094407328,401,0.7333333333333334,0.9166666666666667,0.7166666666666667,0.5333333333333333,0.5333333333333333,1.0332117080688477,0.021162748336791992
sqrt,5,7.74264,0.5,10,0.7266666666666667,0.11907047399661169,202,0.8166666666666667,0.9166666666666667,0.65,0.6333333333333333,0.6166666666666667,1.038321590423584,0.021346282958984376
sqrt,5,7.74264,0.5,20,0.7233333333333334,0.06377042156569662,215,0.7166666666666667,0.7166666666666667,0.8333333333333333,0.6333333333333333,0.7166666666666667,1.0426508903503418,0.02151765823364258
sqrt,5,7.74264,0.5,50,0.7000000000000001,0.06749485577105531,343,0.6166666666666667,0.8,0.7333333333333334,0.7166666666666667,0.6333333333333333,1.0426924228668213,0.02113485336303711
sqrt,5,7.74264,0.7,5,0.7166666666666666,0.1345775282545757,280,0.6166666666666667,0.9166666666666667,0.7166666666666667,0.8,0.5333333333333333,1.0778985023498535,0.020375967025756836
sqrt,5,7.74264,0.7,10,0.7833333333333333,0.12823589374447564,29,0.9166666666666667,0.9166666666666667,0.65,0.8166666666666667,0.6166666666666667,1.0902841091156006,0.021062517166137697
sqrt,5,7.74264,0.7,20,0.6833333333333333,0.09944289260117531,404,0.8166666666666667,0.7,0.75,0.6166666666666667,0.5333333333333333,1.114307737350464,0.021388673782348634
sqrt,5,7.74264,0.7,50,0.7366666666666667,0.0627162924074226,183,0.8,0.8166666666666667,0.65,0.7,0.7166666666666667,1.1191354274749756,0.02117457389831543
sqrt,5,7.74264,0.9,5,0.7333333333333333,0.11450376024878448,191,0.6166666666666667,0.9166666666666667,0.7166666666666667,0.8,0.6166666666666667,1.109373426437378,0.021226119995117188
sqrt,5,7.74264,0.9,10,0.78,0.09451631252505219,31,0.8166666666666667,0.9166666666666667,0.65,0.8166666666666667,0.7,1.111724853515625,0.021174049377441405
sqrt,5,7.74264,0.9,20,0.6866666666666666,0.10022197585581938,401,0.8166666666666667,0.7166666666666667,0.75,0.6166666666666667,0.5333333333333333,1.112391710281372,0.02119922637939453
sqrt,5,7.74264,0.9,50,0.72,0.09030811456096043,252,0.7,0.8166666666666667,0.8333333333333333,0.6166666666666667,0.6333333333333333,1.1155531406402588,0.021129703521728514
sqrt,5,27.8256,0.1,5,0.7666666666666668,0.17256238807393048,64,0.7333333333333334,0.9166666666666667,0.9166666666666667,0.8166666666666667,0.45,0.7650154113769532,0.021156740188598634
sqrt,5,27.8256,0.1,10,0.6733333333333333,0.15040685563571304,442,0.7166666666666667,0.9166666666666667,0.6333333333333333,0.65,0.45,0.7515364646911621,0.020910978317260742
sqrt,5,27.8256,0.1,20,0.6833333333333333,0.14719601443879743,404,0.8166666666666667,0.7166666666666667,0.8333333333333333,0.43333333333333335,0.6166666666666667,0.7502992630004883,0.02078390121459961
sqrt,5,27.8256,0.1,50,0.7433333333333333,0.0703957069398096,143,0.8166666666666667,0.8166666666666667,0.75,0.7,0.6333333333333333,0.7732587814331054,0.02139911651611328
sqrt,5,27.8256,0.3,5,0.7666666666666668,0.17256238807393048,64,0.7333333333333334,0.9166666666666667,0.9166666666666667,0.8166666666666667,0.45,0.9054323196411133,0.021218395233154295
sqrt,5,27.8256,0.3,10,0.7266666666666667,0.12138094304022086,202,0.7166666666666667,0.9166666666666667,0.7333333333333334,0.7333333333333334,0.5333333333333333,0.9085707187652587,0.021320915222167967
sqrt,5,27.8256,0.3,20,0.7233333333333333,0.08981462390204985,241,0.8166666666666667,0.7166666666666667,0.8333333333333333,0.6333333333333333,0.6166666666666667,0.9111711502075195,0.02109947204589844
sqrt,5,27.8256,0.3,50,0.7233333333333334,0.06018490028422596,215,0.7166666666666667,0.8166666666666667,0.75,0.7,0.6333333333333333,0.9143963813781738,0.021292877197265626
sqrt,5,27.8256,0.5,5,0.6766666666666667,0.16213848676020415,440,0.7333333333333334,0.9166666666666667,0.55,0.7333333333333334,0.45,1.0297701358795166,0.02128567695617676
sqrt,5,27.8256,0.5,10,0.7466666666666667,0.10974718422102886,108,0.8166666666666667,0.9166666666666667,0.65,0.7333333333333334,0.6166666666666667,1.032670831680298,0.021469306945800782
sqrt,5,27.8256,0.5,20,0.7433333333333333,0.07348469228349533,143,0.8166666666666667,0.7166666666666667,0.8333333333333333,0.6333333333333333,0.7166666666666667,1.0321321487426758,0.02123417854309082
sqrt,5,27.8256,0.5,50,0.7233333333333334,0.06018490028422596,215,0.7166666666666667,0.8166666666666667,0.75,0.7,0.6333333333333333,0.9983193397521972,0.020295476913452147
sqrt,5,27.8256,0.7,5,0.6433333333333333,0.16418147141366335,488,0.7333333333333334,0.9166666666666667,0.55,0.5666666666666667,0.45,1.072089958190918,0.020472240447998048
sqrt,5,27.8256,0.7,10,0.7466666666666667,0.10974718422102886,108,0.8166666666666667,0.9166666666666667,0.65,0.7333333333333334,0.6166666666666667,1.0996021270751952,0.021433544158935548
sqrt,5,27.8256,0.7,20,0.7433333333333334,0.1128420725320717,130,0.8166666666666667,0.8166666666666667,0.8333333333333333,0.7166666666666667,0.5333333333333333,1.1094260692596436,0.021396446228027343
sqrt,5,27.8256,0.7,50,0.6833333333333333,0.07226494462892932,404,0.6166666666666667,0.8166666666666667,0.65,0.7,0.6333333333333333,1.1140242099761963,0.02110457420349121
sqrt,5,27.8256,0.9,5,0.6933333333333334,0.12849556844930926,369,0.7333333333333334,0.9166666666666667,0.65,0.6333333333333333,0.5333333333333333,1.1416207790374755,0.02125244140625
sqrt,5,27.8256,0.9,10,0.7466666666666667,0.10974718422102886,108,0.8166666666666667,0.9166666666666667,0.65,0.7333333333333334,0.6166666666666667,1.1444608211517333,0.021055936813354492
sqrt,5,27.8256,0.9,20,0.7433333333333334,0.11575836902790225,130,0.7166666666666667,0.9166666666666667,0.8333333333333333,0.6333333333333333,0.6166666666666667,1.1661482334136963,0.021371936798095702
sqrt,5,27.8256,0.9,50,0.6466666666666667,0.09333333333333332,481,0.6166666666666667,0.8166666666666667,0.65,0.6166666666666667,0.5333333333333333,1.1514445304870606,0.02105603218078613
sqrt,5,100.0,0.1,5,0.7466666666666668,0.17139946842909923,107,0.7333333333333334,0.9166666666666667,0.9166666666666667,0.7166666666666667,0.45,0.8124420642852783,0.020927810668945314
sqrt,5,100.0,0.1,10,0.6900000000000001,0.1515109090315135,377,0.7166666666666667,0.9166666666666667,0.6333333333333333,0.7333333333333334,0.45,0.8017882347106934,0.0218203067779541
sqrt,5,100.0,0.1,20,0.6666666666666667,0.13333333333333333,451,0.8166666666666667,0.7166666666666667,0.75,0.43333333333333335,0.6166666666666667,0.7985201835632324,0.02100348472595215
sqrt,5,100.0,0.1,50,0.7433333333333333,0.0703957069398096,143,0.8166666666666667,0.8166666666666667,0.75,0.7,0.6333333333333333,0.821249532699585,0.02148265838623047
sqrt,5,100.0,0.3,5,0.7666666666666668,0.17256238807393048,64,0.7333333333333334,0.9166666666666667,0.9166666666666667,0.8166666666666667,0.45,0.8268904209136962,0.021277761459350585
sqrt,5,100.0,0.3,10,0.6733333333333333,0.15040685563571304,442,0.7166666666666667,0.9166666666666667,0.6333333333333333,0.65,0.45,0.8279207706451416,0.021250343322753905
sqrt,5,100.0,0.3,20,0.6833333333333333,0.14719601443879743,404,0.8166666666666667,0.7166666666666667,0.8333333333333333,0.43333333333333335,0.6166666666666667,0.8322053909301758,0.02130584716796875
sqrt,5,100.0,0.3,50,0.7233333333333334,0.0793025150224688,215,0.8166666666666667,0.8166666666666667,0.65,0.7,0.6333333333333333,0.833790922164917,0.021457958221435546
sqrt,5,100.0,0.5,5,0.7666666666666668,0.17256238807393048,64,0.7333333333333334,0.9166666666666667,0.9166666666666667,0.8166666666666667,0.45,0.8564482688903808,0.021278762817382814
sqrt,5,100.0,0.5,10,0.6733333333333333,0.15040685563571304,442,0.7166666666666667,0.9166666666666667,0.6333333333333333,0.65,0.45,0.8572534084320068,0.021033763885498047
sqrt,5,100.0,0.5,20,0.6833333333333333,0.14719601443879743,404,0.8166666666666667,0.7166666666666667,0.8333333333333333,0.43333333333333335,0.6166666666666667,0.8572296142578125,0.021283483505249022
sqrt,5,100.0,0.5,50,0.7233333333333334,0.0793025150224688,215,0.8166666666666667,0.8166666666666667,0.65,0.7,0.6333333333333333,0.8619725704193115,0.02108159065246582
sqrt,5,100.0,0.7,5,0.7666666666666668,0.17256238807393048,64,0.7333333333333334,0.9166666666666667,0.9166666666666667,0.8166666666666667,0.45,0.8950442790985107,0.02096705436706543
sqrt,5,100.0,0.7,10,0.7100000000000001,0.14929463784372463,294,0.7166666666666667,0.9166666666666667,0.7333333333333334,0.7333333333333334,0.45,0.8853964805603027,0.02086801528930664
sqrt,5,100.0,0.7,20,0.72,0.0933333333333333,252,0.8166666666666667,0.7166666666666667,0.8333333333333333,0.6166666666666667,0.6166666666666667,0.9071866989135742,0.021257448196411132
sqrt,5,100.0,0.7,50,0.7233333333333334,0.06018490028422596,215,0.7166666666666667,0.8166666666666667,0.75,0.7,0.6333333333333333,0.9126228332519531,0.021278238296508788
sqrt,5,100.0,0.9,5,0.7666666666666668,0.17256238807393048,64,0.7333333333333334,0.9166666666666667,0.9166666666666667,0.8166666666666667,0.45,0.9652434349060058,0.02115907669067383
sqrt,5,100.0,0.9,10,0.7266666666666667,0.10413666234542207,202,0.7166666666666667,0.9166666666666667,0.7333333333333334,0.65,0.6166666666666667,0.9629684925079346,0.02129077911376953
sqrt,5,100.0,0.9,20,0.74,0.07859884081701062,159,0.8166666666666667,0.7166666666666667,0.8333333333333333,0.7166666666666667,0.6166666666666667,0.9752466201782226,0.022572135925292967
sqrt,5,100.0,0.9,50,0.7233333333333334,0.06018490028422596,215,0.8166666666666667,0.7166666666666667,0.75,0.7,0.6333333333333333,0.9699911594390869,0.021345996856689455
0.3,1,0.001,0.1,5,0.5966666666666667,0.22715633383201098,525,0.5,0.9166666666666667,0.8,0.4666666666666667,0.3,0.4815206527709961,0.02150754928588867
0.3,1,0.001,0.1,10,0.5933333333333334,0.23156472577277878,560,0.5,0.9166666666666667,0.8,0.4666666666666667,0.2833333333333333,0.4863577365875244,0.021815729141235352
0.3,1,0.001,0.1,20,0.5466666666666666,0.15825436627292291,672,0.5166666666666667,0.65,0.7333333333333334,0.5666666666666667,0.26666666666666666,0.4985662937164307,0.021505117416381836
0.3,1,0.001,0.1,50,0.59,0.1793816539609828,593,0.5,0.9,0.65,0.5333333333333333,0.3666666666666667,0.5120912551879883,0.02121596336364746
0.3,1,0.001,0.3,5,0.5966666666666667,0.22715633383201098,525,0.5,0.9166666666666667,0.8,0.4666666666666667,0.3,0.4623361110687256,0.020619010925292967
0.3,1,0.001,0.3,10,0.5933333333333334,0.23156472577277878,560,0.5,0.9166666666666667,0.8,0.4666666666666667,0.2833333333333333,0.46662273406982424,0.02049407958984375
0.3,1,0.001,0.3,20,0.5466666666666666,0.15825436627292291,672,0.5166666666666667,0.65,0.7333333333333334,0.5666666666666667,0.26666666666666666,0.4841601371765137,0.020619678497314452
0.3,1,0.001,0.3,50,0.59,0.1793816539609828,593,0.5,0.9,0.65,0.5333333333333333,0.3666666666666667,0.5034252166748047,0.020808935165405273
0.3,1,0.001,0.5,5,0.5966666666666667,0.22715633383201098,525,0.5,0.9166666666666667,0.8,0.4666666666666667,0.3,0.4817066669464111,0.021310138702392577
0.3,1,0.001,0.5,10,0.5933333333333334,0.23156472577277878,560,0.5,0.9166666666666667,0.8,0.4666666666666667,0.2833333333333333,0.48684325218200686,0.021401023864746092
0.3,1,0.001,0.5,20,0.5466666666666666,0.15825436627292291,672,0.5166666666666667,0.65,0.7333333333333334,0.5666666666666667,0.26666666666666666,0.5016381740570068,0.02154059410095215
0.3,1,0.001,0.5,50,0.59,0.1793816539609828,593,0.5,0.9,0.65,0.5333333333333333,0.3666666666666667,0.5149991989135743,0.02145242691040039
0.3,1,0.001,0.7,5,0.5966666666666667,0.22715633383201098,525,0.5,0.9166666666666667,0.8,0.4666666666666667,0.3,0.4827106952667236,0.02136983871459961
0.3,1,0.001,0.7,10,0.5933333333333334,0.23156472577277878,560,0.5,0.9166666666666667,0.8,0.4666666666666667,0.2833333333333333,0.48932204246520994,0.021559667587280274
0.3,1,0.001,0.7,20,0.5466666666666666,0.15825436627292291,672,0.5166666666666667,0.65,0.7333333333333334,0.5666666666666667,0.26666666666666666,0.4985819816589355,0.021719884872436524
0.3,1,0.001,0.7,50,0.59,0.1793816539609828,593,0.5,0.9,0.65,0.5333333333333333,0.3666666666666667,0.5158770561218262,0.021361398696899413
0.3,1,0.001,0.9,5,0.5966666666666667,0.22715633383201098,525,0.5,0.9166666666666667,0.8,0.4666666666666667,0.3,0.4860869884490967,0.02122917175292969
0.3,1,0.001,0.9,10,0.5933333333333334,0.23156472577277878,560,0.5,0.9166666666666667,0.8,0.4666666666666667,0.2833333333333333,0.48877477645874023,0.02138862609863281
0.3,1,0.001,0.9,20,0.5466666666666666,0.15825436627292291,672,0.5166666666666667,0.65,0.7333333333333334,0.5666666666666667,0.26666666666666666,0.4981993675231934,0.021655178070068358
0.3,1,0.001,0.9,50,0.59,0.1793816539609828,593,0.5,0.9,0.65,0.5333333333333333,0.3666666666666667,0.515024471282959,0.02142786979675293
0.3,1,0.00359381,0.1,5,0.5966666666666667,0.22715633383201098,525,0.5,0.9166666666666667,0.8,0.4666666666666667,0.3,0.48278002738952636,0.021448421478271484
0.3,1,0.00359381,0.1,10,0.5933333333333334,0.23156472577277878,560,0.5,0.9166666666666667,0.8,0.4666666666666667,0.2833333333333333,0.49078917503356934,0.021540164947509766
0.3,1,0.00359381,0.1,20,0.5466666666666666,0.15825436627292291,672,0.5166666666666667,0.65,0.7333333333333334,0.5666666666666667,0.26666666666666666,0.49849681854248046,0.021651649475097658
0.3,1,0.00359381,0.1,50,0.59,0.1793816539609828,593,0.5,0.9,0.65,0.5333333333333333,0.3666666666666667,0.5180035591125488,0.021090078353881835
0.3,1,0.00359381,0.3,5,0.5966666666666667,0.22715633383201098,525,0.5,0.9166666666666667,0.8,0.4666666666666667,0.3,0.4671769618988037,0.0207244873046875
0.3,1,0.00359381,0.3,10,0.5933333333333334,0.23156472577277878,560,0.5,0.9166666666666667,0.8,0.4666666666666667,0.2833333333333333,0.475661039352417,0.020882272720336915
0.3,1,0.00359381,0.3,20,0.5466666666666666,0.15825436627292291,672,0.5166666666666667,0.65,0.7333333333333334,0.5666666666666667,0.26666666666666666,0.4995876312255859,0.021604585647583007
0.3,1,0.00359381,0.3,50,0.59,0.1793816539609828,593,0.5,0.9,0.65,0.5333333333333333,0.3666666666666667,0.5189828395843505,0.021412372589111328
0.3,1,0.00359381,0.5,5,0.5966666666666667,0.22715633383201098,525,0.5,0.9166666666666667,0.8,0.4666666666666667,0.3,0.48111953735351565,0.02141575813293457
0.3,1,0.00359381,0.5,10,0.5933333333333334,0.23156472577277878,560,0.5,0.9166666666666667,0.8,0.4666666666666667,0.2833333333333333,0.49042463302612305,0.02122807502746582
0.3,1,0.00359381,0.5,20,0.5466666666666666,0.15825436627292291,672,0.5166666666666667,0.65,0.7333333333333334,0.5666666666666667,0.26666666666666666,0.5009757995605468,0.021622323989868165
0.3,1,0.00359381,0.5,50,0.59,0.1793816539609828,593,0.5,0.9,0.65,0.5333333333333333,0.3666666666666667,0.5150099754333496,0.02151312828063965
0.3,1,0.00359381,0.7,5,0.5966666666666667,0.22715633383201098,525,0.5,0.9166666666666667,0.8,0.4666666666666667,0.3,0.48179140090942385,0.021357107162475585
0.3,1,0.00359381,0.7,10,0.5933333333333334,0.23156472577277878,560,0.5,0.9166666666666667,0.8,0.4666666666666667,0.2833333333333333,0.4876856803894043,0.021388530731201172
0.3,1,0.00359381,0.7,20,0.5466666666666666,0.15825436627292291,672,0.5166666666666667,0.65,0.7333333333333334,0.5666666666666667,0.26666666666666666,0.4982747077941895,0.021584177017211915
0.3,1,0.00359381,0.7,50,0.59,0.1793816539609828,593,0.5,0.9,0.65,0.5333333333333333,0.3666666666666667,0.5138713359832764,0.02133970260620117
0.3,1,0.00359381,0.9,5,0.5966666666666667,0.22715633383201098,525,0.5,0.9166666666666667,0.8,0.4666666666666667,0.3,0.48146824836730956,0.021221208572387695
0.3,1,0.00359381,0.9,10,0.5933333333333334,0.23156472577277878,560,0.5,0.9166666666666667,0.8,0.4666666666666667,0.2833333333333333,0.48818316459655764,0.021469688415527342
0.3,1,0.00359381,0.9,20,0.5466666666666666,0.15825436627292291,672,0.5166666666666667,0.65,0.7333333333333334,0.5666666666666667,0.26666666666666666,0.4985218048095703,0.021511554718017578
0.3,1,0.00359381,0.9,50,0.59,0.1793816539609828,593,0.5,0.9,0.65,0.5333333333333333,0.3666666666666667,0.5145586013793946,0.021428489685058595
0.3,1,0.0129155,0.1,5,0.5966666666666667,0.07180219742846007,525,0.7333333333333334,0.5333333333333333,0.5666666666666667,0.6,0.55,0.4884482383728027,0.0212583065032959
0.3,1,0.0129155,0.1,10,0.6933333333333334,0.16619934483090548,369,0.8166666666666667,0.5333333333333333,0.75,0.9,0.4666666666666667,0.48877835273742676,0.020683097839355468
0.3,1,0.0129155,0.1,20,0.72,0.10077477638553983,252,0.8166666666666667,0.7166666666666667,0.7333333333333334,0.8,0.5333333333333333,0.4871506690979004,0.020276498794555665
0.3,1,0.0129155,0.1,50,0.61,0.06200358412579425,519,0.6166666666666667,0.7166666666666667,0.5666666666666667,0.6166666666666667,0.5333333333333333,0.5062682151794433,0.021425867080688478
0.3,1,0.0129155,0.3,5,0.5966666666666667,0.22715633383201098,525,0.5,0.9166666666666667,0.8,0.4666666666666667,0.3,0.4751916408538818,0.02149538993835449
0.3,1,0.0129155,0.3,10,0.5933333333333334,0.23156472577277878,560,0.5,0.9166666666666667,0.8,0.4666666666666667,0.2833333333333333,0.4913311958312988,0.02172403335571289
0.3,1,0.0129155,0.3,20,0.5466666666666666,0.15825436627292291,672,0.5166666666666667,0.65,0.7333333333333334,0.5666666666666667,0.26666666666666666,0.5025030136108398,0.021691274642944337
0.3,1,0.0129155,0.3,50,0.59,0.1793816539609828,593,0.5,0.9,0.65,0.5333333333333333,0.3666666666666667,0.5158687114715577,0.021676015853881837
0.3,1,0.0129155,0.5,5,0.5966666666666667,0.22715633383201098,525,0.5,0.9166666666666667,0.8,0.4666666666666667,0.3,0.48302488327026366,0.02144460678100586
0.3,1,0.0129155,0.5,10,0.5933333333333334,0.23156472577277878,560,0.5,0.9166666666666667,0.8,0.4666666666666667,0.2833333333333333,0.48870363235473635,0.021449565887451172
0.3,1,0.0129155,0.5,20,0.5466666666666666,0.15825436627292291,672,0.5166666666666667,0.65,0.7333333333333334,0.5666666666666667,0.26666666666666666,0.4985755443572998,0.021511220932006837
0.3,1,0.0129155,0.5,50,0.59,0.1793816539609828,593,0.5,0.9,0.65,0.5333333333333333,0.3666666666666667,0.5157477378845214,0.021355819702148438
0.3,1,0.0129155,0.7,5,0.5966666666666667,0.22715633383201098,525,0.5,0.9166666666666667,0.8,0.4666666666666667,0.3,0.4825150966644287,0.02150859832763672
0.3,1,0.0129155,0.7,10,0.5933333333333334,0.23156472577277878,560,0.5,0.9166666666666667,0.8,0.4666666666666667,0.2833333333333333,0.48839282989501953,0.021379709243774414
0.3,1,0.0129155,0.7,20,0.5466666666666666,0.15825436627292291,672,0.5166666666666667,0.65,0.7333333333333334,0.5666666666666667,0.26666666666666666,0.49938063621520995,0.021768760681152344
0.3,1,0.0129155,0.7,50,0.59,0.1793816539609828,593,0.5,0.9,0.65,0.5333333333333333,0.3666666666666667,0.5262501239776611,0.021334028244018553
0.3,1,0.0129155,0.9,5,0.5966666666666667,0.22715633383201098,525,0.5,0.9166666666666667,0.8,0.4666666666666667,0.3,0.48189773559570315,0.021535587310791016
0.3,1,0.0129155,0.9,10,0.5933333333333334,0.23156472577277878,560,0.5,0.9166666666666667,0.8,0.4666666666666667,0.2833333333333333,0.4895484447479248,0.021610498428344727
0.3,1,0.0129155,0.9,20,0.5466666666666666,0.15825436627292291,672,0.5166666666666667,0.65,0.7333333333333334,0.5666666666666667,0.26666666666666666,0.4982415199279785,0.021631669998168946
0.3,1,0.0129155,0.9,50,0.59,0.1793816539609828,593,0.5,0.9,0.65,0.5333333333333333,0.3666666666666667,0.5156222820281983,0.021485280990600587
0.3,1,0.0464159,0.1,5,0.7633333333333333,0.03858612300930074,79,0.7333333333333334,0.8166666666666667,0.75,0.8,0.7166666666666667,0.4926628112792969,0.020668792724609374
0.3,1,0.0464159,0.1,10,0.7766666666666666,0.050110987927909675,55,0.7166666666666667,0.8166666666666667,0.8333333333333333,0.7166666666666667,0.8,0.48786273002624514,0.020414400100708007
0.3,1,0.0464159,0.1,20,0.7399999999999999,0.05830951894845302,182,0.8166666666666667,0.7166666666666667,0.6666666666666666,0.7,0.8,0.49413042068481444,0.0205075740814209
0.3,1,0.0464159,0.1,50,0.74,0.08856886837057618,159,0.7166666666666667,0.9,0.75,0.7,0.6333333333333333,0.5151180267333985,0.02073326110839844
0.3,1,0.0464159,0.3,5,0.6166666666666667,0.11785113019775792,513,0.7333333333333334,0.6333333333333333,0.75,0.5166666666666667,0.45,0.48817033767700196,0.02112445831298828
0.3,1,0.0464159,0.3,10,0.6933333333333334,0.11185307823708342,369,0.8166666666666667,0.6333333333333333,0.8333333333333333,0.6333333333333333,0.55,0.5059674739837646,0.021184444427490234
0.3,1,0.0464159,0.3,20,0.7033333333333334,0.1288409872672513,318,0.7166666666666667,0.9166666666666667,0.7333333333333334,0.6166666666666667,0.5333333333333333,0.5140689373016357,0.02136063575744629
0.3,1,0.0464159,0.3,50,0.6699999999999999,0.09510228411791403,449,0.7166666666666667,0.8166666666666667,0.6666666666666666,0.6166666666666667,0.5333333333333333,0.5314060688018799,0.021629905700683592
0.3,1,0.0464159,0.5,5,0.5633333333333334,0.13960261060914617,668,0.5,0.7166666666666667,0.7166666666666667,0.35,0.5333333333333333,0.4947854518890381,0.021438455581665038
0.3,1,0.0464159,0.5,10,0.55,0.10697871023920809,670,0.5,0.7166666666666667,0.6333333333333333,0.45,0.45,0.5042518138885498,0.02141852378845215
0.3,1,0.0464159,0.5,20,0.6466666666666667,0.11850925889754116,481,0.5166666666666667,0.8166666666666667,0.75,0.5333333333333333,0.6166666666666667,0.5105780601501465,0.02144002914428711
0.3,1,0.0464159,0.5,50,0.64,0.1147945023848171,494,0.5,0.8166666666666667,0.65,0.7,0.5333333333333333,0.5295331001281738,0.021240615844726564
0.3,1,0.0464159,0.7,5,0.5966666666666667,0.22715633383201098,525,0.5,0.9166666666666667,0.8,0.4666666666666667,0.3,0.4831109046936035,0.021428489685058595
0.3,1,0.0464159,0.7,10,0.5933333333333334,0.23156472577277878,560,0.5,0.9166666666666667,0.8,0.4666666666666667,0.2833333333333333,0.49201202392578125,0.021474170684814452
0.3,1,0.0464159,0.7,20,0.5466666666666666,0.15825436627292291,672,0.5166666666666667,0.65,0.7333333333333334,0.5666666666666667,0.26666666666666666,0.49857339859008787,0.021638917922973632
0.3,1,0.0464159,0.7,50,0.59,0.1793816539609828,593,0.5,0.9,0.65,0.5333333333333333,0.3666666666666667,0.5155616760253906,0.02153439521789551
0.3,1,0.0464159,0.9,5,0.5966666666666667,0.22715633383201098,525,0.5,0.9166666666666667,0.8,0.4666666666666667,0.3,0.48702306747436525,0.021399545669555663
0.3,1,0.0464159,0.9,10,0.5933333333333334,0.23156472577277878,560,0.5,0.9166666666666667,0.8,0.4666666666666667,0.2833333333333333,0.48755197525024413,0.021334505081176756
0.3,1,0.0464159,0.9,20,0.5466666666666666,0.15825436627292291,672,0.5166666666666667,0.65,0.7333333333333334,0.5666666666666667,0.26666666666666666,0.4984899520874023,0.021608972549438478
0.3,1,0.0464159,0.9,50,0.59,0.1793816539609828,593,0.5,0.9,0.65,0.5333333333333333,0.3666666666666667,0.517662239074707,0.021360301971435548
0.3,1,0.16681,0.1,5,0.7266666666666667,0.05436502143433365,202,0.7333333333333334,0.7166666666666667,0.75,0.8,0.6333333333333333,0.5308302402496338,0.021410465240478516
0.3,1,0.16681,0.1,10,0.7466666666666667,0.06863753427324668,108,0.8166666666666667,0.8166666666666667,0.75,0.7166666666666667,0.6333333333333333,0.5197096347808838,0.02068672180175781
0.3,1,0.16681,0.1,20,0.6833333333333333,0.08432740427115676,404,0.7166666666666667,0.7166666666666667,0.75,0.5166666666666667,0.7166666666666667,0.5268918037414551,0.020606517791748047
0.3,1,0.16681,0.1,50,0.6833333333333333,0.03496029493900506,404,0.7166666666666667,0.7166666666666667,0.65,0.7,0.6333333333333333,0.5507558822631836,0.021044349670410155
0.3,1,0.16681,0.3,5,0.7633333333333333,0.03858612300930074,79,0.7333333333333334,0.8166666666666667,0.75,0.8,0.7166666666666667,0.5426394939422607,0.02158694267272949
0.3,1,0.16681,0.3,10,0.8133333333333332,0.05312459150169741,7,0.8166666666666667,0.8166666666666667,0.7333333333333334,0.9,0.8,0.546566390991211,0.021622085571289064
0.3,1,0.16681,0.3,20,0.7633333333333333,0.08781293248212996,79,0.7166666666666667,0.9166666666666667,0.6666666666666666,0.8,0.7166666666666667,0.5489850521087647,0.021407270431518556
0.3,1,0.16681,0.3,50,0.7233333333333334,0.06018490028422596,215,0.7166666666666667,0.8166666666666667,0.75,0.7,0.6333333333333333,0.563921308517456,0.02131619453430176
0.3,1,0.16681,0.5,5,0.7033333333333334,0.0439696865275764,318,0.7333333333333334,0.7166666666666667,0.7333333333333334,0.6166666666666667,0.7166666666666667,0.5403867721557617,0.021498441696166992
0.3,1,0.16681,0.5,10,0.78,0.09030811456096045,31,0.6333333333333333,0.8166666666666667,0.7333333333333334,0.9,0.8166666666666667,0.5453908920288086,0.02142643928527832
0.3,1,0.16681,0.5,20,0.7799999999999999,0.047609522856952344,50,0.8166666666666667,0.8166666666666667,0.75,0.7,0.8166666666666667,0.5520086765289307,0.021622228622436523
0.3,1,0.16681,0.5,50,0.7766666666666666,0.1057250101810247,55,0.6166666666666667,0.9166666666666667,0.8333333333333333,0.7,0.8166666666666667,0.5678837776184082,0.021324920654296874
0.3,1,0.16681,0.7,5,0.6566666666666666,0.16418147141366335,472,0.7333333333333334,0.8166666666666667,0.75,0.35,0.6333333333333333,0.5380322456359863,0.021450328826904296
0.3,1,0.16681,0.7,10,0.8166666666666668,0.07149203529842404,5,0.7333333333333334,0.9,0.75,0.8,0.9,0.5439526081085205,0.021375131607055665
0.3,1,0.16681,0.7,20,0.7799999999999999,0.07916228058025282,50,0.7166666666666667,0.9166666666666667,0.75,0.7,0.8166666666666667,0.5492904186248779,0.021305322647094727
0.3,1,0.16681,0.7,50,0.7433333333333334,0.07423685817106694,130,0.7166666666666667,0.8166666666666667,0.75,0.6166666666666667,0.8166666666666667,0.5670121192932129,0.021410560607910155
0.3,1,0.16681,0.9,5,0.6399999999999999,0.16619934483090548,495,0.7333333333333334,0.8166666666666667,0.75,0.3666666666666667,0.5333333333333333,0.5443666934967041,0.021408557891845703
0.3,1,0.16681,0.9,10,0.8333333333333334,0.05868938953886337,2,0.8166666666666667,0.9,0.75,0.9,0.8,0.5510156631469727,0.021355247497558592
0.3,1,0.16681,0.9,20,0.7233333333333334,0.06018490028422596,215,0.6333333333333333,0.8166666666666667,0.75,0.7,0.7166666666666667,0.5561751365661621,0.021523094177246092
0.3,1,0.16681,0.9,50,0.7033333333333333,0.06616477747093069,337,0.7166666666666667,0.8166666666666667,0.6666666666666666,0.7,0.6166666666666667,0.5585805416107178,0.020644760131835936
0.3,1,0.599484,0.1,5,0.7133333333333334,0.04136557881996955,284,0.7333333333333334,0.7166666666666667,0.75,0.7333333333333334,0.6333333333333333,0.5846272945404053,0.021018457412719727
0.3,1,0.599484,0.1,10,0.78,0.09092121131323905,31,0.9166666666666667,0.8166666666666667,0.65,0.8,0.7166666666666667,0.6053057670593261,0.02139449119567871
0.3,1,0.599484,0.1,20,0.68,0.10132456102380442,429,0.7166666666666667,0.6166666666666667,0.75,0.5166666666666667,0.8,0.6109354019165039,0.021323728561401366
0.3,1,0.599484,0.1,50,0.6966666666666667,0.02449489742783177,360,0.7,0.7166666666666667,0.65,0.7,0.7166666666666667,0.6271336555480957,0.021384572982788085
0.3,1,0.599484,0.3,5,0.7066666666666668,0.06018490028422598,304,0.7333333333333334,0.7166666666666667,0.65,0.8,0.6333333333333333,0.6309480190277099,0.021713066101074218
0.3,1,0.599484,0.3,10,0.7466666666666667,0.0635959467611297,108,0.8166666666666667,0.8166666666666667,0.65,0.7333333333333334,0.7166666666666667,0.6318462371826172,0.0213714599609375
0.3,1,0.599484,0.3,20,0.7733333333333334,0.07859884081701067,61,0.7166666666666667,0.7166666666666667,0.9166666666666667,0.8,0.7166666666666667,0.6367562770843506,0.0214597225189209
0.3,1,0.599484,0.3,50,0.7033333333333333,0.06446359868604572,337,0.8166666666666667,0.7166666666666667,0.65,0.7,0.6333333333333333,0.6527637004852295,0.02129807472229004
0.3,1,0.599484,0.5,5,0.74,0.030912061651652355,159,0.7333333333333334,0.7166666666666667,0.7333333333333334,0.8,0.7166666666666667,0.6378993511199951,0.021525764465332033
0.3,1,0.599484,0.5,10,0.8033333333333333,0.14429907214608909,9,0.9166666666666667,0.8166666666666667,0.65,1.0,0.6333333333333333,0.6446263790130615,0.02152738571166992
0.3,1,0.599484,0.5,20,0.7599999999999999,0.07498147919467994,98,0.7166666666666667,0.8166666666666667,0.8333333333333333,0.8,0.6333333333333333,0.652735710144043,0.022242259979248048
0.3,1,0.599484,0.5,50,0.7166666666666666,0.054772255750516606,280,0.7,0.8166666666666667,0.65,0.7,0.7166666666666667,0.6653101444244385,0.021399545669555663
0.3,1,0.599484,0.7,5,0.78,0.07774602526460402,31,0.7333333333333334,0.8166666666666667,0.9166666666666667,0.7166666666666667,0.7166666666666667,0.6714827060699463,0.020935964584350587
0.3,1,0.599484,0.7,10,0.7966666666666666,0.07102425250887508,20,0.7166666666666667,0.9166666666666667,0.7333333333333334,0.8,0.8166666666666667,0.6462096691131591,0.020389366149902343
0.3,1,0.599484,0.7,20,0.7599999999999999,0.07498147919467994,98,0.7166666666666667,0.8166666666666667,0.8333333333333333,0.8,0.6333333333333333,0.6551224708557128,0.020246028900146484
0.3,1,0.599484,0.7,50,0.6666666666666667,0.05868938953886337,451,0.7166666666666667,0.7166666666666667,0.5666666666666667,0.7,0.6333333333333333,0.6764081478118896,0.020577239990234374
0.3,1,0.599484,0.9,5,0.78,0.07774602526460402,31,0.7333333333333334,0.8166666666666667,0.9166666666666667,0.7166666666666667,0.7166666666666667,0.6770017623901368,0.02127971649169922
0.3,1,0.599484,0.9,10,0.72,0.06944222218666554,252,0.7166666666666667,0.8166666666666667,0.7333333333333334,0.6,0.7333333333333334,0.6889852046966553,0.021414709091186524
0.3,1,0.599484,0.9,20,0.76,0.048989794855663564,88,0.8166666666666667,0.8166666666666667,0.75,0.7,0.7166666666666667,0.6938272476196289,0.02145986557006836
0.3,1,0.599484,0.9,50,0.6866666666666668,0.0748331477354788,391,0.6166666666666667,0.7166666666666667,0.6666666666666666,0.6166666666666667,0.8166666666666667,0.7144866466522217,0.021391010284423827
0.3,1,2.15443,0.1,5,0.6333333333333332,0.11352924243950932,505,0.8166666666666667,0.7166666666666667,0.55,0.5333333333333333,0.55,0.7093373298645019,0.02150750160217285
0.3,1,2.15443,0.1,10,0.73,0.05906681715556451,196,0.7333333333333334,0.8166666666666667,0.75,0.6333333333333333,0.7166666666666667,0.7128592967987061,0.021397113800048828
0.3,1,2.15443,0.1,20,0.72,0.06863753427324663,252,0.7166666666666667,0.7166666666666667,0.8333333333333333,0.6166666666666667,0.7166666666666667,0.7193467140197753,0.02152729034423828
0.3,1,2.15443,0.1,50,0.7,0.04472135954999579,350,0.6166666666666667,0.7166666666666667,0.75,0.7,0.7166666666666667,0.7383870601654052,0.021338415145874024
0.3,1,2.15443,0.3,5,0.6333333333333333,0.08232726023485648,503,0.7333333333333334,0.7166666666666667,0.55,0.5333333333333333,0.6333333333333333,0.7800241947174072,0.02132549285888672
0.3,1,2.15443,0.3,10,0.7666666666666667,0.10852547064066473,71,0.8166666666666667,0.9166666666666667,0.65,0.8166666666666667,0.6333333333333333,0.7818388938903809,0.02127366065979004
0.3,1,2.15443,0.3,20,0.7566666666666667,0.09921917377424815,100,0.7166666666666667,0.8166666666666667,0.9166666666666667,0.7,0.6333333333333333,0.788724946975708,0.021412754058837892
0.3,1,2.15443,0.3,50,0.68,0.03999999999999999,429,0.7166666666666667,0.6166666666666667,0.65,0.7,0.7166666666666667,0.7914193630218506,0.020891523361206053
0.3,1,2.15443,0.5,5,0.7966666666666666,0.06616477747093069,20,0.7333333333333334,0.8166666666666667,0.8166666666666667,0.9,0.7166666666666667,0.8131335258483887,0.02143235206604004
0.3,1,2.15443,0.5,10,0.7433333333333334,0.10413666234542203,130,0.8166666666666667,0.8166666666666667,0.55,0.8166666666666667,0.7166666666666667,0.834816837310791,0.021418428421020506
0.3,1,2.15443,0.5,20,0.78,0.09741092797468308,31,0.7166666666666667,0.9166666666666667,0.8333333333333333,0.8,0.6333333333333333,0.8395457744598389,0.0213015079498291
0.3,1,2.15443,0.5,50,0.7033333333333334,0.03858612300930076,318,0.7166666666666667,0.7166666666666667,0.75,0.7,0.6333333333333333,0.8568504333496094,0.021321582794189452
0.3,1,2.15443,0.7,5,0.7966666666666666,0.06616477747093069,20,0.7333333333333334,0.8166666666666667,0.8166666666666667,0.9,0.7166666666666667,0.8617214679718017,0.021448040008544923
0.3,1,2.15443,0.7,10,0.76,0.11766241729815193,88,0.7333333333333334,0.8166666666666667,0.55,0.9,0.8,0.866049337387085,0.021415042877197265
0.3,1,2.15443,0.7,20,0.7633333333333333,0.10718623460542348,79,0.8166666666666667,0.8166666666666667,0.8333333333333333,0.8,0.55,0.8717342853546143,0.021651077270507812
0.3,1,2.15443,0.7,50,0.7233333333333334,0.06018490028422596,215,0.7166666666666667,0.8166666666666667,0.75,0.7,0.6333333333333333,0.8903871536254883,0.02123575210571289
0.3,1,2.15443,0.9,5,0.7966666666666667,0.09153020145163988,18,0.7333333333333334,0.7166666666666667,0.9166666666666667,0.9,0.7166666666666667,1.0051312446594238,0.021607637405395508
0.3,1,2.15443,0.9,10,0.7433333333333334,0.10143416036468626,130,0.6333333333333333,0.8166666666666667,0.65,0.9,0.7166666666666667,1.0108466625213623,0.021300029754638673
0.3,1,2.15443,0.9,20,0.8366666666666667,0.07557189365836425,1,0.9166666666666667,0.9166666666666667,0.8333333333333333,0.8,0.7166666666666667,0.9888052463531494,0.02077021598815918
0.3,1,2.15443,0.9,50,0.7000000000000001,0.03496029493900508,343,0.7166666666666667,0.7166666666666667,0.7333333333333334,0.7,0.6333333333333333,1.0249067783355712,0.021038389205932616
0.3,1,7.74264,0.1,5,0.6900000000000001,0.09521904571390465,377,0.8166666666666667,0.7166666666666667,0.75,0.6166666666666667,0.55,0.7787141323089599,0.021624040603637696
0.3,1,7.74264,0.1,10,0.7466666666666667,0.08589399151150083,108,0.8166666666666667,0.8166666666666667,0.8166666666666667,0.65,0.6333333333333333,0.7823024272918702,0.021458768844604494
0.3,1,7.74264,0.1,20,0.7000000000000001,0.07673909622147557,343,0.7166666666666667,0.6166666666666667,0.8333333333333333,0.7,0.6333333333333333,0.7868578433990479,0.021332454681396485
0.3,1,7.74264,0.1,50,0.7433333333333333,0.0703957069398096,143,0.8166666666666667,0.8166666666666667,0.75,0.7,0.6333333333333333,0.8046383857727051,0.02143235206604004
0.3,1,7.74264,0.3,5,0.6133333333333334,0.14772346537440226,515,0.7333333333333334,0.8166666666666667,0.45,0.6166666666666667,0.45,0.9279428005218506,0.021425247192382812
0.3,1,7.74264,0.3,10,0.73,0.1347425528760516,196,0.9166666666666667,0.8166666666666667,0.75,0.5333333333333333,0.6333333333333333,0.9326864242553711,0.021417951583862303
0.3,1,7.74264,0.3,20,0.7766666666666666,0.050110987927909675,55,0.7166666666666667,0.8166666666666667,0.8333333333333333,0.7166666666666667,0.8,0.9387540340423584,0.021364116668701173
0.3,1,7.74264,0.3,50,0.7033333333333333,0.06446359868604572,337,0.7166666666666667,0.8166666666666667,0.65,0.7,0.6333333333333333,0.9601257801055908,0.021349668502807617
0.3,1,7.74264,0.5,5,0.7066666666666667,0.1098483803552272,307,0.7333333333333334,0.8166666666666667,0.8166666666666667,0.5333333333333333,0.6333333333333333,1.0202905178070067,0.02140216827392578
0.3,1,7.74264,0.5,10,0.7266666666666667,0.07859884081701063,202,0.8166666666666667,0.8166666666666667,0.65,0.7166666666666667,0.6333333333333333,1.01513729095459,0.021053600311279296
0.3,1,7.74264,0.5,20,0.7,0.11450376024878449,350,0.7166666666666667,0.6166666666666667,0.9166666666666667,0.6166666666666667,0.6333333333333333,1.0519752979278565,0.02163543701171875
0.3,1,7.74264,0.5,50,0.7433333333333334,0.0992191737742481,130,0.8,0.8166666666666667,0.75,0.8,0.55,1.067121696472168,0.021539068222045897
0.3,1,7.74264,0.7,5,0.76,0.10780641085864154,88,0.6333333333333333,0.8166666666666667,0.8166666666666667,0.9,0.6333333333333333,1.118835687637329,0.021650266647338868
0.3,1,7.74264,0.7,10,0.7666666666666667,0.07149203529842406,71,0.8166666666666667,0.8166666666666667,0.75,0.8166666666666667,0.6333333333333333,1.1272806644439697,0.02121315002441406
0.3,1,7.74264,0.7,20,0.7233333333333333,0.08981462390204985,241,0.7166666666666667,0.8166666666666667,0.8333333333333333,0.6166666666666667,0.6333333333333333,1.1267974853515625,0.02159276008605957
0.3,1,7.74264,0.7,50,0.6666666666666666,0.06324555320336757,455,0.7166666666666667,0.7166666666666667,0.65,0.7,0.55,1.1450499534606933,0.021653032302856444
0.3,1,7.74264,0.9,5,0.7766666666666666,0.092255683353987,55,0.6333333333333333,0.8166666666666667,0.8166666666666667,0.9,0.7166666666666667,1.1161628723144532,0.021357297897338867
0.3,1,7.74264,0.9,10,0.7666666666666667,0.10852547064066473,71,0.9166666666666667,0.8166666666666667,0.65,0.8166666666666667,0.6333333333333333,1.1006137371063232,0.020679569244384764
0.3,1,7.74264,0.9,20,0.7166666666666667,0.10954451150103324,277,0.7166666666666667,0.6166666666666667,0.9166666666666667,0.6166666666666667,0.7166666666666667,1.0904229640960694,0.020606851577758788
0.3,1,7.74264,0.9,50,0.7233333333333334,0.07498147919467996,215,0.7166666666666667,0.8166666666666667,0.65,0.8,0.6333333333333333,1.143181324005127,0.021386146545410156
0.3,1,27.8256,0.1,5,0.6900000000000001,0.09521904571390465,377,0.8166666666666667,0.7166666666666667,0.75,0.6166666666666667,0.55,0.7727521896362305,0.02160921096801758
0.3,1,27.8256,0.1,10,0.7133333333333334,0.139204086785474,284,0.8166666666666667,0.8166666666666667,0.8166666666666667,0.65,0.4666666666666667,0.7822402000427247,0.021502208709716798
0.3,1,27.8256,0.1,20,0.6499999999999999,0.10697871023920807,478,0.8166666666666667,0.7166666666666667,0.5666666666666667,0.5166666666666667,0.6333333333333333,0.7871382713317872,0.021265220642089844
0.3,1,27.8256,0.1,50,0.7233333333333334,0.06018490028422596,215,0.8166666666666667,0.7166666666666667,0.75,0.7,0.6333333333333333,0.7994129657745361,0.02157139778137207
0.3,1,27.8256,0.3,5,0.6900000000000001,0.09521904571390465,377,0.8166666666666667,0.7166666666666667,0.75,0.6166666666666667,0.55,0.9144861221313476,0.021282291412353514
0.3,1,27.8256,0.3,10,0.73,0.0784573486395988,196,0.8166666666666667,0.8166666666666667,0.7333333333333334,0.65,0.6333333333333333,0.9185990333557129,0.021502351760864256
0.3,1,27.8256,0.3,20,0.6833333333333333,0.10488088481701512,404,0.7166666666666667,0.7166666666666667,0.8333333333333333,0.5166666666666667,0.6333333333333333,0.9256708145141601,0.021456336975097655
0.3,1,27.8256,0.3,50,0.7200000000000001,0.01632993161855453,248,0.7166666666666667,0.7166666666666667,0.75,0.7,0.7166666666666667,0.9408731460571289,0.021451663970947266
0.3,1,27.8256,0.5,5,0.6366666666666665,0.11075498483890764,500,0.8166666666666667,0.7166666666666667,0.55,0.55,0.55,1.017067050933838,0.020608043670654295
0.3,1,27.8256,0.5,10,0.75,0.10593499054713805,105,0.9166666666666667,0.8166666666666667,0.65,0.7333333333333334,0.6333333333333333,1.0138738632202149,0.020630359649658203
0.3,1,27.8256,0.5,20,0.7033333333333334,0.07702813338860892,318,0.7166666666666667,0.7166666666666667,0.8333333333333333,0.6166666666666667,0.6333333333333333,1.033062505722046,0.020952367782592775
0.3,1,27.8256,0.5,50,0.7033333333333334,0.03858612300930076,318,0.7166666666666667,0.7166666666666667,0.75,0.7,0.6333333333333333,1.0668830394744873,0.021442317962646486
0.3,1,27.8256,0.7,5,0.6,0.14981470036162822,524,0.7333333333333334,0.8166666666666667,0.45,0.45,0.55,1.1157084465026856,0.021481895446777345
0.3,1,27.8256,0.7,10,0.7133333333333333,0.08459051693633014,290,0.8166666666666667,0.8166666666666667,0.65,0.65,0.6333333333333333,1.1177812099456788,0.0214205265045166
0.3,1,27.8256,0.7,20,0.7433333333333333,0.07348469228349533,143,0.7166666666666667,0.8166666666666667,0.8333333333333333,0.7166666666666667,0.6333333333333333,1.1246203422546386,0.021532154083251952
0.3,1,27.8256,0.7,50,0.7366666666666667,0.035590260840104394,183,0.8,0.7166666666666667,0.75,0.7,0.7166666666666667,1.1455094814300537,0.02140464782714844
0.3,1,27.8256,0.9,5,0.6966666666666667,0.12445436468396309,360,0.7333333333333334,0.8166666666666667,0.55,0.8333333333333333,0.55,1.1581554412841797,0.02146039009094238
0.3,1,27.8256,0.9,10,0.6933333333333332,0.10624918300339482,374,0.8166666666666667,0.8166666666666667,0.65,0.55,0.6333333333333333,1.1545079231262207,0.020995092391967774
0.3,1,27.8256,0.9,20,0.7433333333333333,0.07348469228349533,143,0.7166666666666667,0.8166666666666667,0.8333333333333333,0.7166666666666667,0.6333333333333333,1.1191880702972412,0.020809078216552736
0.3,1,27.8256,0.9,50,0.7200000000000001,0.04760952285695234,248,0.7166666666666667,0.7166666666666667,0.65,0.8,0.7166666666666667,1.1688389778137207,0.021523761749267577
0.3,1,100.0,0.1,5,0.6966666666666667,0.09092121131323902,360,0.8166666666666667,0.7166666666666667,0.75,0.65,0.55,0.8246029853820801,0.021436452865600586
0.3,1,100.0,0.1,10,0.7300000000000001,0.1355646627177517,192,0.8166666666666667,0.8166666666666667,0.8166666666666667,0.7333333333333334,0.4666666666666667,0.8262912273406983,0.02144594192504883
0.3,1,100.0,0.1,20,0.6666666666666666,0.09888264649460883,455,0.8166666666666667,0.7166666666666667,0.65,0.5166666666666667,0.6333333333333333,0.8301261901855469,0.021539306640625
0.3,1,100.0,0.1,50,0.7433333333333333,0.0703957069398096,143,0.8166666666666667,0.8166666666666667,0.75,0.7,0.6333333333333333,0.8465037822723389,0.02147054672241211
0.3,1,100.0,0.3,5,0.6900000000000001,0.09521904571390465,377,0.8166666666666667,0.7166666666666667,0.75,0.6166666666666667,0.55,0.8346633911132812,0.021461963653564453
0.3,1,100.0,0.3,10,0.7133333333333334,0.139204086785474,284,0.8166666666666667,0.8166666666666667,0.8166666666666667,0.65,0.4666666666666667,0.8387882709503174,0.021471166610717775
0.3,1,100.0,0.3,20,0.6499999999999999,0.10697871023920807,478,0.8166666666666667,0.7166666666666667,0.5666666666666667,0.5166666666666667,0.6333333333333333,0.8438749313354492,0.021447420120239258
0.3,1,100.0,0.3,50,0.7233333333333334,0.06018490028422596,215,0.8166666666666667,0.7166666666666667,0.75,0.7,0.6333333333333333,0.8630189895629883,0.021671819686889648
0.3,1,100.0,0.5,5,0.6900000000000001,0.09521904571390465,377,0.8166666666666667,0.7166666666666667,0.75,0.6166666666666667,0.55,0.8435891628265381,0.02095966339111328
0.3,1,100.0,0.5,10,0.7300000000000001,0.1355646627177517,192,0.8166666666666667,0.8166666666666667,0.8166666666666667,0.7333333333333334,0.4666666666666667,0.8576855182647705,0.021406126022338868
0.3,1,100.0,0.5,20,0.6833333333333333,0.12247448713915887,404,0.8166666666666667,0.6166666666666667,0.8333333333333333,0.5166666666666667,0.6333333333333333,0.8711399555206298,0.021690893173217773
0.3,1,100.0,0.5,50,0.6833333333333333,0.03496029493900506,404,0.7166666666666667,0.7166666666666667,0.65,0.7,0.6333333333333333,0.8891239166259766,0.02161993980407715
0.3,1,100.0,0.7,5,0.6900000000000001,0.09521904571390465,377,0.8166666666666667,0.7166666666666667,0.75,0.6166666666666667,0.55,0.9094303607940674,0.02135744094848633
0.3,1,100.0,0.7,10,0.7100000000000001,0.1451436070471816,294,0.8166666666666667,0.8166666666666667,0.8166666666666667,0.65,0.45,0.9148013114929199,0.021499824523925782
0.3,1,100.0,0.7,20,0.6633333333333333,0.08124038404635961,457,0.7166666666666667,0.7166666666666667,0.7333333333333334,0.5166666666666667,0.6333333333333333,0.9198615550994873,0.021609067916870117
0.3,1,100.0,0.7,50,0.7033333333333334,0.03858612300930076,318,0.7166666666666667,0.7166666666666667,0.75,0.7,0.6333333333333333,0.9408740043640137,0.021918010711669923
0.3,1,100.0,0.9,5,0.6900000000000001,0.09521904571390465,377,0.8166666666666667,0.7166666666666667,0.75,0.6166666666666667,0.55,0.9664660453796386,0.021454238891601564
0.3,1,100.0,0.9,10,0.7633333333333334,0.0725718035235908,77,0.8166666666666667,0.8166666666666667,0.8166666666666667,0.7333333333333334,0.6333333333333333,0.9695645809173584,0.021072196960449218
0.3,1,100.0,0.9,20,0.68,0.08653836657164778,429,0.7166666666666667,0.6166666666666667,0.8333333333333333,0.6,0.6333333333333333,0.9413329124450683,0.02055516242980957
0.3,1,100.0,0.9,50,0.74,0.041633319989322654,159,0.7166666666666667,0.8166666666666667,0.75,0.7,0.7166666666666667,0.9722805023193359,0.02086162567138672
0.3,5,0.001,0.1,5,0.5133333333333334,0.14772346537440226,769,0.5,0.6166666666666667,0.7166666666666667,0.45,0.2833333333333333,0.47478399276733396,0.02109208106994629
0.3,5,0.001,0.1,10,0.53,0.1723691129846386,720,0.5,0.6166666666666667,0.8,0.45,0.2833333333333333,0.4933315753936768,0.02141737937927246
0.3,5,0.001,0.1,20,0.5,0.09718253158075502,785,0.5,0.65,0.5333333333333333,0.35,0.4666666666666667,0.4782588005065918,0.02121291160583496
0.3,5,0.001,0.1,50,0.5333333333333333,0.10434983894999018,704,0.4166666666666667,0.7166666666666667,0.55,0.45,0.5333333333333333,0.4911506175994873,0.021146488189697266
0.3,5,0.001,0.3,5,0.5133333333333334,0.14772346537440226,769,0.5,0.6166666666666667,0.7166666666666667,0.45,0.2833333333333333,0.46944804191589357,0.021024084091186522
0.3,5,0.001,0.3,10,0.53,0.1723691129846386,720,0.5,0.6166666666666667,0.8,0.45,0.2833333333333333,0.47281723022460936,0.021111536026000976
0.3,5,0.001,0.3,20,0.5,0.09718253158075502,785,0.5,0.65,0.5333333333333333,0.35,0.4666666666666667,0.4782709121704102,0.02128753662109375
0.3,5,0.001,0.3,50,0.5333333333333333,0.10434983894999018,704,0.4166666666666667,0.7166666666666667,0.55,0.45,0.5333333333333333,0.4922185897827148,0.021215057373046874
0.3,5,0.001,0.5,5,0.5133333333333334,0.14772346537440226,769,0.5,0.6166666666666667,0.7166666666666667,0.45,0.2833333333333333,0.4759334087371826,0.020867252349853517
0.3,5,0.001,0.5,10,0.53,0.1723691129846386,720,0.5,0.6166666666666667,0.8,0.45,0.2833333333333333,0.47484736442565917,0.021184539794921874
0.3,5,0.001,0.5,20,0.5,0.09718253158075502,785,0.5,0.65,0.5333333333333333,0.35,0.4666666666666667,0.47902770042419435,0.02103414535522461
0.3,5,0.001,0.5,50,0.5333333333333333,0.10434983894999018,704,0.4166666666666667,0.7166666666666667,0.55,0.45,0.5333333333333333,0.49068665504455566,0.021109247207641603
0.3,5,0.001,0.7,5,0.5133333333333334,0.14772346537440226,769,0.5,0.6166666666666667,0.7166666666666667,0.45,0.2833333333333333,0.4702619075775146,0.021121835708618163
0.3,5,0.001,0.7,10,0.53,0.1723691129846386,720,0.5,0.6166666666666667,0.8,0.45,0.2833333333333333,0.47196245193481445,0.021085500717163086
0.3,5,0.001,0.7,20,0.5,0.09718253158075502,785,0.5,0.65,0.5333333333333333,0.35,0.4666666666666667,0.47847962379455566,0.02105860710144043
0.3,5,0.001,0.7,50,0.5333333333333333,0.10434983894999018,704,0.4166666666666667,0.7166666666666667,0.55,0.45,0.5333333333333333,0.490875244140625,0.021172285079956055
0.3,5,0.001,0.9,5,0.5133333333333334,0.14772346537440226,769,0.5,0.6166666666666667,0.7166666666666667,0.45,0.2833333333333333,0.4704010009765625,0.021013689041137696
0.3,5,0.001,0.9,10,0.53,0.1723691129846386,720,0.5,0.6166666666666667,0.8,0.45,0.2833333333333333,0.4627989768981934,0.020416402816772462
0.3,5,0.001,0.9,20,0.5,0.09718253158075502,785,0.5,0.65,0.5333333333333333,0.35,0.4666666666666667,0.4610942840576172,0.020313024520874023
0.3,5,0.001,0.9,50,0.5333333333333333,0.10434983894999018,704,0.4166666666666667,0.7166666666666667,0.55,0.45,0.5333333333333333,0.4765268325805664,0.020654964447021484
0.3,5,0.00359381,0.1,5,0.5133333333333334,0.14772346537440226,769,0.5,0.6166666666666667,0.7166666666666667,0.45,0.2833333333333333,0.467786979675293,0.020625877380371093
0.3,5,0.00359381,0.1,10,0.53,0.1723691129846386,720,0.5,0.6166666666666667,0.8,0.45,0.2833333333333333,0.4735695838928223,0.021000051498413087
0.3,5,0.00359381,0.1,20,0.5,0.09718253158075502,785,0.5,0.65,0.5333333333333333,0.35,0.4666666666666667,0.4790949821472168,0.021389532089233398
0.3,5,0.00359381,0.1,50,0.5333333333333333,0.10434983894999018,704,0.4166666666666667,0.7166666666666667,0.55,0.45,0.5333333333333333,0.4897933483123779,0.021490144729614257
0.3,5,0.00359381,0.3,5,0.5133333333333334,0.14772346537440226,769,0.5,0.6166666666666667,0.7166666666666667,0.45,0.2833333333333333,0.4704404354095459,0.021020174026489258
0.3,5,0.00359381,0.3,10,0.53,0.1723691129846386,720,0.5,0.6166666666666667,0.8,0.45,0.2833333333333333,0.4740561008453369,0.02130117416381836
0.3,5,0.00359381,0.3,20,0.5,0.09718253158075502,785,0.5,0.65,0.5333333333333333,0.35,0.4666666666666667,0.4797471523284912,0.020975255966186525
0.3,5,0.00359381,0.3,50,0.5333333333333333,0.10434983894999018,704,0.4166666666666667,0.7166666666666667,0.55,0.45,0.5333333333333333,0.4915229320526123,0.021217536926269532
0.3,5,0.00359381,0.5,5,0.5133333333333334,0.14772346537440226,769,0.5,0.6166666666666667,0.7166666666666667,0.45,0.2833333333333333,0.4704734325408936,0.02121119499206543
0.3,5,0.00359381,0.5,10,0.53,0.1723691129846386,720,0.5,0.6166666666666667,0.8,0.45,0.2833333333333333,0.4734659671783447,0.021110725402832032
0.3,5,0.00359381,0.5,20,0.5,0.09718253158075502,785,0.5,0.65,0.5333333333333333,0.35,0.4666666666666667,0.4782862186431885,0.02124643325805664
0.3,5,0.00359381,0.5,50,0.5333333333333333,0.10434983894999018,704,0.4166666666666667,0.7166666666666667,0.55,0.45,0.5333333333333333,0.49324703216552734,0.021113109588623048
0.3,5,0.00359381,0.7,5,0.5133333333333334,0.14772346537440226,769,0.5,0.6166666666666667,0.7166666666666667,0.45,0.2833333333333333,0.4727363586425781,0.021018075942993163
0.3,5,0.00359381,0.7,10,0.53,0.1723691129846386,720,0.5,0.6166666666666667,0.8,0.45,0.2833333333333333,0.47222084999084474,0.0210878849029541
0.3,5,0.00359381,0.7,20,0.5,0.09718253158075502,785,0.5,0.65,0.5333333333333333,0.35,0.4666666666666667,0.4806682109832764,0.021120691299438478
0.3,5,0.00359381,0.7,50,0.5333333333333333,0.10434983894999018,704,0.4166666666666667,0.7166666666666667,0.55,0.45,0.5333333333333333,0.49115643501281736,0.021306514739990234
0.3,5,0.00359381,0.9,5,0.5133333333333334,0.14772346537440226,769,0.5,0.6166666666666667,0.7166666666666667,0.45,0.2833333333333333,0.4691341400146484,0.020988988876342773
0.3,5,0.00359381,0.9,10,0.53,0.1723691129846386,720,0.5,0.6166666666666667,0.8,0.45,0.2833333333333333,0.4536780834197998,0.02037844657897949
0.3,5,0.00359381,0.9,20,0.5,0.09718253158075502,785,0.5,0.65,0.5333333333333333,0.35,0.4666666666666667,0.4640392303466797,0.020559310913085938
0.3,5,0.00359381,0.9,50,0.5333333333333333,0.10434983894999018,704,0.4166666666666667,0.7166666666666667,0.55,0.45,0.5333333333333333,0.4775068759918213,0.020630884170532226
0.3,5,0.0129155,0.1,5,0.5866666666666667,0.09153020145163988,612,0.7333333333333334,0.6166666666666667,0.4666666666666667,0.5166666666666667,0.6,0.47768387794494627,0.021274089813232422
0.3,5,0.0129155,0.1,10,0.6599999999999999,0.14929463784372457,470,0.8166666666666667,0.43333333333333335,0.8333333333333333,0.6,0.6166666666666667,0.4848481178283691,0.020900678634643555
0.3,5,0.0129155,0.1,20,0.6399999999999999,0.07118052168020872,495,0.7166666666666667,0.5166666666666667,0.65,0.7,0.6166666666666667,0.4908639907836914,0.021198081970214843
0.3,5,0.0129155,0.1,50,0.6366666666666667,0.11709445380166865,497,0.6166666666666667,0.7166666666666667,0.7333333333333334,0.4166666666666667,0.7,0.5007082462310791,0.021265745162963867
0.3,5,0.0129155,0.3,5,0.5133333333333334,0.14772346537440226,769,0.5,0.6166666666666667,0.7166666666666667,0.45,0.2833333333333333,0.4701124668121338,0.021257448196411132
0.3,5,0.0129155,0.3,10,0.53,0.1723691129846386,720,0.5,0.6166666666666667,0.8,0.45,0.2833333333333333,0.4742880344390869,0.021253347396850586
0.3,5,0.0129155,0.3,20,0.5,0.09718253158075502,785,0.5,0.65,0.5333333333333333,0.35,0.4666666666666667,0.47890758514404297,0.021128129959106446
0.3,5,0.0129155,0.3,50,0.5333333333333333,0.10434983894999018,704,0.4166666666666667,0.7166666666666667,0.55,0.45,0.5333333333333333,0.49268879890441897,0.021250486373901367
0.3,5,0.0129155,0.5,5,0.5133333333333334,0.14772346537440226,769,0.5,0.6166666666666667,0.7166666666666667,0.45,0.2833333333333333,0.4715843677520752,0.021287250518798827
0.3,5,0.0129155,0.5,10,0.53,0.1723691129846386,720,0.5,0.6166666666666667,0.8,0.45,0.2833333333333333,0.47390356063842776,0.02119579315185547
0.3,5,0.0129155,0.5,20,0.5,0.09718253158075502,785,0.5,0.65,0.5333333333333333,0.35,0.4666666666666667,0.4811246395111084,0.02132701873779297
0.3,5,0.0129155,0.5,50,0.5333333333333333,0.10434983894999018,704,0.4166666666666667,0.7166666666666667,0.55,0.45,0.5333333333333333,0.49097247123718263,0.021259307861328125
0.3,5,0.0129155,0.7,5,0.5133333333333334,0.14772346537440226,769,0.5,0.6166666666666667,0.7166666666666667,0.45,0.2833333333333333,0.4746133804321289,0.021387529373168946
0.3,5,0.0129155,0.7,10,0.53,0.1723691129846386,720,0.5,0.6166666666666667,0.8,0.45,0.2833333333333333,0.4719398021697998,0.021145391464233398
0.3,5,0.0129155,0.7,20,0.5,0.09718253158075502,785,0.5,0.65,0.5333333333333333,0.35,0.4666666666666667,0.4775876522064209,0.02128291130065918
0.3,5,0.0129155,0.7,50,0.5333333333333333,0.10434983894999018,704,0.4166666666666667,0.7166666666666667,0.55,0.45,0.5333333333333333,0.4902344703674316,0.021188879013061525
0.3,5,0.0129155,0.9,5,0.5133333333333334,0.14772346537440226,769,0.5,0.6166666666666667,0.7166666666666667,0.45,0.2833333333333333,0.4694580078125,0.02116713523864746
0.3,5,0.0129155,0.9,10,0.53,0.1723691129846386,720,0.5,0.6166666666666667,0.8,0.45,0.2833333333333333,0.4723937511444092,0.0211392879486084
0.3,5,0.0129155,0.9,20,0.5,0.09718253158075502,785,0.5,0.65,0.5333333333333333,0.35,0.4666666666666667,0.4653622627258301,0.020759725570678712
0.3,5,0.0129155,0.9,50,0.5333333333333333,0.10434983894999018,704,0.4166666666666667,0.7166666666666667,0.55,0.45,0.5333333333333333,0.47899532318115234,0.02052469253540039
0.3,5,0.0464159,0.1,5,0.6900000000000001,0.0703957069398096,377,0.6333333333333333,0.8166666666666667,0.65,0.7166666666666667,0.6333333333333333,0.49116082191467286,0.02099151611328125
0.3,5,0.0464159,0.1,10,0.6266666666666666,0.13727506854649332,508,0.8166666666666667,0.7166666666666667,0.65,0.43333333333333335,0.5166666666666667,0.4949952125549316,0.02113518714904785
0.3,5,0.0464159,0.1,20,0.74,0.07118052168020873,159,0.8166666666666667,0.7166666666666667,0.75,0.8,0.6166666666666667,0.4999699115753174,0.02127108573913574
0.3,5,0.0464159,0.1,50,0.7733333333333334,0.0793025150224688,61,0.7166666666666667,0.9,0.8333333333333333,0.7,0.7166666666666667,0.5123010635375976,0.02123575210571289
0.3,5,0.0464159,0.3,5,0.6433333333333333,0.0873053390247253,488,0.7333333333333334,0.6,0.75,0.5166666666666667,0.6166666666666667,0.4924673557281494,0.021080207824707032
0.3,5,0.0464159,0.3,10,0.61,0.11382247385975915,519,0.8166666666666667,0.5166666666666667,0.65,0.5333333333333333,0.5333333333333333,0.4969663619995117,0.021148300170898436
0.3,5,0.0464159,0.3,20,0.6266666666666666,0.13232955494186138,508,0.8166666666666667,0.7166666666666667,0.55,0.6166666666666667,0.43333333333333335,0.5018311023712159,0.021381235122680663
0.3,5,0.0464159,0.3,50,0.6633333333333333,0.04521553322083511,457,0.7166666666666667,0.7166666666666667,0.65,0.6166666666666667,0.6166666666666667,0.512301254272461,0.021204519271850585
0.3,5,0.0464159,0.5,5,0.53,0.10456258094238748,720,0.5,0.6333333333333333,0.6333333333333333,0.35,0.5333333333333333,0.48578310012817383,0.021018171310424806
0.3,5,0.0464159,0.5,10,0.5833333333333334,0.11254628677422755,613,0.5,0.7333333333333334,0.5333333333333333,0.45,0.7,0.4892879962921143,0.021163082122802733
0.3,5,0.0464159,0.5,20,0.58,0.0755718936583642,616,0.5,0.6333333333333333,0.55,0.7,0.5166666666666667,0.49435715675354003,0.02121868133544922
0.3,5,0.0464159,0.5,50,0.5766666666666668,0.11575836902790225,617,0.4166666666666667,0.7166666666666667,0.55,0.5,0.7,0.5044768333435059,0.021303606033325196
0.3,5,0.0464159,0.7,5,0.5133333333333334,0.14772346537440226,769,0.5,0.6166666666666667,0.7166666666666667,0.45,0.2833333333333333,0.4722453117370605,0.021216535568237306
0.3,5,0.0464159,0.7,10,0.53,0.1723691129846386,720,0.5,0.6166666666666667,0.8,0.45,0.2833333333333333,0.4752331256866455,0.02101554870605469
0.3,5,0.0464159,0.7,20,0.5,0.09718253158075502,785,0.5,0.65,0.5333333333333333,0.35,0.4666666666666667,0.48082990646362306,0.021054458618164063
0.3,5,0.0464159,0.7,50,0.5333333333333333,0.10434983894999018,704,0.4166666666666667,0.7166666666666667,0.55,0.45,0.5333333333333333,0.4970993518829346,0.021196794509887696
0.3,5,0.0464159,0.9,5,0.5133333333333334,0.14772346537440226,769,0.5,0.6166666666666667,0.7166666666666667,0.45,0.2833333333333333,0.460081672668457,0.020458412170410157
0.3,5,0.0464159,0.9,10,0.53,0.1723691129846386,720,0.5,0.6166666666666667,0.8,0.45,0.2833333333333333,0.4687490940093994,0.020814990997314452
0.3,5,0.0464159,0.9,20,0.5,0.09718253158075502,785,0.5,0.65,0.5333333333333333,0.35,0.4666666666666667,0.46346478462219237,0.020334148406982423
0.3,5,0.0464159,0.9,50,0.5333333333333333,0.10434983894999018,704,0.4166666666666667,0.7166666666666667,0.55,0.45,0.5333333333333333,0.48906798362731935,0.021057987213134767
0.3,5,0.16681,0.1,5,0.7433333333333334,0.09104333522498445,130,0.7333333333333334,0.9166666666666667,0.65,0.7166666666666667,0.7,0.524116039276123,0.021199798583984374
0.3,5,0.16681,0.1,10,0.7433333333333333,0.13727506854649335,143,0.8166666666666667,0.9166666666666667,0.55,0.8166666666666667,0.6166666666666667,0.5266472339630127,0.02120656967163086
0.3,5,0.16681,0.1,20,0.6799999999999999,0.10666666666666662,435,0.7166666666666667,0.7166666666666667,0.8333333333333333,0.5166666666666667,0.6166666666666667,0.5314782142639161,0.02119441032409668
0.3,5,0.16681,0.1,50,0.7033333333333334,0.07702813338860892,318,0.7166666666666667,0.7166666666666667,0.8333333333333333,0.6166666666666667,0.6333333333333333,0.5448459625244141,0.02124018669128418
0.3,5,0.16681,0.3,5,0.6900000000000001,0.0703957069398096,377,0.6333333333333333,0.8166666666666667,0.65,0.7166666666666667,0.6333333333333333,0.5298511505126953,0.021239852905273436
0.3,5,0.16681,0.3,10,0.76,0.09521904571390469,88,0.8166666666666667,0.9166666666666667,0.65,0.7166666666666667,0.7,0.5330287933349609,0.021349334716796876
0.3,5,0.16681,0.3,20,0.7433333333333334,0.07423685817106694,130,0.8166666666666667,0.8166666666666667,0.75,0.7166666666666667,0.6166666666666667,0.5368688583374024,0.02117948532104492
0.3,5,0.16681,0.3,50,0.6833333333333333,0.04830458915396481,404,0.7166666666666667,0.7166666666666667,0.7333333333333334,0.6166666666666667,0.6333333333333333,0.5480104923248291,0.02115187644958496
0.3,5,0.16681,0.5,5,0.61,0.047842333648024385,519,0.6333333333333333,0.5166666666666667,0.65,0.6166666666666667,0.6333333333333333,0.5311770915985108,0.02105402946472168
0.3,5,0.16681,0.5,10,0.6433333333333333,0.09752492558885192,488,0.6166666666666667,0.8166666666666667,0.65,0.5166666666666667,0.6166666666666667,0.5352803707122803,0.02141251564025879
0.3,5,0.16681,0.5,20,0.74,0.07571877794400364,159,0.8166666666666667,0.8166666666666667,0.75,0.7,0.6166666666666667,0.5405367851257324,0.021300697326660158
0.3,5,0.16681,0.5,50,0.7366666666666667,0.04136557881996952,183,0.8166666666666667,0.7166666666666667,0.7333333333333334,0.7,0.7166666666666667,0.5508552074432373,0.021435642242431642
0.3,5,0.16681,0.7,5,0.6166666666666667,0.13743685418725538,513,0.7333333333333334,0.7,0.6666666666666666,0.35,0.6333333333333333,0.5288903713226318,0.021137762069702148
0.3,5,0.16681,0.7,10,0.6966666666666667,0.0725718035235908,360,0.6166666666666667,0.8,0.75,0.6166666666666667,0.7,0.5348286151885986,0.021259880065917967
0.3,5,0.16681,0.7,20,0.7000000000000001,0.04472135954999579,343,0.7166666666666667,0.7166666666666667,0.75,0.7,0.6166666666666667,0.532588005065918,0.020731067657470702
0.3,5,0.16681,0.7,50,0.6966666666666668,0.04136557881996952,358,0.7166666666666667,0.7166666666666667,0.7333333333333334,0.7,0.6166666666666667,0.5289398670196533,0.022310924530029298
0.3,5,0.16681,0.9,5,0.6866666666666668,0.04136557881996953,391,0.7333333333333334,0.7,0.6666666666666666,0.7166666666666667,0.6166666666666667,0.5176539421081543,0.02043428421020508
0.3,5,0.16681,0.9,10,0.74,0.08205689083394116,159,0.7166666666666667,0.9,0.6666666666666666,0.7166666666666667,0.7,0.5197705268859864,0.02057933807373047
0.3,5,0.16681,0.9,20,0.7000000000000001,0.07745966692414832,343,0.6166666666666667,0.8166666666666667,0.75,0.7,0.6166666666666667,0.542004919052124,0.02133793830871582
0.3,5,0.16681,0.9,50,0.6766666666666667,0.08472176684759222,440,0.6166666666666667,0.8166666666666667,0.7333333333333334,0.6,0.6166666666666667,0.5555732727050782,0.02121453285217285
0.3,5,0.599484,0.1,5,0.78,0.09451631252505219,31,0.8166666666666667,0.9166666666666667,0.65,0.8166666666666667,0.7,0.5933187007904053,0.02111372947692871
0.3,5,0.599484,0.1,10,0.7466666666666667,0.10974718422102886,108,0.8166666666666667,0.9166666666666667,0.65,0.7333333333333334,0.6166666666666667,0.5950486660003662,0.021266937255859375
0.3,5,0.599484,0.1,20,0.74,0.10088497300281034,159,0.8166666666666667,0.8166666666666667,0.8333333333333333,0.6166666666666667,0.6166666666666667,0.6002226829528808,0.021144914627075195
0.3,5,0.599484,0.1,50,0.7033333333333334,0.03858612300930076,318,0.7166666666666667,0.7166666666666667,0.75,0.7,0.6333333333333333,0.6108458995819092,0.021181917190551756
0.3,5,0.599484,0.3,5,0.74,0.09463379711052264,159,0.6333333333333333,0.9166666666666667,0.7333333333333334,0.7166666666666667,0.7,0.6189383029937744,0.021294832229614258
0.3,5,0.599484,0.3,10,0.7466666666666667,0.13678856352455462,108,0.8166666666666667,0.9166666666666667,0.65,0.8166666666666667,0.5333333333333333,0.6225276470184327,0.02129530906677246
0.3,5,0.599484,0.3,20,0.72,0.06863753427324663,252,0.7166666666666667,0.7166666666666667,0.8333333333333333,0.7166666666666667,0.6166666666666667,0.6268740177154541,0.021213579177856445
0.3,5,0.599484,0.3,50,0.7366666666666666,0.06699917080747261,187,0.8166666666666667,0.8,0.7333333333333334,0.7,0.6333333333333333,0.6374052047729493,0.021291589736938475
0.3,5,0.599484,0.5,5,0.74,0.09463379711052264,159,0.6333333333333333,0.9166666666666667,0.7333333333333334,0.7166666666666667,0.7,0.6308766365051269,0.02114109992980957
0.3,5,0.599484,0.5,10,0.7966666666666666,0.10614455552060441,20,0.8166666666666667,0.9166666666666667,0.65,0.9,0.7,0.6429644584655761,0.02135462760925293
0.3,5,0.599484,0.5,20,0.7066666666666667,0.10728984626287387,307,0.8166666666666667,0.8166666666666667,0.65,0.7166666666666667,0.5333333333333333,0.636433744430542,0.021347236633300782
0.3,5,0.599484,0.5,50,0.7233333333333333,0.08981462390204985,241,0.7166666666666667,0.8166666666666667,0.8333333333333333,0.6166666666666667,0.6333333333333333,0.6281383037567139,0.020330095291137697
0.3,5,0.599484,0.7,5,0.7766666666666667,0.09921917377424815,53,0.6333333333333333,0.8166666666666667,0.9166666666666667,0.8166666666666667,0.7,0.6443992614746094,0.020523643493652342
0.3,5,0.599484,0.7,10,0.72,0.07916228058025278,252,0.7166666666666667,0.8166666666666667,0.65,0.8,0.6166666666666667,0.6479584217071533,0.020679283142089843
0.3,5,0.599484,0.7,20,0.7066666666666667,0.10728984626287387,307,0.8166666666666667,0.8166666666666667,0.65,0.7166666666666667,0.5333333333333333,0.6724560737609864,0.021183061599731445
0.3,5,0.599484,0.7,50,0.7066666666666668,0.0992191737742481,304,0.8166666666666667,0.8166666666666667,0.5666666666666667,0.7,0.6333333333333333,0.6814364910125732,0.021211624145507812
0.3,5,0.599484,0.9,5,0.74,0.07498147919467994,159,0.6333333333333333,0.8166666666666667,0.8333333333333333,0.7166666666666667,0.7,0.6750833988189697,0.02141408920288086
0.3,5,0.599484,0.9,10,0.6100000000000001,0.1083205120618128,517,0.7166666666666667,0.7166666666666667,0.65,0.5166666666666667,0.45,0.6867571830749511,0.021289539337158204
0.3,5,0.599484,0.9,20,0.7566666666666666,0.080691456246068,101,0.7166666666666667,0.8166666666666667,0.8333333333333333,0.8,0.6166666666666667,0.6891013622283936,0.021090888977050783
0.3,5,0.599484,0.9,50,0.6433333333333333,0.11085526098877259,488,0.5166666666666667,0.8166666666666667,0.65,0.7,0.5333333333333333,0.6949247360229492,0.021264362335205077
0.3,5,2.15443,0.1,5,0.71,0.14929463784372463,299,0.8166666666666667,0.9166666666666667,0.55,0.7333333333333334,0.5333333333333333,0.7019462585449219,0.02122220993041992
0.3,5,2.15443,0.1,10,0.7466666666666667,0.10974718422102886,108,0.8166666666666667,0.9166666666666667,0.65,0.7333333333333334,0.6166666666666667,0.7028887271881104,0.021276473999023438
0.3,5,2.15443,0.1,20,0.72,0.0933333333333333,252,0.7166666666666667,0.8166666666666667,0.8333333333333333,0.6166666666666667,0.6166666666666667,0.7086309432983399,0.021423721313476564
0.3,5,2.15443,0.1,50,0.6866666666666666,0.032317865716108875,401,0.7166666666666667,0.7166666666666667,0.6666666666666666,0.7,0.6333333333333333,0.7180811405181885,0.02126345634460449
0.3,5,2.15443,0.3,5,0.7066666666666667,0.12498888839501786,307,0.7333333333333334,0.9166666666666667,0.65,0.5333333333333333,0.7,0.7653457164764405,0.021184778213500975
0.3,5,2.15443,0.3,10,0.78,0.09451631252505219,31,0.8166666666666667,0.9166666666666667,0.65,0.8166666666666667,0.7,0.7533724784851075,0.020683765411376953
0.3,5,2.15443,0.3,20,0.7433333333333334,0.11575836902790225,130,0.7166666666666667,0.9166666666666667,0.8333333333333333,0.6333333333333333,0.6166666666666667,0.755257511138916,0.0207918643951416
0.3,5,2.15443,0.3,50,0.6833333333333333,0.0960324019392529,404,0.7166666666666667,0.8,0.75,0.6166666666666667,0.5333333333333333,0.7861133098602295,0.021438455581665038
0.3,5,2.15443,0.5,5,0.7766666666666667,0.08472176684759225,53,0.8333333333333333,0.9166666666666667,0.7166666666666667,0.7166666666666667,0.7,0.819158411026001,0.021320056915283204
0.3,5,2.15443,0.5,10,0.78,0.09451631252505219,31,0.8166666666666667,0.9166666666666667,0.65,0.8166666666666667,0.7,0.8247720241546631,0.02131519317626953
0.3,5,2.15443,0.5,20,0.7033333333333334,0.04521553322083511,318,0.7166666666666667,0.7166666666666667,0.75,0.7166666666666667,0.6166666666666667,0.8306778907775879,0.02139625549316406
0.3,5,2.15443,0.5,50,0.72,0.05906681715556451,252,0.8166666666666667,0.7166666666666667,0.7333333333333334,0.7,0.6333333333333333,0.841292428970337,0.02149190902709961
0.3,5,2.15443,0.7,5,0.7533333333333333,0.09741092797468309,104,0.6333333333333333,0.9166666666666667,0.7166666666666667,0.8,0.7,0.8543211460113526,0.021188879013061525
0.3,5,2.15443,0.7,10,0.7233333333333334,0.0793025150224688,215,0.6333333333333333,0.8166666666666667,0.65,0.8166666666666667,0.7,0.8555800437927246,0.02113480567932129
0.3,5,2.15443,0.7,20,0.7100000000000001,0.13564659966250536,294,0.8166666666666667,0.8166666666666667,0.75,0.7166666666666667,0.45,0.8602888107299804,0.021306324005126952
0.3,5,2.15443,0.7,50,0.72,0.07916228058025278,252,0.7166666666666667,0.8166666666666667,0.65,0.8,0.6166666666666667,0.8706907272338867,0.021212100982666016
0.3,5,2.15443,0.9,5,0.7933333333333333,0.11382247385975919,28,0.6333333333333333,0.9166666666666667,0.9166666666666667,0.8,0.7,0.9771466732025147,0.020513200759887697
0.3,5,2.15443,0.9,10,0.7033333333333334,0.0865383665716478,318,0.6333333333333333,0.8166666666666667,0.65,0.8,0.6166666666666667,0.9795008659362793,0.02065587043762207
0.3,5,2.15443,0.9,20,0.7066666666666667,0.142828568570857,307,0.8166666666666667,0.8166666666666667,0.65,0.8,0.45,1.0079086303710938,0.021372509002685548
0.3,5,2.15443,0.9,50,0.6633333333333333,0.07702813338860896,457,0.7166666666666667,0.7166666666666667,0.7333333333333334,0.6166666666666667,0.5333333333333333,1.0166965484619142,0.0214566707611084
0.3,5,7.74264,0.1,5,0.8,0.14063348739819329,11,0.8166666666666667,0.9166666666666667,0.9166666666666667,0.8166666666666667,0.5333333333333333,0.7692511558532715,0.021211767196655275
0.3,5,7.74264,0.1,10,0.71,0.12498888839501786,299,0.7166666666666667,0.9166666666666667,0.7333333333333334,0.65,0.5333333333333333,0.7772782325744629,0.021263742446899415
0.3,5,7.74264,0.1,20,0.7033333333333333,0.11518101695447328,337,0.8166666666666667,0.7166666666666667,0.8333333333333333,0.6166666666666667,0.5333333333333333,0.7800081729888916,0.021219301223754882
0.3,5,7.74264,0.1,50,0.7233333333333334,0.06018490028422596,215,0.8166666666666667,0.7166666666666667,0.75,0.7,0.6333333333333333,0.7877381324768067,0.021468162536621094
0.3,5,7.74264,0.3,5,0.7066666666666667,0.14892205269125786,307,0.8166666666666667,0.9166666666666667,0.55,0.7166666666666667,0.5333333333333333,0.9241087913513184,0.021241235733032226
0.3,5,7.74264,0.3,10,0.7266666666666667,0.11907047399661169,202,0.8166666666666667,0.9166666666666667,0.65,0.6333333333333333,0.6166666666666667,0.9258685111999512,0.022649717330932618
0.3,5,7.74264,0.3,20,0.78,0.10349449797506682,31,0.8166666666666667,0.9166666666666667,0.8333333333333333,0.7166666666666667,0.6166666666666667,0.9272646903991699,0.021286964416503906
0.3,5,7.74264,0.3,50,0.7233333333333334,0.0793025150224688,215,0.8166666666666667,0.8166666666666667,0.65,0.7,0.6333333333333333,0.9185139179229737,0.02061805725097656
0.3,5,7.74264,0.5,5,0.7233333333333334,0.13441230102437304,215,0.8166666666666667,0.9166666666666667,0.7166666666666667,0.6333333333333333,0.5333333333333333,1.0296668529510498,0.02113819122314453
0.3,5,7.74264,0.5,10,0.7266666666666667,0.11907047399661169,202,0.8166666666666667,0.9166666666666667,0.65,0.6333333333333333,0.6166666666666667,1.0412144660949707,0.02357206344604492
0.3,5,7.74264,0.5,20,0.7633333333333333,0.11803954139750515,79,0.8166666666666667,0.9166666666666667,0.8333333333333333,0.6333333333333333,0.6166666666666667,1.0381551265716553,0.02158379554748535
0.3,5,7.74264,0.5,50,0.74,0.06200358412579427,159,0.7166666666666667,0.8,0.75,0.8,0.6333333333333333,1.0542572021484375,0.021137714385986328
0.3,5,7.74264,0.7,5,0.7033333333333334,0.12622730819174327,318,0.6333333333333333,0.9166666666666667,0.7166666666666667,0.7166666666666667,0.5333333333333333,1.110097312927246,0.02110466957092285
0.3,5,7.74264,0.7,10,0.7833333333333333,0.12823589374447564,29,0.9166666666666667,0.9166666666666667,0.65,0.8166666666666667,0.6166666666666667,1.1129006385803222,0.021175432205200195
0.3,5,7.74264,0.7,20,0.74,0.07859884081701062,159,0.7166666666666667,0.8166666666666667,0.8333333333333333,0.7166666666666667,0.6166666666666667,1.1170050144195556,0.02133774757385254
0.3,5,7.74264,0.7,50,0.7033333333333334,0.0725718035235908,318,0.7166666666666667,0.8166666666666667,0.7333333333333334,0.6166666666666667,0.6333333333333333,1.1067946434020997,0.02091226577758789
0.3,5,7.74264,0.9,5,0.7366666666666667,0.09510228411791406,183,0.6333333333333333,0.9166666666666667,0.7166666666666667,0.7166666666666667,0.7,1.069854974746704,0.020410966873168946
0.3,5,7.74264,0.9,10,0.78,0.09451631252505219,31,0.8166666666666667,0.9166666666666667,0.65,0.8166666666666667,0.7,1.0991097927093505,0.02119588851928711
0.3,5,7.74264,0.9,20,0.7233333333333334,0.0646357314322177,215,0.7166666666666667,0.8166666666666667,0.75,0.7166666666666667,0.6166666666666667,1.1188968181610108,0.021216964721679686
0.3,5,7.74264,0.9,50,0.7066666666666668,0.038873012632302015,304,0.7166666666666667,0.7166666666666667,0.75,0.7166666666666667,0.6333333333333333,1.1417443752288818,0.021312189102172852
0.3,5,27.8256,0.1,5,0.8,0.14063348739819329,11,0.8166666666666667,0.9166666666666667,0.9166666666666667,0.8166666666666667,0.5333333333333333,0.7617955684661866,0.021291637420654298
0.3,5,27.8256,0.1,10,0.6733333333333333,0.15040685563571304,442,0.7166666666666667,0.9166666666666667,0.6333333333333333,0.65,0.45,0.765674352645874,0.021435308456420898
0.3,5,27.8256,0.1,20,0.72,0.0933333333333333,252,0.8166666666666667,0.7166666666666667,0.8333333333333333,0.6166666666666667,0.6166666666666667,0.7715658187866211,0.02116837501525879
0.3,5,27.8256,0.1,50,0.7433333333333333,0.0703957069398096,143,0.8166666666666667,0.8166666666666667,0.75,0.7,0.6333333333333333,0.7869184017181396,0.021146011352539063
0.3,5,27.8256,0.3,5,0.8,0.14063348739819329,11,0.8166666666666667,0.9166666666666667,0.9166666666666667,0.8166666666666667,0.5333333333333333,0.9049654960632324,0.02115936279296875
0.3,5,27.8256,0.3,10,0.7266666666666667,0.12138094304022086,202,0.7166666666666667,0.9166666666666667,0.7333333333333334,0.7333333333333334,0.5333333333333333,0.906911039352417,0.021331119537353515
0.3,5,27.8256,0.3,20,0.72,0.1071862346054235,252,0.8166666666666667,0.7166666666666667,0.8333333333333333,0.7,0.5333333333333333,0.8906690597534179,0.02050814628601074
0.3,5,27.8256,0.3,50,0.7233333333333334,0.06018490028422596,215,0.7166666666666667,0.8166666666666667,0.75,0.7,0.6333333333333333,0.889409351348877,0.020261383056640624
0.3,5,27.8256,0.5,5,0.71,0.14929463784372463,299,0.8166666666666667,0.9166666666666667,0.55,0.7333333333333334,0.5333333333333333,1.0050818920135498,0.020545244216918945
0.3,5,27.8256,0.5,10,0.7466666666666667,0.10974718422102886,108,0.8166666666666667,0.9166666666666667,0.65,0.7333333333333334,0.6166666666666667,1.0334475994110108,0.021149969100952147
0.3,5,27.8256,0.5,20,0.7433333333333334,0.1293573860795484,130,0.7166666666666667,0.9166666666666667,0.8333333333333333,0.7166666666666667,0.5333333333333333,1.0369946956634521,0.02131762504577637
0.3,5,27.8256,0.5,50,0.7433333333333333,0.0703957069398096,143,0.8166666666666667,0.8166666666666667,0.75,0.7,0.6333333333333333,1.047699213027954,0.021494483947753905
0.3,5,27.8256,0.7,5,0.6933333333333332,0.15040685563571304,374,0.8166666666666667,0.9166666666666667,0.55,0.65,0.5333333333333333,1.106442928314209,0.021176815032958984
0.3,5,27.8256,0.7,10,0.7466666666666667,0.10974718422102886,108,0.8166666666666667,0.9166666666666667,0.65,0.7333333333333334,0.6166666666666667,1.106522560119629,0.021320009231567384
0.3,5,27.8256,0.7,20,0.7266666666666667,0.12138094304022082,202,0.8166666666666667,0.8166666666666667,0.8333333333333333,0.6333333333333333,0.5333333333333333,1.1108049869537353,0.02139596939086914
0.3,5,27.8256,0.7,50,0.74,0.0703957069398096,159,0.8166666666666667,0.8166666666666667,0.7333333333333334,0.7,0.6333333333333333,1.1230268478393555,0.021178579330444335
0.3,5,27.8256,0.9,5,0.71,0.13767917618708925,299,0.8166666666666667,0.9166666666666667,0.65,0.6333333333333333,0.5333333333333333,1.1130995273590087,0.020688724517822266
0.3,5,27.8256,0.9,10,0.7466666666666667,0.10974718422102886,108,0.8166666666666667,0.9166666666666667,0.65,0.7333333333333334,0.6166666666666667,1.1309584617614745,0.020965957641601564
0.3,5,27.8256,0.9,20,0.7633333333333333,0.13140268896284685,79,0.8166666666666667,0.9166666666666667,0.8333333333333333,0.7166666666666667,0.5333333333333333,1.1550111770629883,0.02152705192565918
0.3,5,27.8256,0.9,50,0.72,0.10077477638553983,252,0.7166666666666667,0.8166666666666667,0.7333333333333334,0.8,0.5333333333333333,1.1614242553710938,0.02234206199645996
0.3,5,100.0,0.1,5,0.78,0.14391355429948605,31,0.8166666666666667,0.9166666666666667,0.9166666666666667,0.7166666666666667,0.5333333333333333,0.8097688674926757,0.021155023574829103
0.3,5,100.0,0.1,10,0.6900000000000001,0.1515109090315135,377,0.7166666666666667,0.9166666666666667,0.6333333333333333,0.7333333333333334,0.45,0.8156425476074218,0.02135128974914551
0.3,5,100.0,0.1,20,0.72,0.1071862346054235,252,0.8166666666666667,0.7166666666666667,0.8333333333333333,0.7,0.5333333333333333,0.817616319656372,0.021401405334472656
0.3,5,100.0,0.1,50,0.7433333333333333,0.0703957069398096,143,0.8166666666666667,0.8166666666666667,0.75,0.7,0.6333333333333333,0.8300436496734619,0.021455669403076173
0.3,5,100.0,0.3,5,0.8,0.14063348739819329,11,0.8166666666666667,0.9166666666666667,0.9166666666666667,0.8166666666666667,0.5333333333333333,0.8236515045166015,0.021381092071533204
0.3,5,100.0,0.3,10,0.6733333333333333,0.15040685563571304,442,0.7166666666666667,0.9166666666666667,0.6333333333333333,0.65,0.45,0.8346672058105469,0.02111968994140625
0.3,5,100.0,0.3,20,0.7366666666666666,0.07986099033807291,187,0.8166666666666667,0.7166666666666667,0.8333333333333333,0.7,0.6166666666666667,0.8131401062011718,0.02052145004272461
0.3,5,100.0,0.3,50,0.7433333333333333,0.0703957069398096,143,0.8166666666666667,0.8166666666666667,0.75,0.7,0.6333333333333333,0.8235085487365723,0.020850419998168945
0.3,5,100.0,0.5,5,0.8,0.14063348739819329,11,0.8166666666666667,0.9166666666666667,0.9166666666666667,0.8166666666666667,0.5333333333333333,0.8509668827056884,0.021204042434692382
0.3,5,100.0,0.5,10,0.6733333333333333,0.15040685563571304,442,0.7166666666666667,0.9166666666666667,0.6333333333333333,0.65,0.45,0.8643513202667237,0.021474313735961915
0.3,5,100.0,0.5,20,0.7366666666666666,0.07986099033807291,187,0.8166666666666667,0.7166666666666667,0.8333333333333333,0.7,0.6166666666666667,0.8653673648834228,0.021159839630126954
0.3,5,100.0,0.5,50,0.7433333333333333,0.0703957069398096,143,0.8166666666666667,0.8166666666666667,0.75,0.7,0.6333333333333333,0.8750617027282714,0.021538400650024415
0.3,5,100.0,0.7,5,0.8,0.14063348739819329,11,0.8166666666666667,0.9166666666666667,0.9166666666666667,0.8166666666666667,0.5333333333333333,0.9045080184936524,0.021230602264404298
0.3,5,100.0,0.7,10,0.7100000000000001,0.14929463784372463,294,0.7166666666666667,0.9166666666666667,0.7333333333333334,0.7333333333333334,0.45,0.9144011020660401,0.02223806381225586
0.3,5,100.0,0.7,20,0.7033333333333333,0.11518101695447328,337,0.8166666666666667,0.7166666666666667,0.8333333333333333,0.6166666666666667,0.5333333333333333,0.9099040985107422,0.021296358108520506
0.3,5,100.0,0.7,50,0.7433333333333333,0.0703957069398096,143,0.8166666666666667,0.8166666666666667,0.75,0.7,0.6333333333333333,0.9268857002258301,0.02140674591064453
0.3,5,100.0,0.9,5,0.8,0.14063348739819329,11,0.8166666666666667,0.9166666666666667,0.9166666666666667,0.8166666666666667,0.5333333333333333,0.9560376644134522,0.021118545532226564
0.3,5,100.0,0.9,10,0.7266666666666667,0.10413666234542207,202,0.7166666666666667,0.9166666666666667,0.7333333333333334,0.65,0.6166666666666667,0.9338444709777832,0.020819807052612306
0.3,5,100.0,0.9,20,0.72,0.1071862346054235,252,0.8166666666666667,0.7166666666666667,0.8333333333333333,0.7,0.5333333333333333,0.9635953426361084,0.021341943740844728
0.3,5,100.0,0.9,50,0.7433333333333333,0.0703957069398096,143,0.8166666666666667,0.8166666666666667,0.75,0.7,0.6333333333333333,0.9773601055145263,0.021354818344116212
