param_clf__shrink_threshold,param_selector__C,param_selector__l1_ratio,param_selector__top_k,mean_test_score,std_test_score,rank_test_score,split0_test_score,split1_test_score,split2_test_score,split3_test_score,split4_test_score,mean_fit_time,mean_score_time
,0.001,0.1,5,0.41,0.10677078252031312,737,0.45,0.45,0.45,0.2,0.5,0.004249668121337891,0.0017554283142089844
,0.001,0.1,10,0.5433333333333333,0.18844392033470092,533,0.7166666666666667,0.6,0.7,0.2,0.5,0.003977584838867188,0.0017220020294189454
,0.001,0.1,20,0.39,0.06548960901462836,753,0.3666666666666667,0.35,0.5166666666666667,0.3833333333333333,0.3333333333333333,0.0040089130401611325,0.001727914810180664
,0.001,0.1,50,0.5,0.16766368453279054,624,0.6333333333333333,0.25,0.7,0.3666666666666667,0.55,0.004074573516845703,0.0017520427703857423
,0.001,0.3,5,0.41,0.10677078252031312,737,0.45,0.45,0.45,0.2,0.5,0.00399627685546875,0.0017187118530273438
,0.001,0.3,10,0.5433333333333333,0.18844392033470092,533,0.7166666666666667,0.6,0.7,0.2,0.5,0.00397944450378418,0.0017177581787109375
,0.001,0.3,20,0.39,0.06548960901462836,753,0.3666666666666667,0.35,0.5166666666666667,0.3833333333333333,0.3333333333333333,0.00397796630859375,0.0017452239990234375
,0.001,0.3,50,0.5,0.16766368453279054,624,0.6333333333333333,0.25,0.7,0.3666666666666667,0.55,0.0041121959686279295,0.001733541488647461
,0.001,0.5,5,0.41,0.10677078252031312,737,0.45,0.45,0.45,0.2,0.5,0.003960037231445312,0.0017231464385986327
,0.001,0.5,10,0.5433333333333333,0.18844392033470092,533,0.7166666666666667,0.6,0.7,0.2,0.5,0.0039825916290283205,0.001737213134765625
,0.001,0.5,20,0.39,0.06548960901462836,753,0.3666666666666667,0.35,0.5166666666666667,0.3833333333333333,0.3333333333333333,0.004103755950927735,0.001755094528198242
,0.001,0.5,50,0.5,0.16766368453279054,624,0.6333333333333333,0.25,0.7,0.3666666666666667,0.55,0.003991460800170899,0.0017128467559814453
,0.001,0.7,5,0.41,0.10677078252031312,737,0.45,0.45,0.45,0.2,0.5,0.004018926620483398,0.0017290115356445312
,0.001,0.7,10,0.5433333333333333,0.18844392033470092,533,0.7166666666666667,0.6,0.7,0.2,0.5,0.00399937629699707,0.0018207550048828125
,0.001,0.7,20,0.39,0.06548960901462836,753,0.3666666666666667,0.35,0.5166666666666667,0.3833333333333333,0.3333333333333333,0.0039883613586425785,0.0017227649688720704
,0.001,0.7,50,0.5,0.16766368453279054,624,0.6333333333333333,0.25,0.7,0.3666666666666667,0.55,0.004005336761474609,0.0017208099365234376
,0.001,0.9,5,0.41,0.10677078252031312,737,0.45,0.45,0.45,0.2,0.5,0.004052639007568359,0.0023502826690673826
,0.001,0.9,10,0.5433333333333333,0.18844392033470092,533,0.7166666666666667,0.6,0.7,0.2,0.5,0.0043200492858886715,0.0017525672912597657
,0.001,0.9,20,0.39,0.06548960901462836,753,0.3666666666666667,0.35,0.5166666666666667,0.3833333333333333,0.3333333333333333,0.003965044021606445,0.001716947555541992
,0.001,0.9,50,0.5,0.16766368453279054,624,0.6333333333333333,0.25,0.7,0.3666666666666667,0.55,0.004199314117431641,0.0017307281494140625
,0.00359381,0.1,5,0.41,0.10677078252031312,737,0.45,0.45,0.45,0.2,0.5,0.004114913940429688,0.0017268657684326172
,0.00359381,0.1,10,0.5433333333333333,0.18844392033470092,533,0.7166666666666667,0.6,0.7,0.2,0.5,0.0040873527526855465,0.0017215251922607423
,0.00359381,0.1,20,0.39,0.06548960901462836,753,0.3666666666666667,0.35,0.5166666666666667,0.3833333333333333,0.3333333333333333,0.004189586639404297,0.001725912094116211
,0.00359381,0.1,50,0.5,0.16766368453279054,624,0.6333333333333333,0.25,0.7,0.3666666666666667,0.55,0.0041656494140625,0.001723003387451172
,0.00359381,0.3,5,0.41,0.10677078252031312,737,0.45,0.45,0.45,0.2,0.5,0.00398097038269043,0.001715850830078125
,0.00359381,0.3,10,0.5433333333333333,0.18844392033470092,533,0.7166666666666667,0.6,0.7,0.2,0.5,0.003975820541381836,0.001801776885986328
,0.00359381,0.3,20,0.39,0.06548960901462836,753,0.3666666666666667,0.35,0.5166666666666667,0.3833333333333333,0.3333333333333333,0.003984785079956055,0.0017139911651611328
,0.00359381,0.3,50,0.5,0.16766368453279054,624,0.6333333333333333,0.25,0.7,0.3666666666666667,0.55,0.004025793075561524,0.0017310142517089843
,0.00359381,0.5,5,0.41,0.10677078252031312,737,0.45,0.45,0.45,0.2,0.5,0.0040820598602294925,0.0017321586608886718
,0.00359381,0.5,10,0.5433333333333333,0.18844392033470092,533,0.7166666666666667,0.6,0.7,0.2,0.5,0.003979253768920899,0.0017058372497558594
,0.00359381,0.5,20,0.39,0.06548960901462836,753,0.3666666666666667,0.35,0.5166666666666667,0.3833333333333333,0.3333333333333333,0.004055833816528321,0.001714468002319336
,0.00359381,0.5,50,0.5,0.16766368453279054,624,0.6333333333333333,0.25,0.7,0.3666666666666667,0.55,0.003987789154052734,0.0017193794250488282
,0.00359381,0.7,5,0.41,0.10677078252031312,737,0.45,0.45,0.45,0.2,0.5,0.004046869277954101,0.0017211437225341797
,0.00359381,0.7,10,0.5433333333333333,0.18844392033470092,533,0.7166666666666667,0.6,0.7,0.2,0.5,0.0039714336395263675,0.0017083168029785156
,0.00359381,0.7,20,0.39,0.06548960901462836,753,0.3666666666666667,0.35,0.5166666666666667,0.3833333333333333,0.3333333333333333,0.003974437713623047,0.0017237663269042969
,0.00359381,0.7,50,0.5,0.16766368453279054,624,0.6333333333333333,0.25,0.7,0.3666666666666667,0.55,0.004079103469848633,0.0017264842987060546
,0.00359381,0.9,5,0.41,0.10677078252031312,737,0.45,0.45,0.45,0.2,0.5,0.00394587516784668,0.001709318161010742
,0.00359381,0.9,10,0.5433333333333333,0.18844392033470092,533,0.7166666666666667,0.6,0.7,0.2,0.5,0.003979635238647461,0.0017070770263671875
,0.00359381,0.9,20,0.39,0.06548960901462836,753,0.3666666666666667,0.35,0.5166666666666667,0.3833333333333333,0.3333333333333333,0.004053974151611328,0.0017168998718261718
,0.00359381,0.9,50,0.5,0.16766368453279054,624,0.6333333333333333,0.25,0.7,0.3666666666666667,0.55,0.003982257843017578,0.0017245292663574218
,0.0129155,0.1,5,0.5166666666666667,0.14102797200870787,604,0.43333333333333335,0.35,0.43333333333333335,0.65,0.7166666666666667,0.015538406372070313,0.001715230941772461
,0.0129155,0.1,10,0.74,0.09404490653110592,59,0.7166666666666667,0.6333333333333333,0.9166666666666667,0.7166666666666667,0.7166666666666667,0.015508079528808593,0.0017117023468017577
,0.0129155,0.1,20,0.7766666666666666,0.11185307823708347,2,0.7166666666666667,0.7166666666666667,0.9166666666666667,0.6333333333333333,0.9,0.015556716918945312,0.0017080307006835938
,0.0129155,0.1,50,0.7033333333333334,0.10666666666666665,201,0.7166666666666667,0.6166666666666667,0.8166666666666667,0.55,0.8166666666666667,0.015545892715454101,0.0017078399658203125
,0.0129155,0.3,5,0.41,0.10677078252031312,737,0.45,0.45,0.45,0.2,0.5,0.004338550567626953,0.0016984939575195312
,0.0129155,0.3,10,0.5433333333333333,0.18844392033470092,533,0.7166666666666667,0.6,0.7,0.2,0.5,0.004295825958251953,0.0016986370086669923
,0.0129155,0.3,20,0.39,0.06548960901462836,753,0.3666666666666667,0.35,0.5166666666666667,0.3833333333333333,0.3333333333333333,0.004389429092407226,0.001715230941772461
,0.0129155,0.3,50,0.5,0.16766368453279054,624,0.6333333333333333,0.25,0.7,0.3666666666666667,0.55,0.004361963272094727,0.0017240047454833984
,0.0129155,0.5,5,0.41,0.10677078252031312,737,0.45,0.45,0.45,0.2,0.5,0.003964996337890625,0.001698923110961914
,0.0129155,0.5,10,0.5433333333333333,0.18844392033470092,533,0.7166666666666667,0.6,0.7,0.2,0.5,0.003975343704223633,0.0017935752868652344
,0.0129155,0.5,20,0.39,0.06548960901462836,753,0.3666666666666667,0.35,0.5166666666666667,0.3833333333333333,0.3333333333333333,0.003993892669677734,0.0016974449157714845
,0.0129155,0.5,50,0.5,0.16766368453279054,624,0.6333333333333333,0.25,0.7,0.3666666666666667,0.55,0.003989982604980469,0.0016985416412353515
,0.0129155,0.7,5,0.41,0.10677078252031312,737,0.45,0.45,0.45,0.2,0.5,0.003913116455078125,0.0016941547393798829
,0.0129155,0.7,10,0.5433333333333333,0.18844392033470092,533,0.7166666666666667,0.6,0.7,0.2,0.5,0.0040191650390625,0.001703500747680664
,0.0129155,0.7,20,0.39,0.06548960901462836,753,0.3666666666666667,0.35,0.5166666666666667,0.3833333333333333,0.3333333333333333,0.003979778289794922,0.0017033100128173828
,0.0129155,0.7,50,0.5,0.16766368453279054,624,0.6333333333333333,0.25,0.7,0.3666666666666667,0.55,0.003991127014160156,0.0017276763916015624
,0.0129155,0.9,5,0.41,0.10677078252031312,737,0.45,0.45,0.45,0.2,0.5,0.004034233093261719,0.001716947555541992
,0.0129155,0.9,10,0.5433333333333333,0.18844392033470092,533,0.7166666666666667,0.6,0.7,0.2,0.5,0.003975200653076172,0.001703929901123047
,0.0129155,0.9,20,0.39,0.06548960901462836,753,0.3666666666666667,0.35,0.5166666666666667,0.3833333333333333,0.3333333333333333,0.003953266143798828,0.001710224151611328
,0.0129155,0.9,50,0.5,0.16766368453279054,624,0.6333333333333333,0.25,0.7,0.3666666666666667,0.55,0.004065227508544922,0.001720571517944336
,0.0464159,0.1,5,0.65,0.07149203529842407,461,0.6333333333333333,0.5333333333333333,0.6333333333333333,0.7333333333333334,0.7166666666666667,0.030257511138916015,0.0017189502716064454
,0.0464159,0.1,10,0.7000000000000001,0.11450376024878449,255,0.6166666666666667,0.6166666666666667,0.9166666666666667,0.6333333333333333,0.7166666666666667,0.02984652519226074,0.0017209053039550781
,0.0464159,0.1,20,0.7033333333333334,0.13224556283251582,201,0.8166666666666667,0.5333333333333333,0.8166666666666667,0.55,0.8,0.02984027862548828,0.0017459392547607422
,0.0464159,0.1,50,0.6866666666666668,0.09333333333333332,292,0.7333333333333334,0.6166666666666667,0.8166666666666667,0.55,0.7166666666666667,0.030176782608032228,0.0017168045043945313
,0.0464159,0.3,5,0.6466666666666667,0.07257180352359083,474,0.6166666666666667,0.5333333333333333,0.6333333333333333,0.7333333333333334,0.7166666666666667,0.031154394149780273,0.001706695556640625
,0.0464159,0.3,10,0.7033333333333334,0.0678232998312527,201,0.7166666666666667,0.6333333333333333,0.8166666666666667,0.6333333333333333,0.7166666666666667,0.030015850067138673,0.0016410350799560547
,0.0464159,0.3,20,0.76,0.1515109090315135,26,0.8166666666666667,0.5333333333333333,0.9166666666666667,0.6333333333333333,0.9,0.02418551445007324,0.0014044284820556641
,0.0464159,0.3,50,0.72,0.11372481406154653,133,0.8,0.6166666666666667,0.8166666666666667,0.55,0.8166666666666667,0.02429509162902832,0.0014029502868652343
,0.0464159,0.5,5,0.4966666666666667,0.20666666666666664,656,0.5666666666666667,0.3666666666666667,0.5333333333333333,0.2,0.8166666666666667,0.017494010925292968,0.0013989448547363282
,0.0464159,0.5,10,0.53,0.18720161442798627,586,0.65,0.45,0.6333333333333333,0.2,0.7166666666666667,0.017486047744750977,0.0014010429382324218
,0.0464159,0.5,20,0.5666666666666667,0.11690451944500123,530,0.5666666666666667,0.5166666666666667,0.6333333333333333,0.3833333333333333,0.7333333333333334,0.017423629760742188,0.001406097412109375
,0.0464159,0.5,50,0.5766666666666667,0.11766241729815193,528,0.55,0.6166666666666667,0.7166666666666667,0.3666666666666667,0.6333333333333333,0.017357301712036134,0.0014071464538574219
,0.0464159,0.7,5,0.41,0.10677078252031312,737,0.45,0.45,0.45,0.2,0.5,0.003929758071899414,0.001386260986328125
,0.0464159,0.7,10,0.5433333333333333,0.18844392033470092,533,0.7166666666666667,0.6,0.7,0.2,0.5,0.003943347930908203,0.0013881683349609374
,0.0464159,0.7,20,0.39,0.06548960901462836,753,0.3666666666666667,0.35,0.5166666666666667,0.3833333333333333,0.3333333333333333,0.0040188789367675785,0.0014020442962646485
,0.0464159,0.7,50,0.5,0.16766368453279054,624,0.6333333333333333,0.25,0.7,0.3666666666666667,0.55,0.004013824462890625,0.0014043807983398437
,0.0464159,0.9,5,0.41,0.10677078252031312,737,0.45,0.45,0.45,0.2,0.5,0.0038117885589599608,0.001384878158569336
,0.0464159,0.9,10,0.5433333333333333,0.18844392033470092,533,0.7166666666666667,0.6,0.7,0.2,0.5,0.0038871288299560545,0.001383352279663086
,0.0464159,0.9,20,0.39,0.06548960901462836,753,0.3666666666666667,0.35,0.5166666666666667,0.3833333333333333,0.3333333333333333,0.003807544708251953,0.001398754119873047
,0.0464159,0.9,50,0.5,0.16766368453279054,624,0.6333333333333333,0.25,0.7,0.3666666666666667,0.55,0.0038664817810058595,0.0014029979705810548
,0.16681,0.1,5,0.6066666666666667,0.1218377792166471,520,0.6166666666666667,0.5333333333333333,0.4166666666666667,0.75,0.7166666666666667,0.05514054298400879,0.0014067649841308593
,0.16681,0.1,10,0.6699999999999999,0.09092121131323908,382,0.6333333333333333,0.5333333333333333,0.7333333333333334,0.65,0.8,0.05633091926574707,0.001544189453125
,0.16681,0.1,20,0.7066666666666667,0.06018490028422599,175,0.7166666666666667,0.6333333333333333,0.7333333333333334,0.65,0.8,0.054987764358520506,0.001429128646850586
,0.16681,0.1,50,0.7066666666666668,0.10728984626287387,173,0.8166666666666667,0.5333333333333333,0.8166666666666667,0.65,0.7166666666666667,0.0552330493927002,0.0014366626739501954
,0.16681,0.3,5,0.6333333333333334,0.12692955176439846,499,0.43333333333333335,0.5333333333333333,0.75,0.7333333333333334,0.7166666666666667,0.05940542221069336,0.0014037132263183595
,0.16681,0.3,10,0.6633333333333333,0.12970050972229144,428,0.6166666666666667,0.5166666666666667,0.8333333333333333,0.55,0.8,0.05943970680236817,0.0014389514923095702
,0.16681,0.3,20,0.76,0.14779866184930246,26,0.9,0.5333333333333333,0.9166666666666667,0.65,0.8,0.059441566467285156,0.0014309406280517579
,0.16681,0.3,50,0.7066666666666667,0.08666666666666666,175,0.7333333333333334,0.7166666666666667,0.8166666666666667,0.55,0.7166666666666667,0.05946717262268066,0.001423025131225586
,0.16681,0.5,5,0.7033333333333334,0.09030811456096045,201,0.5333333333333333,0.7166666666666667,0.75,0.7166666666666667,0.8,0.06369094848632813,0.0014243602752685546
,0.16681,0.5,10,0.7033333333333334,0.10718623460542348,201,0.7166666666666667,0.6166666666666667,0.8333333333333333,0.55,0.8,0.06209063529968262,0.0014197826385498047
,0.16681,0.5,20,0.74,0.14929463784372463,59,0.9,0.5333333333333333,0.9166666666666667,0.6333333333333333,0.7166666666666667,0.06287212371826172,0.0015442371368408203
,0.16681,0.5,50,0.7566666666666666,0.10624918300339486,32,0.9,0.8,0.8166666666666667,0.6333333333333333,0.6333333333333333,0.06219663619995117,0.0014225959777832032
,0.16681,0.7,5,0.7066666666666667,0.07423685817106696,175,0.6333333333333333,0.6166666666666667,0.75,0.7166666666666667,0.8166666666666667,0.061887264251708984,0.0014169692993164062
,0.16681,0.7,10,0.7233333333333334,0.11284207253207167,103,0.8166666666666667,0.5166666666666667,0.8333333333333333,0.7333333333333334,0.7166666666666667,0.06287765502929688,0.001425027847290039
,0.16681,0.7,20,0.7,0.10327955589886444,256,0.8,0.6166666666666667,0.8166666666666667,0.55,0.7166666666666667,0.06203341484069824,0.0014364242553710938
,0.16681,0.7,50,0.7,0.0856348838577675,256,0.7166666666666667,0.7,0.8166666666666667,0.55,0.7166666666666667,0.06204991340637207,0.0014264106750488282
,0.16681,0.9,5,0.7,0.0816496580927726,256,0.6,0.6166666666666667,0.75,0.7166666666666667,0.8166666666666667,0.06943731307983399,0.0014138221740722656
,0.16681,0.9,10,0.7166666666666667,0.010540925533894631,156,0.7,0.7166666666666667,0.7166666666666667,0.7333333333333334,0.7166666666666667,0.06939058303833008,0.0014146804809570313
,0.16681,0.9,20,0.7,0.07149203529842404,256,0.7166666666666667,0.7166666666666667,0.6166666666666667,0.6333333333333333,0.8166666666666667,0.06950879096984863,0.001431894302368164
,0.16681,0.9,50,0.7233333333333334,0.08602325267042626,103,0.7333333333333334,0.6166666666666667,0.8166666666666667,0.6333333333333333,0.8166666666666667,0.06946969032287598,0.0014142036437988282
,0.599484,0.1,5,0.6533333333333333,0.07557189365836424,447,0.6333333333333333,0.5333333333333333,0.6333333333333333,0.75,0.7166666666666667,0.129945707321167,0.001546955108642578
,0.599484,0.1,10,0.6666666666666666,0.1140175425099138,406,0.7166666666666667,0.5333333333333333,0.5333333333333333,0.7333333333333334,0.8166666666666667,0.12989521026611328,0.0014370441436767577
,0.599484,0.1,20,0.71,0.0611010092660779,162,0.6333333333333333,0.7333333333333334,0.7333333333333334,0.65,0.8,0.12917089462280273,0.001475381851196289
,0.599484,0.1,50,0.7033333333333334,0.0865383665716478,201,0.6166666666666667,0.6333333333333333,0.8166666666666667,0.65,0.8,0.12938098907470702,0.0014437198638916015
,0.599484,0.3,5,0.6433333333333333,0.14476033833738977,493,0.8,0.5333333333333333,0.4166666666666667,0.75,0.7166666666666667,0.14790215492248535,0.0014423370361328126
,0.599484,0.3,10,0.7466666666666666,0.10666666666666667,35,0.6333333333333333,0.6333333333333333,0.8333333333333333,0.7333333333333334,0.9,0.14804635047912598,0.0014393329620361328
,0.599484,0.3,20,0.6866666666666668,0.09030811456096045,292,0.7166666666666667,0.5333333333333333,0.7333333333333334,0.65,0.8,0.1485434055328369,0.0015332698822021484
,0.599484,0.3,50,0.6666666666666666,0.1085254706406647,406,0.7166666666666667,0.5333333333333333,0.8166666666666667,0.55,0.7166666666666667,0.14811162948608397,0.001455402374267578
,0.599484,0.5,5,0.64,0.10143416036468628,495,0.5,0.5333333333333333,0.7166666666666667,0.7333333333333334,0.7166666666666667,0.16101350784301757,0.0014397144317626954
,0.599484,0.5,10,0.6666666666666666,0.1312334645668635,406,0.5333333333333333,0.5166666666666667,0.8333333333333333,0.65,0.8,0.16067719459533691,0.0014501571655273437
,0.599484,0.5,20,0.6699999999999999,0.08781293248212996,382,0.7166666666666667,0.5333333333333333,0.65,0.65,0.8,0.16079344749450683,0.001441812515258789
,0.599484,0.5,50,0.72,0.058118652580542315,133,0.7166666666666667,0.7166666666666667,0.8166666666666667,0.6333333333333333,0.7166666666666667,0.16196141242980958,0.0014507293701171875
,0.599484,0.7,5,0.6733333333333333,0.08069145624606805,365,0.5333333333333333,0.6333333333333333,0.75,0.7333333333333334,0.7166666666666667,0.18190317153930663,0.0014501571655273437
,0.599484,0.7,10,0.6833333333333333,0.10274023338281627,325,0.6166666666666667,0.5166666666666667,0.7333333333333334,0.75,0.8,0.18235507011413574,0.0015820026397705077
,0.599484,0.7,20,0.7066666666666667,0.14321700705960558,175,0.9,0.5333333333333333,0.75,0.55,0.8,0.18180694580078124,0.0014745712280273438
,0.599484,0.7,50,0.74,0.0992191737742481,59,0.8166666666666667,0.8,0.7333333333333334,0.55,0.8,0.1819986343383789,0.001494455337524414
,0.599484,0.9,5,0.6900000000000001,0.0793025150224688,270,0.5333333333333333,0.7166666666666667,0.75,0.7333333333333334,0.7166666666666667,0.1854623794555664,0.001485919952392578
,0.599484,0.9,10,0.6433333333333333,0.10780641085864154,493,0.6166666666666667,0.5166666666666667,0.7333333333333334,0.55,0.8,0.18583097457885742,0.0015535831451416015
,0.599484,0.9,20,0.6666666666666666,0.15311578770474468,406,0.9,0.5333333333333333,0.55,0.55,0.8,0.18676443099975587,0.00159149169921875
,0.599484,0.9,50,0.7366666666666666,0.13638181696985854,86,0.9,0.6,0.8166666666666667,0.55,0.8166666666666667,0.1854100227355957,0.0015328884124755859
,2.15443,0.1,5,0.6933333333333334,0.09580071908799945,266,0.8166666666666667,0.5333333333333333,0.7333333333333334,0.65,0.7333333333333334,0.26022863388061523,0.0015237808227539062
,2.15443,0.1,10,0.63,0.08589399151150086,505,0.6333333333333333,0.5333333333333333,0.5333333333333333,0.7333333333333334,0.7166666666666667,0.2621784210205078,0.0016566753387451173
,2.15443,0.1,20,0.7633333333333333,0.03711842908553346,12,0.8166666666666667,0.7333333333333334,0.7333333333333334,0.7333333333333334,0.8,0.2607215404510498,0.0015498161315917968
,2.15443,0.1,50,0.72,0.10077477638553982,133,0.7166666666666667,0.5333333333333333,0.8166666666666667,0.7333333333333334,0.8,0.26119108200073243,0.0016013622283935548
,2.15443,0.3,5,0.7266666666666668,0.16006942938057292,92,0.8,0.43333333333333335,0.7333333333333334,0.75,0.9166666666666667,0.3286906719207764,0.0015542030334472657
,2.15443,0.3,10,0.6866666666666666,0.15289793254906286,305,0.6333333333333333,0.5333333333333333,0.5333333333333333,0.8333333333333333,0.9,0.3294681549072266,0.0015468597412109375
,2.15443,0.3,20,0.6900000000000001,0.06633249580710802,270,0.6333333333333333,0.6333333333333333,0.7333333333333334,0.65,0.8,0.32999634742736816,0.0015410423278808595
,2.15443,0.3,50,0.6633333333333333,0.12174654911833116,428,0.6166666666666667,0.5333333333333333,0.8166666666666667,0.55,0.8,0.3315831184387207,0.0016492843627929688
,2.15443,0.5,5,0.6799999999999999,0.17619433715203348,346,0.8,0.43333333333333335,0.5166666666666667,0.75,0.9,0.3650456428527832,0.0015583515167236328
,2.15443,0.5,10,0.7066666666666667,0.1420485050177501,175,0.5333333333333333,0.5333333333333333,0.8333333333333333,0.8333333333333333,0.8,0.3667428970336914,0.0015545368194580078
,2.15443,0.5,20,0.7066666666666667,0.10466878978738388,175,0.8166666666666667,0.5333333333333333,0.7333333333333334,0.65,0.8,0.3648818016052246,0.0015515804290771485
,2.15443,0.5,50,0.6833333333333332,0.1206464071390257,334,0.7166666666666667,0.5333333333333333,0.8166666666666667,0.55,0.8,0.3646852016448975,0.0015502452850341796
,2.15443,0.7,5,0.6766666666666666,0.1733974240485327,352,0.8,0.7166666666666667,0.4166666666666667,0.55,0.9,0.39464054107666013,0.001552915573120117
,2.15443,0.7,10,0.6866666666666666,0.17713773674115227,305,0.5333333333333333,0.43333333333333335,0.7333333333333334,0.8333333333333333,0.9,0.39354305267333983,0.0015518665313720703
,2.15443,0.7,20,0.6699999999999999,0.08781293248212996,382,0.7166666666666667,0.5333333333333333,0.65,0.65,0.8,0.3940387725830078,0.001638031005859375
,2.15443,0.7,50,0.7166666666666668,0.12156388352540315,155,0.6166666666666667,0.6166666666666667,0.9166666666666667,0.6333333333333333,0.8,0.39249095916748045,0.0015584468841552735
,2.15443,0.9,5,0.7366666666666666,0.1151810169544733,86,0.8,0.7166666666666667,0.7166666666666667,0.55,0.9,0.40433464050292967,0.0015444278717041016
,2.15443,0.9,10,0.6666666666666667,0.16465452046971296,397,0.5333333333333333,0.43333333333333335,0.7333333333333334,0.7333333333333334,0.9,0.4056415557861328,0.001545286178588867
,2.15443,0.9,20,0.6699999999999999,0.08781293248212996,382,0.7166666666666667,0.5333333333333333,0.65,0.65,0.8,0.4046901226043701,0.0015411853790283203
,2.15443,0.9,50,0.74,0.0992191737742481,59,0.8166666666666667,0.8,0.7333333333333334,0.55,0.8,0.40425810813903806,0.001567983627319336
,7.74264,0.1,5,0.6766666666666666,0.07859884081701067,352,0.7333333333333334,0.5333333333333333,0.7333333333333334,0.65,0.7333333333333334,0.31493320465087893,0.0015985488891601563
,7.74264,0.1,10,0.6866666666666666,0.17713773674115227,305,0.8333333333333333,0.5333333333333333,0.43333333333333335,0.7333333333333334,0.9,0.3141641616821289,0.0016008377075195312
,7.74264,0.1,20,0.7633333333333334,0.12666666666666668,5,0.8166666666666667,0.5333333333333333,0.8333333333333333,0.7333333333333334,0.9,0.3149827480316162,0.0016602516174316407
,7.74264,0.1,50,0.72,0.10077477638553982,133,0.7166666666666667,0.5333333333333333,0.8166666666666667,0.7333333333333334,0.8,0.3141304969787598,0.0015482425689697266
,7.74264,0.3,5,0.6900000000000001,0.14243907079481,270,0.8166666666666667,0.43333333333333335,0.7333333333333334,0.65,0.8166666666666667,0.5424344539642334,0.0015709400177001953
,7.74264,0.3,10,0.6833333333333333,0.13824294235551815,325,0.7166666666666667,0.5333333333333333,0.5333333333333333,0.7333333333333334,0.9,0.542827844619751,0.0015884876251220704
,7.74264,0.3,20,0.6866666666666668,0.0865383665716478,292,0.7166666666666667,0.6333333333333333,0.7333333333333334,0.55,0.8,0.5418650150299072,0.0015807628631591796
,7.74264,0.3,50,0.7,0.10903618155864084,256,0.6166666666666667,0.5333333333333333,0.8166666666666667,0.7333333333333334,0.8,0.5424605369567871,0.001571321487426758
,7.74264,0.5,5,0.71,0.16418147141366335,162,0.8166666666666667,0.43333333333333335,0.7333333333333334,0.65,0.9166666666666667,0.6061079025268554,0.0015828609466552734
,7.74264,0.5,10,0.6866666666666666,0.15289793254906286,305,0.6333333333333333,0.5333333333333333,0.5333333333333333,0.8333333333333333,0.9,0.6069128513336182,0.0015937328338623048
,7.74264,0.5,20,0.6533333333333333,0.10295630140987001,447,0.55,0.5333333333333333,0.7333333333333334,0.65,0.8,0.6050613403320313,0.0017299175262451172
,7.74264,0.5,50,0.6833333333333333,0.10903618155864084,325,0.6166666666666667,0.5333333333333333,0.8166666666666667,0.65,0.8,0.6075540542602539,0.0015734195709228515
,7.74264,0.7,5,0.6466666666666667,0.19362047641943475,474,0.8,0.43333333333333335,0.43333333333333335,0.65,0.9166666666666667,0.6786661624908448,0.0015904903411865234
,7.74264,0.7,10,0.7066666666666667,0.1420485050177501,175,0.5333333333333333,0.5333333333333333,0.8333333333333333,0.8333333333333333,0.8,0.6797253131866455,0.0015779972076416016
,7.74264,0.7,20,0.6666666666666666,0.12605113600792692,406,0.7166666666666667,0.43333333333333335,0.7333333333333334,0.65,0.8,0.677964448928833,0.0015839576721191407
,7.74264,0.7,50,0.6833333333333332,0.15018507101425083,334,0.6166666666666667,0.5333333333333333,0.9166666666666667,0.55,0.8,0.6783498764038086,0.0015758514404296876
,7.74264,0.9,5,0.6466666666666667,0.19362047641943475,474,0.8,0.43333333333333335,0.43333333333333335,0.65,0.9166666666666667,0.7204549789428711,0.0017295360565185546
,7.74264,0.9,10,0.6666666666666666,0.20110804171997806,406,0.5333333333333333,0.3333333333333333,0.8333333333333333,0.8333333333333333,0.8,0.7190320014953613,0.0015795230865478516
,7.74264,0.9,20,0.6666666666666666,0.14337208778404376,406,0.6166666666666667,0.43333333333333335,0.8333333333333333,0.65,0.8,0.7198644161224366,0.0016908645629882812
,7.74264,0.9,50,0.7433333333333333,0.14476033833738977,44,0.7166666666666667,0.6333333333333333,0.9166666666666667,0.55,0.9,0.7140700340270996,0.001575136184692383
,27.8256,0.1,5,0.67,0.08589399151150084,375,0.7333333333333334,0.5166666666666667,0.6333333333333333,0.7333333333333334,0.7333333333333334,0.31343421936035154,0.0015666961669921875
,27.8256,0.1,10,0.7033333333333334,0.16546231527987806,201,0.8333333333333333,0.6166666666666667,0.43333333333333335,0.7333333333333334,0.9,0.31209073066711424,0.0015524864196777345
,27.8256,0.1,20,0.7433333333333333,0.12454361128179602,44,0.7166666666666667,0.5333333333333333,0.8333333333333333,0.7333333333333334,0.9,0.31164140701293946,0.0015552043914794922
,27.8256,0.1,50,0.7033333333333334,0.10402991022884824,201,0.7166666666666667,0.5333333333333333,0.8166666666666667,0.65,0.8,0.3131068229675293,0.0015635013580322266
,27.8256,0.3,5,0.6766666666666666,0.07859884081701067,352,0.7333333333333334,0.5333333333333333,0.7333333333333334,0.65,0.7333333333333334,0.43776555061340333,0.0015637874603271484
,27.8256,0.3,10,0.67,0.17587874611030557,375,0.8333333333333333,0.5333333333333333,0.43333333333333335,0.65,0.9,0.4371788024902344,0.0015574932098388673
,27.8256,0.3,20,0.7633333333333334,0.09333333333333332,5,0.7166666666666667,0.6333333333333333,0.8333333333333333,0.7333333333333334,0.9,0.4381737232208252,0.0015630245208740235
,27.8256,0.3,50,0.72,0.10077477638553982,133,0.7166666666666667,0.5333333333333333,0.8166666666666667,0.7333333333333334,0.8,0.4395273685455322,0.0015819549560546875
,27.8256,0.5,5,0.71,0.10780641085864154,162,0.8166666666666667,0.5333333333333333,0.7333333333333334,0.65,0.8166666666666667,0.6745678424835205,0.0015805721282958984
,27.8256,0.5,10,0.7066666666666667,0.15114378731672845,175,0.8333333333333333,0.5333333333333333,0.5333333333333333,0.7333333333333334,0.9,0.6751478672027588,0.001577615737915039
,27.8256,0.5,20,0.6699999999999999,0.08717797887081348,382,0.6333333333333333,0.6333333333333333,0.7333333333333334,0.55,0.8,0.6752187728881835,0.001580953598022461
,27.8256,0.5,50,0.72,0.10077477638553982,133,0.7166666666666667,0.5333333333333333,0.8166666666666667,0.7333333333333334,0.8,0.6752954483032226,0.001577472686767578
,27.8256,0.7,5,0.6900000000000001,0.14243907079481,270,0.8166666666666667,0.43333333333333335,0.7333333333333334,0.65,0.8166666666666667,0.8099286556243896,0.0016761302947998046
,27.8256,0.7,10,0.6633333333333333,0.10974718422102887,428,0.7166666666666667,0.5333333333333333,0.5333333333333333,0.7333333333333334,0.8,0.8099905490875244,0.0015828132629394532
,27.8256,0.7,20,0.67,0.15613384571507158,375,0.55,0.5333333333333333,0.8166666666666667,0.55,0.9,0.8108354091644288,0.0015813827514648438
,27.8256,0.7,50,0.6633333333333333,0.12174654911833116,428,0.6166666666666667,0.5333333333333333,0.8166666666666667,0.55,0.8,0.8104040145874023,0.0015784263610839843
,27.8256,0.9,5,0.67,0.12970050972229147,375,0.8166666666666667,0.43333333333333335,0.7333333333333334,0.65,0.7166666666666667,0.8728109359741211,0.0015777111053466796
,27.8256,0.9,10,0.7033333333333333,0.15070206073943088,252,0.7166666666666667,0.5333333333333333,0.5333333333333333,0.8333333333333333,0.9,0.873588228225708,0.0015940666198730469
,27.8256,0.9,20,0.6733333333333335,0.08602325267042628,362,0.55,0.6333333333333333,0.7333333333333334,0.65,0.8,0.8743654251098633,0.0016157150268554688
,27.8256,0.9,50,0.6833333333333333,0.10903618155864084,325,0.6166666666666667,0.5333333333333333,0.8166666666666667,0.65,0.8,0.8744306087493896,0.0015859603881835938
,100.0,0.1,5,0.6533333333333333,0.11661903789690603,447,0.7333333333333334,0.43333333333333335,0.6333333333333333,0.7333333333333334,0.7333333333333334,0.3738872528076172,0.0015559196472167969
,100.0,0.1,10,0.7033333333333334,0.16546231527987806,201,0.8333333333333333,0.6166666666666667,0.43333333333333335,0.7333333333333334,0.9,0.3735349655151367,0.0015508174896240235
,100.0,0.1,20,0.7266666666666667,0.13232955494186138,96,0.6333333333333333,0.5333333333333333,0.8333333333333333,0.7333333333333334,0.9,0.37446012496948244,0.001531219482421875
,100.0,0.1,50,0.72,0.10077477638553982,133,0.7166666666666667,0.5333333333333333,0.8166666666666667,0.7333333333333334,0.8,0.3745591640472412,0.001546955108642578
,100.0,0.3,5,0.67,0.08589399151150084,375,0.7333333333333334,0.5166666666666667,0.6333333333333333,0.7333333333333334,0.7333333333333334,0.37803850173950193,0.0015376091003417968
,100.0,0.3,10,0.7033333333333334,0.16546231527987806,201,0.8333333333333333,0.6166666666666667,0.43333333333333335,0.7333333333333334,0.9,0.37860836982727053,0.001597118377685547
,100.0,0.3,20,0.7433333333333333,0.12454361128179602,44,0.7166666666666667,0.5333333333333333,0.8333333333333333,0.7333333333333334,0.9,0.3781480312347412,0.0015453815460205079
,100.0,0.3,50,0.72,0.10077477638553982,133,0.7166666666666667,0.5333333333333333,0.8166666666666667,0.7333333333333334,0.8,0.37841644287109377,0.0015749454498291016
,100.0,0.5,5,0.6900000000000001,0.08666666666666667,270,0.7333333333333334,0.5166666666666667,0.7333333333333334,0.7333333333333334,0.7333333333333334,0.39691710472106934,0.0016742706298828124
,100.0,0.5,10,0.7033333333333334,0.16546231527987806,201,0.8333333333333333,0.6166666666666667,0.43333333333333335,0.7333333333333334,0.9,0.3957192420959473,0.001575469970703125
,100.0,0.5,20,0.7433333333333333,0.12454361128179602,44,0.7166666666666667,0.5333333333333333,0.8333333333333333,0.7333333333333334,0.9,0.39527111053466796,0.0015517234802246093
,100.0,0.5,50,0.72,0.10077477638553982,133,0.7166666666666667,0.5333333333333333,0.8166666666666667,0.7333333333333334,0.8,0.3953727722167969,0.0015648841857910157
,100.0,0.7,5,0.6766666666666666,0.07859884081701067,352,0.7333333333333334,0.5333333333333333,0.7333333333333334,0.65,0.7333333333333334,0.432133150100708,0.0015720844268798829
,100.0,0.7,10,0.7033333333333334,0.16546231527987806,201,0.8333333333333333,0.6166666666666667,0.43333333333333335,0.7333333333333334,0.9,0.4325922966003418,0.0015638351440429687
,100.0,0.7,20,0.7433333333333333,0.12454361128179602,44,0.7166666666666667,0.5333333333333333,0.8333333333333333,0.7333333333333334,0.9,0.4323750019073486,0.0015703678131103516
,100.0,0.7,50,0.7033333333333334,0.10402991022884824,201,0.7166666666666667,0.5333333333333333,0.8166666666666667,0.65,0.8,0.4323432445526123,0.0015712738037109374
,100.0,0.9,5,0.6766666666666666,0.07859884081701067,352,0.7333333333333334,0.5333333333333333,0.7333333333333334,0.65,0.7333333333333334,0.4858381748199463,0.0015692710876464844
,100.0,0.9,10,0.6866666666666666,0.16579773487261182,305,0.8333333333333333,0.6166666666666667,0.43333333333333335,0.65,0.9,0.4841655731201172,0.0015566349029541016
,100.0,0.9,20,0.7433333333333333,0.12454361128179602,44,0.7166666666666667,0.5333333333333333,0.8333333333333333,0.7333333333333334,0.9,0.4847135543823242,0.0015671253204345703
,100.0,0.9,50,0.72,0.10077477638553982,133,0.7166666666666667,0.5333333333333333,0.8166666666666667,0.7333333333333334,0.8,0.4873020172119141,0.001562023162841797
0.1,0.001,0.1,5,0.4133333333333333,0.07102425250887505,721,0.3666666666666667,0.45,0.45,0.3,0.5,0.0033136844635009766,0.001409769058227539
0.1,0.001,0.1,10,0.5333333333333333,0.15740958604156793,569,0.7166666666666667,0.45,0.7,0.3,0.5,0.003350687026977539,0.001393604278564453
0.1,0.001,0.1,20,0.35666666666666663,0.14007934259633797,785,0.2833333333333333,0.35,0.6166666666666667,0.2,0.3333333333333333,0.003267240524291992,0.0014029979705810548
0.1,0.001,0.1,50,0.5,0.1864880097426582,624,0.5333333333333333,0.25,0.8,0.3666666666666667,0.55,0.0032744407653808594,0.001394796371459961
0.1,0.001,0.3,5,0.4133333333333333,0.07102425250887505,721,0.3666666666666667,0.45,0.45,0.3,0.5,0.003250265121459961,0.0013967037200927734
0.1,0.001,0.3,10,0.5333333333333333,0.15740958604156793,569,0.7166666666666667,0.45,0.7,0.3,0.5,0.0032991409301757813,0.0013770103454589845
0.1,0.001,0.3,20,0.35666666666666663,0.14007934259633797,785,0.2833333333333333,0.35,0.6166666666666667,0.2,0.3333333333333333,0.0032127857208251952,0.0013827800750732422
0.1,0.001,0.3,50,0.5,0.1864880097426582,624,0.5333333333333333,0.25,0.8,0.3666666666666667,0.55,0.0032276630401611326,0.001389932632446289
0.1,0.001,0.5,5,0.4133333333333333,0.07102425250887505,721,0.3666666666666667,0.45,0.45,0.3,0.5,0.003194713592529297,0.0013838768005371093
0.1,0.001,0.5,10,0.5333333333333333,0.15740958604156793,569,0.7166666666666667,0.45,0.7,0.3,0.5,0.0033161163330078123,0.0013763904571533203
0.1,0.001,0.5,20,0.35666666666666663,0.14007934259633797,785,0.2833333333333333,0.35,0.6166666666666667,0.2,0.3333333333333333,0.003205680847167969,0.0013842105865478516
0.1,0.001,0.5,50,0.5,0.1864880097426582,624,0.5333333333333333,0.25,0.8,0.3666666666666667,0.55,0.0032454490661621093,0.0013735294342041016
0.1,0.001,0.7,5,0.4133333333333333,0.07102425250887505,721,0.3666666666666667,0.45,0.45,0.3,0.5,0.0032948970794677733,0.0013895988464355468
0.1,0.001,0.7,10,0.5333333333333333,0.15740958604156793,569,0.7166666666666667,0.45,0.7,0.3,0.5,0.003191089630126953,0.0013808727264404297
0.1,0.001,0.7,20,0.35666666666666663,0.14007934259633797,785,0.2833333333333333,0.35,0.6166666666666667,0.2,0.3333333333333333,0.003210020065307617,0.0013724803924560548
0.1,0.001,0.7,50,0.5,0.1864880097426582,624,0.5333333333333333,0.25,0.8,0.3666666666666667,0.55,0.003272676467895508,0.0013874530792236327
0.1,0.001,0.9,5,0.4133333333333333,0.07102425250887505,721,0.3666666666666667,0.45,0.45,0.3,0.5,0.0032836437225341798,0.0013812065124511718
0.1,0.001,0.9,10,0.5333333333333333,0.15740958604156793,569,0.7166666666666667,0.45,0.7,0.3,0.5,0.003208160400390625,0.0013759613037109375
0.1,0.001,0.9,20,0.35666666666666663,0.14007934259633797,785,0.2833333333333333,0.35,0.6166666666666667,0.2,0.3333333333333333,0.003231239318847656,0.0013813018798828126
0.1,0.001,0.9,50,0.5,0.1864880097426582,624,0.5333333333333333,0.25,0.8,0.3666666666666667,0.55,0.003260946273803711,0.001392698287963867
0.1,0.00359381,0.1,5,0.4133333333333333,0.07102425250887505,721,0.3666666666666667,0.45,0.45,0.3,0.5,0.0033874034881591795,0.0013788700103759765
0.1,0.00359381,0.1,10,0.5333333333333333,0.15740958604156793,569,0.7166666666666667,0.45,0.7,0.3,0.5,0.0032909870147705077,0.0013782024383544923
0.1,0.00359381,0.1,20,0.35666666666666663,0.14007934259633797,785,0.2833333333333333,0.35,0.6166666666666667,0.2,0.3333333333333333,0.0033052444458007814,0.0013766288757324219
0.1,0.00359381,0.1,50,0.5,0.1864880097426582,624,0.5333333333333333,0.25,0.8,0.3666666666666667,0.55,0.0033465862274169923,0.001388406753540039
0.1,0.00359381,0.3,5,0.4133333333333333,0.07102425250887505,721,0.3666666666666667,0.45,0.45,0.3,0.5,0.0032378196716308593,0.001432943344116211
0.1,0.00359381,0.3,10,0.5333333333333333,0.15740958604156793,569,0.7166666666666667,0.45,0.7,0.3,0.5,0.003183603286743164,0.0013737678527832031
0.1,0.00359381,0.3,20,0.35666666666666663,0.14007934259633797,785,0.2833333333333333,0.35,0.6166666666666667,0.2,0.3333333333333333,0.0032034873962402343,0.0013762474060058593
0.1,0.00359381,0.3,50,0.5,0.1864880097426582,624,0.5333333333333333,0.25,0.8,0.3666666666666667,0.55,0.003243112564086914,0.00139312744140625
0.1,0.00359381,0.5,5,0.4133333333333333,0.07102425250887505,721,0.3666666666666667,0.45,0.45,0.3,0.5,0.0032926559448242187,0.0013688087463378906
0.1,0.00359381,0.5,10,0.5333333333333333,0.15740958604156793,569,0.7166666666666667,0.45,0.7,0.3,0.5,0.0032083988189697266,0.001371002197265625
0.1,0.00359381,0.5,20,0.35666666666666663,0.14007934259633797,785,0.2833333333333333,0.35,0.6166666666666667,0.2,0.3333333333333333,0.003192901611328125,0.0013898849487304688
0.1,0.00359381,0.5,50,0.5,0.1864880097426582,624,0.5333333333333333,0.25,0.8,0.3666666666666667,0.55,0.0032565116882324217,0.0013834476470947266
0.1,0.00359381,0.7,5,0.4133333333333333,0.07102425250887505,721,0.3666666666666667,0.45,0.45,0.3,0.5,0.0032124042510986326,0.0014388084411621094
0.1,0.00359381,0.7,10,0.5333333333333333,0.15740958604156793,569,0.7166666666666667,0.45,0.7,0.3,0.5,0.003185892105102539,0.0013747215270996094
0.1,0.00359381,0.7,20,0.35666666666666663,0.14007934259633797,785,0.2833333333333333,0.35,0.6166666666666667,0.2,0.3333333333333333,0.0032213687896728515,0.001382589340209961
0.1,0.00359381,0.7,50,0.5,0.1864880097426582,624,0.5333333333333333,0.25,0.8,0.3666666666666667,0.55,0.0032365798950195314,0.0013917922973632813
0.1,0.00359381,0.9,5,0.4133333333333333,0.07102425250887505,721,0.3666666666666667,0.45,0.45,0.3,0.5,0.0032874584197998048,0.0013726234436035156
0.1,0.00359381,0.9,10,0.5333333333333333,0.15740958604156793,569,0.7166666666666667,0.45,0.7,0.3,0.5,0.0031818866729736326,0.0013802051544189453
0.1,0.00359381,0.9,20,0.35666666666666663,0.14007934259633797,785,0.2833333333333333,0.35,0.6166666666666667,0.2,0.3333333333333333,0.0032282352447509767,0.0013790607452392578
0.1,0.00359381,0.9,50,0.5,0.1864880097426582,624,0.5333333333333333,0.25,0.8,0.3666666666666667,0.55,0.003247785568237305,0.0013762474060058593
0.1,0.0129155,0.1,5,0.5166666666666667,0.14102797200870787,604,0.43333333333333335,0.35,0.43333333333333335,0.65,0.7166666666666667,0.012243175506591797,0.0013777732849121094
0.1,0.0129155,0.1,10,0.7233333333333334,0.10360180178613372,103,0.7166666666666667,0.6333333333333333,0.9166666666666667,0.6333333333333333,0.7166666666666667,0.012130928039550782,0.001367807388305664
0.1,0.0129155,0.1,20,0.7766666666666666,0.11185307823708347,2,0.7166666666666667,0.7166666666666667,0.9166666666666667,0.6333333333333333,0.9,0.012155389785766602,0.0013906478881835938
0.1,0.0129155,0.1,50,0.7399999999999999,0.10198039027185568,81,0.7166666666666667,0.8,0.8166666666666667,0.55,0.8166666666666667,0.01214447021484375,0.0013928890228271484
0.1,0.0129155,0.3,5,0.4133333333333333,0.07102425250887505,721,0.3666666666666667,0.45,0.45,0.3,0.5,0.003578519821166992,0.0013846397399902345
0.1,0.0129155,0.3,10,0.5333333333333333,0.15740958604156793,569,0.7166666666666667,0.45,0.7,0.3,0.5,0.003467750549316406,0.0013858318328857423
0.1,0.0129155,0.3,20,0.35666666666666663,0.14007934259633797,785,0.2833333333333333,0.35,0.6166666666666667,0.2,0.3333333333333333,0.0034950733184814452,0.0013734817504882813
0.1,0.0129155,0.3,50,0.5,0.1864880097426582,624,0.5333333333333333,0.25,0.8,0.3666666666666667,0.55,0.0035331249237060547,0.0013875961303710938
0.1,0.0129155,0.5,5,0.4133333333333333,0.07102425250887505,721,0.3666666666666667,0.45,0.45,0.3,0.5,0.003259897232055664,0.0014473438262939454
0.1,0.0129155,0.5,10,0.5333333333333333,0.15740958604156793,569,0.7166666666666667,0.45,0.7,0.3,0.5,0.0031972408294677736,0.001367664337158203
0.1,0.0129155,0.5,20,0.35666666666666663,0.14007934259633797,785,0.2833333333333333,0.35,0.6166666666666667,0.2,0.3333333333333333,0.003189229965209961,0.0013806343078613282
0.1,0.0129155,0.5,50,0.5,0.1864880097426582,624,0.5333333333333333,0.25,0.8,0.3666666666666667,0.55,0.0032515525817871094,0.0013856887817382812
0.1,0.0129155,0.7,5,0.4133333333333333,0.07102425250887505,721,0.3666666666666667,0.45,0.45,0.3,0.5,0.0032929897308349608,0.0013828277587890625
0.1,0.0129155,0.7,10,0.5333333333333333,0.15740958604156793,569,0.7166666666666667,0.45,0.7,0.3,0.5,0.003198051452636719,0.0013769149780273437
0.1,0.0129155,0.7,20,0.35666666666666663,0.14007934259633797,785,0.2833333333333333,0.35,0.6166666666666667,0.2,0.3333333333333333,0.0031977176666259767,0.0013717174530029296
0.1,0.0129155,0.7,50,0.5,0.1864880097426582,624,0.5333333333333333,0.25,0.8,0.3666666666666667,0.55,0.0032334327697753906,0.0013792037963867188
0.1,0.0129155,0.9,5,0.4133333333333333,0.07102425250887505,721,0.3666666666666667,0.45,0.45,0.3,0.5,0.003227853775024414,0.0014315605163574218
0.1,0.0129155,0.9,10,0.5333333333333333,0.15740958604156793,569,0.7166666666666667,0.45,0.7,0.3,0.5,0.003222370147705078,0.001378345489501953
0.1,0.0129155,0.9,20,0.35666666666666663,0.14007934259633797,785,0.2833333333333333,0.35,0.6166666666666667,0.2,0.3333333333333333,0.0032318592071533202,0.0013773918151855468
0.1,0.0129155,0.9,50,0.5,0.1864880097426582,624,0.5333333333333333,0.25,0.8,0.3666666666666667,0.55,0.0032289981842041015,0.0013796329498291016
0.1,0.0464159,0.1,5,0.65,0.07149203529842407,461,0.6333333333333333,0.5333333333333333,0.6333333333333333,0.7333333333333334,0.7166666666666667,0.023415851593017577,0.001383352279663086
0.1,0.0464159,0.1,10,0.7033333333333334,0.11224972160321826,201,0.6166666666666667,0.6333333333333333,0.9166666666666667,0.6333333333333333,0.7166666666666667,0.023323774337768555,0.00138397216796875
0.1,0.0464159,0.1,20,0.7033333333333334,0.13224556283251582,201,0.8166666666666667,0.5333333333333333,0.8166666666666667,0.55,0.8,0.023339366912841795,0.0013918876647949219
0.1,0.0464159,0.1,50,0.6866666666666668,0.09333333333333332,292,0.7333333333333334,0.6166666666666667,0.8166666666666667,0.55,0.7166666666666667,0.023433732986450195,0.0014186382293701171
0.1,0.0464159,0.3,5,0.6466666666666667,0.07257180352359083,474,0.6166666666666667,0.5333333333333333,0.6333333333333333,0.7333333333333334,0.7166666666666667,0.024329137802124024,0.0013815879821777344
0.1,0.0464159,0.3,10,0.7033333333333334,0.0678232998312527,201,0.7166666666666667,0.6333333333333333,0.8166666666666667,0.6333333333333333,0.7166666666666667,0.024240827560424803,0.0013745784759521484
0.1,0.0464159,0.3,20,0.7433333333333333,0.16819301082057153,44,0.8166666666666667,0.5333333333333333,0.9166666666666667,0.55,0.9,0.02431344985961914,0.001379680633544922
0.1,0.0464159,0.3,50,0.7033333333333334,0.10666666666666665,201,0.7166666666666667,0.6166666666666667,0.8166666666666667,0.55,0.8166666666666667,0.02422623634338379,0.001395273208618164
0.1,0.0464159,0.5,5,0.5166666666666667,0.18012341448141728,604,0.5666666666666667,0.3666666666666667,0.5333333333333333,0.3,0.8166666666666667,0.017183494567871094,0.0013776302337646484
0.1,0.0464159,0.5,10,0.5333333333333333,0.1456784892227477,569,0.5666666666666667,0.45,0.6333333333333333,0.3,0.7166666666666667,0.01715364456176758,0.0013825416564941407
0.1,0.0464159,0.5,20,0.53,0.18024674446127698,586,0.5666666666666667,0.5166666666666667,0.6333333333333333,0.2,0.7333333333333334,0.017163467407226563,0.001381826400756836
0.1,0.0464159,0.5,50,0.5933333333333334,0.12978614889287857,525,0.55,0.6166666666666667,0.7166666666666667,0.3666666666666667,0.7166666666666667,0.017250871658325194,0.0013819694519042968
0.1,0.0464159,0.7,5,0.4133333333333333,0.07102425250887505,721,0.3666666666666667,0.45,0.45,0.3,0.5,0.0040186882019042965,0.0013849735260009766
0.1,0.0464159,0.7,10,0.5333333333333333,0.15740958604156793,569,0.7166666666666667,0.45,0.7,0.3,0.5,0.003943109512329101,0.0013734817504882813
0.1,0.0464159,0.7,20,0.35666666666666663,0.14007934259633797,785,0.2833333333333333,0.35,0.6166666666666667,0.2,0.3333333333333333,0.003951835632324219,0.0014009952545166015
0.1,0.0464159,0.7,50,0.5,0.1864880097426582,624,0.5333333333333333,0.25,0.8,0.3666666666666667,0.55,0.0040133953094482425,0.0013795852661132812
0.1,0.0464159,0.9,5,0.4133333333333333,0.07102425250887505,721,0.3666666666666667,0.45,0.45,0.3,0.5,0.003833436965942383,0.001376962661743164
0.1,0.0464159,0.9,10,0.5333333333333333,0.15740958604156793,569,0.7166666666666667,0.45,0.7,0.3,0.5,0.0038356781005859375,0.0014081954956054687
0.1,0.0464159,0.9,20,0.35666666666666663,0.14007934259633797,785,0.2833333333333333,0.35,0.6166666666666667,0.2,0.3333333333333333,0.003872585296630859,0.0013860225677490234
0.1,0.0464159,0.9,50,0.5,0.1864880097426582,624,0.5333333333333333,0.25,0.8,0.3666666666666667,0.55,0.0038315773010253905,0.0013799667358398438
0.1,0.16681,0.1,5,0.6066666666666667,0.1218377792166471,520,0.6166666666666667,0.5333333333333333,0.4166666666666667,0.75,0.7166666666666667,0.05481529235839844,0.001390838623046875
0.1,0.16681,0.1,10,0.6699999999999999,0.09092121131323908,382,0.6333333333333333,0.5333333333333333,0.7333333333333334,0.65,0.8,0.054743289947509766,0.0014010906219482423
0.1,0.16681,0.1,20,0.7066666666666667,0.06018490028422599,175,0.7166666666666667,0.6333333333333333,0.7333333333333334,0.65,0.8,0.05488567352294922,0.0014031410217285156
0.1,0.16681,0.1,50,0.7066666666666668,0.10728984626287387,173,0.8166666666666667,0.5333333333333333,0.8166666666666667,0.65,0.7166666666666667,0.05486769676208496,0.0014009475708007812
0.1,0.16681,0.3,5,0.6333333333333334,0.12692955176439846,499,0.43333333333333335,0.5333333333333333,0.75,0.7333333333333334,0.7166666666666667,0.05942544937133789,0.0014046669006347657
0.1,0.16681,0.3,10,0.6633333333333333,0.12970050972229144,428,0.6166666666666667,0.5166666666666667,0.8333333333333333,0.55,0.8,0.05935759544372558,0.001400899887084961
0.1,0.16681,0.3,20,0.76,0.14779866184930246,26,0.9,0.5333333333333333,0.9166666666666667,0.65,0.8,0.059377098083496095,0.0013971328735351562
0.1,0.16681,0.3,50,0.7066666666666667,0.08666666666666666,175,0.7333333333333334,0.7166666666666667,0.8166666666666667,0.55,0.7166666666666667,0.05942659378051758,0.0014005184173583984
0.1,0.16681,0.5,5,0.7033333333333334,0.09030811456096045,201,0.5333333333333333,0.7166666666666667,0.75,0.7166666666666667,0.8,0.06244649887084961,0.0013875484466552735
0.1,0.16681,0.5,10,0.7033333333333334,0.10718623460542348,201,0.7166666666666667,0.6166666666666667,0.8333333333333333,0.55,0.8,0.06205062866210938,0.0013835906982421875
0.1,0.16681,0.5,20,0.72,0.13224556283251584,133,0.8,0.5333333333333333,0.9166666666666667,0.6333333333333333,0.7166666666666667,0.06218137741088867,0.0013878345489501953
0.1,0.16681,0.5,50,0.74,0.10198039027185568,59,0.8166666666666667,0.8,0.8166666666666667,0.55,0.7166666666666667,0.06237726211547852,0.0014251708984375
0.1,0.16681,0.7,5,0.6866666666666668,0.05206833117271103,292,0.6333333333333333,0.6166666666666667,0.75,0.7166666666666667,0.7166666666666667,0.06306257247924804,0.0014009475708007812
0.1,0.16681,0.7,10,0.7233333333333334,0.11284207253207167,103,0.8166666666666667,0.5166666666666667,0.8333333333333333,0.7333333333333334,0.7166666666666667,0.061953496932983396,0.0014150619506835937
0.1,0.16681,0.7,20,0.7366666666666666,0.13140268896284682,86,0.9,0.6166666666666667,0.8166666666666667,0.55,0.8,0.06202630996704102,0.0014163970947265625
0.1,0.16681,0.7,50,0.74,0.10198039027185568,59,0.8166666666666667,0.8,0.8166666666666667,0.55,0.7166666666666667,0.06234269142150879,0.0013995170593261719
0.1,0.16681,0.9,5,0.68,0.06,344,0.6,0.6166666666666667,0.75,0.7166666666666667,0.7166666666666667,0.06942682266235352,0.0014100074768066406
0.1,0.16681,0.9,10,0.7166666666666667,0.010540925533894631,156,0.7,0.7166666666666667,0.7166666666666667,0.7333333333333334,0.7166666666666667,0.06938371658325196,0.0013892650604248047
0.1,0.16681,0.9,20,0.72,0.08589399151150083,133,0.8166666666666667,0.7166666666666667,0.6166666666666667,0.6333333333333333,0.8166666666666667,0.06959452629089355,0.001390695571899414
0.1,0.16681,0.9,50,0.7433333333333332,0.10413666234542203,58,0.8166666666666667,0.7166666666666667,0.8166666666666667,0.55,0.8166666666666667,0.06965389251708984,0.00139923095703125
0.1,0.599484,0.1,5,0.6533333333333333,0.07557189365836424,447,0.6333333333333333,0.5333333333333333,0.6333333333333333,0.75,0.7166666666666667,0.12920899391174318,0.0014260768890380859
0.1,0.599484,0.1,10,0.6666666666666666,0.1140175425099138,406,0.7166666666666667,0.5333333333333333,0.5333333333333333,0.7333333333333334,0.8166666666666667,0.12944822311401366,0.0014416694641113282
0.1,0.599484,0.1,20,0.6900000000000001,0.0879393730551528,270,0.6333333333333333,0.7333333333333334,0.7333333333333334,0.55,0.8,0.12950749397277833,0.0014229774475097655
0.1,0.599484,0.1,50,0.7033333333333334,0.0865383665716478,201,0.6166666666666667,0.6333333333333333,0.8166666666666667,0.65,0.8,0.12920889854431153,0.0014244556427001954
0.1,0.599484,0.3,5,0.6266666666666667,0.12978614889287857,511,0.7166666666666667,0.5333333333333333,0.4166666666666667,0.75,0.7166666666666667,0.14754204750061034,0.0014182567596435548
0.1,0.599484,0.3,10,0.7266666666666666,0.08273115763993905,101,0.6333333333333333,0.6333333333333333,0.8333333333333333,0.7333333333333334,0.8,0.14800219535827636,0.0014355182647705078
0.1,0.599484,0.3,20,0.6866666666666668,0.09030811456096045,292,0.7166666666666667,0.5333333333333333,0.7333333333333334,0.65,0.8,0.14859328269958497,0.0014582633972167968
0.1,0.599484,0.3,50,0.6666666666666666,0.1085254706406647,406,0.7166666666666667,0.5333333333333333,0.8166666666666667,0.55,0.7166666666666667,0.14782681465148925,0.0014498233795166016
0.1,0.599484,0.5,5,0.6266666666666667,0.12138094304022085,511,0.43333333333333335,0.5333333333333333,0.7166666666666667,0.7333333333333334,0.7166666666666667,0.16071696281433107,0.0014901161193847656
0.1,0.599484,0.5,10,0.6666666666666666,0.1312334645668635,406,0.5333333333333333,0.5166666666666667,0.8333333333333333,0.65,0.8,0.1609337329864502,0.001450824737548828
0.1,0.599484,0.5,20,0.6533333333333333,0.0852447456836295,447,0.6333333333333333,0.5333333333333333,0.65,0.65,0.8,0.16083908081054688,0.0014532089233398437
0.1,0.599484,0.5,50,0.72,0.058118652580542315,133,0.7166666666666667,0.7166666666666667,0.8166666666666667,0.6333333333333333,0.7166666666666667,0.16062440872192382,0.0014601707458496093
0.1,0.599484,0.7,5,0.6733333333333333,0.08069145624606805,365,0.5333333333333333,0.6333333333333333,0.75,0.7333333333333334,0.7166666666666667,0.18161253929138182,0.00143890380859375
0.1,0.599484,0.7,10,0.6666666666666666,0.11785113019775792,406,0.5333333333333333,0.5166666666666667,0.7333333333333334,0.75,0.8,0.1817835807800293,0.0014447212219238282
0.1,0.599484,0.7,20,0.7066666666666667,0.14321700705960558,175,0.9,0.5333333333333333,0.75,0.55,0.8,0.1819477081298828,0.001453065872192383
0.1,0.599484,0.7,50,0.74,0.0992191737742481,59,0.8166666666666667,0.8,0.7333333333333334,0.55,0.8,0.1817248821258545,0.0014586448669433594
0.1,0.599484,0.9,5,0.6900000000000001,0.0793025150224688,270,0.5333333333333333,0.7166666666666667,0.75,0.7333333333333334,0.7166666666666667,0.1854844093322754,0.0014536380767822266
0.1,0.599484,0.9,10,0.6466666666666667,0.10402991022884825,474,0.5333333333333333,0.6166666666666667,0.7333333333333334,0.55,0.8,0.18579983711242676,0.0014462471008300781
0.1,0.599484,0.9,20,0.6833333333333332,0.14375905768565217,334,0.9,0.5333333333333333,0.6333333333333333,0.55,0.8,0.18557963371276856,0.001444864273071289
0.1,0.599484,0.9,50,0.7366666666666667,0.11803954139750514,84,0.9,0.7,0.8166666666666667,0.55,0.7166666666666667,0.18557863235473632,0.0014801025390625
0.1,2.15443,0.1,5,0.6933333333333334,0.09580071908799945,266,0.8166666666666667,0.5333333333333333,0.7333333333333334,0.65,0.7333333333333334,0.26029720306396487,0.0015112876892089844
0.1,2.15443,0.1,10,0.63,0.08589399151150086,505,0.6333333333333333,0.5333333333333333,0.5333333333333333,0.7333333333333334,0.7166666666666667,0.2603921413421631,0.001497507095336914
0.1,2.15443,0.1,20,0.7466666666666667,0.05906681715556449,33,0.8166666666666667,0.7333333333333334,0.7333333333333334,0.65,0.8,0.261292552947998,0.0014837265014648437
0.1,2.15443,0.1,50,0.72,0.10077477638553982,133,0.7166666666666667,0.5333333333333333,0.8166666666666667,0.7333333333333334,0.8,0.26149439811706543,0.0014884471893310547
0.1,2.15443,0.3,5,0.7266666666666668,0.16006942938057292,92,0.8,0.43333333333333335,0.7333333333333334,0.75,0.9166666666666667,0.33089561462402345,0.0015313148498535157
0.1,2.15443,0.3,10,0.6866666666666666,0.15289793254906286,305,0.6333333333333333,0.5333333333333333,0.5333333333333333,0.8333333333333333,0.9,0.3277839183807373,0.0015323162078857422
0.1,2.15443,0.3,20,0.6900000000000001,0.06633249580710802,270,0.6333333333333333,0.6333333333333333,0.7333333333333334,0.65,0.8,0.3277778625488281,0.001626729965209961
0.1,2.15443,0.3,50,0.6833333333333332,0.1206464071390257,334,0.7166666666666667,0.5333333333333333,0.8166666666666667,0.55,0.8,0.32758297920227053,0.001528787612915039
0.1,2.15443,0.5,5,0.6799999999999999,0.17619433715203348,346,0.8,0.43333333333333335,0.5166666666666667,0.75,0.9,0.36304483413696287,0.0015240192413330078
0.1,2.15443,0.5,10,0.7066666666666667,0.1420485050177501,175,0.5333333333333333,0.5333333333333333,0.8333333333333333,0.8333333333333333,0.8,0.36309099197387695,0.001538991928100586
0.1,2.15443,0.5,20,0.7066666666666667,0.10466878978738388,175,0.8166666666666667,0.5333333333333333,0.7333333333333334,0.65,0.8,0.3629725933074951,0.0015457630157470702
0.1,2.15443,0.5,50,0.6833333333333332,0.1206464071390257,334,0.7166666666666667,0.5333333333333333,0.8166666666666667,0.55,0.8,0.3638166904449463,0.0015503883361816407
0.1,2.15443,0.7,5,0.66,0.16451950239004087,437,0.7166666666666667,0.7166666666666667,0.4166666666666667,0.55,0.9,0.3923192977905273,0.001536989212036133
0.1,2.15443,0.7,10,0.6866666666666666,0.17713773674115227,305,0.5333333333333333,0.43333333333333335,0.7333333333333334,0.8333333333333333,0.9,0.39205164909362794,0.0015291213989257813
0.1,2.15443,0.7,20,0.6900000000000001,0.092255683353987,270,0.7166666666666667,0.5333333333333333,0.75,0.65,0.8,0.3931093215942383,0.0015389442443847657
0.1,2.15443,0.7,50,0.7,0.13662601021279466,256,0.6166666666666667,0.6166666666666667,0.9166666666666667,0.55,0.8,0.39287590980529785,0.0015204906463623046
0.1,2.15443,0.9,5,0.72,0.11075498483890765,133,0.7166666666666667,0.7166666666666667,0.7166666666666667,0.55,0.9,0.4053658485412598,0.0015233516693115234
0.1,2.15443,0.9,10,0.6666666666666667,0.16465452046971296,397,0.5333333333333333,0.43333333333333335,0.7333333333333334,0.7333333333333334,0.9,0.4040095329284668,0.0015254020690917969
0.1,2.15443,0.9,20,0.6699999999999999,0.08781293248212996,382,0.7166666666666667,0.5333333333333333,0.65,0.65,0.8,0.40455803871154783,0.0015283584594726562
0.1,2.15443,0.9,50,0.74,0.0992191737742481,59,0.8166666666666667,0.8,0.7333333333333334,0.55,0.8,0.4042266845703125,0.001517009735107422
0.1,7.74264,0.1,5,0.6766666666666666,0.07859884081701067,352,0.7333333333333334,0.5333333333333333,0.7333333333333334,0.65,0.7333333333333334,0.313334321975708,0.0015155315399169923
0.1,7.74264,0.1,10,0.6866666666666666,0.17713773674115227,305,0.8333333333333333,0.5333333333333333,0.43333333333333335,0.7333333333333334,0.9,0.3137377738952637,0.0015057086944580077
0.1,7.74264,0.1,20,0.7633333333333334,0.12666666666666668,5,0.8166666666666667,0.5333333333333333,0.8333333333333333,0.7333333333333334,0.9,0.31419811248779295,0.0015161991119384765
0.1,7.74264,0.1,50,0.74,0.10780641085864154,59,0.8166666666666667,0.5333333333333333,0.8166666666666667,0.7333333333333334,0.8,0.31443238258361816,0.0015269279479980468
0.1,7.74264,0.3,5,0.71,0.16418147141366335,162,0.9166666666666667,0.43333333333333335,0.7333333333333334,0.65,0.8166666666666667,0.5418335914611816,0.0015511035919189454
0.1,7.74264,0.3,10,0.6833333333333333,0.13824294235551815,325,0.7166666666666667,0.5333333333333333,0.5333333333333333,0.7333333333333334,0.9,0.5437161445617675,0.0015502452850341796
0.1,7.74264,0.3,20,0.6866666666666668,0.0865383665716478,292,0.7166666666666667,0.6333333333333333,0.7333333333333334,0.55,0.8,0.5442547798156738,0.0015379428863525391
0.1,7.74264,0.3,50,0.6833333333333333,0.10903618155864084,325,0.6166666666666667,0.5333333333333333,0.8166666666666667,0.65,0.8,0.5426061630249024,0.0015633106231689453
0.1,7.74264,0.5,5,0.7300000000000001,0.18116904322268257,90,0.9166666666666667,0.43333333333333335,0.7333333333333334,0.65,0.9166666666666667,0.6062820434570313,0.001538848876953125
0.1,7.74264,0.5,10,0.6866666666666666,0.15289793254906286,305,0.6333333333333333,0.5333333333333333,0.5333333333333333,0.8333333333333333,0.9,0.6078205585479737,0.0016062259674072266
0.1,7.74264,0.5,20,0.6533333333333333,0.10295630140987001,447,0.55,0.5333333333333333,0.7333333333333334,0.65,0.8,0.6065168857574463,0.0015445232391357421
0.1,7.74264,0.5,50,0.7033333333333334,0.10402991022884824,201,0.7166666666666667,0.5333333333333333,0.8166666666666667,0.65,0.8,0.604222297668457,0.0015687942504882812
0.1,7.74264,0.7,5,0.6466666666666667,0.19362047641943475,474,0.8,0.43333333333333335,0.43333333333333335,0.65,0.9166666666666667,0.6716362476348877,0.0015583515167236328
0.1,7.74264,0.7,10,0.7066666666666667,0.1420485050177501,175,0.5333333333333333,0.5333333333333333,0.8333333333333333,0.8333333333333333,0.8,0.6729910373687744,0.0016927719116210938
0.1,7.74264,0.7,20,0.6666666666666666,0.12605113600792692,406,0.7166666666666667,0.43333333333333335,0.7333333333333334,0.65,0.8,0.6711760044097901,0.0016331672668457031
0.1,7.74264,0.7,50,0.6833333333333332,0.15018507101425083,334,0.6166666666666667,0.5333333333333333,0.9166666666666667,0.55,0.8,0.6709150791168212,0.0015502452850341796
0.1,7.74264,0.9,5,0.6466666666666667,0.19362047641943475,474,0.8,0.43333333333333335,0.43333333333333335,0.65,0.9166666666666667,0.7136386871337891,0.001565265655517578
0.1,7.74264,0.9,10,0.6666666666666666,0.20110804171997806,406,0.5333333333333333,0.3333333333333333,0.8333333333333333,0.8333333333333333,0.8,0.7144031047821044,0.0015591621398925782
0.1,7.74264,0.9,20,0.6666666666666666,0.14337208778404376,406,0.6166666666666667,0.43333333333333335,0.8333333333333333,0.65,0.8,0.7136444091796875,0.0015450477600097655
0.1,7.74264,0.9,50,0.7433333333333333,0.14476033833738977,44,0.7166666666666667,0.6333333333333333,0.9166666666666667,0.55,0.9,0.7131208419799805,0.001558065414428711
0.1,27.8256,0.1,5,0.6533333333333333,0.09854496999396321,447,0.7333333333333334,0.5166666666666667,0.55,0.7333333333333334,0.7333333333333334,0.31193904876708983,0.0015235424041748046
0.1,27.8256,0.1,10,0.7033333333333334,0.16546231527987806,201,0.8333333333333333,0.6166666666666667,0.43333333333333335,0.7333333333333334,0.9,0.3129094123840332,0.001512002944946289
0.1,27.8256,0.1,20,0.7433333333333333,0.12454361128179602,44,0.7166666666666667,0.5333333333333333,0.8333333333333333,0.7333333333333334,0.9,0.3134274959564209,0.0015059471130371093
0.1,27.8256,0.1,50,0.7033333333333334,0.10402991022884824,201,0.7166666666666667,0.5333333333333333,0.8166666666666667,0.65,0.8,0.31325974464416506,0.0015220165252685547
0.1,27.8256,0.3,5,0.6766666666666666,0.07859884081701067,352,0.7333333333333334,0.5333333333333333,0.7333333333333334,0.65,0.7333333333333334,0.4395026683807373,0.001540803909301758
0.1,27.8256,0.3,10,0.67,0.17587874611030557,375,0.8333333333333333,0.5333333333333333,0.43333333333333335,0.65,0.9,0.4367475986480713,0.001536989212036133
0.1,27.8256,0.3,20,0.7633333333333334,0.09333333333333332,5,0.7166666666666667,0.6333333333333333,0.8333333333333333,0.7333333333333334,0.9,0.4373884677886963,0.0015457630157470702
0.1,27.8256,0.3,50,0.74,0.10780641085864154,59,0.8166666666666667,0.5333333333333333,0.8166666666666667,0.7333333333333334,0.8,0.4377492904663086,0.0015413761138916016
0.1,27.8256,0.5,5,0.71,0.10780641085864154,162,0.8166666666666667,0.5333333333333333,0.7333333333333334,0.65,0.8166666666666667,0.677297830581665,0.0015563488006591797
0.1,27.8256,0.5,10,0.7066666666666667,0.15114378731672845,175,0.8333333333333333,0.5333333333333333,0.5333333333333333,0.7333333333333334,0.9,0.6761421203613281,0.0015638351440429687
0.1,27.8256,0.5,20,0.6699999999999999,0.08717797887081348,382,0.6333333333333333,0.6333333333333333,0.7333333333333334,0.55,0.8,0.6765224933624268,0.001554727554321289
0.1,27.8256,0.5,50,0.72,0.10077477638553982,133,0.7166666666666667,0.5333333333333333,0.8166666666666667,0.7333333333333334,0.8,0.67636079788208,0.0015584468841552735
0.1,27.8256,0.7,5,0.71,0.16418147141366335,162,0.9166666666666667,0.43333333333333335,0.7333333333333334,0.65,0.8166666666666667,0.8118957042694092,0.001545286178588867
0.1,27.8256,0.7,10,0.6633333333333333,0.10974718422102887,428,0.7166666666666667,0.5333333333333333,0.5333333333333333,0.7333333333333334,0.8,0.811961030960083,0.00171661376953125
0.1,27.8256,0.7,20,0.67,0.15613384571507158,375,0.55,0.5333333333333333,0.8166666666666667,0.55,0.9,0.8118074893951416,0.0015691280364990234
0.1,27.8256,0.7,50,0.6633333333333333,0.12174654911833116,428,0.6166666666666667,0.5333333333333333,0.8166666666666667,0.55,0.8,0.8118997573852539,0.00156097412109375
0.1,27.8256,0.9,5,0.6900000000000001,0.15584892970081282,270,0.9166666666666667,0.43333333333333335,0.7333333333333334,0.65,0.7166666666666667,0.8717352867126464,0.001553487777709961
0.1,27.8256,0.9,10,0.7033333333333333,0.15070206073943088,252,0.7166666666666667,0.5333333333333333,0.5333333333333333,0.8333333333333333,0.9,0.8727733612060546,0.0015508174896240235
0.1,27.8256,0.9,20,0.6733333333333335,0.08602325267042628,362,0.55,0.6333333333333333,0.7333333333333334,0.65,0.8,0.8763089656829834,0.0015572071075439452
0.1,27.8256,0.9,50,0.6833333333333333,0.10903618155864084,325,0.6166666666666667,0.5333333333333333,0.8166666666666667,0.65,0.8,0.8772570610046386,0.0015539169311523438
0.1,100.0,0.1,5,0.6366666666666667,0.12400716825158851,496,0.7333333333333334,0.43333333333333335,0.55,0.7333333333333334,0.7333333333333334,0.3738887310028076,0.00151519775390625
0.1,100.0,0.1,10,0.7033333333333334,0.16546231527987806,201,0.8333333333333333,0.6166666666666667,0.43333333333333335,0.7333333333333334,0.9,0.37395029067993163,0.0015649795532226562
0.1,100.0,0.1,20,0.7266666666666667,0.13232955494186138,96,0.6333333333333333,0.5333333333333333,0.8333333333333333,0.7333333333333334,0.9,0.3738725185394287,0.0015729904174804688
0.1,100.0,0.1,50,0.74,0.10780641085864154,59,0.8166666666666667,0.5333333333333333,0.8166666666666667,0.7333333333333334,0.8,0.3744338035583496,0.0015252590179443359
0.1,100.0,0.3,5,0.6533333333333333,0.09854496999396321,447,0.7333333333333334,0.5166666666666667,0.55,0.7333333333333334,0.7333333333333334,0.37726483345031736,0.0015241622924804688
0.1,100.0,0.3,10,0.7033333333333334,0.16546231527987806,201,0.8333333333333333,0.6166666666666667,0.43333333333333335,0.7333333333333334,0.9,0.3780817031860352,0.0015326499938964843
0.1,100.0,0.3,20,0.7433333333333333,0.12454361128179602,44,0.7166666666666667,0.5333333333333333,0.8333333333333333,0.7333333333333334,0.9,0.3773155212402344,0.001528167724609375
0.1,100.0,0.3,50,0.72,0.10077477638553982,133,0.7166666666666667,0.5333333333333333,0.8166666666666667,0.7333333333333334,0.8,0.3771632194519043,0.0015410423278808595
0.1,100.0,0.5,5,0.6900000000000001,0.08666666666666667,270,0.7333333333333334,0.5166666666666667,0.7333333333333334,0.7333333333333334,0.7333333333333334,0.3952660083770752,0.0015331268310546874
0.1,100.0,0.5,10,0.7033333333333334,0.16546231527987806,201,0.8333333333333333,0.6166666666666667,0.43333333333333335,0.7333333333333334,0.9,0.39621853828430176,0.0015361309051513672
0.1,100.0,0.5,20,0.7433333333333333,0.12454361128179602,44,0.7166666666666667,0.5333333333333333,0.8333333333333333,0.7333333333333334,0.9,0.39601659774780273,0.0015231609344482423
0.1,100.0,0.5,50,0.74,0.10780641085864154,59,0.8166666666666667,0.5333333333333333,0.8166666666666667,0.7333333333333334,0.8,0.39516477584838866,0.001539468765258789
0.1,100.0,0.7,5,0.6766666666666666,0.07859884081701067,352,0.7333333333333334,0.5333333333333333,0.7333333333333334,0.65,0.7333333333333334,0.4335230827331543,0.0015536785125732423
0.1,100.0,0.7,10,0.7033333333333334,0.16546231527987806,201,0.8333333333333333,0.6166666666666667,0.43333333333333335,0.7333333333333334,0.9,0.43451704978942873,0.0015503883361816407
0.1,100.0,0.7,20,0.7433333333333333,0.12454361128179602,44,0.7166666666666667,0.5333333333333333,0.8333333333333333,0.7333333333333334,0.9,0.431973934173584,0.0015381336212158202
0.1,100.0,0.7,50,0.7233333333333334,0.11382247385975916,103,0.8166666666666667,0.5333333333333333,0.8166666666666667,0.65,0.8,0.4320231914520264,0.001543426513671875
0.1,100.0,0.9,5,0.6766666666666666,0.07859884081701067,352,0.7333333333333334,0.5333333333333333,0.7333333333333334,0.65,0.7333333333333334,0.4851128101348877,0.0016499042510986328
0.1,100.0,0.9,10,0.6866666666666666,0.16579773487261182,305,0.8333333333333333,0.6166666666666667,0.43333333333333335,0.65,0.9,0.48543882369995117,0.0015487194061279297
0.1,100.0,0.9,20,0.7433333333333333,0.12454361128179602,44,0.7166666666666667,0.5333333333333333,0.8333333333333333,0.7333333333333334,0.9,0.4834968090057373,0.001542949676513672
0.1,100.0,0.9,50,0.74,0.10780641085864154,59,0.8166666666666667,0.5333333333333333,0.8166666666666667,0.7333333333333334,0.8,0.4846132755279541,0.0015509605407714843
0.2,0.001,0.1,5,0.4333333333333334,0.06912147117775908,705,0.4666666666666667,0.45,0.45,0.3,0.5,0.0032645702362060548,0.0013785362243652344
0.2,0.001,0.1,10,0.5366666666666666,0.16138291249213607,552,0.7333333333333334,0.45,0.7,0.3,0.5,0.0032512664794921873,0.0013782501220703125
0.2,0.001,0.1,20,0.36333333333333334,0.14275075403575904,769,0.3833333333333333,0.18333333333333335,0.6166666666666667,0.3,0.3333333333333333,0.0032460689544677734,0.001388692855834961
0.2,0.001,0.1,50,0.5166666666666667,0.19379255804998177,604,0.5333333333333333,0.25,0.8,0.3666666666666667,0.6333333333333333,0.003286457061767578,0.0014055252075195312
0.2,0.001,0.3,5,0.4333333333333334,0.06912147117775908,705,0.4666666666666667,0.45,0.45,0.3,0.5,0.003197479248046875,0.001378011703491211
0.2,0.001,0.3,10,0.5366666666666666,0.16138291249213607,552,0.7333333333333334,0.45,0.7,0.3,0.5,0.0032758712768554688,0.001397991180419922
0.2,0.001,0.3,20,0.36333333333333334,0.14275075403575904,769,0.3833333333333333,0.18333333333333335,0.6166666666666667,0.3,0.3333333333333333,0.003240156173706055,0.001384878158569336
0.2,0.001,0.3,50,0.5166666666666667,0.19379255804998177,604,0.5333333333333333,0.25,0.8,0.3666666666666667,0.6333333333333333,0.0032598495483398436,0.001393747329711914
0.2,0.001,0.5,5,0.4333333333333334,0.06912147117775908,705,0.4666666666666667,0.45,0.45,0.3,0.5,0.003210926055908203,0.001386404037475586
0.2,0.001,0.5,10,0.5366666666666666,0.16138291249213607,552,0.7333333333333334,0.45,0.7,0.3,0.5,0.0032573223114013674,0.0013728618621826171
0.2,0.001,0.5,20,0.36333333333333334,0.14275075403575904,769,0.3833333333333333,0.18333333333333335,0.6166666666666667,0.3,0.3333333333333333,0.0032440185546875,0.0013871192932128906
0.2,0.001,0.5,50,0.5166666666666667,0.19379255804998177,604,0.5333333333333333,0.25,0.8,0.3666666666666667,0.6333333333333333,0.0033089160919189454,0.0013963699340820313
0.2,0.001,0.7,5,0.4333333333333334,0.06912147117775908,705,0.4666666666666667,0.45,0.45,0.3,0.5,0.0032251358032226564,0.0013762950897216798
0.2,0.001,0.7,10,0.5366666666666666,0.16138291249213607,552,0.7333333333333334,0.45,0.7,0.3,0.5,0.003243875503540039,0.0013695240020751953
0.2,0.001,0.7,20,0.36333333333333334,0.14275075403575904,769,0.3833333333333333,0.18333333333333335,0.6166666666666667,0.3,0.3333333333333333,0.003201580047607422,0.0013835906982421875
0.2,0.001,0.7,50,0.5166666666666667,0.19379255804998177,604,0.5333333333333333,0.25,0.8,0.3666666666666667,0.6333333333333333,0.0033041000366210937,0.0013973236083984375
0.2,0.001,0.9,5,0.4333333333333334,0.06912147117775908,705,0.4666666666666667,0.45,0.45,0.3,0.5,0.0031807422637939453,0.0013836860656738282
0.2,0.001,0.9,10,0.5366666666666666,0.16138291249213607,552,0.7333333333333334,0.45,0.7,0.3,0.5,0.0032367706298828125,0.0013803958892822266
0.2,0.001,0.9,20,0.36333333333333334,0.14275075403575904,769,0.3833333333333333,0.18333333333333335,0.6166666666666667,0.3,0.3333333333333333,0.0031984806060791015,0.001378631591796875
0.2,0.001,0.9,50,0.5166666666666667,0.19379255804998177,604,0.5333333333333333,0.25,0.8,0.3666666666666667,0.6333333333333333,0.003301095962524414,0.0013949871063232422
0.2,0.00359381,0.1,5,0.4333333333333334,0.06912147117775908,705,0.4666666666666667,0.45,0.45,0.3,0.5,0.0033366203308105467,0.0013659477233886718
0.2,0.00359381,0.1,10,0.5366666666666666,0.16138291249213607,552,0.7333333333333334,0.45,0.7,0.3,0.5,0.0033646583557128905,0.0013854026794433594
0.2,0.00359381,0.1,20,0.36333333333333334,0.14275075403575904,769,0.3833333333333333,0.18333333333333335,0.6166666666666667,0.3,0.3333333333333333,0.0032828807830810546,0.0013777256011962891
0.2,0.00359381,0.1,50,0.5166666666666667,0.19379255804998177,604,0.5333333333333333,0.25,0.8,0.3666666666666667,0.6333333333333333,0.00338892936706543,0.0013940811157226562
0.2,0.00359381,0.3,5,0.4333333333333334,0.06912147117775908,705,0.4666666666666667,0.45,0.45,0.3,0.5,0.00321044921875,0.0013885498046875
0.2,0.00359381,0.3,10,0.5366666666666666,0.16138291249213607,552,0.7333333333333334,0.45,0.7,0.3,0.5,0.003238344192504883,0.0013941287994384765
0.2,0.00359381,0.3,20,0.36333333333333334,0.14275075403575904,769,0.3833333333333333,0.18333333333333335,0.6166666666666667,0.3,0.3333333333333333,0.0032485485076904296,0.0013892173767089844
0.2,0.00359381,0.3,50,0.5166666666666667,0.19379255804998177,604,0.5333333333333333,0.25,0.8,0.3666666666666667,0.6333333333333333,0.0032382965087890624,0.0013888359069824218
0.2,0.00359381,0.5,5,0.4333333333333334,0.06912147117775908,705,0.4666666666666667,0.45,0.45,0.3,0.5,0.0032186985015869142,0.0013772964477539063
0.2,0.00359381,0.5,10,0.5366666666666666,0.16138291249213607,552,0.7333333333333334,0.45,0.7,0.3,0.5,0.003240680694580078,0.0013705730438232423
0.2,0.00359381,0.5,20,0.36333333333333334,0.14275075403575904,769,0.3833333333333333,0.18333333333333335,0.6166666666666667,0.3,0.3333333333333333,0.0032682418823242188,0.001385974884033203
0.2,0.00359381,0.5,50,0.5166666666666667,0.19379255804998177,604,0.5333333333333333,0.25,0.8,0.3666666666666667,0.6333333333333333,0.003214454650878906,0.001392507553100586
0.2,0.00359381,0.7,5,0.4333333333333334,0.06912147117775908,705,0.4666666666666667,0.45,0.45,0.3,0.5,0.0032352924346923826,0.0013785839080810546
0.2,0.00359381,0.7,10,0.5366666666666666,0.16138291249213607,552,0.7333333333333334,0.45,0.7,0.3,0.5,0.0032539844512939455,0.0013858795166015625
0.2,0.00359381,0.7,20,0.36333333333333334,0.14275075403575904,769,0.3833333333333333,0.18333333333333335,0.6166666666666667,0.3,0.3333333333333333,0.0032662391662597657,0.001374959945678711
0.2,0.00359381,0.7,50,0.5166666666666667,0.19379255804998177,604,0.5333333333333333,0.25,0.8,0.3666666666666667,0.6333333333333333,0.003211784362792969,0.0013879299163818359
0.2,0.00359381,0.9,5,0.4333333333333334,0.06912147117775908,705,0.4666666666666667,0.45,0.45,0.3,0.5,0.003213357925415039,0.0013822078704833984
0.2,0.00359381,0.9,10,0.5366666666666666,0.16138291249213607,552,0.7333333333333334,0.45,0.7,0.3,0.5,0.0032455921173095703,0.0013916015625
0.2,0.00359381,0.9,20,0.36333333333333334,0.14275075403575904,769,0.3833333333333333,0.18333333333333335,0.6166666666666667,0.3,0.3333333333333333,0.003280782699584961,0.0013776779174804687
0.2,0.00359381,0.9,50,0.5166666666666667,0.19379255804998177,604,0.5333333333333333,0.25,0.8,0.3666666666666667,0.6333333333333333,0.003230762481689453,0.0013869762420654296
0.2,0.0129155,0.1,5,0.5166666666666667,0.14102797200870787,604,0.43333333333333335,0.35,0.43333333333333335,0.65,0.7166666666666667,0.012235069274902343,0.0013874530792236327
0.2,0.0129155,0.1,10,0.7233333333333334,0.10360180178613372,103,0.7166666666666667,0.6333333333333333,0.9166666666666667,0.6333333333333333,0.7166666666666667,0.012151956558227539,0.001381683349609375
0.2,0.0129155,0.1,20,0.7766666666666666,0.11185307823708347,2,0.7166666666666667,0.7166666666666667,0.9166666666666667,0.6333333333333333,0.9,0.012147998809814453,0.0013865947723388672
0.2,0.0129155,0.1,50,0.7399999999999999,0.10198039027185568,81,0.7166666666666667,0.8,0.8166666666666667,0.55,0.8166666666666667,0.01214895248413086,0.0013886451721191405
0.2,0.0129155,0.3,5,0.4333333333333334,0.06912147117775908,705,0.4666666666666667,0.45,0.45,0.3,0.5,0.0035037994384765625,0.0013836383819580077
0.2,0.0129155,0.3,10,0.5366666666666666,0.16138291249213607,552,0.7333333333333334,0.45,0.7,0.3,0.5,0.003517627716064453,0.001380157470703125
0.2,0.0129155,0.3,20,0.36333333333333334,0.14275075403575904,769,0.3833333333333333,0.18333333333333335,0.6166666666666667,0.3,0.3333333333333333,0.003504228591918945,0.001375436782836914
0.2,0.0129155,0.3,50,0.5166666666666667,0.19379255804998177,604,0.5333333333333333,0.25,0.8,0.3666666666666667,0.6333333333333333,0.0035785675048828126,0.0013885498046875
0.2,0.0129155,0.5,5,0.4333333333333334,0.06912147117775908,705,0.4666666666666667,0.45,0.45,0.3,0.5,0.003225898742675781,0.0013863563537597657
0.2,0.0129155,0.5,10,0.5366666666666666,0.16138291249213607,552,0.7333333333333334,0.45,0.7,0.3,0.5,0.0032568931579589843,0.001389312744140625
0.2,0.0129155,0.5,20,0.36333333333333334,0.14275075403575904,769,0.3833333333333333,0.18333333333333335,0.6166666666666667,0.3,0.3333333333333333,0.003220272064208984,0.001437807083129883
0.2,0.0129155,0.5,50,0.5166666666666667,0.19379255804998177,604,0.5333333333333333,0.25,0.8,0.3666666666666667,0.6333333333333333,0.003236722946166992,0.0013719558715820312
0.2,0.0129155,0.7,5,0.4333333333333334,0.06912147117775908,705,0.4666666666666667,0.45,0.45,0.3,0.5,0.0032087326049804687,0.0013760089874267577
0.2,0.0129155,0.7,10,0.5366666666666666,0.16138291249213607,552,0.7333333333333334,0.45,0.7,0.3,0.5,0.0032491207122802733,0.0013749122619628907
0.2,0.0129155,0.7,20,0.36333333333333334,0.14275075403575904,769,0.3833333333333333,0.18333333333333335,0.6166666666666667,0.3,0.3333333333333333,0.003299903869628906,0.0013870716094970704
0.2,0.0129155,0.7,50,0.5166666666666667,0.19379255804998177,604,0.5333333333333333,0.25,0.8,0.3666666666666667,0.6333333333333333,0.003225851058959961,0.0013790607452392578
0.2,0.0129155,0.9,5,0.4333333333333334,0.06912147117775908,705,0.4666666666666667,0.45,0.45,0.3,0.5,0.0031882762908935548,0.0013761520385742188
0.2,0.0129155,0.9,10,0.5366666666666666,0.16138291249213607,552,0.7333333333333334,0.45,0.7,0.3,0.5,0.003237295150756836,0.001375436782836914
0.2,0.0129155,0.9,20,0.36333333333333334,0.14275075403575904,769,0.3833333333333333,0.18333333333333335,0.6166666666666667,0.3,0.3333333333333333,0.003225564956665039,0.001433420181274414
0.2,0.0129155,0.9,50,0.5166666666666667,0.19379255804998177,604,0.5333333333333333,0.25,0.8,0.3666666666666667,0.6333333333333333,0.0032148361206054688,0.0013954639434814453
0.2,0.0464159,0.1,5,0.65,0.07149203529842407,461,0.6333333333333333,0.5333333333333333,0.6333333333333333,0.7333333333333334,0.7166666666666667,0.023277902603149415,0.0013846874237060547
0.2,0.0464159,0.1,10,0.7033333333333334,0.11224972160321826,201,0.6166666666666667,0.6333333333333333,0.9166666666666667,0.6333333333333333,0.7166666666666667,0.0232757568359375,0.0013913631439208985
0.2,0.0464159,0.1,20,0.7233333333333333,0.1108552609887726,123,0.8166666666666667,0.6333333333333333,0.8166666666666667,0.55,0.8,0.02327752113342285,0.001388216018676758
0.2,0.0464159,0.1,50,0.7033333333333334,0.10666666666666665,201,0.8166666666666667,0.6166666666666667,0.8166666666666667,0.55,0.7166666666666667,0.023424959182739256,0.0014180183410644532
0.2,0.0464159,0.3,5,0.6466666666666667,0.07257180352359083,474,0.6166666666666667,0.5333333333333333,0.6333333333333333,0.7333333333333334,0.7166666666666667,0.025017690658569337,0.0014043331146240234
0.2,0.0464159,0.3,10,0.7033333333333334,0.0678232998312527,201,0.7166666666666667,0.6333333333333333,0.8166666666666667,0.6333333333333333,0.7166666666666667,0.024265432357788087,0.0014009952545166015
0.2,0.0464159,0.3,20,0.7233333333333334,0.16418147141366335,103,0.7166666666666667,0.5333333333333333,0.9166666666666667,0.55,0.9,0.024681997299194337,0.001382732391357422
0.2,0.0464159,0.3,50,0.7399999999999999,0.12274635093014646,81,0.7166666666666667,0.7,0.9166666666666667,0.55,0.8166666666666667,0.02456974983215332,0.0014108657836914063
0.2,0.0464159,0.5,5,0.5333333333333334,0.18469193569593426,568,0.5666666666666667,0.3666666666666667,0.6166666666666667,0.3,0.8166666666666667,0.01750192642211914,0.0014290332794189454
0.2,0.0464159,0.5,10,0.5366666666666667,0.17556258776351588,550,0.48333333333333334,0.45,0.6333333333333333,0.3,0.8166666666666667,0.017288923263549805,0.0013713359832763672
0.2,0.0464159,0.5,20,0.55,0.17094508539944114,531,0.48333333333333334,0.5166666666666667,0.6333333333333333,0.3,0.8166666666666667,0.01731219291687012,0.001365804672241211
0.2,0.0464159,0.5,50,0.6366666666666666,0.15398412616601462,498,0.65,0.6166666666666667,0.8333333333333333,0.3666666666666667,0.7166666666666667,0.017343664169311525,0.0013887405395507813
0.2,0.0464159,0.7,5,0.4333333333333334,0.06912147117775908,705,0.4666666666666667,0.45,0.45,0.3,0.5,0.00395054817199707,0.0013820648193359375
0.2,0.0464159,0.7,10,0.5366666666666666,0.16138291249213607,552,0.7333333333333334,0.45,0.7,0.3,0.5,0.004025173187255859,0.0013851165771484376
0.2,0.0464159,0.7,20,0.36333333333333334,0.14275075403575904,769,0.3833333333333333,0.18333333333333335,0.6166666666666667,0.3,0.3333333333333333,0.003951120376586914,0.001378917694091797
0.2,0.0464159,0.7,50,0.5166666666666667,0.19379255804998177,604,0.5333333333333333,0.25,0.8,0.3666666666666667,0.6333333333333333,0.003942298889160156,0.001379251480102539
0.2,0.0464159,0.9,5,0.4333333333333334,0.06912147117775908,705,0.4666666666666667,0.45,0.45,0.3,0.5,0.003805398941040039,0.001381063461303711
0.2,0.0464159,0.9,10,0.5366666666666666,0.16138291249213607,552,0.7333333333333334,0.45,0.7,0.3,0.5,0.003899669647216797,0.0013726711273193359
0.2,0.0464159,0.9,20,0.36333333333333334,0.14275075403575904,769,0.3833333333333333,0.18333333333333335,0.6166666666666667,0.3,0.3333333333333333,0.003804636001586914,0.001381254196166992
0.2,0.0464159,0.9,50,0.5166666666666667,0.19379255804998177,604,0.5333333333333333,0.25,0.8,0.3666666666666667,0.6333333333333333,0.0038463115692138673,0.001393890380859375
0.2,0.16681,0.1,5,0.6266666666666667,0.09404490653110589,511,0.6166666666666667,0.5333333333333333,0.5166666666666667,0.75,0.7166666666666667,0.05484805107116699,0.0014027595520019532
0.2,0.16681,0.1,10,0.6699999999999999,0.09092121131323908,382,0.6333333333333333,0.5333333333333333,0.7333333333333334,0.65,0.8,0.0548863410949707,0.0013967037200927734
0.2,0.16681,0.1,20,0.7066666666666667,0.06018490028422599,175,0.7166666666666667,0.6333333333333333,0.7333333333333334,0.65,0.8,0.05489192008972168,0.0014127254486083984
0.2,0.16681,0.1,50,0.7266666666666667,0.07859884081701063,96,0.8166666666666667,0.6333333333333333,0.8166666666666667,0.65,0.7166666666666667,0.05485444068908692,0.0014177799224853516
0.2,0.16681,0.3,5,0.6333333333333334,0.12692955176439846,499,0.43333333333333335,0.5333333333333333,0.75,0.7333333333333334,0.7166666666666667,0.05937490463256836,0.0014002323150634766
0.2,0.16681,0.3,10,0.6799999999999999,0.11897712198383162,346,0.6166666666666667,0.5166666666666667,0.8333333333333333,0.6333333333333333,0.8,0.05935506820678711,0.0013885974884033203
0.2,0.16681,0.3,20,0.76,0.14779866184930246,26,0.9,0.5333333333333333,0.9166666666666667,0.65,0.8,0.05935235023498535,0.0013924121856689453
0.2,0.16681,0.3,50,0.6900000000000001,0.09104333522498441,270,0.7333333333333334,0.6333333333333333,0.8166666666666667,0.55,0.7166666666666667,0.05954508781433106,0.0014066696166992188
0.2,0.16681,0.5,5,0.7033333333333334,0.09030811456096045,201,0.5333333333333333,0.7166666666666667,0.75,0.7166666666666667,0.8,0.06259880065917969,0.0013921737670898437
0.2,0.16681,0.5,10,0.7033333333333334,0.10718623460542348,201,0.7166666666666667,0.6166666666666667,0.8333333333333333,0.55,0.8,0.06231703758239746,0.0014028072357177735
0.2,0.16681,0.5,20,0.72,0.13224556283251584,133,0.8,0.5333333333333333,0.9166666666666667,0.6333333333333333,0.7166666666666667,0.06252932548522949,0.0013949871063232422
0.2,0.16681,0.5,50,0.74,0.10198039027185568,59,0.8166666666666667,0.8,0.8166666666666667,0.55,0.7166666666666667,0.06260514259338379,0.0014142513275146485
0.2,0.16681,0.7,5,0.6866666666666668,0.05206833117271103,292,0.6333333333333333,0.6166666666666667,0.75,0.7166666666666667,0.7166666666666667,0.062415695190429686,0.0014052867889404296
0.2,0.16681,0.7,10,0.7233333333333334,0.11284207253207167,103,0.8166666666666667,0.5166666666666667,0.8333333333333333,0.7333333333333334,0.7166666666666667,0.06196579933166504,0.0013934135437011718
0.2,0.16681,0.7,20,0.7,0.17732581437693848,256,0.9,0.43333333333333335,0.8166666666666667,0.55,0.8,0.061813640594482425,0.0013948917388916016
0.2,0.16681,0.7,50,0.74,0.10198039027185568,59,0.8166666666666667,0.8,0.8166666666666667,0.55,0.7166666666666667,0.062033987045288085,0.0014130115509033204
0.2,0.16681,0.9,5,0.68,0.06,344,0.6,0.6166666666666667,0.75,0.7166666666666667,0.7166666666666667,0.07002954483032227,0.00140228271484375
0.2,0.16681,0.9,10,0.7,0.03496029493900508,256,0.7,0.7166666666666667,0.6333333333333333,0.7333333333333334,0.7166666666666667,0.06995291709899902,0.0013916492462158203
0.2,0.16681,0.9,20,0.72,0.08589399151150083,133,0.8166666666666667,0.7166666666666667,0.6166666666666667,0.6333333333333333,0.8166666666666667,0.06982440948486328,0.0013968467712402344
0.2,0.16681,0.9,50,0.7799999999999999,0.12220201853215575,1,0.8166666666666667,0.8,0.9166666666666667,0.55,0.8166666666666667,0.06943674087524414,0.0014153480529785155
0.2,0.599484,0.1,5,0.6533333333333333,0.07557189365836424,447,0.6333333333333333,0.5333333333333333,0.6333333333333333,0.75,0.7166666666666667,0.12944588661193848,0.0014229774475097655
0.2,0.599484,0.1,10,0.6666666666666666,0.1140175425099138,406,0.7166666666666667,0.5333333333333333,0.5333333333333333,0.7333333333333334,0.8166666666666667,0.12940268516540526,0.0014267921447753905
0.2,0.599484,0.1,20,0.6900000000000001,0.0879393730551528,270,0.6333333333333333,0.7333333333333334,0.7333333333333334,0.55,0.8,0.1295961856842041,0.0014172077178955078
0.2,0.599484,0.1,50,0.7033333333333334,0.0865383665716478,201,0.6166666666666667,0.6333333333333333,0.8166666666666667,0.65,0.8,0.13061137199401857,0.0014193058013916016
0.2,0.599484,0.3,5,0.6466666666666667,0.10022197585581938,474,0.7166666666666667,0.5333333333333333,0.5166666666666667,0.75,0.7166666666666667,0.14823331832885742,0.0014295578002929688
0.2,0.599484,0.3,10,0.7266666666666666,0.08273115763993905,101,0.6333333333333333,0.6333333333333333,0.8333333333333333,0.7333333333333334,0.8,0.1489593505859375,0.001429271697998047
0.2,0.599484,0.3,20,0.6866666666666668,0.09030811456096045,292,0.7166666666666667,0.5333333333333333,0.7333333333333334,0.65,0.8,0.14801788330078125,0.0014383316040039063
0.2,0.599484,0.3,50,0.6833333333333332,0.1206464071390257,334,0.7166666666666667,0.5333333333333333,0.8166666666666667,0.55,0.8,0.14809198379516603,0.0014318466186523438
0.2,0.599484,0.5,5,0.6266666666666667,0.12138094304022085,511,0.43333333333333335,0.5333333333333333,0.7166666666666667,0.7333333333333334,0.7166666666666667,0.16132569313049316,0.0014271736145019531
0.2,0.599484,0.5,10,0.6666666666666666,0.1312334645668635,406,0.5333333333333333,0.5166666666666667,0.8333333333333333,0.65,0.8,0.16078495979309082,0.0014278411865234375
0.2,0.599484,0.5,20,0.6533333333333333,0.0852447456836295,447,0.6333333333333333,0.5333333333333333,0.65,0.65,0.8,0.16100821495056153,0.0014380455017089845
0.2,0.599484,0.5,50,0.7366666666666667,0.0661647774709307,84,0.7166666666666667,0.7166666666666667,0.8166666666666667,0.6333333333333333,0.8,0.16115269660949708,0.001457548141479492
0.2,0.599484,0.7,5,0.6733333333333333,0.08069145624606805,365,0.5333333333333333,0.6333333333333333,0.75,0.7333333333333334,0.7166666666666667,0.18297038078308106,0.0014647483825683595
0.2,0.599484,0.7,10,0.6666666666666666,0.11785113019775792,406,0.5333333333333333,0.5166666666666667,0.7333333333333334,0.75,0.8,0.18299221992492676,0.0014910221099853516
0.2,0.599484,0.7,20,0.7066666666666667,0.14321700705960558,175,0.9,0.5333333333333333,0.75,0.55,0.8,0.18351130485534667,0.0014690399169921876
0.2,0.599484,0.7,50,0.74,0.0992191737742481,59,0.8166666666666667,0.8,0.7333333333333334,0.55,0.8,0.18221464157104492,0.0014538288116455079
0.2,0.599484,0.9,5,0.6900000000000001,0.0793025150224688,270,0.5333333333333333,0.7166666666666667,0.75,0.7333333333333334,0.7166666666666667,0.18548717498779296,0.0014980792999267577
0.2,0.599484,0.9,10,0.6466666666666667,0.10402991022884825,474,0.5333333333333333,0.6166666666666667,0.7333333333333334,0.55,0.8,0.18562259674072265,0.0014911651611328124
0.2,0.599484,0.9,20,0.7033333333333334,0.1423610433604175,201,0.9,0.5333333333333333,0.7333333333333334,0.55,0.8,0.18717970848083496,0.001480436325073242
0.2,0.599484,0.9,50,0.74,0.12274635093014646,59,0.8166666666666667,0.7,0.9166666666666667,0.55,0.7166666666666667,0.18547797203063965,0.001483583450317383
0.2,2.15443,0.1,5,0.6766666666666666,0.0946337971105226,352,0.8166666666666667,0.5333333333333333,0.65,0.65,0.7333333333333334,0.26038403511047364,0.0014985561370849609
0.2,2.15443,0.1,10,0.63,0.08589399151150086,505,0.6333333333333333,0.5333333333333333,0.5333333333333333,0.7333333333333334,0.7166666666666667,0.2610457897186279,0.0015285968780517577
0.2,2.15443,0.1,20,0.7466666666666667,0.05906681715556449,33,0.8166666666666667,0.7333333333333334,0.7333333333333334,0.65,0.8,0.2619962215423584,0.0015096187591552735
0.2,2.15443,0.1,50,0.7033333333333334,0.10402991022884824,201,0.7166666666666667,0.5333333333333333,0.8166666666666667,0.65,0.8,0.2602399826049805,0.0015218734741210937
0.2,2.15443,0.3,5,0.6866666666666668,0.16172679294277606,292,0.6,0.43333333333333335,0.7333333333333334,0.75,0.9166666666666667,0.3277135372161865,0.0015198230743408204
0.2,2.15443,0.3,10,0.6866666666666666,0.15289793254906286,305,0.6333333333333333,0.5333333333333333,0.5333333333333333,0.8333333333333333,0.9,0.32775077819824217,0.0015150547027587891
0.2,2.15443,0.3,20,0.6900000000000001,0.06633249580710802,270,0.6333333333333333,0.6333333333333333,0.7333333333333334,0.65,0.8,0.32712788581848146,0.0015388965606689454
0.2,2.15443,0.3,50,0.6833333333333332,0.1206464071390257,334,0.7166666666666667,0.5333333333333333,0.8166666666666667,0.55,0.8,0.3270393371582031,0.0015148639678955079
0.2,2.15443,0.5,5,0.6799999999999999,0.17619433715203348,346,0.8,0.43333333333333335,0.5166666666666667,0.75,0.9,0.3635562896728516,0.0015400886535644532
0.2,2.15443,0.5,10,0.6866666666666665,0.16944353369518445,322,0.43333333333333335,0.5333333333333333,0.8333333333333333,0.8333333333333333,0.8,0.36298623085021975,0.0015268802642822265
0.2,2.15443,0.5,20,0.7066666666666667,0.10466878978738388,175,0.8166666666666667,0.5333333333333333,0.7333333333333334,0.65,0.8,0.3630565643310547,0.0015383243560791015
0.2,2.15443,0.5,50,0.6833333333333332,0.1206464071390257,334,0.7166666666666667,0.5333333333333333,0.8166666666666667,0.55,0.8,0.362722110748291,0.0015192508697509765
0.2,2.15443,0.7,5,0.6799999999999999,0.1375984496036686,346,0.7166666666666667,0.7166666666666667,0.5166666666666667,0.55,0.9,0.3946502208709717,0.0015218734741210937
0.2,2.15443,0.7,10,0.6666666666666667,0.1977652929892177,397,0.43333333333333335,0.43333333333333335,0.7333333333333334,0.8333333333333333,0.9,0.3933445453643799,0.0015429973602294922
0.2,2.15443,0.7,20,0.6900000000000001,0.092255683353987,270,0.7166666666666667,0.5333333333333333,0.75,0.65,0.8,0.39388575553894045,0.0015337944030761718
0.2,2.15443,0.7,50,0.7,0.13662601021279466,256,0.6166666666666667,0.6166666666666667,0.9166666666666667,0.55,0.8,0.3956655502319336,0.0016449451446533202
0.2,2.15443,0.9,5,0.72,0.11075498483890765,133,0.7166666666666667,0.7166666666666667,0.7166666666666667,0.55,0.9,0.40695509910583494,0.0015357494354248046
0.2,2.15443,0.9,10,0.6466666666666667,0.18451136670797397,474,0.43333333333333335,0.43333333333333335,0.7333333333333334,0.7333333333333334,0.9,0.41581974029541013,0.0015235424041748046
0.2,2.15443,0.9,20,0.6699999999999999,0.08781293248212996,382,0.7166666666666667,0.5333333333333333,0.65,0.65,0.8,0.41362590789794923,0.001535654067993164
0.2,2.15443,0.9,50,0.76,0.10572501018102468,26,0.8166666666666667,0.8,0.8333333333333333,0.55,0.8,0.4149788379669189,0.001538848876953125
0.2,7.74264,0.1,5,0.6599999999999999,0.07348469228349537,438,0.7333333333333334,0.5333333333333333,0.65,0.65,0.7333333333333334,0.3157555103302002,0.0015158653259277344
0.2,7.74264,0.1,10,0.6866666666666666,0.1554205763583302,305,0.8333333333333333,0.5333333333333333,0.5166666666666667,0.65,0.9,0.313380765914917,0.0014990806579589845
0.2,7.74264,0.1,20,0.7633333333333334,0.12666666666666668,5,0.8166666666666667,0.5333333333333333,0.8333333333333333,0.7333333333333334,0.9,0.31355924606323243,0.0015131473541259766
0.2,7.74264,0.1,50,0.7233333333333334,0.11382247385975916,103,0.8166666666666667,0.5333333333333333,0.8166666666666667,0.65,0.8,0.3134209156036377,0.0015057563781738282
0.2,7.74264,0.3,5,0.7266666666666667,0.17782638224465522,96,0.9166666666666667,0.43333333333333335,0.7333333333333334,0.65,0.9,0.5413093566894531,0.0015415668487548829
0.2,7.74264,0.3,10,0.6833333333333333,0.13824294235551815,325,0.7166666666666667,0.5333333333333333,0.5333333333333333,0.7333333333333334,0.9,0.5417136192321778,0.0015567779541015626
0.2,7.74264,0.3,20,0.7066666666666667,0.08339997335464537,175,0.7166666666666667,0.7333333333333334,0.7333333333333334,0.55,0.8,0.5446789741516114,0.0015444278717041016
0.2,7.74264,0.3,50,0.7033333333333334,0.10402991022884824,201,0.7166666666666667,0.5333333333333333,0.8166666666666667,0.65,0.8,0.5430265426635742,0.001549673080444336
0.2,7.74264,0.5,5,0.7300000000000001,0.18116904322268257,90,0.9166666666666667,0.43333333333333335,0.7333333333333334,0.65,0.9166666666666667,0.6043333053588867,0.0015534400939941407
0.2,7.74264,0.5,10,0.6866666666666666,0.15289793254906286,305,0.6333333333333333,0.5333333333333333,0.5333333333333333,0.8333333333333333,0.9,0.6060075283050537,0.0015544414520263672
0.2,7.74264,0.5,20,0.6699999999999999,0.09092121131323908,382,0.6333333333333333,0.5333333333333333,0.7333333333333334,0.65,0.8,0.6075232028961182,0.00155792236328125
0.2,7.74264,0.5,50,0.7033333333333334,0.10402991022884824,201,0.7166666666666667,0.5333333333333333,0.8166666666666667,0.65,0.8,0.60730881690979,0.001556396484375
0.2,7.74264,0.7,5,0.6066666666666667,0.17782638224465522,520,0.6,0.43333333333333335,0.43333333333333335,0.65,0.9166666666666667,0.6709602355957032,0.0015497207641601562
0.2,7.74264,0.7,10,0.6866666666666665,0.16944353369518445,322,0.43333333333333335,0.5333333333333333,0.8333333333333333,0.8333333333333333,0.8,0.6712549686431885,0.0015574455261230468
0.2,7.74264,0.7,20,0.6666666666666666,0.12605113600792692,406,0.7166666666666667,0.43333333333333335,0.7333333333333334,0.65,0.8,0.6711832523345947,0.0015659809112548828
0.2,7.74264,0.7,50,0.7033333333333334,0.14659088951530683,201,0.7166666666666667,0.5333333333333333,0.9166666666666667,0.55,0.8,0.6713222980499267,0.0015737533569335938
0.2,7.74264,0.9,5,0.6466666666666667,0.19362047641943475,474,0.8,0.43333333333333335,0.43333333333333335,0.65,0.9166666666666667,0.7135890483856201,0.0015542030334472657
0.2,7.74264,0.9,10,0.6466666666666667,0.21766436956419344,474,0.43333333333333335,0.3333333333333333,0.8333333333333333,0.8333333333333333,0.8,0.7134505271911621,0.0015596389770507813
0.2,7.74264,0.9,20,0.6666666666666666,0.14337208778404376,406,0.6166666666666667,0.43333333333333335,0.8333333333333333,0.65,0.8,0.7142180442810059,0.001668834686279297
0.2,7.74264,0.9,50,0.74,0.12000000000000002,59,0.7166666666666667,0.7166666666666667,0.9166666666666667,0.55,0.8,0.7141079425811767,0.001558828353881836
0.2,27.8256,0.1,5,0.6533333333333333,0.09854496999396321,447,0.7333333333333334,0.5166666666666667,0.55,0.7333333333333334,0.7333333333333334,0.31138763427734373,0.0015350818634033204
0.2,27.8256,0.1,10,0.7033333333333334,0.141970262926979,201,0.8333333333333333,0.6166666666666667,0.5166666666666667,0.65,0.9,0.3116488456726074,0.0015224933624267579
0.2,27.8256,0.1,20,0.7233333333333333,0.10413666234542206,123,0.7166666666666667,0.5333333333333333,0.8333333333333333,0.7333333333333334,0.8,0.3114673614501953,0.0015268802642822265
0.2,27.8256,0.1,50,0.7233333333333334,0.11382247385975916,103,0.8166666666666667,0.5333333333333333,0.8166666666666667,0.65,0.8,0.31169614791870115,0.0015230178833007812
0.2,27.8256,0.3,5,0.6599999999999999,0.07348469228349537,438,0.7333333333333334,0.5333333333333333,0.65,0.65,0.7333333333333334,0.4379727363586426,0.0015328407287597656
0.2,27.8256,0.3,10,0.6866666666666666,0.1554205763583302,305,0.8333333333333333,0.5333333333333333,0.5166666666666667,0.65,0.9,0.4377289772033691,0.0015429973602294922
0.2,27.8256,0.3,20,0.7633333333333334,0.09333333333333332,5,0.7166666666666667,0.6333333333333333,0.8333333333333333,0.7333333333333334,0.9,0.4381105899810791,0.0015515804290771485
0.2,27.8256,0.3,50,0.7233333333333334,0.11382247385975916,103,0.8166666666666667,0.5333333333333333,0.8166666666666667,0.65,0.8,0.4384763717651367,0.0015539169311523438
0.2,27.8256,0.5,5,0.71,0.13106402167558334,162,0.8166666666666667,0.5333333333333333,0.65,0.65,0.9,0.6770243167877197,0.0015549182891845704
0.2,27.8256,0.5,10,0.7066666666666667,0.15114378731672845,175,0.8333333333333333,0.5333333333333333,0.5333333333333333,0.7333333333333334,0.9,0.6748327255249024,0.0015708446502685548
0.2,27.8256,0.5,20,0.6699999999999999,0.08717797887081348,382,0.6333333333333333,0.6333333333333333,0.7333333333333334,0.55,0.8,0.6744681835174561,0.001567697525024414
0.2,27.8256,0.5,50,0.72,0.10077477638553982,133,0.7166666666666667,0.5333333333333333,0.8166666666666667,0.7333333333333334,0.8,0.676023292541504,0.0015615463256835938
0.2,27.8256,0.7,5,0.7266666666666667,0.17782638224465522,96,0.9166666666666667,0.43333333333333335,0.7333333333333334,0.65,0.9,0.8089765548706055,0.0015625
0.2,27.8256,0.7,10,0.6466666666666667,0.09273618495495706,474,0.7166666666666667,0.5333333333333333,0.5333333333333333,0.7333333333333334,0.7166666666666667,0.8086376667022706,0.0015468120574951172
0.2,27.8256,0.7,20,0.6666666666666666,0.12064640713902573,406,0.6333333333333333,0.5333333333333333,0.8166666666666667,0.55,0.8,0.8086098194122314,0.0015688896179199218
0.2,27.8256,0.7,50,0.6633333333333333,0.12174654911833116,428,0.6166666666666667,0.5333333333333333,0.8166666666666667,0.55,0.8,0.8091713905334472,0.0015668392181396485
0.2,27.8256,0.9,5,0.6900000000000001,0.15584892970081282,270,0.9166666666666667,0.43333333333333335,0.7333333333333334,0.65,0.7166666666666667,0.8724167346954346,0.0015453338623046876
0.2,27.8256,0.9,10,0.7033333333333333,0.15070206073943088,252,0.7166666666666667,0.5333333333333333,0.5333333333333333,0.8333333333333333,0.9,0.8762603759765625,0.0016571521759033204
0.2,27.8256,0.9,20,0.6900000000000001,0.06633249580710802,270,0.6333333333333333,0.6333333333333333,0.7333333333333334,0.65,0.8,0.8723595619201661,0.0015668869018554688
0.2,27.8256,0.9,50,0.7033333333333334,0.10402991022884824,201,0.7166666666666667,0.5333333333333333,0.8166666666666667,0.65,0.8,0.8746312618255615,0.0015566825866699218
0.2,100.0,0.1,5,0.6366666666666667,0.12400716825158851,496,0.7333333333333334,0.43333333333333335,0.55,0.7333333333333334,0.7333333333333334,0.3733549118041992,0.0015388011932373046
0.2,100.0,0.1,10,0.6866666666666666,0.16579773487261182,305,0.8333333333333333,0.6166666666666667,0.43333333333333335,0.65,0.9,0.37334108352661133,0.0015334129333496095
0.2,100.0,0.1,20,0.7066666666666667,0.11035296904831232,175,0.6333333333333333,0.5333333333333333,0.8333333333333333,0.7333333333333334,0.8,0.37374148368835447,0.0015318870544433593
0.2,100.0,0.1,50,0.74,0.10780641085864154,59,0.8166666666666667,0.5333333333333333,0.8166666666666667,0.7333333333333334,0.8,0.3739022254943848,0.0015439987182617188
0.2,100.0,0.3,5,0.6533333333333333,0.09854496999396321,447,0.7333333333333334,0.5166666666666667,0.55,0.7333333333333334,0.7333333333333334,0.3771794319152832,0.0015375614166259766
0.2,100.0,0.3,10,0.6866666666666666,0.16579773487261182,305,0.8333333333333333,0.6166666666666667,0.43333333333333335,0.65,0.9,0.37701783180236814,0.0015463829040527344
0.2,100.0,0.3,20,0.7233333333333333,0.10413666234542206,123,0.7166666666666667,0.5333333333333333,0.8333333333333333,0.7333333333333334,0.8,0.37760248184204104,0.0015546798706054688
0.2,100.0,0.3,50,0.74,0.10780641085864154,59,0.8166666666666667,0.5333333333333333,0.8166666666666667,0.7333333333333334,0.8,0.3773810863494873,0.0015530586242675781
0.2,100.0,0.5,5,0.6733333333333333,0.08472176684759224,365,0.7333333333333334,0.5166666666666667,0.65,0.7333333333333334,0.7333333333333334,0.39457993507385253,0.0015514850616455077
0.2,100.0,0.5,10,0.7033333333333334,0.141970262926979,201,0.8333333333333333,0.6166666666666667,0.5166666666666667,0.65,0.9,0.39498443603515626,0.0015504837036132812
0.2,100.0,0.5,20,0.7233333333333333,0.10413666234542206,123,0.7166666666666667,0.5333333333333333,0.8333333333333333,0.7333333333333334,0.8,0.39544339179992677,0.001538228988647461
0.2,100.0,0.5,50,0.74,0.10780641085864154,59,0.8166666666666667,0.5333333333333333,0.8166666666666667,0.7333333333333334,0.8,0.39580478668212893,0.001535654067993164
0.2,100.0,0.7,5,0.6599999999999999,0.07348469228349537,438,0.7333333333333334,0.5333333333333333,0.65,0.65,0.7333333333333334,0.4329378128051758,0.0015410900115966797
0.2,100.0,0.7,10,0.7033333333333334,0.141970262926979,201,0.8333333333333333,0.6166666666666667,0.5166666666666667,0.65,0.9,0.43367366790771483,0.0015522956848144532
0.2,100.0,0.7,20,0.7233333333333333,0.10413666234542206,123,0.7166666666666667,0.5333333333333333,0.8333333333333333,0.7333333333333334,0.8,0.4335829257965088,0.0015608310699462891
0.2,100.0,0.7,50,0.7233333333333334,0.11382247385975916,103,0.8166666666666667,0.5333333333333333,0.8166666666666667,0.65,0.8,0.43291416168212893,0.0015433311462402343
0.2,100.0,0.9,5,0.6599999999999999,0.07348469228349537,438,0.7333333333333334,0.5333333333333333,0.65,0.65,0.7333333333333334,0.4853381156921387,0.0016149520874023438
0.2,100.0,0.9,10,0.7033333333333334,0.141970262926979,201,0.8333333333333333,0.6166666666666667,0.5166666666666667,0.65,0.9,0.4874884605407715,0.0015545368194580078
0.2,100.0,0.9,20,0.7433333333333333,0.12454361128179602,44,0.7166666666666667,0.5333333333333333,0.8333333333333333,0.7333333333333334,0.9,0.4854830265045166,0.00153656005859375
0.2,100.0,0.9,50,0.7233333333333334,0.11382247385975916,103,0.8166666666666667,0.5333333333333333,0.8166666666666667,0.65,0.8,0.4855483055114746,0.0015497207641601562
0.5,0.001,0.1,5,0.48,0.039999999999999994,657,0.5,0.5,0.5,0.4,0.5,0.003256368637084961,0.0013989448547363282
0.5,0.001,0.1,10,0.46333333333333326,0.09092121131323903,673,0.5,0.2833333333333333,0.5,0.5333333333333333,0.5,0.00333709716796875,0.0013841629028320313
0.5,0.001,0.1,20,0.4366666666666667,0.08192137151629672,689,0.5,0.3833333333333333,0.5,0.3,0.5,0.0032126903533935547,0.0013798713684082032
0.5,0.001,0.1,50,0.5266666666666667,0.08856886837057613,588,0.6333333333333333,0.55,0.4,0.45,0.6,0.0032477378845214844,0.0013858795166015625
0.5,0.001,0.3,5,0.48,0.039999999999999994,657,0.5,0.5,0.5,0.4,0.5,0.0032196521759033205,0.001442289352416992
0.5,0.001,0.3,10,0.46333333333333326,0.09092121131323903,673,0.5,0.2833333333333333,0.5,0.5333333333333333,0.5,0.0032625675201416017,0.001391458511352539
0.5,0.001,0.3,20,0.4366666666666667,0.08192137151629672,689,0.5,0.3833333333333333,0.5,0.3,0.5,0.003185892105102539,0.0013816356658935547
0.5,0.001,0.3,50,0.5266666666666667,0.08856886837057613,588,0.6333333333333333,0.55,0.4,0.45,0.6,0.003227376937866211,0.001379680633544922
0.5,0.001,0.5,5,0.48,0.039999999999999994,657,0.5,0.5,0.5,0.4,0.5,0.003241729736328125,0.001385498046875
0.5,0.001,0.5,10,0.46333333333333326,0.09092121131323903,673,0.5,0.2833333333333333,0.5,0.5333333333333333,0.5,0.003240537643432617,0.0013901233673095704
0.5,0.001,0.5,20,0.4366666666666667,0.08192137151629672,689,0.5,0.3833333333333333,0.5,0.3,0.5,0.0032320499420166017,0.0013794422149658204
0.5,0.001,0.5,50,0.5266666666666667,0.08856886837057613,588,0.6333333333333333,0.55,0.4,0.45,0.6,0.0032352447509765626,0.0013840198516845703
0.5,0.001,0.7,5,0.48,0.039999999999999994,657,0.5,0.5,0.5,0.4,0.5,0.0032157421112060545,0.0014299392700195313
0.5,0.001,0.7,10,0.46333333333333326,0.09092121131323903,673,0.5,0.2833333333333333,0.5,0.5333333333333333,0.5,0.0032423973083496095,0.0013877391815185548
0.5,0.001,0.7,20,0.4366666666666667,0.08192137151629672,689,0.5,0.3833333333333333,0.5,0.3,0.5,0.0032135486602783204,0.001367950439453125
0.5,0.001,0.7,50,0.5266666666666667,0.08856886837057613,588,0.6333333333333333,0.55,0.4,0.45,0.6,0.003213930130004883,0.0013880252838134766
0.5,0.001,0.9,5,0.48,0.039999999999999994,657,0.5,0.5,0.5,0.4,0.5,0.003271484375,0.0013828754425048828
0.5,0.001,0.9,10,0.46333333333333326,0.09092121131323903,673,0.5,0.2833333333333333,0.5,0.5333333333333333,0.5,0.0032440185546875,0.0013813972473144531
0.5,0.001,0.9,20,0.4366666666666667,0.08192137151629672,689,0.5,0.3833333333333333,0.5,0.3,0.5,0.003224754333496094,0.0013812065124511718
0.5,0.001,0.9,50,0.5266666666666667,0.08856886837057613,588,0.6333333333333333,0.55,0.4,0.45,0.6,0.003239727020263672,0.0013844966888427734
0.5,0.00359381,0.1,5,0.48,0.039999999999999994,657,0.5,0.5,0.5,0.4,0.5,0.0033390998840332033,0.0013839244842529298
0.5,0.00359381,0.1,10,0.46333333333333326,0.09092121131323903,673,0.5,0.2833333333333333,0.5,0.5333333333333333,0.5,0.0033425807952880858,0.001372957229614258
0.5,0.00359381,0.1,20,0.4366666666666667,0.08192137151629672,689,0.5,0.3833333333333333,0.5,0.3,0.5,0.0033178329467773438,0.0013844966888427734
0.5,0.00359381,0.1,50,0.5266666666666667,0.08856886837057613,588,0.6333333333333333,0.55,0.4,0.45,0.6,0.0033308029174804687,0.0013908863067626954
0.5,0.00359381,0.3,5,0.48,0.039999999999999994,657,0.5,0.5,0.5,0.4,0.5,0.0032310962677001955,0.0014497756958007813
0.5,0.00359381,0.3,10,0.46333333333333326,0.09092121131323903,673,0.5,0.2833333333333333,0.5,0.5333333333333333,0.5,0.0032419681549072264,0.0013707637786865234
0.5,0.00359381,0.3,20,0.4366666666666667,0.08192137151629672,689,0.5,0.3833333333333333,0.5,0.3,0.5,0.0032042980194091795,0.0013957977294921874
0.5,0.00359381,0.3,50,0.5266666666666667,0.08856886837057613,588,0.6333333333333333,0.55,0.4,0.45,0.6,0.0032163143157958986,0.0013811588287353516
0.5,0.00359381,0.5,5,0.48,0.039999999999999994,657,0.5,0.5,0.5,0.4,0.5,0.0032757282257080077,0.0013861656188964844
0.5,0.00359381,0.5,10,0.46333333333333326,0.09092121131323903,673,0.5,0.2833333333333333,0.5,0.5333333333333333,0.5,0.0032485008239746095,0.001393270492553711
0.5,0.00359381,0.5,20,0.4366666666666667,0.08192137151629672,689,0.5,0.3833333333333333,0.5,0.3,0.5,0.0032102108001708985,0.0013901233673095704
0.5,0.00359381,0.5,50,0.5266666666666667,0.08856886837057613,588,0.6333333333333333,0.55,0.4,0.45,0.6,0.003211355209350586,0.0013923168182373047
0.5,0.00359381,0.7,5,0.48,0.039999999999999994,657,0.5,0.5,0.5,0.4,0.5,0.003204154968261719,0.0014443397521972656
0.5,0.00359381,0.7,10,0.46333333333333326,0.09092121131323903,673,0.5,0.2833333333333333,0.5,0.5333333333333333,0.5,0.003240537643432617,0.0013845443725585937
0.5,0.00359381,0.7,20,0.4366666666666667,0.08192137151629672,689,0.5,0.3833333333333333,0.5,0.3,0.5,0.003238868713378906,0.0013797283172607422
0.5,0.00359381,0.7,50,0.5266666666666667,0.08856886837057613,588,0.6333333333333333,0.55,0.4,0.45,0.6,0.0032153606414794924,0.0013883113861083984
0.5,0.00359381,0.9,5,0.48,0.039999999999999994,657,0.5,0.5,0.5,0.4,0.5,0.003271055221557617,0.0013779640197753907
0.5,0.00359381,0.9,10,0.46333333333333326,0.09092121131323903,673,0.5,0.2833333333333333,0.5,0.5333333333333333,0.5,0.0032367706298828125,0.0013854503631591797
0.5,0.00359381,0.9,20,0.4366666666666667,0.08192137151629672,689,0.5,0.3833333333333333,0.5,0.3,0.5,0.003224039077758789,0.0013841152191162109
0.5,0.00359381,0.9,50,0.5266666666666667,0.08856886837057613,588,0.6333333333333333,0.55,0.4,0.45,0.6,0.0032961368560791016,0.0013883113861083984
0.5,0.0129155,0.1,5,0.5366666666666667,0.13474255287605158,550,0.43333333333333335,0.35,0.5333333333333333,0.65,0.7166666666666667,0.012085723876953124,0.0013817787170410157
0.5,0.0129155,0.1,10,0.7233333333333334,0.10360180178613372,103,0.7166666666666667,0.6333333333333333,0.9166666666666667,0.6333333333333333,0.7166666666666667,0.012199163436889648,0.0013875961303710938
0.5,0.0129155,0.1,20,0.7033333333333334,0.1347425528760516,201,0.6166666666666667,0.6333333333333333,0.9166666666666667,0.55,0.8,0.012149477005004882,0.0013942718505859375
0.5,0.0129155,0.1,50,0.7233333333333333,0.13021349989749742,123,0.6166666666666667,0.7333333333333334,0.9166666666666667,0.55,0.8,0.012096452713012695,0.0013873577117919922
0.5,0.0129155,0.3,5,0.48,0.039999999999999994,657,0.5,0.5,0.5,0.4,0.5,0.0035405635833740236,0.0013834476470947266
0.5,0.0129155,0.3,10,0.46333333333333326,0.09092121131323903,673,0.5,0.2833333333333333,0.5,0.5333333333333333,0.5,0.0035492897033691405,0.0013821125030517578
0.5,0.0129155,0.3,20,0.4366666666666667,0.08192137151629672,689,0.5,0.3833333333333333,0.5,0.3,0.5,0.0034871578216552736,0.0013858318328857423
0.5,0.0129155,0.3,50,0.5266666666666667,0.08856886837057613,588,0.6333333333333333,0.55,0.4,0.45,0.6,0.003476572036743164,0.0013916969299316406
0.5,0.0129155,0.5,5,0.48,0.039999999999999994,657,0.5,0.5,0.5,0.4,0.5,0.00326995849609375,0.0013720989227294922
0.5,0.0129155,0.5,10,0.46333333333333326,0.09092121131323903,673,0.5,0.2833333333333333,0.5,0.5333333333333333,0.5,0.003269672393798828,0.0013731002807617187
0.5,0.0129155,0.5,20,0.4366666666666667,0.08192137151629672,689,0.5,0.3833333333333333,0.5,0.3,0.5,0.003180694580078125,0.0013824939727783204
0.5,0.0129155,0.5,50,0.5266666666666667,0.08856886837057613,588,0.6333333333333333,0.55,0.4,0.45,0.6,0.003213310241699219,0.0013835430145263672
0.5,0.0129155,0.7,5,0.48,0.039999999999999994,657,0.5,0.5,0.5,0.4,0.5,0.0032137393951416015,0.0014464378356933594
0.5,0.0129155,0.7,10,0.46333333333333326,0.09092121131323903,673,0.5,0.2833333333333333,0.5,0.5333333333333333,0.5,0.003234195709228516,0.0013750076293945312
0.5,0.0129155,0.7,20,0.4366666666666667,0.08192137151629672,689,0.5,0.3833333333333333,0.5,0.3,0.5,0.003202009201049805,0.0013924598693847655
0.5,0.0129155,0.7,50,0.5266666666666667,0.08856886837057613,588,0.6333333333333333,0.55,0.4,0.45,0.6,0.003217458724975586,0.0013959884643554687
0.5,0.0129155,0.9,5,0.48,0.039999999999999994,657,0.5,0.5,0.5,0.4,0.5,0.003266716003417969,0.0013726711273193359
0.5,0.0129155,0.9,10,0.46333333333333326,0.09092121131323903,673,0.5,0.2833333333333333,0.5,0.5333333333333333,0.5,0.0032347679138183595,0.0013832569122314454
0.5,0.0129155,0.9,20,0.4366666666666667,0.08192137151629672,689,0.5,0.3833333333333333,0.5,0.3,0.5,0.003204011917114258,0.0013853073120117187
0.5,0.0129155,0.9,50,0.5266666666666667,0.08856886837057613,588,0.6333333333333333,0.55,0.4,0.45,0.6,0.0032223224639892577,0.0013872623443603516
0.5,0.0464159,0.1,5,0.65,0.07149203529842407,461,0.6333333333333333,0.5333333333333333,0.6333333333333333,0.7333333333333334,0.7166666666666667,0.02332911491394043,0.001392507553100586
0.5,0.0464159,0.1,10,0.7033333333333334,0.11224972160321826,201,0.6166666666666667,0.6333333333333333,0.9166666666666667,0.6333333333333333,0.7166666666666667,0.023317813873291016,0.0013877391815185548
0.5,0.0464159,0.1,20,0.7633333333333333,0.10718623460542354,12,0.8166666666666667,0.6333333333333333,0.9166666666666667,0.65,0.8,0.023470067977905275,0.0013970375061035157
0.5,0.0464159,0.1,50,0.7233333333333333,0.15369522511198005,123,0.8166666666666667,0.5333333333333333,0.9166666666666667,0.55,0.8,0.023480558395385744,0.0013939857482910157
0.5,0.0464159,0.3,5,0.6466666666666667,0.07257180352359083,474,0.6166666666666667,0.5333333333333333,0.6333333333333333,0.7333333333333334,0.7166666666666667,0.024352025985717774,0.001389455795288086
0.5,0.0464159,0.3,10,0.7033333333333334,0.0678232998312527,201,0.7166666666666667,0.6333333333333333,0.8166666666666667,0.6333333333333333,0.7166666666666667,0.024230766296386718,0.0013872623443603516
0.5,0.0464159,0.3,20,0.6866666666666668,0.16812693617224658,292,0.7166666666666667,0.45,0.9166666666666667,0.55,0.8,0.024286746978759766,0.0013790130615234375
0.5,0.0464159,0.3,50,0.7033333333333334,0.1347425528760516,201,0.6166666666666667,0.6333333333333333,0.9166666666666667,0.55,0.8,0.02436542510986328,0.0013939857482910157
0.5,0.0464159,0.5,5,0.54,0.16619934483090543,549,0.48333333333333334,0.3666666666666667,0.6333333333333333,0.4,0.8166666666666667,0.017308759689331054,0.0013841152191162109
0.5,0.0464159,0.5,10,0.5466666666666666,0.14772346537440226,532,0.3833333333333333,0.45,0.55,0.5333333333333333,0.8166666666666667,0.017206859588623048,0.0013819694519042968
0.5,0.0464159,0.5,20,0.5733333333333334,0.21463146709340333,529,0.48333333333333334,0.45,0.7333333333333334,0.3,0.9,0.017283153533935548,0.0013820171356201173
0.5,0.0464159,0.5,50,0.6733333333333335,0.12183777921664711,362,0.65,0.8,0.75,0.45,0.7166666666666667,0.01731133460998535,0.0013946533203125
0.5,0.0464159,0.7,5,0.48,0.039999999999999994,657,0.5,0.5,0.5,0.4,0.5,0.003944826126098633,0.001379537582397461
0.5,0.0464159,0.7,10,0.46333333333333326,0.09092121131323903,673,0.5,0.2833333333333333,0.5,0.5333333333333333,0.5,0.003955030441284179,0.0013957500457763671
0.5,0.0464159,0.7,20,0.4366666666666667,0.08192137151629672,689,0.5,0.3833333333333333,0.5,0.3,0.5,0.0039330005645751955,0.0013843059539794921
0.5,0.0464159,0.7,50,0.5266666666666667,0.08856886837057613,588,0.6333333333333333,0.55,0.4,0.45,0.6,0.004020404815673828,0.001385498046875
0.5,0.0464159,0.9,5,0.48,0.039999999999999994,657,0.5,0.5,0.5,0.4,0.5,0.003795480728149414,0.0013785839080810546
0.5,0.0464159,0.9,10,0.46333333333333326,0.09092121131323903,673,0.5,0.2833333333333333,0.5,0.5333333333333333,0.5,0.003822183609008789,0.0013722896575927735
0.5,0.0464159,0.9,20,0.4366666666666667,0.08192137151629672,689,0.5,0.3833333333333333,0.5,0.3,0.5,0.0038517475128173827,0.0013795852661132812
0.5,0.0464159,0.9,50,0.5266666666666667,0.08856886837057613,588,0.6333333333333333,0.55,0.4,0.45,0.6,0.003816509246826172,0.0013797283172607422
0.5,0.16681,0.1,5,0.5866666666666667,0.07333333333333333,527,0.6166666666666667,0.5333333333333333,0.5166666666666667,0.55,0.7166666666666667,0.05530695915222168,0.0014119148254394531
0.5,0.16681,0.1,10,0.6666666666666666,0.09189365834726818,406,0.6333333333333333,0.5333333333333333,0.7333333333333334,0.6333333333333333,0.8,0.05540575981140137,0.0014117240905761718
0.5,0.16681,0.1,20,0.7066666666666667,0.06018490028422599,175,0.7166666666666667,0.6333333333333333,0.7333333333333334,0.65,0.8,0.05552582740783692,0.0014052867889404296
0.5,0.16681,0.1,50,0.7633333333333333,0.10718623460542354,12,0.8166666666666667,0.6333333333333333,0.9166666666666667,0.65,0.8,0.05551676750183106,0.001413249969482422
0.5,0.16681,0.3,5,0.6333333333333334,0.12692955176439846,499,0.43333333333333335,0.5333333333333333,0.75,0.7333333333333334,0.7166666666666667,0.0599210262298584,0.0014027118682861327
0.5,0.16681,0.3,10,0.6633333333333333,0.13182479955523457,428,0.5333333333333333,0.5166666666666667,0.8333333333333333,0.6333333333333333,0.8,0.05975151062011719,0.001401233673095703
0.5,0.16681,0.3,20,0.7633333333333333,0.10718623460542354,12,0.8166666666666667,0.6333333333333333,0.9166666666666667,0.65,0.8,0.059327125549316406,0.001407766342163086
0.5,0.16681,0.3,50,0.7433333333333334,0.10143416036468625,36,0.8166666666666667,0.7333333333333334,0.8166666666666667,0.55,0.8,0.05937108993530273,0.0013985157012939454
0.5,0.16681,0.5,5,0.7266666666666668,0.10466878978738388,92,0.5333333333333333,0.8333333333333333,0.75,0.7166666666666667,0.8,0.062113475799560544,0.0013927459716796876
0.5,0.16681,0.5,10,0.6866666666666665,0.1102522360569415,322,0.6333333333333333,0.6166666666666667,0.8333333333333333,0.55,0.8,0.06255207061767579,0.0014125823974609375
0.5,0.16681,0.5,20,0.7233333333333334,0.127627931460511,103,0.8,0.6333333333333333,0.9166666666666667,0.55,0.7166666666666667,0.06263060569763183,0.0013969898223876952
0.5,0.16681,0.5,50,0.7033333333333334,0.14659088951530683,201,0.7166666666666667,0.5333333333333333,0.9166666666666667,0.55,0.8,0.06261916160583496,0.0014062881469726562
0.5,0.16681,0.7,5,0.6866666666666668,0.05206833117271103,292,0.6333333333333333,0.6166666666666667,0.75,0.7166666666666667,0.7166666666666667,0.06266279220581054,0.0014080047607421876
0.5,0.16681,0.7,10,0.7233333333333334,0.11284207253207167,103,0.8166666666666667,0.5166666666666667,0.8333333333333333,0.7333333333333334,0.7166666666666667,0.06239194869995117,0.0014013290405273438
0.5,0.16681,0.7,20,0.65,0.14643921757659195,461,0.6166666666666667,0.45,0.8333333333333333,0.55,0.8,0.06239538192749024,0.0013993263244628906
0.5,0.16681,0.7,50,0.7233333333333334,0.11623730516108463,103,0.7166666666666667,0.7166666666666667,0.9166666666666667,0.55,0.7166666666666667,0.062482595443725586,0.0013962268829345703
0.5,0.16681,0.9,5,0.6466666666666667,0.11566234381931648,474,0.43333333333333335,0.6166666666666667,0.75,0.7166666666666667,0.7166666666666667,0.06990971565246581,0.0013981342315673828
0.5,0.16681,0.9,10,0.7,0.03496029493900508,256,0.7,0.7166666666666667,0.6333333333333333,0.7333333333333334,0.7166666666666667,0.06929893493652343,0.0013894081115722657
0.5,0.16681,0.9,20,0.72,0.07845734863959881,133,0.8166666666666667,0.6333333333333333,0.7166666666666667,0.6333333333333333,0.8,0.06947116851806641,0.0014218330383300782
0.5,0.16681,0.9,50,0.7433333333333334,0.12183777921664711,36,0.8166666666666667,0.7166666666666667,0.9166666666666667,0.55,0.7166666666666667,0.07047972679138184,0.0015261650085449218
0.5,0.599484,0.1,5,0.5966666666666667,0.12445436468396312,523,0.6333333333333333,0.5333333333333333,0.45,0.55,0.8166666666666667,0.12923064231872558,0.0014171123504638672
0.5,0.599484,0.1,10,0.6299999999999999,0.10349449797506682,510,0.6333333333333333,0.5333333333333333,0.5333333333333333,0.6333333333333333,0.8166666666666667,0.1292475700378418,0.0014687538146972655
0.5,0.599484,0.1,20,0.7266666666666668,0.05333333333333336,92,0.7333333333333334,0.7333333333333334,0.7333333333333334,0.6333333333333333,0.8,0.1291731357574463,0.0014672279357910156
0.5,0.599484,0.1,50,0.7233333333333334,0.0793025150224688,103,0.6166666666666667,0.7333333333333334,0.8166666666666667,0.65,0.8,0.12950711250305175,0.0014551162719726562
0.5,0.599484,0.3,5,0.5900000000000001,0.07498147919467994,526,0.6333333333333333,0.5333333333333333,0.5166666666666667,0.55,0.7166666666666667,0.14772138595581055,0.0014738082885742188
0.5,0.599484,0.3,10,0.71,0.06633249580710802,162,0.6333333333333333,0.6333333333333333,0.75,0.7333333333333334,0.8,0.14767327308654785,0.0014512062072753907
0.5,0.599484,0.3,20,0.6866666666666668,0.0865383665716478,292,0.7166666666666667,0.6333333333333333,0.7333333333333334,0.55,0.8,0.148970890045166,0.001468658447265625
0.5,0.599484,0.3,50,0.7033333333333334,0.10077477638553982,201,0.7166666666666667,0.6333333333333333,0.8166666666666667,0.55,0.8,0.14776840209960937,0.0014650821685791016
0.5,0.599484,0.5,5,0.6666666666666667,0.07527726527090811,397,0.6333333333333333,0.5333333333333333,0.7166666666666667,0.7333333333333334,0.7166666666666667,0.1620952606201172,0.0014623641967773438
0.5,0.599484,0.5,10,0.6833333333333333,0.13333333333333333,325,0.5333333333333333,0.5166666666666667,0.8333333333333333,0.7333333333333334,0.8,0.1605314254760742,0.0014647483825683595
0.5,0.599484,0.5,20,0.6766666666666667,0.092255683353987,351,0.65,0.5333333333333333,0.75,0.65,0.8,0.1605046272277832,0.0014616966247558594
0.5,0.599484,0.5,50,0.7433333333333334,0.11953614051360739,36,0.7166666666666667,0.7333333333333334,0.9166666666666667,0.55,0.8,0.16073212623596192,0.0014742374420166015
0.5,0.599484,0.7,5,0.6733333333333333,0.08069145624606805,365,0.5333333333333333,0.6333333333333333,0.75,0.7333333333333334,0.7166666666666667,0.1816723346710205,0.0014603137969970703
0.5,0.599484,0.7,10,0.6466666666666667,0.11025223605694154,474,0.5333333333333333,0.5166666666666667,0.7333333333333334,0.65,0.8,0.18206787109375,0.0014569282531738282
0.5,0.599484,0.7,20,0.7066666666666667,0.09921917377424812,175,0.8,0.6333333333333333,0.75,0.55,0.8,0.18204426765441895,0.0014743804931640625
0.5,0.599484,0.7,50,0.76,0.12274635093014646,26,0.8166666666666667,0.7166666666666667,0.9166666666666667,0.55,0.8,0.182940673828125,0.001484823226928711
0.5,0.599484,0.9,5,0.7133333333333334,0.0985449699939632,158,0.5333333333333333,0.8333333333333333,0.75,0.7333333333333334,0.7166666666666667,0.1869405746459961,0.0014576435089111329
0.5,0.599484,0.9,10,0.6466666666666667,0.10402991022884825,474,0.5333333333333333,0.6166666666666667,0.7333333333333334,0.55,0.8,0.1868607521057129,0.0014653682708740234
0.5,0.599484,0.9,20,0.7233333333333333,0.12274635093014646,123,0.9,0.6333333333333333,0.7333333333333334,0.55,0.8,0.18679966926574706,0.0015247344970703125
0.5,0.599484,0.9,50,0.6833333333333332,0.11205157542647737,334,0.6166666666666667,0.6166666666666667,0.8333333333333333,0.55,0.8,0.18510236740112304,0.0014616489410400391
0.5,2.15443,0.1,5,0.6599999999999999,0.09695359714832659,438,0.7333333333333334,0.5333333333333333,0.55,0.75,0.7333333333333334,0.2603029251098633,0.001503896713256836
0.5,2.15443,0.1,10,0.6133333333333334,0.09153020145163988,517,0.55,0.5333333333333333,0.5333333333333333,0.7333333333333334,0.7166666666666667,0.2602715015411377,0.0015018939971923827
0.5,2.15443,0.1,20,0.7633333333333333,0.03711842908553346,12,0.8166666666666667,0.7333333333333334,0.7333333333333334,0.7333333333333334,0.8,0.26035346984863283,0.0014995574951171876
0.5,2.15443,0.1,50,0.7633333333333334,0.09030811456096045,5,0.7166666666666667,0.7333333333333334,0.9166666666666667,0.65,0.8,0.26007833480834963,0.001514101028442383
0.5,2.15443,0.3,5,0.6333333333333333,0.14023789311975088,504,0.5333333333333333,0.5333333333333333,0.65,0.55,0.9,0.32733988761901855,0.001525545120239258
0.5,2.15443,0.3,10,0.65,0.11450376024878443,461,0.6333333333333333,0.5333333333333333,0.5333333333333333,0.8333333333333333,0.7166666666666667,0.32791686058044434,0.0015177249908447266
0.5,2.15443,0.3,20,0.6699999999999999,0.08717797887081348,382,0.6333333333333333,0.6333333333333333,0.7333333333333334,0.55,0.8,0.32735629081726075,0.0015279293060302735
0.5,2.15443,0.3,50,0.7233333333333333,0.127627931460511,123,0.7166666666666667,0.6333333333333333,0.9166666666666667,0.55,0.8,0.33048696517944337,0.0015361785888671875
0.5,2.15443,0.5,5,0.6266666666666666,0.11671427600007732,516,0.7333333333333334,0.5333333333333333,0.5166666666666667,0.55,0.8,0.3635864734649658,0.0015208721160888672
0.5,2.15443,0.5,10,0.6699999999999999,0.15790292376436013,382,0.43333333333333335,0.5333333333333333,0.75,0.8333333333333333,0.8,0.36343770027160643,0.0015304088592529297
0.5,2.15443,0.5,20,0.71,0.10252370999486465,162,0.8166666666666667,0.6333333333333333,0.75,0.55,0.8,0.3628974437713623,0.0015167236328125
0.5,2.15443,0.5,50,0.7033333333333334,0.10077477638553982,201,0.7166666666666667,0.6333333333333333,0.8166666666666667,0.55,0.8,0.36320176124572756,0.001523447036743164
0.5,2.15443,0.7,5,0.6666666666666666,0.12866839377079187,406,0.6333333333333333,0.8333333333333333,0.5166666666666667,0.55,0.8,0.3918145179748535,0.00150299072265625
0.5,2.15443,0.7,10,0.6466666666666667,0.17713773674115227,474,0.43333333333333335,0.43333333333333335,0.7333333333333334,0.8333333333333333,0.8,0.3921445369720459,0.0015171527862548827
0.5,2.15443,0.7,20,0.6933333333333334,0.09345230512584127,266,0.7333333333333334,0.5333333333333333,0.75,0.65,0.8,0.3915554523468018,0.0015254974365234374
0.5,2.15443,0.7,50,0.7066666666666667,0.0910433352249844,175,0.6166666666666667,0.6333333333333333,0.8333333333333333,0.65,0.8,0.3928060054779053,0.0015114784240722657
0.5,2.15443,0.9,5,0.7066666666666667,0.10466878978738386,175,0.6333333333333333,0.8333333333333333,0.7166666666666667,0.55,0.8,0.40507850646972654,0.0015100479125976563
0.5,2.15443,0.9,10,0.6266666666666667,0.15972198067614587,511,0.43333333333333335,0.43333333333333335,0.7333333333333334,0.7333333333333334,0.8,0.4037950038909912,0.0015695571899414062
0.5,2.15443,0.9,20,0.7133333333333333,0.06782329983125271,159,0.6333333333333333,0.6333333333333333,0.75,0.75,0.8,0.4040372371673584,0.0015210628509521485
0.5,2.15443,0.9,50,0.7433333333333334,0.13274871834493254,36,0.8166666666666667,0.6333333333333333,0.9166666666666667,0.55,0.8,0.40463781356811523,0.0015262603759765626
0.5,7.74264,0.1,5,0.6599999999999999,0.09695359714832659,438,0.7333333333333334,0.5333333333333333,0.55,0.75,0.7333333333333334,0.31360349655151365,0.0015005111694335938
0.5,7.74264,0.1,10,0.65,0.16766368453279054,461,0.75,0.5333333333333333,0.4166666666666667,0.65,0.9,0.31351823806762696,0.001500701904296875
0.5,7.74264,0.1,20,0.7633333333333333,0.12927146286443544,12,0.7333333333333334,0.5333333333333333,0.8333333333333333,0.9166666666666667,0.8,0.313877534866333,0.0015313148498535157
0.5,7.74264,0.1,50,0.7633333333333333,0.0644635986860457,12,0.8166666666666667,0.7333333333333334,0.8166666666666667,0.65,0.8,0.31438097953796384,0.0015224933624267579
0.5,7.74264,0.3,5,0.7133333333333333,0.10923979738782624,159,0.8333333333333333,0.5333333333333333,0.65,0.75,0.8,0.5422779083251953,0.0016685009002685546
0.5,7.74264,0.3,10,0.63,0.08589399151150086,505,0.6333333333333333,0.5333333333333333,0.5333333333333333,0.7333333333333334,0.7166666666666667,0.5414024829864502,0.0015684604644775391
0.5,7.74264,0.3,20,0.71,0.10519822558706332,162,0.6333333333333333,0.7333333333333334,0.8333333333333333,0.55,0.8,0.5429677963256836,0.001625394821166992
0.5,7.74264,0.3,50,0.7233333333333334,0.07498147919467996,103,0.7166666666666667,0.6333333333333333,0.8166666666666667,0.65,0.8,0.5431736946105957,0.001564359664916992
0.5,7.74264,0.5,5,0.7333333333333333,0.13038404810405296,89,0.8333333333333333,0.5333333333333333,0.65,0.75,0.9,0.6050257205963134,0.0015682697296142579
0.5,7.74264,0.5,10,0.65,0.11450376024878443,461,0.6333333333333333,0.5333333333333333,0.5333333333333333,0.8333333333333333,0.7166666666666667,0.6049218654632569,0.0015563488006591797
0.5,7.74264,0.5,20,0.65,0.10327955589886446,461,0.6333333333333333,0.5333333333333333,0.7333333333333334,0.55,0.8,0.6059751510620117,0.0015645503997802734
0.5,7.74264,0.5,50,0.7433333333333334,0.1046687897873839,36,0.7166666666666667,0.6333333333333333,0.9166666666666667,0.65,0.8,0.6059000968933106,0.001617574691772461
0.5,7.74264,0.7,5,0.6666666666666667,0.14102797200870787,397,0.5333333333333333,0.5333333333333333,0.6166666666666667,0.75,0.9,0.6715878486633301,0.00155792236328125
0.5,7.74264,0.7,10,0.6699999999999999,0.15790292376436013,382,0.43333333333333335,0.5333333333333333,0.75,0.8333333333333333,0.8,0.6712867259979248,0.001562356948852539
0.5,7.74264,0.7,20,0.6533333333333333,0.1061445555206044,447,0.6333333333333333,0.5333333333333333,0.75,0.55,0.8,0.6726508617401123,0.0015657424926757812
0.5,7.74264,0.7,50,0.7233333333333333,0.127627931460511,123,0.7166666666666667,0.6333333333333333,0.9166666666666667,0.55,0.8,0.6728631973266601,0.0015755653381347655
0.5,7.74264,0.9,5,0.7066666666666667,0.12498888839501783,175,0.7333333333333334,0.5333333333333333,0.6166666666666667,0.75,0.9,0.7133198738098144,0.001571798324584961
0.5,7.74264,0.9,10,0.65,0.17888543819998315,461,0.43333333333333335,0.43333333333333335,0.75,0.8333333333333333,0.8,0.7152600765228272,0.0015603065490722655
0.5,7.74264,0.9,20,0.6533333333333333,0.10923979738782627,447,0.5333333333333333,0.5333333333333333,0.75,0.65,0.8,0.7158960342407227,0.001552581787109375
0.5,7.74264,0.9,50,0.74,0.12000000000000002,59,0.7166666666666667,0.7166666666666667,0.9166666666666667,0.55,0.8,0.7198409557342529,0.0015586376190185546
0.5,27.8256,0.1,5,0.6133333333333333,0.1142122779934121,518,0.7333333333333334,0.5166666666666667,0.45,0.6333333333333333,0.7333333333333334,0.3134130001068115,0.0015033721923828126
0.5,27.8256,0.1,10,0.6666666666666667,0.15916448515084428,397,0.75,0.6166666666666667,0.4166666666666667,0.65,0.9,0.31331300735473633,0.0015099048614501953
0.5,27.8256,0.1,20,0.6733333333333333,0.15040685563571302,365,0.55,0.45,0.8333333333333333,0.8166666666666667,0.7166666666666667,0.31264533996582033,0.0015249252319335938
0.5,27.8256,0.1,50,0.7433333333333334,0.06018490028422596,36,0.7166666666666667,0.7333333333333334,0.8166666666666667,0.65,0.8,0.31189804077148436,0.001596689224243164
0.5,27.8256,0.3,5,0.6599999999999999,0.09695359714832659,438,0.7333333333333334,0.5333333333333333,0.55,0.75,0.7333333333333334,0.43721461296081543,0.0015424728393554688
0.5,27.8256,0.3,10,0.65,0.16766368453279054,461,0.75,0.5333333333333333,0.4166666666666667,0.65,0.9,0.43714189529418945,0.0015456676483154297
0.5,27.8256,0.3,20,0.7633333333333333,0.11274356350191844,12,0.6333333333333333,0.6333333333333333,0.8333333333333333,0.9166666666666667,0.8,0.4379152774810791,0.0016595840454101563
0.5,27.8256,0.3,50,0.7633333333333333,0.0644635986860457,12,0.8166666666666667,0.7333333333333334,0.8166666666666667,0.65,0.8,0.4373655319213867,0.0015582561492919922
0.5,27.8256,0.5,5,0.6933333333333334,0.12675435561221027,266,0.8333333333333333,0.5333333333333333,0.55,0.75,0.8,0.6747538089752197,0.001566314697265625
0.5,27.8256,0.5,10,0.6866666666666666,0.13920408678547402,305,0.7333333333333334,0.5333333333333333,0.5333333333333333,0.7333333333333334,0.9,0.6806039333343505,0.0015559673309326171
0.5,27.8256,0.5,20,0.6733333333333332,0.12138094304022082,374,0.55,0.6333333333333333,0.8333333333333333,0.55,0.8,0.684248685836792,0.0015568256378173829
0.5,27.8256,0.5,50,0.7233333333333334,0.07498147919467996,103,0.7166666666666667,0.6333333333333333,0.8166666666666667,0.65,0.8,0.6867167472839355,0.0015676498413085937
0.5,27.8256,0.7,5,0.7133333333333333,0.10923979738782624,159,0.8333333333333333,0.5333333333333333,0.65,0.75,0.8,0.8225200176239014,0.001565265655517578
0.5,27.8256,0.7,10,0.63,0.08589399151150086,505,0.6333333333333333,0.5333333333333333,0.5333333333333333,0.7333333333333334,0.7166666666666667,0.809124231338501,0.0015561580657958984
0.5,27.8256,0.7,20,0.65,0.10327955589886446,461,0.6333333333333333,0.5333333333333333,0.7333333333333334,0.55,0.8,0.8087992191314697,0.0015537261962890625
0.5,27.8256,0.7,50,0.7033333333333334,0.10077477638553982,201,0.7166666666666667,0.6333333333333333,0.8166666666666667,0.55,0.8,0.8106680870056152,0.0015708446502685548
0.5,27.8256,0.9,5,0.6733333333333333,0.10677078252031309,365,0.8333333333333333,0.5333333333333333,0.65,0.75,0.6,0.8732899188995361,0.0015745162963867188
0.5,27.8256,0.9,10,0.65,0.11450376024878443,461,0.6333333333333333,0.5333333333333333,0.5333333333333333,0.8333333333333333,0.7166666666666667,0.872777795791626,0.0015608310699462891
0.5,27.8256,0.9,20,0.6899999999999998,0.10832051206181278,291,0.6333333333333333,0.6333333333333333,0.8333333333333333,0.55,0.8,0.8726091384887695,0.0015645503997802734
0.5,27.8256,0.9,50,0.7433333333333334,0.1046687897873839,36,0.7166666666666667,0.6333333333333333,0.9166666666666667,0.65,0.8,0.8743536472320557,0.001566600799560547
0.5,100.0,0.1,5,0.5966666666666667,0.1318247995552346,523,0.7333333333333334,0.43333333333333335,0.45,0.6333333333333333,0.7333333333333334,0.37352652549743653,0.0015317916870117188
0.5,100.0,0.1,10,0.69,0.12587471725666138,289,0.75,0.6166666666666667,0.5333333333333333,0.65,0.9,0.3734880447387695,0.0015399456024169922
0.5,100.0,0.1,20,0.6900000000000001,0.14007934259633792,270,0.6333333333333333,0.45,0.8333333333333333,0.8166666666666667,0.7166666666666667,0.37370848655700684,0.0015331268310546874
0.5,100.0,0.1,50,0.7633333333333333,0.0644635986860457,12,0.8166666666666667,0.7333333333333334,0.8166666666666667,0.65,0.8,0.3740370750427246,0.001555633544921875
0.5,100.0,0.3,5,0.6133333333333333,0.1142122779934121,518,0.7333333333333334,0.5166666666666667,0.45,0.6333333333333333,0.7333333333333334,0.37836904525756837,0.0016376972198486328
0.5,100.0,0.3,10,0.69,0.12587471725666138,289,0.75,0.6166666666666667,0.5333333333333333,0.65,0.9,0.377400541305542,0.0015265464782714844
0.5,100.0,0.3,20,0.6733333333333333,0.15040685563571302,365,0.55,0.45,0.8333333333333333,0.8166666666666667,0.7166666666666667,0.37765817642211913,0.0015290260314941406
0.5,100.0,0.3,50,0.7433333333333334,0.06018490028422596,36,0.7166666666666667,0.7333333333333334,0.8166666666666667,0.65,0.8,0.3769559860229492,0.0015158653259277344
0.5,100.0,0.5,5,0.6333333333333334,0.09006170724070864,499,0.7333333333333334,0.5166666666666667,0.55,0.6333333333333333,0.7333333333333334,0.39453439712524413,0.0015280723571777343
0.5,100.0,0.5,10,0.6666666666666667,0.15916448515084428,397,0.75,0.6166666666666667,0.4166666666666667,0.65,0.9,0.39666309356689455,0.0015341281890869141
0.5,100.0,0.5,20,0.6733333333333333,0.15040685563571302,365,0.55,0.45,0.8333333333333333,0.8166666666666667,0.7166666666666667,0.3951727867126465,0.0015424251556396484
0.5,100.0,0.5,50,0.7633333333333333,0.0644635986860457,12,0.8166666666666667,0.7333333333333334,0.8166666666666667,0.65,0.8,0.39467806816101075,0.001540231704711914
0.5,100.0,0.7,5,0.6599999999999999,0.09695359714832659,438,0.7333333333333334,0.5333333333333333,0.55,0.75,0.7333333333333334,0.4317599296569824,0.001562356948852539
0.5,100.0,0.7,10,0.6666666666666667,0.15916448515084428,397,0.75,0.6166666666666667,0.4166666666666667,0.65,0.9,0.43413076400756834,0.001566314697265625
0.5,100.0,0.7,20,0.71,0.1078064108586415,162,0.55,0.6333333333333333,0.8333333333333333,0.8166666666666667,0.7166666666666667,0.4343122482299805,0.0015408992767333984
0.5,100.0,0.7,50,0.7633333333333333,0.0644635986860457,12,0.8166666666666667,0.7333333333333334,0.8166666666666667,0.65,0.8,0.4314511775970459,0.001535797119140625
0.5,100.0,0.9,5,0.6599999999999999,0.09695359714832659,438,0.7333333333333334,0.5333333333333333,0.55,0.75,0.7333333333333334,0.48382091522216797,0.0015511035919189454
0.5,100.0,0.9,10,0.6666666666666667,0.15916448515084428,397,0.75,0.6166666666666667,0.4166666666666667,0.65,0.9,0.48421287536621094,0.001546192169189453
0.5,100.0,0.9,20,0.7633333333333333,0.11274356350191844,12,0.6333333333333333,0.6333333333333333,0.8333333333333333,0.9166666666666667,0.8,0.4843559741973877,0.001607370376586914
0.5,100.0,0.9,50,0.7633333333333333,0.0644635986860457,12,0.8166666666666667,0.7333333333333334,0.8166666666666667,0.65,0.8,0.4841145038604736,0.0015527725219726563
