param_clf__shrink_threshold,param_selector__C,param_selector__l1_ratio,param_selector__top_k,mean_test_score,std_test_score,rank_test_score,split0_test_score,split1_test_score,split2_test_score,split3_test_score,split4_test_score,mean_fit_time,mean_score_time
,0.001,0.1,5,0.44333333333333336,0.08,673,0.3833333333333333,0.5333333333333333,0.5333333333333333,0.3333333333333333,0.43333333333333335,0.0032168865203857423,0.0013794898986816406
,0.001,0.1,10,0.46333333333333326,0.07483314773547883,625,0.48333333333333334,0.5333333333333333,0.5333333333333333,0.3333333333333333,0.43333333333333335,0.003138875961303711,0.0013770103454589845
,0.001,0.1,20,0.49333333333333335,0.07498147919467994,577,0.5666666666666667,0.45,0.55,0.3666666666666667,0.5333333333333333,0.0032099246978759765,0.0013649940490722656
,0.001,0.1,50,0.5466666666666666,0.08055363982396382,531,0.6166666666666667,0.48333333333333334,0.65,0.43333333333333335,0.55,0.003212738037109375,0.0014738082885742188
,0.001,0.3,5,0.44333333333333336,0.08,673,0.3833333333333333,0.5333333333333333,0.5333333333333333,0.3333333333333333,0.43333333333333335,0.0031944751739501954,0.0013706207275390625
,0.001,0.3,10,0.46333333333333326,0.07483314773547883,625,0.48333333333333334,0.5333333333333333,0.5333333333333333,0.3333333333333333,0.43333333333333335,0.0031868934631347655,0.0013701915740966797
,0.001,0.3,20,0.49333333333333335,0.07498147919467994,577,0.5666666666666667,0.45,0.55,0.3666666666666667,0.5333333333333333,0.0031754016876220704,0.001378345489501953
,0.001,0.3,50,0.5466666666666666,0.08055363982396382,531,0.6166666666666667,0.48333333333333334,0.65,0.43333333333333335,0.55,0.003278636932373047,0.001395845413208008
,0.001,0.5,5,0.44333333333333336,0.08,673,0.3833333333333333,0.5333333333333333,0.5333333333333333,0.3333333333333333,0.43333333333333335,0.0032242774963378907,0.0013782978057861328
,0.001,0.5,10,0.46333333333333326,0.07483314773547883,625,0.48333333333333334,0.5333333333333333,0.5333333333333333,0.3333333333333333,0.43333333333333335,0.0031777381896972655,0.0013862133026123046
,0.001,0.5,20,0.49333333333333335,0.07498147919467994,577,0.5666666666666667,0.45,0.55,0.3666666666666667,0.5333333333333333,0.0031891345977783205,0.0013733386993408203
,0.001,0.5,50,0.5466666666666666,0.08055363982396382,531,0.6166666666666667,0.48333333333333334,0.65,0.43333333333333335,0.55,0.003277158737182617,0.001390361785888672
,0.001,0.7,5,0.44333333333333336,0.08,673,0.3833333333333333,0.5333333333333333,0.5333333333333333,0.3333333333333333,0.43333333333333335,0.003200197219848633,0.0013728141784667969
,0.001,0.7,10,0.46333333333333326,0.07483314773547883,625,0.48333333333333334,0.5333333333333333,0.5333333333333333,0.3333333333333333,0.43333333333333335,0.00317230224609375,0.0013854503631591797
,0.001,0.7,20,0.49333333333333335,0.07498147919467994,577,0.5666666666666667,0.45,0.55,0.3666666666666667,0.5333333333333333,0.0031972408294677736,0.0014340877532958984
,0.001,0.7,50,0.5466666666666666,0.08055363982396382,531,0.6166666666666667,0.48333333333333334,0.65,0.43333333333333335,0.55,0.003250885009765625,0.00138092041015625
,0.001,0.9,5,0.44333333333333336,0.08,673,0.3833333333333333,0.5333333333333333,0.5333333333333333,0.3333333333333333,0.43333333333333335,0.003168344497680664,0.0013967990875244141
,0.001,0.9,10,0.46333333333333326,0.07483314773547883,625,0.48333333333333334,0.5333333333333333,0.5333333333333333,0.3333333333333333,0.43333333333333335,0.0031688690185546877,0.0013831138610839843
,0.001,0.9,20,0.49333333333333335,0.07498147919467994,577,0.5666666666666667,0.45,0.55,0.3666666666666667,0.5333333333333333,0.0033377647399902345,0.0013813495635986329
,0.001,0.9,50,0.5466666666666666,0.08055363982396382,531,0.6166666666666667,0.48333333333333334,0.65,0.43333333333333335,0.55,0.0032192230224609374,0.001375865936279297
,0.00359381,0.1,5,0.44333333333333336,0.08,673,0.3833333333333333,0.5333333333333333,0.5333333333333333,0.3333333333333333,0.43333333333333335,0.0035703182220458984,0.0013649940490722656
,0.00359381,0.1,10,0.46333333333333326,0.07483314773547883,625,0.48333333333333334,0.5333333333333333,0.5333333333333333,0.3333333333333333,0.43333333333333335,0.003536081314086914,0.0013765335083007813
,0.00359381,0.1,20,0.49333333333333335,0.07498147919467994,577,0.5666666666666667,0.45,0.55,0.3666666666666667,0.5333333333333333,0.003620481491088867,0.0013801097869873048
,0.00359381,0.1,50,0.5466666666666666,0.08055363982396382,531,0.6166666666666667,0.48333333333333334,0.65,0.43333333333333335,0.55,0.003554248809814453,0.0013813018798828126
,0.00359381,0.3,5,0.44333333333333336,0.08,673,0.3833333333333333,0.5333333333333333,0.5333333333333333,0.3333333333333333,0.43333333333333335,0.0032489776611328127,0.0013915061950683593
,0.00359381,0.3,10,0.46333333333333326,0.07483314773547883,625,0.48333333333333334,0.5333333333333333,0.5333333333333333,0.3333333333333333,0.43333333333333335,0.0031944751739501954,0.0013645172119140625
,0.00359381,0.3,20,0.49333333333333335,0.07498147919467994,577,0.5666666666666667,0.45,0.55,0.3666666666666667,0.5333333333333333,0.003248786926269531,0.0013866424560546875
,0.00359381,0.3,50,0.5466666666666666,0.08055363982396382,531,0.6166666666666667,0.48333333333333334,0.65,0.43333333333333335,0.55,0.0032099246978759765,0.0013820648193359375
,0.00359381,0.5,5,0.44333333333333336,0.08,673,0.3833333333333333,0.5333333333333333,0.5333333333333333,0.3333333333333333,0.43333333333333335,0.003160858154296875,0.0013731956481933595
,0.00359381,0.5,10,0.46333333333333326,0.07483314773547883,625,0.48333333333333334,0.5333333333333333,0.5333333333333333,0.3333333333333333,0.43333333333333335,0.003204631805419922,0.0013602733612060546
,0.00359381,0.5,20,0.49333333333333335,0.07498147919467994,577,0.5666666666666667,0.45,0.55,0.3666666666666667,0.5333333333333333,0.0032699108123779297,0.0014080047607421876
,0.00359381,0.5,50,0.5466666666666666,0.08055363982396382,531,0.6166666666666667,0.48333333333333334,0.65,0.43333333333333335,0.55,0.003202009201049805,0.001382589340209961
,0.00359381,0.7,5,0.44333333333333336,0.08,673,0.3833333333333333,0.5333333333333333,0.5333333333333333,0.3333333333333333,0.43333333333333335,0.003163766860961914,0.0013638019561767578
,0.00359381,0.7,10,0.46333333333333326,0.07483314773547883,625,0.48333333333333334,0.5333333333333333,0.5333333333333333,0.3333333333333333,0.43333333333333335,0.003202676773071289,0.0013765811920166016
,0.00359381,0.7,20,0.49333333333333335,0.07498147919467994,577,0.5666666666666667,0.45,0.55,0.3666666666666667,0.5333333333333333,0.003189754486083984,0.001451873779296875
,0.00359381,0.7,50,0.5466666666666666,0.08055363982396382,531,0.6166666666666667,0.48333333333333334,0.65,0.43333333333333335,0.55,0.003189563751220703,0.0013810157775878905
,0.00359381,0.9,5,0.44333333333333336,0.08,673,0.3833333333333333,0.5333333333333333,0.5333333333333333,0.3333333333333333,0.43333333333333335,0.0031923294067382813,0.0013642311096191406
,0.00359381,0.9,10,0.46333333333333326,0.07483314773547883,625,0.48333333333333334,0.5333333333333333,0.5333333333333333,0.3333333333333333,0.43333333333333335,0.003211832046508789,0.001367473602294922
,0.00359381,0.9,20,0.49333333333333335,0.07498147919467994,577,0.5666666666666667,0.45,0.55,0.3666666666666667,0.5333333333333333,0.0032439231872558594,0.0013688564300537109
,0.00359381,0.9,50,0.5466666666666666,0.08055363982396382,531,0.6166666666666667,0.48333333333333334,0.65,0.43333333333333335,0.55,0.003183794021606445,0.001368236541748047
,0.0129155,0.1,5,0.63,0.06000000000000001,380,0.6333333333333333,0.7333333333333334,0.55,0.6333333333333333,0.6,0.012423849105834961,0.0013787269592285157
,0.0129155,0.1,10,0.67,0.11323525167642016,260,0.55,0.8333333333333333,0.7166666666666667,0.5333333333333333,0.7166666666666667,0.012381601333618163,0.0013727664947509766
,0.0129155,0.1,20,0.65,0.0649786289653931,331,0.6333333333333333,0.6666666666666666,0.7166666666666667,0.5333333333333333,0.7,0.012409210205078125,0.001386404037475586
,0.0129155,0.1,50,0.7466666666666666,0.13474255287605158,41,0.65,0.8333333333333333,0.8166666666666667,0.5333333333333333,0.9,0.012434959411621094,0.0013857841491699218
,0.0129155,0.3,5,0.44333333333333336,0.08,673,0.3833333333333333,0.5333333333333333,0.5333333333333333,0.3333333333333333,0.43333333333333335,0.0037150859832763674,0.0013744354248046875
,0.0129155,0.3,10,0.46333333333333326,0.07483314773547883,625,0.48333333333333334,0.5333333333333333,0.5333333333333333,0.3333333333333333,0.43333333333333335,0.0037554264068603515,0.0013765335083007813
,0.0129155,0.3,20,0.49333333333333335,0.07498147919467994,577,0.5666666666666667,0.45,0.55,0.3666666666666667,0.5333333333333333,0.0037953853607177734,0.0013835906982421875
,0.0129155,0.3,50,0.5466666666666666,0.08055363982396382,531,0.6166666666666667,0.48333333333333334,0.65,0.43333333333333335,0.55,0.0037410736083984377,0.001382732391357422
,0.0129155,0.5,5,0.44333333333333336,0.08,673,0.3833333333333333,0.5333333333333333,0.5333333333333333,0.3333333333333333,0.43333333333333335,0.0035247325897216795,0.0013712406158447265
,0.0129155,0.5,10,0.46333333333333326,0.07483314773547883,625,0.48333333333333334,0.5333333333333333,0.5333333333333333,0.3333333333333333,0.43333333333333335,0.0037069320678710938,0.001388216018676758
,0.0129155,0.5,20,0.49333333333333335,0.07498147919467994,577,0.5666666666666667,0.45,0.55,0.3666666666666667,0.5333333333333333,0.003624296188354492,0.0013752460479736328
,0.0129155,0.5,50,0.5466666666666666,0.08055363982396382,531,0.6166666666666667,0.48333333333333334,0.65,0.43333333333333335,0.55,0.003543233871459961,0.0013830184936523438
,0.0129155,0.7,5,0.44333333333333336,0.08,673,0.3833333333333333,0.5333333333333333,0.5333333333333333,0.3333333333333333,0.43333333333333335,0.0031848907470703124,0.0013798713684082032
,0.0129155,0.7,10,0.46333333333333326,0.07483314773547883,625,0.48333333333333334,0.5333333333333333,0.5333333333333333,0.3333333333333333,0.43333333333333335,0.0032088756561279297,0.0013585567474365234
,0.0129155,0.7,20,0.49333333333333335,0.07498147919467994,577,0.5666666666666667,0.45,0.55,0.3666666666666667,0.5333333333333333,0.0032163619995117187,0.0013806819915771484
,0.0129155,0.7,50,0.5466666666666666,0.08055363982396382,531,0.6166666666666667,0.48333333333333334,0.65,0.43333333333333335,0.55,0.003196430206298828,0.001371908187866211
,0.0129155,0.9,5,0.44333333333333336,0.08,673,0.3833333333333333,0.5333333333333333,0.5333333333333333,0.3333333333333333,0.43333333333333335,0.00314483642578125,0.0013778209686279297
,0.0129155,0.9,10,0.46333333333333326,0.07483314773547883,625,0.48333333333333334,0.5333333333333333,0.5333333333333333,0.3333333333333333,0.43333333333333335,0.003200721740722656,0.00142974853515625
,0.0129155,0.9,20,0.49333333333333335,0.07498147919467994,577,0.5666666666666667,0.45,0.55,0.3666666666666667,0.5333333333333333,0.0031632900238037108,0.001382732391357422
,0.0129155,0.9,50,0.5466666666666666,0.08055363982396382,531,0.6166666666666667,0.48333333333333334,0.65,0.43333333333333335,0.55,0.0031891345977783205,0.0013752460479736328
,0.0464159,0.1,5,0.6633333333333333,0.0819213715162967,294,0.7,0.7333333333333334,0.6333333333333333,0.7333333333333334,0.5166666666666667,0.023752403259277344,0.0013917446136474609
,0.0464159,0.1,10,0.6900000000000001,0.09580071908799943,158,0.7,0.75,0.5333333333333333,0.65,0.8166666666666667,0.02373819351196289,0.0013890743255615234
,0.0464159,0.1,20,0.7066666666666667,0.10466878978738386,101,0.7166666666666667,0.8333333333333333,0.6333333333333333,0.55,0.8,0.02370729446411133,0.001384878158569336
,0.0464159,0.1,50,0.6900000000000001,0.08856886837057615,158,0.55,0.75,0.7166666666666667,0.6333333333333333,0.8,0.02368755340576172,0.001385068893432617
,0.0464159,0.3,5,0.63,0.06000000000000001,380,0.55,0.7333333333333334,0.6333333333333333,0.6333333333333333,0.6,0.023905038833618164,0.001383495330810547
,0.0464159,0.3,10,0.7066666666666667,0.12183777921664714,101,0.6333333333333333,0.9166666666666667,0.7166666666666667,0.55,0.7166666666666667,0.02381720542907715,0.001384592056274414
,0.0464159,0.3,20,0.6333333333333334,0.07673909622147557,367,0.55,0.6666666666666666,0.7166666666666667,0.5333333333333333,0.7,0.023722743988037108,0.0013735771179199218
,0.0464159,0.3,50,0.7466666666666666,0.12174654911833116,41,0.7333333333333334,0.75,0.8166666666666667,0.5333333333333333,0.9,0.02376875877380371,0.0013828754425048828
,0.0464159,0.5,5,0.6633333333333333,0.14429907214608909,294,0.65,0.8,0.6333333333333333,0.4166666666666667,0.8166666666666667,0.018889951705932616,0.0013699054718017579
,0.0464159,0.5,10,0.7266666666666667,0.1772004514666935,72,0.65,0.4666666666666667,0.8166666666666667,0.7,1.0,0.018938684463500978,0.0013672351837158204
,0.0464159,0.5,20,0.7300000000000001,0.151803967156476,67,0.65,0.65,0.9,0.5333333333333333,0.9166666666666667,0.01885356903076172,0.0013739109039306641
,0.0464159,0.5,50,0.6966666666666667,0.19533447098644818,147,0.7333333333333334,0.8333333333333333,0.65,0.35,0.9166666666666667,0.018913412094116212,0.0013816356658935547
,0.0464159,0.7,5,0.44333333333333336,0.08,673,0.3833333333333333,0.5333333333333333,0.5333333333333333,0.3333333333333333,0.43333333333333335,0.004113483428955078,0.0014508724212646484
,0.0464159,0.7,10,0.46333333333333326,0.07483314773547883,625,0.48333333333333334,0.5333333333333333,0.5333333333333333,0.3333333333333333,0.43333333333333335,0.004114198684692383,0.0014009475708007812
,0.0464159,0.7,20,0.49333333333333335,0.07498147919467994,577,0.5666666666666667,0.45,0.55,0.3666666666666667,0.5333333333333333,0.004089498519897461,0.0013785839080810546
,0.0464159,0.7,50,0.5466666666666666,0.08055363982396382,531,0.6166666666666667,0.48333333333333334,0.65,0.43333333333333335,0.55,0.004159021377563477,0.001385974884033203
,0.0464159,0.9,5,0.44333333333333336,0.08,673,0.3833333333333333,0.5333333333333333,0.5333333333333333,0.3333333333333333,0.43333333333333335,0.003992891311645508,0.0013706684112548828
,0.0464159,0.9,10,0.46333333333333326,0.07483314773547883,625,0.48333333333333334,0.5333333333333333,0.5333333333333333,0.3333333333333333,0.43333333333333335,0.004006576538085937,0.0013848304748535155
,0.0464159,0.9,20,0.49333333333333335,0.07498147919467994,577,0.5666666666666667,0.45,0.55,0.3666666666666667,0.5333333333333333,0.003967714309692383,0.0013814926147460937
,0.0464159,0.9,50,0.5466666666666666,0.08055363982396382,531,0.6166666666666667,0.48333333333333334,0.65,0.43333333333333335,0.55,0.00406179428100586,0.0013820648193359375
,0.16681,0.1,5,0.68,0.09797958971132709,219,0.7,0.65,0.7166666666666667,0.8166666666666667,0.5166666666666667,0.0558382511138916,0.0014088153839111328
,0.16681,0.1,10,0.6533333333333333,0.07557189365836424,308,0.6333333333333333,0.75,0.6333333333333333,0.5333333333333333,0.7166666666666667,0.05620393753051758,0.0013970375061035157
,0.16681,0.1,20,0.7066666666666667,0.10466878978738386,101,0.8,0.8333333333333333,0.6333333333333333,0.55,0.7166666666666667,0.056142663955688475,0.0014143943786621093
,0.16681,0.1,50,0.7733333333333334,0.09463379711052262,20,0.8,0.9166666666666667,0.7166666666666667,0.6333333333333333,0.8,0.05621757507324219,0.0013968944549560547
,0.16681,0.3,5,0.6666666666666667,0.08366600265340757,278,0.7333333333333334,0.7333333333333334,0.7166666666666667,0.6333333333333333,0.5166666666666667,0.06088886260986328,0.001400327682495117
,0.16681,0.3,10,0.67,0.053124591501697425,260,0.7166666666666667,0.75,0.6333333333333333,0.6333333333333333,0.6166666666666667,0.060727834701538086,0.0013900279998779296
,0.16681,0.3,20,0.74,0.10252370999486464,52,0.8,0.8333333333333333,0.7166666666666667,0.55,0.8,0.06155376434326172,0.0014053821563720704
,0.16681,0.3,50,0.74,0.16686654681045104,52,0.55,0.9166666666666667,0.8,0.5333333333333333,0.9,0.06080942153930664,0.0014060020446777343
,0.16681,0.5,5,0.6266666666666667,0.08981462390204988,398,0.5333333333333333,0.7333333333333334,0.7166666666666667,0.6333333333333333,0.5166666666666667,0.06178903579711914,0.0014073848724365234
,0.16681,0.5,10,0.6666666666666666,0.05055250296034367,285,0.6333333333333333,0.75,0.6333333333333333,0.6166666666666667,0.7,0.06173725128173828,0.0013946056365966796
,0.16681,0.5,20,0.74,0.12000000000000002,52,0.7166666666666667,0.9166666666666667,0.7166666666666667,0.55,0.8,0.06177124977111816,0.0014059066772460938
,0.16681,0.5,50,0.7766666666666666,0.12631530214330944,14,0.8166666666666667,0.8333333333333333,0.9,0.5333333333333333,0.8,0.061783123016357425,0.0014044284820556641
,0.16681,0.7,5,0.68,0.054160256030906434,219,0.7,0.7333333333333334,0.7333333333333334,0.6333333333333333,0.6,0.0627981185913086,0.0013947486877441406
,0.16681,0.7,10,0.7333333333333334,0.11205157542647744,64,0.8,0.9166666666666667,0.6333333333333333,0.6166666666666667,0.7,0.06278419494628906,0.001397562026977539
,0.16681,0.7,20,0.7033333333333334,0.06944222218666554,126,0.6333333333333333,0.75,0.7166666666666667,0.6166666666666667,0.8,0.06274476051330566,0.0013994216918945313
,0.16681,0.7,50,0.7666666666666666,0.130384048104053,21,0.7333333333333334,0.8333333333333333,0.8166666666666667,0.5333333333333333,0.9166666666666667,0.06287851333618164,0.0014051437377929688
,0.16681,0.9,5,0.68,0.07483314773547886,219,0.8,0.7333333333333334,0.6333333333333333,0.6333333333333333,0.6,0.052950286865234376,0.001384592056274414
,0.16681,0.9,10,0.6799999999999999,0.10402991022884822,228,0.7166666666666667,0.8333333333333333,0.7166666666666667,0.5333333333333333,0.6,0.05294370651245117,0.001397848129272461
,0.16681,0.9,20,0.6133333333333333,0.12970050972229144,431,0.45,0.5666666666666667,0.8166666666666667,0.5333333333333333,0.7,0.05289649963378906,0.0013934612274169923
,0.16681,0.9,50,0.7833333333333333,0.1501850710142508,7,0.8166666666666667,0.75,0.8166666666666667,0.5333333333333333,1.0,0.05288486480712891,0.0014043807983398437
,0.599484,0.1,5,0.6466666666666667,0.04136557881996952,341,0.6,0.6666666666666666,0.7166666666666667,0.6333333333333333,0.6166666666666667,0.12636475563049315,0.0014209270477294922
,0.599484,0.1,10,0.6733333333333335,0.08339997335464537,234,0.8,0.6666666666666666,0.6333333333333333,0.55,0.7166666666666667,0.12621750831604003,0.0014353752136230468
,0.599484,0.1,20,0.7466666666666667,0.09568466729604884,35,0.8,0.6666666666666666,0.7333333333333334,0.6333333333333333,0.9,0.12605032920837403,0.0014429569244384765
,0.599484,0.1,50,0.7266666666666666,0.11623730516108463,80,0.6333333333333333,0.8333333333333333,0.6333333333333333,0.6333333333333333,0.9,0.12625231742858886,0.0014231204986572266
,0.599484,0.3,5,0.6466666666666667,0.07408703590297622,341,0.7,0.65,0.6333333333333333,0.7333333333333334,0.5166666666666667,0.15328459739685057,0.001433086395263672
,0.599484,0.3,10,0.67,0.053124591501697425,260,0.7166666666666667,0.75,0.6333333333333333,0.6333333333333333,0.6166666666666667,0.1530546188354492,0.001443195343017578
,0.599484,0.3,20,0.6766666666666665,0.08856886837057613,232,0.7166666666666667,0.6666666666666666,0.6333333333333333,0.55,0.8166666666666667,0.15311226844787598,0.001434183120727539
,0.599484,0.3,50,0.7766666666666666,0.09285592184789412,14,0.6333333333333333,0.8333333333333333,0.8,0.7166666666666667,0.9,0.15330777168273926,0.0014523983001708985
,0.599484,0.5,5,0.6866666666666668,0.08589399151150082,198,0.7166666666666667,0.75,0.7166666666666667,0.7333333333333334,0.5166666666666667,0.16763792037963868,0.001449728012084961
,0.599484,0.5,10,0.6866666666666668,0.04642796092394708,198,0.7166666666666667,0.75,0.6333333333333333,0.6333333333333333,0.7,0.16713190078735352,0.0014487743377685548
,0.599484,0.5,20,0.7066666666666667,0.09921917377424812,101,0.8,0.75,0.6333333333333333,0.55,0.8,0.16672372817993164,0.0014438152313232422
,0.599484,0.5,50,0.7766666666666666,0.16110727964792765,14,0.6333333333333333,0.9166666666666667,0.9,0.5333333333333333,0.9,0.16693387031555176,0.001442289352416992
,0.599484,0.7,5,0.61,0.10143416036468625,438,0.5333333333333333,0.75,0.7166666666666667,0.5333333333333333,0.5166666666666667,0.17759809494018555,0.0014644145965576171
,0.599484,0.7,10,0.6866666666666668,0.061824123303304716,198,0.8,0.6666666666666666,0.6333333333333333,0.6333333333333333,0.7,0.17804241180419922,0.0015017032623291016
,0.599484,0.7,20,0.6900000000000001,0.09752492558885198,158,0.8,0.6666666666666666,0.6333333333333333,0.55,0.8,0.17834386825561524,0.0015178203582763671
,0.599484,0.7,50,0.8099999999999999,0.14437605218471813,1,0.9,0.9166666666666667,0.9,0.5333333333333333,0.8,0.17828564643859862,0.001538991928100586
,0.599484,0.9,5,0.6066666666666667,0.09695359714832659,444,0.5333333333333333,0.7333333333333334,0.7166666666666667,0.5333333333333333,0.5166666666666667,0.15739831924438477,0.0014763832092285155
,0.599484,0.9,10,0.6633333333333333,0.059066817155564506,294,0.7166666666666667,0.75,0.6333333333333333,0.6166666666666667,0.6,0.15749564170837402,0.0014822006225585938
,0.599484,0.9,20,0.7066666666666667,0.09345230512584125,101,0.8,0.6666666666666666,0.7166666666666667,0.55,0.8,0.15759797096252443,0.0014711380004882812
,0.599484,0.9,50,0.7766666666666666,0.12849556844930923,14,0.8166666666666667,0.9166666666666667,0.8166666666666667,0.5333333333333333,0.8,0.15718698501586914,0.0014683723449707032
,2.15443,0.1,5,0.6266666666666667,0.022607766610417548,398,0.6,0.6666666666666666,0.6166666666666667,0.6333333333333333,0.6166666666666667,0.2489335536956787,0.0016389846801757812
,2.15443,0.1,10,0.6900000000000001,0.15333333333333335,158,0.9,0.6666666666666666,0.6333333333333333,0.45,0.8,0.24828553199768066,0.0015172481536865235
,2.15443,0.1,20,0.6366666666666666,0.0653197264742181,366,0.5333333333333333,0.6666666666666666,0.7333333333333334,0.6333333333333333,0.6166666666666667,0.24822378158569336,0.0015280723571777343
,2.15443,0.1,50,0.7266666666666667,0.09809292646374776,72,0.6333333333333333,0.75,0.7166666666666667,0.6333333333333333,0.9,0.24810891151428222,0.0015370845794677734
,2.15443,0.3,5,0.63,0.06182412330330466,380,0.7,0.6666666666666666,0.6333333333333333,0.6333333333333333,0.5166666666666667,0.2994822025299072,0.0015358448028564454
,2.15443,0.3,10,0.7066666666666667,0.10780641085864154,101,0.9,0.75,0.6333333333333333,0.6333333333333333,0.6166666666666667,0.29909458160400393,0.00152435302734375
,2.15443,0.3,20,0.69,0.11623730516108463,194,0.7,0.6666666666666666,0.6333333333333333,0.55,0.9,0.29930906295776366,0.0015482425689697266
,2.15443,0.3,50,0.7766666666666667,0.13441230102437302,12,0.55,0.9166666666666667,0.9,0.7166666666666667,0.8,0.29947714805603026,0.0015160083770751954
,2.15443,0.5,5,0.6266666666666667,0.0873053390247253,398,0.7,0.65,0.5333333333333333,0.7333333333333334,0.5166666666666667,0.35733323097229003,0.001550006866455078
,2.15443,0.5,10,0.6900000000000001,0.0793025150224688,158,0.8166666666666667,0.75,0.6333333333333333,0.6333333333333333,0.6166666666666667,0.357376766204834,0.0015370368957519532
,2.15443,0.5,20,0.6733333333333332,0.08339997335464537,247,0.7166666666666667,0.6666666666666666,0.6333333333333333,0.55,0.8,0.3579549789428711,0.001554393768310547
,2.15443,0.5,50,0.7933333333333333,0.13767917618708925,4,0.6333333333333333,0.9166666666666667,0.9,0.6166666666666667,0.9,0.35767574310302735,0.0015440940856933593
,2.15443,0.7,5,0.63,0.09030811456096045,380,0.7166666666666667,0.65,0.5333333333333333,0.7333333333333334,0.5166666666666667,0.4027350902557373,0.0015667915344238282
,2.15443,0.7,10,0.6533333333333333,0.04876246279442598,308,0.6333333333333333,0.75,0.6333333333333333,0.6333333333333333,0.6166666666666667,0.4026073932647705,0.001541280746459961
,2.15443,0.7,20,0.6933333333333334,0.1067707825203131,150,0.8,0.5833333333333334,0.7333333333333334,0.55,0.8,0.4016928195953369,0.0015504837036132812
,2.15443,0.7,50,0.7233333333333334,0.12587471725666136,82,0.55,0.75,0.9,0.6166666666666667,0.8,0.40240063667297366,0.0015490531921386718
,2.15443,0.9,5,0.59,0.0793025150224688,495,0.7166666666666667,0.65,0.5333333333333333,0.5333333333333333,0.5166666666666667,0.43165202140808107,0.0015350818634033204
,2.15443,0.9,10,0.6333333333333333,0.060553007081949835,372,0.6333333333333333,0.6666666666666666,0.7166666666666667,0.5333333333333333,0.6166666666666667,0.4316612720489502,0.001542949676513672
,2.15443,0.9,20,0.6900000000000001,0.08273115763993905,158,0.8,0.6666666666666666,0.7333333333333334,0.55,0.7,0.43131322860717775,0.0015342235565185547
,2.15443,0.9,50,0.78,0.1355646627177517,8,0.8166666666666667,0.75,0.9,0.5333333333333333,0.9,0.43216524124145506,0.001539134979248047
,7.74264,0.1,5,0.5633333333333332,0.030550504633038923,520,0.6,0.55,0.5333333333333333,0.5333333333333333,0.6,0.3008084297180176,0.0014819622039794922
,7.74264,0.1,10,0.5933333333333334,0.14165686240583852,480,0.5333333333333333,0.75,0.6333333333333333,0.35,0.7,0.30059127807617186,0.0015270709991455078
,7.74264,0.1,20,0.6300000000000001,0.10241527663824809,376,0.6333333333333333,0.6666666666666666,0.7166666666666667,0.43333333333333335,0.7,0.30034399032592773,0.0015152931213378907
,7.74264,0.1,50,0.7233333333333334,0.06798692684790383,82,0.8,0.6666666666666666,0.7166666666666667,0.6333333333333333,0.8,0.30093894004821775,0.0015248298645019532
,7.74264,0.3,5,0.6466666666666667,0.04136557881996952,341,0.6,0.6666666666666666,0.7166666666666667,0.6333333333333333,0.6166666666666667,0.46394987106323243,0.001539468765258789
,7.74264,0.3,10,0.6900000000000001,0.08856886837057616,158,0.8,0.75,0.6333333333333333,0.55,0.7166666666666667,0.46420903205871583,0.001534414291381836
,7.74264,0.3,20,0.6566666666666666,0.10306416555826872,301,0.5333333333333333,0.6666666666666666,0.7333333333333334,0.55,0.8,0.46503314971923826,0.0015317916870117188
,7.74264,0.3,50,0.74,0.07039570693980958,52,0.7166666666666667,0.8333333333333333,0.6333333333333333,0.7166666666666667,0.8,0.46462373733520507,0.0015347003936767578
,7.74264,0.5,5,0.6066666666666667,0.05011098792790967,444,0.6,0.6666666666666666,0.6166666666666667,0.6333333333333333,0.5166666666666667,0.5540976047515869,0.00154266357421875
,7.74264,0.5,10,0.7033333333333334,0.0653197264742181,126,0.8,0.75,0.6333333333333333,0.6333333333333333,0.7,0.5530260562896728,0.0015577316284179688
,7.74264,0.5,20,0.6900000000000001,0.09752492558885198,158,0.8,0.6666666666666666,0.6333333333333333,0.55,0.8,0.5559866905212403,0.0015663623809814454
,7.74264,0.5,50,0.7266666666666667,0.12762793146051096,72,0.55,0.8333333333333333,0.6333333333333333,0.7166666666666667,0.9,0.5604449272155761,0.0016644001007080078
,7.74264,0.7,5,0.65,0.09718253158075499,331,0.8166666666666667,0.6666666666666666,0.6166666666666667,0.6333333333333333,0.5166666666666667,0.6167893409729004,0.001558208465576172
,7.74264,0.7,10,0.7266666666666667,0.10143416036468626,72,0.9,0.75,0.7333333333333334,0.6333333333333333,0.6166666666666667,0.6159343242645263,0.001550769805908203
,7.74264,0.7,20,0.6933333333333334,0.08339997335464537,150,0.7166666666666667,0.6666666666666666,0.7333333333333334,0.55,0.8,0.6155307292938232,0.001627349853515625
,7.74264,0.7,50,0.74,0.13564659966250536,52,0.55,0.9166666666666667,0.8166666666666667,0.6166666666666667,0.8,0.6155264854431153,0.0015677928924560547
,7.74264,0.9,5,0.6666666666666667,0.1021980647783726,278,0.8166666666666667,0.65,0.6166666666666667,0.7333333333333334,0.5166666666666667,0.7218514919281006,0.0015445232391357421
,7.74264,0.9,10,0.69,0.10143416036468626,194,0.8166666666666667,0.75,0.7333333333333334,0.5333333333333333,0.6166666666666667,0.7225048065185546,0.0015505313873291015
,7.74264,0.9,20,0.71,0.0940449065311059,90,0.8,0.6666666666666666,0.7333333333333334,0.55,0.8,0.7226468563079834,0.0015503406524658204
,7.74264,0.9,50,0.7466666666666667,0.1723691129846386,35,0.4666666666666667,0.9166666666666667,0.8166666666666667,0.6333333333333333,0.9,0.721536922454834,0.0015650272369384765
,27.8256,0.1,5,0.6066666666666667,0.10780641085864151,444,0.8166666666666667,0.55,0.5333333333333333,0.5333333333333333,0.6,0.32120866775512696,0.0015180587768554687
,27.8256,0.1,10,0.5700000000000001,0.10456258094238748,515,0.5333333333333333,0.75,0.5333333333333333,0.43333333333333335,0.6,0.32123398780822754,0.0015227317810058594
,27.8256,0.1,20,0.5933333333333334,0.09752492558885194,480,0.5333333333333333,0.6666666666666666,0.6333333333333333,0.43333333333333335,0.7,0.32082157135009765,0.0015283584594726562
,27.8256,0.1,50,0.6833333333333333,0.08692269873603532,216,0.8,0.6666666666666666,0.7166666666666667,0.5333333333333333,0.7,0.3209959030151367,0.0015214920043945313
,27.8256,0.3,5,0.53,0.05416025603090639,554,0.43333333333333335,0.55,0.5333333333333333,0.5333333333333333,0.6,0.41428565979003906,0.0015492916107177734
,27.8256,0.3,10,0.5933333333333334,0.14165686240583852,480,0.5333333333333333,0.75,0.6333333333333333,0.35,0.7,0.4148123741149902,0.0015216350555419921
,27.8256,0.3,20,0.6466666666666667,0.11323525167642018,341,0.6333333333333333,0.75,0.7166666666666667,0.43333333333333335,0.7,0.4138460159301758,0.0015387535095214844
,27.8256,0.3,50,0.7033333333333334,0.05617433182117575,126,0.8,0.6666666666666666,0.7166666666666667,0.6333333333333333,0.7,0.41438956260681153,0.0015370368957519532
,27.8256,0.5,5,0.6233333333333333,0.024944382578492935,411,0.6,0.6666666666666666,0.6166666666666667,0.6333333333333333,0.6,0.5584879875183105,0.0015527725219726563
,27.8256,0.5,10,0.6433333333333333,0.11382247385975915,352,0.6166666666666667,0.75,0.7166666666666667,0.43333333333333335,0.7,0.5570461750030518,0.001603984832763672
,27.8256,0.5,20,0.62,0.07408703590297623,420,0.5333333333333333,0.6666666666666666,0.7333333333333334,0.55,0.6166666666666667,0.5566184043884277,0.0015384197235107423
,27.8256,0.5,50,0.7433333333333334,0.08730533902472531,45,0.7166666666666667,0.75,0.7166666666666667,0.6333333333333333,0.9,0.5573108196258545,0.0015594482421875
,27.8256,0.7,5,0.6233333333333333,0.024944382578492935,411,0.6,0.6666666666666666,0.6166666666666667,0.6333333333333333,0.6,0.6405457973480224,0.001551198959350586
,27.8256,0.7,10,0.6533333333333334,0.153260852434302,306,0.8,0.75,0.6333333333333333,0.3666666666666667,0.7166666666666667,0.6441362380981446,0.0016718864440917968
,27.8256,0.7,20,0.6933333333333332,0.13686976778431872,156,0.5333333333333333,0.75,0.7333333333333334,0.55,0.9,0.6396798133850098,0.001555013656616211
,27.8256,0.7,50,0.72,0.08653836657164779,89,0.7166666666666667,0.8333333333333333,0.6333333333333333,0.6166666666666667,0.8,0.6391183853149414,0.001566600799560547
,27.8256,0.9,5,0.6066666666666667,0.05011098792790967,444,0.6,0.6666666666666666,0.6166666666666667,0.6333333333333333,0.5166666666666667,0.7583844184875488,0.001560354232788086
,27.8256,0.9,10,0.6900000000000001,0.08856886837057616,158,0.8,0.75,0.6333333333333333,0.55,0.7166666666666667,0.7561911106109619,0.0015666961669921875
,27.8256,0.9,20,0.6533333333333333,0.08259674462242578,308,0.6166666666666667,0.6666666666666666,0.6333333333333333,0.55,0.8,0.7591659545898437,0.0015536308288574218
,27.8256,0.9,50,0.74,0.1108552609887726,52,0.7166666666666667,0.8333333333333333,0.6333333333333333,0.6166666666666667,0.9,0.7570271492004395,0.0015790462493896484
,100.0,0.1,5,0.6066666666666667,0.10780641085864151,444,0.8166666666666667,0.55,0.5333333333333333,0.5333333333333333,0.6,0.37456021308898924,0.0015130996704101562
,100.0,0.1,10,0.5700000000000001,0.08055363982396381,515,0.6166666666666667,0.6666666666666666,0.5333333333333333,0.43333333333333335,0.6,0.37392702102661135,0.001520538330078125
,100.0,0.1,20,0.61,0.11430952132988165,438,0.5333333333333333,0.75,0.6333333333333333,0.43333333333333335,0.7,0.3746343612670898,0.0015279769897460938
,100.0,0.1,50,0.6666666666666666,0.08692269873603534,285,0.8,0.6666666666666666,0.6333333333333333,0.5333333333333333,0.7,0.3743729591369629,0.0015348434448242188
,100.0,0.3,5,0.6066666666666667,0.10780641085864151,444,0.8166666666666667,0.55,0.5333333333333333,0.5333333333333333,0.6,0.38222622871398926,0.0015149593353271484
,100.0,0.3,10,0.5700000000000001,0.10456258094238748,515,0.5333333333333333,0.75,0.5333333333333333,0.43333333333333335,0.6,0.38267030715942385,0.001527881622314453
,100.0,0.3,20,0.61,0.11430952132988165,438,0.5333333333333333,0.75,0.6333333333333333,0.43333333333333335,0.7,0.3829413890838623,0.0015195369720458984
,100.0,0.3,50,0.6666666666666666,0.08692269873603534,285,0.8,0.6666666666666666,0.6333333333333333,0.5333333333333333,0.7,0.38251476287841796,0.001520061492919922
,100.0,0.5,5,0.6066666666666667,0.10780641085864151,444,0.8166666666666667,0.55,0.5333333333333333,0.5333333333333333,0.6,0.40137567520141604,0.0015270709991455078
,100.0,0.5,10,0.5866666666666667,0.10402991022884824,498,0.5333333333333333,0.75,0.6166666666666667,0.43333333333333335,0.6,0.4020396709442139,0.001546478271484375
,100.0,0.5,20,0.5933333333333334,0.09752492558885194,480,0.5333333333333333,0.6666666666666666,0.6333333333333333,0.43333333333333335,0.7,0.40242323875427244,0.0015367507934570313
,100.0,0.5,50,0.7033333333333334,0.05617433182117575,126,0.8,0.6666666666666666,0.7166666666666667,0.6333333333333333,0.7,0.4024019241333008,0.0015272140502929688
,100.0,0.7,5,0.6066666666666667,0.10780641085864151,444,0.8166666666666667,0.55,0.5333333333333333,0.5333333333333333,0.6,0.42897791862487794,0.0015372276306152345
,100.0,0.7,10,0.6266666666666667,0.12229290885229425,398,0.5333333333333333,0.75,0.7166666666666667,0.43333333333333335,0.7,0.429547119140625,0.0015463829040527344
,100.0,0.7,20,0.6300000000000001,0.10241527663824809,376,0.6333333333333333,0.6666666666666666,0.7166666666666667,0.43333333333333335,0.7,0.4294320583343506,0.0015456676483154297
,100.0,0.7,50,0.6833333333333333,0.08692269873603532,216,0.8,0.6666666666666666,0.7166666666666667,0.5333333333333333,0.7,0.4286638259887695,0.0015578746795654296
,100.0,0.9,5,0.6066666666666667,0.10780641085864151,444,0.8166666666666667,0.55,0.5333333333333333,0.5333333333333333,0.6,0.4639702796936035,0.0015581607818603515
,100.0,0.9,10,0.6133333333333333,0.10923979738782624,431,0.5333333333333333,0.75,0.6333333333333333,0.45,0.7,0.46477437019348145,0.0015498161315917968
,100.0,0.9,20,0.6266666666666667,0.10143416036468625,398,0.6333333333333333,0.65,0.7166666666666667,0.43333333333333335,0.7,0.46467018127441406,0.0016781806945800782
,100.0,0.9,50,0.7033333333333334,0.05617433182117575,126,0.8,0.6666666666666666,0.7166666666666667,0.6333333333333333,0.7,0.4662264347076416,0.0015542984008789062
0.1,0.001,0.1,5,0.4133333333333333,0.0678232998312527,785,0.3833333333333333,0.5333333333333333,0.3833333333333333,0.3333333333333333,0.43333333333333335,0.0033000946044921876,0.001442098617553711
0.1,0.001,0.1,10,0.44333333333333336,0.08,673,0.3833333333333333,0.5333333333333333,0.5333333333333333,0.3333333333333333,0.43333333333333335,0.0032224655151367188,0.001374053955078125
0.1,0.001,0.1,20,0.45999999999999996,0.054365021434333624,641,0.48333333333333334,0.45,0.4666666666666667,0.3666666666666667,0.5333333333333333,0.003228616714477539,0.0013765335083007813
0.1,0.001,0.1,50,0.49000000000000005,0.08730533902472531,593,0.6166666666666667,0.3833333333333333,0.5666666666666667,0.43333333333333335,0.45,0.003256368637084961,0.0013935089111328125
0.1,0.001,0.3,5,0.4133333333333333,0.0678232998312527,785,0.3833333333333333,0.5333333333333333,0.3833333333333333,0.3333333333333333,0.43333333333333335,0.0032912254333496093,0.001382923126220703
0.1,0.001,0.3,10,0.44333333333333336,0.08,673,0.3833333333333333,0.5333333333333333,0.5333333333333333,0.3333333333333333,0.43333333333333335,0.0032529830932617188,0.0013798236846923827
0.1,0.001,0.3,20,0.45999999999999996,0.054365021434333624,641,0.48333333333333334,0.45,0.4666666666666667,0.3666666666666667,0.5333333333333333,0.0032163619995117187,0.0013858795166015625
0.1,0.001,0.3,50,0.49000000000000005,0.08730533902472531,593,0.6166666666666667,0.3833333333333333,0.5666666666666667,0.43333333333333335,0.45,0.0032826900482177735,0.0014031410217285156
0.1,0.001,0.5,5,0.4133333333333333,0.0678232998312527,785,0.3833333333333333,0.5333333333333333,0.3833333333333333,0.3333333333333333,0.43333333333333335,0.0032522201538085936,0.0013798236846923827
0.1,0.001,0.5,10,0.44333333333333336,0.08,673,0.3833333333333333,0.5333333333333333,0.5333333333333333,0.3333333333333333,0.43333333333333335,0.0032243728637695312,0.0013831138610839843
0.1,0.001,0.5,20,0.45999999999999996,0.054365021434333624,641,0.48333333333333334,0.45,0.4666666666666667,0.3666666666666667,0.5333333333333333,0.0032074451446533203,0.0013872146606445312
0.1,0.001,0.5,50,0.49000000000000005,0.08730533902472531,593,0.6166666666666667,0.3833333333333333,0.5666666666666667,0.43333333333333335,0.45,0.0033061027526855467,0.0013874053955078125
0.1,0.001,0.7,5,0.4133333333333333,0.0678232998312527,785,0.3833333333333333,0.5333333333333333,0.3833333333333333,0.3333333333333333,0.43333333333333335,0.003248310089111328,0.0013907432556152343
0.1,0.001,0.7,10,0.44333333333333336,0.08,673,0.3833333333333333,0.5333333333333333,0.5333333333333333,0.3333333333333333,0.43333333333333335,0.0032629966735839844,0.0013849735260009766
0.1,0.001,0.7,20,0.45999999999999996,0.054365021434333624,641,0.48333333333333334,0.45,0.4666666666666667,0.3666666666666667,0.5333333333333333,0.003222799301147461,0.0013720989227294922
0.1,0.001,0.7,50,0.49000000000000005,0.08730533902472531,593,0.6166666666666667,0.3833333333333333,0.5666666666666667,0.43333333333333335,0.45,0.003271675109863281,0.0013907432556152343
0.1,0.001,0.9,5,0.4133333333333333,0.0678232998312527,785,0.3833333333333333,0.5333333333333333,0.3833333333333333,0.3333333333333333,0.43333333333333335,0.003235340118408203,0.0013783931732177734
0.1,0.001,0.9,10,0.44333333333333336,0.08,673,0.3833333333333333,0.5333333333333333,0.5333333333333333,0.3333333333333333,0.43333333333333335,0.0032581329345703126,0.0013955116271972656
0.1,0.001,0.9,20,0.45999999999999996,0.054365021434333624,641,0.48333333333333334,0.45,0.4666666666666667,0.3666666666666667,0.5333333333333333,0.003232717514038086,0.0013869285583496093
0.1,0.001,0.9,50,0.49000000000000005,0.08730533902472531,593,0.6166666666666667,0.3833333333333333,0.5666666666666667,0.43333333333333335,0.45,0.0032909393310546877,0.0014059066772460938
0.1,0.00359381,0.1,5,0.4133333333333333,0.0678232998312527,785,0.3833333333333333,0.5333333333333333,0.3833333333333333,0.3333333333333333,0.43333333333333335,0.0035997867584228516,0.001367664337158203
0.1,0.00359381,0.1,10,0.44333333333333336,0.08,673,0.3833333333333333,0.5333333333333333,0.5333333333333333,0.3333333333333333,0.43333333333333335,0.0035938262939453126,0.0013832569122314454
0.1,0.00359381,0.1,20,0.45999999999999996,0.054365021434333624,641,0.48333333333333334,0.45,0.4666666666666667,0.3666666666666667,0.5333333333333333,0.0035932064056396484,0.0014107227325439453
0.1,0.00359381,0.1,50,0.49000000000000005,0.08730533902472531,593,0.6166666666666667,0.3833333333333333,0.5666666666666667,0.43333333333333335,0.45,0.0036865711212158204,0.0013923168182373047
0.1,0.00359381,0.3,5,0.4133333333333333,0.0678232998312527,785,0.3833333333333333,0.5333333333333333,0.3833333333333333,0.3333333333333333,0.43333333333333335,0.0031976699829101562,0.0013763427734375
0.1,0.00359381,0.3,10,0.44333333333333336,0.08,673,0.3833333333333333,0.5333333333333333,0.5333333333333333,0.3333333333333333,0.43333333333333335,0.0032606124877929688,0.0013866424560546875
0.1,0.00359381,0.3,20,0.45999999999999996,0.054365021434333624,641,0.48333333333333334,0.45,0.4666666666666667,0.3666666666666667,0.5333333333333333,0.0032320499420166017,0.001380777359008789
0.1,0.00359381,0.3,50,0.49000000000000005,0.08730533902472531,593,0.6166666666666667,0.3833333333333333,0.5666666666666667,0.43333333333333335,0.45,0.0033018112182617186,0.0013929367065429687
0.1,0.00359381,0.5,5,0.4133333333333333,0.0678232998312527,785,0.3833333333333333,0.5333333333333333,0.3833333333333333,0.3333333333333333,0.43333333333333335,0.0032071590423583983,0.0013766288757324219
0.1,0.00359381,0.5,10,0.44333333333333336,0.08,673,0.3833333333333333,0.5333333333333333,0.5333333333333333,0.3333333333333333,0.43333333333333335,0.0032509803771972657,0.0013872146606445312
0.1,0.00359381,0.5,20,0.45999999999999996,0.054365021434333624,641,0.48333333333333334,0.45,0.4666666666666667,0.3666666666666667,0.5333333333333333,0.003208637237548828,0.0013865947723388672
0.1,0.00359381,0.5,50,0.49000000000000005,0.08730533902472531,593,0.6166666666666667,0.3833333333333333,0.5666666666666667,0.43333333333333335,0.45,0.0032869815826416016,0.0013715267181396485
0.1,0.00359381,0.7,5,0.4133333333333333,0.0678232998312527,785,0.3833333333333333,0.5333333333333333,0.3833333333333333,0.3333333333333333,0.43333333333333335,0.0031962871551513674,0.0013747692108154296
0.1,0.00359381,0.7,10,0.44333333333333336,0.08,673,0.3833333333333333,0.5333333333333333,0.5333333333333333,0.3333333333333333,0.43333333333333335,0.0032376766204833983,0.0013853549957275391
0.1,0.00359381,0.7,20,0.45999999999999996,0.054365021434333624,641,0.48333333333333334,0.45,0.4666666666666667,0.3666666666666667,0.5333333333333333,0.0032118797302246095,0.0014305591583251953
0.1,0.00359381,0.7,50,0.49000000000000005,0.08730533902472531,593,0.6166666666666667,0.3833333333333333,0.5666666666666667,0.43333333333333335,0.45,0.0032436370849609373,0.001402568817138672
0.1,0.00359381,0.9,5,0.4133333333333333,0.0678232998312527,785,0.3833333333333333,0.5333333333333333,0.3833333333333333,0.3333333333333333,0.43333333333333335,0.0032114505767822264,0.0013749122619628907
0.1,0.00359381,0.9,10,0.44333333333333336,0.08,673,0.3833333333333333,0.5333333333333333,0.5333333333333333,0.3333333333333333,0.43333333333333335,0.0032629966735839844,0.0013849735260009766
0.1,0.00359381,0.9,20,0.45999999999999996,0.054365021434333624,641,0.48333333333333334,0.45,0.4666666666666667,0.3666666666666667,0.5333333333333333,0.003265571594238281,0.0013771533966064453
0.1,0.00359381,0.9,50,0.49000000000000005,0.08730533902472531,593,0.6166666666666667,0.3833333333333333,0.5666666666666667,0.43333333333333335,0.45,0.003240156173706055,0.001386880874633789
0.1,0.0129155,0.1,5,0.63,0.06000000000000001,380,0.6333333333333333,0.7333333333333334,0.55,0.6333333333333333,0.6,0.012457513809204101,0.0014444828033447266
0.1,0.0129155,0.1,10,0.67,0.11323525167642016,260,0.55,0.8333333333333333,0.7166666666666667,0.5333333333333333,0.7166666666666667,0.01239638328552246,0.0013976573944091796
0.1,0.0129155,0.1,20,0.65,0.0649786289653931,331,0.6333333333333333,0.6666666666666666,0.7166666666666667,0.5333333333333333,0.7,0.012437248229980468,0.0013770580291748047
0.1,0.0129155,0.1,50,0.73,0.1279756921363498,69,0.65,0.75,0.8166666666666667,0.5333333333333333,0.9,0.012444734573364258,0.0014038562774658203
0.1,0.0129155,0.3,5,0.4133333333333333,0.0678232998312527,785,0.3833333333333333,0.5333333333333333,0.3833333333333333,0.3333333333333333,0.43333333333333335,0.0037607669830322264,0.0013679027557373046
0.1,0.0129155,0.3,10,0.44333333333333336,0.08,673,0.3833333333333333,0.5333333333333333,0.5333333333333333,0.3333333333333333,0.43333333333333335,0.0038031578063964845,0.0013702392578125
0.1,0.0129155,0.3,20,0.45999999999999996,0.054365021434333624,641,0.48333333333333334,0.45,0.4666666666666667,0.3666666666666667,0.5333333333333333,0.003767871856689453,0.0013738632202148437
0.1,0.0129155,0.3,50,0.49000000000000005,0.08730533902472531,593,0.6166666666666667,0.3833333333333333,0.5666666666666667,0.43333333333333335,0.45,0.0038434505462646485,0.0013717174530029296
0.1,0.0129155,0.5,5,0.4133333333333333,0.0678232998312527,785,0.3833333333333333,0.5333333333333333,0.3833333333333333,0.3333333333333333,0.43333333333333335,0.003550004959106445,0.001372051239013672
0.1,0.0129155,0.5,10,0.44333333333333336,0.08,673,0.3833333333333333,0.5333333333333333,0.5333333333333333,0.3333333333333333,0.43333333333333335,0.0036000728607177733,0.0013721942901611327
0.1,0.0129155,0.5,20,0.45999999999999996,0.054365021434333624,641,0.48333333333333334,0.45,0.4666666666666667,0.3666666666666667,0.5333333333333333,0.0036641597747802735,0.0013859272003173828
0.1,0.0129155,0.5,50,0.49000000000000005,0.08730533902472531,593,0.6166666666666667,0.3833333333333333,0.5666666666666667,0.43333333333333335,0.45,0.0036212921142578123,0.0013716697692871093
0.1,0.0129155,0.7,5,0.4133333333333333,0.0678232998312527,785,0.3833333333333333,0.5333333333333333,0.3833333333333333,0.3333333333333333,0.43333333333333335,0.0031840324401855467,0.0013702392578125
0.1,0.0129155,0.7,10,0.44333333333333336,0.08,673,0.3833333333333333,0.5333333333333333,0.5333333333333333,0.3333333333333333,0.43333333333333335,0.003239870071411133,0.0013658523559570313
0.1,0.0129155,0.7,20,0.45999999999999996,0.054365021434333624,641,0.48333333333333334,0.45,0.4666666666666667,0.3666666666666667,0.5333333333333333,0.003261566162109375,0.001375579833984375
0.1,0.0129155,0.7,50,0.49000000000000005,0.08730533902472531,593,0.6166666666666667,0.3833333333333333,0.5666666666666667,0.43333333333333335,0.45,0.0032332897186279296,0.0013853073120117187
0.1,0.0129155,0.9,5,0.4133333333333333,0.0678232998312527,785,0.3833333333333333,0.5333333333333333,0.3833333333333333,0.3333333333333333,0.43333333333333335,0.0031877994537353516,0.0013840198516845703
0.1,0.0129155,0.9,10,0.44333333333333336,0.08,673,0.3833333333333333,0.5333333333333333,0.5333333333333333,0.3333333333333333,0.43333333333333335,0.003244781494140625,0.0013699054718017579
0.1,0.0129155,0.9,20,0.45999999999999996,0.054365021434333624,641,0.48333333333333334,0.45,0.4666666666666667,0.3666666666666667,0.5333333333333333,0.0032088756561279297,0.0014440059661865235
0.1,0.0129155,0.9,50,0.49000000000000005,0.08730533902472531,593,0.6166666666666667,0.3833333333333333,0.5666666666666667,0.43333333333333335,0.45,0.0032217979431152345,0.0013962745666503905
0.1,0.0464159,0.1,5,0.6633333333333333,0.0819213715162967,294,0.7,0.7333333333333334,0.6333333333333333,0.7333333333333334,0.5166666666666667,0.023678970336914063,0.0013857364654541015
0.1,0.0464159,0.1,10,0.6900000000000001,0.09580071908799943,158,0.7,0.75,0.5333333333333333,0.65,0.8166666666666667,0.0237734317779541,0.0013915538787841798
0.1,0.0464159,0.1,20,0.6900000000000001,0.08856886837057615,158,0.7166666666666667,0.75,0.6333333333333333,0.55,0.8,0.023858928680419923,0.0013769149780273437
0.1,0.0464159,0.1,50,0.6900000000000001,0.08856886837057615,158,0.55,0.75,0.7166666666666667,0.6333333333333333,0.8,0.023743438720703124,0.0013950824737548827
0.1,0.0464159,0.3,5,0.63,0.06000000000000001,380,0.55,0.7333333333333334,0.6333333333333333,0.6333333333333333,0.6,0.023968076705932616,0.0014034271240234374
0.1,0.0464159,0.3,10,0.7066666666666667,0.12183777921664714,101,0.6333333333333333,0.9166666666666667,0.7166666666666667,0.55,0.7166666666666667,0.02380819320678711,0.001385974884033203
0.1,0.0464159,0.3,20,0.6333333333333334,0.07673909622147557,367,0.55,0.6666666666666666,0.7166666666666667,0.5333333333333333,0.7,0.02380514144897461,0.0013875007629394532
0.1,0.0464159,0.3,50,0.7466666666666666,0.12174654911833116,41,0.7333333333333334,0.75,0.8166666666666667,0.5333333333333333,0.9,0.023751068115234374,0.0013749122619628907
0.1,0.0464159,0.5,5,0.7033333333333334,0.13960261060914617,126,0.65,0.8,0.6333333333333333,0.5166666666666667,0.9166666666666667,0.018937301635742188,0.001374959945678711
0.1,0.0464159,0.5,10,0.7266666666666667,0.1772004514666935,72,0.65,0.4666666666666667,0.8166666666666667,0.7,1.0,0.018942499160766603,0.0013831138610839843
0.1,0.0464159,0.5,20,0.7266666666666667,0.14779866184930243,72,0.65,0.65,0.9,0.5333333333333333,0.9,0.018932628631591796,0.0013624668121337891
0.1,0.0464159,0.5,50,0.6966666666666667,0.19533447098644818,147,0.7333333333333334,0.8333333333333333,0.65,0.35,0.9166666666666667,0.018973731994628908,0.0013738155364990234
0.1,0.0464159,0.7,5,0.4133333333333333,0.0678232998312527,785,0.3833333333333333,0.5333333333333333,0.3833333333333333,0.3333333333333333,0.43333333333333335,0.004155015945434571,0.0013957500457763671
0.1,0.0464159,0.7,10,0.44333333333333336,0.08,673,0.3833333333333333,0.5333333333333333,0.5333333333333333,0.3333333333333333,0.43333333333333335,0.004130506515502929,0.001369810104370117
0.1,0.0464159,0.7,20,0.45999999999999996,0.054365021434333624,641,0.48333333333333334,0.45,0.4666666666666667,0.3666666666666667,0.5333333333333333,0.004108524322509766,0.0013822078704833984
0.1,0.0464159,0.7,50,0.49000000000000005,0.08730533902472531,593,0.6166666666666667,0.3833333333333333,0.5666666666666667,0.43333333333333335,0.45,0.00416722297668457,0.0013713359832763672
0.1,0.0464159,0.9,5,0.4133333333333333,0.0678232998312527,785,0.3833333333333333,0.5333333333333333,0.3833333333333333,0.3333333333333333,0.43333333333333335,0.00402989387512207,0.0013773441314697266
0.1,0.0464159,0.9,10,0.44333333333333336,0.08,673,0.3833333333333333,0.5333333333333333,0.5333333333333333,0.3333333333333333,0.43333333333333335,0.004019641876220703,0.0013857364654541015
0.1,0.0464159,0.9,20,0.45999999999999996,0.054365021434333624,641,0.48333333333333334,0.45,0.4666666666666667,0.3666666666666667,0.5333333333333333,0.004030179977416992,0.0013720035552978516
0.1,0.0464159,0.9,50,0.49000000000000005,0.08730533902472531,593,0.6166666666666667,0.3833333333333333,0.5666666666666667,0.43333333333333335,0.45,0.0040762901306152345,0.001378917694091797
0.1,0.16681,0.1,5,0.68,0.09797958971132709,219,0.7,0.65,0.7166666666666667,0.8166666666666667,0.5166666666666667,0.05567588806152344,0.001400899887084961
0.1,0.16681,0.1,10,0.6533333333333333,0.07557189365836424,308,0.6333333333333333,0.75,0.6333333333333333,0.5333333333333333,0.7166666666666667,0.055705022811889646,0.0013967514038085937
0.1,0.16681,0.1,20,0.7066666666666667,0.10466878978738386,101,0.8,0.8333333333333333,0.6333333333333333,0.55,0.7166666666666667,0.05579671859741211,0.0014087677001953125
0.1,0.16681,0.1,50,0.7566666666666666,0.09580071908799948,33,0.7166666666666667,0.9166666666666667,0.7166666666666667,0.6333333333333333,0.8,0.05577950477600098,0.0014020919799804688
0.1,0.16681,0.3,5,0.6666666666666667,0.08366600265340757,278,0.7333333333333334,0.7333333333333334,0.7166666666666667,0.6333333333333333,0.5166666666666667,0.06058487892150879,0.0013953208923339843
0.1,0.16681,0.3,10,0.6866666666666668,0.04642796092394708,198,0.7166666666666667,0.75,0.6333333333333333,0.6333333333333333,0.7,0.06077499389648437,0.0013953208923339843
0.1,0.16681,0.3,20,0.74,0.10252370999486464,52,0.8,0.8333333333333333,0.7166666666666667,0.55,0.8,0.060792398452758786,0.0013998031616210937
0.1,0.16681,0.3,50,0.76,0.14552586635295384,29,0.55,0.9166666666666667,0.8,0.6333333333333333,0.9,0.06076493263244629,0.001399660110473633
0.1,0.16681,0.5,5,0.6266666666666667,0.08981462390204988,398,0.5333333333333333,0.7333333333333334,0.7166666666666667,0.6333333333333333,0.5166666666666667,0.061701393127441405,0.001397848129272461
0.1,0.16681,0.5,10,0.6466666666666667,0.05312459150169743,341,0.6333333333333333,0.75,0.6333333333333333,0.6166666666666667,0.6,0.06173405647277832,0.001409912109375
0.1,0.16681,0.5,20,0.74,0.12000000000000002,52,0.7166666666666667,0.9166666666666667,0.7166666666666667,0.55,0.8,0.061743736267089844,0.0013959407806396484
0.1,0.16681,0.5,50,0.7766666666666666,0.12631530214330944,14,0.8166666666666667,0.8333333333333333,0.9,0.5333333333333333,0.8,0.061699867248535156,0.001418161392211914
0.1,0.16681,0.7,5,0.68,0.054160256030906434,219,0.7,0.7333333333333334,0.7333333333333334,0.6333333333333333,0.6,0.06273345947265625,0.0013951778411865235
0.1,0.16681,0.7,10,0.7333333333333334,0.11205157542647744,64,0.8,0.9166666666666667,0.6333333333333333,0.6166666666666667,0.7,0.06318416595458984,0.001394367218017578
0.1,0.16681,0.7,20,0.7033333333333334,0.06944222218666554,126,0.6333333333333333,0.75,0.7166666666666667,0.6166666666666667,0.8,0.06341190338134765,0.0014068126678466798
0.1,0.16681,0.7,50,0.7433333333333334,0.11035296904831232,45,0.7333333333333334,0.8333333333333333,0.8166666666666667,0.5333333333333333,0.8,0.0635744571685791,0.0014134883880615235
0.1,0.16681,0.9,5,0.68,0.07483314773547886,219,0.8,0.7333333333333334,0.6333333333333333,0.6333333333333333,0.6,0.053134584426879884,0.001389932632446289
0.1,0.16681,0.9,10,0.7,0.1178511301977579,141,0.7166666666666667,0.8333333333333333,0.8166666666666667,0.5333333333333333,0.6,0.05335907936096192,0.0014027595520019532
0.1,0.16681,0.9,20,0.6300000000000001,0.11175369742826806,376,0.5333333333333333,0.5666666666666667,0.8166666666666667,0.5333333333333333,0.7,0.053401517868041995,0.0013988494873046875
0.1,0.16681,0.9,50,0.7633333333333333,0.12445436468396313,23,0.8166666666666667,0.75,0.8166666666666667,0.5333333333333333,0.9,0.05342388153076172,0.0014064788818359375
0.1,0.599484,0.1,5,0.6433333333333333,0.06200358412579425,352,0.6,0.5666666666666667,0.7166666666666667,0.7166666666666667,0.6166666666666667,0.1264549732208252,0.001433086395263672
0.1,0.599484,0.1,10,0.6733333333333335,0.08339997335464537,234,0.8,0.6666666666666666,0.6333333333333333,0.55,0.7166666666666667,0.12605953216552734,0.0014235496520996094
0.1,0.599484,0.1,20,0.7466666666666667,0.09568466729604884,35,0.8,0.6666666666666666,0.7333333333333334,0.6333333333333333,0.9,0.126356840133667,0.001431751251220703
0.1,0.599484,0.1,50,0.7066666666666667,0.09043106644167025,101,0.6333333333333333,0.8333333333333333,0.6333333333333333,0.6333333333333333,0.8,0.12605061531066894,0.0014644145965576171
0.1,0.599484,0.3,5,0.6466666666666667,0.07408703590297622,341,0.7,0.65,0.6333333333333333,0.7333333333333334,0.5166666666666667,0.15364465713500977,0.0014578819274902344
0.1,0.599484,0.3,10,0.67,0.053124591501697425,260,0.7166666666666667,0.75,0.6333333333333333,0.6333333333333333,0.6166666666666667,0.15278406143188478,0.0014405250549316406
0.1,0.599484,0.3,20,0.6766666666666665,0.08856886837057613,232,0.7166666666666667,0.6666666666666666,0.6333333333333333,0.55,0.8166666666666667,0.15288944244384767,0.001453399658203125
0.1,0.599484,0.3,50,0.78,0.09392668535736914,8,0.6333333333333333,0.8333333333333333,0.8166666666666667,0.7166666666666667,0.9,0.1530292510986328,0.0014551639556884765
0.1,0.599484,0.5,5,0.6866666666666668,0.08589399151150082,198,0.7166666666666667,0.75,0.7166666666666667,0.7333333333333334,0.5166666666666667,0.1669858932495117,0.0014370441436767577
0.1,0.599484,0.5,10,0.6866666666666668,0.04642796092394708,198,0.7166666666666667,0.75,0.6333333333333333,0.6333333333333333,0.7,0.16661882400512695,0.001456880569458008
0.1,0.599484,0.5,20,0.6900000000000001,0.08856886837057615,158,0.7166666666666667,0.75,0.6333333333333333,0.55,0.8,0.16678495407104493,0.0014474868774414062
0.1,0.599484,0.5,50,0.7966666666666666,0.1334998959633386,2,0.6333333333333333,0.9166666666666667,0.9,0.6333333333333333,0.9,0.16690268516540527,0.0014478683471679688
0.1,0.599484,0.7,5,0.61,0.10143416036468625,438,0.5333333333333333,0.75,0.7166666666666667,0.5333333333333333,0.5166666666666667,0.17772350311279297,0.0014458179473876953
0.1,0.599484,0.7,10,0.6866666666666668,0.061824123303304716,198,0.8,0.6666666666666666,0.6333333333333333,0.6333333333333333,0.7,0.17797999382019042,0.0014386177062988281
0.1,0.599484,0.7,20,0.6900000000000001,0.09752492558885198,158,0.8,0.6666666666666666,0.6333333333333333,0.55,0.8,0.17745571136474608,0.0014562606811523438
0.1,0.599484,0.7,50,0.7933333333333333,0.13767917618708925,4,0.8166666666666667,0.9166666666666667,0.9,0.5333333333333333,0.8,0.17780714035034179,0.0014484882354736327
0.1,0.599484,0.9,5,0.6066666666666667,0.09695359714832659,444,0.5333333333333333,0.7333333333333334,0.7166666666666667,0.5333333333333333,0.5166666666666667,0.15783705711364746,0.001434469223022461
0.1,0.599484,0.9,10,0.6633333333333333,0.059066817155564506,294,0.7166666666666667,0.75,0.6333333333333333,0.6166666666666667,0.6,0.15715327262878417,0.001461935043334961
0.1,0.599484,0.9,20,0.7066666666666667,0.09345230512584125,101,0.8,0.6666666666666666,0.7166666666666667,0.55,0.8,0.157675838470459,0.0015286445617675782
0.1,0.599484,0.9,50,0.7766666666666666,0.12849556844930923,14,0.8166666666666667,0.9166666666666667,0.8166666666666667,0.5333333333333333,0.8,0.15738253593444823,0.0014653682708740234
0.1,2.15443,0.1,5,0.6233333333333333,0.0501109879279097,411,0.6,0.5666666666666667,0.6166666666666667,0.7166666666666667,0.6166666666666667,0.24812355041503906,0.0014869213104248048
0.1,2.15443,0.1,10,0.6700000000000002,0.14391355429948602,255,0.9,0.6666666666666666,0.6333333333333333,0.45,0.7,0.24826841354370116,0.001509380340576172
0.1,2.15443,0.1,20,0.6533333333333333,0.06863753427324668,308,0.5333333333333333,0.6666666666666666,0.7333333333333334,0.6333333333333333,0.7,0.24822115898132324,0.0015169620513916016
0.1,2.15443,0.1,50,0.71,0.11766241729815193,90,0.55,0.75,0.7166666666666667,0.6333333333333333,0.9,0.24822053909301758,0.0014923572540283202
0.1,2.15443,0.3,5,0.6266666666666667,0.07644896627453142,398,0.7,0.5666666666666667,0.6333333333333333,0.7166666666666667,0.5166666666666667,0.2994056701660156,0.0015013694763183593
0.1,2.15443,0.3,10,0.7066666666666667,0.10780641085864154,101,0.9,0.75,0.6333333333333333,0.6333333333333333,0.6166666666666667,0.2996696949005127,0.0015192985534667968
0.1,2.15443,0.3,20,0.6733333333333333,0.11953614051360739,243,0.6166666666666667,0.6666666666666666,0.6333333333333333,0.55,0.9,0.29952325820922854,0.0015066146850585937
0.1,2.15443,0.3,50,0.7433333333333334,0.10466878978738385,45,0.55,0.8333333333333333,0.8166666666666667,0.7166666666666667,0.8,0.2999277114868164,0.0015200138092041015
0.1,2.15443,0.5,5,0.6266666666666667,0.0873053390247253,398,0.7,0.65,0.5333333333333333,0.7333333333333334,0.5166666666666667,0.35759820938110354,0.0015421867370605468
0.1,2.15443,0.5,10,0.6900000000000001,0.0793025150224688,158,0.8166666666666667,0.75,0.6333333333333333,0.6333333333333333,0.6166666666666667,0.357700777053833,0.001532602310180664
0.1,2.15443,0.5,20,0.6733333333333332,0.08339997335464537,247,0.7166666666666667,0.6666666666666666,0.6333333333333333,0.55,0.8,0.3570401668548584,0.0015473365783691406
0.1,2.15443,0.5,50,0.7966666666666666,0.10821788720498621,2,0.6333333333333333,0.9166666666666667,0.8166666666666667,0.7166666666666667,0.9,0.35759644508361815,0.001549100875854492
0.1,2.15443,0.7,5,0.63,0.09030811456096045,380,0.7166666666666667,0.65,0.5333333333333333,0.7333333333333334,0.5166666666666667,0.4025716781616211,0.0015517234802246093
0.1,2.15443,0.7,10,0.6533333333333333,0.04876246279442598,308,0.6333333333333333,0.75,0.6333333333333333,0.6333333333333333,0.6166666666666667,0.4025238037109375,0.0015415191650390626
0.1,2.15443,0.7,20,0.6900000000000001,0.07571877794400365,158,0.8,0.5833333333333334,0.7333333333333334,0.6333333333333333,0.7,0.40250239372253416,0.001542520523071289
0.1,2.15443,0.7,50,0.7066666666666667,0.15077577170531523,101,0.4666666666666667,0.75,0.9,0.6166666666666667,0.8,0.40261101722717285,0.0015494346618652344
0.1,2.15443,0.9,5,0.59,0.0793025150224688,495,0.7166666666666667,0.65,0.5333333333333333,0.5333333333333333,0.5166666666666667,0.43157038688659666,0.00154571533203125
0.1,2.15443,0.9,10,0.65,0.0767390962214756,331,0.6333333333333333,0.75,0.7166666666666667,0.5333333333333333,0.6166666666666667,0.4323893547058105,0.001534891128540039
0.1,2.15443,0.9,20,0.7066666666666667,0.05734883511361754,101,0.8,0.6666666666666666,0.7333333333333334,0.6333333333333333,0.7,0.43260393142700193,0.001650857925415039
0.1,2.15443,0.9,50,0.78,0.1355646627177517,8,0.8166666666666667,0.75,0.9,0.5333333333333333,0.9,0.4325250148773193,0.0015508651733398438
0.1,7.74264,0.1,5,0.5633333333333332,0.030550504633038923,520,0.6,0.55,0.5333333333333333,0.5333333333333333,0.6,0.30193290710449217,0.0015096664428710938
0.1,7.74264,0.1,10,0.5533333333333333,0.10923979738782627,525,0.5333333333333333,0.65,0.6333333333333333,0.35,0.6,0.3025765895843506,0.001513528823852539
0.1,7.74264,0.1,20,0.6100000000000001,0.09637888196533974,434,0.6333333333333333,0.6666666666666666,0.7166666666666667,0.43333333333333335,0.6,0.30257630348205566,0.0015226364135742187
0.1,7.74264,0.1,50,0.7233333333333334,0.06798692684790383,82,0.8,0.6666666666666666,0.7166666666666667,0.6333333333333333,0.8,0.30121779441833496,0.0015092849731445312
0.1,7.74264,0.3,5,0.6433333333333333,0.06200358412579425,352,0.6,0.5666666666666667,0.7166666666666667,0.7166666666666667,0.6166666666666667,0.4647969245910645,0.0015444755554199219
0.1,7.74264,0.3,10,0.6733333333333335,0.07272474743090475,234,0.7166666666666667,0.75,0.6333333333333333,0.55,0.7166666666666667,0.46524457931518554,0.0015349388122558594
0.1,7.74264,0.3,20,0.6566666666666666,0.10306416555826872,301,0.5333333333333333,0.6666666666666666,0.7333333333333334,0.55,0.8,0.4653562068939209,0.0015418529510498047
0.1,7.74264,0.3,50,0.7066666666666667,0.10466878978738386,101,0.55,0.8333333333333333,0.6333333333333333,0.7166666666666667,0.8,0.46455860137939453,0.0015390396118164062
0.1,7.74264,0.5,5,0.6033333333333333,0.06616477747093069,469,0.6,0.5666666666666667,0.6166666666666667,0.7166666666666667,0.5166666666666667,0.5574048519134521,0.0015302181243896484
0.1,7.74264,0.5,10,0.6866666666666668,0.04642796092394708,198,0.7166666666666667,0.75,0.6333333333333333,0.6333333333333333,0.7,0.5574842929840088,0.0015405178070068359
0.1,7.74264,0.5,20,0.6733333333333332,0.08339997335464537,247,0.7166666666666667,0.6666666666666666,0.6333333333333333,0.55,0.8,0.5589982986450195,0.0015367984771728516
0.1,7.74264,0.5,50,0.71,0.11766241729815193,90,0.55,0.75,0.6333333333333333,0.7166666666666667,0.9,0.5530339241027832,0.0015502452850341796
0.1,7.74264,0.7,5,0.6466666666666667,0.10770329614269006,341,0.8166666666666667,0.5666666666666667,0.6166666666666667,0.7166666666666667,0.5166666666666667,0.614695692062378,0.0015442848205566406
0.1,7.74264,0.7,10,0.7266666666666667,0.10143416036468626,72,0.9,0.75,0.7333333333333334,0.6333333333333333,0.6166666666666667,0.6163886070251465,0.0015384674072265625
0.1,7.74264,0.7,20,0.6933333333333334,0.08339997335464537,150,0.7166666666666667,0.6666666666666666,0.7333333333333334,0.55,0.8,0.615944242477417,0.0015633583068847656
0.1,7.74264,0.7,50,0.76,0.12274635093014646,29,0.55,0.9166666666666667,0.8166666666666667,0.7166666666666667,0.8,0.6177753448486328,0.0015549182891845704
0.1,7.74264,0.9,5,0.6666666666666667,0.1021980647783726,278,0.8166666666666667,0.65,0.6166666666666667,0.7333333333333334,0.5166666666666667,0.7229933261871337,0.0015590667724609375
0.1,7.74264,0.9,10,0.69,0.10143416036468626,194,0.8166666666666667,0.75,0.7333333333333334,0.5333333333333333,0.6166666666666667,0.7213208675384521,0.0015616893768310546
0.1,7.74264,0.9,20,0.71,0.05734883511361754,90,0.7166666666666667,0.6666666666666666,0.7333333333333334,0.6333333333333333,0.8,0.7216884136199951,0.0015717506408691405
0.1,7.74264,0.9,50,0.7466666666666667,0.1723691129846386,35,0.4666666666666667,0.9166666666666667,0.8166666666666667,0.6333333333333333,0.9,0.7269539356231689,0.0015546798706054688
0.1,27.8256,0.1,5,0.6066666666666667,0.10780641085864151,444,0.8166666666666667,0.55,0.5333333333333333,0.5333333333333333,0.6,0.3216745376586914,0.0015001773834228515
0.1,27.8256,0.1,10,0.55,0.07302967433402215,529,0.5333333333333333,0.65,0.5333333333333333,0.43333333333333335,0.6,0.3219628810882568,0.0016373157501220702
0.1,27.8256,0.1,20,0.5933333333333334,0.09752492558885194,480,0.5333333333333333,0.6666666666666666,0.6333333333333333,0.43333333333333335,0.7,0.3220967769622803,0.0015298843383789063
0.1,27.8256,0.1,50,0.6833333333333333,0.08692269873603532,216,0.8,0.6666666666666666,0.7166666666666667,0.5333333333333333,0.7,0.3224001884460449,0.0015213489532470703
0.1,27.8256,0.3,5,0.53,0.05416025603090639,554,0.43333333333333335,0.55,0.5333333333333333,0.5333333333333333,0.6,0.41399106979370115,0.001537656784057617
0.1,27.8256,0.3,10,0.5533333333333333,0.10923979738782627,525,0.5333333333333333,0.65,0.6333333333333333,0.35,0.6,0.41352553367614747,0.0015228271484375
0.1,27.8256,0.3,20,0.6266666666666667,0.1108552609887726,398,0.6333333333333333,0.75,0.7166666666666667,0.43333333333333335,0.6,0.4136529445648193,0.0015299797058105468
0.1,27.8256,0.3,50,0.7033333333333334,0.05617433182117575,126,0.8,0.6666666666666666,0.7166666666666667,0.6333333333333333,0.7,0.4133606433868408,0.0015152931213378907
0.1,27.8256,0.5,5,0.62,0.050990195135927854,420,0.6,0.5666666666666667,0.6166666666666667,0.7166666666666667,0.6,0.5568942070007324,0.00155029296875
0.1,27.8256,0.5,10,0.6233333333333333,0.1108552609887726,411,0.6166666666666667,0.75,0.7166666666666667,0.43333333333333335,0.6,0.5571912288665771,0.0015482902526855469
0.1,27.8256,0.5,20,0.62,0.07408703590297623,420,0.5333333333333333,0.6666666666666666,0.7333333333333334,0.55,0.6166666666666667,0.5570556640625,0.0015572071075439452
0.1,27.8256,0.5,50,0.71,0.10519822558706335,90,0.6333333333333333,0.75,0.6333333333333333,0.6333333333333333,0.9,0.5574709892272949,0.0015609264373779297
0.1,27.8256,0.7,5,0.62,0.050990195135927854,420,0.6,0.5666666666666667,0.6166666666666667,0.7166666666666667,0.6,0.6371998310089111,0.0015436172485351562
0.1,27.8256,0.7,10,0.6366666666666667,0.1403962645910179,358,0.7166666666666667,0.75,0.6333333333333333,0.3666666666666667,0.7166666666666667,0.6432384967803955,0.0015590667724609375
0.1,27.8256,0.7,20,0.6733333333333332,0.10984838035522722,247,0.5333333333333333,0.75,0.7333333333333334,0.55,0.8,0.6435764789581299,0.0015575885772705078
0.1,27.8256,0.7,50,0.7066666666666667,0.10466878978738386,101,0.55,0.8333333333333333,0.6333333333333333,0.7166666666666667,0.8,0.6390777111053467,0.001553487777709961
0.1,27.8256,0.9,5,0.6033333333333333,0.06616477747093069,469,0.6,0.5666666666666667,0.6166666666666667,0.7166666666666667,0.5166666666666667,0.760462760925293,0.001556539535522461
0.1,27.8256,0.9,10,0.6733333333333335,0.07272474743090475,234,0.7166666666666667,0.75,0.6333333333333333,0.55,0.7166666666666667,0.7637301445007324,0.0015592098236083985
0.1,27.8256,0.9,20,0.6366666666666667,0.09568466729604883,358,0.5333333333333333,0.6666666666666666,0.6333333333333333,0.55,0.8,0.7595344066619873,0.0015683650970458984
0.1,27.8256,0.9,50,0.7266666666666667,0.12762793146051096,72,0.55,0.8333333333333333,0.6333333333333333,0.7166666666666667,0.9,0.75642409324646,0.0015580177307128907
0.1,100.0,0.1,5,0.6066666666666667,0.10780641085864151,444,0.8166666666666667,0.55,0.5333333333333333,0.5333333333333333,0.6,0.3747409820556641,0.001514434814453125
0.1,100.0,0.1,10,0.5700000000000001,0.08055363982396381,515,0.6166666666666667,0.6666666666666666,0.5333333333333333,0.43333333333333335,0.6,0.37492594718933103,0.0015186309814453126
0.1,100.0,0.1,20,0.5733333333333334,0.08273115763993902,506,0.5333333333333333,0.6666666666666666,0.6333333333333333,0.43333333333333335,0.6,0.3757144927978516,0.0015216350555419921
0.1,100.0,0.1,50,0.6666666666666666,0.08692269873603534,285,0.8,0.6666666666666666,0.6333333333333333,0.5333333333333333,0.7,0.3745104312896729,0.0015239238739013672
0.1,100.0,0.3,5,0.6066666666666667,0.10780641085864151,444,0.8166666666666667,0.55,0.5333333333333333,0.5333333333333333,0.6,0.3860347747802734,0.001627063751220703
0.1,100.0,0.3,10,0.55,0.07302967433402215,529,0.5333333333333333,0.65,0.5333333333333333,0.43333333333333335,0.6,0.38323488235473635,0.001500701904296875
0.1,100.0,0.3,20,0.5933333333333334,0.09752492558885194,480,0.5333333333333333,0.6666666666666666,0.6333333333333333,0.43333333333333335,0.7,0.38276119232177735,0.0015261173248291016
0.1,100.0,0.3,50,0.6666666666666666,0.08692269873603534,285,0.8,0.6666666666666666,0.6333333333333333,0.5333333333333333,0.7,0.38486733436584475,0.0015121936798095704
0.1,100.0,0.5,5,0.6066666666666667,0.10780641085864151,444,0.8166666666666667,0.55,0.5333333333333333,0.5333333333333333,0.6,0.4009539604187012,0.0015399932861328125
0.1,100.0,0.5,10,0.5666666666666667,0.0767390962214756,519,0.5333333333333333,0.65,0.6166666666666667,0.43333333333333335,0.6,0.4021726608276367,0.0015453338623046876
0.1,100.0,0.5,20,0.5733333333333334,0.08273115763993902,506,0.5333333333333333,0.6666666666666666,0.6333333333333333,0.43333333333333335,0.6,0.40203065872192384,0.0015307426452636718
0.1,100.0,0.5,50,0.7033333333333334,0.05617433182117575,126,0.8,0.6666666666666666,0.7166666666666667,0.6333333333333333,0.7,0.40151219367980956,0.0015453815460205079
0.1,100.0,0.7,5,0.6066666666666667,0.10780641085864151,444,0.8166666666666667,0.55,0.5333333333333333,0.5333333333333333,0.6,0.4289134979248047,0.0015487194061279297
0.1,100.0,0.7,10,0.5866666666666667,0.09741092797468305,498,0.5333333333333333,0.65,0.7166666666666667,0.43333333333333335,0.6,0.42916173934936525,0.0015487194061279297
0.1,100.0,0.7,20,0.6100000000000001,0.09637888196533974,434,0.6333333333333333,0.6666666666666666,0.7166666666666667,0.43333333333333335,0.6,0.4288443088531494,0.0015297889709472655
0.1,100.0,0.7,50,0.7033333333333334,0.05617433182117575,126,0.8,0.6666666666666666,0.7166666666666667,0.6333333333333333,0.7,0.42839808464050294,0.0015427589416503907
0.1,100.0,0.9,5,0.6066666666666667,0.10780641085864151,444,0.8166666666666667,0.55,0.5333333333333333,0.5333333333333333,0.6,0.4633087158203125,0.0015459060668945312
0.1,100.0,0.9,10,0.5733333333333334,0.07348469228349534,506,0.5333333333333333,0.65,0.6333333333333333,0.45,0.6,0.46467089653015137,0.0015415668487548829
0.1,100.0,0.9,20,0.6066666666666667,0.0946337971105226,444,0.6333333333333333,0.65,0.7166666666666667,0.43333333333333335,0.6,0.4637590408325195,0.0015482425689697266
0.1,100.0,0.9,50,0.7033333333333334,0.05617433182117575,126,0.8,0.6666666666666666,0.7166666666666667,0.6333333333333333,0.7,0.46320691108703616,0.0015509605407714843
0.2,0.001,0.1,5,0.43,0.07483314773547883,737,0.3833333333333333,0.5333333333333333,0.4,0.3333333333333333,0.5,0.0032284736633300783,0.0013933181762695312
0.2,0.001,0.1,10,0.42666666666666664,0.06716480559869961,753,0.3833333333333333,0.5333333333333333,0.45,0.3333333333333333,0.43333333333333335,0.0032103538513183595,0.00138397216796875
0.2,0.001,0.1,20,0.44000000000000006,0.0402768199119819,705,0.48333333333333334,0.45,0.4666666666666667,0.3666666666666667,0.43333333333333335,0.003339052200317383,0.0013706207275390625
0.2,0.001,0.1,50,0.44000000000000006,0.06633249580710801,705,0.5333333333333333,0.3833333333333333,0.48333333333333334,0.35,0.45,0.003238010406494141,0.0013967990875244141
0.2,0.001,0.3,5,0.43,0.07483314773547883,737,0.3833333333333333,0.5333333333333333,0.4,0.3333333333333333,0.5,0.003211784362792969,0.0013765811920166016
0.2,0.001,0.3,10,0.42666666666666664,0.06716480559869961,753,0.3833333333333333,0.5333333333333333,0.45,0.3333333333333333,0.43333333333333335,0.003197383880615234,0.001382589340209961
0.2,0.001,0.3,20,0.44000000000000006,0.0402768199119819,705,0.48333333333333334,0.45,0.4666666666666667,0.3666666666666667,0.43333333333333335,0.003246307373046875,0.0014578342437744141
0.2,0.001,0.3,50,0.44000000000000006,0.06633249580710801,705,0.5333333333333333,0.3833333333333333,0.48333333333333334,0.35,0.45,0.003213977813720703,0.0013833045959472656
0.2,0.001,0.5,5,0.43,0.07483314773547883,737,0.3833333333333333,0.5333333333333333,0.4,0.3333333333333333,0.5,0.003188467025756836,0.001384592056274414
0.2,0.001,0.5,10,0.42666666666666664,0.06716480559869961,753,0.3833333333333333,0.5333333333333333,0.45,0.3333333333333333,0.43333333333333335,0.003210926055908203,0.0013654708862304687
0.2,0.001,0.5,20,0.44000000000000006,0.0402768199119819,705,0.48333333333333334,0.45,0.4666666666666667,0.3666666666666667,0.43333333333333335,0.003304862976074219,0.0013791561126708985
0.2,0.001,0.5,50,0.44000000000000006,0.06633249580710801,705,0.5333333333333333,0.3833333333333333,0.48333333333333334,0.35,0.45,0.0032181739807128906,0.0013951778411865235
0.2,0.001,0.7,5,0.43,0.07483314773547883,737,0.3833333333333333,0.5333333333333333,0.4,0.3333333333333333,0.5,0.0032146453857421877,0.0013785362243652344
0.2,0.001,0.7,10,0.42666666666666664,0.06716480559869961,753,0.3833333333333333,0.5333333333333333,0.45,0.3333333333333333,0.43333333333333335,0.0032294750213623046,0.0013665199279785157
0.2,0.001,0.7,20,0.44000000000000006,0.0402768199119819,705,0.48333333333333334,0.45,0.4666666666666667,0.3666666666666667,0.43333333333333335,0.0032611370086669924,0.001441049575805664
0.2,0.001,0.7,50,0.44000000000000006,0.06633249580710801,705,0.5333333333333333,0.3833333333333333,0.48333333333333334,0.35,0.45,0.003228759765625,0.0013872623443603516
0.2,0.001,0.9,5,0.43,0.07483314773547883,737,0.3833333333333333,0.5333333333333333,0.4,0.3333333333333333,0.5,0.0031907081604003905,0.001379680633544922
0.2,0.001,0.9,10,0.42666666666666664,0.06716480559869961,753,0.3833333333333333,0.5333333333333333,0.45,0.3333333333333333,0.43333333333333335,0.0032012462615966797,0.001368093490600586
0.2,0.001,0.9,20,0.44000000000000006,0.0402768199119819,705,0.48333333333333334,0.45,0.4666666666666667,0.3666666666666667,0.43333333333333335,0.003308677673339844,0.0013637065887451172
0.2,0.001,0.9,50,0.44000000000000006,0.06633249580710801,705,0.5333333333333333,0.3833333333333333,0.48333333333333334,0.35,0.45,0.003202962875366211,0.0013854026794433594
0.2,0.00359381,0.1,5,0.43,0.07483314773547883,737,0.3833333333333333,0.5333333333333333,0.4,0.3333333333333333,0.5,0.0035698413848876953,0.0013846874237060547
0.2,0.00359381,0.1,10,0.42666666666666664,0.06716480559869961,753,0.3833333333333333,0.5333333333333333,0.45,0.3333333333333333,0.43333333333333335,0.0036175727844238283,0.0013821125030517578
0.2,0.00359381,0.1,20,0.44000000000000006,0.0402768199119819,705,0.48333333333333334,0.45,0.4666666666666667,0.3666666666666667,0.43333333333333335,0.0035868167877197267,0.0013863563537597657
0.2,0.00359381,0.1,50,0.44000000000000006,0.06633249580710801,705,0.5333333333333333,0.3833333333333333,0.48333333333333334,0.35,0.45,0.00356292724609375,0.0013690948486328124
0.2,0.00359381,0.3,5,0.43,0.07483314773547883,737,0.3833333333333333,0.5333333333333333,0.4,0.3333333333333333,0.5,0.003190279006958008,0.0013776779174804687
0.2,0.00359381,0.3,10,0.42666666666666664,0.06716480559869961,753,0.3833333333333333,0.5333333333333333,0.45,0.3333333333333333,0.43333333333333335,0.0032503604888916016,0.0013675689697265625
0.2,0.00359381,0.3,20,0.44000000000000006,0.0402768199119819,705,0.48333333333333334,0.45,0.4666666666666667,0.3666666666666667,0.43333333333333335,0.003263235092163086,0.0013836860656738282
0.2,0.00359381,0.3,50,0.44000000000000006,0.06633249580710801,705,0.5333333333333333,0.3833333333333333,0.48333333333333334,0.35,0.45,0.003236198425292969,0.00139007568359375
0.2,0.00359381,0.5,5,0.43,0.07483314773547883,737,0.3833333333333333,0.5333333333333333,0.4,0.3333333333333333,0.5,0.0032034397125244142,0.001373624801635742
0.2,0.00359381,0.5,10,0.42666666666666664,0.06716480559869961,753,0.3833333333333333,0.5333333333333333,0.45,0.3333333333333333,0.43333333333333335,0.0032014369964599608,0.0014444351196289062
0.2,0.00359381,0.5,20,0.44000000000000006,0.0402768199119819,705,0.48333333333333334,0.45,0.4666666666666667,0.3666666666666667,0.43333333333333335,0.0032526493072509766,0.0013700962066650391
0.2,0.00359381,0.5,50,0.44000000000000006,0.06633249580710801,705,0.5333333333333333,0.3833333333333333,0.48333333333333334,0.35,0.45,0.0032175064086914064,0.0013899803161621094
0.2,0.00359381,0.7,5,0.43,0.07483314773547883,737,0.3833333333333333,0.5333333333333333,0.4,0.3333333333333333,0.5,0.003194427490234375,0.0013669490814208984
0.2,0.00359381,0.7,10,0.42666666666666664,0.06716480559869961,753,0.3833333333333333,0.5333333333333333,0.45,0.3333333333333333,0.43333333333333335,0.00325922966003418,0.0013858318328857423
0.2,0.00359381,0.7,20,0.44000000000000006,0.0402768199119819,705,0.48333333333333334,0.45,0.4666666666666667,0.3666666666666667,0.43333333333333335,0.003230714797973633,0.0013763904571533203
0.2,0.00359381,0.7,50,0.44000000000000006,0.06633249580710801,705,0.5333333333333333,0.3833333333333333,0.48333333333333334,0.35,0.45,0.0032183170318603516,0.0013702869415283202
0.2,0.00359381,0.9,5,0.43,0.07483314773547883,737,0.3833333333333333,0.5333333333333333,0.4,0.3333333333333333,0.5,0.0031939029693603517,0.001392507553100586
0.2,0.00359381,0.9,10,0.42666666666666664,0.06716480559869961,753,0.3833333333333333,0.5333333333333333,0.45,0.3333333333333333,0.43333333333333335,0.0032298088073730467,0.001450347900390625
0.2,0.00359381,0.9,20,0.44000000000000006,0.0402768199119819,705,0.48333333333333334,0.45,0.4666666666666667,0.3666666666666667,0.43333333333333335,0.003219890594482422,0.0013817787170410157
0.2,0.00359381,0.9,50,0.44000000000000006,0.06633249580710801,705,0.5333333333333333,0.3833333333333333,0.48333333333333334,0.35,0.45,0.003220653533935547,0.0013782501220703125
0.2,0.0129155,0.1,5,0.63,0.06000000000000001,380,0.6333333333333333,0.7333333333333334,0.55,0.6333333333333333,0.6,0.012407588958740234,0.001371622085571289
0.2,0.0129155,0.1,10,0.6666666666666666,0.11205157542647737,285,0.55,0.8333333333333333,0.7166666666666667,0.5333333333333333,0.7,0.012406301498413087,0.001382303237915039
0.2,0.0129155,0.1,20,0.6333333333333334,0.07673909622147557,367,0.55,0.6666666666666666,0.7166666666666667,0.5333333333333333,0.7,0.01241455078125,0.0013913154602050782
0.2,0.0129155,0.1,50,0.71,0.10572501018102472,90,0.65,0.75,0.8166666666666667,0.5333333333333333,0.8,0.012507915496826172,0.0013833999633789062
0.2,0.0129155,0.3,5,0.43,0.07483314773547883,737,0.3833333333333333,0.5333333333333333,0.4,0.3333333333333333,0.5,0.0037363052368164064,0.0013688564300537109
0.2,0.0129155,0.3,10,0.42666666666666664,0.06716480559869961,753,0.3833333333333333,0.5333333333333333,0.45,0.3333333333333333,0.43333333333333335,0.0038441181182861327,0.001375293731689453
0.2,0.0129155,0.3,20,0.44000000000000006,0.0402768199119819,705,0.48333333333333334,0.45,0.4666666666666667,0.3666666666666667,0.43333333333333335,0.003766298294067383,0.001389455795288086
0.2,0.0129155,0.3,50,0.44000000000000006,0.06633249580710801,705,0.5333333333333333,0.3833333333333333,0.48333333333333334,0.35,0.45,0.003766441345214844,0.0013832569122314454
0.2,0.0129155,0.5,5,0.43,0.07483314773547883,737,0.3833333333333333,0.5333333333333333,0.4,0.3333333333333333,0.5,0.0035600662231445312,0.001377439498901367
0.2,0.0129155,0.5,10,0.42666666666666664,0.06716480559869961,753,0.3833333333333333,0.5333333333333333,0.45,0.3333333333333333,0.43333333333333335,0.003697967529296875,0.001379251480102539
0.2,0.0129155,0.5,20,0.44000000000000006,0.0402768199119819,705,0.48333333333333334,0.45,0.4666666666666667,0.3666666666666667,0.43333333333333335,0.0035518646240234376,0.001382923126220703
0.2,0.0129155,0.5,50,0.44000000000000006,0.06633249580710801,705,0.5333333333333333,0.3833333333333333,0.48333333333333334,0.35,0.45,0.0035971641540527345,0.0013772010803222655
0.2,0.0129155,0.7,5,0.43,0.07483314773547883,737,0.3833333333333333,0.5333333333333333,0.4,0.3333333333333333,0.5,0.003221559524536133,0.0014447689056396485
0.2,0.0129155,0.7,10,0.42666666666666664,0.06716480559869961,753,0.3833333333333333,0.5333333333333333,0.45,0.3333333333333333,0.43333333333333335,0.0032468318939208986,0.0013886451721191405
0.2,0.0129155,0.7,20,0.44000000000000006,0.0402768199119819,705,0.48333333333333334,0.45,0.4666666666666667,0.3666666666666667,0.43333333333333335,0.0031898021697998047,0.0013772010803222655
0.2,0.0129155,0.7,50,0.44000000000000006,0.06633249580710801,705,0.5333333333333333,0.3833333333333333,0.48333333333333334,0.35,0.45,0.0032117366790771484,0.0013808250427246095
0.2,0.0129155,0.9,5,0.43,0.07483314773547883,737,0.3833333333333333,0.5333333333333333,0.4,0.3333333333333333,0.5,0.003249645233154297,0.0013831138610839843
0.2,0.0129155,0.9,10,0.42666666666666664,0.06716480559869961,753,0.3833333333333333,0.5333333333333333,0.45,0.3333333333333333,0.43333333333333335,0.0032712936401367186,0.0013747692108154296
0.2,0.0129155,0.9,20,0.44000000000000006,0.0402768199119819,705,0.48333333333333334,0.45,0.4666666666666667,0.3666666666666667,0.43333333333333335,0.0031868457794189454,0.0013760089874267577
0.2,0.0129155,0.9,50,0.44000000000000006,0.06633249580710801,705,0.5333333333333333,0.3833333333333333,0.48333333333333334,0.35,0.45,0.0032115936279296874,0.0013896465301513673
0.2,0.0464159,0.1,5,0.6633333333333333,0.0819213715162967,294,0.7,0.7333333333333334,0.6333333333333333,0.7333333333333334,0.5166666666666667,0.023790693283081053,0.0013937950134277344
0.2,0.0464159,0.1,10,0.67,0.07557189365836423,260,0.7,0.75,0.5333333333333333,0.65,0.7166666666666667,0.023809051513671874,0.001402139663696289
0.2,0.0464159,0.1,20,0.6900000000000001,0.08856886837057615,158,0.7166666666666667,0.75,0.6333333333333333,0.55,0.8,0.02374691963195801,0.0013892650604248047
0.2,0.0464159,0.1,50,0.6900000000000001,0.08856886837057615,158,0.55,0.75,0.7166666666666667,0.6333333333333333,0.8,0.023780012130737306,0.0013916969299316406
0.2,0.0464159,0.3,5,0.63,0.06000000000000001,380,0.55,0.7333333333333334,0.6333333333333333,0.6333333333333333,0.6,0.023834753036499023,0.0013749122619628907
0.2,0.0464159,0.3,10,0.7033333333333334,0.12174654911833119,126,0.6333333333333333,0.9166666666666667,0.7166666666666667,0.55,0.7,0.023827648162841795,0.001384878158569336
0.2,0.0464159,0.3,20,0.6333333333333334,0.11450376024878445,367,0.55,0.75,0.7166666666666667,0.45,0.7,0.023879337310791015,0.0014089107513427734
0.2,0.0464159,0.3,50,0.7266666666666666,0.10143416036468628,80,0.7333333333333334,0.75,0.8166666666666667,0.5333333333333333,0.8,0.023801326751708984,0.0013889789581298829
0.2,0.0464159,0.5,5,0.6933333333333334,0.07118052168020877,150,0.7333333333333334,0.8,0.6333333333333333,0.6,0.7,0.01897120475769043,0.0013956546783447266
0.2,0.0464159,0.5,10,0.7433333333333334,0.15441646429200626,45,0.65,0.55,0.8166666666666667,0.7,1.0,0.018978357315063477,0.0013851642608642579
0.2,0.0464159,0.5,20,0.71,0.13106402167558334,90,0.65,0.65,0.8166666666666667,0.5333333333333333,0.9,0.018947076797485352,0.0013773918151855468
0.2,0.0464159,0.5,50,0.6966666666666667,0.19533447098644818,147,0.7333333333333334,0.8333333333333333,0.65,0.35,0.9166666666666667,0.018946743011474608,0.0014293193817138672
0.2,0.0464159,0.7,5,0.43,0.07483314773547883,737,0.3833333333333333,0.5333333333333333,0.4,0.3333333333333333,0.5,0.004120349884033203,0.0013766765594482421
0.2,0.0464159,0.7,10,0.42666666666666664,0.06716480559869961,753,0.3833333333333333,0.5333333333333333,0.45,0.3333333333333333,0.43333333333333335,0.004181575775146484,0.0013624191284179687
0.2,0.0464159,0.7,20,0.44000000000000006,0.0402768199119819,705,0.48333333333333334,0.45,0.4666666666666667,0.3666666666666667,0.43333333333333335,0.004176473617553711,0.001374053955078125
0.2,0.0464159,0.7,50,0.44000000000000006,0.06633249580710801,705,0.5333333333333333,0.3833333333333333,0.48333333333333334,0.35,0.45,0.004105567932128906,0.0013817787170410157
0.2,0.0464159,0.9,5,0.43,0.07483314773547883,737,0.3833333333333333,0.5333333333333333,0.4,0.3333333333333333,0.5,0.004008817672729492,0.0013657569885253905
0.2,0.0464159,0.9,10,0.42666666666666664,0.06716480559869961,753,0.3833333333333333,0.5333333333333333,0.45,0.3333333333333333,0.43333333333333335,0.00403289794921875,0.0013726711273193359
0.2,0.0464159,0.9,20,0.44000000000000006,0.0402768199119819,705,0.48333333333333334,0.45,0.4666666666666667,0.3666666666666667,0.43333333333333335,0.004081058502197266,0.0013858318328857423
0.2,0.0464159,0.9,50,0.44000000000000006,0.06633249580710801,705,0.5333333333333333,0.3833333333333333,0.48333333333333334,0.35,0.45,0.004056549072265625,0.0013929843902587891
0.2,0.16681,0.1,5,0.68,0.09797958971132709,219,0.7,0.65,0.7166666666666667,0.8166666666666667,0.5166666666666667,0.05717334747314453,0.001398468017578125
0.2,0.16681,0.1,10,0.6533333333333333,0.07557189365836424,308,0.6333333333333333,0.75,0.6333333333333333,0.5333333333333333,0.7166666666666667,0.05577144622802734,0.0014042854309082031
0.2,0.16681,0.1,20,0.7066666666666667,0.10466878978738386,101,0.8,0.8333333333333333,0.6333333333333333,0.55,0.7166666666666667,0.055824804306030276,0.0013916015625
0.2,0.16681,0.1,50,0.7233333333333333,0.127627931460511,87,0.7166666666666667,0.9166666666666667,0.6333333333333333,0.55,0.8,0.055837249755859374,0.001399993896484375
0.2,0.16681,0.3,5,0.65,0.0767390962214756,331,0.65,0.7333333333333334,0.7166666666666667,0.6333333333333333,0.5166666666666667,0.060679388046264646,0.0014113426208496095
0.2,0.16681,0.3,10,0.6866666666666668,0.04642796092394708,198,0.7166666666666667,0.75,0.6333333333333333,0.6333333333333333,0.7,0.06072368621826172,0.0014039039611816405
0.2,0.16681,0.3,20,0.74,0.10252370999486464,52,0.8,0.8333333333333333,0.7166666666666667,0.55,0.8,0.06070036888122558,0.0014683723449707032
0.2,0.16681,0.3,50,0.7433333333333334,0.14476033833738977,45,0.55,0.9166666666666667,0.7166666666666667,0.6333333333333333,0.9,0.06083621978759766,0.0013930797576904297
0.2,0.16681,0.5,5,0.6266666666666667,0.08981462390204988,398,0.5333333333333333,0.7333333333333334,0.7166666666666667,0.6333333333333333,0.5166666666666667,0.06176738739013672,0.001406717300415039
0.2,0.16681,0.5,10,0.63,0.06616477747093068,380,0.55,0.75,0.6333333333333333,0.6166666666666667,0.6,0.06171894073486328,0.0014093399047851562
0.2,0.16681,0.5,20,0.74,0.12000000000000002,52,0.7166666666666667,0.9166666666666667,0.7166666666666667,0.55,0.8,0.0629183292388916,0.001391458511352539
0.2,0.16681,0.5,50,0.78,0.07408703590297623,8,0.8166666666666667,0.8333333333333333,0.8166666666666667,0.6333333333333333,0.8,0.0617560863494873,0.0013985633850097656
0.2,0.16681,0.7,5,0.68,0.054160256030906434,219,0.7,0.7333333333333334,0.7333333333333334,0.6333333333333333,0.6,0.06275873184204102,0.001415109634399414
0.2,0.16681,0.7,10,0.7333333333333334,0.11205157542647744,64,0.8,0.9166666666666667,0.6333333333333333,0.6166666666666667,0.7,0.06287364959716797,0.0013972759246826173
0.2,0.16681,0.7,20,0.6666666666666666,0.0767390962214756,285,0.6333333333333333,0.75,0.7166666666666667,0.5333333333333333,0.7,0.06284122467041016,0.0014104843139648438
0.2,0.16681,0.7,50,0.7433333333333334,0.11035296904831232,45,0.7333333333333334,0.8333333333333333,0.8166666666666667,0.5333333333333333,0.8,0.06288623809814453,0.0014063358306884766
0.2,0.16681,0.9,5,0.68,0.07483314773547886,219,0.8,0.7333333333333334,0.6333333333333333,0.6333333333333333,0.6,0.05301113128662109,0.00145263671875
0.2,0.16681,0.9,10,0.7,0.1178511301977579,141,0.7166666666666667,0.8333333333333333,0.8166666666666667,0.5333333333333333,0.6,0.054629945755004884,0.001385974884033203
0.2,0.16681,0.9,20,0.6300000000000001,0.11175369742826806,376,0.5333333333333333,0.5666666666666667,0.8166666666666667,0.5333333333333333,0.7,0.05301985740661621,0.001389455795288086
0.2,0.16681,0.9,50,0.7466666666666666,0.1305543735171076,41,0.8166666666666667,0.6666666666666666,0.8166666666666667,0.5333333333333333,0.9,0.05293216705322266,0.0013910293579101562
0.2,0.599484,0.1,5,0.6433333333333333,0.06200358412579425,352,0.6,0.5666666666666667,0.7166666666666667,0.7166666666666667,0.6166666666666667,0.12608699798583983,0.0014340877532958984
0.2,0.599484,0.1,10,0.6733333333333335,0.08339997335464537,234,0.8,0.6666666666666666,0.6333333333333333,0.55,0.7166666666666667,0.1261605739593506,0.0014603137969970703
0.2,0.599484,0.1,20,0.7466666666666667,0.09568466729604884,35,0.8,0.6666666666666666,0.7333333333333334,0.6333333333333333,0.9,0.12617716789245606,0.0014335155487060548
0.2,0.599484,0.1,50,0.7066666666666667,0.09043106644167025,101,0.6333333333333333,0.8333333333333333,0.6333333333333333,0.6333333333333333,0.8,0.12616400718688964,0.0014496803283691405
0.2,0.599484,0.3,5,0.6466666666666667,0.07408703590297622,341,0.7,0.65,0.6333333333333333,0.7333333333333334,0.5166666666666667,0.15320143699645997,0.0014571189880371095
0.2,0.599484,0.3,10,0.67,0.053124591501697425,260,0.7166666666666667,0.75,0.6333333333333333,0.6333333333333333,0.6166666666666667,0.15363149642944335,0.0014671802520751954
0.2,0.599484,0.3,20,0.6933333333333332,0.11671427600007732,156,0.7166666666666667,0.6666666666666666,0.6333333333333333,0.55,0.9,0.15320167541503907,0.0014535903930664063
0.2,0.599484,0.3,50,0.7633333333333334,0.09030811456096045,22,0.6333333333333333,0.75,0.8166666666666667,0.7166666666666667,0.9,0.15307817459106446,0.0014597415924072266
0.2,0.599484,0.5,5,0.6866666666666668,0.08589399151150082,198,0.7166666666666667,0.75,0.7166666666666667,0.7333333333333334,0.5166666666666667,0.16711006164550782,0.0014479637145996093
0.2,0.599484,0.5,10,0.6866666666666668,0.04642796092394708,198,0.7166666666666667,0.75,0.6333333333333333,0.6333333333333333,0.7,0.1672128200531006,0.0014544010162353515
0.2,0.599484,0.5,20,0.6900000000000001,0.08856886837057615,158,0.7166666666666667,0.75,0.6333333333333333,0.55,0.8,0.16694717407226561,0.0014538764953613281
0.2,0.599484,0.5,50,0.7633333333333333,0.14659088951530683,23,0.55,0.9166666666666667,0.8166666666666667,0.6333333333333333,0.9,0.16705784797668458,0.0014741897583007812
0.2,0.599484,0.7,5,0.61,0.10143416036468625,438,0.5333333333333333,0.75,0.7166666666666667,0.5333333333333333,0.5166666666666667,0.17826805114746094,0.0014762401580810547
0.2,0.599484,0.7,10,0.6699999999999999,0.0339934634239519,270,0.7166666666666667,0.6666666666666666,0.6333333333333333,0.6333333333333333,0.7,0.17835607528686523,0.001453065872192383
0.2,0.599484,0.7,20,0.6900000000000001,0.09752492558885198,158,0.8,0.6666666666666666,0.6333333333333333,0.55,0.8,0.17785468101501464,0.001463603973388672
0.2,0.599484,0.7,50,0.7933333333333333,0.13767917618708925,4,0.8166666666666667,0.9166666666666667,0.9,0.5333333333333333,0.8,0.1777055263519287,0.0014642238616943359
0.2,0.599484,0.9,5,0.6066666666666667,0.09695359714832659,444,0.5333333333333333,0.7333333333333334,0.7166666666666667,0.5333333333333333,0.5166666666666667,0.157421875,0.001436471939086914
0.2,0.599484,0.9,10,0.6466666666666667,0.07845734863959881,341,0.7166666666666667,0.75,0.6333333333333333,0.5333333333333333,0.6,0.1574553966522217,0.0014605998992919921
0.2,0.599484,0.9,20,0.6900000000000001,0.08205689083394113,158,0.7166666666666667,0.6666666666666666,0.7166666666666667,0.55,0.8,0.15783677101135254,0.0014740467071533204
0.2,0.599484,0.9,50,0.76,0.16041612554021287,29,0.8166666666666667,0.9166666666666667,0.8166666666666667,0.45,0.8,0.15726203918457032,0.001430177688598633
0.2,2.15443,0.1,5,0.6233333333333333,0.0501109879279097,411,0.6,0.5666666666666667,0.6166666666666667,0.7166666666666667,0.6166666666666667,0.24825329780578614,0.00150604248046875
0.2,2.15443,0.1,10,0.6333333333333334,0.15456030825826172,367,0.8166666666666667,0.75,0.6333333333333333,0.3666666666666667,0.6,0.24908943176269532,0.0016192913055419922
0.2,2.15443,0.1,20,0.6533333333333333,0.06863753427324668,308,0.5333333333333333,0.6666666666666666,0.7333333333333334,0.6333333333333333,0.7,0.24861278533935546,0.0015113353729248047
0.2,2.15443,0.1,50,0.6900000000000001,0.08856886837057615,158,0.55,0.75,0.7166666666666667,0.6333333333333333,0.8,0.24999265670776366,0.0015089035034179688
0.2,2.15443,0.3,5,0.6266666666666667,0.07644896627453142,398,0.7,0.5666666666666667,0.6333333333333333,0.7166666666666667,0.5166666666666667,0.2996242046356201,0.0015671730041503906
0.2,2.15443,0.3,10,0.6900000000000001,0.0793025150224688,158,0.8166666666666667,0.75,0.6333333333333333,0.6333333333333333,0.6166666666666667,0.29950361251831054,0.0015057086944580077
0.2,2.15443,0.3,20,0.6733333333333333,0.11953614051360739,243,0.6166666666666667,0.6666666666666666,0.6333333333333333,0.55,0.9,0.30245232582092285,0.0015168190002441406
0.2,2.15443,0.3,50,0.7233333333333334,0.10143416036468622,82,0.55,0.8333333333333333,0.8166666666666667,0.7166666666666667,0.7,0.30184264183044435,0.0015163898468017578
0.2,2.15443,0.5,5,0.6266666666666667,0.0873053390247253,398,0.7,0.65,0.5333333333333333,0.7333333333333334,0.5166666666666667,0.3605969905853271,0.0015226364135742187
0.2,2.15443,0.5,10,0.6900000000000001,0.0793025150224688,158,0.8166666666666667,0.75,0.6333333333333333,0.6333333333333333,0.6166666666666667,0.3594977378845215,0.00155029296875
0.2,2.15443,0.5,20,0.6533333333333333,0.05906681715556448,308,0.7166666666666667,0.6666666666666666,0.6333333333333333,0.55,0.7,0.36020832061767577,0.0015279769897460938
0.2,2.15443,0.5,50,0.7766666666666667,0.09580071908799945,12,0.6333333333333333,0.9166666666666667,0.8166666666666667,0.7166666666666667,0.8,0.3607194423675537,0.0015326976776123048
0.2,2.15443,0.7,5,0.63,0.09030811456096045,380,0.7166666666666667,0.65,0.5333333333333333,0.7333333333333334,0.5166666666666667,0.4058502674102783,0.0015224456787109376
0.2,2.15443,0.7,10,0.6733333333333333,0.05637178175095922,243,0.7333333333333334,0.75,0.6333333333333333,0.6333333333333333,0.6166666666666667,0.4051292896270752,0.0015264511108398437
0.2,2.15443,0.7,20,0.6900000000000001,0.07571877794400365,158,0.8,0.5833333333333334,0.7333333333333334,0.6333333333333333,0.7,0.4026967525482178,0.0015248298645019532
0.2,2.15443,0.7,50,0.6933333333333334,0.17720045146669353,150,0.3833333333333333,0.75,0.9,0.6333333333333333,0.8,0.40236577987670896,0.0015376091003417968
0.2,2.15443,0.9,5,0.59,0.0793025150224688,495,0.7166666666666667,0.65,0.5333333333333333,0.5333333333333333,0.5166666666666667,0.4324686050415039,0.001550149917602539
0.2,2.15443,0.9,10,0.6666666666666666,0.0767390962214756,285,0.6333333333333333,0.75,0.7166666666666667,0.5333333333333333,0.7,0.4332436561584473,0.001539897918701172
0.2,2.15443,0.9,20,0.7066666666666667,0.05734883511361754,101,0.8,0.6666666666666666,0.7333333333333334,0.6333333333333333,0.7,0.43147730827331543,0.0015352725982666015
0.2,2.15443,0.9,50,0.7633333333333333,0.12445436468396313,23,0.8166666666666667,0.75,0.8166666666666667,0.5333333333333333,0.9,0.4320083141326904,0.0015568733215332031
0.2,7.74264,0.1,5,0.5633333333333332,0.030550504633038923,520,0.6,0.55,0.5333333333333333,0.5333333333333333,0.6,0.3007362365722656,0.0015119552612304688
0.2,7.74264,0.1,10,0.5533333333333333,0.10923979738782627,525,0.5333333333333333,0.65,0.6333333333333333,0.35,0.6,0.30076937675476073,0.0015303611755371094
0.2,7.74264,0.1,20,0.6100000000000001,0.09637888196533974,434,0.6333333333333333,0.6666666666666666,0.7166666666666667,0.43333333333333335,0.6,0.30001354217529297,0.0015143871307373047
0.2,7.74264,0.1,50,0.7233333333333334,0.06798692684790383,82,0.8,0.6666666666666666,0.7166666666666667,0.6333333333333333,0.8,0.3008458137512207,0.0015401840209960938
0.2,7.74264,0.3,5,0.6433333333333333,0.06200358412579425,352,0.6,0.5666666666666667,0.7166666666666667,0.7166666666666667,0.6166666666666667,0.4640357494354248,0.0015361785888671875
0.2,7.74264,0.3,10,0.6733333333333335,0.07272474743090475,234,0.7166666666666667,0.75,0.6333333333333333,0.55,0.7166666666666667,0.4646642208099365,0.0015306472778320312
0.2,7.74264,0.3,20,0.6566666666666666,0.10306416555826872,301,0.5333333333333333,0.6666666666666666,0.7333333333333334,0.55,0.8,0.46419620513916016,0.0015490055084228516
0.2,7.74264,0.3,50,0.6533333333333333,0.06782329983125267,308,0.55,0.75,0.6333333333333333,0.6333333333333333,0.7,0.4635366439819336,0.0015239715576171875
0.2,7.74264,0.5,5,0.6033333333333333,0.06616477747093069,469,0.6,0.5666666666666667,0.6166666666666667,0.7166666666666667,0.5166666666666667,0.5532972812652588,0.0015424728393554688
0.2,7.74264,0.5,10,0.6866666666666668,0.04642796092394708,198,0.7166666666666667,0.75,0.6333333333333333,0.6333333333333333,0.7,0.5525972843170166,0.001539134979248047
0.2,7.74264,0.5,20,0.6733333333333332,0.08339997335464537,247,0.7166666666666667,0.6666666666666666,0.6333333333333333,0.55,0.8,0.5533731937408447,0.001548433303833008
0.2,7.74264,0.5,50,0.71,0.11766241729815193,90,0.55,0.75,0.6333333333333333,0.7166666666666667,0.9,0.553111219406128,0.0015567779541015626
0.2,7.74264,0.7,5,0.6466666666666667,0.10770329614269006,341,0.8166666666666667,0.5666666666666667,0.6166666666666667,0.7166666666666667,0.5166666666666667,0.6171993732452392,0.0016747474670410155
0.2,7.74264,0.7,10,0.71,0.07498147919467994,90,0.8166666666666667,0.75,0.7333333333333334,0.6333333333333333,0.6166666666666667,0.6155526638031006,0.0015633583068847656
0.2,7.74264,0.7,20,0.6733333333333335,0.06548960901462833,234,0.7166666666666667,0.6666666666666666,0.7333333333333334,0.55,0.7,0.6157299995422363,0.0015587329864501954
0.2,7.74264,0.7,50,0.76,0.12274635093014646,29,0.55,0.9166666666666667,0.8166666666666667,0.7166666666666667,0.8,0.6159828662872314,0.0015553474426269532
0.2,7.74264,0.9,5,0.6666666666666667,0.1021980647783726,278,0.8166666666666667,0.65,0.6166666666666667,0.7333333333333334,0.5166666666666667,0.7219128131866455,0.0015552043914794922
0.2,7.74264,0.9,10,0.69,0.10143416036468626,194,0.8166666666666667,0.75,0.7333333333333334,0.5333333333333333,0.6166666666666667,0.721636438369751,0.0015434741973876954
0.2,7.74264,0.9,20,0.6900000000000001,0.035901098714230056,158,0.7166666666666667,0.6666666666666666,0.7333333333333334,0.6333333333333333,0.7,0.7212783813476562,0.0015566349029541016
0.2,7.74264,0.9,50,0.7466666666666667,0.1723691129846386,35,0.4666666666666667,0.9166666666666667,0.8166666666666667,0.6333333333333333,0.9,0.7213088989257812,0.0015733718872070312
0.2,27.8256,0.1,5,0.6066666666666667,0.10780641085864151,444,0.8166666666666667,0.55,0.5333333333333333,0.5333333333333333,0.6,0.320555305480957,0.0015378952026367187
0.2,27.8256,0.1,10,0.53,0.07023769168568493,554,0.5333333333333333,0.65,0.5333333333333333,0.43333333333333335,0.5,0.32100868225097656,0.0015240192413330078
0.2,27.8256,0.1,20,0.5933333333333334,0.09752492558885194,480,0.5333333333333333,0.6666666666666666,0.6333333333333333,0.43333333333333335,0.7,0.32479634284973147,0.0015214443206787109
0.2,27.8256,0.1,50,0.6866666666666668,0.08124038404635961,198,0.8,0.6666666666666666,0.7166666666666667,0.55,0.7,0.3224165916442871,0.001527118682861328
0.2,27.8256,0.3,5,0.53,0.05416025603090639,554,0.43333333333333335,0.55,0.5333333333333333,0.5333333333333333,0.6,0.4137101650238037,0.0015286445617675782
0.2,27.8256,0.3,10,0.5533333333333333,0.10923979738782627,525,0.5333333333333333,0.65,0.6333333333333333,0.35,0.6,0.415709924697876,0.0015594482421875
0.2,27.8256,0.3,20,0.6266666666666667,0.1108552609887726,398,0.6333333333333333,0.75,0.7166666666666667,0.43333333333333335,0.6,0.41562957763671876,0.0015268325805664062
0.2,27.8256,0.3,50,0.7033333333333334,0.05617433182117575,126,0.8,0.6666666666666666,0.7166666666666667,0.6333333333333333,0.7,0.4144556522369385,0.0015421390533447265
0.2,27.8256,0.5,5,0.62,0.050990195135927854,420,0.6,0.5666666666666667,0.6166666666666667,0.7166666666666667,0.6,0.5596171855926514,0.0015446662902832032
0.2,27.8256,0.5,10,0.5900000000000001,0.14321700705960558,493,0.5333333333333333,0.75,0.7166666666666667,0.35,0.6,0.5632441997528076,0.0015458106994628907
0.2,27.8256,0.5,20,0.6,0.05055250296034366,477,0.5333333333333333,0.6666666666666666,0.6333333333333333,0.55,0.6166666666666667,0.5593709468841552,0.0015514850616455077
0.2,27.8256,0.5,50,0.6900000000000001,0.07118052168020877,158,0.6333333333333333,0.75,0.6333333333333333,0.6333333333333333,0.8,0.557694673538208,0.0015460014343261718
0.2,27.8256,0.7,5,0.62,0.050990195135927854,420,0.6,0.5666666666666667,0.6166666666666667,0.7166666666666667,0.6,0.639193058013916,0.0015599727630615234
0.2,27.8256,0.7,10,0.6366666666666667,0.1403962645910179,358,0.7166666666666667,0.75,0.6333333333333333,0.3666666666666667,0.7166666666666667,0.6387772560119629,0.0015505313873291015
0.2,27.8256,0.7,20,0.6166666666666666,0.06497862896539307,426,0.5333333333333333,0.6666666666666666,0.6333333333333333,0.55,0.7,0.6399364948272706,0.0016881465911865235
0.2,27.8256,0.7,50,0.6699999999999999,0.07102425250887504,270,0.55,0.75,0.6333333333333333,0.7166666666666667,0.7,0.6391300678253173,0.0015606403350830079
0.2,27.8256,0.9,5,0.6033333333333333,0.06616477747093069,469,0.6,0.5666666666666667,0.6166666666666667,0.7166666666666667,0.5166666666666667,0.7614013671875,0.0015777111053466796
0.2,27.8256,0.9,10,0.6733333333333335,0.07272474743090475,234,0.7166666666666667,0.75,0.6333333333333333,0.55,0.7166666666666667,0.7687803745269776,0.0015581130981445312
0.2,27.8256,0.9,20,0.6366666666666667,0.09568466729604883,358,0.5333333333333333,0.6666666666666666,0.6333333333333333,0.55,0.8,0.7731526374816895,0.0015575408935546875
0.2,27.8256,0.9,50,0.71,0.11766241729815193,90,0.55,0.75,0.6333333333333333,0.7166666666666667,0.9,0.773395299911499,0.0015618324279785157
0.2,100.0,0.1,5,0.6066666666666667,0.10780641085864151,444,0.8166666666666667,0.55,0.5333333333333333,0.5333333333333333,0.6,0.37515692710876464,0.0015240192413330078
0.2,100.0,0.1,10,0.5333333333333334,0.07601169500660918,550,0.5333333333333333,0.6666666666666666,0.5333333333333333,0.43333333333333335,0.5,0.3754622459411621,0.0015165328979492188
0.2,100.0,0.1,20,0.5733333333333334,0.08273115763993902,506,0.5333333333333333,0.6666666666666666,0.6333333333333333,0.43333333333333335,0.6,0.37572197914123534,0.0015285015106201172
0.2,100.0,0.1,50,0.6700000000000002,0.0819213715162967,255,0.8,0.6666666666666666,0.6333333333333333,0.55,0.7,0.37517333030700684,0.0015307903289794923
0.2,100.0,0.3,5,0.6066666666666667,0.10780641085864151,444,0.8166666666666667,0.55,0.5333333333333333,0.5333333333333333,0.6,0.3843968391418457,0.0015162944793701172
0.2,100.0,0.3,10,0.53,0.07023769168568493,554,0.5333333333333333,0.65,0.5333333333333333,0.43333333333333335,0.5,0.3826901912689209,0.0015279293060302735
0.2,100.0,0.3,20,0.5933333333333334,0.09752492558885194,480,0.5333333333333333,0.6666666666666666,0.6333333333333333,0.43333333333333335,0.7,0.3827797889709473,0.0015160560607910157
0.2,100.0,0.3,50,0.6700000000000002,0.0819213715162967,255,0.8,0.6666666666666666,0.6333333333333333,0.55,0.7,0.38402247428894043,0.0015183448791503905
0.2,100.0,0.5,5,0.6066666666666667,0.10780641085864151,444,0.8166666666666667,0.55,0.5333333333333333,0.5333333333333333,0.6,0.4050430774688721,0.0015317440032958985
0.2,100.0,0.5,10,0.5466666666666666,0.0784573486395988,531,0.5333333333333333,0.65,0.6166666666666667,0.43333333333333335,0.5,0.40297250747680663,0.0015286445617675782
0.2,100.0,0.5,20,0.5733333333333334,0.08273115763993902,506,0.5333333333333333,0.6666666666666666,0.6333333333333333,0.43333333333333335,0.6,0.40285658836364746,0.0015364646911621093
0.2,100.0,0.5,50,0.7033333333333334,0.05617433182117575,126,0.8,0.6666666666666666,0.7166666666666667,0.6333333333333333,0.7,0.4050715923309326,0.0015259265899658203
0.2,100.0,0.7,5,0.6066666666666667,0.10780641085864151,444,0.8166666666666667,0.55,0.5333333333333333,0.5333333333333333,0.6,0.4317046642303467,0.0015224933624267579
0.2,100.0,0.7,10,0.5866666666666667,0.09741092797468305,498,0.5333333333333333,0.65,0.7166666666666667,0.43333333333333335,0.6,0.42894711494445803,0.0015453338623046876
0.2,100.0,0.7,20,0.6100000000000001,0.09637888196533974,434,0.6333333333333333,0.6666666666666666,0.7166666666666667,0.43333333333333335,0.6,0.4295652389526367,0.0015386581420898438
0.2,100.0,0.7,50,0.6866666666666668,0.032317865716108875,198,0.7166666666666667,0.6666666666666666,0.7166666666666667,0.6333333333333333,0.7,0.429003381729126,0.0015532493591308594
0.2,100.0,0.9,5,0.6066666666666667,0.10780641085864151,444,0.8166666666666667,0.55,0.5333333333333333,0.5333333333333333,0.6,0.46591458320617674,0.0015533447265625
0.2,100.0,0.9,10,0.5733333333333334,0.07348469228349534,506,0.5333333333333333,0.65,0.6333333333333333,0.45,0.6,0.4651224136352539,0.0015582561492919922
0.2,100.0,0.9,20,0.6066666666666667,0.0946337971105226,444,0.6333333333333333,0.65,0.7166666666666667,0.43333333333333335,0.6,0.46865267753601075,0.0015646457672119141
0.2,100.0,0.9,50,0.7033333333333334,0.05617433182117575,126,0.8,0.6666666666666666,0.7166666666666667,0.6333333333333333,0.7,0.4676200866699219,0.001733684539794922
0.5,0.001,0.1,5,0.4733333333333333,0.07118052168020875,609,0.5,0.5333333333333333,0.5,0.3333333333333333,0.5,0.003310394287109375,0.0013935089111328125
0.5,0.001,0.1,10,0.45,0.0632455532033676,657,0.48333333333333334,0.43333333333333335,0.5,0.3333333333333333,0.5,0.0032584667205810547,0.0013686180114746093
0.5,0.001,0.1,20,0.4966666666666667,0.022110831935702662,561,0.48333333333333334,0.5333333333333333,0.5,0.4666666666666667,0.5,0.0032745361328125,0.0013754844665527343
0.5,0.001,0.1,50,0.42333333333333334,0.10306416555826871,769,0.5666666666666667,0.3833333333333333,0.4,0.26666666666666666,0.5,0.003231048583984375,0.0013768672943115234
0.5,0.001,0.3,5,0.4733333333333333,0.07118052168020875,609,0.5,0.5333333333333333,0.5,0.3333333333333333,0.5,0.003219461441040039,0.0013824462890625
0.5,0.001,0.3,10,0.45,0.0632455532033676,657,0.48333333333333334,0.43333333333333335,0.5,0.3333333333333333,0.5,0.0032855510711669923,0.0013854503631591797
0.5,0.001,0.3,20,0.4966666666666667,0.022110831935702662,561,0.48333333333333334,0.5333333333333333,0.5,0.4666666666666667,0.5,0.003275442123413086,0.001368570327758789
0.5,0.001,0.3,50,0.42333333333333334,0.10306416555826871,769,0.5666666666666667,0.3833333333333333,0.4,0.26666666666666666,0.5,0.003215456008911133,0.001364278793334961
0.5,0.001,0.5,5,0.4733333333333333,0.07118052168020875,609,0.5,0.5333333333333333,0.5,0.3333333333333333,0.5,0.0032021045684814454,0.001371479034423828
0.5,0.001,0.5,10,0.45,0.0632455532033676,657,0.48333333333333334,0.43333333333333335,0.5,0.3333333333333333,0.5,0.0032339572906494142,0.0013659000396728516
0.5,0.001,0.5,20,0.4966666666666667,0.022110831935702662,561,0.48333333333333334,0.5333333333333333,0.5,0.4666666666666667,0.5,0.0032702922821044923,0.0013926029205322266
0.5,0.001,0.5,50,0.42333333333333334,0.10306416555826871,769,0.5666666666666667,0.3833333333333333,0.4,0.26666666666666666,0.5,0.0032134056091308594,0.0013879776000976563
0.5,0.001,0.7,5,0.4733333333333333,0.07118052168020875,609,0.5,0.5333333333333333,0.5,0.3333333333333333,0.5,0.0032082557678222655,0.0013664722442626952
0.5,0.001,0.7,10,0.45,0.0632455532033676,657,0.48333333333333334,0.43333333333333335,0.5,0.3333333333333333,0.5,0.003228569030761719,0.00137176513671875
0.5,0.001,0.7,20,0.4966666666666667,0.022110831935702662,561,0.48333333333333334,0.5333333333333333,0.5,0.4666666666666667,0.5,0.003288078308105469,0.0013755321502685546
0.5,0.001,0.7,50,0.42333333333333334,0.10306416555826871,769,0.5666666666666667,0.3833333333333333,0.4,0.26666666666666666,0.5,0.0032001018524169924,0.001374673843383789
0.5,0.001,0.9,5,0.4733333333333333,0.07118052168020875,609,0.5,0.5333333333333333,0.5,0.3333333333333333,0.5,0.0032187938690185548,0.0013744831085205078
0.5,0.001,0.9,10,0.45,0.0632455532033676,657,0.48333333333333334,0.43333333333333335,0.5,0.3333333333333333,0.5,0.0032251834869384765,0.001380157470703125
0.5,0.001,0.9,20,0.4966666666666667,0.022110831935702662,561,0.48333333333333334,0.5333333333333333,0.5,0.4666666666666667,0.5,0.0032073020935058593,0.00144805908203125
0.5,0.001,0.9,50,0.42333333333333334,0.10306416555826871,769,0.5666666666666667,0.3833333333333333,0.4,0.26666666666666666,0.5,0.0032354354858398437,0.0013825416564941407
0.5,0.00359381,0.1,5,0.4733333333333333,0.07118052168020875,609,0.5,0.5333333333333333,0.5,0.3333333333333333,0.5,0.00358729362487793,0.0013869762420654296
0.5,0.00359381,0.1,10,0.45,0.0632455532033676,657,0.48333333333333334,0.43333333333333335,0.5,0.3333333333333333,0.5,0.0035796165466308594,0.0013867855072021485
0.5,0.00359381,0.1,20,0.4966666666666667,0.022110831935702662,561,0.48333333333333334,0.5333333333333333,0.5,0.4666666666666667,0.5,0.0036058902740478517,0.001372957229614258
0.5,0.00359381,0.1,50,0.42333333333333334,0.10306416555826871,769,0.5666666666666667,0.3833333333333333,0.4,0.26666666666666666,0.5,0.0035809993743896483,0.0013943195343017578
0.5,0.00359381,0.3,5,0.4733333333333333,0.07118052168020875,609,0.5,0.5333333333333333,0.5,0.3333333333333333,0.5,0.0032258033752441406,0.0013637542724609375
0.5,0.00359381,0.3,10,0.45,0.0632455532033676,657,0.48333333333333334,0.43333333333333335,0.5,0.3333333333333333,0.5,0.003285932540893555,0.0013782501220703125
0.5,0.00359381,0.3,20,0.4966666666666667,0.022110831935702662,561,0.48333333333333334,0.5333333333333333,0.5,0.4666666666666667,0.5,0.003169536590576172,0.00137481689453125
0.5,0.00359381,0.3,50,0.42333333333333334,0.10306416555826871,769,0.5666666666666667,0.3833333333333333,0.4,0.26666666666666666,0.5,0.0032173633575439454,0.0013717174530029296
0.5,0.00359381,0.5,5,0.4733333333333333,0.07118052168020875,609,0.5,0.5333333333333333,0.5,0.3333333333333333,0.5,0.003203010559082031,0.0013659000396728516
0.5,0.00359381,0.5,10,0.45,0.0632455532033676,657,0.48333333333333334,0.43333333333333335,0.5,0.3333333333333333,0.5,0.0033140659332275392,0.0013789653778076172
0.5,0.00359381,0.5,20,0.4966666666666667,0.022110831935702662,561,0.48333333333333334,0.5333333333333333,0.5,0.4666666666666667,0.5,0.00318450927734375,0.0013852119445800781
0.5,0.00359381,0.5,50,0.42333333333333334,0.10306416555826871,769,0.5666666666666667,0.3833333333333333,0.4,0.26666666666666666,0.5,0.0032208442687988283,0.0013697147369384766
0.5,0.00359381,0.7,5,0.4733333333333333,0.07118052168020875,609,0.5,0.5333333333333333,0.5,0.3333333333333333,0.5,0.0031864166259765623,0.0013802528381347656
0.5,0.00359381,0.7,10,0.45,0.0632455532033676,657,0.48333333333333334,0.43333333333333335,0.5,0.3333333333333333,0.5,0.0032488822937011717,0.0014440059661865235
0.5,0.00359381,0.7,20,0.4966666666666667,0.022110831935702662,561,0.48333333333333334,0.5333333333333333,0.5,0.4666666666666667,0.5,0.0031745433807373047,0.0013766765594482421
0.5,0.00359381,0.7,50,0.42333333333333334,0.10306416555826871,769,0.5666666666666667,0.3833333333333333,0.4,0.26666666666666666,0.5,0.0032186508178710938,0.0013659477233886718
0.5,0.00359381,0.9,5,0.4733333333333333,0.07118052168020875,609,0.5,0.5333333333333333,0.5,0.3333333333333333,0.5,0.0031879425048828127,0.001371288299560547
0.5,0.00359381,0.9,10,0.45,0.0632455532033676,657,0.48333333333333334,0.43333333333333335,0.5,0.3333333333333333,0.5,0.003325080871582031,0.0013721942901611327
0.5,0.00359381,0.9,20,0.4966666666666667,0.022110831935702662,561,0.48333333333333334,0.5333333333333333,0.5,0.4666666666666667,0.5,0.0032038211822509764,0.0013576030731201171
0.5,0.00359381,0.9,50,0.42333333333333334,0.10306416555826871,769,0.5666666666666667,0.3833333333333333,0.4,0.26666666666666666,0.5,0.003223705291748047,0.0013573646545410156
0.5,0.0129155,0.1,5,0.6133333333333334,0.03559026084010435,429,0.6333333333333333,0.65,0.55,0.6333333333333333,0.6,0.012381267547607423,0.001385498046875
0.5,0.0129155,0.1,10,0.6699999999999999,0.09451631252505213,270,0.55,0.8333333333333333,0.6333333333333333,0.6333333333333333,0.7,0.012411880493164062,0.0014419078826904297
0.5,0.0129155,0.1,20,0.6699999999999999,0.07102425250887504,270,0.55,0.75,0.7166666666666667,0.6333333333333333,0.7,0.012395715713500977,0.0013670921325683594
0.5,0.0129155,0.1,50,0.7300000000000001,0.07916228058025278,67,0.65,0.8333333333333333,0.7333333333333334,0.6333333333333333,0.8,0.012458896636962891,0.0013749122619628907
0.5,0.0129155,0.3,5,0.4733333333333333,0.07118052168020875,609,0.5,0.5333333333333333,0.5,0.3333333333333333,0.5,0.0037482261657714845,0.001370382308959961
0.5,0.0129155,0.3,10,0.45,0.0632455532033676,657,0.48333333333333334,0.43333333333333335,0.5,0.3333333333333333,0.5,0.003759908676147461,0.0013866424560546875
0.5,0.0129155,0.3,20,0.4966666666666667,0.022110831935702662,561,0.48333333333333334,0.5333333333333333,0.5,0.4666666666666667,0.5,0.0038346767425537108,0.001386260986328125
0.5,0.0129155,0.3,50,0.42333333333333334,0.10306416555826871,769,0.5666666666666667,0.3833333333333333,0.4,0.26666666666666666,0.5,0.0037795543670654298,0.0013917446136474609
0.5,0.0129155,0.5,5,0.4733333333333333,0.07118052168020875,609,0.5,0.5333333333333333,0.5,0.3333333333333333,0.5,0.003557300567626953,0.001374053955078125
0.5,0.0129155,0.5,10,0.45,0.0632455532033676,657,0.48333333333333334,0.43333333333333335,0.5,0.3333333333333333,0.5,0.0036500930786132813,0.0013768196105957032
0.5,0.0129155,0.5,20,0.4966666666666667,0.022110831935702662,561,0.48333333333333334,0.5333333333333333,0.5,0.4666666666666667,0.5,0.0035440921783447266,0.0013788700103759765
0.5,0.0129155,0.5,50,0.42333333333333334,0.10306416555826871,769,0.5666666666666667,0.3833333333333333,0.4,0.26666666666666666,0.5,0.0035887241363525392,0.0013625621795654297
0.5,0.0129155,0.7,5,0.4733333333333333,0.07118052168020875,609,0.5,0.5333333333333333,0.5,0.3333333333333333,0.5,0.0031730175018310548,0.0013800621032714843
0.5,0.0129155,0.7,10,0.45,0.0632455532033676,657,0.48333333333333334,0.43333333333333335,0.5,0.3333333333333333,0.5,0.0033329010009765627,0.0013926029205322266
0.5,0.0129155,0.7,20,0.4966666666666667,0.022110831935702662,561,0.48333333333333334,0.5333333333333333,0.5,0.4666666666666667,0.5,0.003198051452636719,0.001367473602294922
0.5,0.0129155,0.7,50,0.42333333333333334,0.10306416555826871,769,0.5666666666666667,0.3833333333333333,0.4,0.26666666666666666,0.5,0.003225088119506836,0.0013839244842529298
0.5,0.0129155,0.9,5,0.4733333333333333,0.07118052168020875,609,0.5,0.5333333333333333,0.5,0.3333333333333333,0.5,0.003185081481933594,0.0013797760009765625
0.5,0.0129155,0.9,10,0.45,0.0632455532033676,657,0.48333333333333334,0.43333333333333335,0.5,0.3333333333333333,0.5,0.0032404422760009765,0.0014500617980957031
0.5,0.0129155,0.9,20,0.4966666666666667,0.022110831935702662,561,0.48333333333333334,0.5333333333333333,0.5,0.4666666666666667,0.5,0.003212165832519531,0.0013776302337646484
0.5,0.0129155,0.9,50,0.42333333333333334,0.10306416555826871,769,0.5666666666666667,0.3833333333333333,0.4,0.26666666666666666,0.5,0.0032262802124023438,0.0013848304748535155
0.5,0.0464159,0.1,5,0.6799999999999999,0.054160256030906434,228,0.7,0.7333333333333334,0.6333333333333333,0.7333333333333334,0.6,0.023776435852050783,0.001408863067626953
0.5,0.0464159,0.1,10,0.6666666666666666,0.07378647873726218,285,0.7,0.75,0.5333333333333333,0.65,0.7,0.023810291290283205,0.0014082908630371094
0.5,0.0464159,0.1,20,0.6900000000000001,0.08856886837057615,158,0.7166666666666667,0.75,0.6333333333333333,0.55,0.8,0.023756742477416992,0.0013890743255615234
0.5,0.0464159,0.1,50,0.6733333333333332,0.08981462390204988,247,0.55,0.75,0.6333333333333333,0.6333333333333333,0.8,0.02373356819152832,0.0014526844024658203
0.5,0.0464159,0.3,5,0.63,0.06000000000000001,380,0.55,0.7333333333333334,0.6333333333333333,0.6333333333333333,0.6,0.023821353912353516,0.0013930320739746094
0.5,0.0464159,0.3,10,0.7066666666666667,0.07039570693980957,101,0.6333333333333333,0.8333333333333333,0.7166666666666667,0.65,0.7,0.023813915252685548,0.0013872623443603516
0.5,0.0464159,0.3,20,0.6733333333333332,0.030912061651652348,247,0.6333333333333333,0.6666666666666666,0.7166666666666667,0.65,0.7,0.023774433135986327,0.001389455795288086
0.5,0.0464159,0.3,50,0.71,0.1083205120618128,90,0.65,0.8333333333333333,0.7333333333333334,0.5333333333333333,0.8,0.023761749267578125,0.0014059066772460938
0.5,0.0464159,0.5,5,0.6433333333333333,0.10198039027185568,352,0.65,0.8333333333333333,0.5333333333333333,0.6,0.6,0.018941450119018554,0.001381063461303711
0.5,0.0464159,0.5,10,0.6900000000000001,0.06463573143221774,158,0.5666666666666667,0.75,0.7333333333333334,0.7,0.7,0.018959236145019532,0.0013760089874267577
0.5,0.0464159,0.5,20,0.6799999999999999,0.1309792180292567,228,0.5666666666666667,0.6666666666666666,0.7333333333333334,0.5333333333333333,0.9,0.018937444686889647,0.0013855457305908202
0.5,0.0464159,0.5,50,0.7533333333333332,0.11803954139750514,34,0.7333333333333334,0.8333333333333333,0.75,0.55,0.9,0.01892118453979492,0.001405620574951172
0.5,0.0464159,0.7,5,0.4733333333333333,0.07118052168020875,609,0.5,0.5333333333333333,0.5,0.3333333333333333,0.5,0.004109764099121093,0.0013840198516845703
0.5,0.0464159,0.7,10,0.45,0.0632455532033676,657,0.48333333333333334,0.43333333333333335,0.5,0.3333333333333333,0.5,0.00416712760925293,0.001386404037475586
0.5,0.0464159,0.7,20,0.4966666666666667,0.022110831935702662,561,0.48333333333333334,0.5333333333333333,0.5,0.4666666666666667,0.5,0.004096364974975586,0.0013791561126708985
0.5,0.0464159,0.7,50,0.42333333333333334,0.10306416555826871,769,0.5666666666666667,0.3833333333333333,0.4,0.26666666666666666,0.5,0.0041805744171142575,0.001394796371459961
0.5,0.0464159,0.9,5,0.4733333333333333,0.07118052168020875,609,0.5,0.5333333333333333,0.5,0.3333333333333333,0.5,0.004039478302001953,0.0013869285583496093
0.5,0.0464159,0.9,10,0.45,0.0632455532033676,657,0.48333333333333334,0.43333333333333335,0.5,0.3333333333333333,0.5,0.004047012329101563,0.0013799190521240235
0.5,0.0464159,0.9,20,0.4966666666666667,0.022110831935702662,561,0.48333333333333334,0.5333333333333333,0.5,0.4666666666666667,0.5,0.004069709777832031,0.001381683349609375
0.5,0.0464159,0.9,50,0.42333333333333334,0.10306416555826871,769,0.5666666666666667,0.3833333333333333,0.4,0.26666666666666666,0.5,0.00405268669128418,0.0013955116271972656
0.5,0.16681,0.1,5,0.7,0.10954451150103321,141,0.8,0.65,0.7166666666666667,0.8166666666666667,0.5166666666666667,0.05572977066040039,0.0014008522033691407
0.5,0.16681,0.1,10,0.6733333333333333,0.05011098792790971,243,0.6333333333333333,0.75,0.6333333333333333,0.6333333333333333,0.7166666666666667,0.05574078559875488,0.0013907432556152343
0.5,0.16681,0.1,20,0.6533333333333334,0.08259674462242578,306,0.8,0.6666666666666666,0.6333333333333333,0.55,0.6166666666666667,0.05569334030151367,0.001409769058227539
0.5,0.16681,0.1,50,0.7066666666666667,0.13274871834493254,101,0.6333333333333333,0.9166666666666667,0.6333333333333333,0.55,0.8,0.055702733993530276,0.0013879776000976563
0.5,0.16681,0.3,5,0.6333333333333333,0.06912147117775908,372,0.65,0.7333333333333334,0.6333333333333333,0.6333333333333333,0.5166666666666667,0.06070723533630371,0.0014029979705810548
0.5,0.16681,0.3,10,0.6866666666666668,0.04642796092394708,198,0.7166666666666667,0.75,0.6333333333333333,0.6333333333333333,0.7,0.06068477630615234,0.0014042377471923829
0.5,0.16681,0.3,20,0.74,0.10252370999486464,52,0.8,0.8333333333333333,0.7166666666666667,0.55,0.8,0.060692358016967776,0.0014014720916748046
0.5,0.16681,0.3,50,0.6900000000000001,0.13148721948877345,158,0.4666666666666667,0.8333333333333333,0.7166666666666667,0.6333333333333333,0.8,0.06073737144470215,0.0014054298400878907
0.5,0.16681,0.5,5,0.63,0.11274356350191837,380,0.5333333333333333,0.8333333333333333,0.6333333333333333,0.6333333333333333,0.5166666666666667,0.06170444488525391,0.0013968944549560547
0.5,0.16681,0.5,10,0.6333333333333333,0.06582805886043833,372,0.55,0.75,0.6333333333333333,0.6333333333333333,0.6,0.06179895401000977,0.0014011859893798828
0.5,0.16681,0.5,20,0.74,0.12000000000000002,52,0.7166666666666667,0.9166666666666667,0.7166666666666667,0.55,0.8,0.06151895523071289,0.00140533447265625
0.5,0.16681,0.5,50,0.7633333333333333,0.12174654911833116,23,0.7333333333333334,0.9166666666666667,0.8166666666666667,0.55,0.8,0.06173152923583984,0.0014057636260986328
0.5,0.16681,0.7,5,0.7,0.0816496580927726,141,0.7,0.8333333333333333,0.7333333333333334,0.6333333333333333,0.6,0.06291790008544922,0.001397705078125
0.5,0.16681,0.7,10,0.7,0.0966091783079296,141,0.8,0.8333333333333333,0.6333333333333333,0.6333333333333333,0.6,0.06337275505065917,0.001387643814086914
0.5,0.16681,0.7,20,0.6699999999999999,0.07102425250887504,270,0.55,0.75,0.7166666666666667,0.6333333333333333,0.7,0.06336212158203125,0.0013928413391113281
0.5,0.16681,0.7,50,0.6933333333333334,0.13686976778431872,150,0.65,0.8333333333333333,0.7333333333333334,0.45,0.8,0.06351442337036133,0.0014093399047851562
0.5,0.16681,0.9,5,0.7,0.0966091783079296,141,0.8,0.8333333333333333,0.6333333333333333,0.6333333333333333,0.6,0.05314350128173828,0.0013972759246826173
0.5,0.16681,0.9,10,0.67,0.09854496999396321,260,0.6333333333333333,0.75,0.8166666666666667,0.55,0.6,0.05280423164367676,0.0013838768005371093
0.5,0.16681,0.9,20,0.6499999999999999,0.09428090415820634,340,0.6333333333333333,0.6666666666666666,0.8166666666666667,0.5333333333333333,0.6,0.05280814170837402,0.0013938426971435546
0.5,0.16681,0.9,50,0.6766666666666667,0.12092238098144704,231,0.7333333333333334,0.6666666666666666,0.7333333333333334,0.45,0.8,0.05289568901062012,0.0014481067657470704
0.5,0.599484,0.1,5,0.6033333333333333,0.07180219742846006,469,0.6,0.5666666666666667,0.7166666666666667,0.6333333333333333,0.5,0.125992488861084,0.0014158725738525391
0.5,0.599484,0.1,10,0.6733333333333332,0.06463573143221775,247,0.6333333333333333,0.6666666666666666,0.6333333333333333,0.6333333333333333,0.8,0.12589783668518068,0.0014254093170166016
0.5,0.599484,0.1,20,0.6533333333333333,0.02666666666666666,308,0.6333333333333333,0.6666666666666666,0.6333333333333333,0.6333333333333333,0.7,0.12614068984985352,0.0014501571655273437
0.5,0.599484,0.1,50,0.6900000000000001,0.07118052168020877,158,0.6333333333333333,0.75,0.6333333333333333,0.6333333333333333,0.8,0.1260913848876953,0.0014535903930664063
0.5,0.599484,0.3,5,0.6666666666666667,0.0960324019392529,278,0.8,0.65,0.6333333333333333,0.7333333333333334,0.5166666666666667,0.15315284729003906,0.0014498233795166016
0.5,0.599484,0.3,10,0.67,0.053124591501697425,260,0.7166666666666667,0.75,0.6333333333333333,0.6333333333333333,0.6166666666666667,0.15297203063964843,0.0014617443084716797
0.5,0.599484,0.3,20,0.6533333333333333,0.02666666666666666,308,0.6333333333333333,0.6666666666666666,0.6333333333333333,0.6333333333333333,0.7,0.15326080322265626,0.0014557361602783204
0.5,0.599484,0.3,50,0.7433333333333334,0.09043106644167025,45,0.6333333333333333,0.8333333333333333,0.8166666666666667,0.6333333333333333,0.8,0.15289130210876464,0.001460695266723633
0.5,0.599484,0.5,5,0.6366666666666667,0.08124038404635961,358,0.7166666666666667,0.5833333333333334,0.6333333333333333,0.7333333333333334,0.5166666666666667,0.1685494899749756,0.001441812515258789
0.5,0.599484,0.5,10,0.6866666666666668,0.04642796092394708,198,0.7166666666666667,0.75,0.6333333333333333,0.6333333333333333,0.7,0.16680564880371093,0.0014538764953613281
0.5,0.599484,0.5,20,0.7266666666666668,0.07930251502246882,71,0.6333333333333333,0.75,0.8166666666666667,0.6333333333333333,0.8,0.1669760227203369,0.001453065872192383
0.5,0.599484,0.5,50,0.7233333333333333,0.13021349989749742,87,0.55,0.9166666666666667,0.8166666666666667,0.6333333333333333,0.7,0.1667649745941162,0.0014586925506591796
0.5,0.599484,0.7,5,0.5599999999999999,0.0429469957557504,523,0.5333333333333333,0.5833333333333334,0.6333333333333333,0.5333333333333333,0.5166666666666667,0.17745366096496581,0.001472330093383789
0.5,0.599484,0.7,10,0.6699999999999999,0.0339934634239519,270,0.7166666666666667,0.6666666666666666,0.6333333333333333,0.6333333333333333,0.7,0.177567720413208,0.001465749740600586
0.5,0.599484,0.7,20,0.7066666666666667,0.09921917377424812,101,0.8,0.75,0.6333333333333333,0.55,0.8,0.17787714004516603,0.0014743328094482422
0.5,0.599484,0.7,50,0.7633333333333333,0.12174654911833116,23,0.8166666666666667,0.9166666666666667,0.7333333333333334,0.55,0.8,0.17772536277770995,0.0014576435089111329
0.5,0.599484,0.9,5,0.5733333333333334,0.0563717817509592,506,0.5333333333333333,0.65,0.6333333333333333,0.5333333333333333,0.5166666666666667,0.15705137252807616,0.0014441967010498046
0.5,0.599484,0.9,10,0.6666666666666667,0.05676462121975468,278,0.7166666666666667,0.75,0.6333333333333333,0.6333333333333333,0.6,0.15751409530639648,0.0014480113983154296
0.5,0.599484,0.9,20,0.6900000000000001,0.08856886837057615,158,0.7166666666666667,0.75,0.6333333333333333,0.55,0.8,0.1573794364929199,0.0014505386352539062
0.5,0.599484,0.9,50,0.7633333333333333,0.12174654911833116,23,0.8166666666666667,0.9166666666666667,0.7333333333333334,0.55,0.8,0.1572282314300537,0.0014721870422363282
0.5,2.15443,0.1,5,0.5833333333333333,0.04714045207910316,503,0.6,0.5666666666666667,0.6166666666666667,0.6333333333333333,0.5,0.24831972122192383,0.0014819622039794922
0.5,2.15443,0.1,10,0.5933333333333334,0.11953614051360738,480,0.7166666666666667,0.65,0.6333333333333333,0.3666666666666667,0.6,0.24849724769592285,0.0015006542205810546
0.5,2.15443,0.1,20,0.6533333333333333,0.04521553322083515,308,0.6333333333333333,0.6666666666666666,0.7333333333333334,0.6333333333333333,0.6,0.2480290412902832,0.0015060901641845703
0.5,2.15443,0.1,50,0.6733333333333335,0.08339997335464537,234,0.55,0.6666666666666666,0.7166666666666667,0.6333333333333333,0.8,0.24791579246520995,0.0015182018280029297
0.5,2.15443,0.3,5,0.63,0.09568466729604883,380,0.8,0.5666666666666667,0.6333333333333333,0.6333333333333333,0.5166666666666667,0.2986422061920166,0.0015255928039550782
0.5,2.15443,0.3,10,0.6866666666666668,0.04642796092394708,198,0.7166666666666667,0.75,0.6333333333333333,0.6333333333333333,0.7,0.29922804832458494,0.001519489288330078
0.5,2.15443,0.3,20,0.6166666666666666,0.06497862896539307,426,0.5333333333333333,0.6666666666666666,0.6333333333333333,0.55,0.7,0.2988471984863281,0.0015158653259277344
0.5,2.15443,0.3,50,0.6900000000000001,0.09225568335398697,158,0.55,0.75,0.8166666666666667,0.6333333333333333,0.7,0.29864211082458497,0.001523447036743164
0.5,2.15443,0.5,5,0.6466666666666667,0.11025223605694154,341,0.8,0.65,0.5333333333333333,0.7333333333333334,0.5166666666666667,0.35677533149719237,0.0015116691589355468
0.5,2.15443,0.5,10,0.7066666666666667,0.0703957069398096,101,0.8166666666666667,0.75,0.6333333333333333,0.6333333333333333,0.7,0.35729494094848635,0.0015239715576171875
0.5,2.15443,0.5,20,0.6366666666666667,0.04988876515698585,358,0.6333333333333333,0.6666666666666666,0.6333333333333333,0.55,0.7,0.356756591796875,0.0015283584594726562
0.5,2.15443,0.5,50,0.7066666666666667,0.0703957069398096,101,0.6333333333333333,0.75,0.8166666666666667,0.6333333333333333,0.7,0.35675368309020994,0.0015244483947753906
0.5,2.15443,0.7,5,0.63,0.09030811456096045,380,0.7166666666666667,0.65,0.5333333333333333,0.7333333333333334,0.5166666666666667,0.40190877914428713,0.001527118682861328
0.5,2.15443,0.7,10,0.6900000000000001,0.048989794855663585,158,0.7333333333333334,0.75,0.6333333333333333,0.6333333333333333,0.7,0.4015654563903809,0.0015133857727050782
0.5,2.15443,0.7,20,0.6533333333333333,0.04876246279442596,308,0.7166666666666667,0.5833333333333334,0.6333333333333333,0.6333333333333333,0.7,0.40152735710144044,0.00153656005859375
0.5,2.15443,0.7,50,0.6599999999999999,0.15584892970081282,300,0.3833333333333333,0.6666666666666666,0.8166666666666667,0.6333333333333333,0.8,0.4015031337738037,0.001531076431274414
0.5,2.15443,0.9,5,0.61,0.07498147919467994,438,0.7166666666666667,0.65,0.5333333333333333,0.6333333333333333,0.5166666666666667,0.43101038932800295,0.0016001224517822265
0.5,2.15443,0.9,10,0.65,0.07302967433402215,331,0.6333333333333333,0.75,0.6333333333333333,0.5333333333333333,0.7,0.43095054626464846,0.0015261173248291016
0.5,2.15443,0.9,20,0.67,0.04988876515698591,260,0.7166666666666667,0.6666666666666666,0.7333333333333334,0.6333333333333333,0.6,0.43154444694519045,0.001641988754272461
0.5,2.15443,0.9,50,0.7299999999999999,0.09510228411791402,70,0.8166666666666667,0.75,0.7333333333333334,0.55,0.8,0.43129873275756836,0.001537656784057617
0.5,7.74264,0.1,5,0.5599999999999999,0.04294699575575042,523,0.6,0.55,0.6166666666666667,0.5333333333333333,0.5,0.30013232231140136,0.0015141487121582032
0.5,7.74264,0.1,10,0.5366666666666667,0.11709445380166865,548,0.45,0.65,0.6333333333333333,0.35,0.6,0.30022416114807127,0.0015310287475585938
0.5,7.74264,0.1,20,0.6333333333333333,0.02108185106778919,372,0.6333333333333333,0.6666666666666666,0.6333333333333333,0.6333333333333333,0.6,0.3001401901245117,0.001623821258544922
0.5,7.74264,0.1,50,0.6900000000000001,0.06289320754704406,158,0.6333333333333333,0.6666666666666666,0.7166666666666667,0.6333333333333333,0.8,0.3033848762512207,0.0015387535095214844
0.5,7.74264,0.3,5,0.6033333333333333,0.07180219742846006,469,0.6,0.5666666666666667,0.7166666666666667,0.6333333333333333,0.5,0.464054012298584,0.001536989212036133
0.5,7.74264,0.3,10,0.65,0.08096638534327412,331,0.7166666666666667,0.75,0.6333333333333333,0.6333333333333333,0.5166666666666667,0.4650867938995361,0.0015355587005615235
0.5,7.74264,0.3,20,0.6366666666666667,0.08055363982396381,358,0.5333333333333333,0.6666666666666666,0.7333333333333334,0.55,0.7,0.4645864009857178,0.001538848876953125
0.5,7.74264,0.3,50,0.6533333333333333,0.06782329983125267,308,0.55,0.75,0.6333333333333333,0.6333333333333333,0.7,0.4640490055084229,0.0015465736389160157
0.5,7.74264,0.5,5,0.5866666666666667,0.0413655788199695,498,0.6,0.5666666666666667,0.6166666666666667,0.6333333333333333,0.5166666666666667,0.552835750579834,0.0015446662902832032
0.5,7.74264,0.5,10,0.6866666666666668,0.04642796092394708,198,0.7166666666666667,0.75,0.6333333333333333,0.6333333333333333,0.7,0.5556316375732422,0.00155181884765625
0.5,7.74264,0.5,20,0.6533333333333333,0.05906681715556448,308,0.7166666666666667,0.6666666666666666,0.6333333333333333,0.55,0.7,0.5543100357055664,0.0015592575073242188
0.5,7.74264,0.5,50,0.6533333333333333,0.06782329983125267,308,0.55,0.75,0.6333333333333333,0.6333333333333333,0.7,0.5528218746185303,0.0015597343444824219
0.5,7.74264,0.7,5,0.63,0.10187137859957415,380,0.8166666666666667,0.5666666666666667,0.6166666666666667,0.6333333333333333,0.5166666666666667,0.6168325901031494,0.001544046401977539
0.5,7.74264,0.7,10,0.7066666666666667,0.04027681991198192,101,0.7166666666666667,0.75,0.7333333333333334,0.6333333333333333,0.7,0.6177893161773682,0.00155029296875
0.5,7.74264,0.7,20,0.6533333333333333,0.05906681715556448,308,0.7166666666666667,0.6666666666666666,0.6333333333333333,0.55,0.7,0.6185272693634033,0.0015470027923583985
0.5,7.74264,0.7,50,0.6900000000000001,0.09225568335398697,158,0.55,0.75,0.8166666666666667,0.6333333333333333,0.7,0.6156626224517823,0.0015611648559570312
0.5,7.74264,0.9,5,0.65,0.11498792207106893,331,0.8166666666666667,0.65,0.5333333333333333,0.7333333333333334,0.5166666666666667,0.7209963321685791,0.0015537738800048828
0.5,7.74264,0.9,10,0.7066666666666667,0.0946337971105226,101,0.8166666666666667,0.75,0.7333333333333334,0.5333333333333333,0.7,0.7223666191101075,0.0015551090240478516
0.5,7.74264,0.9,20,0.6533333333333333,0.02666666666666666,308,0.6333333333333333,0.6666666666666666,0.6333333333333333,0.6333333333333333,0.7,0.7214218616485596,0.001557159423828125
0.5,7.74264,0.9,50,0.6566666666666666,0.17016332024133624,301,0.3833333333333333,0.8333333333333333,0.8166666666666667,0.55,0.7,0.7217248439788818,0.0015759944915771484
0.5,27.8256,0.1,5,0.6233333333333333,0.10143416036468625,411,0.8166666666666667,0.55,0.6166666666666667,0.5333333333333333,0.6,0.3210714817047119,0.00152587890625
0.5,27.8256,0.1,10,0.5333333333333334,0.09128709291752768,550,0.45,0.65,0.6333333333333333,0.43333333333333335,0.5,0.32091245651245115,0.0015421867370605468
0.5,27.8256,0.1,20,0.5933333333333334,0.05333333333333332,480,0.5333333333333333,0.6666666666666666,0.6333333333333333,0.5333333333333333,0.6,0.3218845367431641,0.0016436576843261719
0.5,27.8256,0.1,50,0.6700000000000002,0.06271629240742257,255,0.7166666666666667,0.6666666666666666,0.7166666666666667,0.55,0.7,0.3210629940032959,0.0015445232391357421
0.5,27.8256,0.3,5,0.5266666666666666,0.06018490028422596,559,0.43333333333333335,0.55,0.6166666666666667,0.5333333333333333,0.5,0.41362900733947755,0.0015569686889648437
0.5,27.8256,0.3,10,0.5366666666666667,0.11709445380166865,548,0.45,0.65,0.6333333333333333,0.35,0.6,0.4141120433807373,0.0015531539916992187
0.5,27.8256,0.3,20,0.63,0.07023769168568493,380,0.6333333333333333,0.75,0.6333333333333333,0.5333333333333333,0.6,0.41412577629089353,0.001540231704711914
0.5,27.8256,0.3,50,0.6699999999999999,0.0339934634239519,270,0.6333333333333333,0.6666666666666666,0.7166666666666667,0.6333333333333333,0.7,0.413844633102417,0.001550769805908203
0.5,27.8256,0.5,5,0.5833333333333333,0.04714045207910316,503,0.6,0.5666666666666667,0.6166666666666667,0.6333333333333333,0.5,0.557222318649292,0.0015505313873291015
0.5,27.8256,0.5,10,0.5900000000000001,0.14321700705960558,493,0.5333333333333333,0.75,0.7166666666666667,0.35,0.6,0.5575387001037597,0.0015547752380371093
0.5,27.8256,0.5,20,0.6133333333333334,0.04521553322083511,429,0.5333333333333333,0.6666666666666666,0.6333333333333333,0.6333333333333333,0.6,0.5574731826782227,0.001562213897705078
0.5,27.8256,0.5,50,0.6566666666666666,0.08137703743822469,301,0.55,0.6666666666666666,0.6333333333333333,0.6333333333333333,0.8,0.5585902214050293,0.0015672206878662109
0.5,27.8256,0.7,5,0.5833333333333333,0.04714045207910316,503,0.6,0.5666666666666667,0.6166666666666667,0.6333333333333333,0.5,0.6365946292877197,0.0015491485595703126
0.5,27.8256,0.7,10,0.5966666666666667,0.1403962645910179,478,0.7166666666666667,0.75,0.6333333333333333,0.3666666666666667,0.5166666666666667,0.6376708030700684,0.0015410423278808595
0.5,27.8256,0.7,20,0.5966666666666667,0.04988876515698586,478,0.5333333333333333,0.6666666666666666,0.6333333333333333,0.55,0.6,0.636495304107666,0.0015454769134521484
0.5,27.8256,0.7,50,0.6366666666666667,0.04988876515698585,358,0.55,0.6666666666666666,0.6333333333333333,0.6333333333333333,0.7,0.6367598533630371,0.0015637874603271484
0.5,27.8256,0.9,5,0.5866666666666667,0.0413655788199695,498,0.6,0.5666666666666667,0.6166666666666667,0.6333333333333333,0.5166666666666667,0.7587826728820801,0.001543426513671875
0.5,27.8256,0.9,10,0.65,0.08096638534327412,331,0.7166666666666667,0.75,0.6333333333333333,0.6333333333333333,0.5166666666666667,0.7564808368682862,0.0015480518341064453
0.5,27.8256,0.9,20,0.6166666666666666,0.06497862896539307,426,0.5333333333333333,0.6666666666666666,0.6333333333333333,0.55,0.7,0.7574314594268798,0.0015503406524658204
0.5,27.8256,0.9,50,0.6533333333333333,0.06782329983125267,308,0.55,0.75,0.6333333333333333,0.6333333333333333,0.7,0.7560458183288574,0.0015704631805419922
0.5,100.0,0.1,5,0.6233333333333333,0.10143416036468625,411,0.8166666666666667,0.55,0.6166666666666667,0.5333333333333333,0.6,0.3743303298950195,0.001512765884399414
0.5,100.0,0.1,10,0.5166666666666666,0.07453559924999298,560,0.45,0.5666666666666667,0.6333333333333333,0.43333333333333335,0.5,0.37464599609375,0.001547527313232422
0.5,100.0,0.1,20,0.5933333333333334,0.05333333333333332,480,0.5333333333333333,0.6666666666666666,0.6333333333333333,0.5333333333333333,0.6,0.3733546733856201,0.0015225410461425781
0.5,100.0,0.1,50,0.6533333333333333,0.05906681715556448,308,0.7166666666666667,0.6666666666666666,0.6333333333333333,0.55,0.7,0.37530016899108887,0.00159759521484375
0.5,100.0,0.3,5,0.6233333333333333,0.10143416036468625,411,0.8166666666666667,0.55,0.6166666666666667,0.5333333333333333,0.6,0.38317050933837893,0.0015227794647216797
0.5,100.0,0.3,10,0.5333333333333334,0.09128709291752768,550,0.45,0.65,0.6333333333333333,0.43333333333333335,0.5,0.3836728572845459,0.0017490863800048828
0.5,100.0,0.3,20,0.5933333333333334,0.05333333333333332,480,0.5333333333333333,0.6666666666666666,0.6333333333333333,0.5333333333333333,0.6,0.383089017868042,0.0015273094177246094
0.5,100.0,0.3,50,0.6533333333333333,0.05906681715556448,308,0.7166666666666667,0.6666666666666666,0.6333333333333333,0.55,0.7,0.3824277877807617,0.0015332698822021484
0.5,100.0,0.5,5,0.6233333333333333,0.10143416036468625,411,0.8166666666666667,0.55,0.6166666666666667,0.5333333333333333,0.6,0.40141973495483396,0.0015254020690917969
0.5,100.0,0.5,10,0.5333333333333334,0.09128709291752768,550,0.45,0.65,0.6333333333333333,0.43333333333333335,0.5,0.4029649257659912,0.001533174514770508
0.5,100.0,0.5,20,0.5933333333333334,0.05333333333333332,480,0.5333333333333333,0.6666666666666666,0.6333333333333333,0.5333333333333333,0.6,0.4015661716461182,0.0015428543090820312
0.5,100.0,0.5,50,0.6700000000000002,0.06271629240742257,255,0.7166666666666667,0.6666666666666666,0.7166666666666667,0.55,0.7,0.4015085220336914,0.0015456199645996094
0.5,100.0,0.7,5,0.6033333333333333,0.11323525167642019,469,0.8166666666666667,0.55,0.6166666666666667,0.5333333333333333,0.5,0.4281284332275391,0.0015552043914794922
0.5,100.0,0.7,10,0.5733333333333334,0.11575836902790228,506,0.45,0.65,0.7333333333333334,0.43333333333333335,0.6,0.4303110122680664,0.0015421390533447265
0.5,100.0,0.7,20,0.6133333333333333,0.04521553322083511,431,0.6333333333333333,0.6666666666666666,0.6333333333333333,0.5333333333333333,0.6,0.4306207180023193,0.0015463829040527344
0.5,100.0,0.7,50,0.6533333333333333,0.05906681715556448,308,0.6333333333333333,0.6666666666666666,0.7166666666666667,0.55,0.7,0.42861571311950686,0.0015535354614257812
0.5,100.0,0.9,5,0.6033333333333333,0.11323525167642019,469,0.8166666666666667,0.55,0.6166666666666667,0.5333333333333333,0.5,0.46428589820861815,0.0015415191650390626
0.5,100.0,0.9,10,0.5733333333333334,0.07348469228349534,506,0.45,0.65,0.6333333333333333,0.5333333333333333,0.6,0.4642244815826416,0.0015439033508300782
0.5,100.0,0.9,20,0.63,0.07023769168568493,380,0.6333333333333333,0.75,0.6333333333333333,0.5333333333333333,0.6,0.4635012626647949,0.00153656005859375
0.5,100.0,0.9,50,0.6699999999999999,0.0339934634239519,270,0.6333333333333333,0.6666666666666666,0.7166666666666667,0.6333333333333333,0.7,0.46288042068481444,0.0015599250793457032
