param_clf__max_features,param_clf__min_samples_leaf,param_selector__C,param_selector__l1_ratio,param_selector__top_k,mean_test_score,std_test_score,rank_test_score,split0_test_score,split1_test_score,split2_test_score,split3_test_score,split4_test_score,mean_fit_time,mean_score_time
sqrt,1,0.001,0.1,5,0.6533333333333333,0.04396968652757641,571,0.7333333333333334,0.6333333333333333,0.6166666666666667,0.6166666666666667,0.6666666666666666,0.4824787139892578,0.02094240188598633
sqrt,1,0.001,0.1,10,0.7033333333333334,0.07483314773547886,465,0.7333333333333334,0.6333333333333333,0.8,0.6,0.75,0.48381638526916504,0.021038007736206055
sqrt,1,0.001,0.1,20,0.5966666666666667,0.09510228411791405,672,0.7333333333333334,0.65,0.6166666666666667,0.5166666666666667,0.4666666666666667,0.4950726985931396,0.021220922470092773
sqrt,1,0.001,0.1,50,0.5266666666666667,0.08205689083394113,769,0.6333333333333333,0.4666666666666667,0.6166666666666667,0.43333333333333335,0.48333333333333334,0.4990374088287354,0.02127833366394043
sqrt,1,0.001,0.3,5,0.6533333333333333,0.04396968652757641,571,0.7333333333333334,0.6333333333333333,0.6166666666666667,0.6166666666666667,0.6666666666666666,0.48008904457092283,0.021668338775634767
sqrt,1,0.001,0.3,10,0.7033333333333334,0.07483314773547886,465,0.7333333333333334,0.6333333333333333,0.8,0.6,0.75,0.48331260681152344,0.021080160140991212
sqrt,1,0.001,0.3,20,0.5966666666666667,0.09510228411791405,672,0.7333333333333334,0.65,0.6166666666666667,0.5166666666666667,0.4666666666666667,0.49109601974487305,0.021356773376464844
sqrt,1,0.001,0.3,50,0.5266666666666667,0.08205689083394113,769,0.6333333333333333,0.4666666666666667,0.6166666666666667,0.43333333333333335,0.48333333333333334,0.49764189720153806,0.02126317024230957
sqrt,1,0.001,0.5,5,0.6533333333333333,0.04396968652757641,571,0.7333333333333334,0.6333333333333333,0.6166666666666667,0.6166666666666667,0.6666666666666666,0.48508458137512206,0.021309852600097656
sqrt,1,0.001,0.5,10,0.7033333333333334,0.07483314773547886,465,0.7333333333333334,0.6333333333333333,0.8,0.6,0.75,0.4874603748321533,0.02118368148803711
sqrt,1,0.001,0.5,20,0.5966666666666667,0.09510228411791405,672,0.7333333333333334,0.65,0.6166666666666667,0.5166666666666667,0.4666666666666667,0.49205584526062013,0.02113332748413086
sqrt,1,0.001,0.5,50,0.5266666666666667,0.08205689083394113,769,0.6333333333333333,0.4666666666666667,0.6166666666666667,0.43333333333333335,0.48333333333333334,0.4985038280487061,0.021409034729003906
sqrt,1,0.001,0.7,5,0.6533333333333333,0.04396968652757641,571,0.7333333333333334,0.6333333333333333,0.6166666666666667,0.6166666666666667,0.6666666666666666,0.48020596504211427,0.02138524055480957
sqrt,1,0.001,0.7,10,0.7033333333333334,0.07483314773547886,465,0.7333333333333334,0.6333333333333333,0.8,0.6,0.75,0.48288726806640625,0.02116398811340332
sqrt,1,0.001,0.7,20,0.5966666666666667,0.09510228411791405,672,0.7333333333333334,0.65,0.6166666666666667,0.5166666666666667,0.4666666666666667,0.4888960361480713,0.021166276931762696
sqrt,1,0.001,0.7,50,0.5266666666666667,0.08205689083394113,769,0.6333333333333333,0.4666666666666667,0.6166666666666667,0.43333333333333335,0.48333333333333334,0.4976826190948486,0.021571254730224608
sqrt,1,0.001,0.9,5,0.6533333333333333,0.04396968652757641,571,0.7333333333333334,0.6333333333333333,0.6166666666666667,0.6166666666666667,0.6666666666666666,0.47943434715270994,0.02154264450073242
sqrt,1,0.001,0.9,10,0.7033333333333334,0.07483314773547886,465,0.7333333333333334,0.6333333333333333,0.8,0.6,0.75,0.4823655605316162,0.021251869201660157
sqrt,1,0.001,0.9,20,0.5966666666666667,0.09510228411791405,672,0.7333333333333334,0.65,0.6166666666666667,0.5166666666666667,0.4666666666666667,0.4891670703887939,0.021051692962646484
sqrt,1,0.001,0.9,50,0.5266666666666667,0.08205689083394113,769,0.6333333333333333,0.4666666666666667,0.6166666666666667,0.43333333333333335,0.48333333333333334,0.49524517059326173,0.021500301361083985
sqrt,1,0.00359381,0.1,5,0.6533333333333333,0.04396968652757641,571,0.7333333333333334,0.6333333333333333,0.6166666666666667,0.6166666666666667,0.6666666666666666,0.48000874519348147,0.021285057067871094
sqrt,1,0.00359381,0.1,10,0.7033333333333334,0.07483314773547886,465,0.7333333333333334,0.6333333333333333,0.8,0.6,0.75,0.4833683490753174,0.021087026596069335
sqrt,1,0.00359381,0.1,20,0.5966666666666667,0.09510228411791405,672,0.7333333333333334,0.65,0.6166666666666667,0.5166666666666667,0.4666666666666667,0.4893181324005127,0.021226263046264647
sqrt,1,0.00359381,0.1,50,0.5266666666666667,0.08205689083394113,769,0.6333333333333333,0.4666666666666667,0.6166666666666667,0.43333333333333335,0.48333333333333334,0.49500179290771484,0.021119165420532226
sqrt,1,0.00359381,0.3,5,0.6533333333333333,0.04396968652757641,571,0.7333333333333334,0.6333333333333333,0.6166666666666667,0.6166666666666667,0.6666666666666666,0.4787646770477295,0.020959234237670897
sqrt,1,0.00359381,0.3,10,0.7033333333333334,0.07483314773547886,465,0.7333333333333334,0.6333333333333333,0.8,0.6,0.75,0.48468470573425293,0.02122950553894043
sqrt,1,0.00359381,0.3,20,0.5966666666666667,0.09510228411791405,672,0.7333333333333334,0.65,0.6166666666666667,0.5166666666666667,0.4666666666666667,0.49004311561584474,0.021196317672729493
sqrt,1,0.00359381,0.3,50,0.5266666666666667,0.08205689083394113,769,0.6333333333333333,0.4666666666666667,0.6166666666666667,0.43333333333333335,0.48333333333333334,0.4952150821685791,0.021066617965698243
sqrt,1,0.00359381,0.5,5,0.6533333333333333,0.04396968652757641,571,0.7333333333333334,0.6333333333333333,0.6166666666666667,0.6166666666666667,0.6666666666666666,0.47803149223327634,0.020925045013427734
sqrt,1,0.00359381,0.5,10,0.7033333333333334,0.07483314773547886,465,0.7333333333333334,0.6333333333333333,0.8,0.6,0.75,0.48211073875427246,0.020984411239624023
sqrt,1,0.00359381,0.5,20,0.5966666666666667,0.09510228411791405,672,0.7333333333333334,0.65,0.6166666666666667,0.5166666666666667,0.4666666666666667,0.4878561973571777,0.02112417221069336
sqrt,1,0.00359381,0.5,50,0.5266666666666667,0.08205689083394113,769,0.6333333333333333,0.4666666666666667,0.6166666666666667,0.43333333333333335,0.48333333333333334,0.49506497383117676,0.021080446243286134
sqrt,1,0.00359381,0.7,5,0.6533333333333333,0.04396968652757641,571,0.7333333333333334,0.6333333333333333,0.6166666666666667,0.6166666666666667,0.6666666666666666,0.48011093139648436,0.02091045379638672
sqrt,1,0.00359381,0.7,10,0.7033333333333334,0.07483314773547886,465,0.7333333333333334,0.6333333333333333,0.8,0.6,0.75,0.48364672660827634,0.020975780487060548
sqrt,1,0.00359381,0.7,20,0.5966666666666667,0.09510228411791405,672,0.7333333333333334,0.65,0.6166666666666667,0.5166666666666667,0.4666666666666667,0.490631628036499,0.021521711349487306
sqrt,1,0.00359381,0.7,50,0.5266666666666667,0.08205689083394113,769,0.6333333333333333,0.4666666666666667,0.6166666666666667,0.43333333333333335,0.48333333333333334,0.4969666004180908,0.021246910095214844
sqrt,1,0.00359381,0.9,5,0.6533333333333333,0.04396968652757641,571,0.7333333333333334,0.6333333333333333,0.6166666666666667,0.6166666666666667,0.6666666666666666,0.4790557861328125,0.021096038818359374
sqrt,1,0.00359381,0.9,10,0.7033333333333334,0.07483314773547886,465,0.7333333333333334,0.6333333333333333,0.8,0.6,0.75,0.4835068702697754,0.020934295654296876
sqrt,1,0.00359381,0.9,20,0.5966666666666667,0.09510228411791405,672,0.7333333333333334,0.65,0.6166666666666667,0.5166666666666667,0.4666666666666667,0.48740124702453613,0.021164131164550782
sqrt,1,0.00359381,0.9,50,0.5266666666666667,0.08205689083394113,769,0.6333333333333333,0.4666666666666667,0.6166666666666667,0.43333333333333335,0.48333333333333334,0.49498558044433594,0.021159839630126954
sqrt,1,0.0129155,0.1,5,0.79,0.09463379711052262,59,0.6333333333333333,0.8333333333333333,0.8166666666666667,0.9166666666666667,0.75,0.48563103675842284,0.021540164947509766
sqrt,1,0.0129155,0.1,10,0.72,0.06782329983125265,393,0.65,0.7333333333333334,0.7333333333333334,0.8333333333333333,0.65,0.48969459533691406,0.021300077438354492
sqrt,1,0.0129155,0.1,20,0.7866666666666667,0.13055437351710764,81,0.9,0.9166666666666667,0.7166666666666667,0.8333333333333333,0.5666666666666667,0.4938850402832031,0.020999813079833986
sqrt,1,0.0129155,0.1,50,0.7300000000000001,0.14959203781544586,319,0.8166666666666667,0.7333333333333334,0.7166666666666667,0.9166666666666667,0.4666666666666667,0.5001680374145507,0.021224832534790038
sqrt,1,0.0129155,0.3,5,0.6533333333333333,0.04396968652757641,571,0.7333333333333334,0.6333333333333333,0.6166666666666667,0.6166666666666667,0.6666666666666666,0.4794171333312988,0.021342039108276367
sqrt,1,0.0129155,0.3,10,0.7033333333333334,0.07483314773547886,465,0.7333333333333334,0.6333333333333333,0.8,0.6,0.75,0.48288755416870116,0.021287965774536132
sqrt,1,0.0129155,0.3,20,0.5966666666666667,0.09510228411791405,672,0.7333333333333334,0.65,0.6166666666666667,0.5166666666666667,0.4666666666666667,0.48880825042724607,0.021112537384033202
sqrt,1,0.0129155,0.3,50,0.5266666666666667,0.08205689083394113,769,0.6333333333333333,0.4666666666666667,0.6166666666666667,0.43333333333333335,0.48333333333333334,0.49487643241882323,0.02107381820678711
sqrt,1,0.0129155,0.5,5,0.6533333333333333,0.04396968652757641,571,0.7333333333333334,0.6333333333333333,0.6166666666666667,0.6166666666666667,0.6666666666666666,0.4809746265411377,0.021068429946899413
sqrt,1,0.0129155,0.5,10,0.7033333333333334,0.07483314773547886,465,0.7333333333333334,0.6333333333333333,0.8,0.6,0.75,0.48330960273742674,0.02114391326904297
sqrt,1,0.0129155,0.5,20,0.5966666666666667,0.09510228411791405,672,0.7333333333333334,0.65,0.6166666666666667,0.5166666666666667,0.4666666666666667,0.49144253730773924,0.021183586120605467
sqrt,1,0.0129155,0.5,50,0.5266666666666667,0.08205689083394113,769,0.6333333333333333,0.4666666666666667,0.6166666666666667,0.43333333333333335,0.48333333333333334,0.4964457035064697,0.02140016555786133
sqrt,1,0.0129155,0.7,5,0.6533333333333333,0.04396968652757641,571,0.7333333333333334,0.6333333333333333,0.6166666666666667,0.6166666666666667,0.6666666666666666,0.4800874710083008,0.02146258354187012
sqrt,1,0.0129155,0.7,10,0.7033333333333334,0.07483314773547886,465,0.7333333333333334,0.6333333333333333,0.8,0.6,0.75,0.48070154190063474,0.020997095108032226
sqrt,1,0.0129155,0.7,20,0.5966666666666667,0.09510228411791405,672,0.7333333333333334,0.65,0.6166666666666667,0.5166666666666667,0.4666666666666667,0.4892598628997803,0.021058034896850587
sqrt,1,0.0129155,0.7,50,0.5266666666666667,0.08205689083394113,769,0.6333333333333333,0.4666666666666667,0.6166666666666667,0.43333333333333335,0.48333333333333334,0.4962947368621826,0.021236705780029296
sqrt,1,0.0129155,0.9,5,0.6533333333333333,0.04396968652757641,571,0.7333333333333334,0.6333333333333333,0.6166666666666667,0.6166666666666667,0.6666666666666666,0.4782136917114258,0.021108341217041016
sqrt,1,0.0129155,0.9,10,0.7033333333333334,0.07483314773547886,465,0.7333333333333334,0.6333333333333333,0.8,0.6,0.75,0.48314785957336426,0.021155738830566408
sqrt,1,0.0129155,0.9,20,0.5966666666666667,0.09510228411791405,672,0.7333333333333334,0.65,0.6166666666666667,0.5166666666666667,0.4666666666666667,0.49035987854003904,0.02130403518676758
sqrt,1,0.0129155,0.9,50,0.5266666666666667,0.08205689083394113,769,0.6333333333333333,0.4666666666666667,0.6166666666666667,0.43333333333333335,0.48333333333333334,0.4963877201080322,0.02148146629333496
sqrt,1,0.0464159,0.1,5,0.7866666666666667,0.03711842908553346,81,0.8166666666666667,0.8166666666666667,0.7333333333333334,0.8166666666666667,0.75,0.49812588691711424,0.02082991600036621
sqrt,1,0.0464159,0.1,10,0.8033333333333333,0.07557189365836424,39,0.8166666666666667,0.8166666666666667,0.8166666666666667,0.9,0.6666666666666666,0.4988249778747559,0.02116851806640625
sqrt,1,0.0464159,0.1,20,0.82,0.11661903789690602,12,0.7166666666666667,0.9166666666666667,0.7166666666666667,1.0,0.75,0.5045132637023926,0.02104630470275879
sqrt,1,0.0464159,0.1,50,0.7566666666666666,0.08472176684759226,179,0.7333333333333334,0.6666666666666666,0.7166666666666667,0.9166666666666667,0.75,0.5083962440490722,0.021188735961914062
sqrt,1,0.0464159,0.3,5,0.7499999999999999,0.08232726023485648,229,0.6333333333333333,0.8166666666666667,0.8166666666666667,0.8166666666666667,0.6666666666666666,0.497204065322876,0.020995330810546876
sqrt,1,0.0464159,0.3,10,0.6666666666666667,0.10327955589886448,565,0.4666666666666667,0.7333333333333334,0.7333333333333334,0.7333333333333334,0.6666666666666666,0.5000234127044678,0.021067333221435548
sqrt,1,0.0464159,0.3,20,0.8033333333333333,0.06944222218666554,39,0.8,0.8333333333333333,0.7166666666666667,0.9166666666666667,0.75,0.5057312965393066,0.021025657653808594
sqrt,1,0.0464159,0.3,50,0.7833333333333333,0.09189365834726815,98,0.8166666666666667,0.8166666666666667,0.7166666666666667,0.9166666666666667,0.65,0.5097319126129151,0.02110424041748047
sqrt,1,0.0464159,0.5,5,0.6399999999999999,0.056371781750959214,667,0.5666666666666667,0.7333333333333334,0.6166666666666667,0.6166666666666667,0.6666666666666666,0.49157028198242186,0.021138525009155272
sqrt,1,0.0464159,0.5,10,0.6666666666666666,0.1312334645668635,567,0.8166666666666667,0.8333333333333333,0.5333333333333333,0.6,0.55,0.4963845729827881,0.021034717559814453
sqrt,1,0.0464159,0.5,20,0.62,0.10666666666666666,669,0.55,0.75,0.5333333333333333,0.5166666666666667,0.75,0.5003167152404785,0.021133041381835936
sqrt,1,0.0464159,0.5,50,0.6,0.13291601358251254,671,0.55,0.8333333333333333,0.6333333333333333,0.43333333333333335,0.55,0.5060813903808594,0.021151161193847655
sqrt,1,0.0464159,0.7,5,0.6533333333333333,0.04396968652757641,571,0.7333333333333334,0.6333333333333333,0.6166666666666667,0.6166666666666667,0.6666666666666666,0.47982144355773926,0.021114253997802736
sqrt,1,0.0464159,0.7,10,0.7033333333333334,0.07483314773547886,465,0.7333333333333334,0.6333333333333333,0.8,0.6,0.75,0.48388242721557617,0.021035289764404295
sqrt,1,0.0464159,0.7,20,0.5966666666666667,0.09510228411791405,672,0.7333333333333334,0.65,0.6166666666666667,0.5166666666666667,0.4666666666666667,0.4890333652496338,0.021291685104370118
sqrt,1,0.0464159,0.7,50,0.5266666666666667,0.08205689083394113,769,0.6333333333333333,0.4666666666666667,0.6166666666666667,0.43333333333333335,0.48333333333333334,0.4963518142700195,0.021094655990600585
sqrt,1,0.0464159,0.9,5,0.6533333333333333,0.04396968652757641,571,0.7333333333333334,0.6333333333333333,0.6166666666666667,0.6166666666666667,0.6666666666666666,0.4799496650695801,0.021201324462890626
sqrt,1,0.0464159,0.9,10,0.7033333333333334,0.07483314773547886,465,0.7333333333333334,0.6333333333333333,0.8,0.6,0.75,0.4848888397216797,0.021350908279418945
sqrt,1,0.0464159,0.9,20,0.5966666666666667,0.09510228411791405,672,0.7333333333333334,0.65,0.6166666666666667,0.5166666666666667,0.4666666666666667,0.4895444869995117,0.021036672592163085
sqrt,1,0.0464159,0.9,50,0.5266666666666667,0.08205689083394113,769,0.6333333333333333,0.4666666666666667,0.6166666666666667,0.43333333333333335,0.48333333333333334,0.4950691223144531,0.021152639389038087
sqrt,1,0.16681,0.1,5,0.7333333333333334,0.053748384988656986,295,0.7166666666666667,0.65,0.7333333333333334,0.8166666666666667,0.75,0.5273377418518066,0.02116732597351074
sqrt,1,0.16681,0.1,10,0.8133333333333332,0.06182412330330471,14,0.8166666666666667,0.75,0.9166666666666667,0.8333333333333333,0.75,0.5312768936157226,0.021107006072998046
sqrt,1,0.16681,0.1,20,0.8033333333333333,0.10718623460542351,39,0.7166666666666667,0.8333333333333333,0.7166666666666667,1.0,0.75,0.5316220760345459,0.021125411987304686
sqrt,1,0.16681,0.1,50,0.7533333333333334,0.10022197585581942,189,0.8166666666666667,0.6666666666666666,0.7166666666666667,0.9166666666666667,0.65,0.5505395889282226,0.02129063606262207
sqrt,1,0.16681,0.3,5,0.7833333333333334,0.04216370213557838,94,0.8166666666666667,0.8166666666666667,0.7166666666666667,0.8166666666666667,0.75,0.5306042671203614,0.021186065673828126
sqrt,1,0.16681,0.3,10,0.7899999999999999,0.10572501018102475,73,0.7166666666666667,0.9166666666666667,0.9166666666666667,0.7333333333333334,0.6666666666666666,0.5333540916442872,0.02131314277648926
sqrt,1,0.16681,0.3,20,0.8066666666666669,0.10198039027185572,27,0.8166666666666667,0.9166666666666667,0.7166666666666667,0.9166666666666667,0.6666666666666666,0.536211347579956,0.021315383911132812
sqrt,1,0.16681,0.3,50,0.7533333333333333,0.12710450643291746,192,0.7333333333333334,0.6666666666666666,0.7166666666666667,1.0,0.65,0.5426202297210694,0.021023893356323244
sqrt,1,0.16681,0.5,5,0.75,0.06749485577105525,214,0.8333333333333333,0.8166666666666667,0.7333333333333334,0.7166666666666667,0.65,0.5304651737213135,0.02120494842529297
sqrt,1,0.16681,0.5,10,0.7633333333333333,0.1240071682515885,172,0.7166666666666667,0.8166666666666667,0.9166666666666667,0.8166666666666667,0.55,0.5331107616424561,0.021384477615356445
sqrt,1,0.16681,0.5,20,0.8066666666666669,0.10198039027185572,27,0.8166666666666667,0.9166666666666667,0.7166666666666667,0.9166666666666667,0.6666666666666666,0.5367444515228271,0.02140383720397949
sqrt,1,0.16681,0.5,50,0.8033333333333333,0.151803967156476,39,0.8166666666666667,0.9166666666666667,0.7166666666666667,1.0,0.5666666666666667,0.5445507049560547,0.021154022216796874
sqrt,1,0.16681,0.7,5,0.8033333333333333,0.02666666666666666,39,0.8166666666666667,0.8166666666666667,0.8166666666666667,0.8166666666666667,0.75,0.526887321472168,0.021356916427612303
sqrt,1,0.16681,0.7,10,0.7466666666666667,0.0635959467611297,247,0.8166666666666667,0.8166666666666667,0.7166666666666667,0.7333333333333334,0.65,0.5319677352905273,0.021192598342895507
sqrt,1,0.16681,0.7,20,0.8033333333333333,0.10718623460542351,39,0.7166666666666667,0.8333333333333333,0.7166666666666667,1.0,0.75,0.5361422538757324,0.021204042434692382
sqrt,1,0.16681,0.7,50,0.7633333333333334,0.18541245313564506,164,0.7166666666666667,0.9166666666666667,0.7166666666666667,1.0,0.4666666666666667,0.5410208702087402,0.021168279647827148
sqrt,1,0.16681,0.9,5,0.7899999999999999,0.06200358412579425,73,0.8166666666666667,0.8333333333333333,0.8166666666666667,0.8166666666666667,0.6666666666666666,0.5258415699005127,0.02121758460998535
sqrt,1,0.16681,0.9,10,0.7133333333333333,0.10241527663824809,416,0.65,0.7333333333333334,0.8166666666666667,0.8166666666666667,0.55,0.532944631576538,0.02108616828918457
sqrt,1,0.16681,0.9,20,0.7466666666666667,0.1403962645910179,247,0.8,0.8333333333333333,0.8166666666666667,0.8166666666666667,0.4666666666666667,0.5330970287322998,0.021339845657348634
sqrt,1,0.16681,0.9,50,0.7633333333333334,0.21223676506308808,164,0.9,0.9166666666666667,0.7166666666666667,0.9166666666666667,0.3666666666666667,0.5417498588562012,0.021214008331298828
sqrt,1,0.599484,0.1,5,0.7300000000000001,0.05416025603090639,319,0.7166666666666667,0.65,0.7166666666666667,0.8166666666666667,0.75,0.6013097763061523,0.0212343692779541
sqrt,1,0.599484,0.1,10,0.8133333333333332,0.06616477747093069,14,0.7333333333333334,0.8333333333333333,0.9166666666666667,0.8333333333333333,0.75,0.5969953060150146,0.02109837532043457
sqrt,1,0.599484,0.1,20,0.7666666666666666,0.12560962454277846,154,0.8166666666666667,0.8333333333333333,0.7166666666666667,0.9166666666666667,0.55,0.5988275527954101,0.021084356307983398
sqrt,1,0.599484,0.1,50,0.7933333333333333,0.1041366623454221,52,0.9166666666666667,0.6666666666666666,0.7166666666666667,0.9166666666666667,0.75,0.6059715270996093,0.021203994750976562
sqrt,1,0.599484,0.3,5,0.7533333333333333,0.061824123303304675,192,0.8166666666666667,0.65,0.7333333333333334,0.8166666666666667,0.75,0.6121068954467773,0.02109227180480957
sqrt,1,0.599484,0.3,10,0.7333333333333334,0.06992058987801007,295,0.6166666666666667,0.75,0.7166666666666667,0.8333333333333333,0.75,0.6145956993103028,0.021099138259887695
sqrt,1,0.599484,0.3,20,0.8066666666666666,0.09865765724632496,33,0.9166666666666667,0.75,0.8166666666666667,0.9,0.65,0.6172297954559326,0.02107868194580078
sqrt,1,0.599484,0.3,50,0.7733333333333333,0.1302134998974974,108,0.8333333333333333,0.6666666666666666,0.7166666666666667,1.0,0.65,0.6227684497833252,0.021213674545288087
sqrt,1,0.599484,0.5,5,0.7499999999999999,0.06236095644623234,229,0.8166666666666667,0.7333333333333334,0.7333333333333334,0.8166666666666667,0.65,0.6269436836242676,0.02112298011779785
sqrt,1,0.599484,0.5,10,0.7266666666666667,0.06463573143221771,362,0.6166666666666667,0.8166666666666667,0.7166666666666667,0.7333333333333334,0.75,0.6287504673004151,0.021266937255859375
sqrt,1,0.599484,0.5,20,0.8466666666666667,0.09797958971132714,1,0.9166666666666667,0.75,0.8166666666666667,1.0,0.75,0.6307384490966796,0.021184587478637697
sqrt,1,0.599484,0.5,50,0.7733333333333334,0.16076207402383327,104,0.9166666666666667,0.6666666666666666,0.7166666666666667,1.0,0.5666666666666667,0.6413122653961182,0.021168279647827148
sqrt,1,0.599484,0.7,5,0.7666666666666667,0.06666666666666665,147,0.8166666666666667,0.8166666666666667,0.8166666666666667,0.7333333333333334,0.65,0.6232767581939698,0.021211671829223632
sqrt,1,0.599484,0.7,10,0.7133333333333334,0.024494897427831817,405,0.7166666666666667,0.7333333333333334,0.7166666666666667,0.7333333333333334,0.6666666666666666,0.6263825416564941,0.021105146408081053
sqrt,1,0.599484,0.7,20,0.7333333333333334,0.11155467020454343,295,0.7166666666666667,0.75,0.7166666666666667,0.9166666666666667,0.5666666666666667,0.6323491096496582,0.02106757164001465
sqrt,1,0.599484,0.7,50,0.79,0.15297058540778355,59,0.9166666666666667,0.75,0.7166666666666667,1.0,0.5666666666666667,0.6361967086791992,0.021179723739624023
sqrt,1,0.599484,0.9,5,0.75,0.06236095644623234,214,0.8166666666666667,0.7333333333333334,0.8166666666666667,0.7333333333333334,0.65,0.6091097831726074,0.021224594116210936
sqrt,1,0.599484,0.9,10,0.7866666666666667,0.07333333333333335,81,0.8166666666666667,0.9166666666666667,0.7166666666666667,0.7333333333333334,0.75,0.6123557090759277,0.020833253860473633
sqrt,1,0.599484,0.9,20,0.7299999999999999,0.09797958971132709,347,0.8166666666666667,0.75,0.7166666666666667,0.8166666666666667,0.55,0.6151326179504395,0.021439313888549805
sqrt,1,0.599484,0.9,50,0.7833333333333334,0.14794894014114762,94,0.8166666666666667,0.8333333333333333,0.7166666666666667,1.0,0.55,0.6214300632476807,0.021036291122436525
sqrt,1,2.15443,0.1,5,0.7333333333333334,0.04944132324730442,295,0.8,0.65,0.7166666666666667,0.75,0.75,0.7025027751922608,0.02133288383483887
sqrt,1,2.15443,0.1,10,0.7933333333333333,0.07195677714974301,52,0.7333333333333334,0.7333333333333334,0.9166666666666667,0.8333333333333333,0.75,0.705420970916748,0.021383905410766603
sqrt,1,2.15443,0.1,20,0.7866666666666666,0.06863753427324665,88,0.8166666666666667,0.8333333333333333,0.8166666666666667,0.8166666666666667,0.65,0.7070041179656983,0.021071910858154297
sqrt,1,2.15443,0.1,50,0.8100000000000002,0.12675435561221032,18,0.9166666666666667,0.6666666666666666,0.7166666666666667,1.0,0.75,0.7111728668212891,0.02097172737121582
sqrt,1,2.15443,0.3,5,0.7333333333333334,0.053748384988656986,295,0.7166666666666667,0.65,0.7333333333333334,0.8166666666666667,0.75,0.7867133140563964,0.02115159034729004
sqrt,1,2.15443,0.3,10,0.6933333333333331,0.1123486636423514,530,0.6166666666666667,0.65,0.8166666666666667,0.8333333333333333,0.55,0.7866365909576416,0.021114683151245116
sqrt,1,2.15443,0.3,20,0.7333333333333333,0.1813529401164726,307,0.8166666666666667,0.75,0.8166666666666667,0.9,0.3833333333333333,0.7888914108276367,0.020917987823486327
sqrt,1,2.15443,0.3,50,0.77,0.12884098726725124,121,0.8166666666666667,0.6666666666666666,0.7166666666666667,1.0,0.65,0.794356107711792,0.0209867000579834
sqrt,1,2.15443,0.5,5,0.7466666666666666,0.0635959467611297,262,0.8166666666666667,0.7333333333333334,0.7166666666666667,0.8166666666666667,0.65,0.8021368503570556,0.021021366119384766
sqrt,1,2.15443,0.5,10,0.6933333333333334,0.09977753031397173,512,0.6166666666666667,0.75,0.7166666666666667,0.8333333333333333,0.55,0.8075097084045411,0.022275304794311522
sqrt,1,2.15443,0.5,20,0.8099999999999999,0.09345230512584128,23,0.9166666666666667,0.75,0.8166666666666667,0.9,0.6666666666666666,0.8093808174133301,0.020931482315063477
sqrt,1,2.15443,0.5,50,0.77,0.1411854572303158,121,0.8166666666666667,0.5666666666666667,0.7166666666666667,1.0,0.75,0.8131968975067139,0.021277904510498047
sqrt,1,2.15443,0.7,5,0.7466666666666666,0.0635959467611297,262,0.8166666666666667,0.7333333333333334,0.7166666666666667,0.8166666666666667,0.65,0.8268037796020508,0.02119903564453125
sqrt,1,2.15443,0.7,10,0.7133333333333334,0.049888765156985884,405,0.6166666666666667,0.75,0.7166666666666667,0.7333333333333334,0.75,0.8339192867279053,0.02120838165283203
sqrt,1,2.15443,0.7,20,0.7833333333333333,0.08881941729649484,98,0.8166666666666667,0.8333333333333333,0.7166666666666667,0.9,0.65,0.839229965209961,0.02100381851196289
sqrt,1,2.15443,0.7,50,0.7533333333333333,0.14734690736866898,192,0.8166666666666667,0.6666666666666666,0.7166666666666667,1.0,0.5666666666666667,0.8446490287780761,0.021474361419677734
sqrt,1,2.15443,0.9,5,0.7466666666666666,0.0635959467611297,262,0.8166666666666667,0.7333333333333334,0.7166666666666667,0.8166666666666667,0.65,0.8337775707244873,0.021328496932983398
sqrt,1,2.15443,0.9,10,0.6933333333333334,0.05120763831912405,512,0.6166666666666667,0.75,0.7166666666666667,0.7333333333333334,0.65,0.8330475807189941,0.021140432357788085
sqrt,1,2.15443,0.9,20,0.8099999999999999,0.061101009266077894,23,0.8166666666666667,0.75,0.8166666666666667,0.9166666666666667,0.75,0.8376920700073243,0.021091938018798828
sqrt,1,2.15443,0.9,50,0.75,0.17224014243685085,214,0.8166666666666667,0.75,0.7166666666666667,1.0,0.4666666666666667,0.8459517002105713,0.021103382110595703
sqrt,1,7.74264,0.1,5,0.7333333333333334,0.04944132324730442,295,0.8,0.65,0.7166666666666667,0.75,0.75,0.7669471740722656,0.021170902252197265
sqrt,1,7.74264,0.1,10,0.7566666666666666,0.10519822558706336,179,0.7333333333333334,0.6333333333333333,0.9166666666666667,0.8333333333333333,0.6666666666666666,0.7678939819335937,0.021040821075439455
sqrt,1,7.74264,0.1,20,0.8266666666666668,0.05333333333333336,4,0.8166666666666667,0.8333333333333333,0.8166666666666667,0.9166666666666667,0.75,0.7678451538085938,0.020989513397216795
sqrt,1,7.74264,0.1,50,0.8066666666666666,0.13063945294843618,33,0.9166666666666667,0.75,0.7166666666666667,1.0,0.65,0.7749007701873779,0.021190118789672852
sqrt,1,7.74264,0.3,5,0.7333333333333334,0.053748384988656986,295,0.7166666666666667,0.65,0.7333333333333334,0.8166666666666667,0.75,0.9686190605163574,0.021310997009277344
sqrt,1,7.74264,0.3,10,0.77,0.0694422221866655,121,0.8166666666666667,0.7333333333333334,0.8166666666666667,0.8333333333333333,0.65,0.9677739143371582,0.021063232421875
sqrt,1,7.74264,0.3,20,0.7699999999999999,0.1411854572303158,136,0.8166666666666667,0.75,0.7166666666666667,1.0,0.5666666666666667,0.9689099788665771,0.021055316925048827
sqrt,1,7.74264,0.3,50,0.7733333333333333,0.1167142760000773,108,0.7333333333333334,0.6666666666666666,0.7166666666666667,1.0,0.75,0.9803065776824951,0.021298551559448244
sqrt,1,7.74264,0.5,5,0.72,0.0635959467611297,393,0.65,0.65,0.7333333333333334,0.8166666666666667,0.75,1.0504326820373535,0.021203136444091795
sqrt,1,7.74264,0.5,10,0.6933333333333331,0.1123486636423514,530,0.6166666666666667,0.65,0.8166666666666667,0.8333333333333333,0.55,1.0511019706726075,0.021177959442138673
sqrt,1,7.74264,0.5,20,0.77,0.06531972647421806,121,0.8166666666666667,0.75,0.8166666666666667,0.8166666666666667,0.65,1.0518126964569092,0.021153879165649415
sqrt,1,7.74264,0.5,50,0.7533333333333333,0.13224556283251582,192,0.7333333333333334,0.6666666666666666,0.6166666666666667,1.0,0.75,1.0600459575653076,0.021254777908325195
sqrt,1,7.74264,0.7,5,0.7466666666666666,0.0635959467611297,262,0.8166666666666667,0.7333333333333334,0.7166666666666667,0.8166666666666667,0.65,1.137768840789795,0.021221351623535157
sqrt,1,7.74264,0.7,10,0.6933333333333331,0.1123486636423514,530,0.6166666666666667,0.65,0.8166666666666667,0.8333333333333333,0.55,1.1401809692382812,0.021166324615478516
sqrt,1,7.74264,0.7,20,0.8300000000000001,0.11803954139750518,3,0.9166666666666667,0.75,0.8166666666666667,1.0,0.6666666666666666,1.144279670715332,0.02103004455566406
sqrt,1,7.74264,0.7,50,0.7366666666666667,0.11125546178852427,287,0.7333333333333334,0.5666666666666667,0.7166666666666667,0.9166666666666667,0.75,1.1552770137786865,0.020902633666992188
sqrt,1,7.74264,0.9,5,0.7466666666666666,0.0635959467611297,262,0.8166666666666667,0.7333333333333334,0.7166666666666667,0.8166666666666667,0.65,1.129981803894043,0.021317720413208008
sqrt,1,7.74264,0.9,10,0.6933333333333331,0.1123486636423514,530,0.6166666666666667,0.65,0.8166666666666667,0.8333333333333333,0.55,1.1299641609191895,0.021221446990966796
sqrt,1,7.74264,0.9,20,0.7699999999999999,0.08124038404635961,136,0.7166666666666667,0.75,0.8166666666666667,0.9,0.6666666666666666,1.133722448348999,0.02139897346496582
sqrt,1,7.74264,0.9,50,0.79,0.11575836902790228,59,0.8166666666666667,0.6666666666666666,0.7166666666666667,1.0,0.75,1.1395596981048584,0.02109847068786621
sqrt,1,27.8256,0.1,5,0.6933333333333334,0.11671427600007732,512,0.8,0.7333333333333334,0.7166666666666667,0.4666666666666667,0.75,0.7712882041931153,0.021224117279052733
sqrt,1,27.8256,0.1,10,0.8233333333333335,0.11382247385975919,7,0.9,0.6333333333333333,0.9166666666666667,0.9166666666666667,0.75,0.7748075008392334,0.022153186798095702
sqrt,1,27.8256,0.1,20,0.7899999999999999,0.08856886837057618,73,0.8166666666666667,0.8333333333333333,0.7166666666666667,0.9166666666666667,0.6666666666666666,0.7730372428894043,0.02128176689147949
sqrt,1,27.8256,0.1,50,0.7666666666666667,0.12110601416389967,147,0.7166666666666667,0.75,0.7166666666666667,1.0,0.65,0.7904707431793213,0.02093477249145508
sqrt,1,27.8256,0.3,5,0.7333333333333334,0.04944132324730442,295,0.8,0.65,0.7166666666666667,0.75,0.75,0.9072920799255371,0.02126483917236328
sqrt,1,27.8256,0.3,10,0.7933333333333333,0.07195677714974301,52,0.7333333333333334,0.7333333333333334,0.9166666666666667,0.8333333333333333,0.75,0.9095410823822021,0.02111673355102539
sqrt,1,27.8256,0.3,20,0.79,0.11766241729815195,59,0.8166666666666667,0.8333333333333333,0.8166666666666667,0.9166666666666667,0.5666666666666667,0.9097993850708008,0.0210512638092041
sqrt,1,27.8256,0.3,50,0.7533333333333333,0.08589399151150087,192,0.7166666666666667,0.6666666666666666,0.7166666666666667,0.9166666666666667,0.75,0.9180701732635498,0.021200275421142577
sqrt,1,27.8256,0.5,5,0.7333333333333334,0.04944132324730442,295,0.8,0.65,0.7166666666666667,0.75,0.75,1.078251886367798,0.02118401527404785
sqrt,1,27.8256,0.5,10,0.74,0.14552586635295384,282,0.7333333333333334,0.7333333333333334,0.9166666666666667,0.8333333333333333,0.48333333333333334,1.0828670978546142,0.02124309539794922
sqrt,1,27.8256,0.5,20,0.8433333333333334,0.06879922480183433,2,0.9166666666666667,0.8333333333333333,0.8166666666666667,0.9166666666666667,0.7333333333333334,1.0831499576568604,0.021238231658935548
sqrt,1,27.8256,0.5,50,0.7733333333333334,0.0866666666666667,104,0.8166666666666667,0.6666666666666666,0.7166666666666667,0.9166666666666667,0.75,1.0888998985290528,0.02106924057006836
sqrt,1,27.8256,0.7,5,0.7466666666666667,0.06,247,0.8,0.65,0.7166666666666667,0.8166666666666667,0.75,1.194893217086792,0.021122503280639648
sqrt,1,27.8256,0.7,10,0.7499999999999999,0.09603240193925285,229,0.6166666666666667,0.8333333333333333,0.8166666666666667,0.8333333333333333,0.65,1.1951992511749268,0.021017026901245118
sqrt,1,27.8256,0.7,20,0.7699999999999999,0.1288409872672513,136,0.9166666666666667,0.75,0.7166666666666667,0.9,0.5666666666666667,1.201430320739746,0.021265697479248048
sqrt,1,27.8256,0.7,50,0.7733333333333333,0.1167142760000773,108,0.7333333333333334,0.6666666666666666,0.7166666666666667,1.0,0.75,1.2035658359527588,0.02114419937133789
sqrt,1,27.8256,0.9,5,0.7566666666666666,0.0654896090146283,179,0.8333333333333333,0.65,0.7333333333333334,0.8166666666666667,0.75,1.2795862197875976,0.021066761016845702
sqrt,1,27.8256,0.9,10,0.6733333333333332,0.09637888196533971,562,0.6166666666666667,0.65,0.7166666666666667,0.8333333333333333,0.55,1.2792792320251465,0.02107243537902832
sqrt,1,27.8256,0.9,20,0.7666666666666666,0.1460593486680443,154,0.8166666666666667,0.75,0.7166666666666667,1.0,0.55,1.2854235172271729,0.021152400970458986
sqrt,1,27.8256,0.9,50,0.7733333333333333,0.1167142760000773,108,0.7333333333333334,0.6666666666666666,0.7166666666666667,1.0,0.75,1.2934882640838623,0.02146620750427246
sqrt,1,100.0,0.1,5,0.6933333333333334,0.11671427600007732,512,0.8,0.7333333333333334,0.7166666666666667,0.4666666666666667,0.75,0.8195289134979248,0.02145857810974121
sqrt,1,100.0,0.1,10,0.8066666666666669,0.09580071908799945,27,0.9,0.7333333333333334,0.8166666666666667,0.9166666666666667,0.6666666666666666,0.8201912403106689,0.021387052536010743
sqrt,1,100.0,0.1,20,0.79,0.13358309939675922,59,0.9166666666666667,0.8333333333333333,0.7166666666666667,0.9166666666666667,0.5666666666666667,0.8214836597442627,0.02132878303527832
sqrt,1,100.0,0.1,50,0.7866666666666667,0.10770329614269007,81,0.7166666666666667,0.75,0.7166666666666667,1.0,0.75,0.8272819519042969,0.020967388153076173
sqrt,1,100.0,0.3,5,0.6933333333333334,0.11671427600007732,512,0.8,0.7333333333333334,0.7166666666666667,0.4666666666666667,0.75,0.8324103355407715,0.021131563186645507
sqrt,1,100.0,0.3,10,0.7666666666666667,0.11879019787470312,147,0.9,0.6333333333333333,0.7166666666666667,0.9166666666666667,0.6666666666666666,0.8324901580810546,0.021236133575439454
sqrt,1,100.0,0.3,20,0.7699999999999999,0.11990737165736634,136,0.8166666666666667,0.8333333333333333,0.7166666666666667,0.9166666666666667,0.5666666666666667,0.8362015724182129,0.021129655838012695
sqrt,1,100.0,0.3,50,0.77,0.12265579661982733,121,0.6333333333333333,0.75,0.7166666666666667,1.0,0.75,0.8401051044464112,0.021252822875976563
sqrt,1,100.0,0.5,5,0.75,0.027888667551135858,214,0.8,0.7333333333333334,0.7166666666666667,0.75,0.75,0.8696639060974121,0.02119894027709961
sqrt,1,100.0,0.5,10,0.8033333333333333,0.10402991022884826,39,0.9,0.6333333333333333,0.8166666666666667,0.9166666666666667,0.75,0.871855354309082,0.021165180206298827
sqrt,1,100.0,0.5,20,0.7699999999999999,0.11990737165736634,136,0.8166666666666667,0.8333333333333333,0.7166666666666667,0.9166666666666667,0.5666666666666667,0.8741488456726074,0.021074295043945312
sqrt,1,100.0,0.5,50,0.7666666666666667,0.12110601416389967,147,0.7166666666666667,0.75,0.7166666666666667,1.0,0.65,0.8819813251495361,0.02110905647277832
sqrt,1,100.0,0.7,5,0.75,0.027888667551135858,214,0.8,0.7333333333333334,0.7166666666666667,0.75,0.75,0.92526273727417,0.02100653648376465
sqrt,1,100.0,0.7,10,0.7566666666666666,0.10519822558706336,179,0.7333333333333334,0.6333333333333333,0.9166666666666667,0.8333333333333333,0.6666666666666666,0.9233818054199219,0.021389007568359375
sqrt,1,100.0,0.7,20,0.8100000000000002,0.08069145624606805,18,0.8166666666666667,0.8333333333333333,0.8166666666666667,0.9166666666666667,0.6666666666666666,0.9277163982391358,0.021503543853759764
sqrt,1,100.0,0.7,50,0.7733333333333333,0.0866666666666667,108,0.8166666666666667,0.75,0.7166666666666667,0.9166666666666667,0.6666666666666666,0.9361157417297363,0.02119479179382324
sqrt,1,100.0,0.9,5,0.7333333333333334,0.04944132324730442,295,0.8,0.65,0.7166666666666667,0.75,0.75,0.9741683006286621,0.021396398544311523
sqrt,1,100.0,0.9,10,0.7366666666666666,0.07916228058025278,288,0.7333333333333334,0.6333333333333333,0.8166666666666667,0.8333333333333333,0.6666666666666666,0.9739242553710937,0.021180057525634767
sqrt,1,100.0,0.9,20,0.7899999999999999,0.08856886837057618,73,0.8166666666666667,0.8333333333333333,0.7166666666666667,0.9166666666666667,0.6666666666666666,0.9757702827453614,0.02122488021850586
sqrt,1,100.0,0.9,50,0.8100000000000002,0.12675435561221032,18,0.9166666666666667,0.6666666666666666,0.7166666666666667,1.0,0.75,0.9833148956298828,0.021022987365722657
sqrt,5,0.001,0.1,5,0.6433333333333333,0.035901098714230015,603,0.6,0.6333333333333333,0.6166666666666667,0.7,0.6666666666666666,0.4680324554443359,0.0209714412689209
sqrt,5,0.001,0.1,10,0.6433333333333333,0.035901098714230015,603,0.6,0.6333333333333333,0.6166666666666667,0.7,0.6666666666666666,0.46851444244384766,0.02072882652282715
sqrt,5,0.001,0.1,20,0.5966666666666667,0.1151810169544733,672,0.7,0.55,0.6166666666666667,0.7166666666666667,0.4,0.47220873832702637,0.021037960052490236
sqrt,5,0.001,0.1,50,0.5633333333333334,0.06182412330330469,752,0.5166666666666667,0.65,0.6166666666666667,0.55,0.48333333333333334,0.47934565544128416,0.02095317840576172
sqrt,5,0.001,0.3,5,0.6433333333333333,0.035901098714230015,603,0.6,0.6333333333333333,0.6166666666666667,0.7,0.6666666666666666,0.46772279739379885,0.020675849914550782
sqrt,5,0.001,0.3,10,0.6433333333333333,0.035901098714230015,603,0.6,0.6333333333333333,0.6166666666666667,0.7,0.6666666666666666,0.4686584949493408,0.020845985412597655
sqrt,5,0.001,0.3,20,0.5966666666666667,0.1151810169544733,672,0.7,0.55,0.6166666666666667,0.7166666666666667,0.4,0.4716233253479004,0.020812511444091797
sqrt,5,0.001,0.3,50,0.5633333333333334,0.06182412330330469,752,0.5166666666666667,0.65,0.6166666666666667,0.55,0.48333333333333334,0.47973065376281737,0.021002483367919923
sqrt,5,0.001,0.5,5,0.6433333333333333,0.035901098714230015,603,0.6,0.6333333333333333,0.6166666666666667,0.7,0.6666666666666666,0.46764359474182127,0.020802021026611328
sqrt,5,0.001,0.5,10,0.6433333333333333,0.035901098714230015,603,0.6,0.6333333333333333,0.6166666666666667,0.7,0.6666666666666666,0.468278694152832,0.02092299461364746
sqrt,5,0.001,0.5,20,0.5966666666666667,0.1151810169544733,672,0.7,0.55,0.6166666666666667,0.7166666666666667,0.4,0.4719082355499268,0.020968103408813478
sqrt,5,0.001,0.5,50,0.5633333333333334,0.06182412330330469,752,0.5166666666666667,0.65,0.6166666666666667,0.55,0.48333333333333334,0.4788236618041992,0.020690536499023436
sqrt,5,0.001,0.7,5,0.6433333333333333,0.035901098714230015,603,0.6,0.6333333333333333,0.6166666666666667,0.7,0.6666666666666666,0.46910486221313474,0.02104811668395996
sqrt,5,0.001,0.7,10,0.6433333333333333,0.035901098714230015,603,0.6,0.6333333333333333,0.6166666666666667,0.7,0.6666666666666666,0.47420663833618165,0.02093930244445801
sqrt,5,0.001,0.7,20,0.5966666666666667,0.1151810169544733,672,0.7,0.55,0.6166666666666667,0.7166666666666667,0.4,0.4783566951751709,0.021002674102783205
sqrt,5,0.001,0.7,50,0.5633333333333334,0.06182412330330469,752,0.5166666666666667,0.65,0.6166666666666667,0.55,0.48333333333333334,0.4815959453582764,0.02075471878051758
sqrt,5,0.001,0.9,5,0.6433333333333333,0.035901098714230015,603,0.6,0.6333333333333333,0.6166666666666667,0.7,0.6666666666666666,0.4678780555725098,0.020827627182006835
sqrt,5,0.001,0.9,10,0.6433333333333333,0.035901098714230015,603,0.6,0.6333333333333333,0.6166666666666667,0.7,0.6666666666666666,0.46915783882141116,0.020877504348754884
sqrt,5,0.001,0.9,20,0.5966666666666667,0.1151810169544733,672,0.7,0.55,0.6166666666666667,0.7166666666666667,0.4,0.475831127166748,0.021914148330688478
sqrt,5,0.001,0.9,50,0.5633333333333334,0.06182412330330469,752,0.5166666666666667,0.65,0.6166666666666667,0.55,0.48333333333333334,0.4782122611999512,0.02092432975769043
sqrt,5,0.00359381,0.1,5,0.6433333333333333,0.035901098714230015,603,0.6,0.6333333333333333,0.6166666666666667,0.7,0.6666666666666666,0.47091474533081057,0.02093062400817871
sqrt,5,0.00359381,0.1,10,0.6433333333333333,0.035901098714230015,603,0.6,0.6333333333333333,0.6166666666666667,0.7,0.6666666666666666,0.4694100856781006,0.020785140991210937
sqrt,5,0.00359381,0.1,20,0.5966666666666667,0.1151810169544733,672,0.7,0.55,0.6166666666666667,0.7166666666666667,0.4,0.476987361907959,0.021029233932495117
sqrt,5,0.00359381,0.1,50,0.5633333333333334,0.06182412330330469,752,0.5166666666666667,0.65,0.6166666666666667,0.55,0.48333333333333334,0.4789987087249756,0.020948314666748048
sqrt,5,0.00359381,0.3,5,0.6433333333333333,0.035901098714230015,603,0.6,0.6333333333333333,0.6166666666666667,0.7,0.6666666666666666,0.4673715114593506,0.02091212272644043
sqrt,5,0.00359381,0.3,10,0.6433333333333333,0.035901098714230015,603,0.6,0.6333333333333333,0.6166666666666667,0.7,0.6666666666666666,0.4691481590270996,0.02080698013305664
sqrt,5,0.00359381,0.3,20,0.5966666666666667,0.1151810169544733,672,0.7,0.55,0.6166666666666667,0.7166666666666667,0.4,0.47215023040771487,0.020818424224853516
sqrt,5,0.00359381,0.3,50,0.5633333333333334,0.06182412330330469,752,0.5166666666666667,0.65,0.6166666666666667,0.55,0.48333333333333334,0.47840099334716796,0.02090458869934082
sqrt,5,0.00359381,0.5,5,0.6433333333333333,0.035901098714230015,603,0.6,0.6333333333333333,0.6166666666666667,0.7,0.6666666666666666,0.4690901279449463,0.020710277557373046
sqrt,5,0.00359381,0.5,10,0.6433333333333333,0.035901098714230015,603,0.6,0.6333333333333333,0.6166666666666667,0.7,0.6666666666666666,0.4774768352508545,0.020993852615356447
sqrt,5,0.00359381,0.5,20,0.5966666666666667,0.1151810169544733,672,0.7,0.55,0.6166666666666667,0.7166666666666667,0.4,0.4720629692077637,0.020842599868774413
sqrt,5,0.00359381,0.5,50,0.5633333333333334,0.06182412330330469,752,0.5166666666666667,0.65,0.6166666666666667,0.55,0.48333333333333334,0.47948603630065917,0.020990610122680664
sqrt,5,0.00359381,0.7,5,0.6433333333333333,0.035901098714230015,603,0.6,0.6333333333333333,0.6166666666666667,0.7,0.6666666666666666,0.46890411376953123,0.02088818550109863
sqrt,5,0.00359381,0.7,10,0.6433333333333333,0.035901098714230015,603,0.6,0.6333333333333333,0.6166666666666667,0.7,0.6666666666666666,0.4695575714111328,0.020862579345703125
sqrt,5,0.00359381,0.7,20,0.5966666666666667,0.1151810169544733,672,0.7,0.55,0.6166666666666667,0.7166666666666667,0.4,0.47279744148254393,0.020771026611328125
sqrt,5,0.00359381,0.7,50,0.5633333333333334,0.06182412330330469,752,0.5166666666666667,0.65,0.6166666666666667,0.55,0.48333333333333334,0.4799652576446533,0.021295499801635743
sqrt,5,0.00359381,0.9,5,0.6433333333333333,0.035901098714230015,603,0.6,0.6333333333333333,0.6166666666666667,0.7,0.6666666666666666,0.4681083679199219,0.020908546447753907
sqrt,5,0.00359381,0.9,10,0.6433333333333333,0.035901098714230015,603,0.6,0.6333333333333333,0.6166666666666667,0.7,0.6666666666666666,0.47008376121520995,0.020989322662353517
sqrt,5,0.00359381,0.9,20,0.5966666666666667,0.1151810169544733,672,0.7,0.55,0.6166666666666667,0.7166666666666667,0.4,0.47200565338134765,0.020900440216064454
sqrt,5,0.00359381,0.9,50,0.5633333333333334,0.06182412330330469,752,0.5166666666666667,0.65,0.6166666666666667,0.55,0.48333333333333334,0.4811901569366455,0.022084522247314452
sqrt,5,0.0129155,0.1,5,0.8233333333333335,0.07930251502246882,7,0.9,0.8333333333333333,0.7166666666666667,0.9166666666666667,0.75,0.4821937084197998,0.02123398780822754
sqrt,5,0.0129155,0.1,10,0.7266666666666667,0.07644896627453145,362,0.8,0.7333333333333334,0.6166666666666667,0.8166666666666667,0.6666666666666666,0.4813261032104492,0.021161794662475586
sqrt,5,0.0129155,0.1,20,0.7633333333333334,0.1746106780494506,164,0.8,0.8333333333333333,0.7166666666666667,1.0,0.4666666666666667,0.4827868461608887,0.020911455154418945
sqrt,5,0.0129155,0.1,50,0.7066666666666668,0.2029230834029923,443,0.9,0.7333333333333334,0.6166666666666667,0.9166666666666667,0.3666666666666667,0.4886667728424072,0.02067675590515137
sqrt,5,0.0129155,0.3,5,0.6433333333333333,0.035901098714230015,603,0.6,0.6333333333333333,0.6166666666666667,0.7,0.6666666666666666,0.468625545501709,0.02093033790588379
sqrt,5,0.0129155,0.3,10,0.6433333333333333,0.035901098714230015,603,0.6,0.6333333333333333,0.6166666666666667,0.7,0.6666666666666666,0.46956558227539064,0.020819091796875
sqrt,5,0.0129155,0.3,20,0.5966666666666667,0.1151810169544733,672,0.7,0.55,0.6166666666666667,0.7166666666666667,0.4,0.474183988571167,0.020606136322021483
sqrt,5,0.0129155,0.3,50,0.5633333333333334,0.06182412330330469,752,0.5166666666666667,0.65,0.6166666666666667,0.55,0.48333333333333334,0.4838653564453125,0.022267484664916994
sqrt,5,0.0129155,0.5,5,0.6433333333333333,0.035901098714230015,603,0.6,0.6333333333333333,0.6166666666666667,0.7,0.6666666666666666,0.4678806304931641,0.020717716217041014
sqrt,5,0.0129155,0.5,10,0.6433333333333333,0.035901098714230015,603,0.6,0.6333333333333333,0.6166666666666667,0.7,0.6666666666666666,0.4689788818359375,0.020830154418945312
sqrt,5,0.0129155,0.5,20,0.5966666666666667,0.1151810169544733,672,0.7,0.55,0.6166666666666667,0.7166666666666667,0.4,0.47565326690673826,0.020909452438354494
sqrt,5,0.0129155,0.5,50,0.5633333333333334,0.06182412330330469,752,0.5166666666666667,0.65,0.6166666666666667,0.55,0.48333333333333334,0.477723503112793,0.020701837539672852
sqrt,5,0.0129155,0.7,5,0.6433333333333333,0.035901098714230015,603,0.6,0.6333333333333333,0.6166666666666667,0.7,0.6666666666666666,0.46742839813232423,0.02071843147277832
sqrt,5,0.0129155,0.7,10,0.6433333333333333,0.035901098714230015,603,0.6,0.6333333333333333,0.6166666666666667,0.7,0.6666666666666666,0.46841726303100584,0.020996999740600587
sqrt,5,0.0129155,0.7,20,0.5966666666666667,0.1151810169544733,672,0.7,0.55,0.6166666666666667,0.7166666666666667,0.4,0.47145743370056153,0.02095937728881836
sqrt,5,0.0129155,0.7,50,0.5633333333333334,0.06182412330330469,752,0.5166666666666667,0.65,0.6166666666666667,0.55,0.48333333333333334,0.4783423900604248,0.02080984115600586
sqrt,5,0.0129155,0.9,5,0.6433333333333333,0.035901098714230015,603,0.6,0.6333333333333333,0.6166666666666667,0.7,0.6666666666666666,0.4679372310638428,0.02085456848144531
sqrt,5,0.0129155,0.9,10,0.6433333333333333,0.035901098714230015,603,0.6,0.6333333333333333,0.6166666666666667,0.7,0.6666666666666666,0.4683657169342041,0.02060675621032715
sqrt,5,0.0129155,0.9,20,0.5966666666666667,0.1151810169544733,672,0.7,0.55,0.6166666666666667,0.7166666666666667,0.4,0.47161211967468264,0.020868635177612303
sqrt,5,0.0129155,0.9,50,0.5633333333333334,0.06182412330330469,752,0.5166666666666667,0.65,0.6166666666666667,0.55,0.48333333333333334,0.47882494926452634,0.02096734046936035
sqrt,5,0.0464159,0.1,5,0.7666666666666667,0.08881941729649487,147,0.8,0.7333333333333334,0.7333333333333334,0.9166666666666667,0.65,0.48891339302062986,0.020710039138793945
sqrt,5,0.0464159,0.1,10,0.7300000000000001,0.1465908895153068,319,0.7166666666666667,0.7333333333333334,0.6166666666666667,1.0,0.5833333333333334,0.4927821636199951,0.020915508270263672
sqrt,5,0.0464159,0.1,20,0.7633333333333334,0.12710450643291743,164,0.7166666666666667,0.7333333333333334,0.6166666666666667,1.0,0.75,0.49468221664428713,0.020920848846435545
sqrt,5,0.0464159,0.1,50,0.71,0.18061622912192088,429,0.6333333333333333,0.8333333333333333,0.5166666666666667,1.0,0.5666666666666667,0.49717259407043457,0.020838022232055664
sqrt,5,0.0464159,0.3,5,0.7466666666666666,0.055176484524156175,262,0.8,0.7333333333333334,0.7166666666666667,0.8166666666666667,0.6666666666666666,0.49053010940551756,0.020743703842163085
sqrt,5,0.0464159,0.3,10,0.7100000000000001,0.10780641085864154,424,0.7166666666666667,0.6333333333333333,0.7166666666666667,0.9,0.5833333333333334,0.4911954879760742,0.020990610122680664
sqrt,5,0.0464159,0.3,20,0.7633333333333334,0.09030811456096045,164,0.8,0.7333333333333334,0.7166666666666667,0.9166666666666667,0.65,0.49242348670959474,0.020825004577636717
sqrt,5,0.0464159,0.3,50,0.7066666666666667,0.10728984626287386,454,0.8166666666666667,0.7333333333333334,0.6166666666666667,0.8166666666666667,0.55,0.4979532718658447,0.021024703979492188
sqrt,5,0.0464159,0.5,5,0.69,0.07717224601860148,550,0.6333333333333333,0.8333333333333333,0.6166666666666667,0.7,0.6666666666666666,0.48282084465026853,0.02125859260559082
sqrt,5,0.0464159,0.5,10,0.7233333333333334,0.08730533902472526,386,0.8166666666666667,0.8333333333333333,0.6166666666666667,0.7,0.65,0.4864048480987549,0.021125984191894532
sqrt,5,0.0464159,0.5,20,0.6866666666666668,0.10022197585581936,555,0.8166666666666667,0.7333333333333334,0.5166666666666667,0.7166666666666667,0.65,0.4900562286376953,0.020816326141357422
sqrt,5,0.0464159,0.5,50,0.6399999999999999,0.07859884081701064,667,0.55,0.7333333333333334,0.7166666666666667,0.55,0.65,0.4934624195098877,0.0208343505859375
sqrt,5,0.0464159,0.7,5,0.6433333333333333,0.035901098714230015,603,0.6,0.6333333333333333,0.6166666666666667,0.7,0.6666666666666666,0.47009525299072263,0.020961189270019533
sqrt,5,0.0464159,0.7,10,0.6433333333333333,0.035901098714230015,603,0.6,0.6333333333333333,0.6166666666666667,0.7,0.6666666666666666,0.46997699737548826,0.020878076553344727
sqrt,5,0.0464159,0.7,20,0.5966666666666667,0.1151810169544733,672,0.7,0.55,0.6166666666666667,0.7166666666666667,0.4,0.4744762420654297,0.02089543342590332
sqrt,5,0.0464159,0.7,50,0.5633333333333334,0.06182412330330469,752,0.5166666666666667,0.65,0.6166666666666667,0.55,0.48333333333333334,0.47982125282287597,0.021081256866455077
sqrt,5,0.0464159,0.9,5,0.6433333333333333,0.035901098714230015,603,0.6,0.6333333333333333,0.6166666666666667,0.7,0.6666666666666666,0.46941637992858887,0.020680332183837892
sqrt,5,0.0464159,0.9,10,0.6433333333333333,0.035901098714230015,603,0.6,0.6333333333333333,0.6166666666666667,0.7,0.6666666666666666,0.4699708461761475,0.020868253707885743
sqrt,5,0.0464159,0.9,20,0.5966666666666667,0.1151810169544733,672,0.7,0.55,0.6166666666666667,0.7166666666666667,0.4,0.47395834922790525,0.020925617218017577
sqrt,5,0.0464159,0.9,50,0.5633333333333334,0.06182412330330469,752,0.5166666666666667,0.65,0.6166666666666667,0.55,0.48333333333333334,0.48300776481628416,0.020842933654785158
sqrt,5,0.16681,0.1,5,0.6766666666666666,0.054365021434333645,560,0.6166666666666667,0.6333333333333333,0.7333333333333334,0.75,0.65,0.5189002990722656,0.021062469482421874
sqrt,5,0.16681,0.1,10,0.7333333333333332,0.09249624617007739,317,0.8,0.75,0.7166666666666667,0.8333333333333333,0.5666666666666667,0.522026538848877,0.020865631103515626
sqrt,5,0.16681,0.1,20,0.7066666666666668,0.12978614889287857,443,0.7166666666666667,0.7333333333333334,0.5166666666666667,0.9166666666666667,0.65,0.523883056640625,0.02084035873413086
sqrt,5,0.16681,0.1,50,0.7066666666666667,0.16213848676020412,454,0.6333333333333333,0.7333333333333334,0.5166666666666667,1.0,0.65,0.5273759365081787,0.02089066505432129
sqrt,5,0.16681,0.3,5,0.73,0.05906681715556447,328,0.7166666666666667,0.7333333333333334,0.7166666666666667,0.8333333333333333,0.65,0.5233505725860595,0.02095184326171875
sqrt,5,0.16681,0.3,10,0.7666666666666666,0.14414498873626436,154,0.7166666666666667,0.8333333333333333,0.7166666666666667,1.0,0.5666666666666667,0.5246168613433838,0.020915746688842773
sqrt,5,0.16681,0.3,20,0.7266666666666668,0.15003703246569197,349,0.7166666666666667,0.7333333333333334,0.6166666666666667,1.0,0.5666666666666667,0.5267499446868896,0.021129131317138672
sqrt,5,0.16681,0.3,50,0.7466666666666667,0.13474255287605158,247,0.7333333333333334,0.7333333333333334,0.6166666666666667,1.0,0.65,0.5321846961975097,0.020815467834472655
sqrt,5,0.16681,0.5,5,0.73,0.05312459150169741,328,0.7166666666666667,0.7333333333333334,0.7333333333333334,0.8166666666666667,0.65,0.5239362239837646,0.02097015380859375
sqrt,5,0.16681,0.5,10,0.7233333333333334,0.1108552609887726,386,0.7166666666666667,0.7333333333333334,0.7166666666666667,0.9,0.55,0.5254056453704834,0.021027183532714842
sqrt,5,0.16681,0.5,20,0.7133333333333334,0.14996295838935988,405,0.7166666666666667,0.65,0.6166666666666667,1.0,0.5833333333333334,0.5275799751281738,0.02086949348449707
sqrt,5,0.16681,0.5,50,0.7633333333333333,0.13960261060914614,172,0.7166666666666667,0.8333333333333333,0.6166666666666667,1.0,0.65,0.5310634136199951,0.021000003814697264
sqrt,5,0.16681,0.7,5,0.7266666666666667,0.05333333333333332,362,0.7166666666666667,0.7333333333333334,0.7166666666666667,0.8166666666666667,0.65,0.5194217205047608,0.021072912216186523
sqrt,5,0.16681,0.7,10,0.7266666666666667,0.092255683353987,362,0.7166666666666667,0.6333333333333333,0.7166666666666667,0.9,0.6666666666666666,0.5231663703918457,0.020830774307250978
sqrt,5,0.16681,0.7,20,0.7066666666666668,0.19049642749639398,443,0.8,0.7333333333333334,0.5166666666666667,1.0,0.48333333333333334,0.5228034496307373,0.020563173294067382
sqrt,5,0.16681,0.7,50,0.7433333333333334,0.1579732748143038,273,0.8166666666666667,0.7333333333333334,0.6166666666666667,1.0,0.55,0.52750244140625,0.02082233428955078
sqrt,5,0.16681,0.9,5,0.73,0.04876246279442598,328,0.7166666666666667,0.7333333333333334,0.7166666666666667,0.8166666666666667,0.6666666666666666,0.517029857635498,0.02085084915161133
sqrt,5,0.16681,0.9,10,0.7266666666666667,0.14552586635295384,362,0.7166666666666667,0.7333333333333334,0.8166666666666667,0.9,0.4666666666666667,0.5211601257324219,0.02110714912414551
sqrt,5,0.16681,0.9,20,0.7433333333333334,0.1167142760000773,273,0.7166666666666667,0.7333333333333334,0.8166666666666667,0.9,0.55,0.5210565567016602,0.020755195617675783
sqrt,5,0.16681,0.9,50,0.7066666666666668,0.2029230834029923,443,0.9,0.7333333333333334,0.6166666666666667,0.9166666666666667,0.3666666666666667,0.5259061336517334,0.02104477882385254
sqrt,5,0.599484,0.1,5,0.7266666666666667,0.0793025150224688,362,0.8,0.6333333333333333,0.7166666666666667,0.8333333333333333,0.65,0.5848177909851074,0.020824766159057616
sqrt,5,0.599484,0.1,10,0.7866666666666666,0.08781293248212996,88,0.8,0.8333333333333333,0.7166666666666667,0.9166666666666667,0.6666666666666666,0.5869743824005127,0.020821475982666017
sqrt,5,0.599484,0.1,20,0.7433333333333334,0.17113996870657913,273,0.8,0.7333333333333334,0.7166666666666667,1.0,0.4666666666666667,0.5973814487457275,0.021098518371582033
sqrt,5,0.599484,0.1,50,0.69,0.13063945294843618,550,0.7166666666666667,0.65,0.5166666666666667,0.9166666666666667,0.65,0.6030994415283203,0.020958709716796874
sqrt,5,0.599484,0.3,5,0.7166666666666667,0.03496029493900506,398,0.7166666666666667,0.7333333333333334,0.7333333333333334,0.75,0.65,0.6026969909667969,0.02093658447265625
sqrt,5,0.599484,0.3,10,0.7433333333333334,0.09809292646374776,273,0.7,0.75,0.6166666666666667,0.9166666666666667,0.7333333333333334,0.6235134601593018,0.021153688430786133
sqrt,5,0.599484,0.3,20,0.75,0.14944341180973264,214,0.7166666666666667,0.65,0.8166666666666667,1.0,0.5666666666666667,0.6113734245300293,0.02094111442565918
sqrt,5,0.599484,0.3,50,0.7066666666666667,0.16885233522551918,454,0.7166666666666667,0.7333333333333334,0.5166666666666667,1.0,0.5666666666666667,0.612220573425293,0.02112884521484375
sqrt,5,0.599484,0.5,5,0.6966666666666667,0.04642796092394708,504,0.7166666666666667,0.6333333333333333,0.7333333333333334,0.75,0.65,0.6176990509033203,0.021199417114257813
sqrt,5,0.599484,0.5,10,0.7266666666666668,0.12138094304022085,349,0.8,0.75,0.6166666666666667,0.9,0.5666666666666667,0.6185020923614502,0.021134042739868165
sqrt,5,0.599484,0.5,20,0.75,0.16898389140848769,214,0.7166666666666667,0.8333333333333333,0.7166666666666667,1.0,0.48333333333333334,0.621722936630249,0.020966100692749023
sqrt,5,0.599484,0.5,50,0.7266666666666668,0.15003703246569197,349,0.7166666666666667,0.7333333333333334,0.6166666666666667,1.0,0.5666666666666667,0.626100730895996,0.02099499702453613
sqrt,5,0.599484,0.7,5,0.7066666666666668,0.06960204339273698,443,0.7166666666666667,0.7333333333333334,0.6166666666666667,0.8166666666666667,0.65,0.6127374649047852,0.0210543155670166
sqrt,5,0.599484,0.7,10,0.6933333333333334,0.09043106644167025,512,0.7166666666666667,0.75,0.6166666666666667,0.8166666666666667,0.5666666666666667,0.620753002166748,0.020870065689086913
sqrt,5,0.599484,0.7,20,0.7066666666666667,0.19793377119071362,454,0.7166666666666667,0.8333333333333333,0.5166666666666667,1.0,0.4666666666666667,0.6184858322143555,0.020974111557006837
sqrt,5,0.599484,0.7,50,0.7633333333333334,0.12174654911833115,164,0.7166666666666667,0.7333333333333334,0.7166666666666667,1.0,0.65,0.6231571674346924,0.02125077247619629
sqrt,5,0.599484,0.9,5,0.6866666666666666,0.07333333333333332,557,0.7166666666666667,0.6333333333333333,0.6166666666666667,0.8166666666666667,0.65,0.6005561351776123,0.021110105514526366
sqrt,5,0.599484,0.9,10,0.7466666666666667,0.13515423288475528,247,0.7166666666666667,0.75,0.6166666666666667,1.0,0.65,0.6021787166595459,0.020911264419555663
sqrt,5,0.599484,0.9,20,0.7066666666666668,0.19510680835549193,443,0.8,0.75,0.5166666666666667,1.0,0.4666666666666667,0.6058873176574707,0.021085643768310548
sqrt,5,0.599484,0.9,50,0.8,0.12337837015547833,50,0.8166666666666667,0.8333333333333333,0.7166666666666667,1.0,0.6333333333333333,0.6096863746643066,0.021034812927246092
sqrt,5,2.15443,0.1,5,0.71,0.062003584125794264,429,0.8,0.6333333333333333,0.7166666666666667,0.75,0.65,0.6933717727661133,0.021017169952392577
sqrt,5,2.15443,0.1,10,0.7133333333333334,0.10077477638553979,405,0.8,0.55,0.7166666666666667,0.8333333333333333,0.6666666666666666,0.6968172550201416,0.020969915390014648
sqrt,5,2.15443,0.1,20,0.76,0.13605554421305702,177,0.8,0.7333333333333334,0.6166666666666667,1.0,0.65,0.6983618259429931,0.020813989639282226
sqrt,5,2.15443,0.1,50,0.69,0.13063945294843618,550,0.7166666666666667,0.65,0.5166666666666667,0.9166666666666667,0.65,0.7011988162994385,0.021020793914794923
sqrt,5,2.15443,0.3,5,0.73,0.07916228058025278,328,0.8,0.6333333333333333,0.7333333333333334,0.8333333333333333,0.65,0.775284719467163,0.021404790878295898
sqrt,5,2.15443,0.3,10,0.7466666666666668,0.10132456102380444,237,0.8,0.65,0.7166666666666667,0.9166666666666667,0.65,0.7797165393829346,0.021004104614257814
sqrt,5,2.15443,0.3,20,0.75,0.17224014243685085,214,0.7166666666666667,0.75,0.8166666666666667,1.0,0.4666666666666667,0.7776410102844238,0.02096714973449707
sqrt,5,2.15443,0.3,50,0.6900000000000001,0.16950909513454823,538,0.7166666666666667,0.65,0.5166666666666667,1.0,0.5666666666666667,0.7835695266723632,0.021067285537719728
sqrt,5,2.15443,0.5,5,0.7166666666666667,0.03496029493900506,398,0.7166666666666667,0.7333333333333334,0.7333333333333334,0.75,0.65,0.7940803050994873,0.020943355560302735
sqrt,5,2.15443,0.5,10,0.7066666666666667,0.12000000000000002,454,0.7,0.65,0.7166666666666667,0.9166666666666667,0.55,0.7967311859130859,0.021213769912719727
sqrt,5,2.15443,0.5,20,0.75,0.14023789311975088,214,0.7166666666666667,0.75,0.7166666666666667,1.0,0.5666666666666667,0.7998816490173339,0.021044826507568358
sqrt,5,2.15443,0.5,50,0.7066666666666668,0.19624248039380032,443,0.8166666666666667,0.7333333333333334,0.5166666666666667,1.0,0.4666666666666667,0.8054977893829346,0.020900964736938477
sqrt,5,2.15443,0.7,5,0.7500000000000001,0.08881941729649488,205,0.7166666666666667,0.7333333333333334,0.7333333333333334,0.9166666666666667,0.65,0.8212390422821045,0.021039772033691406
sqrt,5,2.15443,0.7,10,0.7466666666666668,0.10132456102380444,237,0.8,0.65,0.7166666666666667,0.9166666666666667,0.65,0.8216458320617676,0.0209625244140625
sqrt,5,2.15443,0.7,20,0.7666666666666666,0.14414498873626436,154,0.7166666666666667,0.8333333333333333,0.7166666666666667,1.0,0.5666666666666667,0.8245250225067139,0.021118307113647462
sqrt,5,2.15443,0.7,50,0.7466666666666667,0.15398412616601462,247,0.8166666666666667,0.7333333333333334,0.6166666666666667,1.0,0.5666666666666667,0.8280694007873535,0.021108245849609374
sqrt,5,2.15443,0.9,5,0.7500000000000001,0.08881941729649488,205,0.7166666666666667,0.7333333333333334,0.7333333333333334,0.9166666666666667,0.65,0.8222208499908448,0.020972585678100585
sqrt,5,2.15443,0.9,10,0.7266666666666666,0.09521904571390465,382,0.8,0.75,0.7166666666666667,0.8166666666666667,0.55,0.8264457702636718,0.021005678176879882
sqrt,5,2.15443,0.9,20,0.7666666666666666,0.14414498873626436,154,0.7166666666666667,0.8333333333333333,0.7166666666666667,1.0,0.5666666666666667,0.8263387203216552,0.021163034439086913
sqrt,5,2.15443,0.9,50,0.74,0.1565602475442317,282,0.8,0.7333333333333334,0.6166666666666667,1.0,0.55,0.8307286262512207,0.02091817855834961
sqrt,5,7.74264,0.1,5,0.71,0.062003584125794264,429,0.8,0.6333333333333333,0.7166666666666667,0.75,0.65,0.7565720081329346,0.02108316421508789
sqrt,5,7.74264,0.1,10,0.73,0.09854496999396326,328,0.7166666666666667,0.6333333333333333,0.7166666666666667,0.9166666666666667,0.6666666666666666,0.7569611549377442,0.0209658145904541
sqrt,5,7.74264,0.1,20,0.7266666666666667,0.10413666234542207,362,0.7166666666666667,0.7333333333333334,0.6166666666666667,0.9166666666666667,0.65,0.7640686988830566,0.02103395462036133
sqrt,5,7.74264,0.1,50,0.7300000000000001,0.11125546178852426,319,0.7166666666666667,0.7333333333333334,0.7166666666666667,0.9166666666666667,0.5666666666666667,0.7664308547973633,0.021039581298828124
sqrt,5,7.74264,0.3,5,0.6966666666666667,0.04642796092394708,504,0.7166666666666667,0.6333333333333333,0.7333333333333334,0.75,0.65,0.9569942474365234,0.02089347839355469
sqrt,5,7.74264,0.3,10,0.73,0.0755718936583642,328,0.8,0.65,0.7166666666666667,0.8333333333333333,0.65,0.9602648258209229,0.021215152740478516
sqrt,5,7.74264,0.3,20,0.71,0.15297058540778355,429,0.7166666666666667,0.65,0.6166666666666667,1.0,0.5666666666666667,0.9608090877532959,0.021073627471923827
sqrt,5,7.74264,0.3,50,0.69,0.16282232989093082,550,0.6333333333333333,0.65,0.5166666666666667,1.0,0.65,0.9739919185638428,0.02083296775817871
sqrt,5,7.74264,0.5,5,0.7499999999999999,0.10327955589886445,229,0.9,0.6333333333333333,0.7333333333333334,0.8333333333333333,0.65,1.0435094833374023,0.021123361587524415
sqrt,5,7.74264,0.5,10,0.7466666666666668,0.10132456102380444,237,0.8,0.65,0.7166666666666667,0.9166666666666667,0.65,1.0415406227111816,0.020912790298461915
sqrt,5,7.74264,0.5,20,0.8066666666666666,0.13848385385227324,33,0.8166666666666667,0.8333333333333333,0.8166666666666667,1.0,0.5666666666666667,1.0507135391235352,0.020993518829345702
sqrt,5,7.74264,0.5,50,0.6900000000000001,0.17113996870657913,538,0.6333333333333333,0.7333333333333334,0.5166666666666667,1.0,0.5666666666666667,1.0557599067687988,0.02113184928894043
sqrt,5,7.74264,0.7,5,0.7333333333333333,0.058689389538863324,307,0.7166666666666667,0.7333333333333334,0.7333333333333334,0.8333333333333333,0.65,1.127927541732788,0.02110891342163086
sqrt,5,7.74264,0.7,10,0.7066666666666667,0.12000000000000002,454,0.7,0.65,0.7166666666666667,0.9166666666666667,0.55,1.1361214160919189,0.02118992805480957
sqrt,5,7.74264,0.7,20,0.77,0.1355646627177517,121,0.8,0.75,0.7166666666666667,1.0,0.5833333333333334,1.1319621562957765,0.020902585983276368
sqrt,5,7.74264,0.7,50,0.7266666666666667,0.1579732748143038,362,0.7333333333333334,0.7333333333333334,0.5166666666666667,1.0,0.65,1.1397197723388672,0.021242237091064452
sqrt,5,7.74264,0.9,5,0.7166666666666667,0.03496029493900506,398,0.7166666666666667,0.7333333333333334,0.7333333333333334,0.75,0.65,1.1201014041900634,0.02086014747619629
sqrt,5,7.74264,0.9,10,0.6900000000000001,0.1254325848148452,538,0.6166666666666667,0.65,0.7166666666666667,0.9166666666666667,0.55,1.1274709224700927,0.021070480346679688
sqrt,5,7.74264,0.9,20,0.77,0.13960261060914614,121,0.7166666666666667,0.8333333333333333,0.7166666666666667,1.0,0.5833333333333334,1.1221745014190674,0.021141624450683592
sqrt,5,7.74264,0.9,50,0.71,0.1772004514666935,429,0.8166666666666667,0.65,0.5166666666666667,1.0,0.5666666666666667,1.1284206867218018,0.021043872833251952
sqrt,5,27.8256,0.1,5,0.7133333333333333,0.053124591501697446,416,0.8,0.7333333333333334,0.7166666666666667,0.6666666666666666,0.65,0.75862717628479,0.020826292037963868
sqrt,5,27.8256,0.1,10,0.7499999999999999,0.05962847939999438,229,0.8,0.7333333333333334,0.7166666666666667,0.8333333333333333,0.6666666666666666,0.7629032611846924,0.02101445198059082
sqrt,5,27.8256,0.1,20,0.7500000000000001,0.08628119403696527,205,0.7166666666666667,0.7333333333333334,0.7166666666666667,0.9166666666666667,0.6666666666666666,0.762333345413208,0.020974254608154295
sqrt,5,27.8256,0.1,50,0.7300000000000001,0.11125546178852426,319,0.7166666666666667,0.7333333333333334,0.7166666666666667,0.9166666666666667,0.5666666666666667,0.7686879634857178,0.02122669219970703
sqrt,5,27.8256,0.3,5,0.71,0.062003584125794264,429,0.8,0.6333333333333333,0.7166666666666667,0.75,0.65,0.8977779865264892,0.02093849182128906
sqrt,5,27.8256,0.3,10,0.7466666666666666,0.10187137859957422,262,0.8,0.6333333333333333,0.7166666666666667,0.9166666666666667,0.6666666666666666,0.8987687110900879,0.021082019805908202
sqrt,5,27.8256,0.3,20,0.71,0.1204620733306177,429,0.7166666666666667,0.7333333333333334,0.6166666666666667,0.9166666666666667,0.5666666666666667,0.8998757839202881,0.021079063415527344
sqrt,5,27.8256,0.3,50,0.73,0.09797958971132714,328,0.7166666666666667,0.65,0.7166666666666667,0.9166666666666667,0.65,0.9048059463500977,0.021001005172729494
sqrt,5,27.8256,0.5,5,0.71,0.062003584125794264,429,0.8,0.6333333333333333,0.7166666666666667,0.75,0.65,1.077060079574585,0.020897912979125976
sqrt,5,27.8256,0.5,10,0.7133333333333333,0.12710450643291743,416,0.8,0.55,0.8166666666666667,0.8333333333333333,0.5666666666666667,1.0752113342285157,0.020827436447143556
sqrt,5,27.8256,0.5,20,0.7266666666666667,0.10413666234542207,362,0.7166666666666667,0.7333333333333334,0.6166666666666667,0.9166666666666667,0.65,1.0720345973968506,0.02110147476196289
sqrt,5,27.8256,0.5,50,0.6933333333333332,0.11234866364235147,529,0.6333333333333333,0.65,0.6166666666666667,0.9166666666666667,0.65,1.0821650505065918,0.02111201286315918
sqrt,5,27.8256,0.7,5,0.71,0.062003584125794264,429,0.8,0.6333333333333333,0.7166666666666667,0.75,0.65,1.18900728225708,0.02191452980041504
sqrt,5,27.8256,0.7,10,0.7466666666666666,0.0644635986860457,262,0.8,0.7333333333333334,0.7166666666666667,0.8333333333333333,0.65,1.188328742980957,0.02089695930480957
sqrt,5,27.8256,0.7,20,0.6933333333333334,0.17113996870657913,512,0.7166666666666667,0.65,0.6166666666666667,1.0,0.48333333333333334,1.194052505493164,0.021378612518310545
sqrt,5,27.8256,0.7,50,0.6900000000000001,0.17113996870657913,538,0.6333333333333333,0.7333333333333334,0.5166666666666667,1.0,0.5666666666666667,1.2015074729919433,0.02109379768371582
sqrt,5,27.8256,0.9,5,0.7099999999999999,0.08793937305515279,442,0.8,0.6333333333333333,0.6333333333333333,0.8333333333333333,0.65,1.2691916465759276,0.020972681045532227
sqrt,5,27.8256,0.9,10,0.7466666666666668,0.10132456102380444,237,0.8,0.65,0.7166666666666667,0.9166666666666667,0.65,1.2707924842834473,0.020920705795288087
sqrt,5,27.8256,0.9,20,0.6966666666666667,0.13920408678547402,504,0.7166666666666667,0.65,0.7166666666666667,0.9166666666666667,0.48333333333333334,1.277228307723999,0.021125173568725585
sqrt,5,27.8256,0.9,50,0.6733333333333332,0.17016332024133624,562,0.6333333333333333,0.65,0.5166666666666667,1.0,0.5666666666666667,1.2799118518829347,0.020979928970336913
sqrt,5,100.0,0.1,5,0.7133333333333333,0.053124591501697446,416,0.8,0.7333333333333334,0.7166666666666667,0.6666666666666666,0.65,0.8066543102264404,0.020911407470703126
sqrt,5,100.0,0.1,10,0.7533333333333332,0.0784573486395988,203,0.8,0.65,0.8166666666666667,0.8333333333333333,0.6666666666666666,0.8114165306091309,0.021022224426269533
sqrt,5,100.0,0.1,20,0.8,0.10381607668264957,50,0.8,0.7333333333333334,0.7166666666666667,1.0,0.75,0.8096757888793945,0.02087059020996094
sqrt,5,100.0,0.1,50,0.7466666666666668,0.08969082698049143,237,0.7166666666666667,0.7333333333333334,0.7166666666666667,0.9166666666666667,0.65,0.8145229816436768,0.021052789688110352
sqrt,5,100.0,0.3,5,0.7133333333333333,0.053124591501697446,416,0.8,0.7333333333333334,0.7166666666666667,0.6666666666666666,0.65,0.8211720943450928,0.020934486389160158
sqrt,5,100.0,0.3,10,0.77,0.06182412330330468,121,0.8,0.7333333333333334,0.8166666666666667,0.8333333333333333,0.6666666666666666,0.823572826385498,0.02110323905944824
sqrt,5,100.0,0.3,20,0.7500000000000001,0.08628119403696527,205,0.7166666666666667,0.7333333333333334,0.7166666666666667,0.9166666666666667,0.6666666666666666,0.8275299072265625,0.021066570281982423
sqrt,5,100.0,0.3,50,0.7466666666666668,0.08969082698049143,237,0.7166666666666667,0.7333333333333334,0.7166666666666667,0.9166666666666667,0.65,0.8303186893463135,0.02106952667236328
sqrt,5,100.0,0.5,5,0.73,0.04876246279442598,328,0.8,0.7333333333333334,0.7166666666666667,0.75,0.65,0.8618221759796143,0.020958757400512694
sqrt,5,100.0,0.5,10,0.77,0.06182412330330468,121,0.8,0.7333333333333334,0.8166666666666667,0.8333333333333333,0.6666666666666666,0.8625529766082763,0.021098613739013672
sqrt,5,100.0,0.5,20,0.7266666666666668,0.11623730516108463,349,0.7166666666666667,0.7333333333333334,0.7166666666666667,0.9166666666666667,0.55,0.8687991619110107,0.020795536041259766
sqrt,5,100.0,0.5,50,0.7300000000000001,0.11125546178852426,319,0.7166666666666667,0.7333333333333334,0.7166666666666667,0.9166666666666667,0.5666666666666667,0.8684694290161132,0.02099146842956543
sqrt,5,100.0,0.7,5,0.73,0.04876246279442598,328,0.8,0.7333333333333334,0.7166666666666667,0.75,0.65,0.9149948120117187,0.02087569236755371
sqrt,5,100.0,0.7,10,0.7500000000000001,0.08628119403696527,205,0.7166666666666667,0.7333333333333334,0.7166666666666667,0.9166666666666667,0.6666666666666666,0.9159438133239746,0.0212888240814209
sqrt,5,100.0,0.7,20,0.6900000000000001,0.14779866184930246,538,0.7166666666666667,0.7333333333333334,0.6166666666666667,0.9166666666666667,0.4666666666666667,0.9194284439086914,0.020880126953125
sqrt,5,100.0,0.7,50,0.7300000000000001,0.11125546178852426,319,0.7166666666666667,0.7333333333333334,0.7166666666666667,0.9166666666666667,0.5666666666666667,0.9226781368255615,0.0210723876953125
sqrt,5,100.0,0.9,5,0.71,0.062003584125794264,429,0.8,0.6333333333333333,0.7166666666666667,0.75,0.65,0.9641935348510742,0.020998811721801756
sqrt,5,100.0,0.9,10,0.7500000000000001,0.10381607668264961,205,0.7166666666666667,0.6333333333333333,0.8166666666666667,0.9166666666666667,0.6666666666666666,0.9658994674682617,0.020878362655639648
sqrt,5,100.0,0.9,20,0.7266666666666668,0.15003703246569197,349,0.7166666666666667,0.7333333333333334,0.6166666666666667,1.0,0.5666666666666667,0.9663968086242676,0.021065378189086915
sqrt,5,100.0,0.9,50,0.73,0.09797958971132714,328,0.7166666666666667,0.65,0.7166666666666667,0.9166666666666667,0.65,0.9748622894287109,0.021138334274291994
0.3,1,0.001,0.1,5,0.6533333333333333,0.04396968652757641,571,0.7333333333333334,0.6333333333333333,0.6166666666666667,0.6166666666666667,0.6666666666666666,0.47765517234802246,0.021157312393188476
0.3,1,0.001,0.1,10,0.7033333333333334,0.07483314773547886,465,0.7333333333333334,0.6333333333333333,0.8,0.6,0.75,0.48226656913757326,0.02140812873840332
0.3,1,0.001,0.1,20,0.5966666666666667,0.09510228411791405,672,0.7333333333333334,0.65,0.6166666666666667,0.5166666666666667,0.4666666666666667,0.49219536781311035,0.021453666687011718
0.3,1,0.001,0.1,50,0.48666666666666664,0.09273618495495704,785,0.5333333333333333,0.4666666666666667,0.6166666666666667,0.3333333333333333,0.48333333333333334,0.5115505218505859,0.02143120765686035
0.3,1,0.001,0.3,5,0.6533333333333333,0.04396968652757641,571,0.7333333333333334,0.6333333333333333,0.6166666666666667,0.6166666666666667,0.6666666666666666,0.4770226955413818,0.021195745468139647
0.3,1,0.001,0.3,10,0.7033333333333334,0.07483314773547886,465,0.7333333333333334,0.6333333333333333,0.8,0.6,0.75,0.48244519233703614,0.021494579315185548
0.3,1,0.001,0.3,20,0.5966666666666667,0.09510228411791405,672,0.7333333333333334,0.65,0.6166666666666667,0.5166666666666667,0.4666666666666667,0.4923128128051758,0.021337461471557618
0.3,1,0.001,0.3,50,0.48666666666666664,0.09273618495495704,785,0.5333333333333333,0.4666666666666667,0.6166666666666667,0.3333333333333333,0.48333333333333334,0.5125410079956054,0.02128739356994629
0.3,1,0.001,0.5,5,0.6533333333333333,0.04396968652757641,571,0.7333333333333334,0.6333333333333333,0.6166666666666667,0.6166666666666667,0.6666666666666666,0.4763457775115967,0.021149444580078124
0.3,1,0.001,0.5,10,0.7033333333333334,0.07483314773547886,465,0.7333333333333334,0.6333333333333333,0.8,0.6,0.75,0.4817999839782715,0.021428251266479494
0.3,1,0.001,0.5,20,0.5966666666666667,0.09510228411791405,672,0.7333333333333334,0.65,0.6166666666666667,0.5166666666666667,0.4666666666666667,0.4925666332244873,0.021304941177368163
0.3,1,0.001,0.5,50,0.48666666666666664,0.09273618495495704,785,0.5333333333333333,0.4666666666666667,0.6166666666666667,0.3333333333333333,0.48333333333333334,0.5111928462982178,0.02130403518676758
0.3,1,0.001,0.7,5,0.6533333333333333,0.04396968652757641,571,0.7333333333333334,0.6333333333333333,0.6166666666666667,0.6166666666666667,0.6666666666666666,0.47701058387756345,0.021198225021362305
0.3,1,0.001,0.7,10,0.7033333333333334,0.07483314773547886,465,0.7333333333333334,0.6333333333333333,0.8,0.6,0.75,0.48178706169128416,0.021481704711914063
0.3,1,0.001,0.7,20,0.5966666666666667,0.09510228411791405,672,0.7333333333333334,0.65,0.6166666666666667,0.5166666666666667,0.4666666666666667,0.4930578708648682,0.02137455940246582
0.3,1,0.001,0.7,50,0.48666666666666664,0.09273618495495704,785,0.5333333333333333,0.4666666666666667,0.6166666666666667,0.3333333333333333,0.48333333333333334,0.5125787734985352,0.02112569808959961
0.3,1,0.001,0.9,5,0.6533333333333333,0.04396968652757641,571,0.7333333333333334,0.6333333333333333,0.6166666666666667,0.6166666666666667,0.6666666666666666,0.47612457275390624,0.0211972713470459
0.3,1,0.001,0.9,10,0.7033333333333334,0.07483314773547886,465,0.7333333333333334,0.6333333333333333,0.8,0.6,0.75,0.48174223899841306,0.0214292049407959
0.3,1,0.001,0.9,20,0.5966666666666667,0.09510228411791405,672,0.7333333333333334,0.65,0.6166666666666667,0.5166666666666667,0.4666666666666667,0.4922328948974609,0.02132697105407715
0.3,1,0.001,0.9,50,0.48666666666666664,0.09273618495495704,785,0.5333333333333333,0.4666666666666667,0.6166666666666667,0.3333333333333333,0.48333333333333334,0.5112107276916504,0.02121443748474121
0.3,1,0.00359381,0.1,5,0.6533333333333333,0.04396968652757641,571,0.7333333333333334,0.6333333333333333,0.6166666666666667,0.6166666666666667,0.6666666666666666,0.4764547824859619,0.021296882629394533
0.3,1,0.00359381,0.1,10,0.7033333333333334,0.07483314773547886,465,0.7333333333333334,0.6333333333333333,0.8,0.6,0.75,0.4833965301513672,0.021603822708129883
0.3,1,0.00359381,0.1,20,0.5966666666666667,0.09510228411791405,672,0.7333333333333334,0.65,0.6166666666666667,0.5166666666666667,0.4666666666666667,0.4936989307403564,0.021259164810180663
0.3,1,0.00359381,0.1,50,0.48666666666666664,0.09273618495495704,785,0.5333333333333333,0.4666666666666667,0.6166666666666667,0.3333333333333333,0.48333333333333334,0.5112396240234375,0.02118844985961914
0.3,1,0.00359381,0.3,5,0.6533333333333333,0.04396968652757641,571,0.7333333333333334,0.6333333333333333,0.6166666666666667,0.6166666666666667,0.6666666666666666,0.47533483505249025,0.02130303382873535
0.3,1,0.00359381,0.3,10,0.7033333333333334,0.07483314773547886,465,0.7333333333333334,0.6333333333333333,0.8,0.6,0.75,0.48151240348815916,0.021509361267089844
0.3,1,0.00359381,0.3,20,0.5966666666666667,0.09510228411791405,672,0.7333333333333334,0.65,0.6166666666666667,0.5166666666666667,0.4666666666666667,0.4929513931274414,0.021370601654052735
0.3,1,0.00359381,0.3,50,0.48666666666666664,0.09273618495495704,785,0.5333333333333333,0.4666666666666667,0.6166666666666667,0.3333333333333333,0.48333333333333334,0.5110085964202881,0.021273374557495117
0.3,1,0.00359381,0.5,5,0.6533333333333333,0.04396968652757641,571,0.7333333333333334,0.6333333333333333,0.6166666666666667,0.6166666666666667,0.6666666666666666,0.475734281539917,0.021392250061035158
0.3,1,0.00359381,0.5,10,0.7033333333333334,0.07483314773547886,465,0.7333333333333334,0.6333333333333333,0.8,0.6,0.75,0.4836292743682861,0.021068286895751954
0.3,1,0.00359381,0.5,20,0.5966666666666667,0.09510228411791405,672,0.7333333333333334,0.65,0.6166666666666667,0.5166666666666667,0.4666666666666667,0.4932420253753662,0.02129082679748535
0.3,1,0.00359381,0.5,50,0.48666666666666664,0.09273618495495704,785,0.5333333333333333,0.4666666666666667,0.6166666666666667,0.3333333333333333,0.48333333333333334,0.5106164455413819,0.021356821060180664
0.3,1,0.00359381,0.7,5,0.6533333333333333,0.04396968652757641,571,0.7333333333333334,0.6333333333333333,0.6166666666666667,0.6166666666666667,0.6666666666666666,0.47646455764770507,0.02120485305786133
0.3,1,0.00359381,0.7,10,0.7033333333333334,0.07483314773547886,465,0.7333333333333334,0.6333333333333333,0.8,0.6,0.75,0.4855048179626465,0.021143770217895506
0.3,1,0.00359381,0.7,20,0.5966666666666667,0.09510228411791405,672,0.7333333333333334,0.65,0.6166666666666667,0.5166666666666667,0.4666666666666667,0.49309482574462893,0.02114133834838867
0.3,1,0.00359381,0.7,50,0.48666666666666664,0.09273618495495704,785,0.5333333333333333,0.4666666666666667,0.6166666666666667,0.3333333333333333,0.48333333333333334,0.5113311767578125,0.021373844146728514
0.3,1,0.00359381,0.9,5,0.6533333333333333,0.04396968652757641,571,0.7333333333333334,0.6333333333333333,0.6166666666666667,0.6166666666666667,0.6666666666666666,0.47702975273132325,0.021238327026367188
0.3,1,0.00359381,0.9,10,0.7033333333333334,0.07483314773547886,465,0.7333333333333334,0.6333333333333333,0.8,0.6,0.75,0.4835240364074707,0.021083831787109375
0.3,1,0.00359381,0.9,20,0.5966666666666667,0.09510228411791405,672,0.7333333333333334,0.65,0.6166666666666667,0.5166666666666667,0.4666666666666667,0.49361248016357423,0.021317672729492188
0.3,1,0.00359381,0.9,50,0.48666666666666664,0.09273618495495704,785,0.5333333333333333,0.4666666666666667,0.6166666666666667,0.3333333333333333,0.48333333333333334,0.5139716148376465,0.021285295486450195
0.3,1,0.0129155,0.1,5,0.7733333333333334,0.12364824660660936,104,0.55,0.8333333333333333,0.8166666666666667,0.9166666666666667,0.75,0.4842372417449951,0.021528148651123048
0.3,1,0.0129155,0.1,10,0.72,0.06782329983125265,393,0.65,0.7333333333333334,0.7333333333333334,0.8333333333333333,0.65,0.4915534496307373,0.02116565704345703
0.3,1,0.0129155,0.1,20,0.7666666666666667,0.0722649446289293,147,0.8,0.8333333333333333,0.7166666666666667,0.8333333333333333,0.65,0.5007853984832764,0.021245431900024415
0.3,1,0.0129155,0.1,50,0.7633333333333334,0.1644519517805868,164,0.9,0.8166666666666667,0.7166666666666667,0.9166666666666667,0.4666666666666667,0.5157413959503174,0.020917177200317383
0.3,1,0.0129155,0.3,5,0.6533333333333333,0.04396968652757641,571,0.7333333333333334,0.6333333333333333,0.6166666666666667,0.6166666666666667,0.6666666666666666,0.4775831699371338,0.02137441635131836
0.3,1,0.0129155,0.3,10,0.7033333333333334,0.07483314773547886,465,0.7333333333333334,0.6333333333333333,0.8,0.6,0.75,0.4838567733764648,0.021939802169799804
0.3,1,0.0129155,0.3,20,0.5966666666666667,0.09510228411791405,672,0.7333333333333334,0.65,0.6166666666666667,0.5166666666666667,0.4666666666666667,0.494923734664917,0.021250391006469728
0.3,1,0.0129155,0.3,50,0.48666666666666664,0.09273618495495704,785,0.5333333333333333,0.4666666666666667,0.6166666666666667,0.3333333333333333,0.48333333333333334,0.513732624053955,0.021233558654785156
0.3,1,0.0129155,0.5,5,0.6533333333333333,0.04396968652757641,571,0.7333333333333334,0.6333333333333333,0.6166666666666667,0.6166666666666667,0.6666666666666666,0.4775113105773926,0.021052122116088867
0.3,1,0.0129155,0.5,10,0.7033333333333334,0.07483314773547886,465,0.7333333333333334,0.6333333333333333,0.8,0.6,0.75,0.484437370300293,0.020992422103881837
0.3,1,0.0129155,0.5,20,0.5966666666666667,0.09510228411791405,672,0.7333333333333334,0.65,0.6166666666666667,0.5166666666666667,0.4666666666666667,0.4927816867828369,0.021095800399780273
0.3,1,0.0129155,0.5,50,0.48666666666666664,0.09273618495495704,785,0.5333333333333333,0.4666666666666667,0.6166666666666667,0.3333333333333333,0.48333333333333334,0.5097178936004638,0.02119455337524414
0.3,1,0.0129155,0.7,5,0.6533333333333333,0.04396968652757641,571,0.7333333333333334,0.6333333333333333,0.6166666666666667,0.6166666666666667,0.6666666666666666,0.4770470142364502,0.02103285789489746
0.3,1,0.0129155,0.7,10,0.7033333333333334,0.07483314773547886,465,0.7333333333333334,0.6333333333333333,0.8,0.6,0.75,0.48395419120788574,0.021364879608154298
0.3,1,0.0129155,0.7,20,0.5966666666666667,0.09510228411791405,672,0.7333333333333334,0.65,0.6166666666666667,0.5166666666666667,0.4666666666666667,0.49285387992858887,0.02116703987121582
0.3,1,0.0129155,0.7,50,0.48666666666666664,0.09273618495495704,785,0.5333333333333333,0.4666666666666667,0.6166666666666667,0.3333333333333333,0.48333333333333334,0.510025930404663,0.021123981475830077
0.3,1,0.0129155,0.9,5,0.6533333333333333,0.04396968652757641,571,0.7333333333333334,0.6333333333333333,0.6166666666666667,0.6166666666666667,0.6666666666666666,0.4768099308013916,0.02112727165222168
0.3,1,0.0129155,0.9,10,0.7033333333333334,0.07483314773547886,465,0.7333333333333334,0.6333333333333333,0.8,0.6,0.75,0.48299369812011717,0.021473169326782227
0.3,1,0.0129155,0.9,20,0.5966666666666667,0.09510228411791405,672,0.7333333333333334,0.65,0.6166666666666667,0.5166666666666667,0.4666666666666667,0.49289212226867674,0.021096467971801758
0.3,1,0.0129155,0.9,50,0.48666666666666664,0.09273618495495704,785,0.5333333333333333,0.4666666666666667,0.6166666666666667,0.3333333333333333,0.48333333333333334,0.5137770652770997,0.02281193733215332
0.3,1,0.0464159,0.1,5,0.77,0.03858612300930072,121,0.8166666666666667,0.8166666666666667,0.7333333333333334,0.7333333333333334,0.75,0.4954835414886475,0.021234941482543946
0.3,1,0.0464159,0.1,10,0.8033333333333333,0.07557189365836424,39,0.8166666666666667,0.8166666666666667,0.8166666666666667,0.9,0.6666666666666666,0.5027974128723145,0.021211957931518553
0.3,1,0.0464159,0.1,20,0.8066666666666669,0.10198039027185572,27,0.8166666666666667,0.9166666666666667,0.7166666666666667,0.9166666666666667,0.6666666666666666,0.5070496559143066,0.02100381851196289
0.3,1,0.0464159,0.1,50,0.6799999999999999,0.09030811456096043,559,0.6333333333333333,0.5666666666666667,0.7166666666666667,0.8333333333333333,0.65,0.5230427265167237,0.021087503433227538
0.3,1,0.0464159,0.3,5,0.77,0.10509255180289633,121,0.6333333333333333,0.9166666666666667,0.8166666666666667,0.8166666666666667,0.6666666666666666,0.4941368103027344,0.02115607261657715
0.3,1,0.0464159,0.3,10,0.6666666666666667,0.10327955589886448,565,0.4666666666666667,0.7333333333333334,0.7333333333333334,0.7333333333333334,0.6666666666666666,0.501033353805542,0.021214008331298828
0.3,1,0.0464159,0.3,20,0.8033333333333333,0.06944222218666554,39,0.8,0.8333333333333333,0.7166666666666667,0.9166666666666667,0.75,0.5064774990081787,0.02141270637512207
0.3,1,0.0464159,0.3,50,0.7833333333333334,0.12952906151816967,94,0.9,0.8166666666666667,0.7166666666666667,0.9166666666666667,0.5666666666666667,0.5248867988586425,0.021196794509887696
0.3,1,0.0464159,0.5,5,0.6566666666666666,0.0592546294487706,570,0.5666666666666667,0.7333333333333334,0.7,0.6166666666666667,0.6666666666666666,0.49313974380493164,0.021512794494628906
0.3,1,0.0464159,0.5,10,0.6666666666666666,0.1312334645668635,567,0.8166666666666667,0.8333333333333333,0.5333333333333333,0.6,0.55,0.49778223037719727,0.02116403579711914
0.3,1,0.0464159,0.5,20,0.62,0.10666666666666666,669,0.55,0.75,0.5333333333333333,0.5166666666666667,0.75,0.5048052787780761,0.021199655532836915
0.3,1,0.0464159,0.5,50,0.5466666666666666,0.14429907214608909,768,0.45,0.75,0.6333333333333333,0.3333333333333333,0.5666666666666667,0.522337007522583,0.02112126350402832
0.3,1,0.0464159,0.7,5,0.6533333333333333,0.04396968652757641,571,0.7333333333333334,0.6333333333333333,0.6166666666666667,0.6166666666666667,0.6666666666666666,0.47800521850585936,0.02106466293334961
0.3,1,0.0464159,0.7,10,0.7033333333333334,0.07483314773547886,465,0.7333333333333334,0.6333333333333333,0.8,0.6,0.75,0.48288559913635254,0.02156410217285156
0.3,1,0.0464159,0.7,20,0.5966666666666667,0.09510228411791405,672,0.7333333333333334,0.65,0.6166666666666667,0.5166666666666667,0.4666666666666667,0.492725133895874,0.021346569061279297
0.3,1,0.0464159,0.7,50,0.48666666666666664,0.09273618495495704,785,0.5333333333333333,0.4666666666666667,0.6166666666666667,0.3333333333333333,0.48333333333333334,0.5105522632598877,0.021211814880371094
0.3,1,0.0464159,0.9,5,0.6533333333333333,0.04396968652757641,571,0.7333333333333334,0.6333333333333333,0.6166666666666667,0.6166666666666667,0.6666666666666666,0.4822352409362793,0.02152867317199707
0.3,1,0.0464159,0.9,10,0.7033333333333334,0.07483314773547886,465,0.7333333333333334,0.6333333333333333,0.8,0.6,0.75,0.48680787086486815,0.021064043045043945
0.3,1,0.0464159,0.9,20,0.5966666666666667,0.09510228411791405,672,0.7333333333333334,0.65,0.6166666666666667,0.5166666666666667,0.4666666666666667,0.4952703952789307,0.02128124237060547
0.3,1,0.0464159,0.9,50,0.48666666666666664,0.09273618495495704,785,0.5333333333333333,0.4666666666666667,0.6166666666666667,0.3333333333333333,0.48333333333333334,0.5111835956573486,0.02109074592590332
0.3,1,0.16681,0.1,5,0.7,0.09545214042184232,499,0.7166666666666667,0.55,0.8333333333333333,0.65,0.75,0.5263479709625244,0.02115168571472168
0.3,1,0.16681,0.1,10,0.8133333333333332,0.06182412330330471,14,0.8166666666666667,0.75,0.9166666666666667,0.8333333333333333,0.75,0.5298555850982666,0.021062278747558595
0.3,1,0.16681,0.1,20,0.8033333333333333,0.09333333333333337,39,0.7166666666666667,0.9166666666666667,0.7166666666666667,0.9166666666666667,0.75,0.5365021705627442,0.021132612228393556
0.3,1,0.16681,0.1,50,0.7733333333333334,0.0866666666666667,104,0.8166666666666667,0.6666666666666666,0.7166666666666667,0.9166666666666667,0.75,0.5562776088714599,0.02109532356262207
0.3,1,0.16681,0.3,5,0.7866666666666667,0.07333333333333335,81,0.8166666666666667,0.9166666666666667,0.7166666666666667,0.7333333333333334,0.75,0.5285889625549316,0.021511125564575195
0.3,1,0.16681,0.3,10,0.7899999999999999,0.10572501018102475,73,0.7166666666666667,0.9166666666666667,0.9166666666666667,0.7333333333333334,0.6666666666666666,0.5374046802520752,0.021115541458129883
0.3,1,0.16681,0.3,20,0.8233333333333335,0.08273115763993907,7,0.8166666666666667,0.9166666666666667,0.7166666666666667,0.9166666666666667,0.75,0.5384448528289795,0.0211179256439209
0.3,1,0.16681,0.3,50,0.7533333333333334,0.10022197585581942,189,0.8166666666666667,0.65,0.7166666666666667,0.9166666666666667,0.6666666666666666,0.5567980289459229,0.022034883499145508
0.3,1,0.16681,0.5,5,0.7533333333333333,0.1082178872049862,192,0.8333333333333333,0.9166666666666667,0.7333333333333334,0.6333333333333333,0.65,0.5296104907989502,0.02110118865966797
0.3,1,0.16681,0.5,10,0.7633333333333333,0.1240071682515885,172,0.7166666666666667,0.8166666666666667,0.9166666666666667,0.8166666666666667,0.55,0.5340320110321045,0.0211545467376709
0.3,1,0.16681,0.5,20,0.8066666666666669,0.10198039027185572,27,0.8166666666666667,0.9166666666666667,0.7166666666666667,0.9166666666666667,0.6666666666666666,0.5407068252563476,0.021348094940185545
0.3,1,0.16681,0.5,50,0.8200000000000001,0.12754084313139327,11,0.8166666666666667,0.9166666666666667,0.7166666666666667,1.0,0.65,0.56135573387146,0.02101750373840332
0.3,1,0.16681,0.7,5,0.7833333333333334,0.04216370213557838,94,0.8166666666666667,0.8166666666666667,0.8166666666666667,0.7166666666666667,0.75,0.5253983497619629,0.02118511199951172
0.3,1,0.16681,0.7,10,0.7466666666666667,0.0635959467611297,247,0.8166666666666667,0.8166666666666667,0.7166666666666667,0.7333333333333334,0.65,0.5288193225860596,0.02115917205810547
0.3,1,0.16681,0.7,20,0.82,0.09854496999396321,12,0.8,0.8333333333333333,0.7166666666666667,1.0,0.75,0.5359475135803222,0.02103595733642578
0.3,1,0.16681,0.7,50,0.7633333333333333,0.14275075403575904,172,0.7166666666666667,0.8166666666666667,0.7166666666666667,1.0,0.5666666666666667,0.554804801940918,0.021024608612060548
0.3,1,0.16681,0.9,5,0.7899999999999999,0.06200358412579425,73,0.8166666666666667,0.8333333333333333,0.8166666666666667,0.8166666666666667,0.6666666666666666,0.5218832492828369,0.021205902099609375
0.3,1,0.16681,0.9,10,0.7133333333333333,0.10241527663824809,416,0.65,0.7333333333333334,0.8166666666666667,0.8166666666666667,0.55,0.528572940826416,0.02095141410827637
0.3,1,0.16681,0.9,20,0.7466666666666667,0.1403962645910179,247,0.8,0.8333333333333333,0.8166666666666667,0.8166666666666667,0.4666666666666667,0.5341219902038574,0.021336746215820313
0.3,1,0.16681,0.9,50,0.7633333333333334,0.1644519517805868,164,0.9,0.9166666666666667,0.7166666666666667,0.8166666666666667,0.4666666666666667,0.5518045902252198,0.021066045761108397
0.3,1,0.599484,0.1,5,0.6766666666666666,0.07118052168020873,560,0.7166666666666667,0.55,0.7166666666666667,0.65,0.75,0.5908965110778809,0.021082735061645506
0.3,1,0.599484,0.1,10,0.8133333333333332,0.06616477747093069,14,0.7333333333333334,0.8333333333333333,0.9166666666666667,0.8333333333333333,0.75,0.5945257663726806,0.020958852767944337
0.3,1,0.599484,0.1,20,0.7666666666666668,0.16733200530681513,146,0.8166666666666667,0.9166666666666667,0.7166666666666667,0.9166666666666667,0.4666666666666667,0.6010551452636719,0.021201562881469727
0.3,1,0.599484,0.1,50,0.7533333333333333,0.08589399151150087,192,0.7166666666666667,0.6666666666666666,0.7166666666666667,0.9166666666666667,0.75,0.6173206806182862,0.021353673934936524
0.3,1,0.599484,0.3,5,0.74,0.07859884081701062,282,0.8166666666666667,0.65,0.8333333333333333,0.65,0.75,0.608931589126587,0.02122812271118164
0.3,1,0.599484,0.3,10,0.7333333333333334,0.06992058987801007,295,0.6166666666666667,0.75,0.7166666666666667,0.8333333333333333,0.75,0.6125050544738769,0.02120075225830078
0.3,1,0.599484,0.3,20,0.7533333333333333,0.1528979325490629,192,0.9166666666666667,0.75,0.8166666666666667,0.8166666666666667,0.4666666666666667,0.6192861557006836,0.02111215591430664
0.3,1,0.599484,0.3,50,0.7166666666666667,0.11401754250991382,398,0.7166666666666667,0.5666666666666667,0.7166666666666667,0.9166666666666667,0.6666666666666666,0.6351536273956299,0.021026134490966797
0.3,1,0.599484,0.5,5,0.72,0.0858939915115008,393,0.8166666666666667,0.65,0.8333333333333333,0.65,0.65,0.6229129791259765,0.021217489242553712
0.3,1,0.599484,0.5,10,0.7266666666666667,0.06463573143221771,362,0.6166666666666667,0.8166666666666667,0.7166666666666667,0.7333333333333334,0.75,0.62730393409729,0.0210935115814209
0.3,1,0.599484,0.5,20,0.8266666666666668,0.12046207333061769,4,0.9166666666666667,0.7333333333333334,0.8166666666666667,1.0,0.6666666666666666,0.6357604503631592,0.02127351760864258
0.3,1,0.599484,0.5,50,0.7733333333333333,0.1190704739966117,108,0.9166666666666667,0.65,0.7166666666666667,0.9166666666666667,0.6666666666666666,0.650756549835205,0.021113014221191405
0.3,1,0.599484,0.7,5,0.7466666666666667,0.0635959467611297,247,0.8166666666666667,0.8166666666666667,0.7166666666666667,0.7333333333333334,0.65,0.6203462600708007,0.021162700653076173
0.3,1,0.599484,0.7,10,0.7133333333333334,0.024494897427831817,405,0.7166666666666667,0.7333333333333334,0.7166666666666667,0.7333333333333334,0.6666666666666666,0.6256411075592041,0.021387767791748048
0.3,1,0.599484,0.7,20,0.7333333333333333,0.053748384988656986,307,0.7166666666666667,0.75,0.8166666666666667,0.7333333333333334,0.65,0.6314363002777099,0.021313571929931642
0.3,1,0.599484,0.7,50,0.7699999999999999,0.1411854572303158,136,0.8166666666666667,0.75,0.7166666666666667,1.0,0.5666666666666667,0.6492459774017334,0.021245288848876952
0.3,1,0.599484,0.9,5,0.6933333333333334,0.06798692684790379,512,0.8166666666666667,0.65,0.7166666666666667,0.6333333333333333,0.65,0.6055337429046631,0.021116876602172853
0.3,1,0.599484,0.9,10,0.7866666666666667,0.07333333333333335,81,0.8166666666666667,0.9166666666666667,0.7166666666666667,0.7333333333333334,0.75,0.6094799995422363,0.021094417572021483
0.3,1,0.599484,0.9,20,0.7666666666666666,0.08563488385776753,154,0.8166666666666667,0.75,0.7166666666666667,0.9,0.65,0.6171255111694336,0.021133232116699218
0.3,1,0.599484,0.9,50,0.7666666666666666,0.1460593486680443,154,0.8166666666666667,0.75,0.7166666666666667,1.0,0.55,0.6349912166595459,0.02096109390258789
0.3,1,2.15443,0.1,5,0.6966666666666667,0.0748331477354788,504,0.7166666666666667,0.55,0.7166666666666667,0.75,0.75,0.6971319675445556,0.021323680877685547
0.3,1,2.15443,0.1,10,0.7933333333333333,0.07195677714974301,52,0.7333333333333334,0.7333333333333334,0.9166666666666667,0.8333333333333333,0.75,0.7016575813293457,0.021285390853881835
0.3,1,2.15443,0.1,20,0.7866666666666666,0.06863753427324665,88,0.8166666666666667,0.8333333333333333,0.8166666666666667,0.8166666666666667,0.65,0.7085692882537842,0.021172523498535156
0.3,1,2.15443,0.1,50,0.7766666666666667,0.08856886837057618,101,0.9166666666666667,0.6666666666666666,0.7166666666666667,0.8333333333333333,0.75,0.7270285606384277,0.021140670776367186
0.3,1,2.15443,0.3,5,0.7,0.09545214042184232,499,0.7166666666666667,0.55,0.8333333333333333,0.65,0.75,0.7795986652374267,0.021260738372802734
0.3,1,2.15443,0.3,10,0.6933333333333331,0.1123486636423514,530,0.6166666666666667,0.65,0.8166666666666667,0.8333333333333333,0.55,0.7859448909759521,0.021138811111450197
0.3,1,2.15443,0.3,20,0.7333333333333334,0.13581032524975573,295,0.8166666666666667,0.75,0.8166666666666667,0.8166666666666667,0.4666666666666667,0.7910009860992432,0.02104020118713379
0.3,1,2.15443,0.3,50,0.7533333333333333,0.1156623438193165,192,0.8166666666666667,0.5666666666666667,0.7166666666666667,0.9166666666666667,0.75,0.8100776672363281,0.02138681411743164
0.3,1,2.15443,0.5,5,0.6966666666666667,0.06531972647421808,504,0.8166666666666667,0.65,0.7166666666666667,0.65,0.65,0.8240138530731201,0.02117471694946289
0.3,1,2.15443,0.5,10,0.6933333333333334,0.09977753031397173,512,0.6166666666666667,0.75,0.7166666666666667,0.8333333333333333,0.55,0.8055590629577637,0.02123403549194336
0.3,1,2.15443,0.5,20,0.7866666666666666,0.06531972647421809,88,0.8166666666666667,0.75,0.7166666666666667,0.9,0.75,0.815700101852417,0.02137103080749512
0.3,1,2.15443,0.5,50,0.79,0.11575836902790228,59,0.8166666666666667,0.6666666666666666,0.7166666666666667,1.0,0.75,0.833137845993042,0.02110910415649414
0.3,1,2.15443,0.7,5,0.73,0.0748331477354788,328,0.8166666666666667,0.65,0.7166666666666667,0.8166666666666667,0.65,0.8285297870635986,0.02125377655029297
0.3,1,2.15443,0.7,10,0.7133333333333334,0.049888765156985884,405,0.6166666666666667,0.75,0.7166666666666667,0.7333333333333334,0.75,0.8287330150604248,0.021201372146606445
0.3,1,2.15443,0.7,20,0.8066666666666666,0.0840634680861233,33,0.9166666666666667,0.75,0.7166666666666667,0.9,0.75,0.834684419631958,0.02120060920715332
0.3,1,2.15443,0.7,50,0.7733333333333333,0.0866666666666667,108,0.8166666666666667,0.75,0.7166666666666667,0.9166666666666667,0.6666666666666666,0.8529659748077393,0.021281719207763672
0.3,1,2.15443,0.9,5,0.7466666666666666,0.0635959467611297,262,0.8166666666666667,0.7333333333333334,0.7166666666666667,0.8166666666666667,0.65,0.833314323425293,0.021242713928222655
0.3,1,2.15443,0.9,10,0.6933333333333334,0.05120763831912405,512,0.6166666666666667,0.75,0.7166666666666667,0.7333333333333334,0.65,0.8353443622589112,0.02106776237487793
0.3,1,2.15443,0.9,20,0.8100000000000002,0.10198039027185572,18,0.9166666666666667,0.75,0.8166666666666667,0.9166666666666667,0.65,0.8444688320159912,0.021096324920654295
0.3,1,2.15443,0.9,50,0.79,0.15297058540778355,59,0.9166666666666667,0.75,0.7166666666666667,1.0,0.5666666666666667,0.8621246814727783,0.021251392364501954
0.3,1,7.74264,0.1,5,0.7133333333333334,0.08589399151150082,405,0.8,0.55,0.7166666666666667,0.75,0.75,0.7637728214263916,0.02118363380432129
0.3,1,7.74264,0.1,10,0.7566666666666666,0.10519822558706336,179,0.7333333333333334,0.6333333333333333,0.9166666666666667,0.8333333333333333,0.6666666666666666,0.7685463428497314,0.021364831924438478
0.3,1,7.74264,0.1,20,0.8066666666666666,0.06960204339273703,33,0.8166666666666667,0.8333333333333333,0.7166666666666667,0.9166666666666667,0.75,0.772353982925415,0.021114253997802736
0.3,1,7.74264,0.1,50,0.79,0.07118052168020877,59,0.8166666666666667,0.75,0.7166666666666667,0.9166666666666667,0.75,0.7913355350494384,0.021156787872314453
0.3,1,7.74264,0.3,5,0.7166666666666667,0.10381607668264956,398,0.8,0.55,0.8333333333333333,0.65,0.75,0.9643257141113282,0.021342992782592773
0.3,1,7.74264,0.3,10,0.77,0.0694422221866655,121,0.8166666666666667,0.7333333333333334,0.8166666666666667,0.8333333333333333,0.65,0.9652170658111572,0.02122960090637207
0.3,1,7.74264,0.3,20,0.7733333333333332,0.11623730516108464,118,0.8166666666666667,0.75,0.8166666666666667,0.9166666666666667,0.5666666666666667,0.9702968597412109,0.02116694450378418
0.3,1,7.74264,0.3,50,0.8100000000000002,0.12675435561221032,18,0.9166666666666667,0.6666666666666666,0.7166666666666667,1.0,0.75,0.9920209407806396,0.02120528221130371
0.3,1,7.74264,0.5,5,0.7033333333333334,0.09626352718795764,465,0.7333333333333334,0.55,0.8333333333333333,0.65,0.75,1.0463085651397706,0.021105241775512696
0.3,1,7.74264,0.5,10,0.6933333333333331,0.1123486636423514,530,0.6166666666666667,0.65,0.8166666666666667,0.8333333333333333,0.55,1.0505167484283446,0.021207809448242188
0.3,1,7.74264,0.5,20,0.75,0.10327955589886442,214,0.8166666666666667,0.75,0.8166666666666667,0.8166666666666667,0.55,1.0549446582794189,0.021004104614257814
0.3,1,7.74264,0.5,50,0.7533333333333333,0.12970050972229147,192,0.6333333333333333,0.6666666666666666,0.7166666666666667,1.0,0.75,1.072662353515625,0.021075105667114256
0.3,1,7.74264,0.7,5,0.7133333333333333,0.06182412330330468,416,0.8166666666666667,0.7333333333333334,0.7166666666666667,0.65,0.65,1.1367541313171388,0.0212735652923584
0.3,1,7.74264,0.7,10,0.6933333333333331,0.1123486636423514,530,0.6166666666666667,0.65,0.8166666666666667,0.8333333333333333,0.55,1.1377660751342773,0.021427631378173828
0.3,1,7.74264,0.7,20,0.7899999999999999,0.10033277962194945,73,0.9166666666666667,0.75,0.7166666666666667,0.9,0.6666666666666666,1.142880630493164,0.021118688583374023
0.3,1,7.74264,0.7,50,0.7533333333333333,0.10666666666666669,192,0.8166666666666667,0.6666666666666666,0.6166666666666667,0.9166666666666667,0.75,1.168173599243164,0.02116880416870117
0.3,1,7.74264,0.9,5,0.6966666666666667,0.06531972647421808,504,0.8166666666666667,0.65,0.7166666666666667,0.65,0.65,1.1238175868988036,0.021307945251464844
0.3,1,7.74264,0.9,10,0.6933333333333331,0.1123486636423514,530,0.6166666666666667,0.65,0.8166666666666667,0.8333333333333333,0.55,1.1306003093719483,0.021073341369628906
0.3,1,7.74264,0.9,20,0.8099999999999999,0.09345230512584128,23,0.9166666666666667,0.75,0.8166666666666667,0.9,0.6666666666666666,1.1432369709014893,0.021332931518554688
0.3,1,7.74264,0.9,50,0.7733333333333333,0.0866666666666667,108,0.8166666666666667,0.75,0.7166666666666667,0.9166666666666667,0.6666666666666666,1.1535738468170167,0.02116870880126953
0.3,1,27.8256,0.1,5,0.6933333333333334,0.11671427600007732,512,0.8,0.7333333333333334,0.7166666666666667,0.4666666666666667,0.75,0.764794397354126,0.02130417823791504
0.3,1,27.8256,0.1,10,0.8233333333333335,0.11382247385975919,7,0.9,0.6333333333333333,0.9166666666666667,0.9166666666666667,0.75,0.7693321228027343,0.021248435974121092
0.3,1,27.8256,0.1,20,0.7699999999999999,0.11990737165736634,136,0.8166666666666667,0.8333333333333333,0.7166666666666667,0.9166666666666667,0.5666666666666667,0.7784610748291015,0.021237277984619142
0.3,1,27.8256,0.1,50,0.7700000000000001,0.07483314773547886,120,0.7166666666666667,0.75,0.7166666666666667,0.9166666666666667,0.75,0.7926568031311035,0.021350622177124023
0.3,1,27.8256,0.3,5,0.7133333333333334,0.08589399151150082,405,0.8,0.55,0.7166666666666667,0.75,0.75,0.9056132793426513,0.021145725250244142
0.3,1,27.8256,0.3,10,0.7933333333333333,0.07195677714974301,52,0.7333333333333334,0.7333333333333334,0.9166666666666667,0.8333333333333333,0.75,0.9062811374664307,0.02125072479248047
0.3,1,27.8256,0.3,20,0.8266666666666668,0.05333333333333336,4,0.8166666666666667,0.8333333333333333,0.8166666666666667,0.9166666666666667,0.75,0.9123637199401855,0.021093416213989257
0.3,1,27.8256,0.3,50,0.7766666666666667,0.08856886837057618,101,0.9166666666666667,0.6666666666666666,0.7166666666666667,0.8333333333333333,0.75,0.929345178604126,0.02091383934020996
0.3,1,27.8256,0.5,5,0.7133333333333334,0.08589399151150082,405,0.8,0.55,0.7166666666666667,0.75,0.75,1.072925615310669,0.021139907836914062
0.3,1,27.8256,0.5,10,0.74,0.14552586635295384,282,0.7333333333333334,0.7333333333333334,0.9166666666666667,0.8333333333333333,0.48333333333333334,1.077913188934326,0.021048736572265626
0.3,1,27.8256,0.5,20,0.79,0.11766241729815195,59,0.8166666666666667,0.8333333333333333,0.8166666666666667,0.9166666666666667,0.5666666666666667,1.0876724243164062,0.021159029006958006
0.3,1,27.8256,0.5,50,0.7566666666666666,0.06200358412579424,179,0.8166666666666667,0.6666666666666666,0.7166666666666667,0.8333333333333333,0.75,1.103021764755249,0.021194934844970703
0.3,1,27.8256,0.7,5,0.6933333333333334,0.08666666666666666,512,0.8,0.55,0.7166666666666667,0.65,0.75,1.1894816398620605,0.02118096351623535
0.3,1,27.8256,0.7,10,0.7499999999999999,0.09603240193925285,229,0.6166666666666667,0.8333333333333333,0.8166666666666667,0.8333333333333333,0.65,1.2005022048950196,0.02094259262084961
0.3,1,27.8256,0.7,20,0.7733333333333332,0.11623730516108464,118,0.9166666666666667,0.75,0.8166666666666667,0.8166666666666667,0.5666666666666667,1.206062126159668,0.02138214111328125
0.3,1,27.8256,0.7,50,0.7733333333333333,0.1167142760000773,108,0.7333333333333334,0.6666666666666666,0.7166666666666667,1.0,0.75,1.2174199581146241,0.021114397048950195
0.3,1,27.8256,0.9,5,0.7233333333333334,0.10984838035522715,386,0.8333333333333333,0.55,0.8333333333333333,0.65,0.75,1.2776358127593994,0.02126588821411133
0.3,1,27.8256,0.9,10,0.6733333333333332,0.09637888196533971,562,0.6166666666666667,0.65,0.7166666666666667,0.8333333333333333,0.55,1.2789891719818116,0.021364784240722655
0.3,1,27.8256,0.9,20,0.7666666666666666,0.1183215956619923,154,0.8166666666666667,0.75,0.8166666666666667,0.9,0.55,1.285160732269287,0.02114872932434082
0.3,1,27.8256,0.9,50,0.7566666666666666,0.08472176684759226,179,0.7333333333333334,0.6666666666666666,0.7166666666666667,0.9166666666666667,0.75,1.3048234462738038,0.021031522750854494
0.3,1,100.0,0.1,5,0.6933333333333334,0.11671427600007732,512,0.8,0.7333333333333334,0.7166666666666667,0.4666666666666667,0.75,0.8126846313476562,0.021248912811279295
0.3,1,100.0,0.1,10,0.8066666666666669,0.09580071908799945,27,0.9,0.7333333333333334,0.8166666666666667,0.9166666666666667,0.6666666666666666,0.8220548629760742,0.021118783950805665
0.3,1,100.0,0.1,20,0.8099999999999999,0.12849556844930926,23,0.9166666666666667,0.8333333333333333,0.8166666666666667,0.9166666666666667,0.5666666666666667,0.8298264503479004,0.021156167984008788
0.3,1,100.0,0.1,50,0.79,0.07118052168020877,59,0.8166666666666667,0.75,0.7166666666666667,0.9166666666666667,0.75,0.8404207229614258,0.021123218536376952
0.3,1,100.0,0.3,5,0.6933333333333334,0.11671427600007732,512,0.8,0.7333333333333334,0.7166666666666667,0.4666666666666667,0.75,0.8260211944580078,0.021001768112182618
0.3,1,100.0,0.3,10,0.7666666666666667,0.11879019787470312,147,0.9,0.6333333333333333,0.7166666666666667,0.9166666666666667,0.6666666666666666,0.8316464424133301,0.021089506149291993
0.3,1,100.0,0.3,20,0.7699999999999999,0.11990737165736634,136,0.8166666666666667,0.8333333333333333,0.7166666666666667,0.9166666666666667,0.5666666666666667,0.8362603187561035,0.02135601043701172
0.3,1,100.0,0.3,50,0.79,0.07118052168020877,59,0.8166666666666667,0.75,0.7166666666666667,0.9166666666666667,0.75,0.8529030323028565,0.02102208137512207
0.3,1,100.0,0.5,5,0.75,0.027888667551135858,214,0.8,0.7333333333333334,0.7166666666666667,0.75,0.75,0.86687331199646,0.02142510414123535
0.3,1,100.0,0.5,10,0.8033333333333333,0.10402991022884826,39,0.9,0.6333333333333333,0.8166666666666667,0.9166666666666667,0.75,0.8701708793640137,0.02126421928405762
0.3,1,100.0,0.5,20,0.7699999999999999,0.11990737165736634,136,0.8166666666666667,0.8333333333333333,0.7166666666666667,0.9166666666666667,0.5666666666666667,0.8779673099517822,0.021246814727783205
0.3,1,100.0,0.5,50,0.7899999999999999,0.08856886837057618,73,0.8166666666666667,0.8333333333333333,0.7166666666666667,0.9166666666666667,0.6666666666666666,0.8912787914276123,0.02128915786743164
0.3,1,100.0,0.7,5,0.75,0.027888667551135858,214,0.8,0.7333333333333334,0.7166666666666667,0.75,0.75,0.9181507587432861,0.02105422019958496
0.3,1,100.0,0.7,10,0.7566666666666666,0.10519822558706336,179,0.7333333333333334,0.6333333333333333,0.9166666666666667,0.8333333333333333,0.6666666666666666,0.9285258769989013,0.021012496948242188
0.3,1,100.0,0.7,20,0.79,0.11766241729815195,59,0.8166666666666667,0.8333333333333333,0.8166666666666667,0.9166666666666667,0.5666666666666667,0.9349569320678711,0.02118964195251465
0.3,1,100.0,0.7,50,0.79,0.07118052168020877,59,0.8166666666666667,0.75,0.7166666666666667,0.9166666666666667,0.75,0.945371150970459,0.021190071105957033
0.3,1,100.0,0.9,5,0.7133333333333334,0.08589399151150082,405,0.8,0.55,0.7166666666666667,0.75,0.75,0.9683221340179443,0.02120075225830078
0.3,1,100.0,0.9,10,0.7366666666666666,0.07916228058025278,288,0.7333333333333334,0.6333333333333333,0.8166666666666667,0.8333333333333333,0.6666666666666666,0.9730130672454834,0.021181488037109376
0.3,1,100.0,0.9,20,0.8066666666666666,0.06960204339273703,33,0.8166666666666667,0.8333333333333333,0.7166666666666667,0.9166666666666667,0.75,0.9790884017944336,0.021097278594970702
0.3,1,100.0,0.9,50,0.7933333333333333,0.1041366623454221,52,0.9166666666666667,0.6666666666666666,0.7166666666666667,0.9166666666666667,0.75,0.9955623149871826,0.021381521224975587
0.3,5,0.001,0.1,5,0.6433333333333333,0.035901098714230015,603,0.6,0.6333333333333333,0.6166666666666667,0.7,0.6666666666666666,0.46352424621582033,0.02094755172729492
0.3,5,0.001,0.1,10,0.6433333333333333,0.035901098714230015,603,0.6,0.6333333333333333,0.6166666666666667,0.7,0.6666666666666666,0.46575369834899905,0.020726966857910156
0.3,5,0.001,0.1,20,0.5766666666666667,0.15077577170531523,736,0.7,0.55,0.6166666666666667,0.7166666666666667,0.3,0.4725170135498047,0.02116694450378418
0.3,5,0.001,0.1,50,0.5833333333333334,0.0596284793999944,720,0.6166666666666667,0.65,0.6166666666666667,0.55,0.48333333333333334,0.4856854438781738,0.021412038803100587
0.3,5,0.001,0.3,5,0.6433333333333333,0.035901098714230015,603,0.6,0.6333333333333333,0.6166666666666667,0.7,0.6666666666666666,0.46314306259155275,0.02089691162109375
0.3,5,0.001,0.3,10,0.6433333333333333,0.035901098714230015,603,0.6,0.6333333333333333,0.6166666666666667,0.7,0.6666666666666666,0.4676494121551514,0.020943737030029295
0.3,5,0.001,0.3,20,0.5766666666666667,0.15077577170531523,736,0.7,0.55,0.6166666666666667,0.7166666666666667,0.3,0.4724562168121338,0.020841360092163086
0.3,5,0.001,0.3,50,0.5833333333333334,0.0596284793999944,720,0.6166666666666667,0.65,0.6166666666666667,0.55,0.48333333333333334,0.48667149543762206,0.021159029006958006
0.3,5,0.001,0.5,5,0.6433333333333333,0.035901098714230015,603,0.6,0.6333333333333333,0.6166666666666667,0.7,0.6666666666666666,0.4629171371459961,0.02098217010498047
0.3,5,0.001,0.5,10,0.6433333333333333,0.035901098714230015,603,0.6,0.6333333333333333,0.6166666666666667,0.7,0.6666666666666666,0.4647976875305176,0.020940876007080077
0.3,5,0.001,0.5,20,0.5766666666666667,0.15077577170531523,736,0.7,0.55,0.6166666666666667,0.7166666666666667,0.3,0.47277069091796875,0.020947647094726563
0.3,5,0.001,0.5,50,0.5833333333333334,0.0596284793999944,720,0.6166666666666667,0.65,0.6166666666666667,0.55,0.48333333333333334,0.4837254524230957,0.02127366065979004
0.3,5,0.001,0.7,5,0.6433333333333333,0.035901098714230015,603,0.6,0.6333333333333333,0.6166666666666667,0.7,0.6666666666666666,0.46276330947875977,0.02087850570678711
0.3,5,0.001,0.7,10,0.6433333333333333,0.035901098714230015,603,0.6,0.6333333333333333,0.6166666666666667,0.7,0.6666666666666666,0.4684974193572998,0.021022605895996093
0.3,5,0.001,0.7,20,0.5766666666666667,0.15077577170531523,736,0.7,0.55,0.6166666666666667,0.7166666666666667,0.3,0.4709451675415039,0.020982074737548827
0.3,5,0.001,0.7,50,0.5833333333333334,0.0596284793999944,720,0.6166666666666667,0.65,0.6166666666666667,0.55,0.48333333333333334,0.48302083015441893,0.021354484558105468
0.3,5,0.001,0.9,5,0.6433333333333333,0.035901098714230015,603,0.6,0.6333333333333333,0.6166666666666667,0.7,0.6666666666666666,0.46384854316711427,0.020891284942626952
0.3,5,0.001,0.9,10,0.6433333333333333,0.035901098714230015,603,0.6,0.6333333333333333,0.6166666666666667,0.7,0.6666666666666666,0.4648624897003174,0.020800304412841798
0.3,5,0.001,0.9,20,0.5766666666666667,0.15077577170531523,736,0.7,0.55,0.6166666666666667,0.7166666666666667,0.3,0.4724362850189209,0.02105555534362793
0.3,5,0.001,0.9,50,0.5833333333333334,0.0596284793999944,720,0.6166666666666667,0.65,0.6166666666666667,0.55,0.48333333333333334,0.4834660530090332,0.02126922607421875
0.3,5,0.00359381,0.1,5,0.6433333333333333,0.035901098714230015,603,0.6,0.6333333333333333,0.6166666666666667,0.7,0.6666666666666666,0.4625061511993408,0.020807313919067382
0.3,5,0.00359381,0.1,10,0.6433333333333333,0.035901098714230015,603,0.6,0.6333333333333333,0.6166666666666667,0.7,0.6666666666666666,0.46689066886901853,0.020842504501342774
0.3,5,0.00359381,0.1,20,0.5766666666666667,0.15077577170531523,736,0.7,0.55,0.6166666666666667,0.7166666666666667,0.3,0.4735291004180908,0.020920181274414064
0.3,5,0.00359381,0.1,50,0.5833333333333334,0.0596284793999944,720,0.6166666666666667,0.65,0.6166666666666667,0.55,0.48333333333333334,0.4842079639434814,0.021238040924072266
0.3,5,0.00359381,0.3,5,0.6433333333333333,0.035901098714230015,603,0.6,0.6333333333333333,0.6166666666666667,0.7,0.6666666666666666,0.4634671688079834,0.0208528995513916
0.3,5,0.00359381,0.3,10,0.6433333333333333,0.035901098714230015,603,0.6,0.6333333333333333,0.6166666666666667,0.7,0.6666666666666666,0.4660233974456787,0.020819091796875
0.3,5,0.00359381,0.3,20,0.5766666666666667,0.15077577170531523,736,0.7,0.55,0.6166666666666667,0.7166666666666667,0.3,0.4731837272644043,0.021272611618041993
0.3,5,0.00359381,0.3,50,0.5833333333333334,0.0596284793999944,720,0.6166666666666667,0.65,0.6166666666666667,0.55,0.48333333333333334,0.48474950790405275,0.021487903594970704
0.3,5,0.00359381,0.5,5,0.6433333333333333,0.035901098714230015,603,0.6,0.6333333333333333,0.6166666666666667,0.7,0.6666666666666666,0.46300320625305175,0.02071490287780762
0.3,5,0.00359381,0.5,10,0.6433333333333333,0.035901098714230015,603,0.6,0.6333333333333333,0.6166666666666667,0.7,0.6666666666666666,0.4658151626586914,0.02083587646484375
0.3,5,0.00359381,0.5,20,0.5766666666666667,0.15077577170531523,736,0.7,0.55,0.6166666666666667,0.7166666666666667,0.3,0.4732987403869629,0.021082162857055664
0.3,5,0.00359381,0.5,50,0.5833333333333334,0.0596284793999944,720,0.6166666666666667,0.65,0.6166666666666667,0.55,0.48333333333333334,0.48393754959106444,0.021427106857299805
0.3,5,0.00359381,0.7,5,0.6433333333333333,0.035901098714230015,603,0.6,0.6333333333333333,0.6166666666666667,0.7,0.6666666666666666,0.4634587287902832,0.020890045166015624
0.3,5,0.00359381,0.7,10,0.6433333333333333,0.035901098714230015,603,0.6,0.6333333333333333,0.6166666666666667,0.7,0.6666666666666666,0.46521754264831544,0.0208585262298584
0.3,5,0.00359381,0.7,20,0.5766666666666667,0.15077577170531523,736,0.7,0.55,0.6166666666666667,0.7166666666666667,0.3,0.4718735694885254,0.02100377082824707
0.3,5,0.00359381,0.7,50,0.5833333333333334,0.0596284793999944,720,0.6166666666666667,0.65,0.6166666666666667,0.55,0.48333333333333334,0.4832918643951416,0.021251201629638672
0.3,5,0.00359381,0.9,5,0.6433333333333333,0.035901098714230015,603,0.6,0.6333333333333333,0.6166666666666667,0.7,0.6666666666666666,0.463430118560791,0.020701122283935548
0.3,5,0.00359381,0.9,10,0.6433333333333333,0.035901098714230015,603,0.6,0.6333333333333333,0.6166666666666667,0.7,0.6666666666666666,0.4661223888397217,0.02094135284423828
0.3,5,0.00359381,0.9,20,0.5766666666666667,0.15077577170531523,736,0.7,0.55,0.6166666666666667,0.7166666666666667,0.3,0.4710982799530029,0.021002674102783205
0.3,5,0.00359381,0.9,50,0.5833333333333334,0.0596284793999944,720,0.6166666666666667,0.65,0.6166666666666667,0.55,0.48333333333333334,0.4848310947418213,0.021065473556518555
0.3,5,0.0129155,0.1,5,0.79,0.07498147919467996,59,0.7333333333333334,0.8333333333333333,0.7166666666666667,0.9166666666666667,0.75,0.47333779335021975,0.02090487480163574
0.3,5,0.0129155,0.1,10,0.7266666666666667,0.07644896627453145,362,0.8,0.7333333333333334,0.6166666666666667,0.8166666666666667,0.6666666666666666,0.4774772167205811,0.021036720275878905
0.3,5,0.0129155,0.1,20,0.7500000000000001,0.10903618155864085,205,0.8,0.7333333333333334,0.7166666666666667,0.9166666666666667,0.5833333333333334,0.48770484924316404,0.02081775665283203
0.3,5,0.0129155,0.1,50,0.6866666666666668,0.1872016144279863,555,0.8,0.7333333333333334,0.6166666666666667,0.9166666666666667,0.3666666666666667,0.49533700942993164,0.02103137969970703
0.3,5,0.0129155,0.3,5,0.6433333333333333,0.035901098714230015,603,0.6,0.6333333333333333,0.6166666666666667,0.7,0.6666666666666666,0.46355671882629396,0.02088193893432617
0.3,5,0.0129155,0.3,10,0.6433333333333333,0.035901098714230015,603,0.6,0.6333333333333333,0.6166666666666667,0.7,0.6666666666666666,0.46540560722351076,0.020740985870361328
0.3,5,0.0129155,0.3,20,0.5766666666666667,0.15077577170531523,736,0.7,0.55,0.6166666666666667,0.7166666666666667,0.3,0.4719593048095703,0.02104191780090332
0.3,5,0.0129155,0.3,50,0.5833333333333334,0.0596284793999944,720,0.6166666666666667,0.65,0.6166666666666667,0.55,0.48333333333333334,0.48598542213439944,0.02134099006652832
0.3,5,0.0129155,0.5,5,0.6433333333333333,0.035901098714230015,603,0.6,0.6333333333333333,0.6166666666666667,0.7,0.6666666666666666,0.4625072956085205,0.020920324325561523
0.3,5,0.0129155,0.5,10,0.6433333333333333,0.035901098714230015,603,0.6,0.6333333333333333,0.6166666666666667,0.7,0.6666666666666666,0.4652431488037109,0.02103004455566406
0.3,5,0.0129155,0.5,20,0.5766666666666667,0.15077577170531523,736,0.7,0.55,0.6166666666666667,0.7166666666666667,0.3,0.47884840965270997,0.021119213104248045
0.3,5,0.0129155,0.5,50,0.5833333333333334,0.0596284793999944,720,0.6166666666666667,0.65,0.6166666666666667,0.55,0.48333333333333334,0.48770852088928224,0.021053791046142578
0.3,5,0.0129155,0.7,5,0.6433333333333333,0.035901098714230015,603,0.6,0.6333333333333333,0.6166666666666667,0.7,0.6666666666666666,0.4625696659088135,0.02097597122192383
0.3,5,0.0129155,0.7,10,0.6433333333333333,0.035901098714230015,603,0.6,0.6333333333333333,0.6166666666666667,0.7,0.6666666666666666,0.46492514610290525,0.020910072326660156
0.3,5,0.0129155,0.7,20,0.5766666666666667,0.15077577170531523,736,0.7,0.55,0.6166666666666667,0.7166666666666667,0.3,0.4709960460662842,0.02098679542541504
0.3,5,0.0129155,0.7,50,0.5833333333333334,0.0596284793999944,720,0.6166666666666667,0.65,0.6166666666666667,0.55,0.48333333333333334,0.48453803062438966,0.0209808349609375
0.3,5,0.0129155,0.9,5,0.6433333333333333,0.035901098714230015,603,0.6,0.6333333333333333,0.6166666666666667,0.7,0.6666666666666666,0.4638513088226318,0.020885753631591796
0.3,5,0.0129155,0.9,10,0.6433333333333333,0.035901098714230015,603,0.6,0.6333333333333333,0.6166666666666667,0.7,0.6666666666666666,0.46596393585205076,0.021081829071044923
0.3,5,0.0129155,0.9,20,0.5766666666666667,0.15077577170531523,736,0.7,0.55,0.6166666666666667,0.7166666666666667,0.3,0.472109317779541,0.021155452728271483
0.3,5,0.0129155,0.9,50,0.5833333333333334,0.0596284793999944,720,0.6166666666666667,0.65,0.6166666666666667,0.55,0.48333333333333334,0.4939612865447998,0.020911407470703126
0.3,5,0.0464159,0.1,5,0.7366666666666666,0.05906681715556447,288,0.7166666666666667,0.8333333333333333,0.7333333333333334,0.75,0.65,0.48131308555603025,0.020717620849609375
0.3,5,0.0464159,0.1,10,0.7300000000000001,0.1465908895153068,319,0.7166666666666667,0.7333333333333334,0.6166666666666667,1.0,0.5833333333333334,0.4875697135925293,0.020902347564697266
0.3,5,0.0464159,0.1,20,0.7100000000000001,0.16619934483090543,424,0.7166666666666667,0.7333333333333334,0.5166666666666667,1.0,0.5833333333333334,0.49424114227294924,0.02094297409057617
0.3,5,0.0464159,0.1,50,0.7066666666666668,0.12978614889287857,443,0.7166666666666667,0.7333333333333334,0.5166666666666667,0.9166666666666667,0.65,0.5031094551086426,0.021150970458984376
0.3,5,0.0464159,0.3,5,0.7333333333333333,0.07958224257542214,307,0.6333333333333333,0.8333333333333333,0.7166666666666667,0.8166666666666667,0.6666666666666666,0.4827159881591797,0.020829105377197267
0.3,5,0.0464159,0.3,10,0.7100000000000001,0.10780641085864154,424,0.7166666666666667,0.6333333333333333,0.7166666666666667,0.9,0.5833333333333334,0.48769216537475585,0.021068716049194337
0.3,5,0.0464159,0.3,20,0.75,0.11401754250991382,214,0.8,0.75,0.7166666666666667,0.9166666666666667,0.5666666666666667,0.499302339553833,0.0209256649017334
0.3,5,0.0464159,0.3,50,0.7266666666666668,0.12587471725666138,349,0.8,0.7333333333333334,0.6166666666666667,0.9166666666666667,0.5666666666666667,0.5042625904083252,0.02180619239807129
0.3,5,0.0464159,0.5,5,0.6666666666666666,0.09603240193925285,567,0.6333333333333333,0.8333333333333333,0.6166666666666667,0.7,0.55,0.47579731941223147,0.020796918869018556
0.3,5,0.0464159,0.5,10,0.7233333333333334,0.08730533902472526,386,0.8166666666666667,0.8333333333333333,0.6166666666666667,0.7,0.65,0.4795344352722168,0.021175336837768555
0.3,5,0.0464159,0.5,20,0.7066666666666668,0.10088497300281035,443,0.8166666666666667,0.7333333333333334,0.5166666666666667,0.7166666666666667,0.75,0.48448972702026366,0.021098756790161134
0.3,5,0.0464159,0.5,50,0.6933333333333334,0.07272474743090475,512,0.7166666666666667,0.7333333333333334,0.7166666666666667,0.55,0.75,0.4980024337768555,0.02103085517883301
0.3,5,0.0464159,0.7,5,0.6433333333333333,0.035901098714230015,603,0.6,0.6333333333333333,0.6166666666666667,0.7,0.6666666666666666,0.46341757774353026,0.02084832191467285
0.3,5,0.0464159,0.7,10,0.6433333333333333,0.035901098714230015,603,0.6,0.6333333333333333,0.6166666666666667,0.7,0.6666666666666666,0.4666384220123291,0.02072911262512207
0.3,5,0.0464159,0.7,20,0.5766666666666667,0.15077577170531523,736,0.7,0.55,0.6166666666666667,0.7166666666666667,0.3,0.4733898639678955,0.021169471740722656
0.3,5,0.0464159,0.7,50,0.5833333333333334,0.0596284793999944,720,0.6166666666666667,0.65,0.6166666666666667,0.55,0.48333333333333334,0.4909794807434082,0.02093334197998047
0.3,5,0.0464159,0.9,5,0.6433333333333333,0.035901098714230015,603,0.6,0.6333333333333333,0.6166666666666667,0.7,0.6666666666666666,0.4702669620513916,0.021043682098388673
0.3,5,0.0464159,0.9,10,0.6433333333333333,0.035901098714230015,603,0.6,0.6333333333333333,0.6166666666666667,0.7,0.6666666666666666,0.46529278755187986,0.020880508422851562
0.3,5,0.0464159,0.9,20,0.5766666666666667,0.15077577170531523,736,0.7,0.55,0.6166666666666667,0.7166666666666667,0.3,0.4721379280090332,0.02082662582397461
0.3,5,0.0464159,0.9,50,0.5833333333333334,0.0596284793999944,720,0.6166666666666667,0.65,0.6166666666666667,0.55,0.48333333333333334,0.48772401809692384,0.020879650115966798
0.3,5,0.16681,0.1,5,0.7,0.07673909622147557,499,0.6166666666666667,0.65,0.7333333333333334,0.8333333333333333,0.6666666666666666,0.51148362159729,0.02086496353149414
0.3,5,0.16681,0.1,10,0.7333333333333332,0.09249624617007739,317,0.8,0.75,0.7166666666666667,0.8333333333333333,0.5666666666666667,0.5194687366485595,0.02114410400390625
0.3,5,0.16681,0.1,20,0.6900000000000001,0.14779866184930246,538,0.7166666666666667,0.7333333333333334,0.6166666666666667,0.9166666666666667,0.4666666666666667,0.5243348121643067,0.02106304168701172
0.3,5,0.16681,0.1,50,0.7433333333333333,0.16418147141366332,281,0.7166666666666667,0.8333333333333333,0.5166666666666667,1.0,0.65,0.5332398414611816,0.021146774291992188
0.3,5,0.16681,0.3,5,0.7933333333333333,0.03590109871423001,52,0.8166666666666667,0.8333333333333333,0.8166666666666667,0.75,0.75,0.5168166637420655,0.020942306518554686
0.3,5,0.16681,0.3,10,0.7666666666666666,0.14414498873626436,154,0.7166666666666667,0.8333333333333333,0.7166666666666667,1.0,0.5666666666666667,0.5202883720397949,0.020801591873168945
0.3,5,0.16681,0.3,20,0.7266666666666668,0.15003703246569197,349,0.7166666666666667,0.7333333333333334,0.6166666666666667,1.0,0.5666666666666667,0.5250578880310058,0.020949506759643556
0.3,5,0.16681,0.3,50,0.7266666666666668,0.15003703246569197,349,0.7166666666666667,0.7333333333333334,0.6166666666666667,1.0,0.5666666666666667,0.5362810134887696,0.020855093002319337
0.3,5,0.16681,0.5,5,0.7499999999999999,0.06749485577105525,229,0.7166666666666667,0.8333333333333333,0.7333333333333334,0.8166666666666667,0.65,0.517926025390625,0.02103705406188965
0.3,5,0.16681,0.5,10,0.7233333333333334,0.1108552609887726,386,0.7166666666666667,0.7333333333333334,0.7166666666666667,0.9,0.55,0.5222386837005615,0.021039962768554688
0.3,5,0.16681,0.5,20,0.73,0.1736535503684147,328,0.7166666666666667,0.8333333333333333,0.5166666666666667,1.0,0.5833333333333334,0.5279784679412842,0.020941638946533205
0.3,5,0.16681,0.5,50,0.7466666666666667,0.15613384571507158,247,0.7166666666666667,0.8333333333333333,0.6166666666666667,1.0,0.5666666666666667,0.5443892478942871,0.0214749813079834
0.3,5,0.16681,0.7,5,0.7633333333333333,0.05099019513592782,172,0.7166666666666667,0.8333333333333333,0.7166666666666667,0.8166666666666667,0.7333333333333334,0.5137753486633301,0.02101750373840332
0.3,5,0.16681,0.7,10,0.7266666666666667,0.092255683353987,362,0.7166666666666667,0.6333333333333333,0.7166666666666667,0.9,0.6666666666666666,0.5187835216522216,0.021108198165893554
0.3,5,0.16681,0.7,20,0.7066666666666668,0.19049642749639398,443,0.8,0.7333333333333334,0.5166666666666667,1.0,0.48333333333333334,0.5236472129821778,0.02103700637817383
0.3,5,0.16681,0.7,50,0.7233333333333334,0.17876116903722564,386,0.8,0.7333333333333334,0.6166666666666667,1.0,0.4666666666666667,0.5345720291137696,0.02103118896484375
0.3,5,0.16681,0.9,5,0.7333333333333333,0.04944132324730442,307,0.7166666666666667,0.75,0.7166666666666667,0.8166666666666667,0.6666666666666666,0.5119368553161621,0.020943260192871092
0.3,5,0.16681,0.9,10,0.7266666666666667,0.14552586635295384,362,0.7166666666666667,0.7333333333333334,0.8166666666666667,0.9,0.4666666666666667,0.5182817935943603,0.02122364044189453
0.3,5,0.16681,0.9,20,0.7433333333333334,0.15040685563571304,273,0.8,0.8333333333333333,0.7166666666666667,0.9,0.4666666666666667,0.5224053859710693,0.020861101150512696
0.3,5,0.16681,0.9,50,0.6866666666666666,0.1644519517805868,557,0.8,0.7333333333333334,0.7166666666666667,0.8166666666666667,0.3666666666666667,0.5380553722381591,0.020921754837036132
0.3,5,0.599484,0.1,5,0.7366666666666666,0.0678232998312527,288,0.8,0.65,0.8166666666666667,0.75,0.6666666666666666,0.5833614349365235,0.020825719833374022
0.3,5,0.599484,0.1,10,0.7866666666666666,0.08781293248212996,88,0.8,0.8333333333333333,0.7166666666666667,0.9166666666666667,0.6666666666666666,0.58570556640625,0.021008729934692383
0.3,5,0.599484,0.1,20,0.7433333333333334,0.18427033281447003,273,0.8,0.8333333333333333,0.6166666666666667,1.0,0.4666666666666667,0.5903476715087891,0.020926713943481445
0.3,5,0.599484,0.1,50,0.7466666666666667,0.13432961119739922,247,0.7166666666666667,0.8333333333333333,0.5166666666666667,0.9166666666666667,0.75,0.6009419918060303,0.021144676208496093
0.3,5,0.599484,0.3,5,0.7566666666666666,0.08069145624606802,179,0.8166666666666667,0.65,0.8166666666666667,0.8333333333333333,0.6666666666666666,0.607262134552002,0.020984888076782227
0.3,5,0.599484,0.3,10,0.7433333333333334,0.09809292646374776,273,0.7,0.75,0.6166666666666667,0.9166666666666667,0.7333333333333334,0.606123685836792,0.021045970916748046
0.3,5,0.599484,0.3,20,0.7866666666666665,0.14275075403575904,93,0.7166666666666667,0.8333333333333333,0.8166666666666667,1.0,0.5666666666666667,0.6123050212860107,0.020933818817138673
0.3,5,0.599484,0.3,50,0.7066666666666667,0.16885233522551918,454,0.7166666666666667,0.7333333333333334,0.5166666666666667,1.0,0.5666666666666667,0.6191927909851074,0.021213579177856445
0.3,5,0.599484,0.5,5,0.6966666666666665,0.090921211313239,511,0.7166666666666667,0.55,0.8166666666666667,0.75,0.65,0.6136775493621827,0.020812463760375977
0.3,5,0.599484,0.5,10,0.7266666666666668,0.12138094304022085,349,0.8,0.75,0.6166666666666667,0.9,0.5666666666666667,0.6190954685211182,0.021044301986694335
0.3,5,0.599484,0.5,20,0.75,0.16898389140848769,214,0.7166666666666667,0.8333333333333333,0.7166666666666667,1.0,0.48333333333333334,0.6236796855926514,0.020894384384155272
0.3,5,0.599484,0.5,50,0.7433333333333334,0.15260697523012795,273,0.8,0.7333333333333334,0.6166666666666667,1.0,0.5666666666666667,0.6367650032043457,0.020987892150878908
0.3,5,0.599484,0.7,5,0.7266666666666667,0.05333333333333332,362,0.7166666666666667,0.7333333333333334,0.7166666666666667,0.8166666666666667,0.65,0.6094583034515381,0.02082691192626953
0.3,5,0.599484,0.7,10,0.6933333333333334,0.09043106644167025,512,0.7166666666666667,0.75,0.6166666666666667,0.8166666666666667,0.5666666666666667,0.6194116592407226,0.021068096160888672
0.3,5,0.599484,0.7,20,0.7066666666666667,0.19793377119071362,454,0.7166666666666667,0.8333333333333333,0.5166666666666667,1.0,0.4666666666666667,0.6198214054107666,0.020875167846679688
0.3,5,0.599484,0.7,50,0.7466666666666667,0.15613384571507158,247,0.7166666666666667,0.8333333333333333,0.6166666666666667,1.0,0.5666666666666667,0.6309334754943847,0.021035385131835938
0.3,5,0.599484,0.9,5,0.69,0.08793937305515277,550,0.7166666666666667,0.55,0.7166666666666667,0.8166666666666667,0.65,0.6056568622589111,0.02149801254272461
0.3,5,0.599484,0.9,10,0.7466666666666667,0.13515423288475528,247,0.7166666666666667,0.75,0.6166666666666667,1.0,0.65,0.6012738704681396,0.02113966941833496
0.3,5,0.599484,0.9,20,0.7266666666666666,0.17657230184198702,382,0.7166666666666667,0.8333333333333333,0.5166666666666667,1.0,0.5666666666666667,0.6066748142242432,0.021016883850097656
0.3,5,0.599484,0.9,50,0.7766666666666666,0.1412641340027806,103,0.8,0.8333333333333333,0.6166666666666667,1.0,0.6333333333333333,0.6171711444854736,0.0210115909576416
0.3,5,2.15443,0.1,5,0.7333333333333333,0.0674948557710553,307,0.8,0.65,0.8166666666666667,0.7333333333333334,0.6666666666666666,0.6891747951507569,0.02140331268310547
0.3,5,2.15443,0.1,10,0.7133333333333334,0.10077477638553979,405,0.8,0.55,0.7166666666666667,0.8333333333333333,0.6666666666666666,0.6928513050079346,0.020947933197021484
0.3,5,2.15443,0.1,20,0.74,0.1565602475442317,282,0.8,0.7333333333333334,0.6166666666666667,1.0,0.55,0.6971405506134033,0.020877313613891602
0.3,5,2.15443,0.1,50,0.7266666666666667,0.13968217893171309,362,0.7166666666666667,0.8333333333333333,0.5166666666666667,0.9166666666666667,0.65,0.7098508834838867,0.021042537689208985
0.3,5,2.15443,0.3,5,0.6966666666666667,0.04136557881996952,504,0.7,0.65,0.7333333333333334,0.75,0.65,0.7786608219146729,0.020819091796875
0.3,5,2.15443,0.3,10,0.7466666666666668,0.10132456102380444,237,0.8,0.65,0.7166666666666667,0.9166666666666667,0.65,0.7752178192138672,0.02095947265625
0.3,5,2.15443,0.3,20,0.7866666666666667,0.13880441875771343,81,0.8,0.75,0.8166666666666667,1.0,0.5666666666666667,0.7800536632537842,0.020941638946533205
0.3,5,2.15443,0.3,50,0.7033333333333334,0.1765093639316497,465,0.8,0.6333333333333333,0.5166666666666667,1.0,0.5666666666666667,0.7946641921997071,0.020997381210327147
0.3,5,2.15443,0.5,5,0.7166666666666667,0.08881941729649484,398,0.8166666666666667,0.65,0.6333333333333333,0.8333333333333333,0.65,0.8031912326812745,0.020917749404907225
0.3,5,2.15443,0.5,10,0.7066666666666667,0.12000000000000002,454,0.7,0.65,0.7166666666666667,0.9166666666666667,0.55,0.795176887512207,0.020821666717529295
0.3,5,2.15443,0.5,20,0.75,0.16898389140848769,214,0.7166666666666667,0.8333333333333333,0.7166666666666667,1.0,0.48333333333333334,0.8027270793914795,0.020923852920532227
0.3,5,2.15443,0.5,50,0.7266666666666668,0.174674300087652,349,0.8166666666666667,0.7333333333333334,0.5166666666666667,1.0,0.5666666666666667,0.8178380966186524,0.021019887924194337
0.3,5,2.15443,0.7,5,0.73,0.10077477638553986,328,0.7166666666666667,0.7333333333333334,0.6333333333333333,0.9166666666666667,0.65,0.8184719085693359,0.020984506607055663
0.3,5,2.15443,0.7,10,0.7466666666666668,0.10132456102380444,237,0.8,0.65,0.7166666666666667,0.9166666666666667,0.65,0.8212110042572022,0.021195745468139647
0.3,5,2.15443,0.7,20,0.7666666666666666,0.14414498873626436,154,0.7166666666666667,0.8333333333333333,0.7166666666666667,1.0,0.5666666666666667,0.8237805366516113,0.020922183990478516
0.3,5,2.15443,0.7,50,0.7066666666666668,0.20401524997465809,443,0.8,0.7333333333333334,0.6166666666666667,1.0,0.3833333333333333,0.8347016334533691,0.021068000793457033
0.3,5,2.15443,0.9,5,0.73,0.10077477638553986,328,0.7166666666666667,0.7333333333333334,0.6333333333333333,0.9166666666666667,0.65,0.8180199146270752,0.02101750373840332
0.3,5,2.15443,0.9,10,0.7266666666666666,0.09521904571390465,382,0.8,0.75,0.7166666666666667,0.8166666666666667,0.55,0.821875810623169,0.021297979354858398
0.3,5,2.15443,0.9,20,0.7466666666666667,0.1142122779934121,247,0.7166666666666667,0.8333333333333333,0.7166666666666667,0.9,0.5666666666666667,0.8286974906921387,0.021199369430541994
0.3,5,2.15443,0.9,50,0.78,0.138001610296563,100,0.8,0.8333333333333333,0.6166666666666667,1.0,0.65,0.8392707347869873,0.021130704879760744
0.3,5,7.74264,0.1,5,0.7333333333333333,0.0674948557710553,307,0.8,0.65,0.8166666666666667,0.7333333333333334,0.6666666666666666,0.7511238098144531,0.020976448059082033
0.3,5,7.74264,0.1,10,0.73,0.09854496999396326,328,0.7166666666666667,0.6333333333333333,0.7166666666666667,0.9166666666666667,0.6666666666666666,0.7558914661407471,0.020928239822387694
0.3,5,7.74264,0.1,20,0.7266666666666666,0.13482498944104454,382,0.7166666666666667,0.8333333333333333,0.6166666666666667,0.9166666666666667,0.55,0.7596733093261718,0.02111186981201172
0.3,5,7.74264,0.1,50,0.71,0.1204620733306177,429,0.7166666666666667,0.7333333333333334,0.6166666666666667,0.9166666666666667,0.5666666666666667,0.7738929748535156,0.02100791931152344
0.3,5,7.74264,0.3,5,0.7,0.03800584750330461,499,0.7,0.65,0.7333333333333334,0.75,0.6666666666666666,0.9545773029327392,0.020841407775878906
0.3,5,7.74264,0.3,10,0.73,0.0755718936583642,328,0.8,0.65,0.7166666666666667,0.8333333333333333,0.65,0.9607775211334229,0.021177339553833007
0.3,5,7.74264,0.3,20,0.73,0.17745108872274887,328,0.7166666666666667,0.8333333333333333,0.6166666666666667,1.0,0.48333333333333334,0.9637176036834717,0.021483707427978515
0.3,5,7.74264,0.3,50,0.73,0.1736535503684147,328,0.7166666666666667,0.8333333333333333,0.5166666666666667,1.0,0.5833333333333334,0.9709681034088135,0.021184396743774415
0.3,5,7.74264,0.5,5,0.7166666666666667,0.05868938953886337,398,0.8,0.65,0.7333333333333334,0.75,0.65,1.0369428157806397,0.020922088623046876
0.3,5,7.74264,0.5,10,0.7466666666666668,0.10132456102380444,237,0.8,0.65,0.7166666666666667,0.9166666666666667,0.65,1.0403676986694337,0.021030664443969727
0.3,5,7.74264,0.5,20,0.7699999999999999,0.11990737165736634,136,0.7166666666666667,0.8333333333333333,0.8166666666666667,0.9166666666666667,0.5666666666666667,1.045361375808716,0.020938777923583986
0.3,5,7.74264,0.5,50,0.7066666666666667,0.16885233522551918,454,0.7166666666666667,0.7333333333333334,0.5166666666666667,1.0,0.5666666666666667,1.0737935543060302,0.021052217483520506
0.3,5,7.74264,0.7,5,0.72,0.06863753427324666,393,0.8166666666666667,0.75,0.6333333333333333,0.75,0.65,1.1367895603179932,0.02173781394958496
0.3,5,7.74264,0.7,10,0.7066666666666667,0.12000000000000002,454,0.7,0.65,0.7166666666666667,0.9166666666666667,0.55,1.1358001232147217,0.022330045700073242
0.3,5,7.74264,0.7,20,0.7533333333333334,0.13597385369580758,189,0.7166666666666667,0.75,0.7166666666666667,1.0,0.5833333333333334,1.142634963989258,0.02107210159301758
0.3,5,7.74264,0.7,50,0.7266666666666668,0.174674300087652,349,0.8166666666666667,0.7333333333333334,0.5166666666666667,1.0,0.5666666666666667,1.1519160747528077,0.021708011627197266
0.3,5,7.74264,0.9,5,0.7,0.07149203529842404,499,0.8166666666666667,0.65,0.6333333333333333,0.75,0.65,1.1247733116149903,0.021026992797851564
0.3,5,7.74264,0.9,10,0.6900000000000001,0.1254325848148452,538,0.6166666666666667,0.65,0.7166666666666667,0.9166666666666667,0.55,1.1225853443145752,0.021174049377441405
0.3,5,7.74264,0.9,20,0.7466666666666667,0.15613384571507158,247,0.7166666666666667,0.8333333333333333,0.6166666666666667,1.0,0.5666666666666667,1.1259838581085204,0.021125125885009765
0.3,5,7.74264,0.9,50,0.7100000000000001,0.16619934483090543,424,0.7166666666666667,0.7333333333333334,0.5166666666666667,1.0,0.5833333333333334,1.1356786251068116,0.021173810958862303
0.3,5,27.8256,0.1,5,0.7566666666666666,0.05228129047119376,179,0.8,0.75,0.8166666666666667,0.6666666666666666,0.75,0.756440258026123,0.0208890438079834
0.3,5,27.8256,0.1,10,0.7499999999999999,0.05962847939999438,229,0.8,0.7333333333333334,0.7166666666666667,0.8333333333333333,0.6666666666666666,0.7598815441131592,0.021120738983154298
0.3,5,27.8256,0.1,20,0.7100000000000001,0.16619934483090543,424,0.7166666666666667,0.7333333333333334,0.5166666666666667,1.0,0.5833333333333334,0.7659696102142334,0.021288299560546876
0.3,5,27.8256,0.1,50,0.6900000000000001,0.14087031072743628,538,0.7166666666666667,0.7333333333333334,0.5166666666666667,0.9166666666666667,0.5666666666666667,0.775722885131836,0.021357059478759766
0.3,5,27.8256,0.3,5,0.7333333333333333,0.0674948557710553,307,0.8,0.65,0.8166666666666667,0.7333333333333334,0.6666666666666666,0.8960794448852539,0.021050453186035156
0.3,5,27.8256,0.3,10,0.7466666666666666,0.10187137859957422,262,0.8,0.6333333333333333,0.7166666666666667,0.9166666666666667,0.6666666666666666,0.8992848873138428,0.02137589454650879
0.3,5,27.8256,0.3,20,0.6900000000000001,0.14779866184930246,538,0.7166666666666667,0.7333333333333334,0.6166666666666667,0.9166666666666667,0.4666666666666667,0.904722261428833,0.021146631240844725
0.3,5,27.8256,0.3,50,0.7299999999999999,0.1305543735171076,347,0.7166666666666667,0.8333333333333333,0.6166666666666667,0.9166666666666667,0.5666666666666667,0.9181650161743165,0.02110457420349121
0.3,5,27.8256,0.5,5,0.7333333333333333,0.0674948557710553,307,0.8,0.65,0.8166666666666667,0.7333333333333334,0.6666666666666666,1.0736425876617433,0.02116365432739258
0.3,5,27.8256,0.5,10,0.7133333333333333,0.12710450643291743,416,0.8,0.55,0.8166666666666667,0.8333333333333333,0.5666666666666667,1.070309829711914,0.021153783798217772
0.3,5,27.8256,0.5,20,0.76,0.12762793146051096,177,0.7166666666666667,0.7333333333333334,0.6166666666666667,1.0,0.7333333333333334,1.0770014762878417,0.021038007736206055
0.3,5,27.8256,0.5,50,0.7266666666666667,0.13968217893171309,362,0.7166666666666667,0.8333333333333333,0.5166666666666667,0.9166666666666667,0.65,1.0895615100860596,0.021077632904052734
0.3,5,27.8256,0.7,5,0.7366666666666666,0.0678232998312527,288,0.8,0.65,0.8166666666666667,0.75,0.6666666666666666,1.1874046802520752,0.021051692962646484
0.3,5,27.8256,0.7,10,0.7466666666666666,0.0644635986860457,262,0.8,0.7333333333333334,0.7166666666666667,0.8333333333333333,0.65,1.1849717140197753,0.021806049346923827
0.3,5,27.8256,0.7,20,0.7266666666666668,0.15003703246569197,349,0.7166666666666667,0.7333333333333334,0.6166666666666667,1.0,0.5666666666666667,1.188455295562744,0.021054172515869142
0.3,5,27.8256,0.7,50,0.7266666666666667,0.17016332024133624,362,0.6333333333333333,0.8333333333333333,0.5166666666666667,1.0,0.65,1.2019725799560548,0.02101898193359375
0.3,5,27.8256,0.9,5,0.7233333333333334,0.06018490028422596,386,0.8166666666666667,0.65,0.7333333333333334,0.75,0.6666666666666666,1.2668355464935304,0.02117609977722168
0.3,5,27.8256,0.9,10,0.7466666666666668,0.10132456102380444,237,0.8,0.65,0.7166666666666667,0.9166666666666667,0.65,1.2725455284118652,0.021128225326538085
0.3,5,27.8256,0.9,20,0.6933333333333334,0.14892205269125786,512,0.7166666666666667,0.75,0.6166666666666667,0.9166666666666667,0.4666666666666667,1.2784122467041015,0.020945405960083006
0.3,5,27.8256,0.9,50,0.7266666666666667,0.1565602475442317,362,0.7166666666666667,0.7333333333333334,0.5166666666666667,1.0,0.6666666666666666,1.2911588668823242,0.0213986873626709
0.3,5,100.0,0.1,5,0.7366666666666666,0.06782329983125268,288,0.8,0.75,0.8166666666666667,0.6666666666666666,0.65,0.8013634204864502,0.020934391021728515
0.3,5,100.0,0.1,10,0.7533333333333332,0.0784573486395988,203,0.8,0.65,0.8166666666666667,0.8333333333333333,0.6666666666666666,0.8076807498931885,0.02104668617248535
0.3,5,100.0,0.1,20,0.7266666666666667,0.20401524997465806,362,0.9,0.7333333333333334,0.5166666666666667,1.0,0.48333333333333334,0.8102855205535888,0.021123170852661133
0.3,5,100.0,0.1,50,0.6900000000000001,0.14087031072743628,538,0.7166666666666667,0.7333333333333334,0.5166666666666667,0.9166666666666667,0.5666666666666667,0.822824764251709,0.020951175689697267
0.3,5,100.0,0.3,5,0.7366666666666666,0.06782329983125268,288,0.8,0.75,0.8166666666666667,0.6666666666666666,0.65,0.8158714771270752,0.021035194396972656
0.3,5,100.0,0.3,10,0.77,0.06182412330330468,121,0.8,0.7333333333333334,0.8166666666666667,0.8333333333333333,0.6666666666666666,0.821363878250122,0.020949697494506835
0.3,5,100.0,0.3,20,0.7300000000000001,0.1465908895153068,319,0.7166666666666667,0.7333333333333334,0.6166666666666667,1.0,0.5833333333333334,0.824978256225586,0.020996809005737305
0.3,5,100.0,0.3,50,0.6900000000000001,0.14087031072743628,538,0.7166666666666667,0.7333333333333334,0.5166666666666667,0.9166666666666667,0.5666666666666667,0.8364802360534668,0.021051836013793946
0.3,5,100.0,0.5,5,0.7733333333333333,0.02905932629027116,108,0.8,0.75,0.8166666666666667,0.75,0.75,0.8549646377563477,0.02092008590698242
0.3,5,100.0,0.5,10,0.77,0.06182412330330468,121,0.8,0.7333333333333334,0.8166666666666667,0.8333333333333333,0.6666666666666666,0.8609618186950684,0.021222591400146484
0.3,5,100.0,0.5,20,0.7266666666666668,0.15003703246569197,349,0.7166666666666667,0.7333333333333334,0.6166666666666667,1.0,0.5666666666666667,0.868527603149414,0.021929264068603516
0.3,5,100.0,0.5,50,0.71,0.1204620733306177,429,0.7166666666666667,0.7333333333333334,0.6166666666666667,0.9166666666666667,0.5666666666666667,0.8770437717437745,0.021120214462280275
0.3,5,100.0,0.7,5,0.77,0.03231786571610885,121,0.8,0.75,0.8166666666666667,0.7333333333333334,0.75,0.9094678878784179,0.020864200592041016
0.3,5,100.0,0.7,10,0.7500000000000001,0.08628119403696527,205,0.7166666666666667,0.7333333333333334,0.7166666666666667,0.9166666666666667,0.6666666666666666,0.9157415390014648,0.021363162994384767
0.3,5,100.0,0.7,20,0.73,0.17745108872274887,328,0.7166666666666667,0.8333333333333333,0.6166666666666667,1.0,0.48333333333333334,0.9202136993408203,0.020992612838745116
0.3,5,100.0,0.7,50,0.71,0.1204620733306177,429,0.7166666666666667,0.7333333333333334,0.6166666666666667,0.9166666666666667,0.5666666666666667,0.9304781436920166,0.02115488052368164
0.3,5,100.0,0.9,5,0.7333333333333333,0.0674948557710553,307,0.8,0.65,0.8166666666666667,0.7333333333333334,0.6666666666666666,0.9588065624237061,0.020861291885375978
0.3,5,100.0,0.9,10,0.7500000000000001,0.10381607668264961,205,0.7166666666666667,0.6333333333333333,0.8166666666666667,0.9166666666666667,0.6666666666666666,0.9639467716217041,0.02110762596130371
0.3,5,100.0,0.9,20,0.6900000000000001,0.17467430008765203,538,0.7166666666666667,0.8333333333333333,0.5166666666666667,0.9166666666666667,0.4666666666666667,0.9706270694732666,0.021120643615722655
0.3,5,100.0,0.9,50,0.7266666666666667,0.13968217893171309,362,0.7166666666666667,0.8333333333333333,0.5166666666666667,0.9166666666666667,0.65,0.9799607753753662,0.021283769607543947
